dataset,method,ablation,study,expert,eta,seed,budget_frac,budget_count,ACC,NMI,ARI,zeta_t,kappa,delta_mis_proxy,sel_boundary_margin,argmax_retention,sel_time,retrain_time,total_time,error,scheme,alpha,gamma_raw,d_eff,lambda2,r_within,r_cross,r_W,p,w_B,PC,H_norm
iris,P2_Full,,main,clean,0.0,1,0.05,7,0.8466666666666667,0.6750498631643848,0.6416026620488269,-0.05623022985597398,1.0,0.18485506132510346,0.1447194367647171,1.0,0.0070764999982202426,0.0015045999971334822,0.02171259999886388,,D,0.019612287350769888,0.9728311066316953,2.9069319173837505,2.8830062405631733,0.9752517687001736,0.08909682244556713,0.33951219035495045,0.3296058149287112,2.0,0.894910073233407,0.17783073974532368
iris,P2_Full,,main,clean,0.0,1,0.1,15,0.86,0.6907358850090398,0.6642681063461342,-0.025341726604419912,1.0,0.18673511698233028,0.23889797925949097,1.0,0.007037200004560873,0.0011924000064027496,0.03334619999805,,D,0.020034474715295018,0.9748358108136078,2.9076870831261177,2.8649298842871875,0.9770104762012466,0.08641905254848226,0.339295651738759,0.3298532453462031,2.0,0.8995222255051211,0.1710593104997749
iris,P2_Full,,main,clean,0.0,1,0.15,22,0.88,0.7186593633920438,0.7015292412422846,-0.03346384048013234,1.0,0.19053776252303176,0.1496367539678301,1.0,0.006070300005376339,0.0009615000017220154,0.04339310000068508,,D,0.01642245984777645,0.9831144641357583,2.9215002205381193,2.2170320794498206,0.9843461128319941,0.07294104884430004,0.3373816093478971,0.32979546710889995,2.0,0.9137086265572073,0.15108484522868487
iris,P2_Full,,main,clean,0.0,1,0.2,30,0.8933333333333333,0.7387328272950491,0.7282217481230558,-0.04282735868507548,1.0,0.1930476053505168,0.15569104999303818,1.0,0.005630999999993946,0.0008062999986577779,0.05267019999882905,,D,0.015528941686127656,0.987019089266513,2.921400872764207,1.98770453582434,0.9878923013063892,0.0672689349618201,0.33712280586049664,0.3302165354330709,2.0,0.9220657241248387,0.1388170776699487
iris,P2_Full,,main,clean,0.0,0,0.05,7,0.8133333333333334,0.6401804206005287,0.5913142857142857,-0.042374073482237956,1.0,0.18396982615314353,0.1396063268184662,1.0,0.00717840000288561,0.001692199999524746,0.024105999997118488,,D,0.019501725465340104,0.9748726153960385,2.9137083623338307,2.866753643404995,0.9771176055977658,0.0893443642110445,0.3387066534300233,0.3288603112477868,2.0,0.8918477511420095,0.18217329816495617
iris,P2_Full,,main,clean,0.0,0,0.1,15,0.7933333333333333,0.6243719110131059,0.5664096776958334,-0.044196507694375844,1.0,0.1847036487845177,0.21297475695610046,1.0,0.006818100002419669,0.0014193999959388748,0.03582509999978356,,D,0.015943753485744745,0.9761545201606305,2.9091335784286567,2.2799567484614984,0.9782682014021125,0.08864075102368733,0.339123443712024,0.3287698217275682,2.0,0.893648712726011,0.1788545198563875
iris,P2_Full,,main,clean,0.0,0,0.15,22,0.78,0.6156436477147474,0.552063405301995,-0.05089567499073472,1.0,0.18731582443150444,0.12943610974720546,1.0,0.00600309999572346,0.0010569000005489215,0.046031799996853806,,D,0.014728422174359676,0.9834925857966105,2.9224031527822434,1.9883369935385562,0.9848064931886374,0.0795949853707043,0.3372750631194319,0.32846876727473745,2.0,0.9036354960289098,0.16535671222401216
iris,P2_Full,,main,clean,0.0,0,0.2,30,0.7533333333333333,0.6005361469775677,0.5277520568787655,-0.05942327863109639,1.0,0.18807200526069687,0.1370316669344902,1.0,0.005576600000495091,0.0009586000014678575,0.05544549999467563,,D,0.01457376560636783,0.9832640795327875,2.9189022326513565,1.8654419976150822,0.9846220461357784,0.08114083749688869,0.3374181302079976,0.328125,2.0,0.9059186980047982,0.16200448658812638
iris,P2_Full,,main,clean,0.0,2,0.05,7,0.8466666666666667,0.6735735454651065,0.6412050161871702,-0.06801151768193729,1.0,0.1833399492851945,0.13810187578201294,1.0,0.007017800002358854,0.0021506000048248097,0.023559599998407066,,D,0.020594775422866186,0.9710923799339826,2.904106076822393,3.0274319871613296,0.9738012836824275,0.0937089854598364,0.3398492174348942,0.3294194390084801,2.0,0.8902184841731434,0.1845004076371696
iris,P2_Full,,main,clean,0.0,2,0.1,15,0.86,0.6890518004413542,0.6638956080488512,-0.03461116999969804,1.0,0.18477040757118512,0.24442460387945175,1.0,0.0067632999998750165,0.0017492999977548607,0.035627800003567245,,D,0.021296871494755718,0.9712550297285993,2.9030827950023004,3.0454526237500676,0.9739587305247395,0.09405822203372032,0.33984494351464667,0.3290653008962868,2.0,0.8932222937678213,0.1796299345111493
iris,P2_Full,,main,clean,0.0,2,0.15,22,0.8866666666666667,0.7268647333702032,0.7144558758616006,-0.038440001307943776,1.0,0.18851756247470436,0.1551613211631775,1.0,0.005936900000961032,0.0011367000042810105,0.0458440000002156,,D,0.017932398695378333,0.9788360765492766,2.917929489706575,2.420873823876075,0.9805589829072713,0.0814077012708037,0.3378036024645403,0.32880044223327803,2.0,0.9074285242076242,0.1597461200329206
iris,P2_Full,,main,clean,0.0,2,0.2,30,0.8933333333333333,0.7387328272950491,0.7282217481230558,-0.036884048653413465,1.0,0.19100057798603037,0.17026108503341675,1.0,0.005559299999731593,0.0009397000030730851,0.05538350000279024,,D,0.017194557704357884,0.9814675787224624,2.9174422212669002,2.200903386157809,0.9828830936572207,0.07638046392103041,0.3375909289905697,0.3296013779527559,2.0,0.9154885822307897,0.1477979427453726
iris,P2_Full,,main,clean,0.0,3,0.05,7,0.8333333333333334,0.5814349949419173,0.5832046093379579,-0.03763068942494132,1.0,0.18024164191710457,0.2560766935348511,1.0,0.007282099999429192,0.002078900004562456,0.024839499994413927,,D,0.02191914828762025,0.9689386452676615,2.8894621023906,3.2221147982801766,0.9720546161360001,0.10031664411258,0.34160630725494034,0.33053769452986675,2.0,0.8818724451177639,0.19509503951782875
iris,P2_Full,,main,clean,0.0,3,0.1,15,0.7933333333333333,0.5288543903716003,0.5210957808438312,-0.03745785877541944,1.0,0.18152435148220097,0.15415078401565552,1.0,0.006667200002993923,0.001954399995156564,0.038432599998486694,,D,0.021712565242867105,0.9764767889796269,2.8493986038055277,3.104896829729996,0.9788847034037095,0.10236333900151394,0.3463804835350951,0.33162612035851474,2.0,0.8836578262973497,0.1930887408744483
iris,P2_Full,,main,clean,0.0,3,0.15,22,0.74,0.4814852256008992,0.4527279499384304,-0.04425824864851977,1.0,0.1816309207772019,0.17458870581218175,0.8571428571428571,0.00604350000503473,0.0018641999995452352,0.051703400000405964,,D,0.02982564604139468,0.9691058255807755,2.7202464216995157,4.026462215588282,0.9721259442569935,0.0977568986060563,0.36289445406928456,0.35699281370923164,2.0,0.8860799982356502,0.19442849176675903
iris,P2_Full,,main,clean,0.0,3,0.2,30,0.88,0.7144576477818988,0.7008666982225341,-0.027690429328811328,1.0,0.17715555266808272,0.17694073170423508,1.0,0.006291400000918657,0.0032348000022466294,0.06502519999776268,,D,0.05463347594180261,0.9693857809882142,2.5373657030292756,6.993084920550734,0.9729085377442913,0.1150693001419022,0.38933873704702854,0.38521161417322836,2.0,0.8710718918005472,0.22209777784202553
iris,P2_Full,,main,clean,0.0,4,0.05,7,0.8133333333333334,0.5580156625922519,0.5591733965582675,-0.04938621753069124,1.0,0.18425138907443725,0.13184598088264465,1.0,0.0065707000030670315,0.0011492999983602203,0.011838200000056531,,D,0.020522857003474587,0.9742994864787351,2.8967725815550605,3.0168599795107642,0.9765408398305797,0.08721045009431906,0.3407269225276219,0.33212188985183116,2.0,0.8935264104913216,0.181174323069934
iris,P2_Full,,main,clean,0.0,4,0.1,15,0.7933333333333333,0.5014714901152115,0.5078295304185586,-0.04603265902697504,1.0,0.183431444526943,0.23510022461414337,1.0,0.00681320000148844,0.0013828999944962561,0.023620499996468425,,D,0.024155662319691976,0.974664478338086,2.91101170681355,3.4542597117159524,0.97700660889358,0.09244453643971803,0.3389001043072637,0.32886831478380774,2.0,0.8896152990833347,0.18817481993352136
iris,P2_Full,,main,clean,0.0,4,0.15,22,0.78,0.4737414815963933,0.4774361296621913,-0.046259712173311394,1.0,0.182667169504723,0.15164229273796082,0.8571428571428571,0.006167300001834519,0.0011642000026768073,0.03422549999959301,,D,0.025893041470773252,0.9796363702880247,2.91077389429374,3.495560598554389,0.9815123726522513,0.09212514619254575,0.33865237532142395,0.3286898839137645,2.0,0.8883834478787226,0.1937287856680226
iris,P2_Full,,main,clean,0.0,4,0.2,30,0.7333333333333333,0.5917628596963764,0.513604387353714,-0.04758854271918867,1.0,0.18038423583066754,0.14546042680740356,1.0,0.005669699996360578,0.0010601999965729192,0.044652500000665896,,D,0.031208500414402728,0.9861700978362274,2.89344817731193,3.994688053043549,0.9875449442072032,0.09941114222609514,0.3404557119626498,0.328371062992126,2.0,0.8808388420009676,0.20754876808184963
iris,P2_Full,,main,clean,0.0,6,0.05,7,0.8266666666666667,0.5815340990399189,0.5773075476284566,-0.044331607014739344,1.0,0.18111930902847012,0.15208781510591507,0.75,0.00665350000053877,0.0015824000001884997,0.012850200000684708,,D,0.021687148133875154,0.9664171826527183,2.897801530432723,3.188010775679648,0.9698004912859931,0.10074522927269194,0.3406035054558104,0.3288603112477868,2.0,0.8842255464656148,0.19217386544906526
iris,P2_Full,,main,clean,0.0,6,0.1,15,0.7733333333333333,0.5357666271459878,0.5006346524226906,-0.03731628765428614,1.0,0.1811138582567545,0.1500837802886963,1.0,0.006672899995464832,0.0019347999987076037,0.025396199998795055,,D,0.02083687699846386,0.9783693817927597,2.851643569906035,2.979673410780332,0.9805438539143094,0.1005275069217347,0.3461022502831513,0.3318231064709938,2.0,0.8818635325999757,0.19586355391209298
iris,P2_Full,,main,clean,0.0,6,0.15,22,0.7933333333333333,0.6291537199142112,0.5688030944446925,-0.030162143297473083,1.0,0.18196285196516077,0.17923685482570104,1.0,0.006034500001987908,0.0015386000013677403,0.036951699999917764,,D,0.028130548272930662,0.9772524209583512,2.6711015091255708,3.7976240168456394,0.9794825940839926,0.09804002094280939,0.369708560248152,0.3585406301824212,2.0,0.8866917235911258,0.1949406070738544
iris,P2_Full,,main,clean,0.0,6,0.2,30,0.76,0.6082865771083239,0.536149169031212,-0.040315469884203294,1.0,0.1837631970164203,0.18483084440231323,0.875,0.005956199995125644,0.0018617999958223663,0.04910150000068825,,D,0.01489412159727914,0.9753971841239742,2.8646123302785234,1.90644756445173,0.9777384255935069,0.09516152465352733,0.34396207917306976,0.3325541338582677,2.0,0.892870397835128,0.1792702461730384
iris,P2_Full,,main,clean,0.0,5,0.05,7,0.8333333333333334,0.5869166245696172,0.5958238324638083,-0.049810678622791905,1.0,0.18360193568290167,0.1412937343120575,1.0,0.010622599998896476,0.0014104999936535023,0.016314600004989188,,D,0.02203074529648199,0.9741475888403829,2.915274830007548,3.2385195585828526,0.9764584726510988,0.08938755447018319,0.3385209754800265,0.3290466871680179,2.0,0.8916001998225511,0.18403528915292872
iris,P2_Full,,main,clean,0.0,5,0.1,15,0.8266666666666667,0.5449125296020432,0.5675951312982345,-0.049004559622983924,1.0,0.1837837939262053,0.20453877747058868,0.875,0.006928599999810103,0.0016823000041767955,0.02908210000168765,,D,0.02390107545146895,0.9727915987743194,2.9130973766575203,3.41785378956006,0.9753083231847582,0.09249806299031188,0.3386524223899834,0.32886831478380774,2.0,0.8905248207992501,0.18508519494000658
iris,P2_Full,,main,clean,0.0,5,0.15,22,0.7933333333333333,0.5151055291984941,0.5191060926840744,-0.035009796795023605,1.0,0.1833350928870451,0.15526923963001796,1.0,0.006041499997081701,0.0016535999966436066,0.040841500005626585,,D,0.026863114458618463,0.980612642925474,2.8791008122073576,3.6265204519134926,0.9824481597602519,0.09467596989739535,0.34245999842376523,0.3306799336650083,2.0,0.8914086298195034,0.18567311982766288
iris,P2_Full,,main,clean,0.0,5,0.2,30,0.9,0.7449573670061777,0.7416919230031858,-0.029494198510051584,1.0,0.17926939440252532,0.18186839297413826,0.875,0.0059999000004609115,0.0018693000019993633,0.05247620000591269,,D,0.04493432232761871,0.9689157030938255,2.7512223226396597,5.751593257935195,0.9723746586343025,0.11127662146959967,0.35846279660416946,0.3490403543307087,2.0,0.8777722175806537,0.211443781384435
iris,P2_Full,,main,clean,0.0,7,0.05,7,0.8533333333333334,0.6806461729990796,0.6522271369579056,-0.02974864081706351,1.0,0.18392534636382504,0.14315156638622284,1.0,0.00707430000329623,0.0014649000004283153,0.012746600004902575,,D,0.020255901895505652,0.9724405460027885,2.9149102433648912,2.9776175786393306,0.9749298878786117,0.09032624071852371,0.33856417317195925,0.3288603112477868,2.0,0.8920624053743677,0.18215079353196492
iris,P2_Full,,main,clean,0.0,7,0.1,15,0.8666666666666667,0.6967858730970384,0.6757362582358094,-0.03689252497621663,1.0,0.1856810608599667,0.23488616198301315,1.0,0.008596800005761907,0.00136900000507012,0.025937600003089756,,D,0.020792432414268012,0.975797750859013,2.9158331442684298,2.9733178352403256,0.9779218020047522,0.08776255187548236,0.33832807588220043,0.32886831478380774,2.0,0.8961419149562897,0.1759749219010086
iris,P2_Full,,main,clean,0.0,7,0.15,22,0.88,0.7186593633920438,0.7015292412422846,-0.04028472581922576,1.0,0.18955265315755102,0.1479777353150504,1.0,0.006314500002190471,0.0010943999950541183,0.03689250000024913,,D,0.01741818708937662,0.9826765360358972,2.9287671970834337,2.3514552570658434,0.9839828204257389,0.07540549583781464,0.33652596762509457,0.3286898839137645,2.0,0.9106368278410548,0.15568967961400937
iris,P2_Full,,main,clean,0.0,7,0.2,30,0.8933333333333333,0.7387328272950491,0.7282217481230558,-0.03815140162421192,1.0,0.19224423339080562,0.17530515789985657,1.0,0.006248099998629186,0.0009559000027365983,0.04734129999997094,,D,0.016929508292711483,0.980960217379919,2.9226872108442334,2.16697706146707,0.9823329633288892,0.07209882467472611,0.3369709652709609,0.3302165354330709,2.0,0.9193619867212014,0.14264650923459218
iris,P2_Full,,main,clean,0.0,8,0.05,7,0.58,0.5895674488004073,0.432804702527474,-0.036441405319398275,1.0,0.1832165545426498,0.13814114034175873,1.0,0.006950700000743382,0.005933400003414135,0.018190499999036547,,D,0.020912263852924346,0.9708395448028952,2.8984927569093157,3.074102786379879,0.9736146944340252,0.09516825482907429,0.34052064563553286,0.3298853788090579,2.0,0.8892486436299906,0.18638473442329867
iris,P2_Full,,main,clean,0.0,8,0.1,15,0.8133333333333334,0.6412741266574404,0.5917675070941648,-0.028695700780598934,1.0,0.18453883811981964,0.16628195345401764,1.0,0.006831099999544676,0.0022402000031434,0.031146799999987707,,D,0.040283960182705025,0.9803334723383831,2.0758771660092243,5.760606306126818,0.9818639180080821,0.07781982137528273,0.47807424085080075,0.4820250172362848,2.0,0.8926830945747226,0.1880812938513429
iris,P2_Full,,main,clean,0.0,8,0.15,22,0.7933333333333333,0.6257831488068794,0.5671304879291026,-0.038581456684810424,1.0,0.1822230781086267,0.2075476050376892,1.0,0.006257300003198907,0.001458800004911609,0.042165499995462596,,D,0.021038508125381626,0.9688582264069604,2.8822047340780763,2.8401985969265193,0.9721100811153134,0.10442098612777122,0.34208315750675405,0.32935323383084575,2.0,0.887982295780729,0.18602753462274918
iris,P2_Full,,main,clean,0.0,8,0.2,30,0.7666666666666667,0.6083404722426906,0.5396081627109436,-0.03874553595848436,1.0,0.18427665882601682,0.1981484442949295,1.0,0.005856600000697654,0.0010930999997071922,0.05218179999792483,,D,0.017568985129961856,0.9782220446116865,2.885032522334386,2.2488300966351176,0.9803280061843218,0.09670152845318979,0.34147179160270286,0.32923228346456695,2.0,0.8941866337137628,0.17838785305095858
iris,P2_Full,,main,clean,0.0,10,0.05,7,0.8333333333333334,0.6607920793426151,0.62055617805847,-0.06720099677651727,1.0,0.18393417274607168,0.14491623640060425,1.0,0.007032500005152542,0.0013581999955931678,0.012346000003162771,,D,0.02043805418292688,0.9717959197491027,2.912298928863493,3.004393964890251,0.9743388353651781,0.09016126721573912,0.33887388837388494,0.3296058149287112,2.0,0.8920907492677141,0.182103009175701
iris,P2_Full,,main,clean,0.0,10,0.1,15,0.86,0.6933208584680062,0.6648253082377061,-0.040085281397245466,1.0,0.18629980538911176,0.2435235157608986,1.0,0.006899599997268524,0.0011815999969257973,0.023651800001971424,,D,0.021184721810292913,0.9728674206046788,2.9086952796250887,3.0294152188718866,0.9752606338546967,0.08820441341565233,0.339175605934721,0.3298532453462031,2.0,0.8980514704926924,0.17359853027813651
iris,P2_Full,,main,clean,0.0,10,0.15,22,0.8666666666666667,0.7081288291800827,0.6778813673827861,-0.041893671386866574,1.0,0.19040232369898472,0.17228241477693831,1.0,0.0066764000002876855,0.0008805000034044497,0.03429560000222409,,D,0.018005869639386083,0.9802146783207345,2.9188817975812116,2.430792401317121,0.981684542438411,0.074290635325726,0.33769095665402343,0.3306799336650083,2.0,0.9132662745340447,0.15235379692923237
iris,P2_Full,,main,clean,0.0,10,0.2,30,0.8866666666666667,0.7419116631817836,0.7163421126838476,-0.039774821327602475,1.0,0.19319524223129414,0.19057904928922653,0.875,0.005842300000949763,0.0007983000032254495,0.04434120000223629,,D,0.01741794342224178,0.9838219827171022,2.9100890826780854,2.229496758046948,0.9849223463317316,0.0680159747259369,0.33846384096819976,0.33267716535433073,2.0,0.9223252803236244,0.13878480929687428
iris,P2_Full,,main,clean,0.0,9,0.05,7,0.8,0.5449944220320313,0.5388415225610196,-0.037884812610818254,1.0,0.18120731665835502,0.14155523478984833,1.0,0.007954400003654882,0.0014668000003439374,0.013721600000280887,,D,0.022386164290466196,0.9721223742820068,2.904268334406061,3.2907661506985306,0.9747927053103358,0.09578760599420513,0.3398298478520362,0.3288603112477868,2.0,0.8840011659979423,0.19496922565827324
iris,P2_Full,,main,clean,0.0,9,0.1,15,0.7533333333333333,0.4658285908895379,0.45190567302684276,-0.043966871657610485,1.0,0.1814182850492771,0.20100366324186325,1.0,0.007131899998057634,0.0011585999964154325,0.025448200001847,,D,0.019808767610040016,0.975599693625201,2.89656192466272,2.8326537682357222,0.9779280628795552,0.09542377126702817,0.34062587155732754,0.32867132867132864,2.0,0.883878288184168,0.19606923243472338
iris,P2_Full,,main,clean,0.0,9,0.15,22,0.8066666666666666,0.5170028894704214,0.5323395822073033,-0.05082502764249347,1.0,0.18013444501128537,0.14194404227393015,1.0,0.006177299997943919,0.0010760000004665926,0.03709010000602575,,D,0.024599160165683292,0.9821378914544049,2.884554382838383,3.3208866223672446,0.9839088426929778,0.09914569906752155,0.3417984306997003,0.3286898839137645,2.0,0.8806285553231177,0.2038196414713797
iris,P2_Full,,main,clean,0.0,9,0.2,30,0.8866666666666667,0.7352943572511146,0.7155592175135396,-0.04236803566451447,1.0,0.17939000622775228,0.17894822359085083,0.875,0.0058715999984997325,0.0021569000018644147,0.048676400001568254,,D,0.037684268042158686,0.9658743942998972,2.8172328073460005,4.823586309396312,0.9699109541961098,0.11828536998540488,0.349879171393612,0.3342765748031496,2.0,0.8788966754461114,0.20557089854210736
iris,P2_Full,,main,clean,0.0,11,0.05,7,0.8133333333333334,0.5732440594533704,0.5674005959010385,-0.04380866033727625,1.0,0.18424939562741,0.15390053391456604,1.0,0.0070548000003327616,0.001292100001592189,0.01252540000132285,,D,0.021303819457969823,0.9718500199498454,2.879244885063001,3.1316614603215642,0.9743520040338023,0.08888049225964328,0.3428428282750079,0.3340788370142578,2.0,0.8935581030839346,0.1811351827653472
iris,P2_Full,,main,clean,0.0,11,0.1,15,0.7733333333333333,0.49652590663930063,0.4856096029126701,-0.04270317886285084,1.0,0.18294667776388346,0.20619158446788788,1.0,0.006658399994194042,0.001345900003798306,0.02444219999597408,,D,0.024156902448083127,0.9703872554127723,2.9077005288914526,3.4544370500758874,0.9732257393017318,0.09585345527830048,0.3392940502058107,0.32886831478380774,2.0,0.8876121762744945,0.18977088319899182
iris,P2_Full,,main,clean,0.0,11,0.15,22,0.7333333333333333,0.4874863377345102,0.445654430197838,-0.03920767173973088,1.0,0.18112613471140587,0.17562422156333923,0.8571428571428571,0.006104699998104479,0.001724800000374671,0.036013099997944664,,D,0.028030068343350156,0.969865521613959,2.8381538091441563,3.784059226352271,0.9731426532470143,0.108750235895018,0.3475084511214461,0.33178551686014374,2.0,0.8848607891158244,0.1941369099030629
iris,P2_Full,,main,clean,0.0,11,0.2,30,0.8866666666666667,0.7303731197671405,0.7149297829556379,-0.038015924954133876,1.0,0.18201863901859713,0.1557748094201088,1.0,0.006210299994563684,0.0015506000054301694,0.04794549999496667,,D,0.038085646433112304,0.9813513637562068,2.6513851331217317,4.874962743438375,0.9832589711202397,0.10229205712926102,0.37225711011423207,0.359744094488189,2.0,0.8854004625552337,0.20011972833108843
iris,P2_Full,,main,clean,0.0,13,0.05,7,0.8266666666666667,0.6550256828579779,0.6109364906166366,-0.04319730654527661,1.0,0.18313353104895022,0.13814236223697662,1.0,0.006984599996940233,0.0018462000007275492,0.01292950000060955,,D,0.020542977482600876,0.971384418197801,2.9063757348119053,3.019817689942329,0.9740527121181757,0.09324618799711602,0.3395784722986672,0.3291398751281334,2.0,0.8895432682923164,0.1856187658239794
iris,P2_Full,,main,clean,0.0,13,0.1,15,0.86,0.6968857120628441,0.665565373391185,-0.039824563152120254,1.0,0.18544490388190893,0.24418771266937256,1.0,0.007368500002485234,0.0016246999948634766,0.025383500003954396,,D,0.021328012169422185,0.969554553035981,2.9012668487005495,3.0499057402273726,0.9723669030233951,0.09237341763245271,0.340062065398097,0.3298532453462031,2.0,0.8954241828296821,0.17713607169347362
iris,P2_Full,,main,clean,0.0,13,0.15,22,0.8666666666666667,0.7081288291800827,0.6778813673827861,-0.03297059579747688,1.0,0.1894369538594545,0.19212400913238525,1.0,0.006391099996108096,0.0010219000032520853,0.035823500002152286,,D,0.018250288194459643,0.9782643643642602,2.91074693051632,2.4637889062520517,0.9799342237786263,0.07682588364797051,0.33865558156700726,0.33178551686014374,2.0,0.910348369739226,0.1562676896067123
iris,P2_Full,,main,clean,0.0,13,0.2,30,0.88,0.7346249737691952,0.703743816882739,-0.040203393354973846,1.0,0.1927856236235399,0.17147084698081017,0.875,0.005816800003231037,0.0008414000039920211,0.046682400003192015,,D,0.01608715238073883,0.984011799936737,2.90596281104729,2.05915550473457,0.9851137307429539,0.06892150472577899,0.3389556174174392,0.33267716535433073,2.0,0.9210074320564068,0.14001860753088088
iris,P2_Full,,main,clean,0.0,12,0.05,7,0.84,0.5837870549705113,0.5973257641256532,-0.025043511899817877,1.0,0.18184467243820682,0.2689753621816635,0.75,0.0071116999970399775,0.0017224000039277598,0.013397599999734666,,D,0.021702843761074904,0.9673806694668632,2.90419731497819,3.190318032878011,0.9705630436851429,0.09756099117505969,0.3398383255665766,0.3291398751281334,2.0,0.8866485146679883,0.18936900014410848
iris,P2_Full,,main,clean,0.0,12,0.1,15,0.8066666666666666,0.5305889635691265,0.5378246045784306,-0.032408552731125764,1.0,0.18313727229949156,0.13726823031902313,1.0,0.006817999994382262,0.0018386999945505522,0.026404799995361827,,D,0.0207001782962002,0.9819228757431198,2.8827508160246973,2.9601254963566284,0.9835826408198769,0.09181576965293366,0.3422915313912419,0.33083817590859843,2.0,0.8884291870529519,0.1872880404189086
iris,P2_Full,,main,clean,0.0,12,0.15,22,0.7666666666666667,0.4843035175458635,0.47750449910017995,-0.03480302789588836,1.0,0.18214811673072565,0.17041835614613124,1.0,0.006303299996943679,0.001767399997333996,0.038459199997305404,,D,0.02875599436133163,0.965615191867001,2.7847071361367006,3.88205923877977,0.9691182007359562,0.10187664434263494,0.35432138526339985,0.3457158651188502,2.0,0.8878998967613961,0.19131796047178984
iris,P2_Full,,main,clean,0.0,12,0.2,30,0.8866666666666667,0.7352943572511146,0.7155592175135396,-0.0385367752723723,1.0,0.17788237507626092,0.14931517094373703,1.0,0.0061924999972688965,0.001770799994119443,0.05025000000023283,,D,0.0543860304100804,0.9779611151693621,2.639467450401035,6.9614118924902915,0.9805876827999451,0.11917879015963802,0.37397347231055295,0.359621062992126,2.0,0.8733224832459242,0.221814285920767
iris,P2_Full,,main,clean,0.0,14,0.05,7,0.8266666666666667,0.5739979266102389,0.5710590418587337,-0.03254433684273355,1.0,0.1800777084889068,0.24211721122264862,1.0,0.0068432999978540465,0.001820899997255765,0.013342699996428564,,D,0.022377578395355435,0.9706034026587697,2.8865783748127356,3.289504024117249,0.9735288766624023,0.09951743630987026,0.3419544187410251,0.33128319821079116,2.0,0.8809738473886417,0.1966474295985624
iris,P2_Full,,main,clean,0.0,14,0.1,15,0.76,0.5215197936402862,0.48112683264232337,-0.04279314318741683,1.0,0.18183650918742633,0.1368587650358677,0.875,0.006637500002398156,0.0019467999954940751,0.02579400000104215,,D,0.021982319353163696,0.9782607186289287,2.85211313118613,3.1434716675024084,0.9804525360598396,0.10082290180151054,0.3460441098877189,0.33162612035851474,2.0,0.8841100410456963,0.1932421998215531
iris,P2_Full,,main,clean,0.0,14,0.15,22,0.7866666666666666,0.6216228635100164,0.5599780683897095,-0.029993333969943137,1.0,0.18208568635332492,0.18296980006354197,1.0,0.005951900006039068,0.0015869999988353811,0.03757159999804571,,D,0.031134265617185512,0.9788629983195191,2.638654297916524,4.203125858320044,0.9809222820611037,0.09742553710852438,0.37434658923022035,0.36451077943615257,2.0,0.8869591663827214,0.1950546420573103
iris,P2_Full,,main,clean,0.0,14,0.2,30,0.76,0.6051918781720853,0.53409442535381,-0.03006537931169674,1.0,0.18496036385882447,0.2097610905766487,1.0,0.006059100000129547,0.002142599994840566,0.049475199994049035,,D,0.017503794701258475,0.9759566372945614,2.8905450820453535,2.2404857217610847,0.9782216005554348,0.09420326468564708,0.34080555407028756,0.3298474409448819,2.0,0.8963738207417441,0.17483996040971694
iris,P2_Full,,main,clean,0.0,15,0.05,7,0.8066666666666666,0.5369540334577616,0.5410363751734109,-0.04642852206902,1.0,0.18199235914331677,0.13410727679729462,1.0,0.006993999995756894,0.00179980000393698,0.01328769999963697,,D,0.02119586867645491,0.9721046259086594,2.9062109760320447,3.1157926954388717,0.9747319137257676,0.09418363806505975,0.3395981119669594,0.3291398751281334,2.0,0.8863902439613757,0.1910491001511115
iris,P2_Full,,main,clean,0.0,15,0.1,15,0.76,0.4577042971166294,0.45042904720061616,-0.03925184633520046,1.0,0.18203842462814188,0.18690644949674606,1.0,0.006497299997135997,0.0016486000022268854,0.02482159999635769,,D,0.02450674895191332,0.9742532561579355,2.903381694216709,3.5044651001236047,0.9767019768339876,0.09510797524817415,0.33980923194737706,0.32926228700876586,2.0,0.8858289777967415,0.1941198037085838
iris,P2_Full,,main,clean,0.0,15,0.15,22,0.7133333333333334,0.4018156914284954,0.37753966668976224,-0.03610036980217982,1.0,0.18129756060489324,0.18159470387867518,1.0,0.0060464999987743795,0.0012126000001444481,0.035787599998002406,,D,0.02567861689649305,0.9789422566010849,2.887842745950848,3.4666132810265617,0.9809211568698766,0.09397494457519298,0.3414007298982113,0.33178551686014374,2.0,0.8840316814166308,0.2005047569731754
iris,P2_Full,,main,clean,0.0,15,0.2,30,0.8933333333333333,0.7387328272950491,0.7282217481230558,-0.043585639143655985,1.0,0.174782892752307,0.13729360699653625,1.0,0.006401800004823599,0.0015013999945949763,0.04741519999515731,,D,0.03280623819442638,0.9814010987672948,2.8415227688199574,4.1991984888865765,0.9835954582365001,0.11798328523550869,0.3468210184806004,0.3293553149606299,2.0,0.864060699493211,0.22964159880943422
iris,P2_Full,,main,clean,0.0,18,0.05,7,0.8133333333333334,0.6426583176523605,0.5923326221845838,-0.05313183006858539,1.0,0.18340523458092803,0.14734597504138947,1.0,0.006787199999962468,0.001427000002877321,0.012473900002078153,,D,0.022741058353699654,0.9720199242650437,2.901995539281201,3.342935577993849,0.974601225187129,0.09225496551677949,0.3401013612643454,0.3299785667691734,2.0,0.8897681557003322,0.18674371106763438
iris,P2_Full,,main,clean,0.0,18,0.1,15,0.7866666666666666,0.6216228635100164,0.5599780683897095,-0.03488584234156089,1.0,0.1811485599787099,0.19839075580239296,0.875,0.0065604000046732835,0.0012968999944860116,0.023540100002719555,,D,0.020538854369737777,0.971929784819109,2.8853548679482577,2.9370561748725024,0.9746723961401527,0.09770538997901203,0.3419762553312082,0.33034571062740076,2.0,0.8826927375810434,0.19540465779530236
iris,P2_Full,,main,clean,0.0,18,0.15,22,0.7666666666666667,0.6083404722426906,0.5396081627109436,-0.038841164317318676,1.0,0.18258691261550752,0.17722885949271067,1.0,0.006044599998858757,0.0009835999953793362,0.03356490000442136,,D,0.017931223447904807,0.9798679661470844,2.8874009819270516,2.420715165467149,0.9816981811927921,0.09091058852171845,0.3414541049949082,0.3304588170259812,2.0,0.8891045622581082,0.18725879844047943
iris,P2_Full,,main,clean,0.0,18,0.2,30,0.74,0.5962740029600561,0.519360704217904,-0.042424574519012825,1.0,0.18301758132099252,0.1220623105764389,1.0,0.0055148999963421375,0.0008893999984138645,0.042895700004009996,,D,0.01674556862770912,0.9829664610761845,2.881149465172951,2.1434327843467673,0.98452976977588,0.09177826796226045,0.34194262095586486,0.33009350393700787,2.0,0.8903942003913511,0.18505099366541908
iris,P2_Full,,main,clean,0.0,16,0.05,7,0.82,0.5599265307059716,0.5649259683492104,-0.036674337123008764,1.0,0.18314093046273938,0.19875426590442657,1.0,0.0069667999996454455,0.0024388000019825995,0.014261299998906907,,D,0.022329984233686425,0.9703136018926418,2.8909326801397457,3.2825076823519046,0.9731395985756871,0.09519500051253396,0.3414290526656953,0.3302581306495201,2.0,0.8902645296450123,0.18434572693673365
iris,P2_Full,,main,clean,0.0,16,0.1,15,0.82,0.5294559815708695,0.5496322704596721,-0.04325246699511908,1.0,0.1838741913084122,0.1675807312130928,1.0,0.01072579999890877,0.0024637000024085864,0.03217259999655653,,D,0.024869778258905764,0.9714068149286682,2.898390237233204,3.556378291023524,0.9741283358964864,0.09518075586992764,0.3404065615433508,0.3298532453462031,2.0,0.8909205985169035,0.18353725344551605
iris,P2_Full,,main,clean,0.0,16,0.15,22,0.7933333333333333,0.5130448319379441,0.5171131764518812,-0.031378525903186676,1.0,0.18104376480076473,0.19005239009857178,1.0,0.006047700000635814,0.0015815000006114133,0.04372989999683341,,D,0.03095749114934939,0.9769331163653882,2.8913610662814078,4.179261305162168,0.9792720545331071,0.10139809975064472,0.3409762193571196,0.32935323383084575,2.0,0.8843183036726368,0.1956249542012689
iris,P2_Full,,main,clean,0.0,16,0.2,30,0.9,0.751823353981513,0.7424064303816005,-0.02435871697936721,1.0,0.17834330257689493,0.2138793244957924,0.875,0.005586599996604491,0.0017191000006278045,0.05443679999734741,,D,0.048401702879886724,0.9705025704595032,2.7451531223931744,6.195417968625501,0.9739391029312618,0.11650277754001101,0.3592727228169143,0.3473179133858268,2.0,0.8748301211119784,0.21508623610669445
iris,P2_Full,,main,clean,0.0,17,0.05,7,0.8133333333333334,0.5580642795651518,0.557674707659001,-0.03861541161265971,1.0,0.18226217184685586,0.145708367228508,1.0,0.007164700000430457,0.0015082000027177855,0.01444719999562949,,D,0.02148808651022503,0.9706679281403536,2.900498253953152,3.1587487170030792,0.9734616459273762,0.09524447507119413,0.34028046296058734,0.3296058149287112,2.0,0.8876842724267214,0.18773764215431418
iris,P2_Full,,main,clean,0.0,17,0.1,15,0.8133333333333334,0.5206628132347684,0.5385855586912666,-0.03655266902104681,1.0,0.18234088486504466,0.1996285244822502,1.0,0.010769999993499368,0.002580399996077176,0.031872899999143556,,D,0.024159251442295398,0.9698819249101667,2.898776623554007,3.4547729562482417,0.9728554548443041,0.0987290829599268,0.3403602490858026,0.32926228700876586,2.0,0.8863589823007453,0.1892397969408991
iris,P2_Full,,main,clean,0.0,17,0.15,22,0.7933333333333333,0.5140809922618231,0.5169771729717426,-0.03890829516642573,1.0,0.18155338249012154,0.14747001443590438,1.0,0.005965499993180856,0.0017245000053662807,0.043375499997637235,,D,0.028995421562085944,0.9790887264609581,2.880836416469592,3.9143819108816023,0.9811728540852183,0.09966526526320763,0.3422491821135954,0.3301271420674406,2.0,0.8859519122250704,0.19316212031373511
iris,P2_Full,,main,clean,0.0,17,0.2,30,0.8933333333333333,0.7356125873882284,0.7278450047294432,-0.03713827654813525,1.0,0.1789697925200498,0.17103087157011032,1.0,0.005554199997277465,0.0016603000040049665,0.054260799995972775,,D,0.043762845349302665,0.9694471405688466,2.7694803688681495,5.601644204710741,0.9728116727549747,0.11012167923953559,0.35604768851013463,0.3473179133858268,2.0,0.8768574634216744,0.2123663807052813
iris,P2_Full,,main,clean,0.0,19,0.05,7,0.8133333333333334,0.5792518531864155,0.5647540617293481,-0.013573519502862794,1.0,0.18096114790205606,0.148755244910717,0.75,0.006870000004710164,0.002206600001954939,0.013782699999865144,,D,0.021545793078911114,0.9692505986962937,2.9006998594224966,3.1672315825999338,0.9722604881111504,0.0978844883881984,0.34025633662376703,0.3291398751281334,2.0,0.8835848566223001,0.19437842898456226
iris,P2_Full,,main,clean,0.0,19,0.1,15,0.7733333333333333,0.5558778290803323,0.5137551226453718,-0.03258104430553929,1.0,0.1815912294478628,0.14410041272640228,1.0,0.006693499999528285,0.0019758999987971038,0.025986200002080295,,D,0.01967603208801017,0.9770932340232418,2.8354199903865323,2.8136725885854545,0.9793406599797126,0.09811188356973613,0.3481228567396089,0.3349748842706589,2.0,0.8834155036365212,0.19400027878864345
iris,P2_Full,,main,clean,0.0,19,0.15,22,0.72,0.5200482434612208,0.4581549915503455,-0.04515503045818126,1.0,0.1835834906382867,0.18000801971980504,1.0,0.005928099999437109,0.001469299997552298,0.03983480000169948,,D,0.024390384387825984,0.9775362683213826,2.654482948575362,3.292701892356508,0.9795440470910498,0.0893786837553056,0.37206986500106526,0.3641791044776119,2.0,0.8917408273129733,0.18591880475619804
iris,P2_Full,,main,clean,0.0,19,0.2,30,0.86,0.7015527750702963,0.6664858716814338,-0.04433777754025478,1.0,0.18125429985941097,0.16171986609697342,1.0,0.005835500000102911,0.0032031999944592826,0.05255059999763034,,D,0.03848647594611977,0.9798570733385918,2.4795323231986184,4.926268921103331,0.9819505092600682,0.10392908422226221,0.3986034503121267,0.390378937007874,2.0,0.8835620438913376,0.19949547575997056
iris,P2_Full,,main,clean,0.0,20,0.05,7,0.8266666666666667,0.6550256828579779,0.6109364906166366,-0.05422994664261083,1.0,0.18383057361434738,0.14045748114585876,1.0,0.006202099997608457,0.0013277000034577213,0.011481800000183284,,D,0.02055610928388744,0.9715371152979233,2.908821662171395,3.0217480647314536,0.9741515759633917,0.09185508400972772,0.3392871731742732,0.3291398751281334,2.0,0.8917253708648599,0.18246044232695974
iris,P2_Full,,main,clean,0.0,20,0.1,15,0.86,0.6968857120628441,0.665565373391185,-0.031106573093946766,1.0,0.1860018672913011,0.2049526646733284,1.0,0.006537000001117121,0.0012836999958381057,0.022971999998844694,,D,0.01762628893095167,0.9713925462565266,2.8973857773673073,2.520559317126089,0.9739634142217211,0.08986706710243085,0.3405270143987875,0.3302472175711612,2.0,0.8971860612111592,0.17421261516755626
iris,P2_Full,,main,clean,0.0,20,0.15,22,0.8666666666666667,0.7081288291800827,0.6778813673827861,-0.04699100085898355,1.0,0.18947535568972035,0.1629470075879778,1.0,0.006659999999101274,0.0012335000064922497,0.03426200000103563,,D,0.016577719841811302,0.9773335748006223,2.905714340740147,2.237992178644526,0.9790903336209084,0.07750489125802888,0.3392550456069291,0.33233830845771145,2.0,0.9104637994604171,0.1552703067889787
iris,P2_Full,,main,clean,0.0,20,0.2,30,0.8866666666666667,0.7419116631817836,0.7163421126838476,-0.028648677385236996,1.0,0.19199227669102203,0.1805766187608242,0.875,0.006148100001155399,0.001039800001308322,0.04460899999685353,,D,0.01665791738816634,0.9843870768439498,2.9096644194162224,2.1322134256852916,0.9854965004429824,0.07105803237125868,0.33851438870936135,0.33181594488188976,2.0,0.9185991221020435,0.14346279971472348
iris,P2_Full,,main,clean,0.0,21,0.05,7,0.8266666666666667,0.5827056432697582,0.5778807306025459,-0.036734913130863245,1.0,0.18104142111706997,0.1315915584564209,1.0,0.006626499998674262,0.001467000001866836,0.012084800000593532,,D,0.020237300691356114,0.9705164596404393,2.8971947485206444,2.974883201629349,0.9733856745783371,0.097315821061748,0.3406762751882913,0.3294194390084801,2.0,0.8840657192075149,0.1939793342537131
iris,P2_Full,,main,clean,0.0,21,0.1,15,0.8133333333333334,0.5348281685571266,0.5330269897396622,-0.030400849218704958,1.0,0.1817867172212385,0.18490830808877945,1.0,0.007019500000751577,0.0014389999996637926,0.024356199995963834,,D,0.021735487274188645,0.9726108469725083,2.8981866526327704,3.1081746802089762,0.9752646946393829,0.09689411221335796,0.3404309682626771,0.3295577661774845,2.0,0.8846359899508457,0.19410961434847948
iris,P2_Full,,main,clean,0.0,21,0.15,22,0.7666666666666667,0.4553805309911998,0.44549866138017213,-0.044379179963748176,1.0,0.17844762098963732,0.1783638937132699,1.0,0.006458299998485018,0.0011890999958268367,0.036213200000929646,,D,0.021193305550077417,0.9752008270811069,2.8576796427090487,2.8610962492604513,0.9778499445567314,0.1068228155950405,0.345083019225141,0.3306799336650083,2.0,0.8758500997897962,0.2079089059776068
iris,P2_Full,,main,clean,0.0,21,0.2,30,0.7533333333333333,0.6023662384150944,0.5290583444858908,-0.043633829533146255,1.0,0.17075258133409166,0.18685907125473022,1.0,0.005967600001895335,0.0018699000065680593,0.047522000000753906,,D,0.029579600150352763,0.9742807118696698,2.7865598675312153,3.7861888192451536,0.9778213935495028,0.1376663950374867,0.3538171244609779,0.32861712598425197,2.0,0.8519799977081631,0.24234868387890893
iris,P2_Full,,main,clean,0.0,22,0.05,7,0.82,0.5743347729792476,0.5728963024334366,-0.05067212251609401,1.0,0.18310253187129083,0.13999749720096588,1.0,0.006666400004178286,0.0013605999993160367,0.012023299997963477,,D,0.021128504921932762,0.9726773504149565,2.913267214091961,3.105890223524116,0.9751710319842443,0.09126792632339797,0.33875898004367316,0.3288603112477868,2.0,0.8902948739867724,0.18597732153283436
iris,P2_Full,,main,clean,0.0,22,0.1,15,0.7866666666666666,0.6195992198288597,0.5588789115646259,-0.032629447563337716,1.0,0.1839397425858893,0.1935507208108902,1.0,0.0072539999964646995,0.0012937999999849126,0.024312599998665974,,D,0.02248853406978021,0.9756620791471882,2.9162033904927007,3.2158603719785703,0.9778532492249653,0.09003111198481875,0.33828422706806976,0.32867132867132864,2.0,0.8914014348024519,0.18531833087427266
iris,P2_Full,,main,clean,0.0,22,0.15,22,0.7733333333333333,0.6110029082487279,0.5450938775510205,-0.050327014412791374,1.0,0.1866346099360964,0.14905322449547903,1.0,0.006442199999582954,0.0012101000029360875,0.03540639999846462,,D,0.018123455214949083,0.9842757212585711,2.9196703334945937,2.446666454018126,0.985549084054717,0.08098068070943676,0.3375977385806703,0.32846876727473745,2.0,0.9014443380561734,0.1702746160735239
iris,P2_Full,,main,clean,0.0,22,0.2,30,0.74,0.5942284096544548,0.5177599921638091,-0.04513329934763834,1.0,0.18728238065805772,0.11602820456027985,1.0,0.006087999994633719,0.001007200000458397,0.045691199993598275,,D,0.01667332865024241,0.9882460880734187,2.9146031441174847,2.1341860672310284,0.9891905327639304,0.08035152010759533,0.33792744191601237,0.328371062992126,2.0,0.903359459912144,0.16744478729867085
iris,P2_Full,,main,clean,0.0,23,0.05,7,0.78,0.5293220406027405,0.5137053243128987,-0.04302716822076936,1.0,0.17985490369393778,0.17444712668657303,0.75,0.007275299998582341,0.00420999999914784,0.016232900001341477,,D,0.04901631563953589,0.9837603240283895,2.101735911241466,7.205398399011775,0.985347323391315,0.097723585476694,0.4722067403013565,0.46416922933556987,2.0,0.879685746099204,0.20612557854949093
iris,P2_Full,,main,clean,0.0,23,0.1,15,0.8133333333333334,0.5332319626161788,0.5399284603759635,-0.03325381374326264,1.0,0.1814017366786415,0.19605858996510506,0.875,0.006787800004531164,0.0017397999981767498,0.028602499995031394,,D,0.022633775674935585,0.9706089306517317,2.894712938922085,3.2366299215157888,0.9734890133177152,0.09799176177825022,0.3408479431130593,0.3298532453462031,2.0,0.883811748456895,0.1958441083232585
iris,P2_Full,,main,clean,0.0,23,0.15,22,0.7866666666666666,0.486246634180786,0.48775935275239407,-0.04061683197445636,1.0,0.17951454726726468,0.14381029776164464,1.0,0.006241800001589581,0.0014920000030542724,0.03998529999807943,,D,0.02168640681917521,0.9789275905138725,2.8595559926957708,2.9276649205886534,0.9810484907470933,0.10064820706037879,0.34485168990965576,0.33178551686014374,2.0,0.879171986928826,0.20237198461004607
iris,P2_Full,,main,clean,0.0,23,0.2,30,0.88,0.7277351910916086,0.7028455614106202,-0.03038921557375795,1.0,0.1756773396538165,0.20992955565452576,1.0,0.0058180999985779636,0.0014187999986461364,0.05113809999602381,,D,0.02528020764522078,0.9725778323214167,2.8275163667592795,3.2358665785882597,0.9759076580551423,0.12142824640103853,0.348578037932985,0.328740157480315,2.0,0.8676746404514597,0.21895457137926874
iris,P2_Full,,main,clean,0.0,24,0.05,7,0.8266666666666667,0.5962194089839224,0.5922902198425094,-0.05904931381093143,1.0,0.18372371017530062,0.13867707550525665,1.0,0.0068578999998862855,0.001286699996853713,0.01225700000213692,,D,0.01970553290634356,0.9752632637755148,2.9095636766028536,2.8967133372325033,0.977444144695625,0.08816364860420006,0.3391988993648371,0.3294194390084801,2.0,0.8923317195168363,0.1824936727244796
iris,P2_Full,,main,clean,0.0,24,0.1,15,0.78,0.6152170261835382,0.5518147720362261,-0.03628918576669198,1.0,0.18520894720071715,0.2381892278790474,1.0,0.006610500000533648,0.0013228999960119836,0.02391910000005737,,D,0.021781589347476354,0.9759935245688675,2.9174290836444725,3.1147672766891183,0.9780758398162225,0.08673973209138613,0.3381391458029393,0.3291637939525264,2.0,0.8953265657203042,0.17872293359445496
iris,P2_Full,,main,clean,0.0,24,0.15,22,0.76,0.6034887518047177,0.5329306122448979,-0.05442090690119477,1.0,0.18712148238052392,0.15212930951799666,1.0,0.006594999998924322,0.00106969999615103,0.0350862000050256,,D,0.01714174588413784,0.987367266528241,2.922612045175497,2.314135694358608,0.9883283142933543,0.07607599473714816,0.33725042314243053,0.3291321171918187,2.0,0.9029364963595787,0.16882098525555236
iris,P2_Full,,main,clean,0.0,24,0.2,30,0.7333333333333333,0.5917628596963764,0.513604387353714,-0.04602387861733237,1.0,0.18776528487375832,0.10368915647268295,1.0,0.006002900001476519,0.000945500003581401,0.045944000004965346,,D,0.016630525045189207,0.9924545563755315,2.9213920773288367,2.1287072057842185,0.9930172816974598,0.07457816265482142,0.3371238445424562,0.32886318897637795,2.0,0.9045966554244317,0.166799234380839
iris,P2_Full,,main,clean,0.0,26,0.05,7,0.8333333333333334,0.6189010547195583,0.5993662364287952,-0.04000686278562318,1.0,0.18153696214239312,0.14610713720321655,0.75,0.006629299998166971,0.0013797999999951571,0.012219899996125605,,D,0.020713392786372718,0.9696576475466724,2.9026595906855817,3.0448687395967893,0.972597621409731,0.09689340559802623,0.3400219881664427,0.3288603112477868,2.0,0.8854486143545492,0.19066912087987772
iris,P2_Full,,main,clean,0.0,26,0.1,15,0.78,0.5595919216605831,0.520420457519205,-0.03436267291558208,1.0,0.1818241521576131,0.15172303467988968,1.0,0.0067746999993687496,0.0013824999987264164,0.024314399997820146,,D,0.01834792600230594,0.9798890780007768,2.858600111993571,2.6237534183297493,0.9818102154850542,0.09552707152618681,0.34524285599662996,0.33221707869595196,2.0,0.8842976505133875,0.19161497344869882
iris,P2_Full,,main,clean,0.0,26,0.15,22,0.72,0.5200482434612208,0.4581549915503455,-0.0505102980711888,1.0,0.1829599731513561,0.16464505876813615,1.0,0.006378199999744538,0.0014634999970439821,0.036121699995419476,,D,0.023044277326384966,0.9733560416729652,2.691942217831305,3.1109774390619704,0.9757666572564788,0.09047512963070578,0.3667885436018106,0.3603095632946379,2.0,0.8902772670895335,0.18670117956287696
iris,P2_Full,,main,clean,0.0,26,0.2,30,0.8733333333333333,0.7206021232401235,0.6906098592632469,-0.031112026630710575,1.0,0.18338246984965734,0.15863242745399475,1.0,0.005856700001459103,0.0016744000022299588,0.047445199998037424,,D,0.03322194134710725,0.9757990062334821,2.533189052697269,4.252408492429728,0.977879484526766,0.08596664721108367,0.3899936501787873,0.390378937007874,2.0,0.8899069123701382,0.19261923865220668
iris,P2_Full,,main,clean,0.0,25,0.05,7,0.8133333333333334,0.5507506447905753,0.5549480144286484,-0.05160828317950617,1.0,0.18276455422779353,0.14042404294013977,1.0,0.009936499998730142,0.0014550999985658564,0.01774269999441458,,D,0.021486516580052517,0.9711537557938049,2.912061417244147,3.15851793726772,0.973839685014963,0.09311192132878178,0.3389020860202013,0.3288603112477868,2.0,0.8887057370393139,0.18778117524766738
iris,P2_Full,,main,clean,0.0,25,0.1,15,0.7666666666666667,0.4684845605214473,0.4622605731156793,-0.045254836388412045,1.0,0.18318117615206367,0.1880037561058998,1.0,0.006929199997102842,0.001413599995430559,0.029767899999569636,,D,0.02368460478358476,0.9745953853562489,2.914056662285164,3.3868984840526206,0.9769404906698704,0.09231021003494772,0.3385386222918431,0.32867132867132864,2.0,0.88929117446279,0.18848365233075504
iris,P2_Full,,main,clean,0.0,25,0.15,22,0.7133333333333334,0.4020519471250525,0.376756935082496,-0.03351404999397802,1.0,0.18133770089951362,0.1641816794872284,0.8571428571428571,0.006720899997162633,0.001123600006394554,0.041164099995512515,,D,0.026359246506371656,0.9767249283488072,2.8980827488368277,3.5584982783601737,0.9790036084060896,0.09790217153490731,0.3401680658575272,0.32846876727473745,2.0,0.8843339979378788,0.19983182625110463
iris,P2_Full,,main,clean,0.0,25,0.2,30,0.8866666666666667,0.7352943572511146,0.7155592175135396,-0.03115836003628053,1.0,0.17556827284160126,0.15192291885614395,1.0,0.005866899999091402,0.0012640999993891455,0.05193639999924926,,D,0.038062745723186464,0.981869828172975,2.8571228580107215,4.872031452567867,0.9839918663846117,0.1170445725436314,0.34488435896525127,0.328371062992126,2.0,0.865782266089623,0.23002474281830151
iris,P2_Full,,main,clean,0.0,27,0.05,7,0.8066666666666666,0.635180813172581,0.5828577799714192,-0.06436897679455597,1.0,0.1835965490487942,0.1395915150642395,1.0,0.0069587999969371594,0.0015864999950281344,0.01272649999737041,,D,0.020759729077197333,0.9712419932821535,2.898727124429512,3.0516801743480078,0.9739120494461994,0.09284566174013767,0.3404925601232421,0.3302581306495201,2.0,0.8904971056061546,0.1840999007308438
iris,P2_Full,,main,clean,0.0,27,0.1,15,0.78,0.6156436477147474,0.552063405301995,-0.036727888643380655,1.0,0.18490907014062394,0.23344742506742477,1.0,0.006700799996906426,0.0013001999977859668,0.024765099995420314,,D,0.02120177008396274,0.9754864230197334,2.899600253365245,3.031853122006672,0.9777001948013948,0.09030798660854099,0.3402615696015138,0.3298532453462031,2.0,0.8940950949699961,0.17948469748356957
iris,P2_Full,,main,clean,0.0,27,0.15,22,0.76,0.6042424494301821,0.5334485795361884,-0.03681309914913706,1.0,0.18810024961247251,0.1433121051107134,1.0,0.006191100001160521,0.0009902000019792467,0.03591739999683341,,D,0.018277777885903918,0.984214203512975,2.911393931813118,2.4675000145970287,0.9854499786336529,0.07828398913502511,0.33857866343996124,0.32979546710889995,2.0,0.9058836485838437,0.1642250707142758
iris,P2_Full,,main,clean,0.0,27,0.2,30,0.7333333333333333,0.592256034562935,0.5140089370168629,-0.031075849811553004,1.0,0.18992942458849757,0.1520422399044037,1.0,0.006248400000913534,0.0010141999955521896,0.04664059999777237,,D,0.018056002270228518,0.9879838659711032,2.907639562009078,2.3111682905892503,0.9888882184946547,0.07526152099973739,0.3387556108799765,0.3302165354330709,2.0,0.9111942906241874,0.1572901803891207
iris,P2_Full,,main,clean,0.0,28,0.05,7,0.8533333333333334,0.6806461729990796,0.6522271369579056,-0.04369838085704933,1.0,0.18261056489918337,0.14557702094316483,0.75,0.0066573000003700145,0.0014248999941628426,0.01225700000213692,,D,0.020300155963414276,0.9702270577836584,2.9069009607758973,2.9841229266218985,0.9730537098022438,0.09494029841074811,0.3395158788800992,0.3287671232876712,2.0,0.8874557157484256,0.1883190730567787
iris,P2_Full,,main,clean,0.0,28,0.1,15,0.86,0.6890518004413542,0.6638956080488512,-0.03489899951293038,1.0,0.1843257426267618,0.23794209212064743,1.0,0.00681579999945825,0.0012215000024298206,0.023832400001992937,,D,0.02088548936169356,0.9730189089155672,2.9096232234087682,2.9866249787221792,0.9755067658416705,0.09220742475973032,0.3390651893323595,0.32886831478380774,2.0,0.8920863660759384,0.1809768561783593
iris,P2_Full,,main,clean,0.0,28,0.15,22,0.8733333333333333,0.7060205214031219,0.6882069564720807,-0.04103434412948043,1.0,0.18871650928673506,0.1516000202723912,1.0,0.006162899997434579,0.001079600006050896,0.034168999998655636,,D,0.01778438401252601,0.9777810874000854,2.9231382266402126,2.400891841691011,0.9795811048272436,0.08101284970917608,0.3371883728270125,0.32846876727473745,2.0,0.9081444722308515,0.15860587828970846
iris,P2_Full,,main,clean,0.0,28,0.2,30,0.8933333333333333,0.7356125873882284,0.7278450047294432,-0.04241066340422381,1.0,0.1909977617595744,0.16247588396072388,1.0,0.005810999995446764,0.0008362000007764436,0.04383399999642279,,D,0.01677820409967251,0.9815941578944577,2.92779465655492,2.1476101247580814,0.9829932539405247,0.07601369380679958,0.33636939404559707,0.328371062992126,2.0,0.9154646759884559,0.14769907309403854
iris,P2_Full,,main,clean,0.0,0,0.05,7,0.8066666666666666,0.6346631359390216,0.5826262395398415,-0.06276003158530287,1.0,0.18396982615314353,0.11620128154754639,1.0,0.007016199997451622,0.0015147999947657809,0.012589300000399817,,E,0.019501725465340104,0.9748726153960385,2.9137083623338307,2.866753643404995,0.9771176055977658,0.0893443642110445,0.3387066534300233,0.3288603112477868,2.5102011901388495,0.8918477511420095,0.18217329816495617
iris,P2_Full,,main,clean,0.0,0,0.1,15,0.78,0.6152170261835382,0.5518147720362261,-0.05203918709981652,1.0,0.18437641335036198,0.1669938787817955,1.0,0.006457000003138091,0.0013002999985474162,0.023579799999424722,,E,0.019947830441401665,0.9768353171721105,2.91472207276164,2.852539753120438,0.9788882013460654,0.08862129428697667,0.33845972861707924,0.32886831478380774,2.5101826894279724,0.8924958912302028,0.1821476986541943
iris,P2_Full,,main,clean,0.0,0,0.15,22,0.7533333333333333,0.6001736861189073,0.5274899292702139,-0.05097861527442211,1.0,0.18548003050113626,0.11851509128298078,1.0,0.0061414000010699965,0.0010124000036739744,0.03391900000133319,,E,0.017348284329138583,0.9853523370976077,2.9184356578426693,2.342018384433709,0.9865590113590955,0.08237998577170631,0.33774372011164144,0.32846876727473745,2.5111073712554695,0.8979751384165957,0.1760395280366899
iris,P2_Full,,main,clean,0.0,0,0.2,30,0.72,0.5871810239097801,0.5061714285714286,-0.06113771943746244,1.0,0.18525428840854066,0.0967852845788002,1.0,0.006038699997588992,0.0009319999953731894,0.04413449999992736,,E,0.01936409598345766,0.9896523335422341,2.9151050845498605,2.4786042858825805,0.9905215664266618,0.08400279309112066,0.3378678997286325,0.328125,2.511904761904762,0.8966939020424441,0.1793365272527285
iris,P2_Full,,main,clean,0.0,29,0.05,7,0.8066666666666666,0.5616465127593134,0.5472467505617489,-0.0403817257022851,1.0,0.18233629790131234,0.12955917418003082,1.0,0.007052899993141182,0.002673399998457171,0.013889499998185784,,D,0.0420032337266922,0.9804518927799009,2.1337834867294228,6.174475357823754,0.982093029970011,0.08395376450681258,0.4650117342508786,0.4649147330164943,2.0,0.8871147591870533,0.19494873572335833
iris,P2_Full,,main,clean,0.0,29,0.1,15,0.8266666666666667,0.5541509842715532,0.5713240791911837,-0.042382506760400784,1.0,0.18174902851797772,0.19143128395080566,1.0,0.006562000002304558,0.0012277999994694255,0.02566819999628933,,D,0.021464066137592927,0.9700288471408239,2.900110849153451,3.0693614576757886,0.9729863019868007,0.09867671290032905,0.34020042301831815,0.3287698217275682,2.0,0.8847854421189348,0.19407390728399704
iris,P2_Full,,main,clean,0.0,29,0.15,22,0.7666666666666667,0.4896760294019601,0.4808362369337979,-0.031025566230243225,1.0,0.18231914567719926,0.1727941972868783,1.0,0.0061671000003116205,0.0016747000045143068,0.03760099999635713,,D,0.026970965518235412,0.9716741603668008,2.82524645456548,3.6410803449617806,0.97460833160974,0.10358638193729958,0.34913016392173624,0.33543394140409066,2.0,0.8882460627174752,0.18914115062152137
iris,P2_Full,,main,clean,0.0,29,0.2,30,0.8733333333333333,0.7060205214031219,0.6882069564720807,-0.027925121129023907,1.0,0.1811318884740454,0.15903227031230927,1.0,0.006206500002008397,0.0017152000000351109,0.0498613999952795,,D,0.04389533426966086,0.9764066980814597,2.6602261347902187,5.61860278651659,0.978885188257502,0.1050505853144119,0.37099378145429573,0.36158956692913385,2.0,0.8834578776289027,0.20380626194286577
iris,P2_Full,,main,clean,0.0,1,0.05,7,0.84,0.6669659159546624,0.6306467921328158,-0.06053348707517352,1.0,0.18485506132510346,0.12007871270179749,1.0,0.006885099995997734,0.0014803000012761913,0.012382200002321042,,E,0.019612287350769888,0.9728311066316953,2.9069319173837505,2.8830062405631733,0.9752517687001736,0.08909682244556713,0.33951219035495045,0.3296058149287112,2.5084817642069552,0.894910073233407,0.17783073974532368
iris,P2_Full,,main,clean,0.0,1,0.1,15,0.8466666666666667,0.6735735454651065,0.6412050161871702,-0.03633249168857551,1.0,0.18599062210392514,0.17450875788927078,1.0,0.006537399996886961,0.0012773999987985007,0.024055399997450877,,E,0.019972376941588495,0.9742212438288026,2.911231866962269,2.856049902647155,0.9764698162190663,0.08722579069877667,0.33887394262573906,0.3298532453462031,2.5079128097939685,0.8971205483938574,0.1748737805539468
iris,P2_Full,,main,clean,0.0,1,0.15,22,0.8466666666666667,0.6735735454651065,0.6412050161871702,-0.05617407361359072,1.0,0.18794229584250116,0.12046976600374494,1.0,0.006559900000866037,0.0012112999975215644,0.03573260000121081,,E,0.01636088163826968,0.9798632167149304,2.9162857746759934,2.2087190211664067,0.9814695660271497,0.0797718925351091,0.3379982059542815,0.3301271420674406,2.507283991962492,0.9055246068331761,0.16270680054276984
iris,P2_Full,,main,clean,0.0,1,0.2,30,0.86,0.6890518004413542,0.6638956080488512,-0.041963535219188844,1.0,0.18985030243495943,0.10572817921638489,1.0,0.006189799998537637,0.0012836999958381057,0.046731100002944004,,E,0.0170580051574359,0.9839961882616391,2.9237337358487108,2.183424660151795,0.9852056191547578,0.07557142716317324,0.3368475310160286,0.3296013779527559,2.5084919746173946,0.9117555004052807,0.15434492717192794
iris,P2_Full,,main,clean,0.0,2,0.05,7,0.8466666666666667,0.672843838367481,0.6410058621782706,-0.05519393009633516,1.0,0.1833399492851945,0.11652322113513947,1.0,0.006821700000728015,0.0018770000024233013,0.013435900000331458,,E,0.020594775422866186,0.9710923799339826,2.904106076822393,3.0274319871613296,0.9738012836824275,0.0937089854598364,0.3398492174348942,0.3294194390084801,2.508910891089109,0.8902184841731434,0.1845004076371696
iris,P2_Full,,main,clean,0.0,2,0.1,15,0.86,0.6882209890713717,0.663709048759882,-0.0395958409398424,1.0,0.18418390490356698,0.18439442664384842,1.0,0.0071486000015283935,0.0020837000047322363,0.026631500004441477,,E,0.021052507572021897,0.9724845781317455,2.907503964299903,3.0105085827991314,0.9750651972743615,0.09378810017786132,0.33931746460349227,0.3287698217275682,2.5104104254044337,0.8913543336562585,0.18285848576120214
iris,P2_Full,,main,clean,0.0,2,0.15,22,0.86,0.6882209890713717,0.663709048759882,-0.056606928564986045,1.0,0.18626715886710182,0.1256548081125532,1.0,0.006652199997915886,0.0015052000017021783,0.03837720000592526,,E,0.01750941110614238,0.9810298826751102,2.915622891268132,2.3637704993292212,0.9826445631182678,0.08511705096515523,0.3380767484483754,0.32846876727473745,2.5111073712554695,0.9002765427343354,0.17034574880181474
iris,P2_Full,,main,clean,0.0,2,0.2,30,0.8666666666666667,0.6967858730970384,0.6757362582358094,-0.0371178117715458,1.0,0.1881865138885987,0.09532998502254486,1.0,0.005941199997323565,0.0012112000040360726,0.048915600003965665,,E,0.01826120675829457,0.9856189120503491,2.9227865190767557,2.337434465061705,0.9867786947122867,0.08064637849362344,0.33695924838868585,0.328248031496063,2.5116191904047973,0.9064022533363516,0.16218461394677036
iris,P2_Full,,main,clean,0.0,4,0.05,7,0.8,0.5366846702699427,0.5354921899227969,-0.05501823292807115,1.0,0.18425138907443725,0.11468043923377991,1.0,0.007068500002787914,0.0012655000027734786,0.012824500001443084,,E,0.020522857003474587,0.9742994864787351,2.8967725815550605,3.0168599795107642,0.9765408398305797,0.08721045009431906,0.3407269225276219,0.33212188985183116,2.5027356902356903,0.8935264104913216,0.181174323069934
iris,P2_Full,,main,clean,0.0,4,0.1,15,0.7333333333333333,0.4328388536422921,0.40778326015241634,-0.05241654536493995,1.0,0.1821284615924218,0.1831669956445694,1.0,0.007121500006178394,0.001667100004851818,0.025410900001588743,,E,0.025231846570704153,0.9706380109351267,2.905333593949259,3.608154059610694,0.9735069888055153,0.09771061027404693,0.3395762055840257,0.32886831478380774,2.5101826894279724,0.8854511515404586,0.19472680580839496
iris,P2_Full,,main,clean,0.0,4,0.15,22,0.7333333333333333,0.41801809497138553,0.39227965015303434,-0.04881217742296907,1.0,0.17846196787134572,0.11892137357166835,1.0,0.006594699996639974,0.0014909000019542873,0.03701549999823328,,E,0.033160303204718376,0.9831984060913141,2.8260819663598755,4.476640932636981,0.9849674292539355,0.10528900842597097,0.3490247396856641,0.33543394140409066,2.4953032300593274,0.8748027451904004,0.2167585398945417
iris,P2_Full,,main,clean,0.0,4,0.2,30,0.8666666666666667,0.6981281862909945,0.676005958011242,-0.05288695141338719,1.0,0.17540036940213025,0.11673935502767563,1.0,0.006090700000640936,0.001342099996691104,0.04837579999730224,,E,0.03806734094642371,0.9823487491628948,2.8072654060479607,4.872619641142235,0.9843597804319039,0.11393137447130658,0.3511494002698028,0.3369832677165354,2.491876597298284,0.865089873361181,0.23213039652686351
iris,P2_Full,,main,clean,0.0,3,0.05,7,0.8266666666666667,0.5743387490428158,0.5722786205847686,-0.03607427270740184,1.0,0.18024164191710457,0.12233151495456696,1.0,0.006974600000830833,0.0017332999996142462,0.013418199996522162,,E,0.02191914828762025,0.9689386452676615,2.8894621023906,3.2221147982801766,0.9720546161360001,0.10031664411258,0.34160630725494034,0.33053769452986675,2.50634338877925,0.8818724451177639,0.19509503951782875
iris,P2_Full,,main,clean,0.0,3,0.1,15,0.7866666666666666,0.5288486704326569,0.5127976094677096,-0.03551961036631422,1.0,0.18072797785878933,0.172087661921978,1.0,0.006810799997765571,0.0018131999968318269,0.026032800000393763,,E,0.02388383624884455,0.9767242000273013,2.8711975027629504,3.415388583584771,0.9790526862457514,0.10003893405087129,0.34369720363988393,0.33162612035851474,2.5038610038610036,0.8812297938647767,0.19687565768734108
iris,P2_Full,,main,clean,0.0,3,0.15,22,0.7533333333333333,0.49953732729539746,0.4697508896797153,-0.054573149610716784,1.0,0.18148468009742905,0.14560781632150924,0.8571428571428571,0.006244299998797942,0.001731899996229913,0.03844749999552732,,E,0.028216821903877625,0.9695644763055673,2.7260110485134392,3.8092709570234793,0.9726324678039644,0.10080298039879822,0.362111269164438,0.3535655058043118,2.4570825515947465,0.8855737015275429,0.19431134756262294
iris,P2_Full,,main,clean,0.0,3,0.2,30,0.8666666666666667,0.6967858730970384,0.6757362582358094,-0.035033112907703265,1.0,0.17832322393114092,0.17888129130005836,0.875,0.0058147000017925166,0.002186899997468572,0.050229200001922436,,E,0.04694179704186946,0.9698087250239784,2.589127380166991,6.008550021359291,0.9731856660976974,0.11185155566967675,0.3813976838479253,0.375123031496063,2.4164480157428665,0.8745079207518913,0.2168474774676783
iris,P2_Full,,main,clean,0.0,5,0.05,7,0.8333333333333334,0.5937712325358809,0.5990097326876606,-0.057609719935766024,1.0,0.18360193568290167,0.1200428158044815,1.0,0.007163999995100312,0.0017054000054486096,0.013319500001671258,,E,0.02203074529648199,0.9741475888403829,2.915274830007548,3.2385195585828526,0.9764584726510988,0.08938755447018319,0.3385209754800265,0.3290466871680179,2.509770603228547,0.8916001998225511,0.18403528915292872
iris,P2_Full,,main,clean,0.0,5,0.1,15,0.82,0.5432453894988165,0.5591805673683825,-0.05449458307995559,1.0,0.18373843504870313,0.18143315613269806,1.0,0.006645800000114832,0.0016386999996029772,0.02559010000550188,,E,0.02277269227281602,0.973117234644703,2.911849559448781,3.256494995012691,0.9755924197458505,0.09207330676119485,0.33880056320452917,0.32886831478380774,2.5101826894279724,0.890524535591235,0.18525570710105052
iris,P2_Full,,main,clean,0.0,5,0.15,22,0.7933333333333333,0.5104903469332892,0.5157731277028729,-0.05391052150222649,1.0,0.1836238115611731,0.14680475848061697,0.7142857142857143,0.006176899994898122,0.0017442999960621819,0.03749190000235103,,E,0.0240308806796407,0.9772118319122923,2.8664402612565443,3.244168891751494,0.9793958300894954,0.09583912883199855,0.34400554397099076,0.33178551686014374,2.5034988337220927,0.8923057736681076,0.18352356830906186
iris,P2_Full,,main,clean,0.0,5,0.2,30,0.8533333333333334,0.6802584697887846,0.652130612244898,-0.03431222708992197,1.0,0.1821777112309782,0.12973181903362274,0.875,0.005733099998906255,0.0017761999988579191,0.04979730000195559,,E,0.036400025708503266,0.9712317162323689,2.7799791381979175,4.659203290688418,0.9742919023174683,0.10637360608013186,0.35467331487739606,0.343134842519685,2.4785765507350304,0.8868484531360695,0.19610421864823796
iris,P2_Full,,main,clean,0.0,6,0.05,7,0.8066666666666666,0.5359074546303235,0.5361967044578347,-0.07817094904212839,1.0,0.18111930902847012,0.12536025792360306,0.75,0.006601799999771174,0.0016149000002769753,0.013030100002652034,,E,0.021687148133875154,0.9664171826527183,2.897801530432723,3.188010775679648,0.9698004912859931,0.10074522927269194,0.3406035054558104,0.3288603112477868,2.5102011901388495,0.8842255464656148,0.19217386544906526
iris,P2_Full,,main,clean,0.0,6,0.1,15,0.7466666666666667,0.4768363767873599,0.4467198828544011,-0.040139785441312976,1.0,0.18040390735727005,0.18037917464971542,1.0,0.006691700000374112,0.0017677000068943016,0.025650000003224704,,E,0.026106831553801255,0.9746668459964517,2.8877863653090987,3.7332769121935794,0.9772179146098953,0.10070078968794058,0.3416823840139412,0.3300502314586822,2.5074604595643093,0.8797192478747956,0.20117170559625577
iris,P2_Full,,main,clean,0.0,6,0.15,22,0.7533333333333333,0.6023662384150944,0.5290583444858908,-0.04394017956852686,1.0,0.17732667314412867,0.15104034117289952,1.0,0.006331199998385273,0.003105600000708364,0.03906680000363849,,E,0.04140624839149582,0.9693007703755824,2.7332335923202775,5.589843532851936,0.9726943258163603,0.11054203907705601,0.3611346734967138,0.3516860143725815,2.460861364350833,0.8718731404871899,0.2203011243428766
iris,P2_Full,,main,clean,0.0,6,0.2,30,0.7266666666666667,0.5902641780197699,0.5104668771858341,-0.04315619553352682,1.0,0.1841694668308844,0.12265630066394806,0.875,0.006090399998356588,0.0016728999980841763,0.050280200004635844,,E,0.020694186038705487,0.9727189560446466,2.879294028462566,2.6488558129543023,0.9753928641311601,0.09801340780394731,0.3421680451825078,0.3312007874015748,2.5048291233283804,0.8935067118056675,0.18039369428212876
iris,P2_Full,,main,clean,0.0,7,0.05,7,0.84,0.6659323679491874,0.6303393343888227,-0.04834312408194843,1.0,0.18392534636382504,0.12477549910545349,1.0,0.006520399998407811,0.0013408000013441779,0.011793600002420135,,E,0.020255901895505652,0.9724405460027885,2.9149102433648912,2.9776175786393306,0.9749298878786117,0.09032624071852371,0.33856417317195925,0.3288603112477868,2.5102011901388495,0.8920624053743677,0.18215079353196492
iris,P2_Full,,main,clean,0.0,7,0.1,15,0.8466666666666667,0.672843838367481,0.6410058621782706,-0.042477310467509063,1.0,0.1856756715529255,0.1757194921374321,1.0,0.0068731000064872205,0.001286399994569365,0.023559699999168515,,E,0.020793099077527015,0.975335598219288,2.9169786042322787,2.973413168086363,0.9775004262583685,0.08777135802148452,0.33819245339787407,0.32886831478380774,2.5101826894279724,0.8959624314798275,0.17707256922464623
iris,P2_Full,,main,clean,0.0,7,0.15,22,0.8533333333333334,0.6802584697887846,0.652130612244898,-0.03768236224970355,1.0,0.18768976421592357,0.12099617719650269,1.0,0.00612130000081379,0.0012076999992132187,0.03430780000053346,,E,0.01726024839019235,0.9827373850231482,2.9261867067095633,2.3301335326759673,0.9841095884539108,0.07948989377349114,0.33682931785521775,0.32846876727473745,2.5111073712554695,0.904709640047134,0.16463597819641354
iris,P2_Full,,main,clean,0.0,7,0.2,30,0.86,0.6882209890713717,0.663709048759882,-0.06508057086446746,1.0,0.18926199212500913,0.09310337901115417,1.0,0.006119600002421066,0.001068899997335393,0.044775800000934396,,E,0.01782529836444121,0.9861794048106151,2.931385487412085,2.281638190648475,0.9872369686535499,0.07652086096459228,0.335947709533761,0.328125,2.511904761904762,0.9096890185732286,0.15775417892683916
iris,P2_Full,,main,clean,0.0,8,0.05,7,0.8133333333333334,0.6404527300947985,0.5914276853771199,-0.038845406901100825,1.0,0.1832165545426498,0.11654002964496613,1.0,0.0065561000010347925,0.005609399995591957,0.01643970000441186,,E,0.020912263852924346,0.9708395448028952,2.8984927569093157,3.074102786379879,0.9736146944340252,0.09516825482907429,0.34052064563553286,0.3298853788090579,2.5078389830508474,0.8892486436299906,0.18638473442329867
iris,P2_Full,,main,clean,0.0,8,0.1,15,0.7866666666666666,0.6198221368971627,0.5590013112007007,-0.043200394999170236,1.0,0.1837054934038729,0.17239822447299957,1.0,0.0064684000026318245,0.001458800004911609,0.027705500004231,,E,0.021219361242566626,0.9735733639942532,2.904080101992956,3.0343686576870272,0.976051382157338,0.09376971637804968,0.33972581697046655,0.32945927312124496,2.50881913303438,0.890202495913002,0.18577205137674013
iris,P2_Full,,main,clean,0.0,8,0.15,22,0.76,0.603676694488109,0.5330602118595655,-0.055511559485633695,1.0,0.18508238236192742,0.13041469880512782,1.0,0.006101699997088872,0.0012101000029360875,0.03836060000321595,,E,0.018395595788575598,0.9819976450433092,2.9101589652568833,2.483405431457706,0.9835566404226194,0.0865995245100257,0.338725510914424,0.3291321171918187,2.509573396036278,0.8965663892924716,0.17845772194989193
iris,P2_Full,,main,clean,0.0,8,0.2,30,0.7266666666666667,0.5896234598428973,0.5099237347017305,-0.0472490485233962,1.0,0.18541109086503765,0.10096222907304764,1.0,0.006197800001245923,0.001018900002236478,0.049021800004993565,,E,0.02021067439826963,0.9877923043812149,2.9125976949313226,2.5869663229785127,0.988839625565586,0.08579188219269332,0.33816554114030717,0.32861712598425197,2.510763758891801,0.8970931364597303,0.17928751617336985
iris,P2_Full,,main,clean,0.0,9,0.05,7,0.78,0.5595625806846897,0.5314522493546295,-0.042595342468139244,1.0,0.18120731665835502,0.11954720318317413,1.0,0.006994500006840099,0.0015314999982365407,0.012338599997747224,,E,0.022386164290466196,0.9721223742820068,2.904268334406061,3.2907661506985306,0.9747927053103358,0.09578760599420513,0.3398298478520362,0.3288603112477868,2.5102011901388495,0.8840011659979423,0.19496922565827324
iris,P2_Full,,main,clean,0.0,9,0.1,15,0.74,0.47210311222270085,0.45079672127150294,-0.04512503404913734,1.0,0.18373501149646765,0.11715435981750488,1.0,0.006693999996059574,0.00120009999955073,0.023818900001060683,,E,0.02370530690754067,0.977632718541464,2.885378534956456,3.389858887778316,0.9795962277888469,0.0877848857503217,0.3419733925442947,0.33359598148330544,2.4994095069382936,0.890973853843368,0.1870347150125552
iris,P2_Full,,main,clean,0.0,9,0.15,22,0.7866666666666666,0.4891235028778097,0.497774782856965,-0.05723229274404396,1.0,0.17797197163251868,0.13144433498382568,1.0,0.006821199996920768,0.001691200006462168,0.03977229999873089,,E,0.03319151259220596,0.9788986509610583,2.853582752021867,4.480854199947804,0.981134058378293,0.10593670637404966,0.3455891693334016,0.3326699834162521,2.501495513459621,0.8739280533590855,0.2150181885758503
iris,P2_Full,,main,clean,0.0,9,0.2,30,0.7333333333333333,0.4737452521990308,0.44698565553214964,-0.04622386248998095,1.0,0.17897685584161033,0.17970123142004013,0.875,0.00992450000194367,0.00350290000642417,0.061579399996844586,,E,0.041226171477532575,0.9637878000527,2.8296775192984223,5.27694994912417,0.9681134179699691,0.11945195054606335,0.3483057993985083,0.3342765748031496,2.497883695252116,0.8768930993483222,0.20894605263912022
iris,P2_Full,,main,clean,0.0,10,0.05,7,0.8333333333333334,0.659486892724918,0.6201351808870379,-0.058561987355198054,1.0,0.18393417274607168,0.12398351728916168,1.0,0.0069455999982892536,0.0013312000010046177,0.012363100002403371,,E,0.02043805418292688,0.9717959197491027,2.912298928863493,3.004393964890251,0.9743388353651781,0.09016126721573912,0.33887388837388494,0.3296058149287112,2.5084817642069552,0.8920907492677141,0.182103009175701
iris,P2_Full,,main,clean,0.0,10,0.1,15,0.84,0.6659323679491874,0.6303393343888227,-0.05386528833979034,1.0,0.18570526108981428,0.17380904406309128,1.0,0.007423700000799727,0.0013796999992337078,0.02505609999934677,,E,0.020976098808239717,0.9752741474608098,2.914106467967637,2.9995821295782794,0.9774434972873217,0.08773609820222322,0.33853271588740713,0.32926228700876586,2.5092731079868384,0.8961137101017311,0.17690541445062427
iris,P2_Full,,main,clean,0.0,10,0.15,22,0.8533333333333334,0.6802584697887846,0.652130612244898,-0.062442850669716166,1.0,0.18769493993511469,0.1273659212248666,1.0,0.007235199998831376,0.0012494999973569065,0.03733520000241697,,E,0.017476702902480615,0.9809047977556524,2.9200395453062233,2.359354891834883,0.9824375405011384,0.0802684740319824,0.3375541089028136,0.32935323383084575,2.5090634441087616,0.9047076662132639,0.16462115045148187
iris,P2_Full,,main,clean,0.0,10,0.2,30,0.8533333333333334,0.6802584697887846,0.652130612244898,-0.05481589910280046,1.0,0.18912894745541328,0.1138722151517868,1.0,0.006655100005446002,0.0011715999935404398,0.048693199998524506,,E,0.018019553460904322,0.983600654952191,2.927415062576345,2.3065028429957533,0.984884582058159,0.07829136482127598,0.3364140316261003,0.328371062992126,2.5113338328962156,0.9094186224576,0.15795002651667914
iris,P2_Full,,main,clean,0.0,11,0.05,7,0.8066666666666666,0.5588201192595365,0.5536841618635437,-0.04387831734427096,1.0,0.18424939562741,0.12515108287334442,1.0,0.007578799995826557,0.0011868000001413748,0.012975099998584483,,E,0.021303819457969823,0.9718500199498454,2.879244885063001,3.1316614603215642,0.9743520040338023,0.08888049225964328,0.3428428282750079,0.3340788370142578,2.498326359832636,0.8935581030839346,0.1811351827653472
iris,P2_Full,,main,clean,0.0,11,0.1,15,0.7733333333333333,0.4945693626779351,0.48228356856354465,-0.0432243562739274,1.0,0.182425663816192,0.18858763203024864,0.875,0.007763699999486562,0.0011763000002247281,0.026666999998269603,,E,0.02567845396246131,0.9713541371651889,2.908035229559564,3.6720189166319672,0.9741140403418693,0.0963456116715904,0.3392541885868487,0.32886831478380774,2.5101826894279724,0.8858364489733881,0.1942329385479018
iris,P2_Full,,main,clean,0.0,11,0.15,22,0.72,0.46270082356998476,0.4182280025200743,-0.05757746553964029,1.0,0.17893279444688068,0.1439060398510524,1.0,0.0070650999987265095,0.002050700000836514,0.0402983999956632,,E,0.0345961236364219,0.9670790834131452,2.821765912427401,4.670476690916956,0.9708253769301508,0.1137967561480804,0.34957000779283776,0.3346600331674959,2.4970267591674924,0.877352566471031,0.20918037758751237
iris,P2_Full,,main,clean,0.0,11,0.2,30,0.8733333333333333,0.7050658288104134,0.6880338915258941,-0.04882631503754693,1.0,0.17511171023390734,0.1317494586110115,1.0,0.006255599997530226,0.001979699998628348,0.052428999995754566,,E,0.05811568301628796,0.9759417178602701,2.6796909541008747,7.438807426084859,0.9788364215879302,0.12032046639272795,0.3682417502158114,0.3559301181102362,2.452385067404079,0.863456400234157,0.23696467003599422
iris,P2_Full,,main,clean,0.0,12,0.05,7,0.8333333333333334,0.576177326396226,0.5859812030126269,-0.040228781024244493,1.0,0.18184467243820682,0.12478190660476685,1.0,0.007842500002880115,0.0018233000009786338,0.014839399998891167,,E,0.021702843761074904,0.9673806694668632,2.90419731497819,3.190318032878011,0.9705630436851429,0.09756099117505969,0.3398383255665766,0.3291398751281334,2.509555492638732,0.8866485146679883,0.18936900014410848
iris,P2_Full,,main,clean,0.0,12,0.1,15,0.8133333333333334,0.5481817687629917,0.551386438318468,-0.039080715253885456,1.0,0.18231292584909958,0.16538289189338684,1.0,0.007515699995565228,0.0018995999998878688,0.03085350000037579,,E,0.023446507700456486,0.9769837926075844,2.895406732650273,3.3528506011652777,0.9791427187895833,0.09380025758328434,0.3407645821006664,0.33083817590859843,2.5056564453706462,0.8859304406016125,0.19109069789245273
iris,P2_Full,,main,clean,0.0,12,0.15,22,0.76,0.4884179986190656,0.47257728765173457,-0.051258051307635354,1.0,0.1821257065747868,0.14506892647062028,1.0,0.006921399995917454,0.0019747999976971187,0.04897180000261869,,E,0.026763962988606678,0.9655662439128204,2.7920636799748415,3.6131350034619016,0.9691293908818607,0.10347831238680552,0.3533681547180325,0.34306246545052516,2.4787302610377053,0.8878402810251388,0.1905780257089298
iris,P2_Full,,main,clean,0.0,12,0.2,30,0.8733333333333333,0.7050658288104134,0.6880338915258941,-0.02602778714513211,1.0,0.1800217119749126,0.13510337471961975,1.0,0.006967499997699633,0.0034298000027774833,0.06504339999810327,,E,0.04280619515466317,0.9764834921440236,2.63220519313565,5.479192979796886,0.9790707765828225,0.11001992534963861,0.37502698998525935,0.36368110236220474,2.4374154262516914,0.8799959869227075,0.2101466898023846
iris,P2_Full,,main,clean,0.0,13,0.05,7,0.8333333333333334,0.659486892724918,0.6201351808870379,-0.03754303787300555,1.0,0.18313353104895022,0.11652348935604095,1.0,0.011229400006413925,0.004388599998492282,0.020516500000667293,,E,0.020542977482600876,0.971384418197801,2.9063757348119053,3.019817689942329,0.9740527121181757,0.09324618799711602,0.3395784722986672,0.3291398751281334,2.509555492638732,0.8895432682923164,0.1856187658239794
iris,P2_Full,,main,clean,0.0,13,0.1,15,0.84,0.6659323679491874,0.6303393343888227,-0.04902764661830667,1.0,0.18485796817924363,0.17504628002643585,1.0,0.006840400004875846,0.0016495000018039718,0.03265649999957532,,E,0.021091625624869575,0.9729509859610085,2.907764285853956,3.0161024643563494,0.9754337254936918,0.09178669245039306,0.33928645627846327,0.32886831478380774,2.5101826894279724,0.8934765753373832,0.180495919099108
iris,P2_Full,,main,clean,0.0,13,0.15,22,0.8466666666666667,0.672843838367481,0.6410058621782706,-0.04179735151127308,1.0,0.18682874805198846,0.12557358401162283,1.0,0.0060214000041014515,0.0012891000005765818,0.04346179999993183,,E,0.01756324013477704,0.980129848930134,2.9155066186968934,2.3710374181949008,0.981792081487264,0.08365475185797165,0.3380905288179056,0.32880044223327803,2.5103396099529256,0.9020306832260869,0.1683012653666841
iris,P2_Full,,main,clean,0.0,13,0.2,30,0.8533333333333334,0.6802584697887846,0.652130612244898,-0.04742030316323528,1.0,0.18826339410794196,0.10609522461891174,1.0,0.007487900002161041,0.0012923999966005795,0.0561158999989857,,E,0.01806647341095305,0.9832711026719899,2.923481142808912,2.3125085966019903,0.984619621449214,0.08061014128924308,0.33687731546105415,0.328371062992126,2.5113338328962156,0.9068096658125415,0.16163149891980888
iris,P2_Full,,main,clean,0.0,14,0.05,7,0.8066666666666666,0.541719279709468,0.5360297782250124,-0.03913996782545585,1.0,0.1800777084889068,0.1205606758594513,1.0,0.007000899997365195,0.0018714000034378842,0.013652300003741402,,E,0.022377578395355435,0.9706034026587697,2.8865783748127356,3.289504024117249,0.9735288766624023,0.09951743630987026,0.3419544187410251,0.33128319821079116,2.504641350210971,0.8809738473886417,0.1966474295985624
iris,P2_Full,,main,clean,0.0,14,0.1,15,0.7533333333333333,0.5075735693996363,0.4684175332241544,-0.051455917459938424,1.0,0.17992191394197724,0.18380830436944962,1.0,0.006476399998064153,0.0018848999970941804,0.025908100004016887,,E,0.02636842829338321,0.9732834459853811,2.842337081753655,3.770685245953799,0.9761491157251058,0.10726195220224312,0.34725852944575675,0.33270954397714964,2.501406157489639,0.8781594150063726,0.2028218917209501
iris,P2_Full,,main,clean,0.0,14,0.15,22,0.84,0.6659323679491874,0.6303393343888227,-0.04490830884284214,1.0,0.17928185752737677,0.13515213557652064,1.0,0.0062723000010009855,0.0016429000024800189,0.038398500000766944,,E,0.038310588124079024,0.9782201235164418,2.6261258225159914,5.171929396750668,0.9805281480282961,0.10597050509430886,0.3761680892050158,0.36451077943615257,2.435850773430391,0.8782022488224419,0.2097735503677021
iris,P2_Full,,main,clean,0.0,14,0.2,30,0.84,0.6659323679491874,0.6303393343888227,-0.04264864589167654,1.0,0.18647332362403363,0.11484669893980026,1.0,0.006756499999028165,0.0026273000039509498,0.051604100000986364,,E,0.017892488608617856,0.9712558415288938,2.8993822893741594,2.2902385419030855,0.9739988655196525,0.09542891970610387,0.3397427919567518,0.328371062992126,2.5113338328962156,0.9014623309410895,0.1662309414917021
iris,P2_Full,,main,clean,0.0,15,0.05,7,0.8,0.5440108989558673,0.538094791152318,-0.07175326080874135,1.0,0.18199235914331677,0.11997681856155396,1.0,0.006650300005276222,0.0016595999986748211,0.012318399996729568,,E,0.02119586867645491,0.9721046259086594,2.9062109760320447,3.1157926954388717,0.9747319137257676,0.09418363806505975,0.3395981119669594,0.3291398751281334,2.509555492638732,0.8863902439613757,0.1910491001511115
iris,P2_Full,,main,clean,0.0,15,0.1,15,0.7266666666666667,0.4385526004903893,0.4134879570840202,-0.049008143791376496,1.0,0.18241431121694962,0.17066994309425354,1.0,0.006501700001535937,0.0012885999967693351,0.024096399996778928,,E,0.022825818806416945,0.9753905931047187,2.910631135196599,3.2640920893176233,0.9776749819454111,0.09282583893277582,0.33894533705451857,0.32886831478380774,2.5101826894279724,0.8870945222592879,0.19214939718563231
iris,P2_Full,,main,clean,0.0,15,0.15,22,0.7733333333333333,0.49820184058237243,0.49016781949735777,-0.038335293481334874,1.0,0.17616448315727049,0.13171976804733276,1.0,0.006958099998882972,0.0012546999932965264,0.03685789999872213,,E,0.025508808647100607,0.9829541421700939,2.864345855856927,3.4436891673585817,0.9847969807881389,0.10811064109732854,0.3442625370147351,0.32880044223327803,2.5103396099529256,0.8686624400691982,0.221028665127767
iris,P2_Full,,main,clean,0.0,15,0.2,30,0.8533333333333334,0.6806461729990796,0.6522271369579056,-0.04755084007000132,1.0,0.17958834709045676,0.12453623116016388,1.0,0.006192500004544854,0.0020941999973729253,0.04916909999883501,,E,0.04307774978543713,0.9753552572427436,2.6917119265009517,5.513951972535953,0.977965025003578,0.10589551640038476,0.3665620469766306,0.3576525590551181,2.4490024079807364,0.8785686457369417,0.21048214161133127
iris,P2_Full,,main,clean,0.0,16,0.05,7,0.82,0.5658741737619961,0.5679856129776814,-0.03667163699363962,1.0,0.18314093046273938,0.12254835665225983,1.0,0.009756700004800223,0.002139699994586408,0.016327799996361136,,E,0.022329984233686425,0.9703136018926418,2.8909326801397457,3.2825076823519046,0.9731395985756871,0.09519500051253396,0.3414290526656953,0.3302581306495201,2.5069836343115126,0.8902645296450123,0.18434572693673365
iris,P2_Full,,main,clean,0.0,16,0.1,15,0.82,0.5344112229142619,0.552063405301995,-0.03691107356805227,1.0,0.18307869731024573,0.1794387847185135,1.0,0.0068795999977737665,0.001323299999057781,0.028834299999289215,,E,0.024082039290191728,0.9698296578247699,2.8955578417761996,3.443731618497417,0.9727720551191575,0.09752614926599906,0.3407464312676339,0.3298532453462031,2.5079128097939685,0.8884158140020539,0.18693259164881623
iris,P2_Full,,main,clean,0.0,16,0.15,22,0.7866666666666666,0.5097311665099384,0.5077592959065365,-0.061281425591958295,1.0,0.18120562863534564,0.11922896759850639,1.0,0.0065708999973139726,0.0018668000047910027,0.0420970999985002,,E,0.0259397650364274,0.9779608723955292,2.8738019849442162,3.501868279917699,0.9802150914879747,0.10228259180223612,0.343105199405926,0.32935323383084575,2.5090634441087616,0.8849832824752369,0.1925465663550158
iris,P2_Full,,main,clean,0.0,16,0.2,30,0.8666666666666667,0.6967858730970384,0.6757362582358094,-0.04728205082146757,1.0,0.17900337431895177,0.13456055894494057,0.875,0.006164599995827302,0.002128100000845734,0.05439420000038808,,E,0.04125753463983994,0.9711131935392314,2.7226445017258176,5.280964433899513,0.9743823527560888,0.11317136151056502,0.3623079948336529,0.3505167322834646,2.4632327132327134,0.8769776812105397,0.21101910956311562
iris,P2_Full,,main,clean,0.0,17,0.05,7,0.8133333333333334,0.5670872010970762,0.5621224489795918,-0.05801613565555741,1.0,0.18226217184685586,0.12238192558288574,1.0,0.007095799999660812,0.0017187000048579648,0.013607799999590497,,E,0.02148808651022503,0.9706679281403536,2.900498253953152,3.1587487170030792,0.9734616459273762,0.09524447507119413,0.34028046296058734,0.3296058149287112,2.5084817642069552,0.8876842724267214,0.18773764215431418
iris,P2_Full,,main,clean,0.0,17,0.1,15,0.8,0.5264451992651796,0.5261261407818321,-0.02382590240570882,1.0,0.18229738237446602,0.18806126713752747,1.0,0.007090800005244091,0.0017360999991069548,0.02770520000194665,,E,0.02303582188590532,0.9685180150577081,2.900742101089861,3.2941225296844605,0.9716441598321889,0.09929948128147997,0.3401248569719994,0.32867132867132864,2.5106382978723403,0.886328940547151,0.18953007951535844
iris,P2_Full,,main,clean,0.0,17,0.15,22,0.7933333333333333,0.5288543903716003,0.5210957808438312,-0.0641618642608752,1.0,0.18253760036137348,0.1395397186279297,1.0,0.006508200000098441,0.0019640000027720816,0.04016889999911655,,E,0.023205858211576405,0.9719581525526876,2.8479708645586275,3.1327908585628146,0.974835383977613,0.1026049168240943,0.34628485316523355,0.33233830845771145,2.502245508982036,0.8891603561026554,0.18626672236692773
iris,P2_Full,,main,clean,0.0,17,0.2,30,0.8666666666666667,0.6967858730970384,0.6757362582358094,-0.05175630713406474,1.0,0.1828565137136823,0.1334688700735569,0.875,0.006241399998543784,0.0016981000007945113,0.05298459999903571,,E,0.03221472091764035,0.9739184708158221,2.757511769244252,4.1234842774579645,0.9765615919060837,0.10134072552253032,0.3576272404893112,0.3473179133858268,2.4698016294721925,0.8887901431033801,0.19200337599477083
iris,P2_Full,,main,clean,0.0,18,0.05,7,0.8,0.6302971958909425,0.574757819889755,-0.061910196450475595,1.0,0.18340523458092803,0.1202412098646164,1.0,0.012491600005887449,0.0014521999983116984,0.02207089999865275,,E,0.022741058353699654,0.9720199242650437,2.901995539281201,3.342935577993849,0.974601225187129,0.09225496551677949,0.3401013612643454,0.3299785667691734,2.5076249646992377,0.8897681557003322,0.18674371106763438
iris,P2_Full,,main,clean,0.0,18,0.1,15,0.7666666666666667,0.6071613032965413,0.5388415225610196,-0.05620022524556406,1.0,0.18104998143809534,0.17648518085479736,1.0,0.010648900002706796,0.0030697000038344413,0.03932329999952344,,E,0.0207941424002121,0.9741483637099821,2.893823583378875,2.9735623632303305,0.9766388898676803,0.0963392076910741,0.3409548598154396,0.32965625923372405,2.5083657006274276,0.8822704029369148,0.19731572519527685
iris,P2_Full,,main,clean,0.0,18,0.15,22,0.7466666666666667,0.5970285220037733,0.5223891156462585,-0.05876410680109968,1.0,0.18188269296868056,0.13854439769472396,1.0,0.006415399999241345,0.0010301000002073124,0.05004960000223946,,E,0.018883853352431715,0.9804633694676452,2.896008451144065,2.5493202025782815,0.9822926197772704,0.09363182185360748,0.340417060181906,0.32846876727473745,2.5111073712554695,0.8869431402193493,0.19168740616870564
iris,P2_Full,,main,clean,0.0,18,0.2,30,0.7133333333333334,0.5853845933682159,0.5031650865042018,-0.05091729537642213,1.0,0.18186878210438434,0.10928624123334885,1.0,0.005938700000115205,0.0009301999962190166,0.060164399998029694,,E,0.021118920569816506,0.9862744831231819,2.8896582626951455,2.7032218329365127,0.9875792391423753,0.09506061089743802,0.34091256180664475,0.328248031496063,2.5116191904047973,0.8864984686103458,0.19326384091063606
iris,P2_Full,,main,clean,0.0,19,0.05,7,0.82,0.5711670854751036,0.5693331758489562,-0.041909985644431866,1.0,0.18096114790205606,0.12415781617164612,1.0,0.00758250000217231,0.0018440999992890283,0.014180900005158037,,E,0.021545793078911114,0.9692505986962937,2.9006998594224966,3.1672315825999338,0.9722604881111504,0.0978844883881984,0.34025633662376703,0.3291398751281334,2.509555492638732,0.8835848566223001,0.19437842898456226
iris,P2_Full,,main,clean,0.0,19,0.1,15,0.7533333333333333,0.5020966452623188,0.4709700878009133,-0.04372523942648608,1.0,0.18084487294581944,0.18713030219078064,1.0,0.006707500004267786,0.001803800005291123,0.02670570000191219,,E,0.023807429723064027,0.9763426176585226,2.8720518507621287,3.4044624503981558,0.9786876767968651,0.09912589248012443,0.34359286932802996,0.33113365507731707,2.5049821534800714,0.8811710412954092,0.19894236903280793
iris,P2_Full,,main,clean,0.0,19,0.15,22,0.86,0.6882209890713717,0.663709048759882,-0.037818270834401015,1.0,0.18102306221257505,0.14725311739104135,0.8571428571428571,0.006496999994851649,0.0015629999979864806,0.039163100002042484,,E,0.032542478684469085,0.9769017897221471,2.692654103990667,4.393234622403327,0.9791918279027232,0.09914353333131568,0.3666895987464404,0.356661138750691,2.4509454432734037,0.8834838435481981,0.20115282957635752
iris,P2_Full,,main,clean,0.0,19,0.2,30,0.86,0.6882209890713717,0.663709048759882,-0.05568901447953904,1.0,0.18597512744340053,0.11765164136886597,0.875,0.006009400000039022,0.0020138999971095473,0.050734800002828706,,E,0.01874249671303995,0.972814509349092,2.8987259637652474,2.3990395792691137,0.9753948161745143,0.09491485213772186,0.3398214988838076,0.328125,2.511904761904762,0.8998447639862741,0.16852561260514703
iris,P2_Full,,main,clean,0.0,20,0.05,7,0.84,0.6659323679491874,0.6303393343888227,-0.05586240973716114,1.0,0.18383057361434738,0.11291377246379852,1.0,0.009665799996582791,0.0036750999934156425,0.018384599999990314,,E,0.02055610928388744,0.9715371152979233,2.908821662171395,3.0217480647314536,0.9741515759633917,0.09185508400972772,0.3392871731742732,0.3291398751281334,2.509555492638732,0.8917253708648599,0.18246044232695974
iris,P2_Full,,main,clean,0.0,20,0.1,15,0.84,0.6659323679491874,0.6303393343888227,-0.050330339277317865,1.0,0.18490041713949415,0.1742016077041626,1.0,0.0068439000024227425,0.00145899999915855,0.030316800002765376,,E,0.020836232717536443,0.9731181408570077,2.9133209230306387,2.9795812786077116,0.9755541718846864,0.09061988662022202,0.3386258963761841,0.32886831478380774,2.5101826894279724,0.89379369850244,0.1795757599681976
iris,P2_Full,,main,clean,0.0,20,0.15,22,0.8466666666666667,0.672843838367481,0.6410058621782706,-0.051539268766879996,1.0,0.18737774613308877,0.1205574359212603,1.0,0.006579699998837896,0.00139639999542851,0.04187559999991208,,E,0.0175814987827414,0.9804484177490846,2.92107831263893,2.373502335670089,0.9820560017630389,0.08222270675197842,0.3374314171643488,0.32846876727473745,2.5111073712554695,0.9038311873528896,0.16562377302193412
iris,P2_Full,,main,clean,0.0,20,0.2,30,0.86,0.6882209890713717,0.663709048759882,-0.04174291506010071,1.0,0.18903191766045158,0.10664061456918716,1.0,0.006433700000343379,0.001201200000650715,0.052958899999794085,,E,0.018033864465953946,0.9837993609969891,2.9291608712048394,2.308334651642105,0.9850711058550641,0.07849967262641093,0.33620883257073186,0.328125,2.511904761904762,0.9091218711777664,0.1584239417668185
iris,P2_Full,,main,clean,0.0,22,0.05,7,0.8066666666666666,0.5508579420471451,0.5485714596674245,-0.07810954867339165,1.0,0.18310253187129083,0.12405519187450409,1.0,0.007021799996437039,0.0014365999959409237,0.012830600004235748,,E,0.021128504921932762,0.9726773504149565,2.913267214091961,3.105890223524116,0.9751710319842443,0.09126792632339797,0.33875898004367316,0.3288603112477868,2.5102011901388495,0.8902948739867724,0.18597732153283436
iris,P2_Full,,main,clean,0.0,22,0.1,15,0.78,0.6156436477147474,0.552063405301995,-0.03794547155473062,1.0,0.18307270705755802,0.18163171038031578,0.875,0.006989299996348564,0.0014327000026241876,0.02489120000245748,,E,0.023546262977207816,0.975060847451013,2.9140967589173274,3.3671156057407177,0.9773612706920466,0.09224143589141769,0.3385338672578114,0.32867132867132864,2.5106382978723403,0.8885490962750953,0.19054506444635036
iris,P2_Full,,main,clean,0.0,22,0.15,22,0.7466666666666667,0.5972032437781484,0.5225216402522294,-0.06101055670782685,1.0,0.18573404721506287,0.14204226221357072,0.8571428571428571,0.006596899998839945,0.0011830000003101304,0.03606360000412678,,E,0.018954545004071392,0.9804852274135889,2.9119499118528953,2.558863575549638,0.9821547948812142,0.08555403145142511,0.3385125935935128,0.32880044223327803,2.5103396099529256,0.8987104447634002,0.1753763964756919
iris,P2_Full,,main,clean,0.0,22,0.2,30,0.72,0.5873364019529854,0.5063084531640197,-0.04657954334548721,1.0,0.1851817667735815,0.1072922870516777,1.0,0.005973200000880752,0.0009548999951221049,0.0462139000010211,,E,0.020864605782163342,0.9882963043758919,2.9119681990023727,2.670669540116908,0.9892941520579233,0.08525919624702939,0.33824034638453737,0.328371062992126,2.5113338328962156,0.8965959213636032,0.18004696281102103
iris,P2_Full,,main,clean,0.0,21,0.05,7,0.8066666666666666,0.5505150160317495,0.5413941803571114,-0.04277825782157617,1.0,0.18104142111706997,0.11970333755016327,1.0,0.00697059999947669,0.0017990999986068346,0.013221399996837135,,E,0.020237300691356114,0.9705164596404393,2.8971947485206444,2.974883201629349,0.9733856745783371,0.097315821061748,0.3406762751882913,0.3294194390084801,2.508910891089109,0.8840657192075149,0.1939793342537131
iris,P2_Full,,main,clean,0.0,21,0.1,15,0.78,0.48369543980462215,0.47112674816533207,-0.05111767465769115,1.0,0.18138966013029365,0.1866263709962368,0.875,0.01032649999979185,0.0016506999963894486,0.03278929999942193,,E,0.022481984211753476,0.9709678961045072,2.8847994882283508,3.214923742280747,0.9737923302162625,0.09728658046700851,0.34204344814737436,0.33221707869595196,2.5025200118588793,0.8831307968177725,0.1971208417898677
iris,P2_Full,,main,clean,0.0,21,0.15,22,0.7466666666666667,0.4305810023978239,0.4058413275547692,-0.04057730045571216,1.0,0.17858147924049111,0.14043720279421126,1.0,0.012263500000699423,0.003366600001754705,0.05329269999492681,,E,0.023625483331260765,0.9752295625836844,2.8324321424432357,3.189440249720203,0.9778628223562787,0.10630655116569876,0.34822551209101593,0.3346600331674959,2.4970267591674924,0.8758314505121473,0.21024494621593331
iris,P2_Full,,main,clean,0.0,21,0.2,30,0.74,0.5962740029600561,0.519360704217904,-0.05747083454863321,1.0,0.17335571136711905,0.12737558037042618,1.0,0.0059602000037557445,0.001432999997632578,0.06525549999787472,,E,0.03391918473458494,0.975325140984336,2.7678750859354957,4.341655646026872,0.9784146871747449,0.12521028746091636,0.35625875197309087,0.3380905511811024,2.4894468704512374,0.859221442499149,0.23679557215022512
iris,P2_Full,,main,clean,0.0,23,0.05,7,0.7733333333333333,0.5346121342370435,0.5107689965969753,-0.04834649100127837,1.0,0.17985490369393778,0.16621767729520798,0.75,0.007133799997973256,0.004476099995372351,0.01591010000265669,,E,0.04901631563953589,0.9837603240283895,2.101735911241466,7.205398399011775,0.985347323391315,0.097723585476694,0.4722067403013565,0.46416922933556987,2.2885966673358764,0.879685746099204,0.20612557854949093
iris,P2_Full,,main,clean,0.0,23,0.1,15,0.7466666666666667,0.4660015739076921,0.44785321959266045,-0.04977592918219426,1.0,0.1821049297565662,0.12742288410663605,1.0,0.006979099998716265,0.0014279999959398992,0.028023099999700207,,E,0.022094619588891546,0.9716699833774463,2.901811758084938,3.159530601211491,0.9743639568204686,0.09509254720583532,0.33999688529114697,0.3298532453462031,2.5079128097939685,0.8861170107595873,0.19275662912069408
iris,P2_Full,,main,clean,0.0,23,0.15,22,0.7933333333333333,0.5137235630358334,0.5169076468996927,-0.049733330945312085,1.0,0.17648993534022314,0.17759281396865845,1.0,0.006503800002974458,0.001242699996510055,0.04008620000240626,,E,0.029449802429741462,0.9792829458787273,2.866839094845322,3.975723328015097,0.9815699461697877,0.11039215699649133,0.3439566478414595,0.3286898839137645,2.510595358224016,0.8696990601558677,0.219268044266586
iris,P2_Full,,main,clean,0.0,23,0.2,30,0.7466666666666667,0.4664090681652482,0.4533033291557054,-0.05130878519510275,1.0,0.18172069017073658,0.12704095244407654,0.875,0.005979699999443255,0.001938599998538848,0.05294280000089202,,E,0.03358642317285593,0.9650865161314099,2.795744623782808,4.299062166125559,0.9688144531139018,0.10677642473387353,0.3526288739559352,0.343134842519685,2.4785765507350304,0.8854850611021576,0.1951314423718661
iris,P2_Full,,main,clean,0.0,24,0.05,7,0.8133333333333334,0.5643135260972384,0.5633481424668563,-0.053883144104228675,1.0,0.18372371017530062,0.1166614443063736,1.0,0.00725840000086464,0.001368099998217076,0.013555400000768714,,E,0.01970553290634356,0.9752632637755148,2.9095636766028536,2.8967133372325033,0.977444144695625,0.08816364860420006,0.3391988993648371,0.3294194390084801,2.508910891089109,0.8923317195168363,0.1824936727244796
iris,P2_Full,,main,clean,0.0,24,0.1,15,0.7666666666666667,0.6071613032965413,0.5388415225610196,-0.03879365356282506,1.0,0.18349143588749423,0.17576079815626144,1.0,0.006796000001486391,0.0016696000020601787,0.026192299999820534,,E,0.024490886372588443,0.9763185716210614,2.916474229220575,3.5021967512801475,0.9784604752835364,0.09044655703200731,0.33825215828317634,0.3287698217275682,2.5104104254044337,0.8896710660331053,0.18913754196941082
iris,P2_Full,,main,clean,0.0,24,0.15,22,0.7466666666666667,0.5970285220037733,0.5223891156462585,-0.03902756825970889,1.0,0.18403304715201174,0.14197956664221628,0.8571428571428571,0.006328199997369666,0.0010525999969104305,0.03681540000252426,,E,0.018108044703458233,0.983395097456306,2.9101134622335816,2.4445860349668616,0.9848306583959571,0.08645404186344853,0.338730923971276,0.32846876727473745,2.5111073712554695,0.8931899427520277,0.1836818962334054
iris,P2_Full,,main,clean,0.0,24,0.2,30,0.8533333333333334,0.6802584697887846,0.652130612244898,-0.05513970251305976,1.0,0.18275499264662026,0.1000298261642456,1.0,0.005637800000840798,0.0008588000055169687,0.04745570000523003,,E,0.020045175815022007,0.9898883577646085,2.9005379147929027,2.565782504322817,0.990790983019817,0.0892659406055021,0.33960429529483355,0.328248031496063,2.5116191904047973,0.889374163957198,0.19014757565501142
iris,P2_Full,,main,clean,0.0,25,0.05,7,0.8066666666666666,0.5510316164213167,0.5481660456213242,-0.06621120006387497,1.0,0.18276455422779353,0.12511774897575378,1.0,0.006773099994461518,0.0014627999989897944,0.012207699997816235,,E,0.021486516580052517,0.9711537557938049,2.912061417244147,3.15851793726772,0.973839685014963,0.09311192132878178,0.3389020860202013,0.3288603112477868,2.5102011901388495,0.8887057370393139,0.18778117524766738
iris,P2_Full,,main,clean,0.0,25,0.1,15,0.7333333333333333,0.44398004089041493,0.42127144919196086,-0.03912837491386617,1.0,0.1832887500250539,0.1738121099770069,0.875,0.0063445999985560775,0.0012224999954923987,0.023010199998680037,,E,0.02300935501631702,0.974700601393198,2.9144823975200573,3.290337767333334,0.9770207262208521,0.09170671855536788,0.33848814130233223,0.32867132867132864,2.5106382978723403,0.889550681237099,0.18863810483218907
iris,P2_Full,,main,clean,0.0,25,0.15,22,0.7866666666666666,0.5034336367408551,0.5042325390923884,-0.057049673491503396,1.0,0.1776419743744016,0.13866393906729563,1.0,0.005943999996816274,0.0009969999955501407,0.03446579999581445,,E,0.02511070196919312,0.9792579235038226,2.876694132775769,3.3899447658410713,0.981454234991213,0.10588677019849711,0.3427527482573393,0.32846876727473745,2.5111073712554695,0.8732676484271674,0.21460225622555004
iris,P2_Full,,main,clean,0.0,25,0.2,30,0.8666666666666667,0.6967858730970384,0.6757362582358094,-0.03961113071087998,1.0,0.1803119823002355,0.13295450806617737,1.0,0.006017800005793106,0.0022599000003538094,0.04690029999619583,,E,0.03889844927955666,0.9693421870093659,2.7710643470922554,4.979001507783252,0.9727436812113944,0.11095032131181963,0.35583966589404875,0.344365157480315,2.4759735619864234,0.8811170899745665,0.20362982689004777
iris,P2_Full,,main,clean,0.0,27,0.05,7,0.7866666666666666,0.6216228635100165,0.5599780683897095,-0.0447005481061539,1.0,0.1835965490487942,0.1180068850517273,1.0,0.006599400003324263,0.001393600003211759,0.01168639999377774,,E,0.020759729077197333,0.9712419932821535,2.898727124429512,3.0516801743480078,0.9739120494461994,0.09284566174013767,0.3404925601232421,0.3302581306495201,2.5069836343115126,0.8904971056061546,0.1840999007308438
iris,P2_Full,,main,clean,0.0,27,0.1,15,0.76,0.606535027679515,0.5349956113260297,-0.04716215565999255,1.0,0.18513421035640965,0.1794094815850258,1.0,0.007669099999475293,0.0010781000019051135,0.023620799998752773,,E,0.0215913947525988,0.9737491254550215,2.891822246334886,3.087569449621628,0.9761033727596553,0.08968262373888171,0.3411956974101445,0.33162612035851474,2.5038610038610036,0.8946534032495655,0.18006645698767418
iris,P2_Full,,main,clean,0.0,27,0.15,22,0.7466666666666667,0.6014789940754834,0.5256803134711525,-0.03893590234225024,1.0,0.1868082391407709,0.12463819980621338,1.0,0.006304400005319621,0.0010416000004624948,0.03418769999552751,,E,0.02001117618806981,0.9836125907383576,2.8788755224184017,2.701508785389424,0.9849839717935187,0.0836850433931021,0.34248738203491425,0.33233830845771145,2.502245508982036,0.9018850824692651,0.17170575188272844
iris,P2_Full,,main,clean,0.0,27,0.2,30,0.7133333333333334,0.5884582316695419,0.5059076131294723,-0.04015285059261013,1.0,0.18731390470817325,0.12375938147306442,1.0,0.006019200001901481,0.0009327000007033348,0.04443929999979446,,E,0.022408953916061326,0.9858519960824439,2.8652842629577617,2.8683461012558498,0.9870287722096132,0.08317612392720974,0.3438795707207778,0.33501476377952755,2.4962357693720163,0.9029025442618994,0.1713358131547041
iris,P2_Full,,main,clean,0.0,26,0.05,7,0.8133333333333334,0.561778681296527,0.5576989176315872,-0.03863845611769066,1.0,0.18153696214239312,0.12200036644935608,1.0,0.006648299997323193,0.001556199997139629,0.012373399993521161,,E,0.020713392786372718,0.9696576475466724,2.9026595906855817,3.0448687395967893,0.972597621409731,0.09689340559802623,0.3400219881664427,0.3288603112477868,2.5102011901388495,0.8854486143545492,0.19066912087987772
iris,P2_Full,,main,clean,0.0,26,0.1,15,0.76,0.4983986711256539,0.47172703615182987,-0.05461218126638229,1.0,0.1813349591355486,0.1811692863702774,0.875,0.00690990000293823,0.0014933000056771562,0.02477829999406822,,E,0.023307468539718424,0.9743656680419699,2.8922326617417644,3.3329680011797347,0.9768524725235945,0.09701069977934783,0.34114628153077475,0.3302472175711612,2.5070086489710706,0.8827999510257059,0.19584581621989525
iris,P2_Full,,main,clean,0.0,26,0.15,22,0.86,0.6882209890713717,0.663709048759882,-0.040700298396535065,1.0,0.17963337054538772,0.14438733884266444,0.8571428571428571,0.006599100001039915,0.0018079000001307577,0.037728499999502674,,E,0.03278473677319492,0.9672899916371004,2.750479320438644,4.425939464381314,0.9707165197711625,0.10475473121396513,0.3588235381940149,0.35002763957987837,2.464229311433986,0.8794495196876797,0.20632843133719825
iris,P2_Full,,main,clean,0.0,26,0.2,30,0.8733333333333333,0.7050658288104134,0.6880338915258941,-0.044784332277148745,1.0,0.18652648265327712,0.12649095430970192,0.875,0.006060599996999372,0.0022753000012016855,0.04977809999400051,,E,0.018432966367078606,0.9742644376604648,2.9054032472805225,2.3594196949860615,0.9766203094575672,0.09154149289690508,0.3390224147875262,0.328371062992126,2.5113338328962156,0.9014270526637266,0.16697205680552918
iris,P2_Full,,main,clean,0.0,28,0.05,7,0.8533333333333334,0.6806461729990796,0.6522271369579056,-0.03233071414371586,1.0,0.18261056489918337,0.12584107369184494,0.75,0.006975299998885021,0.0013235000005806796,0.012815499998396263,,E,0.020300155963414276,0.9702270577836584,2.9069009607758973,2.9841229266218985,0.9730537098022438,0.09494029841074811,0.3395158788800992,0.3287671232876712,2.510416666666667,0.8874557157484256,0.1883190730567787
iris,P2_Full,,main,clean,0.0,28,0.1,15,0.8533333333333334,0.6806461729990796,0.6522271369579056,-0.04275741816755402,1.0,0.18373712010609888,0.181706290692091,0.875,0.007360700001299847,0.0015060000005178154,0.0254819999972824,,E,0.0206753499249498,0.972513101235275,2.9080200729946184,2.9565750392678214,0.9750773934256552,0.09329143357820684,0.33925599347965674,0.32886831478380774,2.5101826894279724,0.8902589258191111,0.18417990182458344
iris,P2_Full,,main,clean,0.0,28,0.15,22,0.8666666666666667,0.6967858730970384,0.6757362582358094,-0.048400576441019506,1.0,0.1864082979967228,0.12126010656356812,1.0,0.0064542999971308745,0.0012443000014172867,0.03648149999935413,,E,0.01732218538669536,0.9808780949129017,2.918013895848382,2.338495027203874,0.9824825353052673,0.08390588621047598,0.3377936153306905,0.32846876727473745,2.5111073712554695,0.9007522968614777,0.16969897176703297
iris,P2_Full,,main,clean,0.0,28,0.2,30,0.8733333333333333,0.706020521403122,0.6882069564720807,-0.0516504394313609,1.0,0.18830271213831612,0.10383336246013641,1.0,0.006134699993708637,0.0010190000029979274,0.046644399997603614,,E,0.018105061124737087,0.9850124471370417,2.9249161407106583,2.317447823966347,0.9862110122718293,0.07997070273892329,0.3367081764454005,0.328125,2.511904761904762,0.9066861875251743,0.16171166293456618
iris,P2_Full,,main,clean,0.0,29,0.05,7,0.8,0.5778088262527726,0.5435544333538648,-0.03429745993635681,1.0,0.18233629790131234,0.12392424046993256,1.0,0.007184699999925215,0.0026836000033654273,0.014176399999996647,,E,0.0420032337266922,0.9804518927799009,2.1337834867294228,6.174475357823754,0.982093029970011,0.08395376450681258,0.4650117342508786,0.4649147330164943,2.2877330126277813,0.8871147591870533,0.19494873572335833
iris,P2_Full,,main,clean,0.0,29,0.1,15,0.82,0.5722358850094205,0.566327349103444,-0.039140676461255366,1.0,0.18242206184128998,0.18612625822424889,0.875,0.006759099996997975,0.001447599999664817,0.026096199995663483,,E,0.021019229002471072,0.9728640957819079,2.9049492994534214,3.0057497473533634,0.9754583687341537,0.09560296688090793,0.33962205959119024,0.3287698217275682,2.5104104254044337,0.8866341839422677,0.19148958022478904
iris,P2_Full,,main,clean,0.0,29,0.15,22,0.7666666666666667,0.5043812381857823,0.48432722171725867,-0.03399874924940779,1.0,0.18212423256180724,0.14037003687449864,1.0,0.005757999999332242,0.0015275000041583553,0.03695029999653343,,E,0.024772670046054723,0.9681661986599259,2.8026140376130986,3.3443104562173875,0.9714306151734003,0.10254560800330934,0.35200981769003625,0.3406301824212272,2.483933787731256,0.8878347298720689,0.1884399809947397
iris,P2_Full,,main,clean,0.0,29,0.2,30,0.86,0.6882209890713717,0.663709048759882,-0.04981862354055211,1.0,0.18166383953091156,0.13233663886785507,1.0,0.005364600001485087,0.0014679000014439225,0.04735190000064904,,E,0.037314447463745314,0.9755739467744007,2.6737598559417917,4.7762492753594,0.9781012446399993,0.10346730363094023,0.3690760732841875,0.359621062992126,2.445176188847075,0.8847845147363457,0.2008646739028532
wine,P2_Full,,main,clean,0.0,0,0.05,8,0.9550561797752809,0.8207929701699325,0.8722713222568403,-0.02116744254603891,1.0,0.13717869368290297,0.3156657934188843,0.8,0.008046800001466181,0.001146599999628961,0.013015799995628186,,D,0.15141822275419276,0.9349838712508822,2.663176969929345,26.49818898198373,0.9506876816666966,0.241537149595783,0.3719022516529758,0.33307060755336615,2.0,0.7453917564061634,0.43010719892812854
wine,P2_Full,,main,clean,0.0,0,0.1,17,0.9438202247191011,0.8084473541167332,0.8516141795363069,-0.01630124814326555,1.0,0.13835954962653904,0.31270694732666016,1.0,0.007193700002972037,0.0010452999995322898,0.024347199992917012,,D,0.15550090208653858,0.939589993900942,2.6633017884867094,26.43515335471156,0.9541222782599955,0.24056088216948704,0.37177836243091605,0.33358858336233904,2.0,0.749214581397224,0.4250796895260126
wine,P2_Full,,main,clean,0.0,0,0.15,26,0.9101123595505618,0.7405145246893301,0.7791268534477213,-0.02105524366576255,1.0,0.14036486985154584,0.27348988586001927,0.6666666666666666,0.006579100001545157,0.0009217000042553991,0.03488129999459488,,D,0.164172636577241,0.9408778567932478,2.660342901755436,26.4317944889358,0.9552547364319329,0.24317250456243805,0.371990714509405,0.3338509316770186,2.0,0.7559047192414757,0.41551967615762186
wine,P2_Full,,main,clean,0.0,0,0.2,35,0.9943820224719101,0.973263736046785,0.9816911130140138,-0.012828423064926375,1.0,0.13675162884317651,0.23998441961076525,0.8888888888888888,0.006244799995329231,0.0009577000018907711,0.04520099999353988,,D,0.1956777030714244,0.9415168573221327,2.6134909843379326,29.74301086685651,0.9570393781417227,0.2654187191186007,0.37854143563973874,0.3341756709654932,2.0,0.746655092504996,0.4297807718459975
wine,P2_Full,,main,clean,0.0,1,0.05,8,0.9775280898876404,0.9087631994688335,0.9308728982369983,-0.018669586071482912,1.0,0.13640391445839062,0.32079231142997744,0.6,0.00795769999967888,0.0014383000016096048,0.013218100000813138,,D,0.15082149937755285,0.93360472582937,2.6521873115835395,26.393762391071746,0.9498670088767079,0.24493133359981928,0.3734670874477879,0.33307060755336615,2.0,0.7425969808412392,0.4330657567236323
wine,P2_Full,,main,clean,0.0,1,0.1,17,0.9887640449438202,0.9537059433155869,0.9636510381114426,-0.03202642468277651,1.0,0.14087764475737768,0.26410169733895195,0.8888888888888888,0.007187600000179373,0.0011622999954852276,0.024826799999573268,,D,0.14381473785382753,0.9413143956652985,2.673933097352049,24.44850543515068,0.9549715958899793,0.23271806398703274,0.37027668022447685,0.33358858336233904,2.0,0.7572955289818766,0.4103549813990681
wine,P2_Full,,main,clean,0.0,1,0.15,26,0.9887640449438202,0.9537059433155869,0.9636510381114426,-0.03671876776967453,1.0,0.1461657381969658,0.22425231999821132,0.7777777777777778,0.006639699997322168,0.001055200002156198,0.035548699997889344,,D,0.14088210140302995,0.9477004502076585,2.686010847548634,22.682018325887825,0.9594690023661606,0.22502205478307097,0.3683761862338888,0.3338509316770186,2.0,0.7732254437973933,0.3859535707672672
wine,P2_Full,,main,clean,0.0,1,0.2,35,0.9887640449438202,0.9537059433155869,0.9636510381114426,-0.023934220769206576,1.0,0.15005499521565935,0.30883857276704574,0.8888888888888888,0.006317100000160281,0.0009926000057021156,0.045937399998365436,,D,0.1392584000960159,0.9519228199303181,2.6960142492504584,21.167276814594416,0.9624669136265973,0.21931597654015575,0.3667518143976904,0.3341756709654932,2.0,0.7867354803264904,0.3641468580564202
wine,P2_Full,,main,clean,0.0,2,0.05,8,0.9438202247191011,0.8017223275317318,0.8301692191254648,-0.020716364943147512,1.0,0.13691380989657406,0.31604909896850586,0.6,0.00774690000253031,0.0010051000062958337,0.012313699997321237,,D,0.14999703983254084,0.9346269940286819,2.6560020681184713,26.249481970694646,0.9505231499948849,0.24316085408673496,0.3729224305298134,0.3333333333333333,2.0,0.7438447840930243,0.43143262486857303
wine,P2_Full,,main,clean,0.0,2,0.1,17,0.9831460674157303,0.9276465009452134,0.9471317617859916,-0.022288427629484096,1.0,0.13748874381621964,0.270175920592414,0.8888888888888888,0.00729239999782294,0.0009467999989283271,0.023732000001473352,,D,0.14889711312997955,0.9398569744266885,2.6500128958128863,25.312509232096524,0.9544450069580147,0.24255568109961806,0.37367237406601156,0.3339366515837104,2.0,0.7473003540670351,0.4260283271796444
wine,P2_Full,,main,clean,0.0,2,0.15,26,0.9887640449438202,0.9537059433155869,0.9636510381114426,-0.025868455949506437,1.0,0.14673822799539135,0.2739684018823836,0.7777777777777778,0.007515599994803779,0.0010163000042666681,0.035864999998011626,,D,0.14041819399042146,0.9468392125539393,2.69312657099209,22.607329232457857,0.958667119475295,0.2224930722359372,0.3673863566563896,0.3342391304347826,2.0,0.7748837464365197,0.3841396936129342
wine,P2_Full,,main,clean,0.0,2,0.2,35,0.9887640449438202,0.9537059433155869,0.9636510381114426,-0.019654181375224844,1.0,0.15140705455434694,0.2626320487923092,0.8888888888888888,0.007052499997371342,0.0010373000040999614,0.04707780000171624,,D,0.1349117584768068,0.9540342264701063,2.709911381382436,20.506587288474634,0.9637829036505312,0.21208556784288463,0.3648370534768705,0.33461136284419657,2.0,0.790903115987634,0.3586911062205454
wine,P2_Full,,main,clean,0.0,3,0.05,8,0.9382022471910112,0.786990913949364,0.8146116533760018,-0.04079098003197262,1.0,0.1351164261432101,0.23060503005981445,0.6,0.0077046999940648675,0.0008853000035742298,0.012167499997303821,,D,0.15030614441669984,0.9321140912118371,2.6386621318298085,26.303575272922473,0.9489982932412417,0.2487143846315972,0.3754108529439796,0.33379310344827584,2.0,0.7387147813190437,0.4376072524984134
wine,P2_Full,,main,clean,0.0,3,0.1,17,0.9044943820224719,0.7242329133343136,0.7265056882239206,-0.02360947383537974,1.0,0.1332678686884083,0.28758504986763,0.7777777777777778,0.0074841000023297966,0.0009158999964711256,0.023855699997511692,,D,0.15512499961899476,0.9356619935646997,2.6127392718191933,26.37124993522911,0.952206437334155,0.2571488407259368,0.3790876398403282,0.3338670379394361,2.0,0.7345912590714253,0.44306864765598614
wine,P2_Full,,main,clean,0.0,3,0.15,26,0.8539325842696629,0.6474197129956342,0.6136140037227708,-0.012238935353217892,1.0,0.13109399981902775,0.2961966163582272,0.7777777777777778,0.006991900001594331,0.001010299994959496,0.03705020000052173,,D,0.16135469874179872,0.9398868267854302,2.556295692267405,25.978106497429593,0.9564031945064378,0.2747545477603341,0.38738599564941867,0.3341614906832298,2.0,0.7277498547338012,0.4504440245405705
wine,P2_Full,,main,clean,0.0,3,0.2,35,0.9943820224719101,0.973263736046785,0.9816911130140138,-0.016306347005844688,1.0,0.11862158134701258,0.30143488778008354,0.6666666666666666,0.006354999997711275,0.0028565000029630028,0.04936939999606693,,D,0.17869040352030222,0.9423230160214475,2.3314936688988017,27.160941335085937,0.9620229818617982,0.3415567958212974,0.42512753706136813,0.332607180202161,2.0,0.6930056130477995,0.4902710036053714
wine,P2_Full,,main,clean,0.0,4,0.05,8,0.9213483146067416,0.7374606655193022,0.7790545884371455,-0.03860214861997526,1.0,0.1365740877810004,0.3177900969982147,0.6,0.00847809999686433,0.0013002999985474162,0.013716200002818368,,D,0.14927397685085705,0.9343168920747748,2.647935171187033,26.122945948899982,0.9503681069149325,0.24437355885215847,0.3740760419627374,0.334055829228243,2.0,0.7431205896502971,0.4320460517275347
wine,P2_Full,,main,clean,0.0,4,0.1,17,0.8539325842696629,0.609085326378521,0.6207106850707633,-0.029854715582123312,1.0,0.13371236396703823,0.2806236147880554,0.6666666666666666,0.007592999994812999,0.0011796000035246834,0.026013700000476092,,D,0.16239807491591313,0.9368441339540284,2.6282132598279304,27.60767273570523,0.953015190868299,0.2560499590410099,0.37682086805912085,0.3326139923424991,2.0,0.7358141445602615,0.4444585939005457
wine,P2_Full,,main,clean,0.0,4,0.15,26,0.9831460674157303,0.9282018683135121,0.9486690649426885,-0.018812563637909945,1.0,0.12660012590334738,0.29063258899582756,0.6666666666666666,0.007267900000442751,0.0012677999984589405,0.038153699999384116,,D,0.19789903550246318,0.9345366982058599,2.5556989789792244,31.86174471589657,0.9536675885815297,0.29223839695452586,0.3874779031202289,0.3299689440993789,2.0,0.7148596963615182,0.4736987582809828
wine,P2_Full,,main,clean,0.0,4,0.2,35,0.9887640449438202,0.9471420581416141,0.9650516223023584,-0.02022710761912685,1.0,0.14974005130026635,0.29210158851411605,0.7777777777777778,0.006502600001113024,0.0012315999993006699,0.04934099999809405,,D,0.1390504857555255,0.9461706135636654,2.6869833575783217,21.135673834839878,0.9582977218126087,0.2252878780865618,0.3680067172710155,0.3329557337051237,2.0,0.7859165950611886,0.3641869007727781
wine,P2_Full,,main,clean,0.0,5,0.05,8,0.9382022471910112,0.7871017147913135,0.8144408026321565,-0.020443086893834263,1.0,0.13604507289378504,0.3131236135959625,0.6,0.007654100001673214,0.0011391000007279217,0.012627199997950811,,D,0.14895219300849102,0.9351482357302361,2.652140062310935,26.06663377648593,0.9510219547310302,0.2447692700350335,0.3734738433488136,0.33274220032840723,2.0,0.741459547565598,0.4344619136689209
wine,P2_Full,,main,clean,0.0,5,0.1,17,0.9044943820224719,0.7248845582969025,0.7262789602145694,-0.019248341479027913,1.0,0.13502013955863956,0.28856778475973344,0.6666666666666666,0.007424900002661161,0.0012017999979434535,0.024885799997719005,,D,0.15158251316844576,0.9377115249389446,2.6342137994476866,25.76902723863578,0.9532835123361464,0.24999789097322095,0.3759490198057948,0.3333101287852419,2.0,0.7399294284051592,0.43641974314337534
wine,P2_Full,,main,clean,0.0,5,0.15,26,0.9775280898876404,0.9217605071157148,0.9283984456926366,-0.015392953632149141,1.0,0.13259646478690523,0.30305322011311847,0.7777777777777778,0.007262599996465724,0.0012826000020140782,0.0367125999982818,,D,0.15791328545453465,0.9418647051998905,2.5751181732889137,25.424038958180077,0.9574732601297193,0.2684867253790791,0.3845087661170626,0.33354037267080744,2.0,0.7322730534928661,0.4449729470273603
wine,P2_Full,,main,clean,0.0,5,0.2,35,0.9831460674157303,0.9368558046598949,0.9458850914799445,-0.014385818154983706,1.0,0.15113845763553313,0.29849352108107674,0.7777777777777778,0.006332999997539446,0.0011510000040289015,0.047664999998232815,,D,0.13653513286516847,0.9468760923490513,2.706795003371911,20.753340195505608,0.9584834312161802,0.21849557723417187,0.36526472104475366,0.3329557337051237,2.0,0.7900343901867243,0.35930442305926447
wine,P2_Full,,main,clean,0.0,6,0.05,8,0.9157303370786517,0.7348183704662697,0.7623542822214096,-0.027594491774907703,1.0,0.1362228330750008,0.30204451084136963,0.8,0.008215200003178325,0.0011384999961592257,0.0131353000033414,,D,0.15141556638552303,0.9341766687994713,2.6590169979708533,26.497724117466532,0.9502579563309445,0.24430984026745756,0.37249307556429107,0.33241379310344826,2.0,0.7420950681501186,0.4343241072562517
wine,P2_Full,,main,clean,0.0,6,0.1,17,0.8595505617977528,0.6227698217360871,0.6264095973150134,-0.022517859427368263,1.0,0.13501013606026777,0.3568389117717743,0.6666666666666666,0.007136799998988863,0.0010982000021613203,0.02566570000635693,,D,0.1574101739515752,0.9353165583680799,2.6439161766252997,26.759729571767785,0.951660179126999,0.25267085897998653,0.37454768577776876,0.3305951966585451,2.0,0.7398913135140829,0.4369733751574668
wine,P2_Full,,main,clean,0.0,6,0.15,26,0.797752808988764,0.5391514157865239,0.5042743411325761,-0.024725949469505737,1.0,0.1332229418390248,0.2980976965692308,0.6666666666666666,0.007461200002580881,0.0014960999978939071,0.03891780000412837,,D,0.17246556713851272,0.9328286250628983,2.6092053411148144,27.766956309300546,0.9509101503852806,0.26918498153884124,0.37940381733047795,0.33043478260869563,2.0,0.7350779826187263,0.44240045675375206
wine,P2_Full,,main,clean,0.0,6,0.2,35,0.9831460674157303,0.9282018683135121,0.9486690649426885,-0.023331672028412118,1.0,0.12460897748719318,0.3493109544118245,0.5555555555555556,0.006939999999303836,0.001993199999560602,0.05112150000059046,,D,0.20703924511292782,0.9323656807170126,2.481078400455127,31.46996525716503,0.953734383381847,0.31594466967910195,0.39909723674599745,0.33034158243290346,2.0,0.7110228983560191,0.4724076775666834
wine,P2_Full,,main,clean,0.0,7,0.05,8,0.9157303370786517,0.7324226887228483,0.7583113730194622,-0.01918161574292651,1.0,0.13594193885306494,0.31998377442359927,0.6,0.008101300001726486,0.001177600002847612,0.013311999995494261,,D,0.15597124700657414,0.934471898944232,2.6497898361989614,27.294968226150473,0.9505785992286432,0.24579836779801492,0.3738101926747951,0.334055829228243,2.0,0.7411752904762563,0.43713249241556257
wine,P2_Full,,main,clean,0.0,7,0.1,17,0.9157303370786517,0.7513606125691488,0.7542827058691889,-0.016123168726536397,1.0,0.1343249075715221,0.27998824914296466,0.7777777777777778,0.007493700002669357,0.0012349000026006252,0.025478999996266793,,D,0.16267105457358996,0.9346745267961717,2.6230097991259966,27.65407927751029,0.9512638336725833,0.2539485144585123,0.37758013410821195,0.33539853811347026,2.0,0.7377425563767607,0.4415013605647158
wine,P2_Full,,main,clean,0.0,7,0.15,26,0.9887640449438202,0.9537059433155869,0.9636510381114426,-0.0155613669400709,1.0,0.1377334788086894,0.33634155326419407,0.7777777777777778,0.006832600003690459,0.0012027999982819892,0.036809199998970143,,D,0.15259339856208226,0.9452478104762768,2.6087561452662134,24.567537168495242,0.9591178939647222,0.25332472745105056,0.3794702221932154,0.3347826086956522,2.0,0.747697708740254,0.42435309871110793
wine,P2_Full,,main,clean,0.0,7,0.2,35,0.9887640449438202,0.9537059433155869,0.9636510381114426,-0.019018907885013422,1.0,0.15168994214652057,0.26776296893755597,0.7777777777777778,0.006633799996052403,0.0011831000010715798,0.04795580000063637,,D,0.13492732865590867,0.9529931498571947,2.7017656160263592,20.508953955698118,0.9630189779648364,0.21328440593623055,0.36595699610949955,0.3352213314743813,2.0,0.7916902624840212,0.3574192559340562
wine,P2_Full,,main,clean,0.0,9,0.05,8,0.9775280898876404,0.9087631994688335,0.9308728982369983,-0.011613605987549772,1.0,0.13811427990708902,0.3185495972633362,0.6,0.008011600002646446,0.0011847999994643033,0.013065999999525957,,D,0.1476056083104214,0.935327395066145,2.6680356245574632,25.830981454323748,0.9507987088813177,0.23922515307673473,0.3712145292396118,0.33274220032840723,2.0,0.747754985777065,0.4254375882822062
wine,P2_Full,,main,clean,0.0,9,0.1,17,0.9887640449438202,0.9537059433155869,0.9636510381114426,-0.02595941541641595,1.0,0.1409990314153135,0.26432322131262886,0.8888888888888888,0.007505599998694379,0.0012246000042068772,0.02500519999739481,,D,0.14424883819051898,0.9408396627650893,2.67879514261647,24.522302492388228,0.9545755985689439,0.23218149939397234,0.3695938838996969,0.3333101287852419,2.0,0.757605927780804,0.4100341200057313
wine,P2_Full,,main,clean,0.0,9,0.15,26,0.9887640449438202,0.9537059433155869,0.9636510381114426,-0.036840297782184644,1.0,0.1462268135923804,0.2242563267548879,0.7777777777777778,0.006949900001927745,0.0010190000029979274,0.03620470000169007,,D,0.14136574976805522,0.9471682900515593,2.6921951433905456,22.75988571265689,0.9590188110008369,0.22430697323336052,0.3675156248546421,0.33354037267080744,2.0,0.773409687362842,0.38581273069966454
wine,P2_Full,,main,clean,0.0,9,0.2,35,0.9887640449438202,0.9537059433155869,0.9636510381114426,-0.02924245580511141,1.0,0.15008172080502352,0.30892715851465863,0.8888888888888888,0.006609199997910764,0.0010380999956396408,0.04707880000205478,,D,0.13971354667873148,0.9514156497073324,2.702498081362274,21.236459095167184,0.9620327031041277,0.2185282572029702,0.36585601488039826,0.3338271174625305,2.0,0.7869945840114441,0.36393183995696693
wine,P2_Full,,main,clean,0.0,8,0.05,8,0.9438202247191011,0.8089710469087669,0.8393346789301926,-0.01905227390239257,1.0,0.1368302279992364,0.31884283423423765,0.6,0.00826970000343863,0.0011368999985279515,0.013310299997101538,,D,0.15069034802162393,0.9345728991802008,2.656488476130755,26.37081090378419,0.9504853261166173,0.24320849826806232,0.372853095425155,0.33307060755336615,2.0,0.7436922731072625,0.4318169766165047
wine,P2_Full,,main,clean,0.0,8,0.1,17,0.9044943820224719,0.7316027043110153,0.7452604948452362,-0.019073291755266886,1.0,0.1364712538377477,0.2805582781632741,0.6666666666666666,0.0075127000018255785,0.0011457000000518747,0.025260499998694286,,D,0.15672718996287613,0.9350335878494918,2.6508195085700805,26.643622293688942,0.951040268566767,0.24638394190820498,0.37355686949865263,0.33358858336233904,2.0,0.7443126174318307,0.43083975621300796
wine,P2_Full,,main,clean,0.0,8,0.15,26,0.9887640449438202,0.9537059433155869,0.9636510381114426,-0.020810806238977228,1.0,0.13436394781449626,0.3091600206163194,0.5555555555555556,0.007746800001768861,0.0011156999971717596,0.037539599994488526,,D,0.1688086378544723,0.9396584186393051,2.6061909257409988,27.17819069457004,0.9555816639134759,0.2638851172790599,0.3798498785857949,0.33183229813664594,2.0,0.7380713763943527,0.43801657646252923
wine,P2_Full,,main,clean,0.0,8,0.2,35,0.9887640449438202,0.9537059433155869,0.9636510381114426,-0.02586604120639431,1.0,0.1510072354130402,0.2748713062869178,0.6666666666666666,0.006945500004803762,0.0011830000003101304,0.04913739999756217,,D,0.13642345716765136,0.9489543552785352,2.7073271802030074,20.736365489483006,0.9600613604195952,0.21758967296164852,0.3651916195101187,0.3329557337051237,2.0,0.7895631415881674,0.35976254234133853
wine,P2_Full,,main,clean,0.0,10,0.05,8,0.9382022471910112,0.8058324761423736,0.824848761293365,-0.028822876297049903,1.0,0.1368963203985291,0.3005208134651184,0.8,0.008189299995137844,0.0012022999944747426,0.01321000000461936,,D,0.15160569292453707,0.9362976800906148,2.6686539764533435,26.530996261793987,0.9516871361764317,0.24158391888565592,0.371127183725162,0.3316256157635468,2.0,0.7440448597849315,0.4319647941910978
wine,P2_Full,,main,clean,0.0,10,0.1,17,0.9101123595505618,0.7450375258955847,0.7577448645279736,-0.027301422795255145,1.0,0.13740251990900934,0.26824527647760177,0.6666666666666666,0.007455600003595464,0.0011507000017445534,0.02594890000182204,,D,0.15405472796020853,0.9402014357807024,2.6670420682681026,26.18930375323545,0.9546793144090847,0.24211080679609706,0.3712486794004181,0.33122171945701356,2.0,0.74711944764324,0.42700204529293423
wine,P2_Full,,main,clean,0.0,10,0.15,26,0.9775280898876404,0.9087631994688335,0.9308728982369983,-0.024200562730195434,1.0,0.13551576878062724,0.3015081021520827,0.6666666666666666,0.011055800001486205,0.0032581000050413422,0.04377290000411449,,D,0.16734385781635946,0.9450722734948563,2.6255164257929833,26.94236110843387,0.9592028873601287,0.25725830585667914,0.37700793360675044,0.3312111801242236,2.0,0.7414078629111476,0.4337677946347905
wine,P2_Full,,main,clean,0.0,10,0.2,35,0.9887640449438202,0.9537059433155869,0.9636510381114426,-0.019073874295321126,1.0,0.15091286849872088,0.2823316686683231,0.7777777777777778,0.007217000005766749,0.0010619000022416003,0.055660800004261546,,D,0.13546769693504537,0.9524548023560724,2.716615061327979,20.5910899341269,0.9627198881459738,0.21590163252192116,0.36392041787926244,0.3312129661903102,2.0,0.789292617485849,0.36027000007098764
wine,P2_Full,,main,clean,0.0,11,0.05,8,0.9101123595505618,0.7389178253214167,0.7424567943676132,-0.0127429654800221,1.0,0.13598883811764684,0.3932327926158905,0.6,0.00822100000368664,0.00119750000158092,0.013718700000026729,,D,0.1531547073482406,0.9329393606723099,2.647626045974423,26.802073785942106,0.9494489309399217,0.24618867987431783,0.3741203884511186,0.33385878489326765,2.0,0.7412636178383998,0.4359884254774126
wine,P2_Full,,main,clean,0.0,11,0.1,17,0.8651685393258427,0.6640244986718581,0.638329662982847,-0.0346641921313012,1.0,0.13686420760272394,0.25172768698798287,0.6666666666666666,0.008092299998679664,0.0012793999994755723,0.026746100003947504,,D,0.15644756998906306,0.9364716358735888,2.6426695881919042,26.59608689814072,0.9521824890415389,0.2473045447335615,0.37472715697533515,0.3339366515837104,2.0,0.745314038778014,0.43157922951447725
wine,P2_Full,,main,clean,0.0,11,0.15,26,0.9887640449438202,0.9537059433155869,0.9636510381114426,-0.023752953173071228,1.0,0.13184384684099348,0.3096112012863159,0.7777777777777778,0.007280400001036469,0.0013120000003254972,0.03920810000272468,,D,0.1845154266476123,0.9428349353611138,2.5657559902763936,29.70698369026558,0.9585456686741305,0.2748310250720768,0.3859346051664495,0.3347826086956522,2.0,0.7298587695246838,0.45388000487683944
wine,P2_Full,,main,clean,0.0,11,0.2,35,0.9887640449438202,0.9537059433155869,0.9636510381114426,-0.020938144683934522,1.0,0.15087565436526346,0.2884681390391456,0.8888888888888888,0.006895500002428889,0.0014164999956847169,0.05089530000259401,,D,0.13630376877596193,0.9487635906536954,2.6988240226389406,20.718172853946214,0.9599736181443828,0.21879026328561166,0.36636309054972677,0.3338271174625305,2.0,0.7892629888905429,0.359662994045489
wine,P2_Full,,main,clean,0.0,12,0.05,8,0.9775280898876404,0.9087631994688335,0.9308728982369983,-0.018317367433483937,1.0,0.13720013085794489,0.32077488899230955,0.6,0.008595500003139023,0.001171500000054948,0.0140767999982927,,D,0.1504699320243341,0.9387002402960661,2.6572114551101738,26.332238104258465,0.95344535203753,0.24054110183596086,0.37275008518053065,0.33385878489326765,2.0,0.7448189850043705,0.4312653547471694
wine,P2_Full,,main,clean,0.0,12,0.1,17,0.9887640449438202,0.9537059433155869,0.9636510381114426,-0.030287085732590677,1.0,0.14139727018050427,0.2639576296011607,0.8888888888888888,0.007918499999505002,0.0013728999983868562,0.026767700001073536,,D,0.1428721646232761,0.9434237726340721,2.6752984011474124,24.288267985956935,0.9564262345205529,0.22982200284197993,0.37008469458380683,0.3344239470936303,2.0,0.7588229270478207,0.40845378708817237
wine,P2_Full,,main,clean,0.0,12,0.15,26,0.9887640449438202,0.9537059433155869,0.9636510381114426,-0.02006130862143309,1.0,0.14672725008300372,0.22307458188798693,0.6666666666666666,0.00789960000111023,0.0010372999968240038,0.03955709999718238,,D,0.1398836572131081,0.9502600267781622,2.6872313846679643,22.521268811310406,0.9612859969255987,0.22167221719764837,0.36820603149069087,0.3347826086956522,2.0,0.7749693265067824,0.38376987426751263
wine,P2_Full,,main,clean,0.0,12,0.2,35,0.9887640449438202,0.9537059433155869,0.9636510381114426,-0.021589316223293825,1.0,0.1505803191492776,0.30979681346151566,0.8888888888888888,0.011040999997931067,0.0017844000030891038,0.05746660000295378,,D,0.1384180523577161,0.9538339585790685,2.696906689540615,21.039543958372846,0.9638123915783501,0.21614227020897286,0.3666282601429044,0.3352213314743813,2.0,0.788369274797986,0.36210080636543684
wine,P2_Full,,main,clean,0.0,13,0.05,8,0.9775280898876404,0.9087631994688335,0.9308728982369983,-0.030470071255755717,1.0,0.1361203202533633,0.322218257188797,0.6,0.008681999999680556,0.0012323000046308152,0.014574299995729234,,D,0.15048189407350085,0.9353064856806581,2.6422947691610053,26.33433146286265,0.9512271980767912,0.2460944124560128,0.3748868354417909,0.334055829228243,2.0,0.7415002440214508,0.4349293478842122
wine,P2_Full,,main,clean,0.0,13,0.1,17,0.9887640449438202,0.9537059433155869,0.9636510381114426,-0.03144396911829771,1.0,0.14129421594320807,0.2647088865439097,0.8888888888888888,0.008116899996821303,0.0014831000007689,0.027469000000564847,,D,0.14304171773042634,0.9408867300616034,2.6700329203749504,24.31709201417248,0.9546027511088774,0.2320294759800603,0.3708261950047817,0.33470240167072746,2.0,0.7585068102573354,0.4084866690450392
wine,P2_Full,,main,clean,0.0,13,0.15,26,0.9887640449438202,0.9537059433155869,0.9636510381114426,-0.023453062329967876,1.0,0.14655369156274492,0.22382230228847927,0.7777777777777778,0.0076991999958409,0.001215000003867317,0.04039889999694424,,D,0.14014447533801264,0.9472336314230265,2.6814122820938526,22.563260529420035,0.9590706614402271,0.22432906293206797,0.3690186622343069,0.33509316770186337,2.0,0.77437224865502,0.3842074566866356
wine,P2_Full,,main,clean,0.0,13,0.2,35,0.9887640449438202,0.9537059433155869,0.9636510381114426,-0.023293747523643202,1.0,0.15037199198551596,0.30901772114965653,0.8888888888888888,0.011216099999728613,0.0015360000033979304,0.058356599998660386,,D,0.13862556374712195,0.9513672895854539,2.690596431177472,21.071085689562537,0.9620009794255716,0.21865303721457946,0.367503645543674,0.335569884977344,2.0,0.7878003352656008,0.36250350566980016
wine,P2_Full,,main,clean,0.0,14,0.05,8,0.9213483146067416,0.742667259147594,0.7784328868151985,-0.027453771105150886,1.0,0.13521638726543952,0.31722272038459776,0.8,0.008172400004696101,0.0012093999976059422,0.013308000001416076,,D,0.15361350738832422,0.932189789840729,2.645528540219147,26.88236379295674,0.9490604255743835,0.2487919694398409,0.37442156618804595,0.33307060755336615,2.0,0.738912822770895,0.4385133063082549
wine,P2_Full,,main,clean,0.0,14,0.1,17,0.8426966292134831,0.5961159452480249,0.5963774917840351,-0.03216689534883249,1.0,0.13356263795282303,0.2876947257253859,0.5555555555555556,0.007523699998273514,0.0011453999977675267,0.02549200000066776,,D,0.1631018231797774,0.9304293347660471,2.630769034600392,27.727309940562158,0.9484295318691941,0.2587325713016515,0.3764490405884821,0.33177862861120777,2.0,0.7353437062850667,0.4436819675719486
wine,P2_Full,,main,clean,0.0,14,0.15,26,0.7584269662921348,0.48502829005991216,0.4414803489759758,-0.030126990763051906,1.0,0.12830330859647224,0.2911164363225301,0.7777777777777778,0.007306200001039542,0.001288400002522394,0.03866790000029141,,D,0.19026305235852506,0.9302312497490244,2.5701517940283503,30.632351429722533,0.9503097389813104,0.28778628196805467,0.3852638406758634,0.3293478260869565,2.0,0.720067573823666,0.46458671821833847
wine,P2_Full,,main,clean,0.0,14,0.2,35,0.9775280898876404,0.9087631994688335,0.9308728982369983,-0.013000731850861666,1.0,0.1170509124641319,0.31495504909091526,0.6666666666666666,0.006319300002360251,0.002341400002478622,0.05038809999678051,,D,0.23830381329223707,0.9276884703972932,2.4075290770020765,36.222179620420036,0.9527983526818002,0.34724590148300677,0.41149185895512147,0.32964447542697806,2.0,0.6878541983019434,0.5051216560717353
wine,P2_Full,,main,clean,0.0,15,0.05,8,0.9550561797752809,0.8207929701699325,0.8722713222568403,-0.017310187372227143,1.0,0.13651281480085803,0.3617032289505005,0.6,0.007789399998728186,0.0011309000037726946,0.012742099999741185,,D,0.15170351788201336,0.932510683446778,2.648646558637411,26.54811562935234,0.9489499588535288,0.24358337358160764,0.37397402705460214,0.3351724137931035,2.0,0.7435049848991178,0.43232131535662793
wine,P2_Full,,main,clean,0.0,15,0.1,17,0.9325842696629213,0.7687603897791723,0.8218347323357028,-0.02771100107138264,1.0,0.13870600686428117,0.26202120383580524,0.6666666666666666,0.0073118000000249594,0.0010849999962374568,0.024335800000699237,,D,0.15509222095944014,0.9407591243902431,2.6644618934071276,26.365677563104825,0.95493818270609,0.23934585993039562,0.37161391405400307,0.33358858336233904,2.0,0.7503865357932747,0.42397572871973305
wine,P2_Full,,main,clean,0.0,15,0.15,26,0.9213483146067416,0.7692931482044307,0.808298379596206,-0.013037047568616898,1.0,0.13726427378099124,0.2857097056176927,0.6666666666666666,0.006725200000801124,0.0010170999958063476,0.03512449999834644,,D,0.17550639670211238,0.9416947554406707,2.638211703648099,28.256529869040094,0.9564362907953725,0.2528337796388339,0.3751636669201206,0.3338509316770186,2.0,0.7468780858380674,0.4300675491080528
wine,P2_Full,,main,clean,0.0,15,0.2,35,0.8876404494382022,0.7153414517803942,0.744397839461608,-0.011137695151820696,1.0,0.1350136920730056,0.2447417974472046,0.8888888888888888,0.006251099999644794,0.0009497999999439344,0.04640169999765931,,D,0.1987099533225859,0.943660832886557,2.5969165866848076,30.203912905033057,0.9589173715518031,0.2707980867826097,0.3809996819068997,0.3341756709654932,2.0,0.7413405378189387,0.4373045639010788
wine,P2_Full,,main,clean,0.0,16,0.05,8,0.9550561797752809,0.8207929701699325,0.8722713222568403,-0.013238509563703363,1.0,0.13451239564847378,0.3928409397602081,0.6,0.008406200002355035,0.002028099996095989,0.014569400002073962,,D,0.15525974421194447,0.930744045813893,2.632619237479098,27.17045523709028,0.9480933804497564,0.2505103689603594,0.3762857600963461,0.3351724137931035,2.0,0.7373611103865542,0.4409517551965349
wine,P2_Full,,main,clean,0.0,16,0.1,17,0.9325842696629213,0.7687603897791723,0.8218347323357028,-0.03239908293151941,1.0,0.1384555309811066,0.29685863852500916,0.7777777777777778,0.007310499997402076,0.001243300001078751,0.026571200003672857,,D,0.15564836556020467,0.9379918906798514,2.6621029303855126,26.460222145234795,0.9529617855807551,0.24141834132716175,0.37194845477836064,0.33358858336233904,2.0,0.7497553177420575,0.4239165758228157
wine,P2_Full,,main,clean,0.0,16,0.15,26,0.9044943820224719,0.7145381911563765,0.7621580858634524,-0.0248094436025167,1.0,0.13881800001655545,0.3221626149283515,0.6666666666666666,0.007247400004416704,0.001033200001984369,0.039082800001779106,,D,0.16825746698499391,0.9413210373986316,2.6489331328422776,27.08945218458402,0.9558659626848462,0.2478729112002991,0.3736199134848694,0.3338509316770186,2.0,0.751380972533215,0.4220363714579067
wine,P2_Full,,main,clean,0.0,16,0.2,35,0.8876404494382022,0.6978334399488939,0.7372432212211157,-0.027335800146880793,1.0,0.13541150969657398,0.28375503089692855,0.7777777777777778,0.006916100006492343,0.0011506999944685958,0.051216899999417365,,D,0.20001161613245438,0.9440086863187187,2.6016022715944103,30.401765652133065,0.9591676536680348,0.27073784043727456,0.38030154464518345,0.3329557337051237,2.0,0.7424955716906098,0.4359292329114702
wine,P2_Full,,main,clean,0.0,17,0.05,8,0.9269662921348315,0.7816410769967962,0.7837275561712721,-0.022458598899590905,1.0,0.13845693784145968,0.3192942440509796,0.6,0.00778359999821987,0.0015015000026323833,0.013044000006630085,,D,0.14560522814859464,0.936615288701524,2.6690180129554872,25.48091492600406,0.9517204357941373,0.23830899886068535,0.371075780548056,0.3321510673234811,2.0,0.7486552377663876,0.4239203671117689
wine,P2_Full,,main,clean,0.0,17,0.1,17,0.9044943820224719,0.7568563282641282,0.7273537062009344,-0.029566212769382674,1.0,0.13669668458200307,0.28548307882414925,0.6666666666666666,0.007107299999915995,0.0010488999978406355,0.024387000004935544,,D,0.14931791462758404,0.940230694265232,2.6394655631018686,25.38404548668929,0.9549867455688537,0.2468834315911757,0.37518921791610255,0.3326139923424991,2.0,0.7448399637784676,0.4304359047083715
wine,P2_Full,,main,clean,0.0,17,0.15,26,0.9887640449438202,0.9537059433155869,0.9636510381114426,-0.030293495034010062,1.0,0.13401057530980792,0.2503339582019382,0.7777777777777778,0.00696540000353707,0.0011069999964092858,0.037415200000396,,D,0.1554123738634585,0.947977920387677,2.573525742830651,25.02139219201682,0.961844630067902,0.26655431277568925,0.38475055742718706,0.33260869565217394,2.0,0.736247951107357,0.4406411093777862
wine,P2_Full,,main,clean,0.0,17,0.2,35,0.9887640449438202,0.9537059433155869,0.9636510381114426,-0.01726885207624381,1.0,0.1500962517288132,0.315655208296246,0.7777777777777778,0.007121000002371147,0.0026412000006530434,0.05054770000424469,,D,0.13701961204358623,0.9500242762001246,2.694203237576679,20.826981030625106,0.9610868058030939,0.2213580667139198,0.367002792223942,0.33278145695364236,2.0,0.7868556753286633,0.36337230881344645
wine,P2_Full,,main,clean,0.0,18,0.05,8,0.9213483146067416,0.7780889306682082,0.7836509457111227,-0.02011436109856467,1.0,0.13707190226194324,0.3235791563987732,0.6,0.007696600005147047,0.0010450999980093911,0.012732000002870336,,D,0.14823961603036148,0.934773737875957,2.656412178700837,25.941932805313257,0.9506103978823346,0.2427957618705866,0.3728639695749297,0.33274220032840723,2.0,0.7445052044231786,0.431337077105225
wine,P2_Full,,main,clean,0.0,18,0.1,17,0.9775280898876404,0.9087631994688335,0.9308728982369983,-0.02929959776343654,1.0,0.13455021566700257,0.26724910404947066,0.6666666666666666,0.007750299999315757,0.001276399998459965,0.025176200004352722,,D,0.16140472556720314,0.9314160516074598,2.641070572188301,27.438803346424535,0.948942920466506,0.2555535117157625,0.3749576151692793,0.3305951966585451,2.0,0.738447514922335,0.4393121517977764
wine,P2_Full,,main,clean,0.0,18,0.15,26,0.9887640449438202,0.9537059433155869,0.9636510381114426,-0.02760153277763601,1.0,0.14639586440844052,0.3264387316173977,0.8888888888888888,0.007508299997425638,0.0010892000063904561,0.03718579999986105,,D,0.140521565901746,0.9457891252457875,2.6964947359242624,22.623972110181107,0.9580010672373681,0.22526738494718135,0.3669196511749701,0.33175465838509316,2.0,0.7740212660123076,0.3841271506424868
wine,P2_Full,,main,clean,0.0,18,0.2,35,0.9887640449438202,0.9537059433155869,0.9636510381114426,-0.02126240565152525,1.0,0.1526759556539119,0.24434173107147217,0.7777777777777778,0.006926000001840293,0.001014900000882335,0.0482895000022836,,D,0.13461024326234133,0.9560478196361202,2.725538272009416,20.46075697587588,0.9652695578664033,0.20981298661264236,0.36270728772275623,0.33182293482049496,2.0,0.7947625561078315,0.3532440497880438
wine,P2_Full,,main,clean,0.0,19,0.05,8,0.9719101123595506,0.8920222215557123,0.9133577991086984,-0.022828515218614946,1.0,0.138909398214885,0.30521329045295714,0.6,0.00817770000139717,0.0011717000015778467,0.013291299997945316,,D,0.14440899994001394,0.9369911436906861,2.6713762755288366,25.27157498950244,0.9518364334330617,0.2356063990353864,0.37074312529223763,0.3333333333333333,2.0,0.7507429831944501,0.4210066586281843
wine,P2_Full,,main,clean,0.0,19,0.1,17,0.9887640449438202,0.9537059433155869,0.9636510381114426,-0.024665763844821685,1.0,0.14204913660649957,0.2771041327052646,0.6666666666666666,0.00796029999764869,0.0011396000045351684,0.02591519999987213,,D,0.1419184387169305,0.9404267258406254,2.681248259581726,24.126134581878183,0.9541253732993484,0.22994619067059296,0.36925032283310827,0.33358858336233904,2.0,0.7608276364915972,0.405484118580244
wine,P2_Full,,main,clean,0.0,19,0.15,26,0.9887640449438202,0.9537059433155869,0.9636510381114426,-0.028363206463513577,1.0,0.14730054121342853,0.22570571965641445,0.7777777777777778,0.007639199997356627,0.0010579000008874573,0.03793679999944288,,D,0.1377518773592678,0.9487957936349097,2.6943406277455377,22.178052254842115,0.9601053862047555,0.22087233398770856,0.36721799793535,0.3338509316770186,2.0,0.7766785686695179,0.3809578691000393
wine,P2_Full,,main,clean,0.0,19,0.2,35,0.9887640449438202,0.9537059433155869,0.9636510381114426,-0.024205120998608096,1.0,0.15125874623697033,0.3078061706489987,0.8888888888888888,0.007354800000030082,0.0010011999984271824,0.04957690000446746,,D,0.135802133697436,0.9535979505685888,2.7055311836767415,20.64192432201027,0.96354551176552,0.21437762596316015,0.3654384386563258,0.3341756709654932,2.0,0.7903922963935512,0.35886488933787364
wine,P2_Full,,main,clean,0.0,20,0.05,8,0.9382022471910112,0.797940050771874,0.8249943648079151,-0.009652069540643625,1.0,0.1353616693113786,0.3152172267436981,0.8,0.008602100002462976,0.0013756999978795648,0.014478500001132488,,D,0.15389853061084197,0.9335758981050083,2.647913760469933,26.932242856897346,0.9500318968756682,0.247741381534595,0.3740791131678982,0.33307060755336615,2.0,0.7392421611202491,0.43854425546601783
wine,P2_Full,,main,clean,0.0,20,0.1,17,0.9775280898876404,0.9087631994688335,0.9308728982369983,-0.03325826268587892,1.0,0.13530778047848982,0.2755049996905857,0.5555555555555556,0.007713499995588791,0.0014196999982232228,0.027214500005356967,,D,0.15793176727503025,0.9342226961977967,2.641300151474221,26.848400436755142,0.9507371845442784,0.2510666657323295,0.37492450989769366,0.3326139923424991,2.0,0.7409433867313114,0.4353989988413925
wine,P2_Full,,main,clean,0.0,20,0.15,26,0.9887640449438202,0.9537059433155869,0.9636510381114426,-0.030082486176887333,1.0,0.14550243784653852,0.24171621600786844,0.7777777777777778,0.007231399999000132,0.0012659999993047677,0.039056800000253133,,D,0.14261906736569016,0.9460088938316707,2.6859309606573505,22.961669845876116,0.9583102332696489,0.22784010758412698,0.3683873286354806,0.3327639751552795,2.0,0.7713034664043478,0.38833448887539795
wine,P2_Full,,main,clean,0.0,20,0.2,35,0.9887640449438202,0.9537059433155869,0.9636510381114426,-0.028945702406822666,1.0,0.1497351808455856,0.26411232683393693,0.7777777777777778,0.006670399998256471,0.0011158999986946583,0.05022630000166828,,D,0.1397513767119025,0.9511972893590314,2.6948269061701615,21.24220926020918,0.9620192737728775,0.2217496584044534,0.36691632345287445,0.3329557337051237,2.0,0.7858468362165958,0.36495668180112595
wine,P2_Full,,main,clean,0.0,21,0.05,8,0.9438202247191011,0.8162476817299315,0.8391713618581365,-0.014908695463615127,1.0,0.13814909617344528,0.31369762420654296,0.8,0.008339499996509403,0.0011947000020882115,0.013516299994080327,,D,0.14808285932881185,0.9349974599952638,2.6721649860207854,25.914500382542073,0.9505202866347187,0.23880338581113644,0.3706320012361975,0.33241379310344826,2.0,0.747741286149165,0.42585756151162946
wine,P2_Full,,main,clean,0.0,21,0.1,17,0.9101123595505618,0.7450375258955847,0.7577448645279736,-0.029850410374087834,1.0,0.13804655583348013,0.27153099576632184,0.6666666666666666,0.007599000004120171,0.001219800004037097,0.0258280999987619,,D,0.15270878244030553,0.9361316003532095,2.6682653369082163,25.96049301485194,0.9515746236048241,0.2417944294364457,0.37107576738271536,0.33198746954403063,2.0,0.7490209712976419,0.423833884404464
wine,P2_Full,,main,clean,0.0,21,0.15,26,0.8820224719101124,0.6971646841687938,0.6977672050338136,-0.028080299189586308,1.0,0.13624584582929306,0.2997291816605462,0.6666666666666666,0.007225800000014715,0.0011977000031038187,0.03817949999938719,,D,0.16548956155339908,0.9411161623811287,2.6289334670240727,26.64381941009725,0.956246401134575,0.25695062287511927,0.37650978172207805,0.3312111801242236,2.0,0.743716322694878,0.4301324124061507
wine,P2_Full,,main,clean,0.0,21,0.2,35,0.9887640449438202,0.9537059433155869,0.9636510381114426,-0.02172590732531711,1.0,0.1287736065725994,0.27791453732384575,0.7777777777777778,0.0066866999986814335,0.001676199994108174,0.04995709999639075,,D,0.18392962771123939,0.9446625614065896,2.5121571804176,27.957303412108388,0.960992807289025,0.29510303146521294,0.3940779349930654,0.3312129661903102,2.0,0.7227839815949795,0.45488082804192775
wine,P2_Full,,main,clean,0.0,22,0.05,8,0.9382022471910112,0.7932370847331245,0.8252042541307996,-0.02305579271366475,1.0,0.1388331746022788,0.31989866495132446,0.6,0.008145699997839984,0.0010860000038519502,0.01309919999766862,,D,0.14524031527531245,0.9367312307940923,2.6628669014368342,25.417055173179676,0.9517653543318902,0.23762313897508436,0.3719462257522064,0.33385878489326765,2.0,0.7499057402180795,0.4229281587414204
wine,P2_Full,,main,clean,0.0,22,0.1,17,0.8932584269662921,0.7033424346902223,0.7175387821383805,-0.02506100739661248,1.0,0.13660550915362718,0.2850945724381341,0.6666666666666666,0.008519599999999627,0.0012117999940528534,0.029642699999385513,,D,0.15444401382852377,0.9348160911828377,2.6417348671525502,26.255482350849043,0.9509164184655703,0.24699849356830106,0.37486183977631954,0.3344239470936303,2.0,0.7447050703547503,0.4297330428085385
wine,P2_Full,,main,clean,0.0,22,0.15,26,0.9887640449438202,0.9537059433155869,0.9636510381114426,-0.015065213764199507,1.0,0.1341704250004931,0.3115391863716973,0.5555555555555556,0.008074999997916166,0.0014109000039752573,0.04313189999811584,,D,0.16846835499440427,0.9384091809240165,2.594017610187838,27.12340515409909,0.9548026586672377,0.2661675553136723,0.3816617844258333,0.33260869565217394,2.0,0.7374832583069749,0.4383618164029947
wine,P2_Full,,main,clean,0.0,22,0.2,35,0.9887640449438202,0.9537059433155869,0.9636510381114426,-0.025237789247138934,1.0,0.1516365926027393,0.223233120308982,0.7777777777777778,0.007099499998730607,0.0011513999997987412,0.05468449999898439,,D,0.13374097383713032,0.9498781279986298,2.7035907970068145,20.32862802324381,0.9607002959982719,0.21591707507146535,0.3657054694949772,0.3338271174625305,2.0,0.791537793526779,0.356409587793144
wine,P2_Full,,main,clean,0.0,23,0.05,8,0.9438202247191011,0.7885652836139131,0.8408618535164771,-0.015173930049292595,1.0,0.13532388572154,0.3538933515548706,0.6,0.007738300002529286,0.0011085000005550683,0.012699800005066209,,D,0.15371751699361855,0.9329870809379581,2.6393492190362804,26.900565473883248,0.9495128914927218,0.24660633779381771,0.37531162819213987,0.3355665024630542,2.0,0.7398050097533944,0.4377718093476664
wine,P2_Full,,main,clean,0.0,23,0.1,17,0.9325842696629213,0.7687603897791723,0.8218347323357028,-0.004230649783940161,1.0,0.13735544079433637,0.3193897439373864,0.6666666666666666,0.00865429999976186,0.00109859999793116,0.026201100001344457,,D,0.160468087037405,0.936296144734118,2.6537844867651046,27.27957479635885,0.9519472161923237,0.24568483952631295,0.3731328967804643,0.33358858336233904,2.0,0.7463549721360844,0.4300191701740852
wine,P2_Full,,main,clean,0.0,23,0.15,26,0.9101123595505618,0.7405145246893301,0.7791268534477213,-0.016974887664356415,1.0,0.13862926220343277,0.32552119758394027,0.7777777777777778,0.0075586999955703504,0.001127199997426942,0.03823290000582347,,D,0.16935204081924626,0.9435328310212757,2.6487811875399725,27.265678571898647,0.957497583741398,0.24730747038839393,0.37364170443125355,0.3338509316770186,2.0,0.7508006152589057,0.4237342980139545
wine,P2_Full,,main,clean,0.0,23,0.2,35,0.8820224719101124,0.6894040562461647,0.7273908011021425,-0.029549082423910484,1.0,0.13575088289366527,0.23883621229065788,0.8888888888888888,0.006565200004843064,0.0010261999996146187,0.049246900001890026,,D,0.19870637586503648,0.9451852403261932,2.6057976666679212,30.203369131485545,0.9598468115837139,0.2674748798456682,0.3796785878742292,0.3341756709654932,2.0,0.7436138154366471,0.43449841269843326
wine,P2_Full,,main,clean,0.0,25,0.05,8,0.9550561797752809,0.8234745540631672,0.8721652587567043,-0.02001996752860345,1.0,0.1370667953342853,0.31790146231651306,0.6,0.008705199994437862,0.001177799997094553,0.013974699999380391,,D,0.15135543270939966,0.9362804596797132,2.669348079624455,26.48720072414494,0.9515901976174574,0.2402675515358351,0.3710291861444829,0.33241379310344826,2.0,0.7450110287093711,0.4308505311924454
wine,P2_Full,,main,clean,0.0,25,0.1,17,0.9438202247191011,0.8124985450280263,0.8520873274789127,-0.018214278325410022,1.0,0.1381574309448865,0.2647550834549798,0.8888888888888888,0.007742000001599081,0.0011239000014029443,0.026078599999891594,,D,0.1554755617426423,0.9410562069334775,2.6696036065868776,26.43084549624919,0.9551607970533993,0.23928881034180716,0.370886781196817,0.33289244691959624,2.0,0.7487512741824365,0.42589743703793714
wine,P2_Full,,main,clean,0.0,25,0.15,26,0.9213483146067416,0.7708495182515108,0.8084413407104599,-0.021236254637880928,1.0,0.1383111779895141,0.2711846066845788,0.8888888888888888,0.006910099997185171,0.0009914999973261729,0.03748839999752818,,D,0.17051501658607493,0.9420323105370779,2.650564205741068,27.45291767035806,0.9564622448285113,0.2489306443835949,0.3733861536236259,0.3330745341614907,2.0,0.7498984984075358,0.4247076603684281
wine,P2_Full,,main,clean,0.0,25,0.2,35,0.8932584269662921,0.7242620475661858,0.7552937601657358,-0.018357129126799515,1.0,0.13650466142636222,0.29528551631503636,0.8888888888888888,0.007336100003158208,0.0009776000006240793,0.049643999998806976,,D,0.19033057211383952,0.9455835869874234,2.6160488718076786,28.93024696130361,0.9599326496337058,0.263689976091701,0.37816483485917335,0.3333042872080864,2.0,0.7460194464204194,0.42987632352035143
wine,P2_Full,,main,clean,0.0,24,0.05,8,0.9606741573033708,0.8390568221413046,0.8865577538523808,-0.02963582803928714,1.0,0.13719050948821707,0.3169669687747955,0.6,0.00877559999935329,0.001403900001605507,0.014387699993676506,,D,0.1499647889965332,0.9331071661007436,2.6615078536287626,26.24383807439331,0.9493101063800607,0.2422223627678781,0.3721390875999428,0.3329392446633826,2.0,0.7453812889456716,0.42974822134738966
wine,P2_Full,,main,clean,0.0,24,0.1,17,0.949438202247191,0.8207758590448542,0.8644684864896337,-0.022099227358551226,1.0,0.1397591140149287,0.2697390649053786,0.8888888888888888,0.008020100001886021,0.001202999999804888,0.026991599996108562,,D,0.14993758999428028,0.9423959264636502,2.6685631564021937,25.489390299027647,0.9559891545720625,0.23597685500200805,0.3710336938636658,0.3333797424295162,2.0,0.7536207077264454,0.4185252428805551
wine,P2_Full,,main,clean,0.0,24,0.15,26,0.9269662921348315,0.7794492890987497,0.8198916466262289,-0.031260190680287896,1.0,0.1402389806660276,0.27374255657196045,0.8888888888888888,0.007160599998314865,0.0010994999975082465,0.041831399998045526,,D,0.16545033634833378,0.944653657675205,2.6549880762948765,26.63750415208174,0.9581268145122388,0.2434335544337827,0.3727535853585659,0.3336180124223602,2.0,0.7556773046443028,0.4165161358370011
wine,P2_Full,,main,clean,0.0,24,0.2,35,0.9044943820224719,0.7583235831544782,0.7830775604537416,-0.028305135215948365,1.0,0.13885769671054268,0.23882964584562513,1.0,0.0078068000002531335,0.002625500004796777,0.056051499996101484,,D,0.18429946772802125,0.9484053174514122,2.629289661374614,28.01351909465923,0.9615859910819889,0.25546573754309254,0.3762270915884502,0.33391425583827117,2.0,0.7528594993782629,0.4204250037870353
wine,P2_Full,,main,clean,0.0,26,0.05,8,0.9325842696629213,0.7768033067514355,0.8086572988173987,-0.01860546598273736,1.0,0.138851655420552,0.31773701310157776,0.6,0.007622199998877477,0.0009904999969876371,0.01237560000299709,,D,0.14609842310240903,0.937720393391065,2.6661976426367366,25.56722404292158,0.9524448077515525,0.2364243315302987,0.37147439321100706,0.33385878489326765,2.0,0.7498698775918026,0.4227084627452031
wine,P2_Full,,main,clean,0.0,26,0.1,17,0.8820224719101124,0.6694645598018873,0.6890637619051594,-0.022801222724262403,1.0,0.13538140573060853,0.2770943211184608,0.7777777777777778,0.008512400003382936,0.0010588999939500354,0.0256468000006862,,D,0.15907561986592697,0.9356315006448862,2.638398023333722,27.042855377207587,0.9516795050900666,0.24931456544676275,0.3753434199017275,0.3342847198050818,2.0,0.7410738985616865,0.435831734868001
wine,P2_Full,,main,clean,0.0,26,0.15,26,0.9831460674157303,0.9276465009452134,0.9471317617859916,-0.029658824333746406,1.0,0.12874123721378575,0.3210025197929806,0.5555555555555556,0.00823399999353569,0.0011424999975133687,0.03926280000450788,,D,0.17907228395065788,0.9373120321841477,2.5444969233746453,28.830637716055918,0.9551428602734208,0.28443780697520377,0.3892112759623456,0.33260869565217394,2.0,0.7209770480730278,0.4616739548469786
wine,P2_Full,,main,clean,0.0,26,0.2,35,0.9887640449438202,0.9537059433155869,0.9636510381114426,-0.024383019580224208,1.0,0.15161782921514,0.26678476730982464,0.6666666666666666,0.007653000000573229,0.0018126999930245802,0.05213880000519566,,D,0.13456267480693143,0.9537754948437199,2.708387245471606,20.45352657065358,0.9636951880406767,0.2145981479611161,0.36504609111395714,0.33278145695364236,2.0,0.7913453888291684,0.3571564083364406
wine,P2_Full,,main,clean,0.0,27,0.05,8,0.9719101123595506,0.8920222215557123,0.9133577991086984,-0.022226008048444653,1.0,0.13923878819262037,0.30279051065444945,0.6,0.007867300002544653,0.0008788999984972179,0.012692399999650661,,D,0.14485100632237952,0.9371494065794312,2.674996651858292,25.348926106416414,0.9518924866176813,0.23457344212481773,0.37023357833834386,0.3333333333333333,2.0,0.7516783919285203,0.42005028167639175
wine,P2_Full,,main,clean,0.0,27,0.1,17,0.9887640449438202,0.9537059433155869,0.9636510381114426,-0.01482949805242206,1.0,0.14240105423108798,0.2736036446359422,0.8888888888888888,0.008163999998942018,0.0009787000017240644,0.025323699999717064,,D,0.14251720331883252,0.9403212843495998,2.6858470034690543,24.22792456420153,0.9539758710492764,0.2288016179782662,0.3686079559503013,0.33358858336233904,2.0,0.7618651944126712,0.4044390183553461
wine,P2_Full,,main,clean,0.0,27,0.15,26,0.9887640449438202,0.9537059433155869,0.9636510381114426,-0.021265224463057477,1.0,0.14764125018184945,0.22613731688923305,0.7777777777777778,0.007661999996344093,0.0009585000007064082,0.03726740000274731,,D,0.13816710722596812,0.9488432272047558,2.6992296657278456,22.244904263380867,0.9600707201391698,0.21947226771618902,0.36654154596452815,0.3338509316770186,2.0,0.7777275394389297,0.37990083767366917
wine,P2_Full,,main,clean,0.0,27,0.2,35,0.9887640449438202,0.9537059433155869,0.9636510381114426,-0.020438283011658735,1.0,0.15166361651781585,0.3068678743309445,0.8888888888888888,0.007236199999169912,0.0009104999990086071,0.04863749999640277,,D,0.1361276255460639,0.9536344277062109,2.71132462477768,20.691399083001713,0.9634954751768796,0.21268037862631278,0.3646434349115566,0.3341756709654932,2.0,0.7916208232557962,0.35755938063330733
wine,P2_Full,,main,clean,0.0,28,0.05,8,0.949438202247191,0.8208537094595312,0.8539573002754074,-0.021306734289036823,1.0,0.13798874018441964,0.31857162714004517,0.6,0.008526400000846479,0.0011834999968414195,0.013790000004519243,,D,0.14756652531845793,0.9353816547483347,2.66299480633592,25.824141930730136,0.9508757732380217,0.23977894248673504,0.3719280849620021,0.3333333333333333,2.0,0.747359077412604,0.42591585407326626
wine,P2_Full,,main,clean,0.0,28,0.1,17,0.9101123595505618,0.7400001765913676,0.7579015713077266,-0.025300098993193847,1.0,0.13681365258720962,0.28050755129920113,0.8888888888888888,0.008100399994873442,0.0011639000003924593,0.026690400001825765,,D,0.15468215078573028,0.9355574505168585,2.650351627455437,26.29596563357415,0.951370801512926,0.24538679991554663,0.37362386013112187,0.3339366515837104,2.0,0.7453003708062657,0.42890418293122345
wine,P2_Full,,main,clean,0.0,28,0.15,26,0.9887640449438202,0.9537059433155869,0.9636510381114426,-0.007943967971927443,1.0,0.13499359389164037,0.3110448684957292,0.5555555555555556,0.007543900006567128,0.0011291999981040135,0.03897220000362722,,D,0.16696103864547554,0.9391909454696602,2.6101914226149607,26.88072722192156,0.9551321284933051,0.26215146982249754,0.37925812453130786,0.33206521739130435,2.0,0.7401128911578704,0.4348550018105651
wine,P2_Full,,main,clean,0.0,28,0.2,35,0.9887640449438202,0.9537059433155869,0.9636510381114426,-0.03046318666624939,1.0,0.15067589811716603,0.22482954462369284,0.7777777777777778,0.006933299999218434,0.001163600005384069,0.05032449999998789,,D,0.13594366554629458,0.9498380653202836,2.7045150896785732,20.663437163036775,0.9607617268568982,0.2177679470770443,0.36557822301359827,0.3333042872080864,2.0,0.788631138088726,0.36071479174137666
wine,P2_Full,,main,clean,0.0,29,0.05,8,0.9438202247191011,0.8056011499679014,0.8301065705611242,-0.023034988333628277,1.0,0.13752597884212225,0.3203610897064209,0.6,0.0084631999998237,0.00153159999899799,0.014419899998756591,,D,0.14929434240149858,0.9354601228696858,2.669221276983592,26.12650992026225,0.9509603352044406,0.24016488756955345,0.37104708508447026,0.3322167487684729,2.0,0.7460126087954175,0.42931550991848205
wine,P2_Full,,main,clean,0.0,29,0.1,17,0.9887640449438202,0.9471420581416141,0.9650516223023584,-0.020093882742939176,1.0,0.13688903083640522,0.2751494083139632,0.7777777777777778,0.008075799996731803,0.0015733999971416779,0.027769599997554906,,D,0.1478465657842057,0.9422261236580839,2.6515891138358887,25.133916183314973,0.9562413819363774,0.2425881586229175,0.3734467298055782,0.33289244691959624,2.0,0.7456049404989543,0.42886759159281385
wine,P2_Full,,main,clean,0.0,29,0.15,26,0.9943820224719101,0.973263736046785,0.9816911130140138,-0.020107432059853412,1.0,0.14695883919447403,0.3189087443881565,0.7777777777777778,0.00748359999852255,0.0012970000025234185,0.039966299998923205,,D,0.13772219487511797,0.948494587823415,2.7012285417998108,22.173273374893995,0.9598520203543323,0.2205094969821542,0.366265684781541,0.3330745341614907,2.0,0.7754449463366977,0.3828435907848829
wine,P2_Full,,main,clean,0.0,29,0.2,35,0.9943820224719101,0.973263736046785,0.9816911130140138,-0.02586428047929129,1.0,0.1522872903233653,0.25578002134958905,1.0,0.00701880000269739,0.0011489999960758723,0.05143839999800548,,D,0.13070730480661727,0.9574156291085133,2.7229017771000104,19.867510330605825,0.9662487019600495,0.20742522823795242,0.3630648974452452,0.3333042872080864,2.0,0.7934065961467751,0.3548422613727004
wine,P2_Full,,main,clean,0.0,0,0.05,8,0.949438202247191,0.8046773605586776,0.8562347692769605,-0.02592819040817753,1.0,0.13717869368290297,0.251931357383728,0.6,0.008785899997747038,0.0011618999997153878,0.014240399999835063,,E,0.15141822275419276,0.9349838712508822,2.663176969929345,26.49818898198373,0.9506876816666966,0.241537149595783,0.3719022516529758,0.33307060755336615,2.5005915992900807,0.7453917564061634,0.43010719892812854
wine,P2_Full,,main,clean,0.0,0,0.1,17,0.9269662921348315,0.7499494651411369,0.8053302787588301,-0.02217685596020586,1.0,0.13710242740412962,0.2679038478268517,0.6666666666666666,0.007886199993663467,0.0010961000007227995,0.027055300000938587,,E,0.1570508849963292,0.9400485706717132,2.6558530960484394,26.69865044937596,0.9547069328742047,0.24450396540546274,0.37283765964292015,0.3326139923424991,2.5016220175805777,0.7454653707203472,0.4303424724306529
wine,P2_Full,,main,clean,0.0,0,0.15,26,0.9044943820224719,0.7145381911563765,0.7621580858634524,-0.02635169788944529,1.0,0.13620466399451026,0.24022254678938124,0.8888888888888888,0.007864199993491638,0.0010650999975041486,0.03973509999923408,,E,0.17610753076608507,0.9441029211306974,2.6303070308947603,28.353312453339697,0.9584224447332109,0.25617659978252577,0.3763099020117817,0.3327639751552795,2.501283247783481,0.7433354360811476,0.43464852008462906
wine,P2_Full,,main,clean,0.0,0,0.2,35,0.9887640449438202,0.9471420581416141,0.9650516223023584,-0.020456693018374,1.0,0.13059352998876206,0.22507556279500326,0.7777777777777778,0.006966299995838199,0.0012217000039527193,0.05110639999475097,,E,0.21699480922735995,0.9463562935651392,2.5594838182718074,32.98321100255871,0.9617690217501987,0.2873166156737341,0.38666870465407527,0.3329557337051237,2.500850562679927,0.728014016311942,0.4572904944711825
wine,P2_Full,,main,clean,0.0,1,0.05,8,0.9775280898876404,0.9087631994688335,0.9308728982369983,-0.026544508737350585,1.0,0.13640391445839062,0.23978211283683776,0.6,0.008249200000136625,0.001371499995002523,0.013517999999749009,,E,0.15082149937755285,0.93360472582937,2.6521873115835395,26.393762391071746,0.9498670088767079,0.24493133359981928,0.3734670874477879,0.33307060755336615,2.5005915992900807,0.7425969808412392,0.4330657567236323
wine,P2_Full,,main,clean,0.0,1,0.1,17,0.9831460674157303,0.9276465009452134,0.9471317617859916,-0.037041596960321124,1.0,0.13977435716921321,0.25468701124191284,0.7777777777777778,0.007770099997287616,0.001214099997014273,0.025936300000466872,,E,0.14579664999656194,0.9410184839379364,2.66503186466211,24.785430499415533,0.9549558923638747,0.2363012915990922,0.3715331713571552,0.33358858336233904,2.49942612687813,0.7539263621156108,0.4153146602004366
wine,P2_Full,,main,clean,0.0,1,0.15,26,0.9831460674157303,0.9276465009452134,0.9471317617859916,-0.03461054750148403,1.0,0.14461110458135662,0.1930963463253445,0.7777777777777778,0.007758100000501145,0.001104700000723824,0.0382884999999078,,E,0.14384355661526688,0.9478033584874115,2.673485740065214,23.15881261505797,0.9598096661444727,0.2300206930778412,0.37013128564525455,0.3338509316770186,2.4988372093023257,0.7684646844036673,0.3926275884949145
wine,P2_Full,,main,clean,0.0,1,0.2,35,0.9831460674157303,0.9276465009452134,0.9471317617859916,-0.0378336388711181,1.0,0.14802617733626358,0.18383686078919304,0.8888888888888888,0.006846399999631103,0.0010311000005458482,0.049261400003160816,,E,0.14397367416092485,0.9528393842454601,2.6795659265494063,21.883998472460576,0.9634946292108069,0.22593523843719177,0.3690437458717292,0.3341756709654932,2.498109517601043,0.7806397854331697,0.37310286105120416
wine,P2_Full,,main,clean,0.0,2,0.05,8,0.9438202247191011,0.8017223275317318,0.8301692191254648,-0.02542139026918805,1.0,0.13691380989657406,0.2341045618057251,0.6,0.008101299994450528,0.001066600001649931,0.013366099999984726,,E,0.14999703983254084,0.9346269940286819,2.6560020681184713,26.249481970694646,0.9505231499948849,0.24316085408673496,0.3729224305298134,0.3333333333333333,2.5,0.7438447840930243,0.43143262486857303
wine,P2_Full,,main,clean,0.0,2,0.1,17,0.9831460674157303,0.9276465009452134,0.9471317617859916,-0.026530281402578116,1.0,0.13642270301767254,0.2522875765959422,0.8888888888888888,0.007964000003994443,0.0011696000001393259,0.02597070000047097,,E,0.15116885288297244,0.9392788771141724,2.6398109927960944,25.698704990105313,0.9542486196491443,0.24653270268270858,0.3751393486414202,0.3339366515837104,2.4986449864498645,0.7440168182960664,0.43052865306280985
wine,P2_Full,,main,clean,0.0,2,0.15,26,0.9831460674157303,0.9276465009452134,0.9471317617859916,-0.0409682947025395,1.0,0.14495720047154667,0.19429686665534973,0.7777777777777778,0.007063700002618134,0.0011037999938707799,0.037413999998534564,,E,0.14480051676569705,0.9465273402399896,2.6756243423281747,23.312883199277223,0.9588000839563948,0.22951436811795528,0.36983044749825345,0.3342391304347826,2.497967479674797,0.7694060409453267,0.39192425141714965
wine,P2_Full,,main,clean,0.0,2,0.2,35,0.9831460674157303,0.9276465009452134,0.9471317617859916,-0.027011940517808936,1.0,0.1482538093168683,0.19274604320526123,0.7777777777777778,0.0064284000036423095,0.0009833000003709458,0.04814030000125058,,E,0.14543227318405338,0.95235445379453,2.681617321842253,22.105705523976113,0.963088508639933,0.2252897846760473,0.3687563670588952,0.33461136284419657,2.4971354166666666,0.7813010156115335,0.3728621949305006
wine,P2_Full,,main,clean,0.0,3,0.05,8,0.9382022471910112,0.786990913949364,0.8146116533760018,-0.031169076944704933,1.0,0.1351164261432101,0.23062384128570557,0.6,0.008694900003320072,0.0010018000029958785,0.013559599996369798,,E,0.15030614441669984,0.9321140912118371,2.6386621318298085,26.303575272922473,0.9489982932412417,0.2487143846315972,0.3754108529439796,0.33379310344827584,2.49896694214876,0.7387147813190437,0.4376072524984134
wine,P2_Full,,main,clean,0.0,3,0.1,17,0.9044943820224719,0.716374351767765,0.7259661910822279,-0.029927765303099714,1.0,0.13326698926817737,0.27199144164721173,0.6666666666666666,0.007541999999375548,0.0010344999973312952,0.02543829999922309,,E,0.15512118738177819,0.9356655465004098,2.6127449718336773,26.37060185490229,0.9522088177102548,0.25714481603469924,0.37908679990648175,0.3338670379394361,2.498801084236864,0.7345936272991301,0.4430631936100851
wine,P2_Full,,main,clean,0.0,3,0.15,26,0.8707865168539326,0.6602374437829981,0.6475490513608125,-0.030569269457196464,1.0,0.13251608983424404,0.2058277428150177,0.8888888888888888,0.006864700000733137,0.0011401999945519492,0.0369113999986439,,E,0.16089956068214312,0.9408181977982644,2.569778891391965,25.904829269825044,0.9567980292250314,0.27001258549538487,0.38532065355725886,0.3341614906832298,2.4981412639405205,0.7320578504525453,0.444406570971692
wine,P2_Full,,main,clean,0.0,3,0.2,35,0.9831460674157303,0.9276465009452134,0.9471317617859916,-0.021099529172645622,1.0,0.12657998458153166,0.2668428122997284,0.6666666666666666,0.007043800003884826,0.00132119999761926,0.049027499997464474,,E,0.17474239114562493,0.9413499439212993,2.4557280129317305,26.56084345413499,0.9592934479636788,0.30594180538040056,0.40328546643509516,0.3345242244684559,2.497330033862985,0.7167838592210751,0.4611624722134245
wine,P2_Full,,main,clean,0.0,4,0.05,8,0.9269662921348315,0.748402023062469,0.7932815460437969,-0.04868669308821656,1.0,0.1365740877810004,0.23634151816368104,0.6,0.00802760000078706,0.0010993000032613054,0.012918899999931455,,E,0.14927397685085705,0.9343168920747748,2.647935171187033,26.122945948899982,0.9503681069149325,0.24437355885215847,0.3740760419627374,0.334055829228243,2.498377900117971,0.7431205896502971,0.4320460517275347
wine,P2_Full,,main,clean,0.0,4,0.1,17,0.8314606741573034,0.5841428161249222,0.5779795696547385,-0.04044950553932556,1.0,0.13217850512442608,0.2260033455159929,0.7777777777777778,0.007867299995268695,0.0011350999993737787,0.025698499994177837,,E,0.16621107864362406,0.9344953006375228,2.613570820254161,28.25588336941609,0.9516139366321175,0.2613344715906079,0.3789651445415269,0.33358858336233904,2.49942612687813,0.7312486358632301,0.45096678012483493
wine,P2_Full,,main,clean,0.0,4,0.15,26,0.9831460674157303,0.9282018683135121,0.9486690649426885,-0.025767698027362868,1.0,0.12367069559296871,0.23386858569251168,0.6666666666666666,0.007375600005616434,0.0014257000002544373,0.03810169999633217,,E,0.20507874895206757,0.928632609367837,2.5173777176084755,33.01767858128288,0.9505544486545779,0.3071688497023651,0.39347150105306555,0.3296583850931677,2.5083608101742816,0.7059108725099966,0.4857681847463979
wine,P2_Full,,main,clean,0.0,4,0.2,35,0.9831460674157303,0.9282018683135121,0.9486690649426885,-0.02732181301731105,1.0,0.1471950596427386,0.1946833332379659,0.7777777777777778,0.006768999999621883,0.0012457999982871115,0.04931639999995241,,E,0.14539304683227397,0.943563691275023,2.6615806820223993,22.099743118505643,0.9568955293523811,0.23622803082898589,0.3715822560269731,0.3329557337051237,2.500850562679927,0.778155613638846,0.3749359424022888
wine,P2_Full,,main,clean,0.0,5,0.05,8,0.9382022471910112,0.7893364334387498,0.8143381409472108,-0.02407993193369561,1.0,0.13604507289378504,0.23336564898490905,0.6,0.0077841999955126084,0.0010629999960656278,0.012536399997770786,,E,0.14895219300849102,0.9351482357302361,2.652140062310935,26.06663377648593,0.9510219547310302,0.2447692700350335,0.3734738433488136,0.33274220032840723,2.5013324121594946,0.741459547565598,0.4344619136689209
wine,P2_Full,,main,clean,0.0,5,0.1,17,0.9044943820224719,0.7177714683824651,0.7255618956989806,-0.019534282697543634,1.0,0.13455398253379364,0.2640126513110267,0.6666666666666666,0.007847900000342634,0.001054100001056213,0.02500539999891771,,E,0.1526067301492803,0.9396722659579174,2.629341946550668,25.94314412537765,0.9548521989070056,0.251624450845429,0.37665657169178957,0.33289244691959624,2.5009933082392304,0.7384227011447758,0.43846066152749164
wine,P2_Full,,main,clean,0.0,5,0.15,26,0.9831460674157303,0.9276465009452134,0.9471317617859916,-0.029237337613384293,1.0,0.13369747295868975,0.24643297659026253,0.7777777777777778,0.007476899998437148,0.0012021000002278015,0.03751110000303015,,E,0.15951683476834516,0.9430263441708491,2.5853690231138104,25.68221039770357,0.9581750241381689,0.2658892034723352,0.38295942852021786,0.3330745341614907,2.5005827505827507,0.7357087017705504,0.44000477627848145
wine,P2_Full,,main,clean,0.0,5,0.2,35,0.9831460674157303,0.9276465009452134,0.9471317617859916,-0.023982291723389244,1.0,0.14959629432495655,0.21660553415616354,0.8888888888888888,0.006969000001845416,0.0014722999985679053,0.04953430000023218,,E,0.14081836079660645,0.9546138824505216,2.7001546514819514,21.40439084108418,0.9645666010938235,0.2192899322673237,0.3661792842604942,0.3333042872080864,2.5000653594771243,0.7852085904464187,0.36680748587751105
wine,P2_Full,,main,clean,0.0,6,0.05,8,0.9157303370786517,0.7348183704662697,0.7623542822214096,-0.037551106451640545,1.0,0.1362228330750008,0.2436568558216095,0.6,0.00812920000316808,0.0012130000031902455,0.013396499998634681,,E,0.15141556638552303,0.9341766687994713,2.6590169979708533,26.497724117466532,0.9502579563309445,0.24430984026745756,0.37249307556429107,0.33241379310344826,2.5020746887966805,0.7420950681501186,0.4343241072562517
wine,P2_Full,,main,clean,0.0,6,0.1,17,0.8314606741573034,0.5820387328056619,0.5710085313561228,-0.030622957981091367,1.0,0.13379681157619325,0.23150226142671373,0.6666666666666666,0.007816600002115592,0.001205200002004858,0.02625189999525901,,E,0.1600492692982131,0.9344935684516478,2.63510724877469,27.208375780696223,0.9512945402064404,0.25647820157004336,0.3758195457279181,0.3305951966585451,2.5062118340703305,0.7362158336524668,0.4421606505832052
wine,P2_Full,,main,clean,0.0,6,0.15,26,0.9775280898876404,0.9087631994688335,0.9308728982369983,-0.03568137485951351,1.0,0.1270108492787796,0.2619483868281047,0.6666666666666666,0.007005200001003686,0.001534000002720859,0.03834509999433067,,E,0.188004812902807,0.9273662326041676,2.5509888652379398,30.268774877351923,0.9486858402971915,0.29352198650028,0.38820487736621045,0.32919254658385094,2.5094339622641506,0.7162621314265876,0.4687892709530506
wine,P2_Full,,main,clean,0.0,6,0.2,35,0.9775280898876404,0.9108532106609516,0.9294895312165175,-0.02729058224228698,1.0,0.14863363225943368,0.23586426509751213,0.7777777777777778,0.006620200001634657,0.0012537000002339482,0.04959409999719355,,E,0.14463866298809022,0.9423876495146866,2.6863261256055195,21.985076774189714,0.9557216738915021,0.2314438530018773,0.3680983734210529,0.3315615196932729,2.5040078843626805,0.7822780010088038,0.3696378912948391
wine,P2_Full,,main,clean,0.0,7,0.05,8,0.9269662921348315,0.7536048214470865,0.7890019923185781,-0.020337527482574794,1.0,0.13594193885306494,0.2559200346469879,0.6,0.008387000001675915,0.0013352000023587607,0.014169100002618507,,E,0.15597124700657414,0.934471898944232,2.6497898361989614,27.294968226150473,0.9505785992286432,0.24579836779801492,0.3738101926747951,0.334055829228243,2.498377900117971,0.7411752904762563,0.43713249241556257
wine,P2_Full,,main,clean,0.0,7,0.1,17,0.9157303370786517,0.7425954402356215,0.7539704480401177,-0.023856560242538682,1.0,0.13368554857504458,0.2738092839717865,0.6666666666666666,0.008004499999515247,0.0013561999949160963,0.027246500001638196,,E,0.16315340522717212,0.9336955695293974,2.6190883311136313,27.73607888861926,0.9506514606117478,0.25572787462322233,0.37815433099683177,0.33539853811347026,2.4953819012038188,0.7358622537085131,0.44382270199118323
wine,P2_Full,,main,clean,0.0,7,0.15,26,0.9831460674157303,0.9276465009452134,0.9471317617859916,-0.03536489881103942,1.0,0.1374216426948642,0.2486974365181393,0.7777777777777778,0.007149999997636769,0.0014502999983960763,0.04011280000122497,,E,0.15509901648990607,0.9449608639942946,2.6118188248591974,24.970941654874878,0.9589085652516848,0.25341424792613937,0.3790179176758161,0.3347826086956522,2.4967532467532467,0.7467364516092979,0.42521031320788805
wine,P2_Full,,main,clean,0.0,7,0.2,35,0.9831460674157303,0.9276465009452134,0.9471317617859916,-0.028715640362476196,1.0,0.1486952739035235,0.2214361031850179,1.0,0.006890000004204921,0.0011884999985340983,0.05145210000046063,,E,0.14311873902822095,0.9534430535235847,2.6790818442582554,21.754048332289585,0.9638464296144935,0.22345486287806557,0.3691116248674433,0.3352213314743813,2.4957759292955553,0.7826042764801814,0.3703292756733415
wine,P2_Full,,main,clean,0.0,8,0.05,8,0.9438202247191011,0.8089710469087669,0.8393346789301926,-0.023968802448432382,1.0,0.1368302279992364,0.23559762835502623,0.6,0.007785300003888551,0.0011072999986936338,0.012786200000846293,,E,0.15069034802162393,0.9345728991802008,2.656488476130755,26.37081090378419,0.9504853261166173,0.24320849826806232,0.372853095425155,0.33307060755336615,2.5005915992900807,0.7436922731072625,0.4318169766165047
wine,P2_Full,,main,clean,0.0,8,0.1,17,0.9044943820224719,0.7237876155822525,0.742063431039036,-0.024590548363101858,1.0,0.1351270177980479,0.2662604980998569,0.7777777777777778,0.007421299997076858,0.001150299998698756,0.024883499994757585,,E,0.15948902107611493,0.9341772706990806,2.637498185538785,27.11313358293954,0.9507274939393149,0.2514362958815062,0.37547349494071075,0.33358858336233904,2.49942612687813,0.7402498041400601,0.436584585737066
wine,P2_Full,,main,clean,0.0,8,0.15,26,0.9831460674157303,0.9276465009452134,0.9471317617859916,-0.02440263103355626,1.0,0.13212853657378437,0.22934372888671029,0.6666666666666666,0.006840699999884237,0.0011770999990403652,0.03616949999559438,,E,0.17639152075740383,0.9363423748640053,2.581053328474018,28.39903484194202,0.9537624275371781,0.2736522551062435,0.38361021284376934,0.33260869565217394,2.5016339869281046,0.7311482891209341,0.4479281951779906
wine,P2_Full,,main,clean,0.0,8,0.2,35,0.9831460674157303,0.9276465009452134,0.9471317617859916,-0.02692072190440072,1.0,0.14804818255385777,0.18787834379408094,0.8888888888888888,0.0063306000010925345,0.0010738999990280718,0.047033700000611134,,E,0.14421865692245947,0.9513379704827796,2.681550668957908,21.92123585221384,0.9624195729204282,0.22772585828396466,0.3687656975129511,0.33278145695364236,2.5012437810945274,0.7806459158153282,0.37254915759632484
wine,P2_Full,,main,clean,0.0,9,0.05,8,0.9775280898876404,0.9087631994688335,0.9308728982369983,-0.03594856049004773,1.0,0.13811427990708902,0.23722920417785645,0.6,0.008222000004025176,0.0011301000049570575,0.013273700002173427,,E,0.1476056083104214,0.935327395066145,2.6680356245574632,25.830981454323748,0.9507987088813177,0.23922515307673473,0.3712145292396118,0.33274220032840723,2.5013324121594946,0.747754985777065,0.4254375882822062
wine,P2_Full,,main,clean,0.0,9,0.1,17,0.9831460674157303,0.9276465009452134,0.9471317617859916,-0.022001804329504458,1.0,0.13990441766544348,0.254773070414861,0.7777777777777778,0.007449599994288292,0.0012666999973589554,0.025205799996911082,,E,0.14622052130715488,0.9405439468622377,2.6698714615685373,24.85748862221633,0.9545602356267305,0.23574199807741242,0.37084897832347724,0.3333101287852419,2.5000522138680035,0.7542643633138691,0.41493981779184785
wine,P2_Full,,main,clean,0.0,9,0.15,26,0.9831460674157303,0.9276465009452134,0.9471317617859916,-0.04370910472637685,1.0,0.1447350783116869,0.19171037276585898,0.7777777777777778,0.006896300001244526,0.0009719000008772127,0.036306099995272234,,E,0.14420442841241135,0.947300455152163,2.67946438153017,23.216912974398227,0.9593794012149041,0.22920399213347034,0.3692914727421596,0.33354037267080744,2.499534450651769,0.7688377483273944,0.3921682890141446
wine,P2_Full,,main,clean,0.0,9,0.2,35,0.9831460674157303,0.9276465009452134,0.9471317617859916,-0.03894388028725087,1.0,0.14808975620594905,0.18359744548797607,0.8888888888888888,0.0062400999959209,0.000993500005279202,0.046939200001361314,,E,0.14435486707419906,0.9523839363099382,2.685646986593939,21.94193979527826,0.9631037852862585,0.2251309357719473,0.3681931318074335,0.3338271174625305,2.4988906290785695,0.7809038361457383,0.3729022396759401
wine,P2_Full,,main,clean,0.0,10,0.05,8,0.9325842696629213,0.7960474427361875,0.8108184277762621,-0.03434235927620074,1.0,0.1368963203985291,0.24025683403015136,0.6,0.007605700004205573,0.00117379999574041,0.012660799999139272,,E,0.15160569292453707,0.9362976800906148,2.6686539764533435,26.530996261793987,0.9516871361764317,0.24158391888565592,0.371127183725162,0.3316256157635468,2.503862150920974,0.7440448597849315,0.4319647941910978
wine,P2_Full,,main,clean,0.0,10,0.1,17,0.9719101123595506,0.8925851652969188,0.9148795960669529,-0.028037515883950943,1.0,0.1351451067374605,0.2333506147066752,0.6666666666666666,0.007237000005261507,0.0012044999966747127,0.024381800001719967,,E,0.15975778311263975,0.935956739036031,2.6475888448748135,27.158823129148757,0.9520550186410804,0.25136570753488585,0.3740199145715334,0.331082492168465,2.5050988225399493,0.7402144454521005,0.4371654510801586
wine,P2_Full,,main,clean,0.0,10,0.15,26,0.9775280898876404,0.9087631994688335,0.9308728982369983,-0.028668275095980196,1.0,0.1443291261495472,0.23577550715870327,0.7777777777777778,0.006908200004545506,0.001101999994716607,0.03563350000331411,,E,0.14309013386826022,0.9470384516827577,2.68558337604348,23.037511552789894,0.9592508850941475,0.2305905661639025,0.3684358164882045,0.331055900621118,2.50515947467167,0.7677219087768448,0.39328360154412184
wine,P2_Full,,main,clean,0.0,10,0.2,35,0.9831460674157303,0.9276465009452134,0.9471317617859916,-0.041771376106756575,1.0,0.1485020897470859,0.18554934528138903,1.0,0.006558799999766052,0.001022100004774984,0.04676540000218665,,E,0.14177446952507017,0.9545323789419746,2.6964324434046385,21.549719367810667,0.9647192650775392,0.2240470448753891,0.3666939071569925,0.33103868943882886,2.505198736509608,0.7819077253357789,0.3711055002808091
wine,P2_Full,,main,clean,0.0,11,0.05,8,0.9157303370786517,0.738555354321286,0.7574781053535861,-0.023695669755945982,1.0,0.13598883811764684,0.26066060066223146,0.6,0.007610599997860845,0.0014530999978887849,0.01285920000373153,,E,0.1531547073482406,0.9329393606723099,2.647626045974423,26.802073785942106,0.9494489309399217,0.24618867987431783,0.3741203884511186,0.33385878489326765,2.498819594727523,0.7412636178383998,0.4359884254774126
wine,P2_Full,,main,clean,0.0,11,0.1,17,0.8595505617977528,0.626646537792017,0.6240291346831209,-0.020459967282622022,1.0,0.1342700043478107,0.25834288862016463,0.6666666666666666,0.007429899997077882,0.001178099999378901,0.02506829999765614,,E,0.1623121677139546,0.9364742861702534,2.621514367280266,27.59306851137228,0.9526640023019645,0.2548529588364894,0.3777988985266584,0.3344239470936303,2.4975541215653623,0.7374380243750328,0.44225077557342807
wine,P2_Full,,main,clean,0.0,11,0.15,26,0.9831460674157303,0.9276465009452134,0.9471317617859916,-0.026304610422538406,1.0,0.12866415056858227,0.22593175371487936,0.6666666666666666,0.007138699998904485,0.0014621000009356067,0.03753780000261031,,E,0.19152232554513196,0.9414044518022943,2.5281682539463275,30.835094412766246,0.9582195716195182,0.28696923801256224,0.39176544000455693,0.3355590062111801,2.4950254511800094,0.720269886610255,0.46543025104882096
wine,P2_Full,,main,clean,0.0,11,0.2,35,0.9831460674157303,0.9276465009452134,0.9471317617859916,-0.03520223069508253,1.0,0.1481835413827861,0.23122584488656786,0.7777777777777778,0.007132200000341982,0.0013986000049044378,0.049593199997616466,,E,0.14417925707073243,0.9455479276962114,2.6743417602314894,21.915247074751328,0.9580153332662332,0.22896108527267886,0.36977758739645045,0.3350470547229,2.4961638491547467,0.7810396021914126,0.37129566366958694
wine,P2_Full,,main,clean,0.0,12,0.05,8,0.949438202247191,0.8245564563008683,0.8461781690754003,-0.030508703154497017,1.0,0.13720013085794489,0.23980989456176757,0.6,0.007506099995225668,0.0010121999948751181,0.012350200006039813,,E,0.1504699320243341,0.9387002402960661,2.6572114551101738,26.332238104258465,0.95344535203753,0.24054110183596086,0.37275008518053065,0.33385878489326765,2.498819594727523,0.7448189850043705,0.4312653547471694
wine,P2_Full,,main,clean,0.0,12,0.1,17,0.9831460674157303,0.9276465009452134,0.9471317617859916,-0.0320316200512733,1.0,0.13800095208648971,0.2525514198674096,0.8888888888888888,0.008315300001413561,0.0012403000000631437,0.02538230000209296,,E,0.14906512680139983,0.9430531508308477,2.6489002107293707,25.34107155623797,0.9567598591619214,0.24069300639197644,0.3738318227347231,0.3344239470936303,2.4975541215653623,0.7487316405672949,0.42428845140940147
wine,P2_Full,,main,clean,0.0,12,0.15,26,0.9831460674157303,0.9276465009452134,0.9471317617859916,-0.016931713680699848,1.0,0.14509118373850963,0.2224558624956343,0.8888888888888888,0.007479400002921466,0.0010118999998667277,0.03709520000120392,,E,0.14316994550070497,0.9493730195723075,2.6744778329196093,23.0503612256135,0.9608812681730163,0.22731453670529334,0.3699916676684589,0.3347826086956522,2.4967532467532467,0.7699470066405376,0.39084248224819784
wine,P2_Full,,main,clean,0.0,12,0.2,35,0.9831460674157303,0.9276465009452134,0.9471317617859916,-0.03636799747818787,1.0,0.14910938031046483,0.18806377384397718,0.8888888888888888,0.006891099998028949,0.0009075999987544492,0.048046900003100745,,E,0.14293003695351128,0.9552475170191943,2.683651149913776,21.725365616933715,0.9651535645224182,0.22135190817172226,0.36847188294814254,0.3352213314743813,2.4957759292955553,0.78391875357783,0.3691477915579441
wine,P2_Full,,main,clean,0.0,13,0.05,8,0.9775280898876404,0.9087631994688335,0.9308728982369983,-0.035885422718882794,1.0,0.1361203202533633,0.23991501927375794,0.6,0.0074327000038465485,0.0010115999975823797,0.012216700000863057,,E,0.15048189407350085,0.9353064856806581,2.6422947691610053,26.33433146286265,0.9512271980767912,0.2460944124560128,0.3748868354417909,0.334055829228243,2.498377900117971,0.7415002440214508,0.4349293478842122
wine,P2_Full,,main,clean,0.0,13,0.1,17,0.9831460674157303,0.9276465009452134,0.9471317617859916,-0.03778288269014472,1.0,0.14019328501058848,0.2554694910844167,0.7777777777777778,0.0081514999983483,0.0011909000022569671,0.02505570000357693,,E,0.14502463323158682,0.9405630325451452,2.6614339525225845,24.65418764936976,0.9545641431509928,0.23556233107757615,0.372043435054332,0.33470240167072746,2.496932196339434,0.7551508632514861,0.41343186373855867
wine,P2_Full,,main,clean,0.0,13,0.15,26,0.9831460674157303,0.9276465009452134,0.9471317617859916,-0.028320513416720136,1.0,0.14507891966264483,0.19112816784116957,0.7777777777777778,0.007270800000696909,0.0010570000013103709,0.03669890000310261,,E,0.1429344984624948,0.9474488769938508,2.6694202545448515,23.012454252461666,0.9594865804234706,0.2290665306659803,0.37070450848805003,0.33509316770186337,2.4960611677479148,0.769851089348571,0.3904854896801761
wine,P2_Full,,main,clean,0.0,13,0.2,35,0.9831460674157303,0.9276465009452134,0.9471317617859916,-0.030466207774091036,1.0,0.1483811006043391,0.18427159719996983,0.8888888888888888,0.006686300002911594,0.0009901999947032891,0.04753560000244761,,E,0.1433900650953968,0.9523506263347767,2.6743648795536954,21.795289894500314,0.9630823356743041,0.22522246388644285,0.3697743334966748,0.335569884977344,2.4950012983640613,0.7816086366430143,0.3716597035215312
wine,P2_Full,,main,clean,0.0,14,0.05,8,0.9157303370786517,0.7330073394949704,0.7646583519006941,-0.02654257076064216,1.0,0.13521638726543952,0.23940587043762207,0.6,0.008364600005734246,0.0012413000004016794,0.013626100000692531,,E,0.15361350738832422,0.932189789840729,2.645528540219147,26.88236379295674,0.9490604255743835,0.2487919694398409,0.37442156618804595,0.33307060755336615,2.5005915992900807,0.738912822770895,0.4385133063082549
wine,P2_Full,,main,clean,0.0,14,0.1,17,0.8314606741573034,0.590168282946514,0.5789913164551269,-0.024212846194439544,1.0,0.1319520534459831,0.23229200641314188,0.6666666666666666,0.007718699998804368,0.0011602000013226643,0.026345099999161903,,E,0.16725289697803017,0.9273443998994751,2.6158542446583617,28.432992486265128,0.9466771100223361,0.2660869925527093,0.3786291741226134,0.331082492168465,2.5050988225399493,0.7305642387524416,0.450565710611402
wine,P2_Full,,main,clean,0.0,14,0.15,26,0.9719101123595506,0.8925851652969188,0.9148795960669529,-0.02621900851941545,1.0,0.125261801129141,0.22020580040083992,0.6666666666666666,0.007356499998422805,0.001365000003715977,0.03858179999951972,,E,0.19840542906823253,0.9279879577039121,2.5330443322915137,31.943274079985436,0.9496237514972538,0.300446885041574,0.39099926530981705,0.3299689440993789,2.5076470588235296,0.7108890429261077,0.4772531274127119
wine,P2_Full,,main,clean,0.0,14,0.2,35,0.9775280898876404,0.9087631994688335,0.9308728982369983,-0.026563883978255202,1.0,0.1474254740904676,0.19917866587638855,0.6666666666666666,0.00694830000429647,0.0012578000023495406,0.049958800002059434,,E,0.14624845795648697,0.9401350443850311,2.6690423082730037,22.22976560938602,0.9543860901463315,0.2380532252117287,0.37052493945673215,0.33103868943882886,2.505198736509608,0.7787941156828337,0.3739910542836204
wine,P2_Full,,main,clean,0.0,15,0.05,8,0.9438202247191011,0.7883377055145158,0.8407534674067368,-0.041588824477747935,1.0,0.13651281480085803,0.22301411628723145,0.6,0.007874100003391504,0.0012044999966747127,0.012993500000447966,,E,0.15170351788201336,0.932510683446778,2.648646558637411,26.54811562935234,0.9489499588535288,0.24358337358160764,0.37397402705460214,0.3351724137931035,2.4958847736625516,0.7435049848991178,0.43232131535662793
wine,P2_Full,,main,clean,0.0,15,0.1,17,0.9325842696629213,0.7685315279985486,0.8217474798092658,-0.030659527216308238,1.0,0.13617814393204097,0.23000099261601767,0.6666666666666666,0.007462699999450706,0.001177499994810205,0.025028999996720813,,E,0.16352826041374743,0.9372495221059857,2.6394980177359315,27.799804270337063,0.9529114323603766,0.24959029444913403,0.37518453192356016,0.3344239470936303,2.4975541215653623,0.7426660527853208,0.4360119899053416
wine,P2_Full,,main,clean,0.0,15,0.15,26,0.898876404494382,0.7041952560556919,0.7510146072554924,-0.026829368339495674,1.0,0.1347304496692494,0.26184659865167403,0.6666666666666666,0.006799600007070694,0.0011137000037706457,0.03627520000009099,,E,0.18174024898907465,0.9430407225603938,2.606485687858791,29.260180087241018,0.9579863711413266,0.2623918218902898,0.37980621534282316,0.3347826086956522,2.4967532467532467,0.7391786028343188,0.44139093426485837
wine,P2_Full,,main,clean,0.0,15,0.2,35,0.9887640449438202,0.9471420581416141,0.9650516223023584,-0.024431731253623277,1.0,0.12779766521325409,0.22832905915048388,0.7777777777777778,0.0069049999947310425,0.0011402999953133985,0.04827520000253571,,E,0.23027109404080015,0.9420696730713334,2.5241594185493943,35.00120629420162,0.9594241154808401,0.2995743909899962,0.39217262655506796,0.3352213314743813,2.4957759292955553,0.7194721865866457,0.4697648131236544
wine,P2_Full,,main,clean,0.0,16,0.05,8,0.949438202247191,0.8070380764029492,0.8567968913852733,-0.024568064187760662,1.0,0.13451239564847378,0.2547299563884735,0.8,0.007647699996596202,0.0011078999959863722,0.012593700004799757,,E,0.15525974421194447,0.930744045813893,2.632619237479098,27.17045523709028,0.9480933804497564,0.2505103689603594,0.3762857600963461,0.3351724137931035,2.4958847736625516,0.7373611103865542,0.4409517551965349
wine,P2_Full,,main,clean,0.0,16,0.1,17,0.9269662921348315,0.7570772223610833,0.8092381709193852,-0.034784913814991804,1.0,0.13603516744819305,0.20406049489974976,0.7777777777777778,0.007088099999236874,0.0010793000037665479,0.024154500002623536,,E,0.16270524458461152,0.9348676052116546,2.6317402892864568,27.65989157938396,0.9512102760618096,0.25091463170151007,0.37630792675388514,0.33560737904629306,2.494918066791122,0.7423696633688902,0.435453103362138
wine,P2_Full,,main,clean,0.0,16,0.15,26,0.8932584269662921,0.6953290441717667,0.7402573309393414,-0.02556904690536461,1.0,0.13371042264593233,0.252409600549274,0.7777777777777778,0.007746600000245962,0.0011961000054725446,0.03685980000591371,,E,0.1832206882840223,0.9384832527630983,2.591362392905789,29.49853081372759,0.9549227623384481,0.2672363269150299,0.38205925491345705,0.3361024844720497,2.4938207438207436,0.7359825341561579,0.4452309897196539
wine,P2_Full,,main,clean,0.0,16,0.2,35,0.9831460674157303,0.9276465009452134,0.9471317617859916,-0.0269897755053876,1.0,0.12369251663973352,0.20024551616774666,0.8888888888888888,0.007078599999658763,0.0013143000032869168,0.048988599999574944,,E,0.2481602255676635,0.9382645721679622,2.476778185507712,37.72035428628485,0.9578344769113065,0.3169963411703848,0.399801652731983,0.33670268386197283,2.492494824016563,0.7071001720800694,0.4875875766650141
wine,P2_Full,,main,clean,0.0,17,0.05,8,0.9325842696629213,0.7914546159092376,0.7988771154467397,-0.04277032369346301,1.0,0.13845693784145968,0.2381613075733185,0.6,0.007620300006237812,0.0009384000004502013,0.012213700007123407,,E,0.14560522814859464,0.936615288701524,2.6690180129554872,25.48091492600406,0.9517204357941373,0.23830899886068535,0.371075780548056,0.3321510673234811,2.502669566936919,0.7486552377663876,0.4239203671117689
wine,P2_Full,,main,clean,0.0,17,0.1,17,0.9044943820224719,0.7394018150252318,0.7263797746111472,-0.024207414283882497,1.0,0.13562312776919921,0.25688540273242527,0.7777777777777778,0.007153400001698174,0.0010400000028312206,0.023896400001831353,,E,0.15163061533832348,0.9403307397602368,2.628478596680055,25.77720460751499,0.9553066848338051,0.2509825832160805,0.37678223182916676,0.33247476505395057,2.5019367671691795,0.741538829345174,0.4349781364415925
wine,P2_Full,,main,clean,0.0,17,0.15,26,0.8764044943820225,0.6908605351142059,0.6611851360863316,-0.02682726976784524,1.0,0.1334274713258052,0.2134225434727139,0.7777777777777778,0.007682199997361749,0.0011794000020017847,0.03703520000271965,,E,0.16039012493536936,0.9466945905260958,2.56427770773245,25.822810114594468,0.9611267035272094,0.27074387278047074,0.38616069598885633,0.33260869565217394,2.5016339869281046,0.7344987736372427,0.4433088886922702
wine,P2_Full,,main,clean,0.0,17,0.2,35,0.9887640449438202,0.9471420581416141,0.9650516223023584,-0.027615728955807564,1.0,0.12714031575221402,0.27043726046880084,0.8888888888888888,0.0073455000019748695,0.0016236000010394491,0.04967230000329437,,E,0.17157860462719715,0.94997514638861,2.4500357021297385,26.079947903333967,0.9652653040171328,0.30565122183668897,0.4042378295526516,0.33278145695364236,2.5012437810945274,0.718682695532075,0.45998696437522374
wine,P2_Full,,main,clean,0.0,18,0.05,8,0.9213483146067416,0.7780889306682082,0.7836509457111227,-0.03552506421798447,1.0,0.13707190226194324,0.2368429958820343,0.6,0.008507600003213156,0.0010976000048685819,0.013867299996491056,,E,0.14823961603036148,0.934773737875957,2.656412178700837,25.941932805313257,0.9506103978823346,0.2427957618705866,0.3728639695749297,0.33274220032840723,2.5013324121594946,0.7445052044231786,0.431337077105225
wine,P2_Full,,main,clean,0.0,18,0.1,17,0.9775280898876404,0.9087631994688335,0.9308728982369983,-0.03762363867034245,1.0,0.13290041696813779,0.23688127597173056,0.6666666666666666,0.008113999996567145,0.0013914999944972806,0.027078200000687502,,E,0.16528232699374248,0.9301264255232911,2.624928529289614,28.09799558893622,0.9484205692840056,0.261817774426477,0.3772998111138118,0.3305951966585451,2.5062118340703305,0.7336370969754492,0.44629413559709585
wine,P2_Full,,main,clean,0.0,18,0.15,26,0.9831460674157303,0.9276465009452134,0.9471317617859916,-0.030042332830292697,1.0,0.14485380416737378,0.2294563286834293,0.8888888888888888,0.007614900001499336,0.001197199999296572,0.039346799996565096,,E,0.14302469679742916,0.9467097480424497,2.683496220882831,23.026976184386093,0.9589633070233969,0.22993997083571988,0.368727237593783,0.33175465838509316,2.5035689211326937,0.7693322628565795,0.39099132955109034
wine,P2_Full,,main,clean,0.0,18,0.2,35,0.9831460674157303,0.9276465009452134,0.9471317617859916,-0.03823138084255481,1.0,0.14900332169174324,0.18931359383794996,0.7777777777777778,0.006857500004116446,0.0010218999959761277,0.05031259999668691,,E,0.1417439042647133,0.9531586142010112,2.692614631207023,21.545073448236423,0.9636531295724544,0.224043656959222,0.36722322612432795,0.33182293482049496,2.5034138655462184,0.7834911146836386,0.3688639530508309
wine,P2_Full,,main,clean,0.0,19,0.05,8,0.9775280898876404,0.9087631994688335,0.9308728982369983,-0.029254751877393022,1.0,0.138909398214885,0.23585523962974547,0.6,0.009450600002310239,0.0012757000004057772,0.01818759999878239,,E,0.14440899994001394,0.9369911436906861,2.6713762755288366,25.27157498950244,0.9518364334330617,0.2356063990353864,0.37074312529223763,0.3333333333333333,2.5,0.7507429831944501,0.4210066586281843
wine,P2_Full,,main,clean,0.0,19,0.1,17,0.9831460674157303,0.9276465009452134,0.9471317617859916,-0.019060318234429982,1.0,0.14082311104721892,0.2556922303305732,0.7777777777777778,0.008437299999059178,0.0013113999957568012,0.03159330000198679,,E,0.14318471524774812,0.9411590275352124,2.6722417603050364,24.34140159211718,0.9548763597897634,0.23312551917390406,0.37051478389753545,0.33358858336233904,2.49942612687813,0.7570864950854037,0.4107132091631025
wine,P2_Full,,main,clean,0.0,19,0.15,26,0.9831460674157303,0.9276465009452134,0.9471317617859916,-0.03437891369488997,1.0,0.14575196628312867,0.19277818335427177,0.6666666666666666,0.007395500004349742,0.001153500001237262,0.04393580000032671,,E,0.14075646475692774,0.9485520631641247,2.6816057330381797,22.661790825865367,0.9601844349439214,0.22609986901720136,0.36899159036606355,0.3338509316770186,2.4988372093023257,0.7719346660552031,0.38755624169484715
wine,P2_Full,,main,clean,0.0,19,0.2,35,0.9831460674157303,0.9276465009452134,0.9471317617859916,-0.03226504180177661,1.0,0.14914640803778204,0.1836887068218655,0.8888888888888888,0.006871799996588379,0.0010244000004604459,0.05499530000088271,,E,0.14093095904324776,0.9540318888811181,2.6880831906773546,21.42150577457366,0.9642229486162713,0.2216984663302187,0.3678534371818213,0.3341756709654932,2.498109517601043,0.783872281006596,0.36849195734877016
wine,P2_Full,,main,clean,0.0,20,0.05,8,0.9382022471910112,0.797940050771874,0.8249943648079151,-0.019086493213415733,1.0,0.1353616693113786,0.23989760279655456,0.6,0.008290400000987574,0.001360399997793138,0.013819400002830662,,E,0.15389853061084197,0.9335758981050083,2.647913760469933,26.932242856897346,0.9500318968756682,0.247741381534595,0.3740791131678982,0.33307060755336615,2.5005915992900807,0.7392421611202491,0.43854425546601783
wine,P2_Full,,main,clean,0.0,20,0.1,17,0.9775280898876404,0.9087631994688335,0.9308728982369983,-0.036429775290564737,1.0,0.13384560863586986,0.22302634517351785,0.7777777777777778,0.007401199996820651,0.0013215999933890998,0.025890000004437752,,E,0.16152761048346428,0.933254556726226,2.6279908071436955,27.45969378218893,0.9503699348045211,0.2564276636547592,0.37685326585191997,0.3326139923424991,2.5016220175805777,0.7366464181735727,0.4416683309641866
wine,P2_Full,,main,clean,0.0,20,0.15,26,0.9831460674157303,0.9276465009452134,0.9471317617859916,-0.028740847141099774,1.0,0.1437488156129664,0.22545547286669412,0.8888888888888888,0.007045199999993201,0.0011232000033487566,0.037290100000973325,,E,0.14559041892967448,0.9462438893634555,2.6700477811589853,23.44005744767759,0.958813210486816,0.2338212525892013,0.3706159149474913,0.3327639751552795,2.501283247783481,0.7660094487309638,0.3957633008743273
wine,P2_Full,,main,clean,0.0,20,0.2,35,0.9831460674157303,0.9276465009452134,0.9471317617859916,-0.028559442287381824,1.0,0.14789265731526813,0.18842408392164442,0.7777777777777778,0.006637400001636706,0.0010514000023249537,0.04807209999853512,,E,0.14465446147696734,0.952631168973755,2.6782915671636642,21.987478144499036,0.9634416005794071,0.22821824755739725,0.36922249184296746,0.3329557337051237,2.500850562679927,0.7801477768498578,0.37365098206530906
wine,P2_Full,,main,clean,0.0,21,0.05,8,0.9438202247191011,0.8162476817299315,0.8391713618581365,-0.028377995362600206,1.0,0.13814909617344528,0.24988293647766113,0.6,0.008297700005641673,0.0012743999977828935,0.01359789999696659,,E,0.14808285932881185,0.9349974599952638,2.6721649860207854,25.914500382542073,0.9505202866347187,0.23880338581113644,0.3706320012361975,0.33241379310344826,2.5020746887966805,0.747741286149165,0.42585756151162946
wine,P2_Full,,main,clean,0.0,21,0.1,17,0.9157303370786517,0.7535475774286734,0.7706488665795855,-0.02973634939374692,1.0,0.13667082316741525,0.257519480254915,0.7777777777777778,0.0074871999968308955,0.0012186999956611544,0.02587130000028992,,E,0.15548229551302692,0.9347909039859187,2.6578449491734664,26.431990237214578,0.9508544485665278,0.24633901652524567,0.3725538116438532,0.33198746954403063,2.5030404697001467,0.7450371886959889,0.4294626375557153
wine,P2_Full,,main,clean,0.0,21,0.15,26,0.8876404494382022,0.7042099997041721,0.7092367690859895,-0.021512986510305355,1.0,0.13475794933098503,0.25472821129692924,0.7777777777777778,0.006996600001002662,0.001145000001997687,0.03791119999368675,,E,0.16904962831327117,0.9387430889285873,2.610972446785743,27.21699015843666,0.9548603638976846,0.26310949551974605,0.37914280689796304,0.33206521739130435,2.5028641571194763,0.7391091015128902,0.4368288607800077
wine,P2_Full,,main,clean,0.0,21,0.2,35,0.9831460674157303,0.9276465009452134,0.9471317617859916,-0.033134299978164417,1.0,0.12877954353321858,0.2387323710653517,0.6666666666666666,0.006621699998504482,0.0014501000041491352,0.04946550000022398,,E,0.18930248953083936,0.9379889887111597,2.5015795149448814,28.773978408687583,0.9566152661519634,0.30037048346211626,0.3957722546442837,0.33217148832345766,2.502623294858342,0.7225205855042545,0.45603427462961116
wine,P2_Full,,main,clean,0.0,22,0.05,8,0.9382022471910112,0.7932370847331245,0.8252042541307996,-0.023648580635024417,1.0,0.1388331746022788,0.23743436336517335,0.6,0.007610299995576497,0.001051699997333344,0.01245560000097612,,E,0.14524031527531245,0.9367312307940923,2.6628669014368342,25.417055173179676,0.9517653543318902,0.23762313897508436,0.3719462257522064,0.33385878489326765,2.498819594727523,0.7499057402180795,0.4229281587414204
wine,P2_Full,,main,clean,0.0,22,0.1,17,0.898876404494382,0.7058435744986595,0.7267615322683652,-0.026581512197890504,1.0,0.1352164903815788,0.25605710678630406,0.7777777777777778,0.007308499996725004,0.0011166999975102954,0.02420469999924535,,E,0.15744629036737195,0.933765378977803,2.628346252649556,26.76586936245323,0.950471555434714,0.25222725213921393,0.37680150173316124,0.3344239470936303,2.4975541215653623,0.740497825852463,0.43568916009328895
wine,P2_Full,,main,clean,0.0,22,0.15,26,0.9831460674157303,0.9276465009452134,0.9471317617859916,-0.02772262132059406,1.0,0.13269750857669904,0.2232694990105099,0.7777777777777778,0.006600699998671189,0.001108899996324908,0.03508180000062566,,E,0.17513643548513547,0.934547342940555,2.575160592659373,28.19696611310681,0.9523966334449623,0.27270536149810304,0.38450232933758266,0.33462732919254656,2.4970997679814384,0.7329230887894773,0.44532437443743256
wine,P2_Full,,main,clean,0.0,22,0.2,35,0.9831460674157303,0.9276465009452134,0.9471317617859916,-0.02612876915737168,1.0,0.1487814926767349,0.2187327610121833,1.0,0.006478900002548471,0.0010003999996115454,0.04580829999758862,,E,0.14176821719412294,0.9520673242605006,2.676442289643897,21.548769013506686,0.962840282554372,0.22475186556284635,0.36948218050789355,0.3350470547229,2.4961638491547467,0.7828976347961791,0.36955645862772696
wine,P2_Full,,main,clean,0.0,23,0.05,8,0.949438202247191,0.8051175942097957,0.8584104296202648,-0.027070217302264398,1.0,0.13532388572154,0.23529977202415467,0.6,0.007425899995723739,0.0017270000025746413,0.012813800000003539,,E,0.15371751699361855,0.9329870809379581,2.6393492190362804,26.900565473883248,0.9495128914927218,0.24660633779381771,0.37531162819213987,0.3355665024630542,2.495008807985907,0.7398050097533944,0.4377718093476664
wine,P2_Full,,main,clean,0.0,23,0.1,17,0.9269662921348315,0.756395967285154,0.8092764094537653,-0.020443205725542916,1.0,0.13549037617582255,0.22027653124597338,0.6666666666666666,0.007040399999823421,0.0010814000052050687,0.024158000000170432,,E,0.16315961258762432,0.9391734540597013,2.636361141437269,27.737134139896135,0.9543593980124933,0.24965981082826874,0.37563798605973403,0.33470240167072746,2.496932196339434,0.7407631138807106,0.4386185932755382
wine,P2_Full,,main,clean,0.0,23,0.15,26,0.9044943820224719,0.7236851347986774,0.7691272967547099,-0.03373033678597384,1.0,0.1329067600746781,0.2622836232185364,0.7777777777777778,0.0066829999996116385,0.0011043000049539842,0.03553620000457158,,E,0.18841658753804555,0.9403638399722898,2.5936737620030024,30.335070593625332,0.9563906518766878,0.26874319032196387,0.3817132106170935,0.33509316770186337,2.4960611677479148,0.7335056381969325,0.449677543733001
wine,P2_Full,,main,clean,0.0,23,0.2,35,0.9887640449438202,0.9471022184999963,0.9650869841080847,-0.029051978747211247,1.0,0.12639346021537723,0.2261979016992781,0.7777777777777778,0.006996299998718314,0.001356500004476402,0.04768090000288794,,E,0.2333392796994728,0.9446460002611368,2.512246576568335,35.46757051431987,0.9614183957421498,0.3030024128362568,0.3940636764094135,0.335569884977344,2.4950012983640613,0.7153084102293351,0.4755909101763879
wine,P2_Full,,main,clean,0.0,24,0.05,8,0.9606741573033708,0.8390568221413046,0.8865577538523808,-0.04302122701633262,1.0,0.13719050948821707,0.2358576238155365,0.6,0.007408999998006038,0.0010383999979239888,0.01198310000472702,,E,0.1499647889965332,0.9331071661007436,2.6615078536287626,26.24383807439331,0.9493101063800607,0.2422223627678781,0.3721390875999428,0.3329392446633826,2.5008877490629313,0.7453812889456716,0.42974822134738966
wine,P2_Full,,main,clean,0.0,24,0.1,17,0.9382022471910112,0.7810130962480967,0.8345735772013285,-0.02459118130287584,1.0,0.1385797842862623,0.2598644461896684,0.7777777777777778,0.007103099997038953,0.0009706999990157783,0.023320300002524164,,E,0.1522319621842224,0.9417777141084299,2.658556038570325,25.87943357131781,0.9557577213081485,0.24011436489721755,0.3724525812425067,0.3333797424295162,2.499895594069743,0.7500308361991394,0.4237639803009039
wine,P2_Full,,main,clean,0.0,24,0.15,26,0.9157303370786517,0.7432081539307346,0.791561421670304,-0.030982058858877795,1.0,0.13793687844435623,0.2581967247856988,0.7777777777777778,0.007646099998964928,0.001087500000721775,0.035391199999139644,,E,0.17108581670107653,0.9461734695042602,2.6363877738480856,27.544816488873323,0.9596580092224719,0.250518463553563,0.3754275399968086,0.3336180124223602,2.49936001861764,0.7487239729134242,0.42699231317563785
wine,P2_Full,,main,clean,0.0,24,0.2,35,0.8932584269662921,0.7243807143297213,0.756311073719706,-0.023900357097962913,1.0,0.13413872156543769,0.2176985906230079,0.7777777777777778,0.007233699994685594,0.0010526999976718798,0.047282400002586655,,E,0.20149868713865657,0.9519097223331033,2.587886128360528,30.6278004450758,0.9649772106666588,0.27172827788745596,0.3823522940139112,0.33391425583827117,2.498695198329854,0.7385377170494455,0.44193325832440655
wine,P2_Full,,main,clean,0.0,25,0.05,8,0.949438202247191,0.807251196888738,0.8558436912930817,-0.022418099647315066,1.0,0.1370667953342853,0.2512418270111084,0.6,0.007886600003985222,0.0009703000032459386,0.012333400001807604,,E,0.15135543270939966,0.9362804596797132,2.669348079624455,26.48720072414494,0.9515901976174574,0.2402675515358351,0.3710291861444829,0.33241379310344826,2.5020746887966805,0.7450110287093711,0.4308505311924454
wine,P2_Full,,main,clean,0.0,25,0.1,17,0.9269662921348315,0.7521540475503972,0.8052045161022413,-0.024760517465596106,1.0,0.1369476258603259,0.26845835977130467,0.6666666666666666,0.007312000001547858,0.0010518999988562427,0.02435150000383146,,E,0.15683017068896807,0.9413430190258676,2.661792607799719,26.661129017124573,0.9556095434880322,0.24321954906707663,0.3719925078853695,0.33198746954403063,2.5030404697001467,0.7451458024438848,0.4309396237311987
wine,P2_Full,,main,clean,0.0,25,0.15,26,0.9157303370786517,0.7447551265216114,0.791215573787542,-0.021175920270348363,1.0,0.1360560013916562,0.2031911081737942,0.8888888888888888,0.007288700006029103,0.0011116000023321249,0.03611100000125589,,E,0.1751955368047464,0.9449997618434615,2.635329369815076,28.20648142556417,0.9590432798946703,0.25533558620671826,0.3755808297723748,0.33206521739130435,2.5028641571194763,0.7430229221284729,0.434972639090412
wine,P2_Full,,main,clean,0.0,25,0.2,35,0.8932584269662921,0.7242620475661858,0.7552937601657358,-0.015093217901232941,1.0,0.13088958920883362,0.26226293709543014,0.7777777777777778,0.0063914999991538934,0.0010713000010582618,0.04732930000318447,,E,0.2096626865224342,0.9481109648035997,2.566540255190783,31.86872835141,0.9628756740872011,0.28454391621884845,0.3855873911279598,0.33217148832345766,2.502623294858342,0.7287810581752073,0.45514758493297286
wine,P2_Full,,main,clean,0.0,26,0.05,8,0.9382022471910112,0.7932370847331245,0.8252042541307996,-0.024855146442535312,1.0,0.138851655420552,0.23736448884010314,0.6,0.008789299994532485,0.0009769000025698915,0.01370850000239443,,E,0.14609842310240903,0.937720393391065,2.6661976426367366,25.56722404292158,0.9524448077515525,0.2364243315302987,0.37147439321100706,0.33385878489326765,2.498819594727523,0.7498698775918026,0.4227084627452031
wine,P2_Full,,main,clean,0.0,26,0.1,17,0.898876404494382,0.7058435744986595,0.7267615322683652,-0.02647721383997589,1.0,0.13389981732155068,0.26817496286498177,0.7777777777777778,0.008040599997912068,0.0010922000001301058,0.026203200002782978,,E,0.16236638397692954,0.9341533319680565,2.6244339582635687,27.60228527607802,0.9509300978993065,0.25478534347571297,0.3773720278331115,0.3344239470936303,2.4975541215653623,0.7367439621607015,0.441974910026036
wine,P2_Full,,main,clean,0.0,26,0.15,26,0.9831460674157303,0.9276465009452134,0.9471317617859916,-0.030805589793360764,1.0,0.13044885758671226,0.23203357060750326,0.7777777777777778,0.0070437000031233765,0.001079199995729141,0.03758090000337688,,E,0.17932604326382587,0.9373702634032697,2.55877243788458,28.871492965475966,0.9547795194054737,0.2779710876688081,0.38700497848175175,0.33462732919254656,2.4970997679814384,0.7259802299081108,0.45512120552812924
wine,P2_Full,,main,clean,0.0,26,0.2,35,0.9831460674157303,0.9276465009452134,0.9471317617859916,-0.036471436689285736,1.0,0.14916841084953522,0.2197063234117296,0.8888888888888888,0.006477399998402689,0.0010207999948761426,0.048240300006000325,,E,0.14097540478399564,0.9530474074068105,2.6800366111343155,21.428261527167336,0.9635082875404116,0.2227966456343971,0.3689777690421364,0.3350470547229,2.4961638491547467,0.7838975146119135,0.36783561708917595
wine,P2_Full,,main,clean,0.0,27,0.05,8,0.9775280898876404,0.9087631994688335,0.9308728982369983,-0.04478354078355235,1.0,0.13923878819262037,0.23581330180168153,0.6,0.007711199999903329,0.0009780999971553683,0.012323900002229493,,E,0.14485100632237952,0.9371494065794312,2.674996651858292,25.348926106416414,0.9518924866176813,0.23457344212481773,0.37023357833834386,0.3333333333333333,2.5,0.7516783919285203,0.42005028167639175
wine,P2_Full,,main,clean,0.0,27,0.1,17,0.9831460674157303,0.9276465009452134,0.9471317617859916,-0.01711099380442218,1.0,0.14112349741270397,0.2544612056679196,0.7777777777777778,0.0073114999977406114,0.0009704999974928796,0.02368399999977555,,E,0.1435391845478285,0.9414268165173353,2.675939573603074,24.401661373130842,0.9550157398349214,0.23199905672888535,0.3699946021038932,0.33358858336233904,2.49942612687813,0.7579752667870128,0.40981054317499105
wine,P2_Full,,main,clean,0.0,27,0.15,26,0.9831460674157303,0.9276465009452134,0.9471317617859916,-0.02556885337898808,1.0,0.14605506000120239,0.19174937076038784,0.7777777777777778,0.007037199997284915,0.0009042000019690022,0.03501729999698,,E,0.1411808653214747,0.9486309909893554,2.6860108587265925,22.730119316757424,0.9601812344862144,0.22484847808657465,0.3683761846748645,0.3338509316770186,2.4988372093023257,0.7728714888027227,0.38663344851539705
wine,P2_Full,,main,clean,0.0,27,0.2,35,0.9831460674157303,0.9276465009452134,0.9471317617859916,-0.036362669221247285,1.0,0.14947351815045512,0.18347296449873182,0.8888888888888888,0.007131400001526345,0.0009477999992668629,0.0463337999972282,,E,0.14129358767878392,0.95385048815868,2.692557392610009,21.476625327175157,0.9640261118216806,0.22049255251037994,0.36723117336655553,0.3341756709654932,2.498109517601043,0.7848690586851049,0.36746340821478407
wine,P2_Full,,main,clean,0.0,29,0.05,8,0.9382022471910112,0.7897260374107955,0.814904415048819,-0.03222623575349394,1.0,0.13752597884212225,0.24901512861251832,0.6,0.007513199998356868,0.0012716999990516342,0.012569800004712306,,E,0.14929434240149858,0.9354601228696858,2.669221276983592,26.12650992026225,0.9509603352044406,0.24016488756955345,0.37104708508447026,0.3322167487684729,2.502520759193357,0.7460126087954175,0.42931550991848205
wine,P2_Full,,main,clean,0.0,29,0.1,17,0.9044943820224719,0.720253794093522,0.7255112748810798,-0.018467485614166418,1.0,0.1362864669325836,0.21789082553651598,0.6666666666666666,0.007461900000635069,0.0012152999988757074,0.02479260000109207,,E,0.150209371785706,0.9412148174154628,2.6489067373600412,25.535593203570023,0.9556477725536167,0.2455202910597138,0.37383088707273043,0.33198746954403063,2.5030404697001467,0.7436884367428452,0.43099601141531474
wine,P2_Full,,main,clean,0.0,29,0.15,26,0.9831460674157303,0.9282018683135121,0.9486690649426885,-0.026453669589272793,1.0,0.13299907016729587,0.2532680498229133,0.7777777777777778,0.0074547000040183775,0.001218700002937112,0.03706520000559976,,E,0.16111137422708288,0.944440324541164,2.5825160112093957,25.938931250560344,0.9593354370268503,0.26809214349572796,0.383389404221456,0.33206521739130435,2.5028641571194763,0.7334967338464433,0.44292712935430223
wine,P2_Full,,main,clean,0.0,29,0.2,35,0.9887640449438202,0.9471420581416141,0.9650516223023584,-0.04555089838802719,1.0,0.14815114996215417,0.19459864828321669,0.7777777777777778,0.007062999997287989,0.001186400004371535,0.048678600003768224,,E,0.14304372078926286,0.9530636708235811,2.693641090460753,21.742645559967954,0.963605486395582,0.22459821117193557,0.3670807656371453,0.33217148832345766,2.502623294858342,0.7808914316313786,0.3725787231019409
wine,P2_Full,,main,clean,0.0,28,0.05,8,0.949438202247191,0.8208537094595312,0.8539573002754074,-0.04832632938470177,1.0,0.13798874018441964,0.23728338479995728,0.6,0.008152499998686835,0.001083000002836343,0.012907299998914823,,E,0.14756652531845793,0.9353816547483347,2.66299480633592,25.824141930730136,0.9508757732380217,0.23977894248673504,0.3719280849620021,0.3333333333333333,2.5,0.747359077412604,0.42591585407326626
wine,P2_Full,,main,clean,0.0,28,0.1,17,0.9101123595505618,0.7326403497459487,0.7548554573159594,-0.024105414148873124,1.0,0.13545400953216652,0.26632872223854065,0.7777777777777778,0.00760910000099102,0.0011327000029268675,0.02643760000501061,,E,0.15780940454227665,0.9341088351843775,2.637840124994758,26.82759877218703,0.9506174897066194,0.25054428114052407,0.3754240558136966,0.3339366515837104,2.4986449864498645,0.7413273131069237,0.43461308171909285
wine,P2_Full,,main,clean,0.0,28,0.15,26,0.9831460674157303,0.9276465009452134,0.9471317617859916,-0.0128510549591007,1.0,0.13285159042555203,0.2247613767782847,0.6666666666666666,0.010649799995007925,0.0029668999995919876,0.04357390000222949,,E,0.1742388336040881,0.9358654191068023,2.5873238666728544,28.05245221025818,0.9532687273671238,0.2713560768301119,0.3826653626886216,0.3327639751552795,2.501283247783481,0.733572726183085,0.4442538796694785
wine,P2_Full,,main,clean,0.0,28,0.2,35,0.9831460674157303,0.9276465009452134,0.9471317617859916,-0.039433439765597135,1.0,0.1476181697082696,0.18688395619392395,0.8888888888888888,0.007076099995174445,0.001088299999537412,0.055554700003995094,,E,0.14508634149031915,0.9515935397121256,2.6774781808964603,22.053123906528512,0.9626786204527231,0.22900002757223478,0.36933666912015695,0.3329557337051237,2.500850562679927,0.7793479129802326,0.37434654699866876
seeds,P2_Full,,main,clean,0.0,0,0.05,10,0.9333333333333333,0.7659384378531993,0.8093013081504196,-0.022361018983486095,1.0,0.1733295291219178,0.2546301782131195,0.6666666666666666,0.009970099999918602,0.0017909000016516075,0.016652400001476053,,D,0.057482112322579576,0.9530259329973595,2.8838214672619085,11.841315138451392,0.9591846294134511,0.13110843512326367,0.34357557783551274,0.3303812455600284,2.0,0.8581571353894422,0.23606387731207393
seeds,P2_Full,,main,clean,0.0,0,0.1,21,0.9476190476190476,0.8168691618483584,0.8478205537835013,-0.03767597421892961,1.0,0.17576363522584484,0.3039508272301067,0.9090909090909091,0.009685999997600447,0.001851399996667169,0.031807899998966604,,D,0.05442247038173349,0.9577859004761021,2.893808911025899,10.884494076346698,0.963016719867188,0.12391166577234718,0.3422767026988182,0.33025125628140706,2.0,0.8669963668131137,0.22324123778349092
seeds,P2_Full,,main,clean,0.0,0,0.15,31,0.9619047619047619,0.8562010477815629,0.8872922511852893,-0.037475809992620214,1.0,0.18177930978002452,0.2699543863534927,0.9,0.009102399999392219,0.0011489000025903806,0.045502000000851694,,D,0.04719449662508424,0.9696701866916406,2.9181900552465336,8.919759862140921,0.9728709205172561,0.1055309438628589,0.3391817676949226,0.3301812450748621,2.0,0.8849750730998213,0.1982935401381876
seeds,P2_Full,,main,clean,0.0,0,0.2,42,0.9666666666666667,0.8785973984141411,0.9005020118381648,-0.037729597983594654,1.0,0.18670613001846156,0.16506975347345526,0.9090909090909091,0.008203099998354446,0.0009490000011282973,0.057833600003505126,,D,0.0433307882869955,0.9793279601877285,2.9357692285922767,7.756211103372194,0.9812222657972341,0.09163612428712468,0.33692188144110136,0.3298600213420375,2.0,0.8996160224546544,0.17796559358158404
seeds,P2_Full,,main,clean,0.0,1,0.05,10,0.9047619047619048,0.6970605928459371,0.7369416670073977,-0.026167473842709815,1.0,0.17302830997410276,0.28106587131818134,0.6666666666666666,0.010303099996235687,0.002382200000283774,0.017501499998616055,,D,0.05826128599418685,0.9556392727243297,2.886056538657375,12.00182491480249,0.9612905633378924,0.12739400277285579,0.3433057221611473,0.331517878285579,2.0,0.8581853712904914,0.23698331981295967
seeds,P2_Full,,main,clean,0.0,1,0.1,21,0.8857142857142857,0.6711326216427077,0.6961628848392682,-0.03369310371189929,1.0,0.17650201671515522,0.2844002355228771,0.8181818181818182,0.009761699999216944,0.0014640000008512288,0.032424700002593454,,D,0.05369024573299118,0.9592471212741653,2.9007154440877643,10.738049146598236,0.9640927674303794,0.11890316237076684,0.3414497854758017,0.3310050251256281,2.0,0.8688291372495726,0.22215804065389916
seeds,P2_Full,,main,clean,0.0,1,0.15,31,0.861904761904762,0.6366984275908973,0.6489076427333531,-0.0261767281749652,1.0,0.18059032730869087,0.2443020761013031,0.7,0.008625299997220282,0.001286399994569365,0.04596460000175284,,D,0.050219758139606885,0.9697455598187933,2.9156171962826494,9.4915342883857,0.9729877547076512,0.1071642664494541,0.3394857692876388,0.3301812450748621,2.0,0.8812710817230603,0.2067589360844585
seeds,P2_Full,,main,clean,0.0,1,0.2,42,0.8285714285714286,0.6109848223836066,0.5918756225369192,-0.03156401414713186,1.0,0.18196033623462246,0.22244792092930188,1.0,0.008238800000981428,0.0012089999945601448,0.05885180000041146,,D,0.05311677813846778,0.9761291116850423,2.917927563250577,9.507903286785734,0.9786402690413297,0.10519748252158082,0.3390163410866702,0.3297344799447618,2.0,0.8849086310870647,0.20300170507712753
seeds,P2_Full,,main,clean,0.0,2,0.05,10,0.8857142857142857,0.6523693973458197,0.6953394780231145,-0.020165262636248515,1.0,0.1738272476734027,0.3343736529350281,0.5,0.009913100002449937,0.0014309999969555065,0.01574189999519149,,D,0.057677347769374686,0.9547003785809726,2.8929062564867642,11.881533640491185,0.9604519931542577,0.12696827022199472,0.3424813053386613,0.3301444470755387,2.0,0.8602944301515252,0.23516806532871737
seeds,P2_Full,,main,clean,0.0,2,0.1,21,0.8523809523809524,0.6393754331594993,0.6329789826543266,-0.035459870364200737,1.0,0.17700973566844366,0.2999229376966303,0.7272727272727273,0.009387099999003112,0.0013135999979567714,0.03034979999938514,,D,0.05473480257157817,0.9579044559087835,2.8999488631251547,10.946960514315634,0.9629595097195235,0.12008524702249254,0.3415413736669768,0.33025125628140706,2.0,0.8694270058750676,0.22368660273084862
seeds,P2_Full,,main,clean,0.0,2,0.15,31,0.8238095238095238,0.6066102944366579,0.5847616077476314,-0.03014264784507444,1.0,0.17623146767728964,0.29254192411899566,0.8,0.00889370000368217,0.001283300000068266,0.04394759999559028,,D,0.054870025559217786,0.9640270413580507,2.8911979841191067,10.370434830692162,0.9684566387607493,0.12313686641089915,0.34239800999179987,0.32995609591354275,2.0,0.8686344941501618,0.2247029279964317
seeds,P2_Full,,main,clean,0.0,2,0.2,42,0.9571428571428572,0.8442237549161238,0.873749708919781,-0.02988781844937972,1.0,0.17882075699086886,0.2550845579667525,0.8181818181818182,0.008340499996847939,0.001148399998783134,0.056602399999974295,,D,0.05250440079208464,0.9763534227558065,2.895136077070955,9.39828774178315,0.9790751071062077,0.11509844838409115,0.34172941850363175,0.3299227920406754,2.0,0.874768091555014,0.2171116646335589
seeds,P2_Full,,main,clean,0.0,3,0.05,10,0.9,0.6819740140479758,0.7249407865789154,-0.024167881902208005,1.0,0.17258523636960585,0.25888586044311523,1.0,0.010351099997933488,0.0013495000021066517,0.01604859999497421,,D,0.057988107567325226,0.9555856682403681,2.8791025791193046,11.945550158868997,0.9612503617595543,0.1275420184152092,0.3441466980515172,0.3332228273739048,2.0,0.8568373309616423,0.23893237905008363
seeds,P2_Full,,main,clean,0.0,3,0.1,21,0.8809523809523809,0.648924356744881,0.6826524311060536,-0.02607095140285837,1.0,0.17566448897706502,0.30237622423605487,0.8181818181818182,0.009531199997582007,0.0010881999987759627,0.030029299996385816,,D,0.054865124669411285,0.9576754941955722,2.8920760238137766,10.973024933882257,0.9629230517159724,0.12398390532066722,0.3424848005814807,0.33060301507537687,2.0,0.8665384311062908,0.2245260802064342
seeds,P2_Full,,main,clean,0.0,3,0.15,31,0.8476190476190476,0.6140457487330743,0.6194095205897008,-0.044182642307642794,1.0,0.17919440277838006,0.24290728867053984,0.9,0.008541700000932906,0.001040900002408307,0.04279919999680715,,D,0.05291258747524672,0.9685858985402168,2.9088592784815877,10.00047903282163,0.9721126351581137,0.11226603512476578,0.3402868267028241,0.3302938196555218,2.0,0.8769422232731261,0.2127207228547242
seeds,P2_Full,,main,clean,0.0,3,0.2,42,0.8238095238095238,0.6099591112952882,0.5870670549510447,-0.031274313217018276,1.0,0.17761849938747373,0.2364321621981534,1.0,0.007707199998549186,0.0009205000023939647,0.05474799999501556,,D,0.06398140699502222,0.9716657069952803,2.9020418313998433,11.452671852108978,0.9750537197800335,0.11957287179139571,0.34090286398680136,0.3299855627393133,2.0,0.8716930832475908,0.2244905221423799
seeds,P2_Full,,main,clean,0.0,4,0.05,10,0.9285714285714286,0.7275810230790065,0.7949670932529467,-0.01820661334227731,1.0,0.17364158025980206,0.33632203936576843,0.6666666666666666,0.009537099998851772,0.0014785000021220185,0.015059600002132356,,D,0.0587122041550469,0.9547083591625825,2.88775185831628,12.094714055939662,0.9605769748263134,0.1295739247954671,0.34310131304957875,0.33019180677243665,2.0,0.8591166586896235,0.23623417423741191
seeds,P2_Full,,main,clean,0.0,4,0.1,21,0.9095238095238095,0.6748818596729579,0.7461546383066365,-0.028905557508225863,1.0,0.17656847627563646,0.285831632939252,0.9090909090909091,0.008946299996750895,0.0012518999938038178,0.028552700001455378,,D,0.053966238621139695,0.9604923208211836,2.897761950028366,10.793247724227939,0.9652676447267042,0.12087077765076543,0.3418029240735619,0.3301005025125628,2.0,0.869212825346759,0.22162853337720037
seeds,P2_Full,,main,clean,0.0,4,0.15,31,0.9,0.6716245730430295,0.7266289370369567,-0.02741875179103534,1.0,0.18193025124582346,0.28313286006450655,0.8,0.008912999997846782,0.0010594999985187314,0.04188309999881312,,D,0.04876589343940501,0.9680304095017672,2.9165398261923254,9.216753860047547,0.9714508317226648,0.10698986654479169,0.3393766923164623,0.329843521332883,2.0,0.8839654602120144,0.20322672884871276
seeds,P2_Full,,main,clean,0.0,4,0.2,42,0.8761904761904762,0.6486244145934746,0.6801064519242702,-0.026987313349529838,1.0,0.18456384604473305,0.23397266051986002,0.9090909090909091,0.008336099999723956,0.0010115999975823797,0.05462160000024596,,D,0.04751417125160573,0.9798916001121276,2.926865577908796,8.505036654037426,0.9818209280630441,0.09594636876502927,0.3379639023909017,0.3297344799447618,2.0,0.8927398790737759,0.1936116663185192
seeds,P2_Full,,main,clean,0.0,5,0.05,10,0.8952380952380953,0.6703334036134687,0.7155730961897425,-0.019066553337900173,1.0,0.1732753619860072,0.33237739900747937,0.6666666666666666,0.009313200003816746,0.0010352000026614405,0.014118300001427997,,D,0.05755702691929812,0.9542403889534983,2.887276827254078,11.856747545375413,0.9601505860851789,0.129157503670094,0.34315856457610855,0.33028652616623255,2.0,0.8587038102572511,0.2364674339627269
seeds,P2_Full,,main,clean,0.0,5,0.1,21,0.8571428571428571,0.6157694523611894,0.6373765598751362,-0.024138339927687727,1.0,0.1763267190857959,0.2789648771286011,0.9090909090909091,0.009553600000799634,0.0011643999969237484,0.028101700001570862,,D,0.05331033221541119,0.9613324633421557,2.8986049637998565,10.662066443082239,0.9659388831182029,0.11912886555996002,0.3417020545774114,0.33040201005025127,2.0,0.8684032771662422,0.22310400124076837
seeds,P2_Full,,main,clean,0.0,5,0.15,31,0.8380952380952381,0.6102588215930033,0.6076668630160743,-0.02040896137174809,1.0,0.17883798030583248,0.31722408533096313,0.8,0.009023200000228826,0.0010982000021613203,0.041667199999210425,,D,0.055246589501088184,0.9711548023667705,2.9096294800823705,10.441605415705666,0.9743391327902899,0.11039378076061769,0.3401953421074489,0.3305189688168412,2.0,0.8757740185662087,0.2170298134800297
seeds,P2_Full,,main,clean,0.0,5,0.2,42,0.8142857142857143,0.6072808286594682,0.5773636204303878,-0.033703851733634355,1.0,0.1795263648601438,0.21169789270921188,1.0,0.009679700000560842,0.0009752999976626597,0.05642950000037672,,D,0.05951663658482427,0.9833411171074664,2.909034678002874,10.653477948683545,0.9851030239340998,0.10576380409175179,0.34006988419876727,0.3306760404243299,2.0,0.8772934054821219,0.21887636150629516
seeds,P2_Full,,main,clean,0.0,6,0.05,10,0.8809523809523809,0.6493197501754057,0.6822257825155047,-0.03998107138716756,1.0,0.17384787525306292,0.2762375622987747,0.8333333333333334,0.010197600000537932,0.001371499995002523,0.015579500002786517,,D,0.05900216638911636,0.9538830390736646,2.8909342959199305,12.15444627615797,0.9598052980620952,0.12841824069653213,0.34271824567653425,0.3303812455600284,2.0,0.859876026609144,0.23504747163453413
seeds,P2_Full,,main,clean,0.0,6,0.1,21,0.8809523809523809,0.653324839404021,0.6862119922139097,-0.03850897183220953,1.0,0.1755167257781313,0.24138326536525379,0.9090909090909091,0.009759100001247134,0.001695400002063252,0.030788900003244635,,D,0.057827899295674424,0.9662357575030885,2.8979390905458815,11.565579859134886,0.9702112222350414,0.11774186055903609,0.3417817237314244,0.33130653266331656,2.0,0.865321968001797,0.22918233597106377
seeds,P2_Full,,main,clean,0.0,6,0.15,31,0.8571428571428571,0.6233481375532773,0.6392388495354014,-0.02921628487913176,1.0,0.1792641065438424,0.2464109778404236,0.8,0.009787599999981467,0.001199600003019441,0.045499599997128826,,D,0.05614367213785409,0.9665188134778515,2.9100110974153055,10.611154034054422,0.9703150189789009,0.11338324281124615,0.3401500315178503,0.3301812450748621,2.0,0.8770632380124371,0.21329108348471854
seeds,P2_Full,,main,clean,0.0,6,0.2,42,0.9619047619047619,0.8588647467642706,0.8880166730030907,-0.02952907990449123,1.0,0.1797379559232346,0.2208981757814234,0.9090909090909091,0.008822400006465614,0.0012148000023444183,0.05892450000101235,,D,0.06095983122572347,0.977648073205552,2.9096918059217165,10.9118097894045,0.9801195255231874,0.11056998979833932,0.3399918136812357,0.33011110413658906,2.0,0.8778996167070579,0.2159473749380291
seeds,P2_Full,,main,clean,0.0,7,0.05,10,0.8904761904761904,0.6855905080819611,0.7087471242260559,-0.041060564202235195,1.0,0.17261425682140102,0.3287850668032964,0.6666666666666666,0.009598900003766175,0.0011889000015798956,0.014569699997082353,,D,0.05832494557129515,0.9526615163470454,2.875885411981263,12.014938787686802,0.9589731767988772,0.13333043149635931,0.3445371416141129,0.3308548425290078,2.0,0.8567345714213872,0.23808132564096546
seeds,P2_Full,,main,clean,0.0,7,0.1,21,0.8666666666666667,0.6673074867344746,0.6633918505395394,-0.03188383917052889,1.0,0.1757776655803332,0.2684018449349837,0.7272727272727273,0.009907999999995809,0.0011473999984445982,0.02915470000152709,,D,0.05568625206521176,0.9578787233640637,2.8825006387542937,11.137250413042352,0.9631850312935848,0.12597690177780557,0.34363919455132474,0.33110552763819096,2.0,0.865807199209613,0.2263077411718321
seeds,P2_Full,,main,clean,0.0,7,0.15,31,0.8476190476190476,0.6474176414496982,0.6318222155941542,-0.03750810650484917,1.0,0.17805795062497634,0.20821995735168458,0.8,0.009460200002649799,0.001108700002077967,0.043426299998827744,,D,0.05124741172498397,0.9678179405687772,2.8849448099981294,9.68576081602197,0.9715975388285085,0.11744426324887064,0.3431516937129209,0.331306990881459,2.0,0.8739840761433004,0.21668994790959498
seeds,P2_Full,,main,clean,0.0,7,0.2,42,0.819047619047619,0.6134227894796559,0.5850694810664278,-0.02826934300233924,1.0,0.1798489982252875,0.23935824090784247,1.0,0.008694199997989926,0.00122160000319127,0.056842699996195734,,D,0.04877558357116639,0.974472992451786,2.8802907005484766,8.730829459238784,0.9773851151027164,0.11408006384728893,0.3435196901860044,0.3314920595066223,2.0,0.8778629041024368,0.21169926896569083
seeds,P2_Full,,main,clean,0.0,8,0.05,10,0.8857142857142857,0.6481043150916098,0.6928110693990657,-0.028011430227376104,1.0,0.17308572594776972,0.32523531715075177,0.8333333333333334,0.010076300000946503,0.0013722000003326684,0.015783800001372583,,D,0.05916983586872959,0.9546969452223106,2.889831604208846,12.188986188958296,0.9605515047382263,0.1292310097993405,0.3428508802397881,0.3300970873786408,2.0,0.8588452461744142,0.23673930426758838
seeds,P2_Full,,main,clean,0.0,8,0.1,21,0.8571428571428571,0.6186476380229188,0.6321300194702651,-0.019730349120248618,1.0,0.17638219623438925,0.2948262176730416,0.8181818181818182,0.010087799993925728,0.0013005000000703149,0.0307639000020572,,D,0.05651177957747919,0.9622529626183566,2.900061143960165,11.302355915495838,0.9667853784348411,0.1200734184953206,0.34152795575128614,0.3302010050251256,2.0,0.8678362585066065,0.22515782371931875
seeds,P2_Full,,main,clean,0.0,8,0.15,31,0.8142857142857143,0.5526948632752553,0.5458546284009674,-0.030901491814845212,1.0,0.17981893811806493,0.26773964464664457,0.8,0.009016099997097626,0.001141000000643544,0.044388800000888295,,D,0.05326906842715107,0.9721347500323053,2.9071257378359245,10.067853932731552,0.975164665566592,0.10873455424944603,0.3404929141101752,0.3306878306878307,2.0,0.8778996750317357,0.21462347233300666
seeds,P2_Full,,main,clean,0.0,8,0.2,42,0.7714285714285715,0.5250623282089736,0.4764950895088334,-0.042587379498018024,1.0,0.1798899607591701,0.2060547498139468,0.9090909090909091,0.008246900004451163,0.0011244999986956827,0.05746260000159964,,D,0.05621700342020723,0.9791966819366226,2.8924300246975827,10.062843612217094,0.9814899943850908,0.1102378207880895,0.3420543840991312,0.33086435252024354,2.0,0.8777212085061573,0.21730758703663666
seeds,P2_Full,,main,clean,0.0,9,0.05,10,0.9380952380952381,0.7784724371926749,0.821585830388884,-0.040723328075640844,1.0,0.17343341493919098,0.2557581961154938,0.8333333333333334,0.010917899999185465,0.0016689999974914826,0.016906500000914093,,D,0.05914973766245513,0.9536756517775098,2.883377044587897,12.184845958465758,0.9597336282669631,0.1307730539533453,0.3436292859319965,0.3308548425290078,2.0,0.8585056409048583,0.23612369924346346
seeds,P2_Full,,main,clean,0.0,9,0.1,21,0.9571428571428572,0.8398224937846243,0.8742879747225176,-0.028619367077797265,1.0,0.17588506641989707,0.3052436384287747,0.9090909090909091,0.009439299996301997,0.0016157999998540618,0.03171970000403235,,D,0.056058989326696035,0.9585234709555395,2.893703327743202,11.211797865339207,0.9636366054523823,0.12327778178742553,0.34228937478816823,0.3308040201005025,2.0,0.8673688601044365,0.22329406010938374
seeds,P2_Full,,main,clean,0.0,9,0.15,31,0.9619047619047619,0.8562010477815629,0.8872922511852893,-0.032268463373829714,1.0,0.18194719768478804,0.2655711591243744,1.0,0.009310900000855327,0.0011973999935435131,0.04571260000375332,,D,0.04855661970862122,0.9717486552938489,2.918411412565321,9.177201124929411,0.9746960238908517,0.10432666578030737,0.3391556377946293,0.3305189688168412,2.0,0.8854409202237085,0.19819552721923595
seeds,P2_Full,,main,clean,0.0,9,0.2,42,0.9666666666666667,0.8785973984141411,0.9005020118381648,-0.03375761898918565,1.0,0.1869079938623667,0.1995702548460527,1.0,0.00863750000280561,0.0010246999954688363,0.05876680000073975,,D,0.04383037041120193,0.9812876254280427,2.9381238061994663,7.845636303605144,0.9829578337852033,0.08925688991196183,0.3366473740565599,0.3301738748352269,2.0,0.9002105578988561,0.17741678217397616
seeds,P2_Full,,main,clean,0.0,11,0.05,10,0.8904761904761904,0.6574977980556201,0.7029956855348143,-0.01883866039876515,1.0,0.17295194031845482,0.3307015796502431,0.6666666666666666,0.009737099993799347,0.0013455000007525086,0.015002200001617894,,D,0.05900663050398222,0.9540698463468148,2.887460277805334,12.155365883820338,0.9600475818172975,0.1301483882597077,0.3431364525806403,0.33019180677243665,2.0,0.8584556205615272,0.23661788185736607
seeds,P2_Full,,main,clean,0.0,11,0.1,21,0.8571428571428571,0.6252985186045807,0.6324895819456113,-0.024653381915173942,1.0,0.17634592334105575,0.29070494120771234,0.9090909090909091,0.009420599999430124,0.0011464999988675117,0.029006200005824212,,D,0.054559741750301566,0.9609408213255194,2.8956215257945876,10.911948350060314,0.9656709129482386,0.12110064223674073,0.34205929706841726,0.33040201005025127,2.0,0.86757917592269,0.2243496451802922
seeds,P2_Full,,main,clean,0.0,11,0.15,31,0.8142857142857143,0.557160161557427,0.5449528539102915,-0.04714823595212815,1.0,0.17991119408600767,0.22562726140022277,0.9,0.009095800000068266,0.0010553000029176474,0.04227610000089044,,D,0.05076847595148758,0.9711127863241422,2.9009232742651605,9.595241954831152,0.9742444590861882,0.10841034366229717,0.34123229482472345,0.33153214004277837,2.0,0.8783437558859586,0.2130887335707808
seeds,P2_Full,,main,clean,0.0,11,0.2,42,0.7666666666666667,0.5148565112072786,0.4655219186556185,-0.02522390144493908,1.0,0.1789567894592614,0.24910289320078763,0.9090909090909091,0.00832069999887608,0.0008505000005243346,0.0548759000012069,,D,0.05719810759541514,0.9790752721766045,2.881926942121321,10.23846125957931,0.9814463009515333,0.11331228749736726,0.3433214639373754,0.33117820601343295,2.0,0.8748399785642137,0.22233026618876392
seeds,P2_Full,,main,clean,0.0,10,0.05,10,0.9333333333333333,0.7659384378531993,0.8093013081504196,-0.029603171831170023,1.0,0.17273637410669174,0.25639598071575165,0.6666666666666666,0.009444699993764516,0.0013334000032045878,0.01480450000235578,,D,0.05959335426257212,0.9522158548552293,2.8787026741351185,12.276230978089856,0.9585915567803064,0.13342714211504225,0.3441951840369287,0.3308548425290078,2.0,0.8563599189267566,0.23868199206707685
seeds,P2_Full,,main,clean,0.0,10,0.1,21,0.9476190476190476,0.8168691618483584,0.8478205537835013,-0.027144392774848605,1.0,0.17513721937806562,0.3039799657734958,0.9090909090909091,0.009321600002294872,0.001185799999802839,0.02875820000190288,,D,0.05651264048017886,0.9572427586170277,2.8888926443206424,11.302528096035772,0.9626402717841976,0.12623623490638547,0.3428677348434828,0.33060301507537687,2.0,0.8651397391731085,0.2259765170365077
seeds,P2_Full,,main,clean,0.0,10,0.15,31,0.9619047619047619,0.8562010477815629,0.8872922511852893,-0.027387100324203485,1.0,0.18129285524004954,0.27010040581226347,0.9,0.00923530000000028,0.0010534000030020252,0.04297439999936614,,D,0.04898285671486299,0.9689630201772049,2.91482979557471,9.257759919109105,0.9722822264529797,0.10694359743524343,0.3395789135381616,0.3308566925588202,2.0,0.8835608453307509,0.2004124551573453
seeds,P2_Full,,main,clean,0.0,10,0.2,42,0.9666666666666667,0.8785973984141411,0.9005020118381648,-0.03076996917377236,1.0,0.1862435563547142,0.16525663841854443,0.9090909090909091,0.008383100001083221,0.0010671000054571778,0.05553180000424618,,D,0.04506927371881476,0.9786727693283832,2.9333231810587037,8.067399995667841,0.9806533527668951,0.09286641425732824,0.33720751951282574,0.3304877283284163,2.0,0.8981827347729988,0.18013853563164903
seeds,P2_Full,,main,clean,0.0,12,0.05,10,0.9380952380952381,0.7778259383757717,0.8225408638410754,-0.038914525140278995,1.0,0.17410633038745477,0.3365467886130015,0.6666666666666666,0.009859999998298008,0.0013417000009212643,0.015277400001650676,,D,0.057643727299977326,0.954878490816402,2.8883020662240124,11.87460782379533,0.9606802463957856,0.12858070761278012,0.34303502462398583,0.3303812455600284,2.0,0.8605500724017954,0.23300490695402495
seeds,P2_Full,,main,clean,0.0,12,0.1,21,0.9571428571428572,0.8398224937846243,0.8742879747225176,-0.03167491981524957,1.0,0.17746615958295198,0.25272007151083514,0.9090909090909091,0.00937819999671774,0.0012096999998902902,0.029192699999839533,,D,0.05212903137139627,0.961759534755273,2.9034658655889762,10.425806274279253,0.9662394220191609,0.11715043829142663,0.3411215735769035,0.33030150753768844,2.0,0.8722716523489293,0.2161145750422015
seeds,P2_Full,,main,clean,0.0,12,0.15,31,0.9619047619047619,0.8562010477815629,0.8872922511852893,-0.027768580849823605,1.0,0.18260665511017693,0.22559808194637299,0.8,0.008377999998629093,0.0009972999978344887,0.04177640000125393,,D,0.04697463726476062,0.9721667235976393,2.9232343989381646,8.878206443039758,0.9750155906303283,0.10235471352726831,0.33858729568604073,0.33001238320387255,2.0,0.8874768066240674,0.19512514782992932
seeds,P2_Full,,main,clean,0.0,12,0.2,42,0.9666666666666667,0.8785973984141411,0.9005020118381648,-0.031323070401450596,1.0,0.18684342794061992,0.1956862753087824,1.0,0.008228999999118969,0.0009720999951241538,0.05414700000255834,,D,0.04269596959002422,0.9802385830176318,2.937428549165794,7.642578556614335,0.9820224622873591,0.09027081769080303,0.3367283845012699,0.3298600213420375,2.0,0.8999693776376166,0.17720406976290087
seeds,P2_Full,,main,clean,0.0,13,0.05,10,0.861904761904762,0.5795866858610691,0.6316164478607766,-0.014507921456661015,1.0,0.17247846567027533,0.3426364064216614,0.5,0.009829199996602256,0.0013757000051555224,0.016105599999718834,,D,0.06112163441686612,0.9493723915467426,2.874976454574632,12.59105668987442,0.9561923429815002,0.13470814923154617,0.3446476133102526,0.33199147525455835,2.0,0.8554130469916499,0.24334270471574226
seeds,P2_Full,,main,clean,0.0,13,0.1,21,0.8285714285714286,0.524708939106226,0.5603148302797283,-0.037460376650050344,1.0,0.17584291256240125,0.23368999361991882,0.7272727272727273,0.009421099995961413,0.0012499000004027039,0.030672200002300087,,D,0.055930504704107945,0.956757614862811,2.8894795281494585,11.18610094082159,0.9620422086001447,0.1222086552480405,0.3427970741269135,0.33246231155778894,2.0,0.8659608990970298,0.22979810480789287
seeds,P2_Full,,main,clean,0.0,13,0.15,31,0.8,0.4883296245923024,0.5074849747156153,-0.0349229487756106,1.0,0.17498554852292558,0.2888017207384109,0.9,0.008790600004431326,0.0013557000056607649,0.04463679999753367,,D,0.05914482760893491,0.9684732342194627,2.8824061386519495,11.1783724180887,0.97237310411853,0.12370028458405244,0.34345860845729,0.3305189688168412,2.0,0.8635019200173542,0.23851821967991213
seeds,P2_Full,,main,clean,0.0,13,0.2,42,0.8,0.5564415334352308,0.5492439657833325,-0.03168339237380117,1.0,0.17464704635718736,0.2338515818119049,0.9090909090909091,0.008084400004008785,0.0015276999984052964,0.0584138999984134,,D,0.0670482232549343,0.9754526383438633,2.878626010661084,12.00163196263324,0.9785425673726441,0.12587621725157855,0.34372159412996894,0.33061326972569205,2.0,0.8618716791571364,0.24340171032931282
seeds,P2_Full,,main,clean,0.0,14,0.05,10,0.9285714285714286,0.7352259324319046,0.7957623522906863,-0.021471249523666205,1.0,0.1722599613159694,0.32334356506665546,1.0,0.009227399998053443,0.0015346000000135973,0.014733899995917454,,D,0.05932114519522071,0.9545826198843423,2.8709601301336423,12.220155910215468,0.9606386339370325,0.1333413340282561,0.3451365815981344,0.33170731707317075,2.0,0.8550102109772837,0.24012792330294155
seeds,P2_Full,,main,clean,0.0,14,0.1,21,0.8904761904761904,0.6231773465662085,0.69680298086777,-0.032950976198758725,1.0,0.17554528622189902,0.2686156793074174,0.8181818181818182,0.009027699998114258,0.0012379999971017241,0.02837300000101095,,D,0.057871445837896045,0.9556650571805787,2.8933293022343944,11.57428916757921,0.9612838587588333,0.12673528420100358,0.3423342727134178,0.3301005025125628,2.0,0.8657421683259829,0.22771707212349374
seeds,P2_Full,,main,clean,0.0,14,0.15,31,0.8761904761904762,0.6018515557534839,0.6661020934394981,-0.029039223061656506,1.0,0.1795382011793845,0.2690809011459351,0.9,0.009262699997634627,0.001050899998517707,0.041848799999570474,,D,0.05647812235486553,0.9674263156559263,2.9098548389506877,10.674365125069585,0.9710982145569389,0.11272593122185881,0.3401685831249572,0.3308566925588202,2.0,0.8762339357555986,0.21716298264502396
seeds,P2_Full,,main,clean,0.0,14,0.2,42,0.861904761904762,0.6012715556912305,0.6430998616626017,-0.030793855214777118,1.0,0.18189648665452626,0.1981390335343101,1.0,0.008881399997335393,0.0009645000027376227,0.05497050000121817,,D,0.0554016940470747,0.9806418743001526,2.918455948636524,9.916903234426371,0.9826048733329444,0.10140439540628284,0.3389539451688778,0.33061326972569205,2.0,0.8843137287696972,0.20948409187506412
seeds,P2_Full,,main,clean,0.0,15,0.05,10,0.861904761904762,0.6298813489327506,0.6382035659728571,-0.023596200898024944,1.0,0.1706409417137354,0.3301052351792653,0.5,0.009119700000155717,0.0012187999964226037,0.014309999998658895,,D,0.062319720931726,0.9485005064376703,2.866746536321441,12.837862511935555,0.9557505331454353,0.14077860200684097,0.3456510391764579,0.3308548425290078,2.0,0.8511895233171755,0.2484736904289213
seeds,P2_Full,,main,clean,0.0,15,0.1,21,0.8285714285714286,0.5753428061672458,0.5708503217566439,-0.03293291019539796,1.0,0.17457720226610218,0.26170570200139825,1.0,0.009203200002957601,0.0011932999987038784,0.028071200002159458,,D,0.05677380137524381,0.9606872718078887,2.8753770456857524,11.354760275048761,0.9656227723531284,0.12554459515302657,0.344502991783832,0.3325125628140704,2.0,0.8622521075315276,0.23208516883419322
seeds,P2_Full,,main,clean,0.0,15,0.15,31,0.7904761904761904,0.5497453474205805,0.5076634217524691,-0.026652276935046987,1.0,0.17567936692401365,0.2079449027776718,0.8,0.00880949999555014,0.0010572999963187613,0.04150339999614516,,D,0.0587210104169163,0.9709504150767011,2.867984126336193,11.09827096879718,0.9745065315466424,0.12241539696111349,0.3452124804771524,0.3325453112687155,2.0,0.8651450811753134,0.23295199366761082
seeds,P2_Full,,main,clean,0.0,15,0.2,42,0.8380952380952381,0.6352594272830123,0.6154177473388116,-0.023438054989339537,1.0,0.1725468286547393,0.22374894944104282,1.0,0.008241200004704297,0.001194400007079821,0.05505580000317423,,D,0.06604102546861215,0.9679877668699769,2.8061097515317823,11.821343558881576,0.9724684935295732,0.13996919994294638,0.3527493233157738,0.33569769631536,2.0,0.8559730781989824,0.2472609406118603
seeds,P2_Full,,main,clean,0.0,16,0.05,10,0.9,0.7004707429666068,0.7304277679034453,-0.02491879675976934,1.0,0.1729061569347846,0.3314494291941325,0.6666666666666666,0.009384200006024912,0.001061999995727092,0.014167000001179986,,D,0.059406609569707274,0.9529885655314329,2.881389931815319,12.237761571359698,0.9592094472640429,0.13232699242073592,0.34386962944416666,0.33057068434762016,2.0,0.8576820882943,0.2377873750413132
seeds,P2_Full,,main,clean,0.0,16,0.1,21,0.8809523809523809,0.6880796990493676,0.6931974593507437,-0.031285497987836405,1.0,0.17628885312524784,0.306775919415734,0.7272727272727273,0.00900030000047991,0.0009462000016355887,0.02728729999944335,,D,0.05458850303178032,0.9576180653133928,2.890532425243312,10.917700606356064,0.9628648896073517,0.12379860270081008,0.34267037740484885,0.3308040201005025,2.0,0.8673478511463665,0.22462711974528884
seeds,P2_Full,,main,clean,0.0,16,0.15,31,0.8523809523809524,0.6492646382642199,0.6386541402579577,-0.03182478294883557,1.0,0.17956172434593692,0.23324031829833985,0.9,0.008739600001717918,0.0008801000003586523,0.04031319999921834,,D,0.049936952565184364,0.9715151828730273,2.9029751807075943,9.438084034819845,0.9746673117554503,0.11065996556594225,0.3409873422860957,0.3305189688168412,2.0,0.8787540679692459,0.2102516358348901
seeds,P2_Full,,main,clean,0.0,16,0.2,42,0.8238095238095238,0.6151108429933334,0.5905705854216553,-0.02669388120404377,1.0,0.18185471214803783,0.2290672172199596,1.0,0.00851880000118399,0.001148399998783134,0.053139800002099946,,D,0.04726263078678862,0.9793680513163308,2.9047840802513876,8.460010910835162,0.9815400957610431,0.10527577777621083,0.3405757324846217,0.3304877283284163,2.0,0.8838724951331179,0.20390848989275118
seeds,P2_Full,,main,clean,0.0,17,0.05,10,0.8761904761904762,0.6367911782859348,0.6689916981213818,-0.02705304198593467,1.0,0.17404030035539297,0.2574143310387929,0.8333333333333334,0.009404099997482263,0.0013459999972837977,0.015194500003417488,,D,0.05561066555749793,0.9545276000891024,2.884251926475757,11.455797104844574,0.9603505395765827,0.12805436921935484,0.3435235729905826,0.3310442813165996,2.0,0.8613150636083373,0.23153434296929015
seeds,P2_Full,,main,clean,0.0,17,0.1,21,0.8571428571428571,0.6038391645691352,0.6300968774306176,-0.030445475338975923,1.0,0.17534643165679312,0.25356391885063867,1.0,0.009280999998736661,0.0014446000059251674,0.029643500005477108,,D,0.05200947642129524,0.9610522438359138,2.8796759752367556,10.401895284259048,0.9658417335462874,0.122972160198282,0.3439811980939272,0.3318592964824121,2.0,0.8653640790728575,0.22590612151754147
seeds,P2_Full,,main,clean,0.0,17,0.15,31,0.8285714285714286,0.5698492761118126,0.5814751962598771,-0.03297596269317223,1.0,0.17729878080578085,0.25801007747650145,0.9,0.008635300000605639,0.001290399995923508,0.043125800002599135,,D,0.05410171249410557,0.9721980252538104,2.8860694697462512,10.225223661385954,0.9754300388673703,0.11625122470852421,0.34301589963927515,0.33153214004277837,2.0,0.8710236919843483,0.222412012529043
seeds,P2_Full,,main,clean,0.0,17,0.2,42,0.8047619047619048,0.5523789776153296,0.5496690601683253,-0.03771220656036255,1.0,0.17610677916882192,0.2099015550179915,0.9090909090909091,0.008018300002731849,0.0012425999957486056,0.05622220000077505,,D,0.06335219334737809,0.9765368310014689,2.8739201411090303,11.340042609180678,0.9793942386159913,0.12178268053651406,0.344293616445439,0.3318686836984496,2.0,0.8672438307643313,0.23144172508856542
seeds,P2_Full,,main,clean,0.0,19,0.05,10,0.9095238095238095,0.6888614931940843,0.7439160487336373,-0.023993022953019333,1.0,0.17284851318244465,0.32870832085609436,0.8333333333333334,0.01042800000141142,0.001716600003419444,0.016200400001253,,D,0.057757373811068866,0.9569765625639707,2.874660389639016,11.898019005080187,0.9625734288355476,0.13008877498221266,0.3446860431735795,0.33170731707317075,2.0,0.8568107831007423,0.23811514547560067
seeds,P2_Full,,main,clean,0.0,19,0.1,21,0.8904761904761904,0.6404571385522737,0.6962119616669258,-0.03479138511765785,1.0,0.17572888515593846,0.2800554253838279,0.8181818181818182,0.00894469999911962,0.0012838999973610044,0.0299626000050921,,D,0.05396092266444121,0.9559854789081157,2.8850208265644515,10.792184532888243,0.961526122831926,0.12588218129747744,0.34333462150926475,0.3310050251256281,2.0,0.8663893344485624,0.22694521998779552
seeds,P2_Full,,main,clean,0.0,19,0.15,31,0.8809523809523809,0.6294654850772283,0.6791610532430463,-0.027685610043111698,1.0,0.17869791959526474,0.2822944611310959,0.8,0.008662600004754495,0.0012160999976913445,0.04317740000260528,,D,0.05236527034771959,0.9651613581966442,2.8977062328395182,9.897036095719002,0.9692317787484962,0.11683637309477399,0.3416170371902746,0.3309692671394799,2.0,0.8739040106779455,0.21943662583637338
seeds,P2_Full,,main,clean,0.0,19,0.2,42,0.8523809523809524,0.5885661575986705,0.6220570219592526,-0.02677462974318258,1.0,0.18058965210400726,0.2441489208828319,0.8181818181818182,0.007802800006174948,0.0010949999996228144,0.05526770000142278,,D,0.04913773037206959,0.973287645015375,2.901115381190221,8.795653736600457,0.9762238579000955,0.1099196565188831,0.34101352291072473,0.3309898939175193,2.0,0.8808546162495293,0.21145253582413828
seeds,P2_Full,,main,clean,0.0,18,0.05,10,0.8761904761904762,0.6429774800014862,0.6726273929310819,-0.02450034858662127,1.0,0.1720681057050462,0.31788240373134613,0.8333333333333334,0.0105729999995674,0.0014741999984835275,0.016147000002092682,,D,0.05939090515645904,0.9526904494547461,2.8792534001164816,12.234526462230562,0.9589793738596958,0.13293139191702874,0.34412841544382633,0.3307601231352119,2.0,0.8555680397682052,0.24132124355195161
seeds,P2_Full,,main,clean,0.0,18,0.1,21,0.8428571428571429,0.6102761638815702,0.6047150007281835,-0.03163492639374401,1.0,0.17488055981922074,0.30128956653855066,0.8181818181818182,0.009161100002529565,0.0012646000031963922,0.03028479999920819,,D,0.05512096765997228,0.9595150809061661,2.879029350318313,11.024193531994456,0.964628519076992,0.12630476447228006,0.34405958429919037,0.33105527638190957,2.0,0.8633037028663361,0.23077967081877165
seeds,P2_Full,,main,clean,0.0,18,0.15,31,0.8095238095238095,0.5897378309258776,0.54804385037642,-0.04361724582331528,1.0,0.17732996726154354,0.28092567920684813,0.7,0.008707399996637832,0.00135009999939939,0.04401779999898281,,D,0.05219507702607238,0.9710276900270349,2.8657501593138837,9.86486955792768,0.9744422789364392,0.11785697835590295,0.34548573392105114,0.33322075875267365,2.0,0.870567428644483,0.22289972960494275
seeds,P2_Full,,main,clean,0.0,18,0.2,42,0.7428571428571429,0.5140242619499232,0.44669819853242493,-0.030824244010153823,1.0,0.1771460293464695,0.25060501965609466,1.0,0.007864299994253088,0.0014461000027949922,0.057360099999641534,,D,0.0541010774760587,0.9688284801910327,2.8215490756708013,9.684092868214506,0.9726604988717225,0.12293332837712129,0.35078836188282825,0.3385223777540644,2.0,0.870120466639946,0.22330658175984608
seeds,P2_Full,,main,clean,0.0,20,0.05,10,0.8952380952380953,0.6731183467647609,0.7148619635228036,-0.029038882101705635,1.0,0.17289411802521326,0.262830525636673,0.6666666666666666,0.010157299999264069,0.0013547999988077208,0.015935800001898315,,D,0.05716291978353362,0.954559276883575,2.8877953452824467,11.775561475407926,0.9604288008401589,0.1291688061729448,0.3430960728698134,0.33019180677243665,2.0,0.8576816099529357,0.23800090371735297
seeds,P2_Full,,main,clean,0.0,20,0.1,21,0.8714285714285714,0.6349868104951386,0.6648005467294532,-0.035990869480278014,1.0,0.17518484509059534,0.26294424858960236,0.9090909090909091,0.009385600002133287,0.0014068999953451566,0.03003570000146283,,D,0.053821547180608886,0.9600370943697328,2.895834059102755,10.764309436121778,0.9649239407135937,0.12228456031384276,0.34203382357820217,0.33,2.0,0.8650220291450723,0.22771436777004103
seeds,P2_Full,,main,clean,0.0,20,0.15,31,0.8476190476190476,0.6201082115129674,0.6234434277568981,-0.032817499294784544,1.0,0.1778897304728785,0.2877009272575378,1.0,0.008820900002319831,0.0011068999956478365,0.043184499998460524,,D,0.05556755605018526,0.9693654349028903,2.9041000489817805,10.502268093485014,0.9728924910153569,0.11513321965844883,0.3408532046260459,0.329843521332883,2.0,0.8729309998457203,0.2196581973722112
seeds,P2_Full,,main,clean,0.0,20,0.2,42,0.8095238095238095,0.5839685386442007,0.5662962678981835,-0.03199618791677985,1.0,0.1783985853167284,0.21417971361767163,0.8181818181818182,0.007989699995960109,0.0010351000018999912,0.05567750000045635,,D,0.06173796986687226,0.9771173744240114,2.9039784500836867,11.051096606170134,0.9797272906497086,0.11405667662700218,0.3406717745529251,0.3299227920406754,2.0,0.8741797440749592,0.22177695613532403
seeds,P2_Full,,main,clean,0.0,21,0.05,10,0.9285714285714286,0.7291017455606242,0.7952688706113769,-0.03554345599718565,1.0,0.17334480643034053,0.25866643091042835,0.6666666666666666,0.009002599996165372,0.0013736999972024933,0.014201300000422634,,D,0.05777318482789522,0.9543137132262295,2.8874434805543663,11.901276074546416,0.9602401407701953,0.12972005305032194,0.3431384771005864,0.33019180677243665,2.0,0.8583892456471206,0.2357487950830961
seeds,P2_Full,,main,clean,0.0,21,0.1,21,0.9095238095238095,0.6749518015286159,0.7463605980321485,-0.03456804380737248,1.0,0.17602551981140663,0.30104182254184375,0.7272727272727273,0.00864749999891501,0.0012497999996412545,0.027348300005542114,,D,0.055131645153994595,0.9582755243455718,2.8994934326646122,11.02632903079892,0.9633710435160759,0.1221230246895471,0.34159580970694314,0.33,2.0,0.8675468520656339,0.22373682784607546
seeds,P2_Full,,main,clean,0.0,21,0.15,31,0.9047619047619048,0.6858975782094343,0.7396367946067443,-0.025946379077979732,1.0,0.1814295475709068,0.2859332084655762,0.8,0.00910709999880055,0.001050400001986418,0.041073600004892796,,D,0.049925723947736485,0.9674059978475794,2.912981159832617,9.435961826122195,0.9709531158685861,0.10882732364129886,0.3397977927037602,0.329843521332883,2.0,0.8824234455268638,0.2056232444646709
seeds,P2_Full,,main,clean,0.0,21,0.2,42,0.8809523809523809,0.6560462135452511,0.6898735642203438,-0.03170662098769555,1.0,0.18431054394646723,0.20037257400425998,0.8181818181818182,0.00871970000298461,0.0010585000054561533,0.054223800005274825,,D,0.04800636855902451,0.9784955547430371,2.924527306396394,8.593139972065387,0.9805818590804961,0.09701735211158209,0.3382386092538655,0.3299855627393133,2.0,0.8920712570619299,0.19457452280781667
seeds,P2_Full,,main,clean,0.0,23,0.05,10,0.8857142857142857,0.6454753949317019,0.6916400362767735,-0.02418894027116324,1.0,0.17322886251916028,0.28451185425122577,0.6666666666666666,0.00889160000224365,0.0011723000061465427,0.013789900003757793,,D,0.06012627426378914,0.951380250028786,2.885589585956511,12.386012498340563,0.9578201623240182,0.13245465678135124,0.34336206605462044,0.33019180677243665,2.0,0.8578258906115226,0.23938538803259937
seeds,P2_Full,,main,clean,0.0,23,0.1,21,0.8428571428571429,0.5642246545350775,0.5946533632125733,-0.026105840586175346,1.0,0.17557704839861724,0.2813905856826089,0.9090909090909091,0.008837999994284473,0.0011375999965821393,0.027509800005645957,,D,0.05791890403654407,0.9607724082200784,2.8992686255398676,11.583780807308813,0.9655588695553001,0.12201772064100334,0.3416226864354954,0.3302010050251256,2.0,0.865144594143004,0.2307551791572824
seeds,P2_Full,,main,clean,0.0,23,0.15,31,0.819047619047619,0.5535642552199337,0.5506468990624872,-0.020514909301876168,1.0,0.17712950371686195,0.25318303108215334,0.9,0.00907770000048913,0.0011152000006404705,0.04118880000169156,,D,0.058599607861948406,0.9750510177842227,2.9068477730840354,11.07532588590825,0.977877504100908,0.1132906461770575,0.3405259820833918,0.32995609591354275,2.0,0.8705831923941943,0.22742317527137926
seeds,P2_Full,,main,clean,0.0,23,0.2,42,0.7666666666666667,0.48920986946688644,0.45911882008821725,-0.03861790320739194,1.0,0.1773702456789036,0.1984838436950337,0.9090909090909091,0.008740999997826293,0.0011143000010633841,0.05517910000344273,,D,0.06167511783999697,0.9813052147140768,2.900779331692778,11.039846093359458,0.9834416305675673,0.11427870504076412,0.34105367947839177,0.3298600213420375,2.0,0.8703638903394477,0.22945217487500788
seeds,P2_Full,,main,clean,0.0,22,0.05,10,0.9285714285714286,0.736871391862801,0.7945599993696407,-0.007686490624352065,1.0,0.17329464035121941,0.3356840858856837,0.6666666666666666,0.008805600002233405,0.001422500004991889,0.014063800001167692,,D,0.058837596680326266,0.953262252056031,2.8845570630398587,12.12054491614721,0.959396500019261,0.1312482572028083,0.34348671808652925,0.3303812455600284,2.0,0.8581716344469594,0.23682499061119036
seeds,P2_Full,,main,clean,0.0,22,0.1,21,0.9095238095238095,0.6845712262803997,0.7457731455125314,-0.033898406496010704,1.0,0.17624232192772812,0.2532283663749695,0.8181818181818182,0.00914310000371188,0.0015844000008655712,0.028858700003183912,,D,0.054007055096815575,0.9592424263258043,2.8953154378013735,10.801411019363115,0.9642246822909871,0.12224123067309045,0.3420959902635807,0.33030150753768844,2.0,0.8682814879368583,0.22238735616114405
seeds,P2_Full,,main,clean,0.0,22,0.15,31,0.8857142857142857,0.6253731034214394,0.6893697786059998,-0.04026650503314355,1.0,0.18061466167215431,0.2801426351070404,1.0,0.009487499999522697,0.0012819000039598905,0.04333739999856334,,D,0.05008687855957926,0.9647866072497427,2.9069093334560505,9.46642004776048,0.9687504586975512,0.11256658726187262,0.340518658031458,0.3301812450748621,2.0,0.8798855413914898,0.2088462336510973
seeds,P2_Full,,main,clean,0.0,22,0.2,42,0.9714285714285714,0.8838257764162951,0.9151416244385184,-0.02914264370686127,1.0,0.1828419048961254,0.24552757089788263,0.8181818181818182,0.008984100000816397,0.001241500001924578,0.05965540000033798,,D,0.04739091339296158,0.9751718749134869,2.9098114622428595,8.482973497340122,0.9777579569605688,0.10415937724136297,0.3399776016277388,0.3301738748352269,2.0,0.8875937437952064,0.20077197029029775
seeds,P2_Full,,main,clean,0.0,24,0.05,10,0.8952380952380953,0.6834971314532258,0.7136602796825353,-0.04568324367924317,1.0,0.17234662466410974,0.2605161766211192,0.6666666666666666,0.010724200001277495,0.0012519999945652671,0.016128099996421952,,D,0.0593785039692118,0.9530168691557467,2.879253720000563,12.23197181765763,0.9592398698816098,0.13245181012930116,0.3441283766693302,0.33109164101349753,2.0,0.855946972546333,0.239743596792642
seeds,P2_Full,,main,clean,0.0,24,0.1,21,0.8714285714285714,0.661716108238441,0.6665415491226748,-0.03406426630811643,1.0,0.17427600305756646,0.29976720972494647,0.9090909090909091,0.010453599999891594,0.0012636000028578565,0.03159369999775663,,D,0.057923692458990386,0.955018904790343,2.884306804588869,11.584738491798078,0.9608351042596378,0.12930319820327446,0.34342085939299777,0.33105527638190957,2.0,0.8613705837607208,0.23298375560311488
seeds,P2_Full,,main,clean,0.0,24,0.15,31,0.8571428571428571,0.6483280494267865,0.6431747755507082,-0.029895678601384368,1.0,0.17608043719249392,0.23233150243759154,0.9,0.010088999995787162,0.0011861999955726787,0.046377999999094754,,D,0.052921816426030395,0.9633696183366611,2.8864749453251637,10.002223304519745,0.9678846210928101,0.12325841422143248,0.34296696751335964,0.3308566925588202,2.0,0.8681063832761413,0.22519879790906952
seeds,P2_Full,,main,clean,0.0,24,0.2,42,0.8238095238095238,0.6095378163801589,0.5864779850968762,-0.02803052589341132,1.0,0.17794869768323657,0.24494057080962442,0.9090909090909091,0.008337100000062492,0.0010708999980124645,0.05934500000148546,,D,0.05181969995223506,0.9697442496432319,2.885895624342343,9.275726291450075,0.9734030668473035,0.12092964679202413,0.34284160259177565,0.3304877283284163,2.0,0.8720451045609761,0.22051155714000237
seeds,P2_Full,,main,clean,0.0,25,0.05,10,0.9095238095238095,0.6775878911346593,0.7439204801761854,-0.01654311387203194,1.0,0.17240318561056844,0.29539017379283905,0.6666666666666666,0.010209000000031665,0.0015376000010292046,0.016147900001669768,,D,0.06083242889922537,0.9494074533641736,2.8777959176105306,12.531480353240426,0.9562934789393356,0.13610751055345563,0.3443051725282874,0.33057068434762016,2.0,0.855206473987107,0.24251248650864754
seeds,P2_Full,,main,clean,0.0,25,0.1,21,0.8809523809523809,0.5997436376447894,0.6721465254594686,-0.03085687299501527,1.0,0.17490793765469184,0.25880987264893274,0.7272727272727273,0.009712200000649318,0.0013914000010117888,0.030800600005022716,,D,0.05593312523701144,0.9552712595771555,2.886419124264023,11.186625047402288,0.9609877600712515,0.12780374408165493,0.3431658620145154,0.33060301507537687,2.0,0.8639073777972829,0.23047606513658409
seeds,P2_Full,,main,clean,0.0,25,0.15,31,0.8761904761904762,0.6023471940312632,0.6650065064549651,-0.026172951872264687,1.0,0.1787099822865954,0.29327352344989777,0.8,0.009018500000820495,0.0012605000010807998,0.0448233999995864,,D,0.05219634824665395,0.9616192356735712,2.89572763159799,9.865109818617597,0.9661817218395221,0.11887429148484063,0.34185409276176904,0.3305189688168412,2.0,0.8736286478790077,0.21957045977179357
seeds,P2_Full,,main,clean,0.0,25,0.2,42,0.8714285714285714,0.6228580838317359,0.6643470603792039,-0.01625568295316684,1.0,0.1809232045788911,0.2526868690143932,0.9090909090909091,0.008272600003692787,0.0011159999994561076,0.05763940000178991,,D,0.052588143161950575,0.9756120627670222,2.9050469145817113,9.413277625989153,0.9782449224354042,0.10795745631253355,0.34054441058359597,0.33086435252024354,2.0,0.8814057970424956,0.21214223940783553
seeds,P2_Full,,main,clean,0.0,26,0.05,10,0.9142857142857143,0.6994443851371177,0.7560304880689446,-0.015022936965547623,1.0,0.17177368225037978,0.33560370405515033,0.6666666666666666,0.010129000002052635,0.001192399999126792,0.01503719999891473,,D,0.06098280915479434,0.9485849513798811,2.867605742913584,12.562458685887634,0.955749104079813,0.13933960760913403,0.34554601187141265,0.3309022022259058,2.0,0.8533647204229553,0.2446454175161275
seeds,P2_Full,,main,clean,0.0,26,0.1,21,0.9,0.6617155722408834,0.7208500083939412,-0.04249611700270824,1.0,0.17452118208848574,0.2642426138574427,0.8181818181818182,0.009192400000756606,0.0008807999984128401,0.028397500005667098,,D,0.0571531045033479,0.9547946135192577,2.8811209550464656,11.430620900669581,0.9606815095196587,0.13022554298720232,0.34380615959359756,0.3308542713567839,2.0,0.8629622438685092,0.23052857976004815
seeds,P2_Full,,main,clean,0.0,26,0.15,31,0.8809523809523809,0.6249653419751899,0.6780672123338097,-0.03098462371304182,1.0,0.17878951906160734,0.255683034658432,0.7,0.008672600000863895,0.0009621999997762032,0.04110450000007404,,D,0.05304026405025703,0.9620936421612384,2.896478798175893,10.024609905498579,0.966618966166095,0.11938166215033115,0.34176405760043105,0.3305189688168412,2.0,0.8741687806628842,0.2175453929763896
seeds,P2_Full,,main,clean,0.0,26,0.2,42,0.861904761904762,0.6080197164620584,0.6452021824983489,-0.03433034141547934,1.0,0.17982576819665494,0.24695405634966763,0.9090909090909091,0.007798799997544847,0.0008355000027222559,0.0529000000024098,,D,0.05097601961283094,0.9710154865838293,2.8966474158417426,9.124707510696739,0.9743221034295506,0.11408219272974024,0.3415481884430852,0.3304877283284163,2.0,0.8782678901679863,0.21468623020917532
seeds,P2_Full,,main,clean,0.0,27,0.05,10,0.9380952380952381,0.7785509297174396,0.8217792663756577,-0.02152056766414318,1.0,0.17354541212689867,0.32507120569547016,0.8333333333333334,0.010170200002903584,0.0014338999972096644,0.015434900000400376,,D,0.0594313442140217,0.9543697585094499,2.887395995737823,12.24285690808847,0.9603053739420792,0.13008073678195378,0.34314420042392346,0.33019180677243665,2.0,0.8584633388476857,0.23738959915243607
seeds,P2_Full,,main,clean,0.0,27,0.1,21,0.9571428571428572,0.8398224937846243,0.8742879747225176,-0.024065087060395538,1.0,0.17664529764886572,0.3067210154099898,0.8181818181818182,0.009091500003705733,0.0011617999989539385,0.02904359999956796,,D,0.05582577088472277,0.9602226040364854,2.9009295694413377,11.165154176944554,0.9650069708165058,0.12027853166679749,0.3414242112379346,0.33045226130653266,2.0,0.8697857524082936,0.22005464095329055
seeds,P2_Full,,main,clean,0.0,27,0.15,31,0.9619047619047619,0.8562010477815629,0.8872922511852893,-0.03426176793148589,1.0,0.1827252359157894,0.21364306211471557,1.0,0.008541600000171456,0.001023200005874969,0.04165820000343956,,D,0.04947833149490724,0.974533115368416,2.926552676226607,9.351404652537468,0.9770976319168962,0.10070004971474615,0.3381973567131978,0.3301812450748621,2.0,0.8879261142783088,0.19489074569608641
seeds,P2_Full,,main,clean,0.0,27,0.2,42,0.9666666666666667,0.8785973984141411,0.9005020118381648,-0.03156548133542179,1.0,0.1868728492571613,0.20154289223931052,1.0,0.007888499996624887,0.0008564000017940998,0.05344619999959832,,D,0.045465238164792074,0.9822645290030008,2.940751384934749,8.13827763149778,0.983845655098812,0.08915049936248073,0.33634155794294524,0.3298600213420375,2.0,0.9001076009558295,0.17769703968820114
seeds,P2_Full,,main,clean,0.0,28,0.05,10,0.8952380952380953,0.674994512704728,0.7153403468120395,-0.02650111183461738,1.0,0.1739740285514417,0.32646723091602325,0.8333333333333334,0.009633000001485925,0.0013937999974587,0.015118399998755194,,D,0.0564627924929385,0.9587353826473671,2.8940397560363245,11.63133525354533,0.9638769627790417,0.12460021348886849,0.34234525618086775,0.33019180677243665,2.0,0.8616087812500677,0.23225958478651773
seeds,P2_Full,,main,clean,0.0,28,0.1,21,0.8523809523809524,0.6182310590299374,0.6233157914380622,-0.039741900055532665,1.0,0.17698004597024952,0.24252822453325446,0.8181818181818182,0.008906700000807177,0.0013291000068420544,0.02894709999964107,,D,0.05177595991569092,0.9632240229238291,2.899388661718408,10.355191983138184,0.9675619441948521,0.1179552962532622,0.34160833503817883,0.3302010050251256,2.0,0.8697546862985107,0.22069124380159194
seeds,P2_Full,,main,clean,0.0,28,0.15,31,0.8142857142857143,0.5571620174186168,0.5465345057486269,-0.0330739751706164,1.0,0.1788380902295255,0.2340085744857788,1.0,0.008375399993383326,0.001273000001674518,0.0425699000043096,,D,0.049653618076105126,0.9716645701489555,2.8912822446784348,9.384533816383868,0.9748188787411574,0.11132030143123504,0.3423878764801536,0.3319824383654171,2.0,0.8752538267736879,0.21663048868247906
seeds,P2_Full,,main,clean,0.0,28,0.2,42,0.7523809523809524,0.516238279391849,0.4552886442846665,-0.029736008888897582,1.0,0.1788035583428095,0.19064814394170587,1.0,0.008839900001476053,0.001851699998951517,0.05804950000310782,,D,0.05232886391433192,0.9770932737000477,2.86841691505099,9.366866640665414,0.979742461231702,0.1156510754511363,0.3449649423576038,0.3316176009038981,2.0,0.8745505496057179,0.2198399594871475
seeds,P2_Full,,main,clean,0.0,29,0.05,10,0.8904761904761904,0.643988123850053,0.6996161436533582,-0.030685437754388926,1.0,0.17247390455918857,0.25651097297668457,0.8333333333333334,0.00964419999945676,0.0012202000070828944,0.014786600004299544,,D,0.05957461570526072,0.9520355151348758,2.882416054839357,12.27237083528371,0.9584223450837641,0.13315748030752408,0.343745477338642,0.3303812455600284,2.0,0.8559021692593496,0.24075279594043825
seeds,P2_Full,,main,clean,0.0,29,0.1,21,0.8428571428571429,0.5663802044248696,0.5949442836914363,-0.03573778882620931,1.0,0.17446734676857167,0.31199041550809686,0.7272727272727273,0.012937700004840735,0.001229800000146497,0.03262950000498677,,D,0.05648169524455241,0.9542577542396479,2.8890927948210625,11.296339048910482,0.9601298679892716,0.12837397141339013,0.34284363353035063,0.3302010050251256,2.0,0.8622491689819267,0.23285354776476494
seeds,P2_Full,,main,clean,0.0,29,0.15,31,0.8095238095238095,0.5244635849339031,0.5297725546636163,-0.019725077862973166,1.0,0.17588542854308342,0.26113846004009245,0.8,0.008887600000889506,0.0012017000044579618,0.04660950000106823,,D,0.05833620544142465,0.9702311404263507,2.896576169487038,11.02554282842926,0.9737769791059752,0.11911234526307375,0.34175239005056546,0.3301812450748621,2.0,0.8669310235072197,0.23117580918943312
seeds,P2_Full,,main,clean,0.0,29,0.2,42,0.819047619047619,0.575677893466978,0.5755730215650636,-0.025538427284971063,1.0,0.17543130196731854,0.20682800357991998,0.8181818181818182,0.008660999999847263,0.0014193999959388748,0.06067600000096718,,D,0.06300113086342592,0.9778762283153748,2.8845416326147144,11.277202424553238,0.9805868667617318,0.12252153407643133,0.3430051680551964,0.3299855627393133,2.0,0.864683016569395,0.2360271574143633
seeds,P2_Full,,main,clean,0.0,0,0.05,10,0.9238095238095239,0.7384069651104698,0.7850359051341558,-0.030701511708930037,1.0,0.1733295291219178,0.25198883811632794,0.6666666666666666,0.009375900001032278,0.0013961000004201196,0.015350199995737057,,E,0.057482112322579576,0.9530259329973595,2.8838214672619085,11.841315138451392,0.9591846294134511,0.13110843512326367,0.34357557783551274,0.3303812455600284,2.506701548165138,0.8581571353894422,0.23606387731207393
seeds,P2_Full,,main,clean,0.0,0,0.1,21,0.9333333333333333,0.7628272241003912,0.810553757295522,-0.03175151945656123,1.0,0.17552377227705063,0.17889346859671854,0.9090909090909091,0.01003340000170283,0.001375499996356666,0.030368899999302812,,E,0.055519773229110926,0.9584190113531439,2.893688206955781,11.103954645822185,0.9635795082905073,0.1241071245609653,0.34229118965844907,0.33025125628140706,2.5069993913572732,0.8663020774321913,0.2248109543806962
seeds,P2_Full,,main,clean,0.0,0,0.15,31,0.9428571428571428,0.7870909963532579,0.8356896372410862,-0.03998336492300342,1.0,0.17918481476154052,0.20284077823162078,0.7,0.009037100004206877,0.0012054000035277568,0.04419149999739602,,E,0.053261861403926886,0.9634235464306409,2.905326307577485,10.066491805342181,0.967698979154833,0.11689030255720706,0.34070709476463595,0.329843521332883,2.5079351535836176,0.8768679639016747,0.21019521807274016
seeds,P2_Full,,main,clean,0.0,0,0.2,42,0.9428571428571428,0.7870909963532579,0.8356896372410862,-0.04720820910482499,1.0,0.18270809220256348,0.16669416156682101,0.9090909090909091,0.008735999996133614,0.0011085000005550683,0.05758079999941401,,E,0.05013687648692351,0.9729642227806072,2.9148475109522503,8.974500891159309,0.975864353709886,0.10727011492010934,0.3393805082416048,0.329608938547486,2.5084745762711864,0.8871586210058217,0.1956239019570211
seeds,P2_Full,,main,clean,0.0,1,0.05,10,0.9142857142857143,0.7182380309929407,0.7622476198737829,-0.031940955749133075,1.0,0.17302830997410276,0.2550838887691498,0.8333333333333334,0.009698399997432716,0.0013281999999890104,0.015287700000044424,,E,0.05826128599418685,0.9556392727243297,2.886056538657375,12.00182491480249,0.9612905633378924,0.12739400277285579,0.3433057221611473,0.331517878285579,2.504107142857143,0.8581853712904914,0.23698331981295967
seeds,P2_Full,,main,clean,0.0,1,0.1,21,0.8714285714285714,0.6299812735330895,0.6635177029418418,-0.03354877454150835,1.0,0.17590797955937523,0.224205190485174,1.0,0.009863500003120862,0.0014100999978836626,0.030247000002418645,,E,0.05633473768292191,0.9582605739476708,2.9004254582224576,11.266947536584382,0.9633469676850135,0.12186065354530351,0.34148442619605135,0.3301005025125628,2.5073451057999696,0.8667600085148588,0.22569752608609778
seeds,P2_Full,,main,clean,0.0,1,0.15,31,0.8380952380952381,0.5873569470477357,0.6004469750370797,-0.030680892578877423,1.0,0.17796044616174866,0.1930646061897278,0.9,0.009166399999230634,0.0012892000013380311,0.044623500005400274,,E,0.0566888058521037,0.9668883886332778,2.9047446153607446,10.7141843060476,0.9707433553450141,0.11642341017600462,0.34077638855786113,0.329843521332883,2.5079351535836176,0.8730970607743538,0.21876100555785383
seeds,P2_Full,,main,clean,0.0,1,0.2,42,0.8047619047619048,0.5580377638814537,0.5522925043760601,-0.03710976339526852,1.0,0.17731196982651834,0.15858161449432373,1.0,0.009551300005114172,0.0013031999988015741,0.05941560000064783,,E,0.062859350840703,0.9731005990495388,2.893887704993254,11.251823800485838,0.9763319581742285,0.12012754970419495,0.3418792580394644,0.3297344799447618,2.508185798591281,0.8703356400373795,0.22610043388066756
seeds,P2_Full,,main,clean,0.0,2,0.05,10,0.8809523809523809,0.6505817084100394,0.6807264616007594,-0.03248233302198314,1.0,0.1738272476734027,0.2552666515111923,0.6666666666666666,0.011204100002942141,0.0034452000036253594,0.019494799998938106,,E,0.057677347769374686,0.9547003785809726,2.8929062564867642,11.881533640491185,0.9604519931542577,0.12696827022199472,0.3424813053386613,0.3301444470755387,2.507244297805193,0.8602944301515252,0.23516806532871737
seeds,P2_Full,,main,clean,0.0,2,0.1,21,0.8666666666666667,0.6315896978107668,0.6535636221009415,-0.03747820879671388,1.0,0.17319904814800474,0.18779931285164572,0.8181818181818182,0.0099393999989843,0.0014110000047367066,0.03454049999709241,,E,0.057882549046425286,0.9569517522997641,2.8800332548160483,11.576509809285056,0.9625947588077403,0.13108562623201067,0.3439379024714543,0.33045226130653266,2.5065389294403895,0.8581042332884801,0.23778948083457588
seeds,P2_Full,,main,clean,0.0,2,0.15,31,0.8380952380952381,0.591932823017063,0.6021665112446054,-0.040849735611056814,1.0,0.17373423336566857,0.20188890695571898,0.9,0.00884290000249166,0.0012901999944006093,0.0481556999948225,,E,0.05677434943538095,0.963332780121522,2.876774384170017,10.730352043286999,0.9680902302371314,0.12974668195124892,0.34414139773308716,0.3301812450748621,2.5071599045346065,0.8610526987245705,0.23461102759485172
seeds,P2_Full,,main,clean,0.0,2,0.2,42,0.9428571428571428,0.7888730326914344,0.8368056787932564,-0.05359326398462163,1.0,0.17475834896645237,0.17462473836812106,0.8181818181818182,0.008590800003730692,0.0012312000035308301,0.06150089999573538,,E,0.05561702315617859,0.9704681474722342,2.8693675349118437,9.955447144955968,0.9742935166239183,0.12953366701555416,0.3448487944321587,0.3297344799447618,2.508185798591281,0.8623612728697772,0.23380778518052042
seeds,P2_Full,,main,clean,0.0,3,0.05,10,0.8857142857142857,0.6531251691480783,0.6912282032701315,-0.025181217795404415,1.0,0.17258523636960585,0.2277181347211202,1.0,0.009835700002440717,0.001364700001431629,0.015111699998669792,,E,0.057988107567325226,0.9555856682403681,2.8791025791193046,11.945550158868997,0.9612503617595543,0.1275420184152092,0.3441466980515172,0.3332228273739048,2.5002487208641275,0.8568373309616423,0.23893237905008363
seeds,P2_Full,,main,clean,0.0,3,0.1,21,0.8523809523809524,0.5913956575856743,0.6194894071168447,-0.039708260799712236,1.0,0.1749445120758593,0.181108604777943,1.0,0.00917460000346182,0.0010410000031697564,0.028899299999466166,,E,0.05645908849993383,0.9593793940822798,2.8886418431458862,11.291817699986765,0.9644758308651366,0.1254643220531957,0.34289794002045987,0.33050251256281404,2.506423901474837,0.8641560383772772,0.22837752296559924
seeds,P2_Full,,main,clean,0.0,3,0.15,31,0.8285714285714286,0.5602023433068283,0.5775622934369287,-0.04448870915665482,1.0,0.17640758281885213,0.19443240761756897,0.9,0.009109999999054708,0.001138400002673734,0.042615200000000186,,E,0.05731167523621349,0.9669140253738662,2.893075827331959,10.83190661964435,0.970918551995721,0.1210339627925549,0.3421723130706489,0.3302938196555218,2.5069018404907975,0.8682778837978257,0.2252571203771057
seeds,P2_Full,,main,clean,0.0,3,0.2,42,0.8047619047619048,0.5430732101211926,0.5454393189188497,-0.03742955027765905,1.0,0.17620884656482827,0.1637476682662964,1.0,0.008086399997409899,0.0011138999980175868,0.05551310000009835,,E,0.06264655769766306,0.9739688692974762,2.8830884897528386,11.213733827881686,0.9771515956293636,0.12226615771165279,0.34318088213309916,0.3309271232188814,2.5054533383915025,0.8669219553287755,0.23042207855205304
seeds,P2_Full,,main,clean,0.0,4,0.05,10,0.8952380952380953,0.6374756306479826,0.708113356542455,-0.0357543295694554,1.0,0.17364158025980206,0.2664262155691783,0.6666666666666666,0.009703600000648294,0.0015664000020478852,0.01546319999761181,,E,0.0587122041550469,0.9547083591625825,2.88775185831628,12.094714055939662,0.9605769748263134,0.1295739247954671,0.34310131304957875,0.33019180677243665,2.507135685599541,0.8591166586896235,0.23623417423741191
seeds,P2_Full,,main,clean,0.0,4,0.1,21,0.8666666666666667,0.5654041480283376,0.6367251701699137,-0.04748707616695549,1.0,0.1754473221117518,0.17970062114975668,0.8181818181818182,0.009934300003806129,0.00133050000295043,0.03051720000075875,,E,0.05588906940371231,0.9576143893714165,2.8909731882547547,11.177813880742463,0.9628719411960791,0.12404095981377904,0.3426173671183459,0.3307035175879397,2.505964139188573,0.8655777577681463,0.22896875917896944
seeds,P2_Full,,main,clean,0.0,4,0.15,31,0.8380952380952381,0.5142704721954285,0.574384227229748,-0.047000002734015514,1.0,0.17738694584017176,0.15334322452545165,0.9,0.009086900005058851,0.001326800003880635,0.04449739999836311,,E,0.0557600042037994,0.9644914099040229,2.889333411317419,10.538640794518088,0.9687395291134648,0.11963638088585288,0.34262240221828294,0.3313632781717888,2.5044589774078476,0.8695134787396226,0.22712944834501012
seeds,P2_Full,,main,clean,0.0,4,0.2,42,0.8047619047619048,0.46573715025809087,0.5083743483210662,-0.04579754995233465,1.0,0.17494737055379206,0.20367475260387768,0.9090909090909091,0.00818509999953676,0.001205200002004858,0.05739519999769982,,E,0.0633912598766838,0.9716113406119723,2.871642956794544,11.3470355179264,0.9752120978322417,0.1268378746263677,0.34457109286059295,0.3306760404243299,2.506026955201215,0.8627960744481112,0.24187586947047748
seeds,P2_Full,,main,clean,0.0,5,0.05,10,0.8809523809523809,0.6410953839414756,0.6821011636724491,-0.03532912096946418,1.0,0.1732753619860072,0.26331448058287305,0.6666666666666666,0.010108100002980791,0.0010903000002144836,0.014936999999918044,,E,0.05755702691929812,0.9542403889534983,2.887276827254078,11.856747545375413,0.9601505860851789,0.129157503670094,0.34315856457610855,0.33028652616623255,2.5069185546314885,0.8587038102572511,0.2364674339627269
seeds,P2_Full,,main,clean,0.0,5,0.1,21,0.8428571428571429,0.5744607656608028,0.6013649512718013,-0.042180226385110875,1.0,0.17505778229200564,0.18081855502995578,0.8181818181818182,0.009821100000408478,0.0009015999967232347,0.030332599999383092,,E,0.054659359401548785,0.9611385289161297,2.888672227844285,10.931871880309757,0.9658897081795886,0.1222593775002756,0.34289428036765685,0.33110552763819096,2.5050462892699956,0.86458862339326,0.22825483730925236
seeds,P2_Full,,main,clean,0.0,5,0.15,31,0.8095238095238095,0.5340185032839857,0.545194953021826,-0.033902762888588844,1.0,0.17614773215170518,0.18378934860229493,1.0,0.008989900001324713,0.0012280000009923242,0.04402220000338275,,E,0.05622107165416927,0.9687297698319628,2.8831959815270207,10.625782542637992,0.9724698197871574,0.1196041709669757,0.343363061838737,0.3313632781717888,2.5044589774078476,0.8674784755945241,0.22731405352293674
seeds,P2_Full,,main,clean,0.0,5,0.2,42,0.7857142857142857,0.5434409884139987,0.525345436564348,-0.0384057888928222,1.0,0.17516855974766338,0.164914838292382,0.9090909090909091,0.008255799999460578,0.00116859999980079,0.05740450000303099,,E,0.06279332625108558,0.9748740442619355,2.8591443352887644,11.24000539894432,0.9779785871297553,0.12355919512811302,0.34610192870970613,0.3332496390684828,2.500188359389716,0.8638304287489799,0.23577140691466766
seeds,P2_Full,,main,clean,0.0,6,0.05,10,0.9095238095238095,0.7009496807180998,0.7497568605259305,-0.043717230973414095,1.0,0.17384787525306292,0.255908543864886,0.8333333333333334,0.009957700000086334,0.0015624000006937422,0.015694000001531094,,E,0.05900216638911636,0.9538830390736646,2.8909342959199305,12.15444627615797,0.9598052980620952,0.12841824069653213,0.34271824567653425,0.3303812455600284,2.506701548165138,0.859876026609144,0.23504747163453413
seeds,P2_Full,,main,clean,0.0,6,0.1,21,0.8666666666666667,0.617973997687217,0.651909269114502,-0.048649973904476965,1.0,0.17559357259614813,0.17704787850379944,0.9090909090909091,0.009775800004717894,0.0013741000002482906,0.030479100001684856,,E,0.05756156009603863,0.9587831260041777,2.8983159670005483,11.512312019207727,0.9638720875768366,0.12346791688216611,0.34173662742814737,0.33,2.5075757575757573,0.8659685244636075,0.22648736121499963
seeds,P2_Full,,main,clean,0.0,6,0.15,31,0.9428571428571428,0.7892868768660456,0.8351292397277587,-0.038250235198759676,1.0,0.17599885494032713,0.18095555901527405,1.0,0.009875199997622985,0.0013198000015108846,0.04529059999913443,,E,0.06099135380116939,0.9663533520885826,2.8952429672342137,11.527365868421015,0.9704810935491089,0.12267912902924398,0.3419122096452955,0.329843521332883,2.5079351535836176,0.8670104868519518,0.2284623629077995
seeds,P2_Full,,main,clean,0.0,6,0.2,42,0.9476190476190476,0.801129386794479,0.8482788156505086,-0.03270417595080653,1.0,0.18276422914907542,0.2064292159947482,0.8181818181818182,0.008098900005279575,0.0011852999959955923,0.057935999997425824,,E,0.051529276633711776,0.9691842761214784,2.9168764087404258,9.223740517434408,0.9725312842631753,0.10861364655560533,0.33914053692756335,0.3297344799447618,2.508185798591281,0.8873646301167344,0.19488103480269717
seeds,P2_Full,,main,clean,0.0,7,0.05,10,0.8904761904761904,0.6729436179619649,0.7063422763759181,-0.05618425211495214,1.0,0.17261425682140102,0.2537778615951538,0.6666666666666666,0.009487600000284147,0.0012953999976161867,0.014997400001448113,,E,0.05832494557129515,0.9526615163470454,2.875885411981263,12.014938787686802,0.9589731767988772,0.13333043149635931,0.3445371416141129,0.3308548425290078,2.505618379616376,0.8567345714213872,0.23808132564096546
seeds,P2_Full,,main,clean,0.0,7,0.1,21,0.861904761904762,0.6263537759590972,0.6458863065855215,-0.042050410334388916,1.0,0.17466052451250288,0.17565631595524875,0.8181818181818182,0.00934370000322815,0.0013439000031212345,0.029228100000182167,,E,0.05745121067380154,0.9588176603686658,2.8818874327795014,11.490242134760308,0.9640935773678088,0.12811115265361683,0.3437133830993919,0.3308040201005025,2.505734467567978,0.862359956533026,0.23122813198485348
seeds,P2_Full,,main,clean,0.0,7,0.15,31,0.8380952380952381,0.5971713837056531,0.6038620434465126,-0.03268322064663346,1.0,0.1753744147950143,0.19436635673046113,0.9,0.008883399998012464,0.0011986999961663969,0.042832700004510116,,E,0.056005444248009635,0.9651657522300205,2.873518711307037,10.585028962873821,0.9695865005667501,0.12690810394187413,0.3445373336335552,0.3309692671394799,2.505357142857143,0.8659187991090237,0.22756967833669003
seeds,P2_Full,,main,clean,0.0,7,0.2,42,0.8142857142857143,0.5878617054907933,0.5727198912930686,-0.035143093781809305,1.0,0.17694868576409933,0.15854789993979715,0.9090909090909091,0.00808359999791719,0.001153500001237262,0.05557740000222111,,E,0.05422108133012496,0.9711275945436644,2.869353564483348,9.705573558092368,0.9747357467773189,0.12496888210825445,0.34485050079941804,0.3309898939175193,2.5053100701687843,0.868966108091219,0.22408853814589497
seeds,P2_Full,,main,clean,0.0,8,0.05,10,0.8761904761904762,0.6167722676424017,0.6674763071718245,-0.03880034667067984,1.0,0.17308572594776972,0.2572544813156128,0.8333333333333334,0.00959069999953499,0.001283300000068266,0.014815500006079674,,E,0.05916983586872959,0.9546969452223106,2.889831604208846,12.188986188958296,0.9605515047382263,0.1292310097993405,0.3428508802397881,0.3300970873786408,2.5073529411764706,0.8588452461744142,0.23673930426758838
seeds,P2_Full,,main,clean,0.0,8,0.1,21,0.8285714285714286,0.5441317275590434,0.5671029521982167,-0.03948644038474463,1.0,0.17539891086746945,0.177767737345262,0.9090909090909091,0.009555399999953806,0.0013755999971181154,0.029148900001018774,,E,0.05820682231909508,0.9640787893553455,2.8986296585368247,11.641364463819016,0.9684157728895572,0.12073600684327276,0.3416991006517557,0.3302010050251256,2.5071145944300715,0.8646431699168867,0.2307751903281272
seeds,P2_Full,,main,clean,0.0,8,0.15,31,0.7952380952380952,0.5179405356703606,0.5093354664246806,-0.043412683958589424,1.0,0.1757710032329112,0.18614237308502196,1.0,0.008972100004029926,0.0011917000010726042,0.0437034999995376,,E,0.06039432863639766,0.9713508439576718,2.8882300687486895,11.414528112279157,0.9747337198572281,0.11807942595440553,0.3427553205508535,0.33181357649442755,2.5034351145038167,0.8652665359559072,0.23445460260183787
seeds,P2_Full,,main,clean,0.0,8,0.2,42,0.8,0.5629166056838317,0.5515950383908274,-0.05116523854829034,1.0,0.17166270586016805,0.18290764906189658,0.8181818181818182,0.008214500005124137,0.0014836999980616383,0.05745100000058301,,E,0.07138133774019084,0.9717191680233632,2.8272368798756777,12.77725945549416,0.9755598728173611,0.13580593375650177,0.35007134751081875,0.3341284288494131,2.4982152921284992,0.8523005815292235,0.2566783775386841
seeds,P2_Full,,main,clean,0.0,9,0.05,10,0.9238095238095239,0.7384069651104698,0.7850359051341558,-0.05034035509322402,1.0,0.17343341493919098,0.2535922626654307,0.8333333333333334,0.009773799996764865,0.001403599999321159,0.015208599994366523,,E,0.05914973766245513,0.9536756517775098,2.883377044587897,12.184845958465758,0.9597336282669631,0.1307730539533453,0.3436292859319965,0.3308548425290078,2.505618379616376,0.8585056409048583,0.23612369924346346
seeds,P2_Full,,main,clean,0.0,9,0.1,21,0.9380952380952381,0.7745201652595257,0.8233153626191728,-0.04932617933006973,1.0,0.17563877553010926,0.22146157243035056,0.9090909090909091,0.009135000000242144,0.001325000004726462,0.029349500000535045,,E,0.05715600517270644,0.9592963915302928,2.8954801742680685,11.431201034541289,0.9643173954038463,0.12335525183941068,0.3420762410328122,0.33060301507537687,2.5061939504483965,0.8666563054327496,0.224910807219143
seeds,P2_Full,,main,clean,0.0,9,0.15,31,0.9428571428571428,0.7870909963532579,0.8356896372410862,-0.036045949612407084,1.0,0.1799984470909737,0.2022119492292404,0.8,0.008822399999189656,0.001192099996842444,0.04265069999382831,,E,0.054140670445931585,0.9674552549889541,2.912077622649821,10.23258671428107,0.9711206797702023,0.11262723920571872,0.33990487295009675,0.33001238320387255,2.5075473307180625,0.8793858519798272,0.20749323094005656
seeds,P2_Full,,main,clean,0.0,9,0.2,42,0.9428571428571428,0.7870909963532579,0.8356896372410862,-0.043590356306520334,1.0,0.1835891841375022,0.15959732640873303,1.0,0.007862000005843583,0.001044600001478102,0.054725099995266646,,E,0.05020519263781078,0.9763221262861601,2.924060865320733,8.98672948216813,0.9787419257830484,0.10219665524585926,0.33829346065525523,0.3297344799447618,2.508185798591281,0.8898473910932846,0.1923168908651458
seeds,P2_Full,,main,clean,0.0,10,0.05,10,0.9238095238095239,0.7384069651104698,0.7850359051341558,-0.03282277469553061,1.0,0.17273637410669174,0.25303974250952405,0.6666666666666666,0.009519999999611173,0.001295000001846347,0.014696700003696606,,E,0.05959335426257212,0.9522158548552293,2.8787026741351185,12.276230978089856,0.9585915567803064,0.13342714211504225,0.3441951840369287,0.3308548425290078,2.505618379616376,0.8563599189267566,0.23868199206707685
seeds,P2_Full,,main,clean,0.0,10,0.1,21,0.9333333333333333,0.7628272241003912,0.810553757295522,-0.053204256684085016,1.0,0.1748945991988213,0.17923506010662427,0.9090909090909091,0.00884770000266144,0.0011185000039404258,0.027900499997485895,,E,0.057622742277794,0.9577368109676798,2.890241119213008,11.5245484555588,0.9630727862407383,0.12625585989211546,0.342705421469536,0.33060301507537687,2.5061939504483965,0.8644392939013381,0.2275766458298724
seeds,P2_Full,,main,clean,0.0,10,0.15,31,0.9428571428571428,0.7870909963532579,0.8356896372410862,-0.04613659961083505,1.0,0.17868857813220565,0.20248844623565673,0.8,0.008402300001762342,0.0010545000041020103,0.04069870000239462,,E,0.05513821075464176,0.9629041492277812,2.902984454533875,10.421121832627293,0.9673015133677929,0.1185405927744594,0.34098623598108796,0.3301812450748621,2.5071599045346065,0.8754276914446767,0.21236645289107772
seeds,P2_Full,,main,clean,0.0,10,0.2,42,0.9428571428571428,0.7870909963532579,0.8356896372410862,-0.047064766912237245,1.0,0.1822432402379161,0.1602588783610951,0.9090909090909091,0.008322699999553151,0.000941399994189851,0.0531974999976228,,E,0.052073783453273646,0.972381735550192,2.9139054998645646,9.321207238135983,0.9753888648892322,0.10888190836557361,0.3394920397922487,0.3298600213420375,2.507897240723121,0.8857182618985692,0.1978100229082837
seeds,P2_Full,,main,clean,0.0,11,0.05,10,0.8857142857142857,0.6397336466529508,0.6900685378767009,-0.04092351580213196,1.0,0.17295194031845482,0.25302112102508545,0.8333333333333334,0.009026799998537172,0.0012709000002359971,0.01413920000049984,,E,0.05900663050398222,0.9540698463468148,2.887460277805334,12.155365883820338,0.9600475818172975,0.1301483882597077,0.3431364525806403,0.33019180677243665,2.507135685599541,0.8584556205615272,0.23661788185736607
seeds,P2_Full,,main,clean,0.0,11,0.1,21,0.8476190476190476,0.5919024609725536,0.6088601870301302,-0.03972944240485466,1.0,0.17530393137466785,0.16813897273757242,0.9090909090909091,0.009285100000852253,0.0012120999963372014,0.02813659999810625,,E,0.057710793591990356,0.9613784380150988,2.893986340732498,11.54215871839807,0.9661426072173512,0.12335516632172863,0.34225540969524243,0.3302010050251256,2.5071145944300715,0.8643242148108894,0.22986139054148524
seeds,P2_Full,,main,clean,0.0,11,0.15,31,0.7952380952380952,0.5327410449605798,0.5107381433052158,-0.03730000668528084,1.0,0.1750967574348159,0.20948502719402312,0.8,0.00894739999785088,0.001159300001745578,0.04195610000169836,,E,0.06089056027823535,0.9673347998848756,2.8753080016013652,11.50831589258648,0.9713969653726513,0.12435758769146042,0.34431961963271734,0.3318698637847574,2.503307327001357,0.8635172512481829,0.2351303670681455
seeds,P2_Full,,main,clean,0.0,11,0.2,42,0.8142857142857143,0.567808963440321,0.5664858502056268,-0.04190351856551449,1.0,0.1711562968343415,0.17726622386412186,1.0,0.008031699995626695,0.0013374999980442226,0.05527520000032382,,E,0.07103457411288827,0.9700484142667513,2.8186267682484814,12.715188766207,0.9742097395397699,0.13893505706441422,0.3511578783093218,0.33500721863034333,2.496252576353757,0.851330758876139,0.2564705256825302
seeds,P2_Full,,main,clean,0.0,12,0.05,10,0.9238095238095239,0.7384069651104698,0.7850359051341558,-0.030231311312447915,1.0,0.17410633038745477,0.24968924125035605,0.8333333333333334,0.009482499997830018,0.0012733999974443577,0.01496670000051381,,E,0.057643727299977326,0.954878490816402,2.8883020662240124,11.87460782379533,0.9606802463957856,0.12858070761278012,0.34303502462398583,0.3303812455600284,2.506701548165138,0.8605500724017954,0.23300490695402495
seeds,P2_Full,,main,clean,0.0,12,0.1,21,0.9428571428571428,0.7870909963532579,0.8356896372410862,-0.03656958302834826,1.0,0.1763063152367597,0.22712528705596924,0.8181818181818182,0.009334800000942778,0.0011888000008184463,0.029213300003902987,,E,0.05578925256722791,0.9593896776313062,2.900161049671066,11.157850513445581,0.9643205187849739,0.12141841940828525,0.3415160175756582,0.33030150753768844,2.5068842233378974,0.8687157964280037,0.221762380958375
seeds,P2_Full,,main,clean,0.0,12,0.15,31,0.9428571428571428,0.7870909963532579,0.8356896372410862,-0.04356482568006403,1.0,0.1807383057814808,0.19433476626873017,0.9,0.008808300000964664,0.0013733000014326535,0.042952299998432864,,E,0.05179524210384756,0.9681712143313644,2.9163327578960283,9.789300757627188,0.9716597542182204,0.10960329819599558,0.33940116674599907,0.32995609591354275,2.507676560900716,0.8816890715372102,0.2034543144210771
seeds,P2_Full,,main,clean,0.0,12,0.2,42,0.9476190476190476,0.801129386794479,0.8482788156505086,-0.036967798274223446,1.0,0.18428084113192905,0.15094535459171643,1.0,0.00870470000518253,0.0011220999949728139,0.05602750000252854,,E,0.04869675452439238,0.9768088123239949,2.9266741661154922,8.716719059866236,0.9791292476500025,0.10005676977072256,0.3379863735031777,0.32967170924612393,2.508330159939071,0.8919384816040232,0.18902823921750517
seeds,P2_Full,,main,clean,0.0,13,0.05,10,0.8666666666666667,0.5847027525803182,0.639069034904305,-0.03244415831826382,1.0,0.17247846567027533,0.27557752033074695,0.6666666666666666,0.009363700002722908,0.0012047999989590608,0.014502899997751229,,E,0.06112163441686612,0.9493723915467426,2.874976454574632,12.59105668987442,0.9561923429815002,0.13470814923154617,0.3446476133102526,0.33199147525455835,2.5030313837375178,0.8554130469916499,0.24334270471574226
seeds,P2_Full,,main,clean,0.0,13,0.1,21,0.8142857142857143,0.4969288796536207,0.5285461253958413,-0.03568763278364722,1.0,0.17351393216247768,0.1845366738059304,0.8181818181818182,0.00951300000451738,0.0011727999954018742,0.02926389999629464,,E,0.05924201366883288,0.9551270965041389,2.8780180866568212,11.848402733766576,0.960987862506312,0.13060812975281777,0.344182243945969,0.3315075376884422,2.504130665453994,0.858784088893071,0.24096233865881814
seeds,P2_Full,,main,clean,0.0,13,0.15,31,0.819047619047619,0.5588956241346614,0.5684771673837072,-0.02965859122859943,1.0,0.17057323546030934,0.19639842808246613,0.9,0.008707299995876383,0.001480699997046031,0.04320269999880111,,E,0.0667781167685788,0.9661270355722608,2.8612745028400517,12.621064069261394,0.9707923482963055,0.13772968510025638,0.34603446915895064,0.3301812450748621,2.5071599045346065,0.8499984782638539,0.25916319576133967
seeds,P2_Full,,main,clean,0.0,13,0.2,42,0.9476190476190476,0.8014809447174953,0.849277186887376,-0.026914969108503575,1.0,0.1694963433651459,0.1817812377756292,1.0,0.008131200003845152,0.0015485999974771403,0.05658869999751914,,E,0.07636990783630822,0.9707570795707012,2.814877297494212,13.67021350269917,0.9749757122033917,0.14426167327883804,0.3516331106181982,0.33425397024668885,2.4979342723004696,0.846506081608327,0.2615028975050822
seeds,P2_Full,,main,clean,0.0,14,0.05,10,0.8952380952380953,0.6365019896822435,0.7090208107350215,-0.03305246494578816,1.0,0.1722599613159694,0.2445557713508606,1.0,0.009610900000552647,0.001611400002730079,0.015180900001723785,,E,0.05932114519522071,0.9545826198843423,2.8709601301336423,12.220155910215468,0.9606386339370325,0.1333413340282561,0.3451365815981344,0.33170731707317075,2.503676470588235,0.8550102109772837,0.24012792330294155
seeds,P2_Full,,main,clean,0.0,14,0.1,21,0.8809523809523809,0.6039305483842775,0.6721009058214632,-0.03635813568220974,1.0,0.1744564329862136,0.18742053346200424,0.7272727272727273,0.009212500001012813,0.0012654000020120293,0.029166200001782272,,E,0.06007409762246169,0.9543795434347128,2.889974132444328,12.014819524492339,0.9602551009934697,0.12879216915219657,0.3427375461360161,0.33045226130653266,2.5065389294403895,0.8621555608841593,0.2353568374525281
seeds,P2_Full,,main,clean,0.0,14,0.15,31,0.8476190476190476,0.5393412136353716,0.5952955498604345,-0.05186670766068184,1.0,0.1763668634954201,0.15272164344787598,0.9,0.00929310000356054,0.001207000001159031,0.04333269999915501,,E,0.060417247652368354,0.9660379917229892,2.887389855962789,11.418859806297618,0.970167092032281,0.12157998065405416,0.34285660809230023,0.33220758752673646,2.502541511352084,0.8662312398729308,0.23328052270498836
seeds,P2_Full,,main,clean,0.0,14,0.2,42,0.8333333333333334,0.5283066567810348,0.5720007174350514,-0.038657962685752195,1.0,0.1732484815926555,0.22789296507835388,0.6363636363636364,0.00856710000516614,0.001233199996931944,0.05671230000007199,,E,0.06925014411586201,0.9711916787396913,2.8674611000384114,12.3957757967393,0.9749323458390605,0.12984675731601933,0.34508180267629335,0.33224530789027684,2.5024560740600794,0.8576436055627644,0.2514214079331064
seeds,P2_Full,,main,clean,0.0,15,0.05,10,0.8571428571428571,0.6044891957960675,0.6271963064036468,-0.035409181934236804,1.0,0.1706409417137354,0.2627009153366089,0.5,0.009460400004172698,0.0012907999989693053,0.01520159999927273,,E,0.062319720931726,0.9485005064376703,2.866746536321441,12.837862511935555,0.9557505331454353,0.14077860200684097,0.3456510391764579,0.3308548425290078,2.505618379616376,0.8511895233171755,0.2484736904289213
seeds,P2_Full,,main,clean,0.0,15,0.1,21,0.8142857142857143,0.5331016118573173,0.5392564473811734,-0.0395088543280241,1.0,0.17357665787895335,0.17929207194935193,0.8181818181818182,0.00967289999971399,0.0014424999972106889,0.030139800001052208,,E,0.05892341878049649,0.9598479321819408,2.8737928616006703,11.784683756099298,0.9649527683492051,0.12713756587570418,0.3446956698603529,0.3328140703517588,2.501170164577986,0.8590312508667274,0.23764801207671266
seeds,P2_Full,,main,clean,0.0,15,0.15,31,0.8523809523809524,0.6104723196941291,0.6283956343832983,-0.03895404756174221,1.0,0.17121682804319668,0.15339754223823548,0.9,0.008896799998183269,0.0014145999957690947,0.045170199999120086,,E,0.0673165720949302,0.9664255133376635,2.8423621883603407,12.722832125941807,0.9709904452451594,0.13596430984652497,0.3483722817523669,0.33299560959135427,2.500760649087221,0.8513073708562323,0.25473888858326366
seeds,P2_Full,,main,clean,0.0,15,0.2,42,0.8238095238095238,0.5750651521725922,0.5783264018660492,-0.044370749970376315,1.0,0.17408441810653855,0.1880183978514238,0.8181818181818182,0.008536800000001676,0.002254200000606943,0.05991880000510719,,E,0.06066773246576078,0.9567062858765676,2.8577063497833297,10.85952411137118,0.9628266992443525,0.14136956118699529,0.34627891264900457,0.3299855627393133,2.5076089024158263,0.8604039036904231,0.23471717743069698
seeds,P2_Full,,main,clean,0.0,16,0.05,10,0.8952380952380953,0.6782454488984142,0.7156328061899067,-0.03471799446776096,1.0,0.1729061569347846,0.2408716380596161,1.0,0.010315500003343914,0.0010898000036831945,0.015233500002068467,,E,0.059406609569707274,0.9529885655314329,2.881389931815319,12.237761571359698,0.9592094472640429,0.13232699242073592,0.34386962944416666,0.33057068434762016,2.5062679083094554,0.8576820882943,0.2377873750413132
seeds,P2_Full,,main,clean,0.0,16,0.1,21,0.8761904761904762,0.648501748058707,0.6758080506461843,-0.04534080146207133,1.0,0.17472718788358338,0.18364228714596142,0.8181818181818182,0.009313300004578196,0.00100449999445118,0.028840999999374617,,E,0.05836682369975229,0.958253508621624,2.8872640962530727,11.673364739950458,0.963584506944182,0.1276993142786445,0.3430639622154013,0.33050251256281404,2.506423901474837,0.8625666600890621,0.23157524674924534
seeds,P2_Full,,main,clean,0.0,16,0.15,31,0.8523809523809524,0.6126979156304422,0.6305603644646924,-0.029296840686911303,1.0,0.17617318802769302,0.19315971732139586,0.9,0.009225000001606531,0.0009751999969012104,0.04249290000007022,,E,0.05685280296178519,0.9652459070253451,2.887975050624813,10.7451797597774,0.9695397623466242,0.12354962980649571,0.342786056722954,0.3305189688168412,2.5063862397820165,0.868297736353316,0.22448441633973543
seeds,P2_Full,,main,clean,0.0,16,0.2,42,0.819047619047619,0.5808982988432644,0.5762706525179251,-0.0363358209433676,1.0,0.17769037785817768,0.17890444939786737,0.9090909090909091,0.008680200000526384,0.00101859999995213,0.05564880000019912,,E,0.05556086908261675,0.9706595368009131,2.8848095300436487,9.945395565788399,0.9742490653431958,0.12234055467789473,0.3429727932160966,0.3301738748352269,2.50717680608365,0.8713264615601364,0.22119829021037615
seeds,P2_Full,,main,clean,0.0,17,0.05,10,0.8666666666666667,0.6293839682214413,0.6472267907448475,-0.0400115854793434,1.0,0.17404030035539297,0.24105109771092734,1.0,0.010173299997404683,0.001476199999160599,0.016356899999664165,,E,0.05561066555749793,0.9545276000891024,2.884251926475757,11.455797104844574,0.9603505395765827,0.12805436921935484,0.3435235729905826,0.3310442813165996,2.5051859799713876,0.8613150636083373,0.23153434296929015
seeds,P2_Full,,main,clean,0.0,17,0.1,21,0.8380952380952381,0.5799910610234943,0.5920028616310019,-0.029300880280340204,1.0,0.17456158444580058,0.1722142750566656,1.0,0.00975569999718573,0.0014268999948399141,0.031248599996615667,,E,0.0549855403175529,0.9619115953709646,2.8720300208353082,10.99710806351058,0.9666561099349879,0.12456585173973272,0.3449103271133445,0.3328643216080402,2.5010567632850242,0.8629464351186669,0.2300653493120894
seeds,P2_Full,,main,clean,0.0,17,0.15,31,0.8095238095238095,0.5450224065295128,0.5467785727064866,-0.03595502226841914,1.0,0.1751085708126906,0.1820296436548233,0.9,0.009302500002377201,0.0013465000010910444,0.04578200000105426,,E,0.05765540630579881,0.969901719667522,2.8623337962002684,10.896871791795975,0.9736422470143016,0.1242771116974184,0.3459044401053056,0.33299560959135427,2.500760649087221,0.8641255818804149,0.2317010525171916
seeds,P2_Full,,main,clean,0.0,17,0.2,42,0.9476190476190476,0.8062292690159085,0.8497208364114678,-0.03689923852025067,1.0,0.17350078100876082,0.1712977561083707,0.8181818181818182,0.008451199995761272,0.001491600000008475,0.06027429999812739,,E,0.06555393268672348,0.970850686712998,2.8329229123538004,11.734153950923503,0.9747828550809258,0.13489746153578017,0.34935743431343763,0.3336262632603101,2.49934148635936,0.8591754546849226,0.24187683310987232
seeds,P2_Full,,main,clean,0.0,18,0.05,10,0.8666666666666667,0.6089597720602798,0.6479935860942742,-0.02992371910592724,1.0,0.1720681057050462,0.25427338977654773,0.8333333333333334,0.0105660999979591,0.0014220000011846423,0.016327199999068398,,E,0.05939090515645904,0.9526904494547461,2.8792534001164816,12.234526462230562,0.9589793738596958,0.13293139191702874,0.34412841544382633,0.3307601231352119,2.5058347651775486,0.8555680397682052,0.24132124355195161
seeds,P2_Full,,main,clean,0.0,18,0.1,21,0.8238095238095238,0.556555745412853,0.5628768098042615,-0.04542164675164438,1.0,0.17412031467759967,0.17921011014418167,0.9090909090909091,0.010071499993500765,0.001426399998308625,0.03194950000033714,,E,0.05679594236410559,0.960867372710137,2.8783342241741,11.359188472821117,0.9658227766323344,0.12663100500489632,0.34414388927891704,0.33105527638190957,2.5051608986035214,0.8608051130164811,0.2353907478427074
seeds,P2_Full,,main,clean,0.0,18,0.15,31,0.7714285714285715,0.5193136156790055,0.48050321337011703,-0.03215202657761931,1.0,0.17274662804769528,0.21982436180114745,0.7,0.009357799994177185,0.001840600001742132,0.047880699996312615,,E,0.0614653286601914,0.9655773999902174,2.829883168961917,11.616947116776174,0.9702007144611682,0.13431043760892272,0.34993196530150705,0.3340650681076213,2.498357203032856,0.8560350814828851,0.24624392656657332
seeds,P2_Full,,main,clean,0.0,18,0.2,42,0.7952380952380952,0.5541786358371824,0.5426906511274385,-0.03613948067517802,1.0,0.16803089662804357,0.20226866548711603,0.9090909090909091,0.008929199997510295,0.002014700003201142,0.06286589999945136,,E,0.07206019032477516,0.9633004719139803,2.7236087639477957,12.898774068134754,0.9688748802396628,0.15189318817987837,0.3636046475564595,0.345301613206955,2.474004726413379,0.8416540775302024,0.2676839237392809
seeds,P2_Full,,main,clean,0.0,19,0.05,10,0.8809523809523809,0.6148818205128664,0.6725589801129502,-0.037211228560998906,1.0,0.17284851318244465,0.24907235304514566,0.8333333333333334,0.00990349999483442,0.0018788000015774742,0.016343900002539158,,E,0.057757373811068866,0.9569765625639707,2.874660389639016,11.898019005080187,0.9625734288355476,0.13008877498221266,0.3446860431735795,0.33170731707317075,2.503676470588235,0.8568107831007423,0.23811514547560067
seeds,P2_Full,,main,clean,0.0,19,0.1,21,0.8523809523809524,0.5429092098817396,0.6012558198297225,-0.03716537982359114,1.0,0.17450382861428126,0.18779636513103137,0.8181818181818182,0.009211399999912828,0.0014869000006001443,0.03077869999833638,,E,0.056518647678082345,0.9578136782815286,2.8806469162321076,11.303729535616469,0.9631457460494788,0.12639328461802038,0.3438635632163483,0.3320100502512563,2.5029892538217045,0.8624189206934809,0.23507727428981873
seeds,P2_Full,,main,clean,0.0,19,0.15,31,0.8380952380952381,0.5228911490962626,0.5720171589414556,-0.02726267940733989,1.0,0.17545452503977138,0.20969490706920624,0.7,0.00877059999766061,0.0013829000017722137,0.044843899995612446,,E,0.05813803017258308,0.9663491302649982,2.873872598147632,10.988087702618202,0.9705013393028101,0.12339083864726874,0.34449425252920907,0.33299560959135427,2.500760649087221,0.8634551924831135,0.23879465743031367
seeds,P2_Full,,main,clean,0.0,19,0.2,42,0.819047619047619,0.5052901638369708,0.5401753896687428,-0.04050429894161575,1.0,0.17497360043554044,0.1795273477380926,0.9090909090909091,0.008347099996171892,0.001321000003372319,0.058158300002105534,,E,0.05900720409779295,0.9748041668554542,2.865295668686455,10.562289533504938,0.9778859561104826,0.12231344910678427,0.3453468420952539,0.3332496390684828,2.500188359389716,0.8629038169686291,0.2425612049831264
seeds,P2_Full,,main,clean,0.0,20,0.05,10,0.8904761904761904,0.659724274348603,0.7036232516254578,-0.039899783723439816,1.0,0.17289411802521326,0.2677280803521474,0.6666666666666666,0.009955800000170711,0.0014484999992419034,0.0155088000028627,,E,0.05716291978353362,0.954559276883575,2.8877953452824467,11.775561475407926,0.9604288008401589,0.1291688061729448,0.3430960728698134,0.33019180677243665,2.507135685599541,0.8576816099529357,0.23800090371735297
seeds,P2_Full,,main,clean,0.0,20,0.1,21,0.8428571428571429,0.5760941123355197,0.602339103476722,-0.04001741255667097,1.0,0.17477015094360437,0.17309508269483392,0.9090909090909091,0.009154300001682714,0.0013582999963546172,0.02981520000321325,,E,0.05409530923304885,0.9610109950650628,2.890896806617949,10.81906184660977,0.9658039819039079,0.12293175593589557,0.3426265523312384,0.33040201005025127,2.506653992395437,0.8638179316427,0.22912868365880562
seeds,P2_Full,,main,clean,0.0,20,0.15,31,0.8142857142857143,0.5419855690636249,0.5541813704364957,-0.04449449104648176,1.0,0.17504866719537954,0.15283033549785613,0.9,0.008896999999706168,0.0013173999977880158,0.043853900002432056,,E,0.0585868950438695,0.9677113335409367,2.878044301582244,11.072923163291335,0.9716970023076161,0.12343863044739213,0.3439872006511111,0.3313632781717888,2.5044589774078476,0.8642809533146103,0.23216573196224835
seeds,P2_Full,,main,clean,0.0,20,0.2,42,0.7857142857142857,0.5207256034459047,0.5172221831188692,-0.02683099356688444,1.0,0.17325932286218163,0.16539947553114456,0.9090909090909091,0.008273299994471017,0.0013582999963546172,0.05776410000544274,,E,0.06758871785336065,0.9718570621122564,2.853765200806719,12.098380495751556,0.9755617954975303,0.1316398948841572,0.3467648944908891,0.33237084928755256,2.5021718602455145,0.8582246182513188,0.24374555206645243
seeds,P2_Full,,main,clean,0.0,21,0.05,10,0.9095238095238095,0.6711989510881599,0.7455240067041309,-0.0490972704014807,1.0,0.17334480643034053,0.25390008588631946,0.6666666666666666,0.009662199998274446,0.0013862999985576607,0.01488979999703588,,E,0.05777318482789522,0.9543137132262295,2.8874434805543663,11.901276074546416,0.9602401407701953,0.12972005305032194,0.3431384771005864,0.33019180677243665,2.507135685599541,0.8583892456471206,0.2357487950830961
seeds,P2_Full,,main,clean,0.0,21,0.1,21,0.8714285714285714,0.5754235629143586,0.6487356881395283,-0.054537053320438345,1.0,0.17577567085645776,0.18248290907252918,0.8181818181818182,0.009369799998239614,0.0011613000024226494,0.028832199997850694,,E,0.05655532602573039,0.9587999387038968,2.897305181585381,11.311065205146079,0.9638434142183593,0.12241427211030774,0.3418576025069049,0.3301005025125628,2.5073451057999696,0.8665368959005775,0.22720869666423593
seeds,P2_Full,,main,clean,0.0,21,0.15,31,0.8523809523809524,0.538235741252385,0.6051953159459602,-0.03899412810135743,1.0,0.17821426898413512,0.20429878830909728,0.8,0.009125299999141134,0.0010934000019915402,0.042477199996938,,E,0.05660123625332888,0.9665122743308167,2.8937536311983756,10.697633651879158,0.9703874510112765,0.11571931515271619,0.3420909201511012,0.3318698637847574,2.503307327001357,0.8721478752319545,0.22318127188039322
seeds,P2_Full,,main,clean,0.0,21,0.2,42,0.8380952380952381,0.5227146884576589,0.5797981381231292,-0.041343247752941396,1.0,0.1786350745430772,0.15229033881967718,1.0,0.008667100002639927,0.0010781000019051135,0.05595529999845894,,E,0.05655427647662869,0.9759786785914726,2.886966406218419,10.123215489316536,0.9786572674937787,0.11150880739455267,0.34271235820495705,0.33237084928755256,2.5021718602455145,0.874270812743199,0.22282584902123032
seeds,P2_Full,,main,clean,0.0,22,0.05,10,0.9047619047619048,0.6635356519962604,0.7322243190083597,-0.022737158344102632,1.0,0.17329464035121941,0.2611725181341171,0.6666666666666666,0.009991699997044634,0.0025957999969250523,0.016930400001001544,,E,0.058837596680326266,0.953262252056031,2.8845570630398587,12.12054491614721,0.959396500019261,0.1312482572028083,0.34348671808652925,0.3303812455600284,2.506701548165138,0.8581716344469594,0.23682499061119036
seeds,P2_Full,,main,clean,0.0,22,0.1,21,0.8666666666666667,0.5690357957375829,0.6355366256423781,-0.03542941822671279,1.0,0.17515207023542145,0.1776606169613925,0.9090909090909091,0.012589199999638367,0.001417299994500354,0.035044999996898696,,E,0.0560264068817321,0.9575522080455899,2.8900463541574988,11.20528137634642,0.9628607975006802,0.12506161594440113,0.3427288556124556,0.3307035175879397,2.505964139188573,0.8647413023843671,0.22939230093914936
seeds,P2_Full,,main,clean,0.0,22,0.15,31,0.9380952380952381,0.7788841281333769,0.8237767951434011,-0.04552304639239545,1.0,0.17668113128903914,0.15640048086643218,0.8,0.009453799997572787,0.0017577999969944358,0.051214099999924656,,E,0.05722412575966214,0.9639909259761736,2.881725180585625,10.815359768576144,0.9683432214444718,0.12086663115575726,0.34354102541670445,0.33299560959135427,2.500760649087221,0.8673281910003569,0.23129968465006098
seeds,P2_Full,,main,clean,0.0,22,0.2,42,0.9476190476190476,0.8014809447174953,0.849277186887376,-0.053715265981358874,1.0,0.18199017107338022,0.1590646288611672,1.0,0.009019800003443379,0.0025382999956491403,0.06676429999788525,,E,0.05149830270978006,0.9678432592870118,2.9086359479037207,9.21819618505063,0.9714509237414032,0.11218999109988315,0.3401172727884193,0.3297344799447618,2.508185798591281,0.8850654498871149,0.19739917174120655
seeds,P2_Full,,main,clean,0.0,24,0.05,10,0.8904761904761904,0.6706340308153061,0.7005434630237084,-0.05100486475769484,1.0,0.17234662466410974,0.2592203865448634,0.5,0.010516400005144533,0.0015256999977282248,0.016386499999498483,,E,0.0593785039692118,0.9530168691557467,2.879253720000563,12.23197181765763,0.9592398698816098,0.13245181012930116,0.3441283766693302,0.33109164101349753,2.505077957373766,0.855946972546333,0.239743596792642
seeds,P2_Full,,main,clean,0.0,24,0.1,21,0.8571428571428571,0.6134661127211336,0.6296359541139886,-0.05291751119326031,1.0,0.17438654357036087,0.17250721562992444,1.0,0.009819099999731407,0.0013704000011784956,0.03128709999873536,,E,0.058492735922738924,0.9581263946366878,2.8878322202883897,11.698547184547785,0.9633800906476419,0.12546557587699683,0.34299548255240486,0.3320603015075377,2.5028753026634383,0.8617554024112759,0.23274484489130803
seeds,P2_Full,,main,clean,0.0,24,0.15,31,0.8428571428571429,0.5987784592309384,0.6099730345379548,-0.02976450591830184,1.0,0.17356113692053343,0.19175687730312346,0.8,0.009353000001283363,0.0012351000041235238,0.045564899999590125,,E,0.05964540681595445,0.9633274195362893,2.8755358982256163,11.27298188821539,0.9680760562674514,0.1294873900641162,0.3442919094952388,0.3313632781717888,2.5044589774078476,0.8605330662850404,0.23659207623633283
seeds,P2_Full,,main,clean,0.0,24,0.2,42,0.8142857142857143,0.5648474885243554,0.5627893018023012,-0.042957672307443046,1.0,0.17428325193231275,0.17558754845099014,0.9090909090909091,0.008520699993823655,0.0011605000036070123,0.05877619999955641,,E,0.05980151127366236,0.9682938509245288,2.8658606919367866,10.704470517985563,0.9724975625018886,0.132583479859175,0.3452776470769149,0.33036218693114056,2.5067452023560706,0.8609720625861249,0.2365571726286246
seeds,P2_Full,,main,clean,0.0,25,0.05,10,0.9,0.6516995298653386,0.7193506404615716,-0.017638698302628895,1.0,0.17240318561056844,0.26742027699947357,0.6666666666666666,0.010288400000717957,0.0015195000014500692,0.0161011000018334,,E,0.06083242889922537,0.9494074533641736,2.8777959176105306,12.531480353240426,0.9562934789393356,0.13610751055345563,0.3443051725282874,0.33057068434762016,2.5062679083094554,0.855206473987107,0.24251248650864754
seeds,P2_Full,,main,clean,0.0,25,0.1,21,0.8666666666666667,0.5703433028965041,0.6362183753682805,-0.03372173819046706,1.0,0.17379524444006267,0.18670039827173407,0.9090909090909091,0.00995080000575399,0.0013327999986358918,0.031172099996183533,,E,0.058149802094865206,0.9542356007837797,2.8821965334778166,11.629960418973042,0.9602217890873698,0.13080447697581826,0.3436759826947613,0.3307035175879397,2.505964139188573,0.8603401538841888,0.23713327076260204
seeds,P2_Full,,main,clean,0.0,25,0.15,31,0.8333333333333334,0.5095425356305828,0.5627608610425047,-0.03914185190967832,1.0,0.17427446254209011,0.15900404751300812,0.8,0.009544100001221523,0.0012839999981224537,0.045857999997679144,,E,0.060334049461783355,0.9637497370710494,2.8712037876248084,11.403135348277054,0.9684231071528699,0.12891961889987366,0.3448194073269561,0.33181357649442755,2.5034351145038167,0.8597725277062176,0.24402841795709065
seeds,P2_Full,,main,clean,0.0,25,0.2,42,0.8238095238095238,0.5937464220935222,0.5883563381148803,-0.03530716137913022,1.0,0.170232325702584,0.1521489457650618,0.8181818181818182,0.008457399999315385,0.0015226000032271259,0.06124889999773586,,E,0.06927340538135518,0.9710691893255707,2.843595147629849,12.399939563262578,0.975112448778792,0.13975617547401958,0.3480251837940405,0.3318686836984496,2.5033100056742956,0.8480614229528995,0.2650976600667423
seeds,P2_Full,,main,clean,0.0,23,0.05,10,0.8809523809523809,0.6289841982361921,0.6793074793198925,-0.035392183172924335,1.0,0.17322886251916028,0.26070135831832886,0.6666666666666666,0.010841799994523171,0.0014758000033907592,0.01679899999726331,,E,0.06012627426378914,0.951380250028786,2.885589585956511,12.386012498340563,0.9578201623240182,0.13245465678135124,0.34336206605462044,0.33019180677243665,2.507135685599541,0.8578258906115226,0.23938538803259937
seeds,P2_Full,,main,clean,0.0,23,0.1,21,0.8333333333333334,0.5458577072638036,0.5732947178720693,-0.03780281985808136,1.0,0.1747442082844031,0.19063196128064935,0.7272727272727273,0.010083199995278846,0.0014213999966159463,0.03207019999535987,,E,0.05944273123084351,0.9591521826021168,2.8946945109237867,11.888546246168701,0.9642551529062269,0.12492638846291239,0.3421704495302915,0.33030150753768844,2.5068842233378974,0.8623690682880263,0.23592579794722002
seeds,P2_Full,,main,clean,0.0,23,0.15,31,0.7761904761904762,0.4627464233172818,0.4663096267418737,-0.04354589705760961,1.0,0.17199220592377215,0.1850074350833893,1.0,0.016306600002280902,0.0017162000003736466,0.055313199998636264,,E,0.06566754312193004,0.9705901946049835,2.8791563588608766,12.41116565004478,0.9743999270371799,0.12953953217391626,0.3438522831196837,0.32995609591354275,2.507676560900716,0.8545393439249717,0.25167715422546466
seeds,P2_Full,,main,clean,0.0,23,0.2,42,0.9523809523809523,0.8174328778461605,0.8610801651422526,-0.030888449394409087,1.0,0.16227180504745314,0.194803541356867,0.9090909090909091,0.0083158999987063,0.0026374999943072908,0.07026129999576369,,E,0.08415860690902482,0.9650425021039801,2.792792291903331,15.064390636715444,0.9709095314891867,0.16783321857467828,0.3544582015860918,0.33086435252024354,2.505596660975147,0.823995496438304,0.2967832651733019
seeds,P2_Full,,main,clean,0.0,26,0.05,10,0.9,0.6516995298653386,0.7193506404615716,-0.01881819134408796,1.0,0.17177368225037978,0.26372825105985004,0.6666666666666666,0.010104799999680836,0.0013369000007514842,0.015664200000173878,,E,0.06098280915479434,0.9485849513798811,2.867605742913584,12.562458685887634,0.955749104079813,0.13933960760913403,0.34554601187141265,0.3309022022259058,2.5055102332903965,0.8533647204229553,0.2446454175161275
seeds,P2_Full,,main,clean,0.0,26,0.1,21,0.861904761904762,0.5583425210497444,0.6251590787243375,-0.05934341911374639,1.0,0.17320324646746707,0.18797574801878494,0.8181818181818182,0.00958589999936521,0.0009633000008761883,0.02975940000033006,,E,0.05959295887216925,0.9533451477236168,2.8771464913822236,11.91859177443385,0.9595863487498512,0.133773888925029,0.3442880319182141,0.3307035175879397,2.505964139188573,0.8587138894410951,0.23857293793378487
seeds,P2_Full,,main,clean,0.0,26,0.15,31,0.8238095238095238,0.48634932977919837,0.5418473945403322,-0.038666393362411636,1.0,0.1739665736024899,0.16027708053588868,0.9,0.0093367000008584,0.0010532000014791265,0.043851800000993535,,E,0.061514258131780776,0.9636872632875693,2.8691562226909384,11.626194786906566,0.968451548077442,0.13120147973429444,0.3450692826819926,0.33119441630079927,2.5048436437797417,0.8589827136810879,0.24436869948684994
seeds,P2_Full,,main,clean,0.0,26,0.2,42,0.819047619047619,0.5883174455398079,0.5807100036655013,-0.043804083960989476,1.0,0.16833047584287192,0.18888942219994284,0.9090909090909091,0.008411100003286265,0.0013230999975348823,0.05836290000297595,,E,0.0708846811503717,0.9692046662038468,2.8290633865257244,12.688357925916534,0.9737741899507489,0.1483836407538125,0.34984170652057855,0.33061326972569205,2.506170495538257,0.8426608618556276,0.271033661185946
seeds,P2_Full,,main,clean,0.0,27,0.05,10,0.9333333333333333,0.7628272241003912,0.810553757295522,-0.03728477198789669,1.0,0.17354541212689867,0.2600032389163971,0.8333333333333334,0.009816400001000147,0.0013830999960191548,0.01538569999684114,,E,0.0594313442140217,0.9543697585094499,2.887395995737823,12.24285690808847,0.9603053739420792,0.13008073678195378,0.34314420042392346,0.33019180677243665,2.507135685599541,0.8584633388476857,0.23738959915243607
seeds,P2_Full,,main,clean,0.0,27,0.1,21,0.9380952380952381,0.7753227654918474,0.8227344478849459,-0.0383588548328467,1.0,0.1756434000038237,0.2248562520200556,0.8181818181818182,0.009830800001509488,0.001297299997531809,0.029973600001540035,,E,0.05747978677596613,0.9586870837297478,2.896796895586921,11.495957355193227,0.963803206543051,0.12383833617156584,0.3419184682286568,0.3302010050251256,2.5071145944300715,0.8667332133180161,0.2247088915851088
seeds,P2_Full,,main,clean,0.0,27,0.15,31,0.9428571428571428,0.7870909963532579,0.8356896372410862,-0.04178641594741987,1.0,0.180085266380665,0.1815097749233246,1.0,0.008668100002978463,0.0011118000038550235,0.043000300000130665,,E,0.054560301235903476,0.9695888975737895,2.912301892207544,10.311896933585757,0.9729790847760245,0.1114786026077445,0.33987828805554615,0.3301812450748621,2.5071599045346065,0.87972037317295,0.20677967604747657
seeds,P2_Full,,main,clean,0.0,27,0.2,42,0.9476190476190476,0.801129386794479,0.8482788156505086,-0.04246544881209909,1.0,0.18362869822821135,0.15988807515664535,0.9090909090909091,0.008209799998439848,0.0010106999980052933,0.05553969999891706,,E,0.051609818310078236,0.975843783956337,2.9225176326815765,9.238157477504004,0.9783396686757032,0.10332266919847137,0.33847506276107275,0.3298600213420375,2.507897240723121,0.8899630071021999,0.19214369690514907
seeds,P2_Full,,main,clean,0.0,29,0.05,10,0.8809523809523809,0.6191685210013643,0.6757862659839866,-0.03188064734421228,1.0,0.17247390455918857,0.2623349924882253,0.8333333333333334,0.0101208999985829,0.0013590000016847625,0.015728799997305032,,E,0.05957461570526072,0.9520355151348758,2.882416054839357,12.27237083528371,0.9584223450837641,0.13315748030752408,0.343745477338642,0.3303812455600284,2.506701548165138,0.8559021692593496,0.24075279594043825
seeds,P2_Full,,main,clean,0.0,29,0.1,21,0.8333333333333334,0.5431014723252959,0.5731484688766769,-0.05042751072518807,1.0,0.1736747420770137,0.18485955216667868,0.9090909090909091,0.009309599998232443,0.0012883000017609447,0.029954500001622364,,E,0.0578314314217625,0.9533445228816085,2.884749662066985,11.5662862843525,0.9594654842641804,0.1311949155945757,0.34336736708750754,0.3300502512562814,2.5074604141291106,0.859714714477943,0.2375056980897576
seeds,P2_Full,,main,clean,0.0,29,0.15,31,0.8142857142857143,0.5385108066258053,0.5529850390265949,-0.03624560711676705,1.0,0.17136626590560677,0.20165662467479706,0.8,0.00855520000186516,0.001268399995751679,0.04380269999819575,,E,0.06273513293441142,0.9644170821074147,2.868108600432357,11.85694012460376,0.9692168279970995,0.13488904715947914,0.34519726762651576,0.3301812450748621,2.5071599045346065,0.8533321899586026,0.25052942590252403
seeds,P2_Full,,main,clean,0.0,29,0.2,42,0.7904761904761904,0.5196190976394738,0.5204810465534631,-0.04013117200945692,1.0,0.17732467709056396,0.17893621596423062,1.0,0.00876319999952102,0.0017972999994526617,0.058300600001530256,,E,0.06130121301420896,0.9671744502597851,2.871244431210206,10.972917129543404,0.9711833974124735,0.12212886560668852,0.3446196987202642,0.3331240976712071,2.5004710759374413,0.8704344029482496,0.2238623361744594
seeds,P2_Full,,main,clean,0.0,28,0.05,10,0.8857142857142857,0.6411207975225129,0.6900902259418432,-0.03482067592295082,1.0,0.1739740285514417,0.2536460608243942,0.8333333333333334,0.010701500003051478,0.001818900003854651,0.01713469999958761,,E,0.0564627924929385,0.9587353826473671,2.8940397560363245,11.63133525354533,0.9638769627790417,0.12460021348886849,0.34234525618086775,0.33019180677243665,2.507135685599541,0.8616087812500677,0.23225958478651773
seeds,P2_Full,,main,clean,0.0,28,0.1,21,0.8428571428571429,0.5807056025430561,0.5987714164715188,-0.052037390070969546,1.0,0.17615992447468934,0.17380864511836658,0.9090909090909091,0.0096655000015744,0.0014519999967887998,0.03202109999983804,,E,0.05352742887633056,0.9649580865115792,2.8984410355456993,10.705485775266112,0.9691099143022208,0.1184817659005264,0.3417216645610623,0.3302010050251256,2.5071145944300715,0.8670921445149226,0.22534941523054136
seeds,P2_Full,,main,clean,0.0,28,0.15,31,0.7952380952380952,0.5365144532295066,0.5129399717915873,-0.05769952254031929,1.0,0.17591047484681885,0.191207355260849,1.0,0.008864300005370751,0.0014258000010158867,0.04638820000400301,,E,0.05745368615599669,0.9704468361505052,2.8803700373646355,10.858746683483375,0.9739889378079737,0.11985524377380809,0.3437051555438113,0.3318698637847574,2.503307327001357,0.8660615123180118,0.2306972639395309
seeds,P2_Full,,main,clean,0.0,28,0.2,42,0.8095238095238095,0.5710366617683831,0.5618685868108383,-0.02932388846333428,1.0,0.1726076028751889,0.21191938627849927,0.8181818181818182,0.009158399996522348,0.0028554000018630177,0.06223619999946095,,E,0.06672783610452081,0.9691385668745129,2.8247515563249523,11.944282662709224,0.9732607232308436,0.13356982935851847,0.3503842964688542,0.336199861904463,2.493605302464526,0.8556544313204879,0.24932370274014454
glass,P2_Full,,main,clean,0.0,0,0.05,10,0.4439252336448598,0.3347153125104542,0.18487132297126116,-0.06586755489436111,1.0,0.09524188781454057,0.0759042352437973,1.0,0.013422299998637754,0.0026074000052176416,0.02240439999877708,,D,0.03563032752453039,0.8989601955313488,3.3689866152093755,7.411108125102321,0.9165024762656641,0.17361752456437013,0.2934281827519054,0.28567447045707917,2.0,0.7537479527321123,0.28751811616952144
glass,P2_Full,,main,clean,0.0,0,0.1,21,0.4485981308411215,0.3221294745839829,0.1745442732484674,-0.04113061288717641,1.0,0.09174033704795571,0.38343111222440546,0.45454545454545453,0.013434200001938734,0.003513700001349207,0.044650499999988824,,D,0.03442349462267786,0.9008558899966455,3.4773320733705853,7.022392903026283,0.9207347199153568,0.20050439625751632,0.28406731738155955,0.2578962619530571,2.0,0.7317737968853081,0.31127120167389194
glass,P2_Full,,main,clean,0.0,0,0.15,32,0.43457943925233644,0.34355492644864893,0.15885334418260702,-0.042977846986331704,1.0,0.09684501023480915,0.3271246715025468,0.5454545454545454,0.011814899997261818,0.002519500005291775,0.06409549999807496,,D,0.03250330835287084,0.9130074446894015,3.1642628483392916,6.273138512104072,0.9301821249720378,0.1974270122462282,0.3124670247238835,0.2902094127806563,2.0,0.7636408234781594,0.272694028477619
glass,P2_Full,,main,clean,0.0,0,0.2,42,0.43457943925233644,0.36170713687868217,0.16015415779086106,-0.017398470360755845,1.0,0.0963463486272563,0.5205529883503914,0.3,0.011009100002411287,0.0018072999955620617,0.08123250000062399,,D,0.07138517863994778,0.911167801242034,3.2089760759793924,12.992102512470495,0.9290755002477586,0.2015901807689836,0.30782271007923534,0.2863214133932366,2.0,0.7596560305385196,0.28265133328915176
glass,P2_Full,,main,clean,0.0,1,0.05,10,0.4439252336448598,0.33304104867397444,0.16313783952180727,-0.07249130085696623,1.0,0.09476655728805965,0.07929457724094391,1.0,0.012720800004899502,0.0022937999965506606,0.020718400002806447,,D,0.03566734530614188,0.8918838305388822,3.436202302643732,7.418807823677511,0.9114358792700646,0.18084296575281447,0.28759392483678625,0.27657004830917875,2.0,0.7497029360762771,0.2918705201888709
glass,P2_Full,,main,clean,0.0,1,0.1,21,0.4532710280373832,0.28664635511545666,0.16608152856462818,-0.026662936877548796,1.0,0.095089134586937,0.382564288648692,0.45454545454545453,0.01281330000347225,0.002774900000076741,0.0414738000035868,,D,0.029215563913256148,0.8910059552048227,3.342766385047419,5.959975038304254,0.9112279696377797,0.18553320478158664,0.2957009748910019,0.2845552013909012,2.0,0.7523779155337932,0.2885830954275128
glass,P2_Full,,main,clean,0.0,1,0.15,32,0.4719626168224299,0.32260034658316067,0.18823627964676767,-0.0351671276259799,1.0,0.09601132187048278,0.4021970710971139,0.45454545454545453,0.011767399999371264,0.002810099998896476,0.060720100002072286,,D,0.07207697492316448,0.8997064324836543,2.8024691987334593,13.910856160170745,0.922509142614147,0.22735964723536495,0.3534783326209703,0.33452072538860106,2.0,0.7590513418013359,0.2741632541353141
glass,P2_Full,,main,clean,0.0,1,0.2,42,0.5327102803738317,0.4461797609123571,0.27158517667074106,-0.04041294535841243,1.0,0.09840466041045304,0.45269920229911803,0.5,0.010513500004890375,0.0023779000039212406,0.07887949999712873,,D,0.0704152796039737,0.9104953809920795,2.5560174444678676,12.815580887923215,0.9325790363883918,0.24673201943195835,0.38787028652116645,0.3596624370105033,2.0,0.7752881651587312,0.2549108659894235
glass,P2_Full,,main,clean,0.0,3,0.05,10,0.37383177570093457,0.2520552796302607,0.12874257299163455,-0.055585764112450656,1.0,0.09266514723685139,0.331414632499218,0.5,0.014367399999173358,0.0018845000013243407,0.02117829999770038,,D,0.004807692307692308,0.8941296690069476,3.0979101973039778,0.9307194282706884,0.917836783009165,0.22392594582303893,0.3195267470924165,0.28808992939427724,2.0,0.7399543433197523,0.29309712548265854
glass,P2_Full,,main,clean,0.0,3,0.1,21,0.397196261682243,0.26942808142253377,0.12490028169781121,-0.04387269123477163,1.0,0.09381427154083938,0.34418655796484515,0.5454545454545454,0.012393600001814775,0.0017852999953902327,0.0418331999971997,,D,0.004901960784313725,0.8995155039580891,3.068092212305081,0.8620539165770359,0.9213520046219363,0.21731213793160223,0.3226149297808463,0.29440741813966964,2.0,0.7470105778175937,0.2857404858184266
glass,P2_Full,,main,clean,0.0,3,0.15,32,0.5093457943925234,0.3961557389789017,0.20592358843968667,-0.040422978201488734,1.0,0.09355876206575771,0.40582851659167896,0.45454545454545453,0.011444099996879231,0.0028258000020287,0.06265149999671848,,D,0.05224578350097213,0.9085896868625181,2.881574561093129,10.083436215687621,0.9292844748237175,0.2263944543114546,0.343631619276467,0.3176273747841105,2.0,0.7442087368005658,0.28817809404761485
glass,P2_Full,,main,clean,0.0,3,0.2,42,0.5327102803738317,0.42171991936025754,0.226346435440246,-0.017174519425485563,1.0,0.09375132194183929,0.4811252564191818,0.5,0.010484700003871694,0.004001100001914892,0.08256969999638386,,D,0.05698963003494519,0.9188891786789595,2.8255220950034605,10.372112666360024,0.9381870260806708,0.23791951662441607,0.35034737272788136,0.31558496751866916,2.0,0.7444418014883856,0.2948928572650763
glass,P2_Full,,main,clean,0.0,2,0.05,10,0.4392523364485981,0.3002952113688095,0.16370845152335625,-0.025197878846598992,1.0,0.08214666011120117,0.29383591562509537,0.5,0.014977999999246094,0.00929030000406783,0.029816900001605973,,D,0.015744797905191246,0.8644722016034474,3.5072755297406437,3.274917964279779,0.8976407547426137,0.24473616137492035,0.2816680780994678,0.23323114083983648,2.0,0.6732561538173337,0.3622004591615149
glass,P2_Full,,main,clean,0.0,2,0.1,21,0.4252336448598131,0.3036951640864892,0.16634112786872,-0.042584432191074204,1.0,0.09590708813217667,0.33256449753587897,0.5454545454545454,0.016910500002268236,0.0026837999976123683,0.054027600002882537,,D,0.0053634986510170055,0.8984007084781824,3.2744063037603186,1.094153724807469,0.9175985880036144,0.18895682477578502,0.30197719413280005,0.28668018931710615,2.0,0.7583978252781783,0.27744403658999817
glass,P2_Full,,main,clean,0.0,2,0.15,32,0.4252336448598131,0.32949180755441515,0.17939000588421034,-0.04398200229251961,1.0,0.0961354507181852,0.3939734561876817,0.5454545454545454,0.011403800002881326,0.0021207999961916357,0.07226020000234712,,D,0.030858144639566407,0.8951932192678241,3.2355972081349935,5.955621915436317,0.9160348088841362,0.19885726353499006,0.3054633197407951,0.28977763385146804,2.0,0.7590870873113548,0.27587986920007557
glass,P2_Full,,main,clean,0.0,2,0.2,42,0.46261682242990654,0.3536734229458893,0.19376309488507065,-0.056419618562564014,1.0,0.09487668813352922,0.3615424185991287,0.5,0.011291099996014964,0.002626800000143703,0.09415390000503976,,D,0.05912296019737623,0.9073600557647379,3.0731030937799244,10.760378755922474,0.9278862616803699,0.22156971363783434,0.32167693747337245,0.292817679558011,2.0,0.7521205284347977,0.28334960952850263
glass,P2_Full,,main,clean,0.0,5,0.05,10,0.45794392523364486,0.33061915490779115,0.18089616174298773,-0.052246876362435954,1.0,0.09464245390781909,0.17048779129981995,0.75,0.013324799998372328,0.0030038000040804036,0.021928999994997866,,D,0.05931473176212348,0.9175656271300391,3.2899168195733077,12.337464206521684,0.9325269373281386,0.18149358910876648,0.30059653606491643,0.2816796729840208,2.0,0.7488743376402762,0.29589054526530056
glass,P2_Full,,main,clean,0.0,5,0.1,21,0.43457943925233644,0.3553774604740163,0.18396304900471996,-0.025365874940085773,1.0,0.09576233421776974,0.36837098544294183,0.5454545454545454,0.013271800002257805,0.00251909999497002,0.04227339999488322,,D,0.05905492473731823,0.9151115635479644,3.2974764129304996,12.047204646412919,0.9317103991879448,0.19553706410129695,0.2998300088896348,0.2726262918960688,2.0,0.7575251832635097,0.2798701307310323
glass,P2_Full,,main,clean,0.0,5,0.15,32,0.4719626168224299,0.4045553240345776,0.20581753250291723,-0.03260425082132535,1.0,0.09741707835076654,0.39638480273160065,0.45454545454545453,0.01236320000316482,0.0019556999977794476,0.06157439999515191,,D,0.05750459756971382,0.912434506797112,3.2508023583040426,11.098387330954768,0.9283403137112122,0.18164469053176552,0.30401019875169777,0.2914507772020725,2.0,0.7662007337574097,0.27358908734977777
glass,P2_Full,,main,clean,0.0,5,0.2,42,0.5747663551401869,0.5127425203204378,0.2873104511476322,-0.01875642213999293,1.0,0.09694610578591065,0.45340518057346346,0.3,0.010948500006634276,0.002408699998341035,0.07947910000075353,,D,0.055713913298513336,0.9161679513102446,3.197160263212624,10.139932220329428,0.9328898113124806,0.19946858347837884,0.3089807553245034,0.2872321049116629,2.0,0.7635199339376544,0.2785346751481581
glass,P2_Full,,main,clean,0.0,4,0.05,10,0.46261682242990654,0.29938048948984286,0.16381006202876575,-0.0850573257817221,1.0,0.08251430337604139,0.07818332314491272,1.0,0.013794300000881776,0.004657099998439662,0.026112100000318605,,D,0.053412969139251816,0.8668043946120094,3.765656528741331,11.109897580964377,0.8973578217239875,0.22938765151431087,0.2620099132542624,0.21599777034559645,2.0,0.6746419671530258,0.36496932704783036
glass,P2_Full,,main,clean,0.0,4,0.1,21,0.514018691588785,0.33447801933205235,0.2090351418172859,-0.028365675894008277,1.0,0.09220087179402807,0.37304668670350855,0.45454545454545453,0.013200200002756901,0.005594900001597125,0.049564200002350844,,D,0.03013742585185051,0.8988783969676886,3.3375458030468685,6.148034873777504,0.919539653828955,0.20432089921146265,0.296171215131103,0.26929392446633826,2.0,0.735055027676071,0.30879908005702617
glass,P2_Full,,main,clean,0.0,4,0.15,32,0.5700934579439252,0.40275452658855965,0.25110611335785854,-0.03856099183229967,1.0,0.09527463934989217,0.3377120088447224,0.5454545454545454,0.012396999998600222,0.0020867000057478435,0.07147429999895394,,D,0.031675789643668774,0.9256355816739359,3.1192313400841276,6.113427401228073,0.9415482959333811,0.21398290496501932,0.3170532188688904,0.27952288428324695,2.0,0.7521472070028983,0.28673145132902833
glass,P2_Full,,main,clean,0.0,4,0.2,42,0.5841121495327103,0.3892995264146807,0.24585006707649865,-0.03235013919407852,1.0,0.09511951945819203,0.41619732081890104,0.5,0.011092000000644475,0.004924699998809956,0.09207949999836273,,D,0.05800579574818612,0.9379646278917664,3.083931132004207,10.557054826169875,0.9508798264322531,0.20819087726198307,0.32052809418252604,0.2883249347337745,2.0,0.750010446608839,0.2959342277614537
glass,P2_Full,,main,clean,0.0,6,0.05,10,0.4252336448598131,0.3141262047568887,0.15952499852736673,-0.06878060085522694,1.0,0.0930516055284791,0.17082343250513077,0.75,0.012688399998296518,0.002528800003346987,0.020813900002394803,,D,0.054115107862339945,0.91272070536688,3.4181525738288303,11.255942435366709,0.929126530216661,0.18796926486107995,0.2891380891172487,0.26662950575994054,2.0,0.738573157861669,0.30752693925992985
glass,P2_Full,,main,clean,0.0,6,0.1,21,0.4392523364485981,0.3082387937114461,0.1604460376243867,-0.03739936166167462,1.0,0.09205850481106806,0.361579030752182,0.5454545454545454,0.013092499997583218,0.0024034999951254576,0.04128280000441009,,D,0.04415502151049979,0.9014434211824353,3.405071124877777,9.007624388141958,0.9211749070445389,0.20020465501981272,0.29020021102385024,0.26489906307350525,2.0,0.7339043843725578,0.3115060573886666
glass,P2_Full,,main,clean,0.0,6,0.15,32,0.4672897196261682,0.32579388952607385,0.1699235491303861,-0.042886626653776065,1.0,0.0941094184508077,0.3783410706303336,0.45454545454545453,0.012008799996692687,0.0022571999943465926,0.061714700001175515,,D,0.031570036066823674,0.9256802043710666,3.085718501405121,6.0930169608969695,0.9415215718346337,0.21315138624250882,0.3205531814890975,0.28945379965457685,2.0,0.7446272399761532,0.2988970760862583
glass,P2_Full,,main,clean,0.0,6,0.2,42,0.5654205607476636,0.47434918697808887,0.2814354037780787,-0.02153665271220346,1.0,0.09331636075718248,0.48595881164073945,0.3,0.010873400002310518,0.003275700000813231,0.08309290000033798,,D,0.07718781589500504,0.9347113555022264,2.917168430793902,14.048182492890916,0.9501638402925283,0.23667951615734445,0.3391672207808953,0.2965818711675065,2.0,0.7394838224659892,0.30640923179938667
glass,P2_Full,,main,clean,0.0,7,0.05,10,0.45794392523364486,0.3282048292005057,0.1711099501974932,-0.0503400789380198,1.0,0.09479196493611619,0.2924436405301094,0.5,0.015232099998684134,0.002692199996090494,0.024588699998275843,,D,0.004807692307692308,0.9050392402706279,2.87038360861037,0.6257381666319574,0.9254731196629474,0.21518234953631296,0.34523759382563474,0.3246934225195095,2.0,0.7518724549574082,0.27974808396286494
glass,P2_Full,,main,clean,0.0,7,0.1,21,0.4532710280373832,0.31397232696394606,0.15794778677337948,-0.049239425786499605,1.0,0.09609955905353659,0.3478482013398951,0.5454545454545454,0.012979799997992814,0.0036978999996790662,0.045891000001574866,,D,0.015318980072770747,0.9134614126930289,3.197850516749926,3.1250719348452325,0.930002967615703,0.1911465790861313,0.30932438679751695,0.28846711098232397,2.0,0.7596573386013938,0.27486464265274607
glass,P2_Full,,main,clean,0.0,7,0.15,32,0.46261682242990654,0.3331886067244817,0.1635548822378019,-0.032506480689612656,1.0,0.09717772114940207,0.3730862221934579,0.5454545454545454,0.011631699999270495,0.002055500001006294,0.0643357000008109,,D,0.05614680338296174,0.9239758353936609,3.2110729807861085,10.836333052911616,0.9383593758117289,0.18919695458078942,0.3078360413501865,0.28470423143350604,2.0,0.7658838956127916,0.27193650077312903
glass,P2_Full,,main,clean,0.0,7,0.2,42,0.4672897196261682,0.33903422774102054,0.16541607219520174,-0.047875907492074904,1.0,0.09803918072588674,0.39599249958992006,0.4,0.010716999997384846,0.0020983999929740094,0.08154099999956088,,D,0.05660146171990404,0.9400752135548468,3.1641766750431755,10.301466033022535,0.951999547180902,0.19898833743811517,0.31225918280190057,0.28146439196162953,2.0,0.7708255384788668,0.2648456368696981
glass,P2_Full,,main,clean,0.0,8,0.05,10,0.4439252336448598,0.2768979656181424,0.13665532826776677,-0.0628549514581828,1.0,0.09413253224901667,0.22974590957164764,0.75,0.013256099999125581,0.002338699996471405,0.02056099999754224,,D,0.04856718357266284,0.890496701257425,3.182743092113189,10.101974183113871,0.9128158749369676,0.20382192989465425,0.3108813117316813,0.29199182460052026,2.0,0.7483279428814564,0.2906076435442298
glass,P2_Full,,main,clean,0.0,8,0.1,21,0.45794392523364486,0.3477629129976673,0.1841408176625763,-0.040208797835212445,1.0,0.09360447225518286,0.42014212093570014,0.45454545454545453,0.012813399996957742,0.002017099999648053,0.04041960000176914,,D,0.02675034683471619,0.9076558374913055,3.3513013444998765,5.457070754282102,0.9262605347403308,0.20147128679924525,0.29493534992857,0.26615473775717186,2.0,0.7437965093005674,0.2979966438359891
glass,P2_Full,,main,clean,0.0,8,0.15,32,0.46261682242990654,0.38357597385448006,0.19577046697519784,-0.03431147732951747,1.0,0.09756651183903745,0.35906112600456586,0.5454545454545454,0.012460899997677188,0.002506199998606462,0.06028449999575969,,D,0.0316418815523193,0.9159589381756218,3.2511515386273695,6.106883139597624,0.9326593849410091,0.19871770302339198,0.30397698804905,0.27790371329879104,2.0,0.7680336859230538,0.2668912727504147
glass,P2_Full,,main,clean,0.0,8,0.2,42,0.4719626168224299,0.4031409622314069,0.2045404728406053,-0.02658473517865741,1.0,0.09896794818268656,0.4097183167934418,0.5,0.010610600002110004,0.002351899995119311,0.07881289999932051,,D,0.05142867758469323,0.9320521589704529,3.249885815084079,9.360019320414168,0.9449550625615648,0.1898942393990279,0.3038782738290822,0.2795215833889867,2.0,0.777651382672078,0.2577002598042103
glass,P2_Full,,main,clean,0.0,9,0.05,10,0.4252336448598131,0.30007876139326495,0.14825398346758345,-0.04690408315743796,1.0,0.09328189793575031,0.2023942843079567,0.75,0.012572200001159217,0.002828199998475611,0.02205099999991944,,D,0.05327701579004389,0.8944425612513295,3.143087616072774,11.081619284329129,0.9158534683523221,0.2028365537740208,0.3148645665072682,0.29570791527313267,2.0,0.7429746180654497,0.2972336182749425
glass,P2_Full,,main,clean,0.0,9,0.1,21,0.4766355140186916,0.3727453034913416,0.21050061118221644,-0.04207503149960596,1.0,0.09413070932364447,0.3964418443766507,0.5454545454545454,0.012245600002643187,0.004044499997689854,0.04395710000244435,,D,0.05034706212819402,0.9009148671910052,3.190861094531143,10.27080067415158,0.919798625378123,0.19058114625046482,0.3100127368472833,0.2966772916062977,2.0,0.7469859825682925,0.29466610640474433
glass,P2_Full,,main,clean,0.0,9,0.15,32,0.48598130841121495,0.3533061579034501,0.202771355870126,-0.05022430763788999,1.0,0.09678657930700399,0.33088455958799884,0.5454545454545454,0.012446000000636559,0.0029566999946837313,0.06507000000419794,,D,0.03347754431937889,0.9149467873260804,3.1051255037493677,6.461166053640126,0.9319346988928693,0.19973274415768133,0.31851717538429086,0.29603842832469773,2.0,0.7623219668413083,0.2763018028500423
glass,P2_Full,,main,clean,0.0,9,0.2,42,0.5373831775700935,0.3707371066918154,0.2098747571117728,-0.03733592869683431,1.0,0.09667690248297214,0.47010165005922316,0.6,0.01052450000133831,0.0027686999965226278,0.0829615000038757,,D,0.0701018630921979,0.905826838890375,2.5862076514392465,12.758539082780018,0.9282954915195724,0.23858870578892638,0.3832779712269513,0.36203023495841175,2.0,0.7637398602207168,0.2718303171441383
glass,P2_Full,,main,clean,0.0,10,0.05,10,0.48598130841121495,0.3251535149242279,0.17515817937100595,-0.08016851874807158,1.0,0.09421755604392651,0.23717041313648224,0.75,0.013231700002506841,0.005404099996667355,0.027681199993821792,,D,0.004807692307692308,0.9238911812694229,2.5345961438461933,0.8095442251258835,0.9414986627597104,0.2313461407490422,0.3916152458720647,0.3643162393162393,2.0,0.749635020553946,0.2807186319421412
glass,P2_Full,,main,clean,0.0,10,0.1,21,0.4439252336448598,0.3007465966447002,0.1623166405396002,-0.05097994387528257,1.0,0.095440343850268,0.34134901653636585,0.5454545454545454,0.012294899999687914,0.006028099996910896,0.05147659999784082,,D,0.004901960784313725,0.9297515216054681,2.5634248783385867,0.5408087086607363,0.9452784814434089,0.22102912679101339,0.3870986850440597,0.3628416883994977,2.0,0.7553968482660616,0.2743912344256179
glass,P2_Full,,main,clean,0.0,10,0.15,32,0.43457943925233644,0.32611326548816216,0.16179906148119236,-0.04873888236988637,1.0,0.09372483894467205,0.45153263346715405,0.36363636363636365,0.01119720000133384,0.0029757999946014024,0.07112059999781195,,D,0.0666844549050375,0.9079204676488254,2.808508396713752,12.870099796672235,0.9284044804616611,0.2224600004994968,0.35270704071701026,0.3283678756476684,2.0,0.7436668475580334,0.2957112794996061
glass,P2_Full,,main,clean,0.0,10,0.2,42,0.5233644859813084,0.3887593402522101,0.22354949609579117,-0.049580010146052386,1.0,0.0972989080121886,0.36491734981536866,0.7,0.010991099996317644,0.002984500002639834,0.09028269999544136,,D,0.05075004162534224,0.9035535626570118,2.7665761085462153,9.236507575812288,0.9243625029870611,0.21575644371442604,0.3579297558247403,0.34381640458988527,2.0,0.7676221195088431,0.26531427022602333
glass,P2_Full,,main,clean,0.0,11,0.05,10,0.38317757009345793,0.23586308680025156,0.12088914289464078,-0.06732468169635547,1.0,0.08448059679680378,0.22156938910484314,0.75,0.013593800002126954,0.003142699999443721,0.025915400001395028,,D,0.05002729113970138,0.8736833464365668,3.647770915151893,10.405676557057886,0.9014416022746913,0.21975135546307917,0.27063345235252506,0.23123374210330733,2.0,0.686812217714182,0.3583390885464792
glass,P2_Full,,main,clean,0.0,11,0.1,21,0.4672897196261682,0.34057738618259575,0.1966670336151891,-0.030835562756390177,1.0,0.08440475892489284,0.40737834166396747,0.5454545454545454,0.012403500004438683,0.005844799998158123,0.05290600000444101,,D,0.048881500797317054,0.8843176017853479,3.7330484726117317,9.971826162652679,0.9099115491494058,0.22124322938540344,0.26427106807463024,0.22172317202743166,2.0,0.6862791898918637,0.3577945491406569
glass,P2_Full,,main,clean,0.0,11,0.15,32,0.4392523364485981,0.35336053958101094,0.18317849216956317,-0.03963831985383227,1.0,0.09665465671622955,0.38514595004645263,0.45454545454545453,0.012646900002437178,0.006734599999617785,0.07720379999955185,,D,0.06267162450697529,0.9180694044531428,3.227857658669238,12.09562352984623,0.9342463695095345,0.19744718012137397,0.3062082282469424,0.28270725388601037,2.0,0.7622754101660244,0.27571151795162985
glass,P2_Full,,main,clean,0.0,11,0.2,42,0.49065420560747663,0.3841272370431118,0.20351888292018633,-0.028466689047466825,1.0,0.09593720222844382,0.4311044752597809,0.4,0.011050900000554975,0.002265900002385024,0.09471699999994598,,D,0.0601396313404253,0.9288109414506863,3.305891030260598,10.945412903957404,0.9429936943894082,0.19922658380005448,0.2986366645222491,0.26944326391840207,2.0,0.7581028512571086,0.2831336843259625
glass,P2_Full,,main,clean,0.0,12,0.05,10,0.45794392523364486,0.2984762672357733,0.15872377596841875,-0.0794892738926803,1.0,0.09384799561042592,0.07075434923171997,1.0,0.013727599995036144,0.0033958999993046746,0.022616399997787084,,D,0.04131850698070727,0.902930180290357,3.45478549708384,8.594249451987112,0.9215923852014539,0.19225548133209358,0.2860209797969837,0.2612876254180602,2.0,0.7448346588282893,0.29687238203237587
glass,P2_Full,,main,clean,0.0,12,0.1,21,0.397196261682243,0.2694971624171844,0.13672602401492456,-0.03820144554296905,1.0,0.09306962622090358,0.36830873922868207,0.5454545454545454,0.012684499997703824,0.0022834999981569126,0.04448989999946207,,D,0.0228608504275259,0.8908289558584707,3.4593558816859984,4.663613487215283,0.9122963750418821,0.19664022957938349,0.28556904238316366,0.26567178595576163,2.0,0.7400388232287423,0.3010968366980621
glass,P2_Full,,main,clean,0.0,12,0.15,32,0.514018691588785,0.4193158627067869,0.25469522411518286,-0.026563626607769144,1.0,0.09319485284943962,0.40413213724439795,0.45454545454545453,0.011252100004639942,0.004142500001762528,0.06503969999903347,,D,0.05235455200663494,0.9133804978347815,2.9439131204621964,10.104428537280544,0.9334308669383845,0.231476383521102,0.336244791198927,0.30359455958549225,2.0,0.7411629691637359,0.29748985148859514
glass,P2_Full,,main,clean,0.0,12,0.2,42,0.5233644859813084,0.4650787296471415,0.2806997031562951,-0.023517083860014935,1.0,0.09362607939910046,0.5072940945625305,0.3,0.010107599999173544,0.002336400000785943,0.08181419999891659,,D,0.063020301838617,0.9197654591737368,2.339391116537415,11.469694934628293,0.9399849906618264,0.25200532438856016,0.4242984604254945,0.39791148078440897,2.0,0.7434644241430013,0.2992591694469491
glass,P2_Full,,main,clean,0.0,13,0.05,10,0.4672897196261682,0.31996919789640066,0.17955153626586012,-0.0672079571633728,1.0,0.09436230925262004,0.2124132215976715,0.75,0.014192099995852914,0.0031982000000425614,0.024909500003559515,,D,0.008549313499586798,0.8978531710941683,3.270660439241332,1.778257207914054,0.9194176865551693,0.2111129213896708,0.30239477447154434,0.2721571906354515,2.0,0.7494197418455171,0.2860373551832227
glass,P2_Full,,main,clean,0.0,13,0.1,21,0.4532710280373832,0.33019049193358063,0.19443753991350005,-0.03240412062257613,1.0,0.09462674838126614,0.40399938550862396,0.45454545454545453,0.011555899996892549,0.004423300000780728,0.0463923000061186,,D,0.007086400925035055,0.9083256134923114,3.4034129266615922,1.4456257887071513,0.926493480618279,0.19817822423544468,0.29034400137398425,0.26359509320969765,2.0,0.7504349354671217,0.2855976091528165
glass,P2_Full,,main,clean,0.0,13,0.15,32,0.4532710280373832,0.3373941200216971,0.19644739339533723,-0.040285676732729696,1.0,0.093643904566826,0.36144890974868427,0.5454545454545454,0.010949499999696855,0.0031739000041852705,0.06895030000305269,,D,0.03279934226952538,0.926641686839032,3.3373766986705253,6.330273058018399,0.9417088672547974,0.20539158776325572,0.2959888116379752,0.2606325561312608,2.0,0.7430640147491536,0.3006152134624642
glass,P2_Full,,main,clean,0.0,13,0.2,42,0.4719626168224299,0.36401690569555695,0.18110862866985813,-0.032864808112971045,1.0,0.09411501996802844,0.40786539316177367,0.5,0.010951399999612477,0.006145599996671081,0.09079890000430169,,D,0.05657253761623174,0.9370186374660672,3.140031530252811,10.296201846154176,0.9501572398083604,0.20861095749102682,0.3147027702936022,0.2816465302653148,2.0,0.7449365593145444,0.3000607620530195
glass,P2_Full,,main,clean,0.0,14,0.05,10,0.42990654205607476,0.21831301336973236,0.12101904217636299,-0.03509786448957319,1.0,0.09495062168081916,0.30947327613830566,0.5,0.011568499998247717,0.002250800003821496,0.018395900005998556,,D,0.004833487152555053,0.8980252312519831,2.905665882063157,1.005365327731451,0.9205687001361684,0.22106908562735786,0.340986859756981,0.3171683389074693,2.0,0.753324980722074,0.2737605262045786
glass,P2_Full,,main,clean,0.0,14,0.1,21,0.4252336448598131,0.2459559613857462,0.14158922084378417,-0.06343118739168675,1.0,0.0944165984930073,0.26596976952119306,0.6363636363636364,0.01126940000540344,0.0017704999991110526,0.03560300000390271,,D,0.004901960784313725,0.8983983013011365,2.937197642399766,0.9392875897514937,0.9211139360703843,0.22357534431165862,0.3372116129242526,0.3111658456486043,2.0,0.7506410677321509,0.27756007637381075
glass,P2_Full,,main,clean,0.0,14,0.15,32,0.49065420560747663,0.3659120071488148,0.20564940109061794,-0.028153558021153945,1.0,0.09355862823599029,0.44376741485162213,0.36363636363636365,0.010641799999575596,0.0018864000012399629,0.05700000000069849,,D,0.10898283417960608,0.905641171623909,2.8291148251259455,21.033686996663974,0.9283243912058238,0.24039318813397076,0.35010009190479174,0.31849093264248707,2.0,0.742995833241507,0.29527405748333385
glass,P2_Full,,main,clean,0.0,14,0.2,42,0.514018691588785,0.41396542894722854,0.2326288154588889,-0.029590221082821895,1.0,0.0952027528626093,0.4707270383834839,0.4,0.011729099998774473,0.006972499999392312,0.08245150000584545,,D,0.06204983111536888,0.9203428947321916,2.731121888729348,11.293069262997136,0.9405772921958505,0.2540187393909244,0.36264796337259153,0.316859935644466,2.0,0.7538581304710388,0.28056487937653035
glass,P2_Full,,main,clean,0.0,15,0.05,10,0.40654205607476634,0.2618988921352973,0.13363537849377463,-0.057160105098943356,1.0,0.09348566962631097,0.21734072268009186,0.75,0.01252810000005411,0.002355199998419266,0.02281539999967208,,D,0.0506597906019421,0.8840878662145661,3.1438371865694275,10.537236445203956,0.9082509974133364,0.20846075738281916,0.3147883429979753,0.2953363062058714,2.0,0.7443815444901909,0.2944340849198092
glass,P2_Full,,main,clean,0.0,15,0.1,21,0.4252336448598131,0.2790459903720482,0.1397411891811698,-0.0332347193248387,1.0,0.08251808323163504,0.4087629643353549,0.5454545454545454,0.011745800002245232,0.005121200003486592,0.04478640000161249,,D,0.06156812862221767,0.8912051310390287,3.955437290762237,12.559898238932405,0.9153337806417667,0.22178113575736655,0.24913584091282814,0.2019704433497537,2.0,0.6724256563655687,0.37744423061707255
glass,P2_Full,,main,clean,0.0,15,0.15,32,0.49065420560747663,0.3229119876322691,0.1892258050611133,-0.04276800838473912,1.0,0.09434988626605717,0.37634980136697943,0.6363636363636364,0.012642499998037238,0.0026718999943113886,0.06657730000006268,,D,0.07138117413025759,0.9047449125341823,2.8644055467783063,13.776566607139713,0.9263671860180347,0.22699337178826795,0.3457225376335677,0.3227547495682211,2.0,0.7482850441994735,0.290219973089155
glass,P2_Full,,main,clean,0.0,15,0.2,42,0.5,0.36332147913311663,0.197724995188987,-0.02941765817172722,1.0,0.09569234422826903,0.4277257740497589,0.5,0.011412100000598002,0.003674699997645803,0.08693889999995008,,D,0.06696021209524773,0.915703440524895,2.6623558868788813,12.186758601335086,0.9373478376724009,0.256764893873255,0.3721575008868212,0.3308845850282314,2.0,0.7578015898024728,0.275906712407327
glass,P2_Full,,main,clean,0.0,16,0.05,10,0.4485981308411215,0.28011992162459376,0.149012758943623,-0.04325177282069943,1.0,0.09481060712172794,0.2945597469806671,0.75,0.013695400004507974,0.003857200004858896,0.02307279999513412,,D,0.008518553048312007,0.9014192414927171,3.303642971405003,1.7718590340488976,0.9199189835944628,0.18766078068245887,0.299327529806484,0.2845596432552954,2.0,0.751424191271776,0.2877395162737204
glass,P2_Full,,main,clean,0.0,16,0.1,21,0.4672897196261682,0.3167540072090837,0.16767218409278684,-0.047726228724422365,1.0,0.09502728162031894,0.3643883615732193,0.5454545454545454,0.01333590000285767,0.0023713999980827793,0.04360179999639513,,D,0.007558907783097637,0.9017340493255696,3.3252808416362227,1.542017187751918,0.9208899204893995,0.19493905093633287,0.29728178209657663,0.27677967738819664,2.0,0.7521909373072468,0.2865369310191037
glass,P2_Full,,main,clean,0.0,16,0.15,32,0.42990654205607476,0.34875036995339653,0.17254589045211352,-0.01816289645217492,1.0,0.09030096756718023,0.49495709484273737,0.36363636363636365,0.011829200004285667,0.0021415000010165386,0.06252989999484271,,D,0.09500903989493178,0.8980433366543379,3.310523118571186,18.336744699721834,0.9189373305680971,0.20493014608493676,0.2984319970103433,0.27757987910189985,2.0,0.7198521626139094,0.3331572801757077
glass,P2_Full,,main,clean,0.0,16,0.2,42,0.4392523364485981,0.35613205789491215,0.16935542095337763,-0.034476282714699054,1.0,0.098163645182842,0.42552849650382996,0.5,0.01097989999834681,0.0023278000007849187,0.0807788999954937,,D,0.060735741941664076,0.9353824011076667,3.3041070412416578,11.053905033382861,0.9475485990483394,0.18827994461608286,0.29880089068572074,0.27138607249104485,2.0,0.7709278413778515,0.2684656436414931
glass,P2_Full,,main,clean,0.0,17,0.05,10,0.4532710280373832,0.3368053526239366,0.18954493134397626,-0.07338611287152938,1.0,0.09449465907562604,0.20138700306415558,0.75,0.014194600000337232,0.0026340999975218438,0.024301800003740937,,D,0.004807692307692308,0.8960237238324494,3.0915203251210537,0.8270459473600216,0.9183105525057558,0.21434532467187642,0.3201971628758251,0.29426793013749536,2.0,0.7511394621665927,0.2792944848911721
glass,P2_Full,,main,clean,0.0,17,0.1,21,0.48130841121495327,0.30979652558960186,0.18262428839234404,-0.04554686567337828,1.0,0.0906656940310781,0.3793928785757585,0.5454545454545454,0.01328289999946719,0.0041548000008333474,0.04925370000273688,,D,0.061155400190154786,0.9359528947550676,3.2640525531516027,12.475701638791577,0.9495841615586199,0.21283189539047687,0.30295070794834283,0.25963488843813387,2.0,0.7227936755512432,0.33061943371203983
glass,P2_Full,,main,clean,0.0,17,0.15,32,0.5046728971962616,0.3781104016825173,0.20594635170703432,-0.041677630336341906,1.0,0.09558096830473282,0.3656839579343796,0.45454545454545453,0.013468700002704281,0.005123500006448012,0.07319230000575772,,D,0.060796763479425836,0.8990459633743689,3.0567778993163692,11.733775351529186,0.9194895098360251,0.20250350699167388,0.323637388025141,0.3086139896373057,2.0,0.753490596873386,0.28750384775475607
glass,P2_Full,,main,clean,0.0,17,0.2,42,0.5373831775700935,0.45516080663788683,0.25847394389478395,-0.026384846219364787,1.0,0.09612658105973909,0.5001340121030807,0.4,0.011962100004893728,0.002840100001776591,0.09292760000244016,,D,0.056768278352988255,0.9239236458527048,2.858780285382476,10.331826660243863,0.9409131487218294,0.22332172801328443,0.3462072621395787,0.31576710582235445,2.0,0.7586702673002964,0.28540041077241224
glass,P2_Full,,main,clean,0.0,18,0.05,10,0.4252336448598131,0.2801711880055975,0.15723562859712897,-0.0615577286654283,1.0,0.09637135172303163,0.06271210312843323,1.0,0.012730700000247452,0.00223829999595182,0.020733999997901265,,D,0.004807692307692308,0.8971434952897603,3.1442044265827485,0.8427570348296787,0.9175470329742073,0.19836895820955996,0.3147510117797415,0.29714790040877,2.0,0.7618508759615931,0.2675817879618206
glass,P2_Full,,main,clean,0.0,18,0.1,21,0.46261682242990654,0.36355001327074865,0.22029156733553515,-0.043935456704471236,1.0,0.0940929897693537,0.3681663613427769,0.5454545454545454,0.01276000000507338,0.0026350999978603795,0.042010799996205606,,D,0.004901960784313725,0.9219132447659516,3.1163115956359677,0.8291807932514623,0.9383542349462357,0.2105477443774652,0.31754681435313326,0.28846711098232397,2.0,0.7482402075031389,0.2826333583187859
glass,P2_Full,,main,clean,0.0,18,0.15,32,0.49065420560747663,0.4355340342413276,0.2527546194918764,-0.04226733546738234,1.0,0.09634350932802156,0.38315813920714636,0.45454545454545453,0.012280599999940023,0.0034326999957556836,0.06274889999622246,,D,0.01488041929546529,0.9323329834245981,2.1125824792357575,2.871920924024801,0.9480479839002595,0.2322401854107156,0.4706113533361192,0.4581714162348877,2.0,0.76051778319285,0.27748673930767703
glass,P2_Full,,main,clean,0.0,18,0.2,42,0.5420560747663551,0.48047974482227374,0.28898228793263353,-0.036563335971701014,1.0,0.09867706386513983,0.37121935486793517,0.5,0.011084799996751826,0.002380400001129601,0.081077800001367,,D,0.04168652991666587,0.9394807939270924,2.1274302521731965,7.5869484448331885,0.9537503517402447,0.2357856082243002,0.4671227658645937,0.4439317588488859,2.0,0.7754870332238761,0.26171434136239713
glass,P2_Full,,main,clean,0.0,19,0.05,10,0.4766355140186916,0.30738191693468925,0.17942681627743798,-0.0851631582137074,1.0,0.09509087420523041,0.06188483536243439,1.0,0.014123500004643574,0.0040569999982835725,0.024291299996548332,,D,0.004807692307692308,0.901797706350053,3.204744847968714,0.837592888400225,0.9221792575558394,0.20754659029084088,0.30871383078517195,0.2807506503158677,2.0,0.7542100315243383,0.2757951457651382
glass,P2_Full,,main,clean,0.0,19,0.1,21,0.48598130841121495,0.3420008993818367,0.19330255449174788,-0.0422185398055752,1.0,0.0943169546538863,0.3864300684495406,0.45454545454545453,0.01396309999836376,0.0028193000034661964,0.04595770000014454,,D,0.004901960784313725,0.9237629195364953,3.4114067689777436,0.8320130167271025,0.938728896304478,0.19630836696516768,0.2896521042013968,0.25823432821404424,2.0,0.748340170199539,0.2895425040792521
glass,P2_Full,,main,clean,0.0,19,0.15,32,0.48598130841121495,0.3705545891231532,0.2026211910034162,-0.04618405746376917,1.0,0.09590533262587403,0.3550083203749223,0.5454545454545454,0.012880599999334663,0.002097100004903041,0.06604350000270642,,D,0.028546411323687546,0.9135076275145564,3.3062071640415227,5.509457385471697,0.9306178409552768,0.19782337966969227,0.2988283720086762,0.2754749568221071,2.0,0.7575606237768082,0.27833642646451123
glass,P2_Full,,main,clean,0.0,19,0.2,42,0.48130841121495327,0.4002253543852471,0.21117869198412265,-0.02933272432403606,1.0,0.09744741555944023,0.39296060502529145,0.5,0.011209600001166109,0.0016537999981665052,0.08298289999947883,,D,0.05728368877386247,0.9193529730424618,3.2916706202776482,10.42563135684297,0.9349309030410533,0.19316186332316387,0.2999506786219019,0.2790965940137211,2.0,0.7671844465419528,0.2681533354985641
glass,P2_Full,,main,clean,0.0,20,0.05,10,0.411214953271028,0.27391369599090215,0.14261077431096353,-0.057101098758400276,1.0,0.08662481043727899,0.16613732278347015,0.75,0.014162799998302944,0.003891000000294298,0.02664639999420615,,D,0.06089310685293698,0.8927270874551977,3.8707745324638982,12.665766225410891,0.914259988947129,0.20073009095318625,0.2547633595620585,0.21938870308435526,2.0,0.6992877372081359,0.3456145087306458
glass,P2_Full,,main,clean,0.0,20,0.1,21,0.3878504672897196,0.3074030046583411,0.16042525685126546,-0.03747960462066347,1.0,0.08654051206158588,0.40255041284994647,0.5454545454545454,0.012630299999727868,0.005253699993772898,0.04919489999883808,,D,0.06130828106185413,0.8969358540947857,3.8855139065183333,12.506889336618244,0.9183398468760278,0.20767641931391723,0.25370791856566133,0.21206413599922727,2.0,0.6991788666660483,0.345763546071469
glass,P2_Full,,main,clean,0.0,20,0.15,32,0.4439252336448598,0.3751828121797671,0.20084546370505132,-0.03032607111223896,1.0,0.09213647860895445,0.3854988217353821,0.45454545454545453,0.010842200004844926,0.0020321000047260895,0.06633639999927254,,D,0.04871281179708284,0.8923073788361839,3.2781751237737025,9.401572676836988,0.9145542914351386,0.20657787282486012,0.3014282237082497,0.27946891191709844,2.0,0.7329065210063285,0.3146379789335362
glass,P2_Full,,main,clean,0.0,20,0.2,42,0.46261682242990654,0.4066789488635168,0.22529669617988948,-0.028801092027367536,1.0,0.09491409725237299,0.42541823983192445,0.5,0.01059230000100797,0.0019119999997201376,0.08344949999445817,,D,0.059374650297372406,0.9215042246673705,3.1168223512196676,10.806186354121778,0.9381983643156478,0.2126756449953537,0.31708732084186575,0.2880820836621942,2.0,0.7519641369655369,0.28795700642183686
glass,P2_Full,,main,clean,0.0,21,0.05,10,0.42990654205607476,0.31260205308512434,0.16412941196648495,-0.0838817954088715,1.0,0.08179463132107571,0.18510587513446808,0.75,0.01265659999626223,0.005168700001377147,0.024001299992960412,,D,0.061689996503687554,0.8832357447550446,4.127907902520642,12.83151927276701,0.9081960345047171,0.21376653066736254,0.23859285552442705,0.19328316610925306,2.0,0.6683659280893435,0.376101983795522
glass,P2_Full,,main,clean,0.0,21,0.1,21,0.4532710280373832,0.3481086186988399,0.1877087313630738,-0.04131495559762794,1.0,0.08848223075001216,0.39927949146790936,0.5454545454545454,0.011756899999454618,0.003264700004365295,0.043820699997013435,,D,0.05936352817097803,0.9021083095137178,3.7422506807868645,12.110159746879518,0.9205364396741066,0.18825019844734486,0.2636091112285643,0.2398821597604559,2.0,0.7105166942724983,0.34331590356245856
glass,P2_Full,,main,clean,0.0,21,0.15,32,0.4485981308411215,0.3732766444073419,0.19950621199704274,-0.0417175125232135,1.0,0.0943007041363515,0.41120173172517255,0.45454545454545453,0.012582499999552965,0.00237129999732133,0.06407199999375734,,D,0.06214798442557083,0.9170328014657531,3.386159527140939,11.99456099413517,0.9343001491604169,0.20812258337897557,0.29164960418447416,0.25804188255613125,2.0,0.7466041867292534,0.2958385985889356
glass,P2_Full,,main,clean,0.0,21,0.2,42,0.4485981308411215,0.38784295148592673,0.19937784117322693,-0.041377475241844916,1.0,0.09702628576243655,0.4131260454654694,0.4,0.012102400003641378,0.002223700001195539,0.08303549999982351,,D,0.05589398370407567,0.9393107233833387,3.4312383583428634,10.17270503414177,0.9510045317229037,0.19268327110616165,0.28752527246548604,0.25590431667779734,2.0,0.7649349169918825,0.27500203555448527
glass,P2_Full,,main,clean,0.0,22,0.05,10,0.4485981308411215,0.33115337338433337,0.1607534293751712,-0.06699976715301528,1.0,0.09560605738934483,0.06518025696277618,1.0,0.012243699995451607,0.005221999999776017,0.023380799997539725,,D,0.004807692307692308,0.9019656613461748,3.122800356634304,0.5640440395851041,0.9219799319898734,0.20415571644107386,0.316941466882657,0.29264214046822745,2.0,0.7582124027748782,0.2705774042043525
glass,P2_Full,,main,clean,0.0,22,0.1,21,0.4439252336448598,0.3372638162052661,0.17632444208321668,-0.045287630744406726,1.0,0.09588389948591529,0.3447183831171556,0.5454545454545454,0.011724500000127591,0.0028115999957663007,0.04406539999763481,,D,0.004901960784313725,0.9187922831416184,3.2216681543869647,0.5435589323105594,0.934108669090943,0.18860751837211345,0.307001148008608,0.28407224958949095,2.0,0.7585373305101948,0.276357648834457
glass,P2_Full,,main,clean,0.0,22,0.15,32,0.4532710280373832,0.3735801822312441,0.19148514034291242,-0.031109288594943288,1.0,0.09633385882096218,0.3651861412958665,0.45454545454545453,0.012106299996958114,0.002820500005327631,0.07057389999681618,,D,0.055665955016850115,0.9222692375392368,3.213846437379257,10.743529318252072,0.9372656365883633,0.1929274662228644,0.3075658931020262,0.28432642487046633,2.0,0.759991847916825,0.2792616075706553
glass,P2_Full,,main,clean,0.0,22,0.2,42,0.4766355140186916,0.403336645333837,0.19931021519218708,-0.03971569141911602,1.0,0.09105610389670188,0.4312337517738342,0.5,0.010890900004596915,0.008585099996707868,0.09502559999964433,,D,0.05896271229659125,0.9194110633081483,3.016622310872747,10.731213637979607,0.9382503728413392,0.23377041944636723,0.32780319787044604,0.28541072187481026,2.0,0.7268181911324695,0.3206922285512295
glass,P2_Full,,main,clean,0.0,23,0.05,10,0.4392523364485981,0.36176142412250967,0.18136151290299965,-0.045190005203322184,1.0,0.09573446054355492,0.19992654770612717,0.75,0.012997099998756312,0.002589599993370939,0.02163200000359211,,D,0.004807692307692308,0.9087406421858857,3.1969425041221844,0.5698289113403746,0.9277248266281471,0.2080245236979454,0.3094790569151888,0.27759197324414714,2.0,0.7583855774572824,0.27219962449916113
glass,P2_Full,,main,clean,0.0,23,0.1,21,0.4672897196261682,0.36186973240778725,0.204025024910016,-0.03370737690176061,1.0,0.09324700609977699,0.40913681956854736,0.45454545454545453,0.01316439999936847,0.0032047999993665144,0.0441458000059356,,D,0.029317886426411505,0.9085766563893403,3.4280459372454297,5.980848830987947,0.9259306444224673,0.1898200978847552,0.28822227025611974,0.26446440645223607,2.0,0.7407632794376265,0.3031561708283543
glass,P2_Full,,main,clean,0.0,23,0.15,32,0.514018691588785,0.4141296559773808,0.2295357185924774,-0.050759890903906285,1.0,0.09775019703131174,0.34916844964027405,0.5454545454545454,0.012291200000618119,0.0035883000018657185,0.06536659999983385,,D,0.05286598826779543,0.9202381487620512,3.341024500139646,10.203135735684517,0.9350938659596096,0.1862509077583998,0.295659958201589,0.27326208981001726,2.0,0.7679799637388337,0.2680345858315587
glass,P2_Full,,main,clean,0.0,23,0.2,42,0.5467289719626168,0.4806793928597342,0.29021200894241034,-0.023618701290923815,1.0,0.09651671714033722,0.4596459835767746,0.5,0.011031699999875855,0.0028917000017827377,0.08546720000595087,,D,0.052595186559852375,0.9376673972355134,3.040537536484908,9.572323953893132,0.9497397881874401,0.1936769911171564,0.3251814194328824,0.30168174367069395,2.0,0.7609501159114116,0.2819388436181012
glass,P2_Full,,main,clean,0.0,24,0.05,10,0.4158878504672897,0.2675780352167593,0.13915935966094103,-0.07174107895060698,1.0,0.0825680486441532,0.23881176114082336,0.75,0.014055500003451016,0.006040100000973325,0.028541100000438746,,D,0.04214203410049243,0.8683159974856224,3.7460126280742263,8.765543092902425,0.8992377923401934,0.23481815759051597,0.2634092130701079,0.2129319955406912,2.0,0.6747155336209775,0.3696933024802471
glass,P2_Full,,main,clean,0.0,24,0.1,21,0.43457943925233644,0.3313862243814647,0.18316655101443574,-0.026676462707844163,1.0,0.08380434787202613,0.3770200285044583,0.5454545454545454,0.012708599999314174,0.00528420000046026,0.052286099999037106,,D,0.06135289554814489,0.8867698765831804,4.084153613098947,12.515990691821557,0.9099175055891171,0.20442995474557854,0.24112881599264344,0.2043852023568048,2.0,0.6814318232233502,0.3679237298743239
glass,P2_Full,,main,clean,0.0,24,0.15,32,0.5327102803738317,0.4401420785485191,0.25507371499651765,-0.025687585530890455,1.0,0.08941655728875259,0.4750958640467037,0.45454545454545453,0.010985300003085285,0.0031858000002102926,0.07203599999775179,,D,0.07005305185467343,0.8969411084817048,3.430674979238393,13.520239007951972,0.9187557458796584,0.21167157026990724,0.28779766094377207,0.25971502590673573,2.0,0.7151245925404315,0.33205127823089997
glass,P2_Full,,main,clean,0.0,24,0.2,42,0.46261682242990654,0.4493587876217906,0.23968551574776747,-0.023881505989192135,1.0,0.09732488493945032,0.41426071524620056,0.4,0.01121380000404315,0.002642200000991579,0.091657099997974,,D,0.06059268035142776,0.9241068412566082,2.3141463624954577,11.027867823959852,0.941177837246051,0.224934582669866,0.4289873531545435,0.41770384311820774,2.0,0.7671422490356115,0.26441724097381336
glass,P2_Full,,main,clean,0.0,25,0.05,10,0.4532710280373832,0.27675352713580165,0.1600643699395809,-0.04440897774255674,1.0,0.08114299061123136,0.336892768740654,0.5,0.013329599998542108,0.004359200000180863,0.022976300002483185,,D,0.009474663314359049,0.8554992336806337,3.4805505305962905,1.970729969386682,0.8916638309570518,0.2502727023363291,0.28386792704719954,0.2361111111111111,2.0,0.6663496189335241,0.37432506046639186
glass,P2_Full,,main,clean,0.0,25,0.1,21,0.4766355140186916,0.344536362222039,0.19318572706505802,-0.036633253320673576,1.0,0.09325273839811128,0.37714924866502936,0.5454545454545454,0.012031599995680153,0.0021214000007603317,0.04463470000337111,,D,0.008492572191823795,0.9094988004150002,3.370372554335391,1.732484727132054,0.9281805379655048,0.20642530304759665,0.2932385877158814,0.26224282816574906,2.0,0.7414912346736221,0.29864727546207487
glass,P2_Full,,main,clean,0.0,25,0.15,32,0.46261682242990654,0.3610837314209931,0.19149506128243143,-0.03816584585886585,1.0,0.09479585668828137,0.426236323334954,0.5454545454545454,0.012752299997373484,0.004752399996505119,0.06715660000190837,,D,0.06154905189789765,0.90584234407173,3.191580763597072,11.878967016294247,0.9250833036873806,0.20434832861927255,0.30974792433016163,0.2862694300518135,2.0,0.7503343477701937,0.29042750798008166
glass,P2_Full,,main,clean,0.0,25,0.2,42,0.5093457943925234,0.4085131375633019,0.2237893285102268,-0.025243847414210634,1.0,0.0979125881577264,0.4029765248298645,0.4,0.011807200004113838,0.0021876000027987175,0.08595120000245515,,D,0.056637074920781134,0.9362657669262126,3.2799486431413793,10.307947635582167,0.9486273622637261,0.19395534772030798,0.30104239611233335,0.27247890231315647,2.0,0.7707013786049214,0.2654202242109882
glass,P2_Full,,main,clean,0.0,26,0.05,10,0.4439252336448598,0.310662632660504,0.16141734736183247,-0.03983518650824076,1.0,0.09476680156651218,0.0735069215297699,1.0,0.01275799999712035,0.002379799996560905,0.020443199995497707,,D,0.035180491817207685,0.9042656749548426,3.451948879616971,7.317542297979198,0.9217185078716027,0.18230486200772547,0.28625998553026044,0.2679301374953549,2.0,0.7505877725049016,0.2911641318690912
glass,P2_Full,,main,clean,0.0,26,0.1,21,0.43457943925233644,0.27983322718901377,0.1561206932458343,-0.02936289751058914,1.0,0.09534585199268589,0.38850529762831604,0.45454545454545453,0.013519199994334485,0.002507999997760635,0.042341899999883026,,D,0.026198266400588137,0.8963733235480259,3.3190912973685283,5.34444634571998,0.9153019791056912,0.18266199598167934,0.2978453487323,0.28653530377668307,2.0,0.7547017080439968,0.2861124118174775
glass,P2_Full,,main,clean,0.0,26,0.15,32,0.5093457943925234,0.4092074218657103,0.25103380765760086,-0.03454717923841243,1.0,0.0959735145309445,0.4181967892430045,0.5454545454545454,0.011649000000033993,0.0026969000027747825,0.06186939999315655,,D,0.070027440329745,0.9082556056945215,2.7833890979597085,13.515295983640787,0.9292979366541572,0.22935821985560967,0.355937125657713,0.33068868739205526,2.0,0.7588450790743371,0.27482615792445925
glass,P2_Full,,main,clean,0.0,26,0.2,42,0.5420560747663551,0.4532140660607871,0.2708807305605365,-0.03116103567023575,1.0,0.09904814399738907,0.456207686662674,0.4,0.010747799999080598,0.0024957999994512647,0.08031399999890709,,D,0.06810961870699447,0.9179037657391638,2.204820570014802,12.395950604672993,0.936810906585855,0.23030460552696488,0.4505325949293372,0.4444781737599417,2.0,0.7789598792234879,0.2512055983923017
glass,P2_Full,,main,clean,0.0,27,0.05,10,0.4485981308411215,0.33139723737438803,0.1651853930139203,-0.05305606548567626,1.0,0.09497982926027299,0.18548757582902908,0.75,0.01336069999524625,0.0033801999961724505,0.023863800000981428,,D,0.004807692307692308,0.9209666014920371,3.2226867823678873,0.8970204340578204,0.9358512765409002,0.18833398702149132,0.30696820681003595,0.2838628762541806,2.0,0.7527454693587904,0.2850222684810327
glass,P2_Full,,main,clean,0.0,27,0.1,21,0.4392523364485981,0.35352263940872797,0.20442506846323505,-0.030746511300003106,1.0,0.09412917530741118,0.36137349768118426,0.5454545454545454,0.013584699998318683,0.0042644999994081445,0.04725390000385232,,D,0.059340296685789995,0.8928701622231303,3.372437738558437,12.10542052390116,0.9126484310679269,0.18461960976727013,0.2930560002008638,0.2810296532406066,2.0,0.7464669556437712,0.29702316086664476
glass,P2_Full,,main,clean,0.0,27,0.15,32,0.4485981308411215,0.3756327278479128,0.21574657875587744,-0.037786747501375735,1.0,0.09218458899720042,0.4205292978069999,0.45454545454545453,0.011968600003456231,0.003033799999684561,0.06728680000378517,,D,0.060226452120161464,0.9097926003370401,3.3157991978462547,11.623705259191162,0.9288551872638221,0.21131954804157072,0.2979488463855884,0.2673791018998273,2.0,0.7322603282553773,0.31426270587818006
glass,P2_Full,,main,clean,0.0,27,0.2,42,0.5280373831775701,0.41338906698418665,0.24215477760199716,-0.02413131678784993,1.0,0.0923050490412368,0.44842587411403656,0.4,0.010896899999352172,0.002205400000093505,0.08558940000511939,,D,0.061276381968710485,0.9326459446167741,3.279634632035075,11.152301518305308,0.9476869126734737,0.22331198873060715,0.30107174862706104,0.25596502944569244,2.0,0.7342522803976684,0.314044828573514
glass,P2_Full,,main,clean,0.0,28,0.05,10,0.42990654205607476,0.34698620742769715,0.1760454313721437,-0.0749047912283748,1.0,0.09531668139597206,0.15694410353899002,0.75,0.013830800002324395,0.0041079000002355315,0.02374250000139,,D,0.0517619675540197,0.9137253909692757,3.465269452445458,10.766489251236097,0.928723391403037,0.17384025963444338,0.285141025624913,0.2710423634336678,2.0,0.7535075363739637,0.2871329912096178
glass,P2_Full,,main,clean,0.0,28,0.1,21,0.4205607476635514,0.31036422476717473,0.16666233300816455,-0.032679060695489745,1.0,0.09455855029226107,0.3659643679857254,0.5454545454545454,0.012323000002652407,0.0027971999952569604,0.04412080000474816,,D,0.05434400652658432,0.9145103237232144,3.4252028908396546,11.086177331423201,0.9300050542064626,0.18124680263242252,0.2884655943658983,0.2702598280691587,2.0,0.7478347887696157,0.29678078271915787
glass,P2_Full,,main,clean,0.0,28,0.15,32,0.4719626168224299,0.4246103196309877,0.2524685296360062,-0.05230530227573902,1.0,0.09331689898042252,0.36427012898705224,0.5454545454545454,0.011249399998632725,0.0024884000013116747,0.06902310000441503,,D,0.05740284217988863,0.9053348083930067,2.9592115476980987,11.078748540718506,0.9269140441688299,0.22795322556796155,0.33447955890784875,0.30413428324697755,2.0,0.7408695925349926,0.3006063678197353
glass,P2_Full,,main,clean,0.0,28,0.2,42,0.5233644859813084,0.4511059440413699,0.27256348173453254,-0.03951863665449455,1.0,0.09414218815268563,0.3920690596103668,0.6,0.010710700000345241,0.008583599999838043,0.0934729000000516,,D,0.055114359301645856,0.9091499601377131,2.344056071257171,10.030813392899546,0.9310652572891241,0.24122495911538383,0.42344306009585664,0.40926476838079046,2.0,0.7475989797149275,0.2934243565208991
glass,P2_Full,,main,clean,0.0,29,0.05,10,0.4439252336448598,0.31595633538136425,0.15744934249582523,-0.07554196423766109,1.0,0.09631856080669597,0.17197971791028976,0.75,0.01280409999890253,0.0034410000007483177,0.021959999998216517,,D,0.004807692307692308,0.9191752593530734,3.244711686510208,0.8204784787203812,0.9336152195049353,0.1786576738296149,0.3048517334539023,0.2883221850613155,2.0,0.7611285313896078,0.27470894478212005
glass,P2_Full,,main,clean,0.0,29,0.1,21,0.5,0.42095001336299204,0.2572879063694492,-0.045640330238795476,1.0,0.09595018166482826,0.34743698076768353,0.5454545454545454,0.012944300004164688,0.002509200006898027,0.04410510000161594,,D,0.004901960784313725,0.9125118227294461,3.2967284337700384,0.7707359898506971,0.9285705774284312,0.1835534263026648,0.2998991535672496,0.2836375929682218,2.0,0.7591629475741214,0.2754643143734641
glass,P2_Full,,main,clean,0.0,29,0.15,32,0.5186915887850467,0.44432791057373483,0.2713143703508603,-0.04016529553603914,1.0,0.09339444815598005,0.34490742737596686,0.5454545454545454,0.012386000002152286,0.00397069999598898,0.06765140000061365,,D,0.02942305341777715,0.9289775921993235,2.3005167907448523,5.67864930963099,0.9470025164150787,0.25379207455683644,0.4317405893510653,0.39826208981001726,2.0,0.7418043350626106,0.2951062467434102
glass,P2_Full,,main,clean,0.0,29,0.2,42,0.5514018691588785,0.50170098495223,0.299793212424527,-0.02448328554225158,1.0,0.0951470934645639,0.4948257714509964,0.5,0.011452899998403154,0.0036416999937500805,0.08795000000100117,,D,0.057561779215917055,0.9187946608575485,2.261091590351818,10.476243817296904,0.936404388120621,0.2168543035351571,0.4391828475169,0.439196162953069,2.0,0.7531649690931154,0.2907103710100203
glass,P2_Full,,main,clean,0.0,0,0.05,10,0.397196261682243,0.2950773111892437,0.14964420581164675,-0.09022088637708328,1.0,0.09524188781454057,0.017041265964508057,1.0,0.012127199996029958,0.0024885999955586158,0.02193499999702908,,E,0.03563032752453039,0.8989601955313488,3.3689866152093755,7.411108125102321,0.9165024762656641,0.17361752456437013,0.2934281827519054,0.28567447045707917,2.625121951219512,0.7537479527321123,0.28751811616952144
glass,P2_Full,,main,clean,0.0,0,0.1,21,0.43457943925233644,0.30553764041371534,0.14297686892724942,-0.0666921237799018,1.0,0.09121355244450086,0.2810944386503913,0.6363636363636364,0.01223809999646619,0.004011700002592988,0.042601199995260686,,E,0.04987318470236376,0.8774601824730138,3.2922770522997946,10.174129679282206,0.9046294508393,0.2217178784381893,0.30031129795884065,0.27281947261663286,2.66635687732342,0.7298385669447762,0.30961374095119243
glass,P2_Full,,main,clean,0.0,0,0.15,32,0.4485981308411215,0.3034561150869534,0.15622027711863062,-0.05262719578327193,1.0,0.09526741883339442,0.3182654082775116,0.5454545454545454,0.011581200000364333,0.001647099998081103,0.060232099996937905,,E,0.03899797270769739,0.9105199054154665,3.192179322733651,7.526608732585597,0.9291109182790694,0.2077670229331235,0.30968886751455466,0.2813579447322971,2.6385478611164395,0.7535232382994869,0.2868603323816938
glass,P2_Full,,main,clean,0.0,0,0.2,42,0.4392523364485981,0.32075300232126136,0.15623999193555846,-0.05043557661312825,1.0,0.09444548405734252,0.34839754104614257,0.5,0.011303100000077393,0.00187980000191601,0.07796659999439726,,E,0.06530956355834944,0.9164930372084852,3.1905319116235047,11.886340567619598,0.9346617722787556,0.21757149898543013,0.30963414286780916,0.27763948758423895,2.6504482834025804,0.7473240183429084,0.2924812954732454
glass,P2_Full,,main,clean,0.0,1,0.05,10,0.4485981308411215,0.3371051685236005,0.16428615689083714,-0.11076578714772305,1.0,0.09476655728805965,0.018393948674201965,1.0,0.01429160000407137,0.0023622000007890165,0.02274990000296384,,E,0.03566734530614188,0.8918838305388822,3.436202302643732,7.418807823677511,0.9114358792700646,0.18084296575281447,0.28759392483678625,0.27657004830917875,2.653930131004367,0.7497029360762771,0.2918705201888709
glass,P2_Full,,main,clean,0.0,1,0.1,21,0.4532710280373832,0.34385400957455187,0.18008824763799383,-0.06938266121007974,1.0,0.09460724293678634,0.2425881570035761,0.6363636363636364,0.013262300002679694,0.0033885999946505763,0.04479459999856772,,E,0.03973792756815192,0.8917693974060547,3.376554650059535,8.106537223902992,0.9122115020276159,0.18887545788001373,0.29269268134568305,0.27871148459383754,2.6469849246231156,0.7488490175012736,0.29247737874395774
glass,P2_Full,,main,clean,0.0,1,0.15,32,0.49065420560747663,0.3378695217304592,0.19777940807820896,-0.05565215909221763,1.0,0.09727100148419775,0.30015348575331946,0.6363636363636364,0.01247470000089379,0.002803800001856871,0.07322080000449205,,E,0.0343086209015047,0.916271362115371,3.0417442142653277,6.6215638339904075,0.9333272149954628,0.20370393345695376,0.32526269332928215,0.30094991364421414,2.580703012912482,0.7657878724596223,0.271632566578612
glass,P2_Full,,main,clean,0.0,1,0.2,42,0.4719626168224299,0.3794922904419554,0.2149869743504604,-0.04699081380881315,1.0,0.0948138762472755,0.3182052463293076,0.5,0.010532300002523698,0.008950600000389386,0.10029800000484101,,E,0.009862086191318299,0.9147972628148673,2.6201106833657968,1.7948996868199303,0.9379013718425185,0.27116627694072193,0.3782470406836001,0.3309452977961265,2.505411851036507,0.7528548600550685,0.2764454509145014
glass,P2_Full,,main,clean,0.0,2,0.05,10,0.4392523364485981,0.29421434049020234,0.15545347955607405,-0.057100574418069885,1.0,0.08214666011120117,0.02928471565246582,1.0,0.014486300002317876,0.008585800002038013,0.030624599996372126,,E,0.015744797905191246,0.8644722016034474,3.5072755297406437,3.274917964279779,0.8976407547426137,0.24473616137492035,0.2816680780994678,0.23323114083983648,2.821898028281219,0.6732561538173337,0.3622004591615149
glass,P2_Full,,main,clean,0.0,2,0.1,21,0.42990654205607476,0.26650802632175696,0.15368419548846532,-0.03974193167105029,1.0,0.09248506155385129,0.37661217424002563,0.5454545454545454,0.012834300003305543,0.0036511999933281913,0.054250599998340476,,E,0.052602444255784316,0.9020807796931282,3.182277938844243,10.73089862818,0.9236821896747837,0.22060439119059772,0.31086218155083795,0.2781319424321453,2.648853967702726,0.7366034074592515,0.3042036978451994
glass,P2_Full,,main,clean,0.0,2,0.15,32,0.4532710280373832,0.30750064789554804,0.1733554668821771,-0.0528734123782466,1.0,0.09101640920218709,0.3167887153950604,0.5454545454545454,0.010792599998239893,0.00513409999985015,0.07464759999857051,,E,0.02283049846659949,0.8817780277801032,3.1672188890661306,4.406286204053702,0.9092051061346884,0.23199645412419542,0.3121705307557615,0.28400259067357514,2.630273660205245,0.7257575323257135,0.3137457425548008
glass,P2_Full,,main,clean,0.0,2,0.2,42,0.5186915887850467,0.4603092969314583,0.27754214171087727,-0.05089739184247177,1.0,0.09523690493264862,0.32299638390541074,0.6,0.011590800000703894,0.0017455999986850657,0.09581269999762299,,E,0.06719248642009745,0.8975391605778348,2.906435683718959,12.229032528457736,0.9215870483957298,0.2347032090847072,0.34044008326419106,0.31273146742760005,2.549407881964667,0.7535380055764627,0.2838247193709143
glass,P2_Full,,main,clean,0.0,3,0.05,10,0.3925233644859813,0.25414342115650534,0.12749721638068048,-0.09599493996371222,1.0,0.09266514723685139,0.008753210306167603,1.0,0.013180800000554882,0.0019456000009085983,0.01985669999703532,,E,0.004807692307692308,0.8941296690069476,3.0979101973039778,0.9307194282706884,0.917836783009165,0.22392594582303893,0.3195267470924165,0.28808992939427724,2.617784585617543,0.7399543433197523,0.29309712548265854
glass,P2_Full,,main,clean,0.0,3,0.1,21,0.3878504672897196,0.2504617819238867,0.12385996353537819,-0.05125067949010253,1.0,0.09244672299760853,0.29348915273492987,0.7272727272727273,0.011436599997978192,0.0017401000004610978,0.03823609999381006,,E,0.056405320685864485,0.8915940219653243,3.0327007088580884,11.506685419916355,0.9168562319718463,0.23303336646657397,0.32643732140262527,0.2935381048971313,2.6016781836130307,0.7383991684348129,0.29476409022584327
glass,P2_Full,,main,clean,0.0,3,0.15,32,0.4485981308411215,0.2832469457663876,0.16223431724285292,-0.048144972220777474,1.0,0.09356258653825451,0.3649193454872478,0.45454545454545453,0.01086609999765642,0.0028609000000869855,0.06027209999592742,,E,0.06452598864015224,0.9022990885808936,2.914050659270864,12.453515807549383,0.925024184562046,0.23259860784377806,0.33974391728569,0.31055699481865284,2.5550052137643378,0.744264780985147,0.2877302562815391
glass,P2_Full,,main,clean,0.0,3,0.2,42,0.48130841121495327,0.3101553930656379,0.17761582675792567,-0.0561488555397839,1.0,0.0972670931918717,0.3212300956249237,0.6,0.012071200006175786,0.002389400004176423,0.07994929999404121,,E,0.0733278440145922,0.9247912408629454,2.7473275212156456,13.34566761065578,0.9428439333380364,0.24003444123035134,0.36047622612925756,0.3258454252929391,2.517234954350662,0.7687089779266134,0.2617044368725209
glass,P2_Full,,main,clean,0.0,4,0.05,10,0.48598130841121495,0.32310613101259855,0.18276750734895594,-0.08153948773601107,1.0,0.08251430337604139,0.022491052746772766,1.0,0.012229500003741123,0.005257800003164448,0.02419219999865163,,E,0.053412969139251816,0.8668043946120094,3.765656528741331,11.109897580964377,0.8973578217239875,0.22938765151431087,0.2620099132542624,0.21599777034559645,2.9074193548387095,0.6746419671530258,0.36496932704783036
glass,P2_Full,,main,clean,0.0,4,0.1,21,0.4766355140186916,0.30910421740625,0.18063817088668804,-0.04842370697249749,1.0,0.09267547981757818,0.26316922903060913,0.6363636363636364,0.011144800002512056,0.003707600000780076,0.04458570000133477,,E,0.035990323408004385,0.9042194400443858,3.387912942017863,7.342025975232895,0.9232895315298446,0.1991019001590311,0.29169488678490807,0.26639621365787697,2.688451776649746,0.7372560776558987,0.30549942609650044
glass,P2_Full,,main,clean,0.0,4,0.15,32,0.5,0.3195987555234798,0.19648234195982453,-0.04666689853933168,1.0,0.0940246289924075,0.32008781080896204,0.5454545454545454,0.011511099997733254,0.0032022000013967045,0.06439320000208681,,E,0.006808725692385532,0.9022524144746683,3.208085000859133,1.3140840586304077,0.9228600743958385,0.21082525783544473,0.30812760791016114,0.28427245250431776,2.6294380102525157,0.7458802172113147,0.2897300334785987
glass,P2_Full,,main,clean,0.0,4,0.2,42,0.5934579439252337,0.4305232728995191,0.2741091752903113,-0.05379206799212345,1.0,0.09410514296046467,0.3554364189505577,0.5,0.01099899999826448,0.0022878000017954037,0.0844379000045592,,E,0.04978783328432098,0.8985892424466437,2.7583826250227204,9.061385657746419,0.9236935992332646,0.24755122032701946,0.35900935928318534,0.323720478416611,2.5222711927981996,0.7463954719505355,0.2912305276045529
glass,P2_Full,,main,clean,0.0,5,0.05,10,0.45794392523364486,0.3404384025706981,0.19080508367437582,-0.09122315601175283,1.0,0.09464245390781909,0.013024657964706421,1.0,0.012875100001110695,0.003060100003494881,0.022826200001873076,,E,0.05931473176212348,0.9175656271300391,3.2899168195733077,12.337464206521684,0.9325269373281386,0.18149358910876648,0.30059653606491643,0.2816796729840208,2.637532981530343,0.7488743376402762,0.29589054526530056
glass,P2_Full,,main,clean,0.0,5,0.1,21,0.42990654205607476,0.3507001440841439,0.18774185544053887,-0.0611974777600851,1.0,0.09291102139560958,0.2768940722400492,0.6363636363636364,0.013518200001271907,0.004071100003784522,0.045298500001081266,,E,0.054540359772517734,0.9185162092967518,3.425067252728214,11.126233393593617,0.9346456787657111,0.19794696994032115,0.2884772131440231,0.2557229788467111,2.7276203966005665,0.7384041014715732,0.30809968978068947
glass,P2_Full,,main,clean,0.0,5,0.15,32,0.48598130841121495,0.38556223335244366,0.20378904696284036,-0.04816494694577653,1.0,0.09540878035263983,0.3628490594300357,0.45454545454545453,0.01181880000513047,0.002197800000431016,0.06495909999648575,,E,0.0613765764128511,0.9164772385530996,3.2331890419991813,11.845679247680263,0.9332050739782124,0.2002787639600207,0.30569471634166556,0.2808182210708117,2.640255621756679,0.7531543625701713,0.2923107978554028
glass,P2_Full,,main,clean,0.0,5,0.2,42,0.4766355140186916,0.37768373203855393,0.1852485791811207,-0.043838832321184795,1.0,0.09534152118885025,0.3516520023345947,0.6,0.011443399998825043,0.002941300001111813,0.08550799999648007,,E,0.05796331605345539,0.9250669680827975,3.2499679897813336,10.54932352172888,0.9400438338920998,0.19987000960872653,0.30387045064156576,0.2795215833889867,2.644385317115552,0.7535035934764632,0.29292779772083843
glass,P2_Full,,main,clean,0.0,7,0.05,10,0.40186915887850466,0.19277578372853216,0.10504852692957418,-0.09191795525567047,1.0,0.09479196493611619,0.013936132192611694,1.0,0.012850499995693099,0.002435000002151355,0.021149499996681698,,E,0.004807692307692308,0.9050392402706279,2.87038360861037,0.6257381666319574,0.9254731196629474,0.21518234953631296,0.34523759382563474,0.3246934225195095,2.5199570815450643,0.7518724549574082,0.27974808396286494
glass,P2_Full,,main,clean,0.0,7,0.1,21,0.46261682242990654,0.2982581409481426,0.15298231884873473,-0.05407721512552095,1.0,0.09476297736757375,0.29567241397770966,0.6363636363636364,0.013123600001563318,0.0026690000013331883,0.04202090000035241,,E,0.004901960784313725,0.9093238150431905,2.7664204069083236,0.6844933271581843,0.9305151085113144,0.23370296708245542,0.3583325293456369,0.3292765382014875,2.509240246406571,0.7521248032997313,0.2770544148628274
glass,P2_Full,,main,clean,0.0,7,0.15,32,0.45794392523364486,0.32927414552901335,0.1596597918592044,-0.05809013192240528,1.0,0.09643472452431773,0.25218326395208185,0.6363636363636364,0.012393400000291876,0.0026584000006550923,0.061651700001675636,,E,0.0632537065753113,0.9255136345959512,3.1680224395142624,12.207965369035083,0.9402798712699594,0.1982408000968941,0.31209002945460734,0.2868631260794473,2.6214957666980245,0.7613799236329069,0.27244939319627837
glass,P2_Full,,main,clean,0.0,7,0.2,42,0.43457943925233644,0.3078380619581452,0.1465428430122322,-0.04719242127818106,1.0,0.09371014773685515,0.3350405156612396,0.6,0.01041040000563953,0.0021190000043134205,0.07913810000172816,,E,0.0702722341598385,0.9232525702641541,3.1076996136483275,12.789546617090608,0.9391392851349759,0.20699995980975186,0.31803435776504496,0.2957318924169753,2.5953602956271813,0.7426385757356134,0.296708163246593
glass,P2_Full,,main,clean,0.0,8,0.05,10,0.4252336448598131,0.2642711682144167,0.10434086180556114,-0.09844554148724054,1.0,0.09413253224901667,0.012281328439712524,1.0,0.012545899997348897,0.0023564000002807006,0.021060799997940194,,E,0.04856718357266284,0.890496701257425,3.182743092113189,10.101974183113871,0.9128158749369676,0.20382192989465425,0.3108813117316813,0.29199182460052026,2.606188355074769,0.7483279428814564,0.2906076435442298
glass,P2_Full,,main,clean,0.0,8,0.1,21,0.43457943925233644,0.3207979826039975,0.1664942907174303,-0.06731278564405235,1.0,0.09478457266944937,0.26102608984166925,0.7272727272727273,0.01297799999883864,0.0030404999997699633,0.04284419999748934,,E,0.0345277694675259,0.9035549964748687,3.2255610161182484,7.043664971375284,0.9217305494086535,0.18845510155483272,0.30662468956517763,0.2927653820148749,2.6039260969976907,0.7510249682211747,0.2898283506189594
glass,P2_Full,,main,clean,0.0,8,0.15,32,0.4392523364485981,0.3293059929310419,0.16867596587516367,-0.06145609618748713,1.0,0.0973260508915793,0.27993375062942505,0.6363636363636364,0.011081799995736219,0.0030622999984188937,0.06113480000203708,,E,0.03860885038905721,0.9081346100626728,3.0815498660832286,7.451508125088042,0.9273989713103025,0.20970205711609458,0.32099386264507956,0.29803540587219346,2.588826512133285,0.7672319828193793,0.2666932577725142
glass,P2_Full,,main,clean,0.0,8,0.2,42,0.46261682242990654,0.36067493912776116,0.18179385880515647,-0.03602985101076726,1.0,0.09908581755704203,0.34721250385046004,0.5,0.009679500006313901,0.0017311999981757253,0.07784360000368906,,E,0.05834140304588944,0.9239705297984877,3.0621056148236296,10.618135354351878,0.9389756750102092,0.19735959190496868,0.32285207489691975,0.30253172242122517,2.5763596227172387,0.7783475019685161,0.2590772966648745
glass,P2_Full,,main,clean,0.0,6,0.05,10,0.43457943925233644,0.3029515205878709,0.1543731497219927,-0.04879097376500045,1.0,0.0930516055284791,0.014347463846206665,1.0,0.013295400000060908,0.002372399998421315,0.02236049999919487,,E,0.054115107862339945,0.91272070536688,3.4181525738288303,11.255942435366709,0.929126530216661,0.18796926486107995,0.2891380891172487,0.26662950575994054,2.687630662020906,0.738573157861669,0.30752693925992985
glass,P2_Full,,main,clean,0.0,6,0.1,21,0.46261682242990654,0.3024560996235691,0.16465059387522862,-0.05247503668981046,1.0,0.09066721369688792,0.31518566608428955,0.5454545454545454,0.013122899996233173,0.0027216000016778708,0.04386089999752585,,E,0.0493455707981197,0.8962299002680677,3.4385729118367876,10.066496442816419,0.9173813841766963,0.20383023590869598,0.28732481494181833,0.2624843040664542,2.7024379024839007,0.725099583081934,0.32029432456612067
glass,P2_Full,,main,clean,0.0,6,0.15,32,0.43457943925233644,0.24797703987922995,0.11486397970953002,-0.04557158301309567,1.0,0.09159610287413708,0.3206452171910893,0.5454545454545454,0.011595799995120615,0.0029681999949389137,0.06775170000037178,,E,0.0051813471502590676,0.914182116480554,3.233993128563601,0.8727125198962156,0.9334346884603753,0.2243421905815077,0.3056174147039864,0.26878238341968913,2.6801204819277107,0.7293276989803043,0.3129458388954363
glass,P2_Full,,main,clean,0.0,6,0.2,42,0.40654205607476634,0.29340995431741795,0.12233439664092118,-0.04715957813339652,1.0,0.08904798363404509,0.3639506533741951,0.6,0.009818500002438668,0.006574600003659725,0.08986100000038277,,E,0.1263136621093103,0.9175298122513498,2.6137704449727788,22.989086503894477,0.9400610707328193,0.273204888900454,0.3791779584523986,0.3392022342298585,2.487023447288348,0.7143940202715702,0.3283937597960581
glass,P2_Full,,main,clean,0.0,9,0.05,10,0.411214953271028,0.29098438639691016,0.1431559735081087,-0.040119348028457825,1.0,0.09328189793575031,0.011178001761436462,1.0,0.014069600001676008,0.0028550999995786697,0.022302299999864772,,E,0.05327701579004389,0.8944425612513295,3.143087616072774,11.081619284329129,0.9158534683523221,0.2028365537740208,0.3148645665072682,0.29570791527313267,2.5954288407163055,0.7429746180654497,0.2972336182749425
glass,P2_Full,,main,clean,0.0,9,0.1,21,0.45794392523364486,0.34293506757144365,0.18453414431015233,-0.0459844049298328,1.0,0.09303349529882662,0.30600112541155383,0.6363636363636364,0.011508900002809241,0.0024330999949597754,0.04071299999486655,,E,0.05470875932842203,0.8926293526329416,3.1037281542459603,11.160586902998094,0.9154279735938866,0.2123356943448931,0.31885421594288105,0.29682217714672077,2.592255125284738,0.7408056627128101,0.2991402836974865
glass,P2_Full,,main,clean,0.0,9,0.15,32,0.4672897196261682,0.34948087538225786,0.20062345362417242,-0.05790872552072282,1.0,0.09672864543823001,0.3237201056697152,0.5454545454545454,0.011032100002921652,0.0020329000035417266,0.05940980000013951,,E,0.038342394809048164,0.9059628385780633,3.1315858387845905,7.400082198146295,0.9243616930363329,0.1956551450518114,0.3157818566476853,0.30143566493955093,2.579364368845121,0.7622826165091856,0.2753506124946944
glass,P2_Full,,main,clean,0.0,9,0.2,42,0.5280373831775701,0.3801944225583559,0.21320498442716465,-0.037745827023061174,1.0,0.09568388193980203,0.3501427561044693,0.5,0.01047149999794783,0.003080200003751088,0.07820139999967068,,E,0.0593783580759406,0.9169924713581352,3.035058470887074,10.80686116982119,0.9344304571593055,0.21007715910211483,0.32577842981218863,0.30380669054702203,2.5728916866506797,0.7552229059858344,0.2868662501029695
glass,P2_Full,,main,clean,0.0,12,0.05,10,0.4392523364485981,0.31843718278238026,0.1827963043955303,-0.09475182846909583,1.0,0.09384799561042592,0.013392508029937744,1.0,0.012842900003306568,0.0032877999983611517,0.021992299996782094,,E,0.04131850698070727,0.902930180290357,3.45478549708384,8.594249451987112,0.9215923852014539,0.19225548133209358,0.2860209797969837,0.2612876254180602,2.7068,0.7448346588282893,0.29687238203237587
glass,P2_Full,,main,clean,0.0,12,0.1,21,0.40654205607476634,0.27436000252917186,0.15413496546287891,-0.04125513368402607,1.0,0.0916384550901591,0.3309462842616168,0.5454545454545454,0.012865099997725338,0.0031718000027467497,0.04353899999841815,,E,0.04771961177725778,0.8996249146737438,3.4194417525787912,9.734800802560587,0.9193644592263898,0.1966578109347067,0.28895990609464817,0.26620303293731284,2.689132801161103,0.729832954187973,0.31657833228085375
glass,P2_Full,,main,clean,0.0,12,0.15,32,0.5420560747663551,0.4596732014872975,0.2858225426297622,-0.035088417291077506,1.0,0.09237907422051689,0.30256781252947723,0.6363636363636364,0.012734700001601595,0.0028003000043099746,0.06614190000254894,,E,0.059138334364990726,0.9009392151050858,3.142070100498588,11.41369853244321,0.9241075334450429,0.2338798179777654,0.3147107967885011,0.2770401554404145,2.65239625949737,0.7354382102951933,0.3076088550139914
glass,P2_Full,,main,clean,0.0,12,0.2,42,0.5514018691588785,0.5065399890167434,0.3112374891216142,-0.0379702710459505,1.0,0.09081390937383113,0.33500268757343293,0.6,0.01181899999937741,0.0043117000022903085,0.0885236000031,,E,0.06217098284315991,0.9278739064911898,2.3343349594755805,11.315118877455104,0.9455568508007032,0.24516708793265432,0.4252294554472615,0.3982757573917795,2.377705792682927,0.7250234861821863,0.31966268946719983
glass,P2_Full,,main,clean,0.0,10,0.05,10,0.48598130841121495,0.3335003382801967,0.17263572902667934,-0.10372208365114219,1.0,0.09421755604392651,0.007474139332771301,1.0,0.012891200000012759,0.005515099997865036,0.026044500002171844,,E,0.004807692307692308,0.9238911812694229,2.5345961438461933,0.8095442251258835,0.9414986627597104,0.2313461407490422,0.3916152458720647,0.3643162393162393,2.436217008797654,0.749635020553946,0.2807186319421412
glass,P2_Full,,main,clean,0.0,10,0.1,21,0.3925233644859813,0.26925400140322053,0.12368357161339057,-0.05130475089377657,1.0,0.09621007576569038,0.25495953180573205,0.7272727272727273,0.013555400000768714,0.004893500001344364,0.05364469999767607,,E,0.033154844940907834,0.9301076136902859,2.482656228591271,6.763588367945198,0.9465220176645562,0.23485253317197033,0.39985248996768563,0.37003767024051,2.4256068911511357,0.7611839478274657,0.2649257093919012
glass,P2_Full,,main,clean,0.0,10,0.15,32,0.5186915887850467,0.42557260599507396,0.2623683644496772,-0.07297261967359944,1.0,0.0952039450483065,0.3091961565342816,0.5454545454545454,0.0137066999959643,0.0046975000004749745,0.07871609999710927,,E,0.05236102862661207,0.9015255114411257,2.9224914184513398,10.10567852493613,0.9225197968481389,0.213195170792499,0.3387476238978446,0.32151338514680483,2.5275726036595603,0.7548825213823124,0.28007821199751015
glass,P2_Full,,main,clean,0.0,10,0.2,42,0.5093457943925234,0.34562857499512484,0.19631321155754114,-0.044696253496203805,1.0,0.098177700596364,0.3389125198125839,0.5,0.012054600003466476,0.004083799998625182,0.10098809999908553,,E,0.06593902657420968,0.9248517919020995,2.12936577142742,12.00090283650616,0.9433498677346522,0.2461545830667584,0.46669314564798503,0.4492744824236537,2.306452702702703,0.7720518014507828,0.26398923601794333
glass,P2_Full,,main,clean,0.0,11,0.05,10,0.3644859813084112,0.21197401212933895,0.10557354234054976,-0.09432742100492285,1.0,0.08448059679680378,0.026419565081596375,1.0,0.011700199996994343,0.0026443000024301,0.01956619999691611,,E,0.05002729113970138,0.8736833464365668,3.647770915151893,10.405676557057886,0.9014416022746913,0.21975135546307917,0.27063345235252506,0.23123374210330733,2.831157091201286,0.686812217714182,0.3583390885464792
glass,P2_Full,,main,clean,0.0,11,0.1,21,0.4532710280373832,0.3427010000884181,0.171269865492865,-0.04551849710737523,1.0,0.08227742177030019,0.35211258178407495,0.5454545454545454,0.011575699994864408,0.0023959000027389266,0.04539049999584677,,E,0.05598439240052242,0.8671522520090958,3.6257028901122057,11.420816049706573,0.8981773188048193,0.23353852259390762,0.2722411441092534,0.22867767796773883,2.8432418162618793,0.6730335521221182,0.36913719689808405
glass,P2_Full,,main,clean,0.0,11,0.15,32,0.48130841121495327,0.3776930914190753,0.22052104608058418,-0.05543113361400504,1.0,0.09317074937804827,0.3281714645299045,0.6363636363636364,0.01232729999901494,0.01771569999982603,0.08293739999498939,,E,0.035048130709100254,0.9271802970921765,3.2739121945355465,6.764289226856349,0.943051475909963,0.21795171065002159,0.30182749218792415,0.26430267702936094,2.695885235858689,0.7397119712632523,0.3009257590206598
glass,P2_Full,,main,clean,0.0,11,0.2,42,0.5,0.40488231146747194,0.2307992452809958,-0.04740399274874253,1.0,0.09443728715695794,0.3434622913599014,0.5,0.011449400000856258,0.004676900003687479,0.1040313999983482,,E,0.06293160123651548,0.9315405469835198,3.261492128793962,11.453551425045816,0.945401382016335,0.20246780279530477,0.30277723488309183,0.2701718171331431,2.6753370786516855,0.7478981306094554,0.2974395701815569
glass,P2_Full,,main,clean,0.0,13,0.05,10,0.48130841121495327,0.33625074580858855,0.17881966946248243,-0.07520738924676879,1.0,0.09436230925262004,0.014566779136657715,1.0,0.014557199996488634,0.0034450999955879524,0.02396740000403952,,E,0.008549313499586798,0.8978531710941683,3.270660439241332,1.778257207914054,0.9194176865551693,0.2111129213896708,0.30239477447154434,0.2721571906354515,2.6685867895545314,0.7494197418455171,0.2860373551832227
glass,P2_Full,,main,clean,0.0,13,0.1,21,0.4719626168224299,0.31907516374447803,0.17650784193916336,-0.03785269832517559,1.0,0.09351117341070367,0.2870172140273181,0.6363636363636364,0.014474300005531404,0.0025056999947992153,0.0500707000028342,,E,0.04577505254678935,0.9064734952344949,3.5758319184499245,9.338110719545027,0.923671203012819,0.18388057825365253,0.2761067061685337,0.2548536656041727,2.730955088118249,0.7420258185084764,0.3020666266581019
glass,P2_Full,,main,clean,0.0,13,0.15,32,0.4766355140186916,0.33337021043309234,0.18157900892442141,-0.04043403151399506,1.0,0.09619563170669503,0.31977452066811646,0.6363636363636364,0.013249999996332917,0.004312400000344496,0.07232490000023972,,E,0.03320367115324846,0.920940495887474,3.3557190702683606,6.408308532576952,0.9367138513720134,0.19951245155913241,0.2943424670419036,0.26343911917098445,2.6989858635525508,0.7592140577568096,0.2790111674771745
glass,P2_Full,,main,clean,0.0,13,0.2,42,0.4672897196261682,0.35316305846768525,0.1804666787315567,-0.0441972806861939,1.0,0.09595721773048614,0.35400055050849916,0.5,0.011051800000132062,0.0018339000016567297,0.08968400000594556,,E,0.05857836586088683,0.9266726164374978,3.3455758427181412,10.661262586681403,0.9411759333151174,0.1977885501022603,0.2950287376063836,0.2671968915062838,2.6856396273574186,0.7565113363576453,0.28402931022402805
glass,P2_Full,,main,clean,0.0,14,0.05,10,0.4485981308411215,0.2769998809119823,0.15665229350160959,-0.09026781836570594,1.0,0.09495062168081916,0.008000046014785767,1.0,0.014022300005308352,0.00250170000072103,0.023410899993905332,,E,0.004833487152555053,0.8980252312519831,2.905665882063157,1.005365327731451,0.9205687001361684,0.22106908562735786,0.340986859756981,0.3171683389074693,2.538224956063269,0.753324980722074,0.2737605262045786
glass,P2_Full,,main,clean,0.0,14,0.1,21,0.48130841121495327,0.2992506107637598,0.17085310125345737,-0.05944352916961792,1.0,0.09424542541784287,0.3574436063116247,0.45454545454545453,0.01214089999848511,0.0036781000017072074,0.04401579999830574,,E,0.0767331082639945,0.9018741528377584,3.3220179016123383,15.653554085854879,0.9210920632772243,0.19584962571269252,0.2975786156027636,0.2777455809910171,2.6501043296817945,0.7470461086148169,0.29341415322644493
glass,P2_Full,,main,clean,0.0,14,0.15,32,0.4672897196261682,0.31407747555313714,0.1808172817570294,-0.046711579373962635,1.0,0.09441302391328002,0.41966825046322564,0.36363636363636365,0.010953400000289548,0.002293400000780821,0.06319779999466846,,E,0.0752395404551419,0.9022594165749934,2.904388588575107,14.521231307842388,0.9259894423512741,0.2427858003782846,0.3408914748285244,0.3032167530224525,2.574492702029192,0.7492960786058184,0.28669690398947173
glass,P2_Full,,main,clean,0.0,14,0.2,42,0.514018691588785,0.3577496202043885,0.20308647753841208,-0.04808118345668091,1.0,0.0973532430003363,0.2770285904407501,0.6,0.010283599993272219,0.003327400001580827,0.08459779999975581,,E,0.06779778213646867,0.9341640635363927,2.757865158059884,12.339196348837298,0.9494165180530704,0.23167369275758315,0.35907775799213715,0.32335620180924046,2.523141194141945,0.7676988363583815,0.26628291905695334
glass,P2_Full,,main,clean,0.0,15,0.05,10,0.4532710280373832,0.3182963170750079,0.15922597353402326,-0.07387141931961398,1.0,0.09348566962631097,0.013851985335350037,1.0,0.013331299996934831,0.0025491999986115843,0.02143639999849256,,E,0.0506597906019421,0.8840878662145661,3.1438371865694275,10.537236445203956,0.9082509974133364,0.20846075738281916,0.3147883429979753,0.2953363062058714,2.5964926077382824,0.7443815444901909,0.2944340849198092
glass,P2_Full,,main,clean,0.0,15,0.1,21,0.4439252336448598,0.3344463374102717,0.17818050415824144,-0.08395562979594141,1.0,0.09504815341220205,0.24798500402407211,0.7272727272727273,0.011777799998526461,0.0025614999976824038,0.040346199995838106,,E,0.03866108700211123,0.9002723262528943,3.2588110877600807,7.886861748430691,0.9192376815665116,0.19017143989250612,0.30344589641866215,0.28759779773978555,2.6192695214105792,0.7532542649766345,0.2869082057413973
glass,P2_Full,,main,clean,0.0,15,0.15,32,0.42990654205607476,0.34317116016099497,0.17409770846538852,-0.03943382727011453,1.0,0.09528494396010534,0.3367796540260315,0.5454545454545454,0.011668200000713114,0.002366000000620261,0.060544299994944595,,E,0.06972189839940005,0.9028000425213049,3.11261803489981,13.456326391084207,0.9241663929033931,0.21981851573105338,0.3177379202906483,0.28934585492227977,2.614017907106883,0.7534940700726208,0.2865872142103714
glass,P2_Full,,main,clean,0.0,15,0.2,42,0.4485981308411215,0.3604288997344352,0.18035905891161905,-0.044398376105641124,1.0,0.0964626336710877,0.3372893214225769,0.6,0.010921600005531218,0.0034739999973680824,0.08172080000076676,,E,0.06459037746381913,0.9106755216476565,3.079074445240651,11.75544869841508,0.9295666166734705,0.21148844498478353,0.3210423841433833,0.2975532754538279,2.590185676392573,0.7614204109721465,0.28143623971421095
glass,P2_Full,,main,clean,0.0,16,0.05,10,0.4672897196261682,0.2796584983326508,0.1514533712369636,-0.08363121038483534,1.0,0.09481060712172794,0.0328345000743866,1.0,0.01226949999545468,0.00397769999835873,0.02196159999584779,,E,0.008518553048312007,0.9014192414927171,3.303642971405003,1.7718590340488976,0.9199189835944628,0.18766078068245887,0.299327529806484,0.2845596432552954,2.6285504407443683,0.751424191271776,0.2877395162737204
glass,P2_Full,,main,clean,0.0,16,0.1,21,0.4392523364485981,0.31087578884818834,0.16395305086427833,-0.05234178879258906,1.0,0.09209509605362753,0.2914168577302586,0.6363636363636364,0.011880199999723118,0.0028186999988975003,0.041575499999453314,,E,0.079880314708196,0.9004856955094914,3.3494318869688193,16.295584200471982,0.9210012939175264,0.20615728073537054,0.29510271510583463,0.2693905148266203,2.678020795984224,0.7323675226699926,0.31477369412942013
glass,P2_Full,,main,clean,0.0,16,0.15,32,0.4158878504672897,0.3003355843237195,0.1429104349966221,-0.05966825578793318,1.0,0.09469150331758738,0.3042907633564689,0.7272727272727273,0.011233299999730662,0.002439399999275338,0.06045019999874057,,E,0.06365289205496812,0.9230606976525664,3.3395623046371727,12.285008166608847,0.9390264861797513,0.20751148034964478,0.29579169051336784,0.26138816925734026,2.706431963658889,0.7489554194594803,0.29369065587470355
glass,P2_Full,,main,clean,0.0,16,0.2,42,0.4439252336448598,0.3225568859086943,0.16506239977482332,-0.03955501073352817,1.0,0.09473038947451856,0.36794710755348203,0.6,0.011082199998782016,0.0027857999957632273,0.07945289999770466,,E,0.06299556413898746,0.9276732169875699,3.2531211190871514,11.465192673295718,0.9429693330194386,0.21148619356179507,0.3035705652726302,0.26998967882945785,2.6759613222397123,0.7493656458008253,0.29217204879185343
glass,P2_Full,,main,clean,0.0,17,0.05,10,0.397196261682243,0.23713148209209456,0.12430104986923722,-0.13394113351973788,1.0,0.09449465907562604,0.013289481401443481,1.0,0.013881700004276354,0.0024330000014742836,0.02168569999776082,,E,0.004807692307692308,0.8960237238324494,3.0915203251210537,0.8270459473600216,0.9183105525057558,0.21434532467187642,0.3201971628758251,0.29426793013749536,2.59956590370955,0.7511394621665927,0.2792944848911721
glass,P2_Full,,main,clean,0.0,17,0.1,21,0.4532710280373832,0.2636062955949855,0.14412654207884668,-0.05500229555515934,1.0,0.09249502647913461,0.30861668153242633,0.5454545454545454,0.012748900000588037,0.0023794000007910654,0.04146499999478692,,E,0.004901960784313725,0.8893974968000605,2.9030695402868676,0.9181698709016586,0.9151339306655965,0.2326930505271793,0.34123373879037994,0.31507775524002707,2.5434549356223175,0.7379239090380203,0.2951321805193755
glass,P2_Full,,main,clean,0.0,17,0.15,32,0.48130841121495327,0.30667120873300235,0.16086646008545963,-0.05492267826327759,1.0,0.09558553900617967,0.2755594659935344,0.6363636363636364,0.01371859999926528,0.002430900000035763,0.06393679999746382,,E,0.0758654294153557,0.8963141044625841,2.705813198712218,14.642027877163653,0.921435597494203,0.2422845740147329,0.3662911973111856,0.34250863557858374,2.4799086038449416,0.756495319195065,0.2717088183260664
glass,P2_Full,,main,clean,0.0,17,0.2,42,0.5186915887850467,0.3636667332420668,0.20060949220529992,-0.02826119886812059,1.0,0.09459407785619822,0.3546909838914871,0.6,0.011180000001331791,0.0034471000035409816,0.0858687999934773,,E,0.06683582513971355,0.9033491740765771,2.7456379082077293,12.164120175427865,0.9269127644393411,0.2438012312634932,0.360701456192319,0.33288810636876937,2.501003100492431,0.7491839278170768,0.2898903377952655
glass,P2_Full,,main,clean,0.0,19,0.05,10,0.4766355140186916,0.3189612176060633,0.18106506330044497,-0.13126087382147386,1.0,0.09509087420523041,0.012684822082519531,1.0,0.013194999999541324,0.003968199998780619,0.022976300002483185,,E,0.004807692307692308,0.901797706350053,3.204744847968714,0.837592888400225,0.9221792575558394,0.20754659029084088,0.30871383078517195,0.2807506503158677,2.6404698874917276,0.7542100315243383,0.2757951457651382
glass,P2_Full,,main,clean,0.0,19,0.1,21,0.4766355140186916,0.34708468491772404,0.20031612267787077,-0.06697291418215007,1.0,0.09488182859538787,0.2937979454343969,0.6363636363636364,0.013584499996795785,0.0029242000018712133,0.04449190000013914,,E,0.004901960784313725,0.9168421692832628,3.3501280257629587,0.8438572295442731,0.933203795814787,0.19675388824483953,0.2950403707112985,0.26712064135999225,2.6859067076478036,0.7522178421777759,0.28219233707010044
glass,P2_Full,,main,clean,0.0,19,0.15,32,0.4953271028037383,0.3793711749959238,0.22383751284673034,-0.03265833518060151,1.0,0.09445610525349114,0.3921919126402248,0.45454545454545453,0.01313539999682689,0.0025772999943001196,0.06532549999974435,,E,0.05821400519163998,0.923048841589599,3.36890246139047,11.235303001986516,0.9388028093105475,0.2047268429271518,0.2931702468878485,0.2605246113989637,2.7096022374145434,0.7474783238868755,0.29343638697510843
glass,P2_Full,,main,clean,0.0,19,0.2,42,0.49065420560747663,0.4131522906842457,0.2325518915763291,-0.03888899804509168,1.0,0.09191128875805628,0.38016327619552615,0.5,0.010503100005735178,0.0025194999980158173,0.0824581000051694,,E,0.06128371287036628,0.9253092417241832,3.2749166290450273,11.153635742406664,0.9416517633200047,0.21880245927444078,0.3015134465048862,0.2628255722178374,2.701201201201201,0.7318177653104372,0.3135108717226627
glass,P2_Full,,main,clean,0.0,18,0.05,10,0.4392523364485981,0.34217364455059807,0.18490983773473532,-0.09412440038900743,1.0,0.09637135172303163,0.012231767177581787,1.0,0.013884499996493105,0.00232279999909224,0.02277880000474397,,E,0.004807692307692308,0.8971434952897603,3.1442044265827485,0.8427570348296787,0.9175470329742073,0.19836895820955996,0.3147510117797415,0.29714790040877,2.5913318743160856,0.7618508759615931,0.2675817879618206
glass,P2_Full,,main,clean,0.0,18,0.1,21,0.397196261682243,0.2870968205221311,0.13985109523087702,-0.07595490479413901,1.0,0.09285106379476078,0.26520432802763855,0.6363636363636364,0.0134810000017751,0.003729900003236253,0.045472800004063174,,E,0.03173903167400077,0.92921862115823,3.2843105991847708,6.474762461496157,0.9437725548688622,0.2056181152272727,0.3010516845371103,0.26958369554718437,2.6773557864564674,0.7377096988389066,0.3035835890595156
glass,P2_Full,,main,clean,0.0,18,0.15,32,0.4392523364485981,0.33322544646712987,0.1782852003413412,-0.052664408709463165,1.0,0.0956866486162319,0.31253088875250384,0.5454545454545454,0.012573399995744694,0.002784399999654852,0.06623640000179876,,E,0.04536827649494839,0.9112977068360509,2.9821185052605244,8.756077363525039,0.9300152859825017,0.21101573002013543,0.3318702675204299,0.3073726252158895,2.5633450395083406,0.7569953413904581,0.2844921122788411
glass,P2_Full,,main,clean,0.0,18,0.2,42,0.4719626168224299,0.4165299207583512,0.23649703576273126,-0.04009015928275295,1.0,0.09959550158678072,0.3122531533241272,0.6,0.010645399997883942,0.0028433999978005886,0.08577400000649504,,E,0.04614543647077774,0.9404384386484714,2.6503990388526497,8.398469437681548,0.9528091828346842,0.2076967746564168,0.373861353985005,0.34745917066359056,2.469508998776865,0.7817710572579564,0.2556413440747821
glass,P2_Full,,main,clean,0.0,20,0.05,10,0.4158878504672897,0.2838964198466632,0.15577269698048912,-0.04783395764721277,1.0,0.08662481043727899,0.01704634726047516,1.0,0.012151900002209004,0.0036483999938354827,0.022386399999959394,,E,0.06089310685293698,0.8927270874551977,3.8707745324638982,12.665766225410891,0.914259988947129,0.20073009095318625,0.2547633595620585,0.21938870308435526,2.8895299597713318,0.6992877372081359,0.3456145087306458
glass,P2_Full,,main,clean,0.0,20,0.1,21,0.4485981308411215,0.3471662471205244,0.19288368501698036,-0.05150498496502725,1.0,0.08664150556096316,0.33465067364952783,0.5454545454545454,0.012820099997043144,0.003765699999348726,0.04513830000360031,,E,0.06240359239917676,0.8947438400872285,3.775924072668099,12.73033284943206,0.9165876869139253,0.20753034164270623,0.26121433540426814,0.22302714189123926,2.870939800779558,0.6994077340312006,0.3455482917546564
glass,P2_Full,,main,clean,0.0,20,0.15,32,0.46261682242990654,0.3719379753921056,0.2131088079001103,-0.03253419806714472,1.0,0.09394634379094113,0.3242822601036592,0.6363636363636364,0.0118023999966681,0.0035256999981356785,0.06547420000424609,,E,0.042517184445383736,0.9026079722058581,3.2127517558094603,8.20581659795906,0.922044041646437,0.19956530201487466,0.30767246472884646,0.2920444732297064,2.606034004805027,0.743779270967,0.29918624840073826
glass,P2_Full,,main,clean,0.0,20,0.2,42,0.5420560747663551,0.40144365172120583,0.23092687057333755,-0.04732667634172567,1.0,0.09580092061913384,0.3619769334793091,0.5,0.009965900004317518,0.002401300000201445,0.08195790000172565,,E,0.06368221402842561,0.9064841244684311,3.044395593398732,11.590162953173461,0.9258351824657233,0.2069280524541491,0.3247623268360384,0.30702446724546173,2.56426735218509,0.7568915015477805,0.28511033733103297
glass,P2_Full,,main,clean,0.0,21,0.05,10,0.411214953271028,0.29135746820276937,0.15215073205367133,-0.09163437747428721,1.0,0.08179463132107571,0.026555851101875305,1.0,0.013918700002250262,0.00574679999408545,0.03189140000176849,,E,0.061689996503687554,0.8832357447550446,4.127907902520642,12.83151927276701,0.9081960345047171,0.21376653066736254,0.23859285552442705,0.19328316610925306,3.0434390771449173,0.6683659280893435,0.376101983795522
glass,P2_Full,,main,clean,0.0,21,0.1,21,0.3925233644859813,0.23595471892009082,0.13232841056702502,-0.05162689836463787,1.0,0.08117722533184703,0.3628306510773572,0.5454545454545454,0.011691100000462029,0.008536699999240227,0.05737519999820506,,E,0.06344175688733147,0.8871877468081706,3.8048684346293964,12.94211840501562,0.9117874586870691,0.21805886490954515,0.2591897541422304,0.21747319617502173,2.8995669553630914,0.6649192357050929,0.387045702969194
glass,P2_Full,,main,clean,0.0,21,0.15,32,0.4485981308411215,0.35709419614247395,0.177904863630744,-0.0461098465744699,1.0,0.08323989289995923,0.3624528822573749,0.5454545454545454,0.011102099997515325,0.00293989999772748,0.07601740000245627,,E,0.04956007054227287,0.8860139133828364,3.3880953977812496,9.565093614658664,0.9153772011392843,0.2576041394864984,0.2914799871878688,0.23067789291882557,2.8337622835751053,0.6787278738943422,0.35806466181862556
glass,P2_Full,,main,clean,0.0,21,0.2,42,0.4532710280373832,0.3747524101658616,0.18605736886710156,-0.047187170380607546,1.0,0.09313427903270952,0.30705333948135377,0.6,0.012303700001211837,0.002168400002119597,0.09486839999590302,,E,0.06111452012187238,0.9185113942757607,3.264267569398854,11.122842662180773,0.9360097010949643,0.21473317237036327,0.30251510129883946,0.27047538097261853,2.6742985409652076,0.7405946282324596,0.30301335952781616
glass,P2_Full,,main,clean,0.0,22,0.05,10,0.4532710280373832,0.33413705702306257,0.16941094344914562,-0.08060681797472977,1.0,0.09560605738934483,0.013456031680107117,1.0,0.012123699998483062,0.004672300005040597,0.023800199996912852,,E,0.004807692307692308,0.9019656613461748,3.122800356634304,0.5640440395851041,0.9219799319898734,0.20415571644107386,0.316941466882657,0.29264214046822745,2.604285714285714,0.7582124027748782,0.2705774042043525
glass,P2_Full,,main,clean,0.0,22,0.1,21,0.4252336448598131,0.3438006661428098,0.16017473119780426,-0.05698399469216622,1.0,0.09583690550936243,0.2932837280360135,0.7272727272727273,0.013739499998337124,0.004130100001930259,0.047163900002487935,,E,0.004901960784313725,0.9228223392145942,3.1923669556678833,0.5684950204210124,0.937613948629308,0.19165661752617982,0.30986417805875577,0.2852313339128755,2.626481544192347,0.757581355890054,0.2786725986458264
glass,P2_Full,,main,clean,0.0,22,0.15,32,0.45794392523364486,0.3514265663874834,0.1813975739934684,-0.06774954727183258,1.0,0.09703561588655978,0.30864193493669684,0.5454545454545454,0.012602199996763375,0.0030543000029865652,0.06816619999881368,,E,0.054768652826216326,0.9147270439654335,3.1289857536432995,10.57034999545975,0.9307549862190257,0.18796043902940646,0.3160485890297353,0.3017594991364421,2.5784743337506706,0.7647382892490483,0.2736023739925127
glass,P2_Full,,main,clean,0.0,22,0.2,42,0.4485981308411215,0.331993376071874,0.16042842703344667,-0.04269236657099982,1.0,0.09834047992808036,0.3174369603395462,0.6,0.011172500002430752,0.00260129999514902,0.08647930000006454,,E,0.06256934395482021,0.9098408377425423,3.056631310758047,11.387620599777279,0.9280894836477812,0.20240478558494368,0.3234401848183571,0.3043531054580778,2.571414322760822,0.7732140557267598,0.26303001842594015
glass,P2_Full,,main,clean,0.0,23,0.05,10,0.4439252336448598,0.3716973946844682,0.19139996412298124,-0.07952207661768651,1.0,0.09573446054355492,0.01132434606552124,1.0,0.01273360000050161,0.0025422999970032834,0.021450000000186265,,E,0.004807692307692308,0.9087406421858857,3.1969425041221844,0.5698289113403746,0.9277248266281471,0.2080245236979454,0.3094790569151888,0.27759197324414714,2.6506024096385543,0.7583855774572824,0.27219962449916113
glass,P2_Full,,main,clean,0.0,23,0.1,21,0.5186915887850467,0.41595106502206575,0.2567641358013213,-0.04489212296318793,1.0,0.09272998044291436,0.2895486910234798,0.6363636363636364,0.01368219999858411,0.002541699999710545,0.04389380000066012,,E,0.04053101202680802,0.9190086623319444,3.3606648446698157,8.268326453468836,0.9346952179046991,0.19368189271112266,0.294099874525472,0.26798995460253067,2.6828707875292848,0.7370059165865587,0.30628368011425927
glass,P2_Full,,main,clean,0.0,23,0.15,32,0.48598130841121495,0.33394130019660806,0.18100604028514422,-0.06492086200838626,1.0,0.09722839361943342,0.29190184582363476,0.6363636363636364,0.012099200001102872,0.003560299999662675,0.06673470000532689,,E,0.007113342565990992,0.9345988994331317,2.2841395154506037,1.3728751152362615,0.9504021319133023,0.24163557406824931,0.43487351216419573,0.40392918825561314,2.3689203634420095,0.7659769880248425,0.2630335880115724
glass,P2_Full,,main,clean,0.0,23,0.2,42,0.5046728971962616,0.35370289674177535,0.19294462241101185,-0.05982071397806965,1.0,0.09862763111271762,0.3454857885837555,0.6,0.011161900001752656,0.003961200003686827,0.08786959999997634,,E,0.03693730448315993,0.9295846755792392,2.596739253870393,6.722589415935108,0.9463698614798757,0.23837404767658316,0.3817011025227614,0.3455163620909477,2.4735547355473555,0.7750645474771979,0.25884600280690107
glass,P2_Full,,main,clean,0.0,24,0.05,10,0.4158878504672897,0.2564048626460283,0.13812408554030672,-0.07032998890674061,1.0,0.0825680486441532,0.023865073919296265,1.0,0.01156069999706233,0.005309899999701884,0.024450499993690755,,E,0.04214203410049243,0.8683159974856224,3.7460126280742263,8.765543092902425,0.8992377923401934,0.23481815759051597,0.2634092130701079,0.2129319955406912,2.9240837696335076,0.6747155336209775,0.3696933024802471
glass,P2_Full,,main,clean,0.0,24,0.1,21,0.3925233644859813,0.32423201803182755,0.1694973921184946,-0.038441816376515774,1.0,0.0826403067680381,0.3546050800518556,0.5454545454545454,0.012578099995153025,0.005370099999709055,0.05381459999625804,,E,0.07023748584054318,0.8884167371944623,4.076223208323772,14.328447111470808,0.9122083838338496,0.21321877530011177,0.24160752264029978,0.19945909398242057,3.0033898305084747,0.6736722858080105,0.3771446782933368
glass,P2_Full,,main,clean,0.0,24,0.15,32,0.45794392523364486,0.3785483887659916,0.2026013735503035,-0.0428258484930914,1.0,0.07978371253285094,0.3625293116677891,0.6363636363636364,0.011452599996118806,0.008667399997648317,0.07894959999975981,,E,0.06438661268436843,0.8729755638028673,3.9829446754856535,12.426616248083107,0.9037209449908461,0.24204304390900164,0.24716984794551283,0.19160189982728842,3.0547887323943663,0.6563194014185096,0.39078606369678165
glass,P2_Full,,main,clean,0.0,24,0.2,42,0.4766355140186916,0.3941718544437471,0.20166339312360337,-0.042264839633378425,1.0,0.09450408870708102,0.35668334662914275,0.5,0.010398400001577102,0.002391300004092045,0.09968759999901522,,E,0.06631459489843813,0.9206318171101037,3.244043076311833,12.06925627151574,0.9376175680495127,0.21401209301934676,0.3044355295913294,0.2717503490984154,2.669962019660411,0.7495425135805498,0.29023175386590405
glass,P2_Full,,main,clean,0.0,25,0.05,10,0.3644859813084112,0.1979501387184939,0.09549442098521192,-0.07619059603169795,1.0,0.08114299061123136,0.02723000943660736,1.0,0.013478099994244985,0.004937999998219311,0.026570999994874,,E,0.009474663314359049,0.8554992336806337,3.4805505305962905,1.970729969386682,0.8916638309570518,0.2502727023363291,0.28386792704719954,0.2361111111111111,2.8088235294117645,0.6663496189335241,0.37432506046639186
glass,P2_Full,,main,clean,0.0,25,0.1,21,0.4158878504672897,0.253124940683833,0.13996740759059692,-0.04048187523760339,1.0,0.07806512230571029,0.357490293004296,0.5454545454545454,0.012598900000739377,0.0047305999978561886,0.0513204999951995,,E,0.05425607435849732,0.8537629963186154,3.700665419266206,11.068239169133454,0.8912541322981683,0.2563724299305065,0.26662670565268015,0.21080846131556072,2.935910652920962,0.6465229015235767,0.39761787120203396
glass,P2_Full,,main,clean,0.0,25,0.15,32,0.4953271028037383,0.3733098673684222,0.21637516096570045,-0.05174347002215618,1.0,0.08411866659307574,0.36514264751564374,0.5454545454545454,0.012384000001475215,0.004343499997048639,0.0735484999968321,,E,0.07044198357377086,0.8831180361679686,3.444939169029629,13.595302829737776,0.9118715034415885,0.2460043135050415,0.28658443397305733,0.23758635578583764,2.802248977737392,0.6838515963218758,0.35696572485783185
glass,P2_Full,,main,clean,0.0,25,0.2,42,0.4766355140186916,0.3689178615892061,0.21707966153757854,-0.0350828336685971,1.0,0.09425901501001346,0.3569448947906494,0.5,0.011517300001287367,0.0027109000002383254,0.09699829999590293,,E,0.06576724215092682,0.9109464803517688,3.2903194423863056,11.96963807146868,0.9296554797244613,0.21008714137963946,0.30007612291504643,0.27351101936737293,2.6640399556048835,0.7464875908039501,0.29538021864629566
glass,P2_Full,,main,clean,0.0,26,0.05,10,0.4532710280373832,0.32304241511104625,0.17160324700553078,-0.07966227488904491,1.0,0.09476680156651218,0.017095893621444702,1.0,0.01235869999800343,0.002345599998079706,0.020983700000215322,,E,0.035180491817207685,0.9042656749548426,3.451948879616971,7.317542297979198,0.9217185078716027,0.18230486200772547,0.28625998553026044,0.2679301374953549,2.6830790568654646,0.7505877725049016,0.2911641318690912
glass,P2_Full,,main,clean,0.0,26,0.1,21,0.4392523364485981,0.3258878070908723,0.182958378520136,-0.05918511209066077,1.0,0.09541520724604106,0.2352700097994371,0.6363636363636364,0.012500299999373965,0.0032076999996206723,0.04361849999986589,,E,0.04039235825520331,0.9045788908981217,3.3343509946782803,8.240041084061476,0.9225057864933778,0.18787138154217078,0.296459711528282,0.27677967738819664,2.6532455068923397,0.7547133300643073,0.28595938409830185
glass,P2_Full,,main,clean,0.0,26,0.15,32,0.4532710280373832,0.33793259475625265,0.1863027695916217,-0.05098970377686454,1.0,0.09473411909640049,0.3611199666153301,0.5454545454545454,0.011737399996491149,0.004098000004887581,0.06434109999827342,,E,0.06284867605112694,0.9190379024350739,3.120129522959036,12.129794477867499,0.935478186938046,0.20306149417371636,0.3169604503458853,0.292206390328152,2.6055596601403765,0.7488543477061481,0.29743892566321667
glass,P2_Full,,main,clean,0.0,26,0.2,42,0.5373831775700935,0.44246752988323734,0.2613655553796464,-0.05553201893625731,1.0,0.09710899896176758,0.3512833595275879,0.6,0.011701700001140125,0.0023615000027348287,0.08430599999701371,,E,0.0639431496567061,0.9088624720026557,3.0159918666385312,11.63765323752051,0.9277053842773144,0.20675250567700085,0.3278728747007106,0.30690304170967153,2.564589515331355,0.7656425896178881,0.2759947359874121
glass,P2_Full,,main,clean,0.0,27,0.05,10,0.4252336448598131,0.2831283394189606,0.15811303646162198,-0.08862506420948071,1.0,0.09497982926027299,0.010755687952041626,1.0,0.013725400000112131,0.0032884999964153394,0.02332139999634819,,E,0.004807692307692308,0.9209666014920371,3.2226867823678873,0.8970204340578204,0.9358512765409002,0.18833398702149132,0.30696820681003595,0.2838628762541806,2.6307069219440353,0.7527454693587904,0.2850222684810327
glass,P2_Full,,main,clean,0.0,27,0.1,21,0.4672897196261682,0.3767913246916433,0.21632782835841724,-0.04813275889240421,1.0,0.08425856917842474,0.34469744292172516,0.5454545454545454,0.013126199999533128,0.0030667999963043258,0.04833169999619713,,E,0.06872773804452809,0.8965956356250899,3.850009271041821,14.020458561083728,0.9188540025753835,0.2152555850504734,0.2560930314840632,0.21138800347725298,2.932659355723098,0.6843750001085218,0.3612279325280873
glass,P2_Full,,main,clean,0.0,27,0.15,32,0.46261682242990654,0.36562801537237355,0.20723429556016648,-0.033415850954965055,1.0,0.09397613426839523,0.356359527869658,0.5454545454545454,0.012124699998821598,0.0060938999959034845,0.07171679999737535,,E,0.06219999344237672,0.920376822301427,3.1856618850934426,12.004598734378707,0.9367650358108479,0.20582214856409323,0.31033310502111655,0.2822754749568221,2.63565965583174,0.7438241627719295,0.3017704742001525
glass,P2_Full,,main,clean,0.0,27,0.2,42,0.4672897196261682,0.41062310238513117,0.23732634826924395,-0.035354230462754446,1.0,0.0982613949058678,0.3758909821510315,0.5,0.012107499998819549,0.002379999998083804,0.09121049999521347,,E,0.06888043103158564,0.9201077637014687,2.9891022858829435,12.536238447748588,0.9353661972620814,0.19098768876110467,0.330872077974488,0.31728492501973166,2.537935323383085,0.7719293222273635,0.26853886635913743
glass,P2_Full,,main,clean,0.0,28,0.05,10,0.4205607476635514,0.3036226102326513,0.15984307585969418,-0.07880251144698625,1.0,0.09531668139597206,0.015238210558891296,1.0,0.012370099997497164,0.004319500003475696,0.02273290000448469,,E,0.0517619675540197,0.9137253909692757,3.465269452445458,10.766489251236097,0.928723391403037,0.17384025963444338,0.285141025624913,0.2710423634336678,2.6723650385604114,0.7535075363739637,0.2871329912096178
glass,P2_Full,,main,clean,0.0,28,0.1,21,0.43457943925233644,0.32969091095189434,0.1754498501460472,-0.056206980821923776,1.0,0.09412751711263187,0.33252679488875647,0.5454545454545454,0.012123000000428874,0.002846199997293297,0.04296769999928074,,E,0.06796093547966252,0.906883202879273,3.285042849064994,13.864030837851153,0.9257242078924729,0.2023373397258527,0.30098348079898424,0.275379117164107,2.657839354612417,0.7457809333181764,0.2950754599084162
glass,P2_Full,,main,clean,0.0,28,0.15,32,0.5186915887850467,0.40100942160195163,0.23508375836597786,-0.06909112180019222,1.0,0.09487368873555306,0.26232200319116766,0.7272727272727273,0.011505500006023794,0.0028590000001713634,0.06360860000131652,,E,0.0478371456235583,0.911147229178184,3.4544275750399027,9.232569105346752,0.9282965846996549,0.1930086744943717,0.28578295581584556,0.2614421416234888,2.7062345169281583,0.7500207863478514,0.2918027691193826
glass,P2_Full,,main,clean,0.0,28,0.2,42,0.5373831775700935,0.4337617292916444,0.2531825741531571,-0.043842187622497565,1.0,0.09360758870656821,0.28692551553249357,0.7,0.01131349999923259,0.0035778999954345636,0.08969160000560805,,E,0.0646722213462318,0.9393439700086661,3.1893871631471304,11.770344285014186,0.9531872576368622,0.2282260746404583,0.3097472610852108,0.2658004978446967,2.6905550479671083,0.7428629118000831,0.30219586968666207
glass,P2_Full,,main,clean,0.0,29,0.05,10,0.43457943925233644,0.2950640817313436,0.14573630167549334,-0.06096923926791531,1.0,0.09631856080669597,0.010960683226585388,1.0,0.01297799999883864,0.0033981000015046448,0.02297240000189049,,E,0.004807692307692308,0.9191752593530734,3.244711686510208,0.8204784787203812,0.9336152195049353,0.1786576738296149,0.3048517334539023,0.2883221850613155,2.6170855485741904,0.7611285313896078,0.27470894478212005
glass,P2_Full,,main,clean,0.0,29,0.1,21,0.43457943925233644,0.27631781485125595,0.13391926414084923,-0.05786236933631817,1.0,0.0937450389104273,0.28335718539628113,0.6363636363636364,0.013178000001062173,0.0035538000011001714,0.0444668999989517,,E,0.004901960784313725,0.92101361127791,3.177235419492332,0.8477609107842006,0.9368825890097577,0.20090775117826898,0.31136336209077703,0.2826716893654013,2.6344182470527935,0.7436464240805174,0.29642660795439607
glass,P2_Full,,main,clean,0.0,29,0.15,32,0.42990654205607476,0.26904932219009475,0.11768968067510045,-0.06354172952351056,1.0,0.094801630666942,0.26661433414979413,0.6363636363636364,0.011655100002826657,0.002147699997294694,0.06294419999903766,,E,0.07205600003260998,0.9095414417837216,3.155291395691552,13.906808006293726,0.9288623026799206,0.21358798191327058,0.31337027234027026,0.28448834196891193,2.6287706317586794,0.7502548094895702,0.28543944181930564
glass,P2_Full,,main,clean,0.0,29,0.2,42,0.4252336448598131,0.29873971651993686,0.12727945505108212,-0.05877569170562501,1.0,0.09372815091556967,0.3224901705980301,0.5,0.010845800003153272,0.0021854000005987473,0.08057310000003781,,E,0.0661176055511482,0.9016638468282789,3.0676444788090356,12.033404210308973,0.9218888200369263,0.20567179573649869,0.3222591655160227,0.311335073766013,2.5529933697347893,0.7430909972413005,0.29640497662603044
ecoli,P2_Full,,main,clean,0.0,0,0.05,16,0.5089285714285714,0.5507349039075434,0.3809603658058611,-0.0880852838393442,1.0,0.06814300390224537,0.16402260959148407,0.875,0.027927100003580563,0.012131199997384101,0.050283499993383884,,D,0.003048780487804878,0.925709060980678,4.740767538146267,0.010175476334555027,0.9366670422828542,0.1475009125853993,0.2085232688516485,0.17658685761169537,2.0,0.6897460891791283,0.3028880849328274
ecoli,P2_Full,,main,clean,0.0,0,0.1,33,0.6398809523809523,0.6255608951223266,0.5042195871223931,-0.054170752343694055,1.0,0.06663728127946361,0.42096349772285013,0.47058823529411764,0.029019900001003407,0.006671100003586616,0.09853659999498632,,D,0.02096500551305285,0.9216159038503673,4.482711575101857,6.708801764176911,0.9342626101915238,0.1613427590848833,0.22064377604597638,0.18503134796238244,2.0,0.6764934679458499,0.32365082980768145
ecoli,P2_Full,,main,clean,0.0,0,0.15,50,0.8511904761904762,0.7556915007835154,0.7923398957939278,-0.056074189070634,1.0,0.06865690186609393,0.3345605345333324,0.5882352941176471,0.02541439999913564,0.00900819999515079,0.13968419999582693,,D,0.005767397921073351,0.9238139641024036,4.481497495797859,1.7475215700852254,0.9360620052713076,0.16076490953495642,0.22056731338655236,0.17900465543243066,2.0,0.6960731677340617,0.2887462891029792
ecoli,P2_Full,,main,clean,0.0,0,0.2,67,0.7023809523809523,0.7269361594677455,0.5689388604025902,-0.0633159575447013,1.0,0.07902350503713164,0.36463840393459096,0.47058823529411764,0.02206529999966733,0.003990899997006636,0.1808904999998049,,D,0.004558088873902301,0.9559499989940349,3.4315732827825336,1.3036134179360581,0.9605755736271964,0.10500736725375023,0.2889252486300153,0.28386701018279964,2.0,0.7821201170256875,0.22629969682016185
ecoli,P2_Full,,main,clean,0.0,2,0.05,16,0.625,0.6204629747979363,0.45808727088591683,-0.08416143962047501,1.0,0.067348781219126,0.18986468762159348,0.75,0.02771260000008624,0.01152659999934258,0.050565999998070765,,D,0.003048780487804878,0.9248762002766157,4.728936879051846,0.008825870322601528,0.9360671890114745,0.14896728834358114,0.20905259439704468,0.17544939210859997,2.0,0.6832949974284366,0.3063254273346313
ecoli,P2_Full,,main,clean,0.0,2,0.1,33,0.6369047619047619,0.5917796999558381,0.43745537972022513,-0.05890318406896251,1.0,0.06751112313145152,0.35912130860721364,0.6470588235294118,0.027863499999511987,0.007680700000491925,0.09601939999993192,,D,0.011743312944066941,0.9277448789394128,4.77764968989202,3.7578601421014213,0.9384809466564075,0.14858556126412434,0.20682927843231097,0.17468652037617555,2.0,0.684541446262539,0.3064674864365542
ecoli,P2_Full,,main,clean,0.0,2,0.15,50,0.6130952380952381,0.6468725521183196,0.5093177464934092,-0.05892369148694258,1.0,0.06749893665811327,0.30013365254682656,0.7647058823529411,0.024888300002203323,0.006841199996415526,0.1381251999991946,,D,0.012457911778917901,0.9293640857132598,4.668938717806649,3.774747269012124,0.9404698419844065,0.15722534893600873,0.21157938795194153,0.17703757130679956,2.0,0.6849379117965274,0.306744685350278
ecoli,P2_Full,,main,clean,0.0,2,0.2,67,0.7023809523809523,0.7155964945806287,0.5727528933600345,-0.05328541238347122,1.0,0.0663141139106642,0.400510195423575,0.5294117647058824,0.02429870000196388,0.0077990999998291954,0.1820533999998588,,D,0.04400738243196455,0.9169903176095272,4.597209350059094,12.586111375541861,0.9312914869802306,0.17228314768669392,0.21477773527849417,0.16555023923444975,2.0,0.6758715442388356,0.3139915413891192
ecoli,P2_Full,,main,clean,0.0,1,0.05,16,0.5982142857142857,0.624941875865315,0.49472265610701954,-0.0715009662905444,1.0,0.06414538630775203,0.24257970973849297,0.875,0.02700840000034077,0.012065399998391513,0.05694260000018403,,D,0.010881309186589713,0.9203895671989613,5.060389270530956,3.569069413201426,0.9323955370241613,0.15080900081532356,0.19515947383351162,0.15825688073394495,2.0,0.6557664047821943,0.33955418034620477
ecoli,P2_Full,,main,clean,0.0,1,0.1,33,0.5744047619047619,0.597670795739519,0.4849585263703901,-0.054988249933041224,1.0,0.0634433485787593,0.42484888785025654,0.5294117647058824,0.027597200001764577,0.012160500002210028,0.10972819999733474,,D,0.013286216353429258,0.9161636836352637,4.913462475043645,4.251589233097363,0.9295790287695097,0.1600183037131728,0.20102567132070104,0.1586010971786834,2.0,0.6493909822175782,0.343845280466096
ecoli,P2_Full,,main,clean,0.0,1,0.15,50,0.6726190476190477,0.6834858745722497,0.5517109329453218,-0.037804880784572184,1.0,0.06274674007117997,0.43703678250312805,0.47058823529411764,0.02409359999728622,0.009790100004465785,0.15535379999346333,,D,0.06268274849499039,0.9047378185801274,4.540189266572734,18.992872793982087,0.9224764879263058,0.1862089349811793,0.21767319839749377,0.16492907568902584,2.0,0.6456380842056533,0.3452885339013485
ecoli,P2_Full,,main,clean,0.0,1,0.2,67,0.6934523809523809,0.7101060183222044,0.5692079101247149,-0.04422595994547552,1.0,0.070685085170214,0.37287144450580373,0.5882352941176471,0.02257349999854341,0.010191300003498327,0.1996106999940821,,D,0.010054541868888411,0.9333237751912364,4.357415976647995,2.8755989745020853,0.9441094772344447,0.1617623384368729,0.22679028083625727,0.18380566801619433,2.0,0.7125068019312737,0.2739127874183919
ecoli,P2_Full,,main,clean,0.0,3,0.05,16,0.4880952380952381,0.5885264605715316,0.3732042911045918,-0.05637703966212752,1.0,0.06465670724795729,0.24038661271333694,0.75,0.027610400000412483,0.0062360000010812655,0.049397599999792874,,D,0.010793480213579426,0.9170009129639234,5.197739015343144,3.5402615100540515,0.9289733491703638,0.1442478060178712,0.18992159373814763,0.1586857611695383,2.0,0.6589506402921776,0.3394566398601806
ecoli,P2_Full,,main,clean,0.0,3,0.1,33,0.6517857142857143,0.6714778236860262,0.5174450115004082,-0.042450730537225784,1.0,0.06446874545474864,0.46645525974385876,0.47058823529411764,0.026321099998313002,0.011905100000149105,0.10139060000074096,,D,0.010842360008225782,0.9226706481269072,4.871462494518774,3.4695552026322503,0.9340199821641495,0.14676618596090052,0.2027858687298102,0.17421630094043888,2.0,0.656986715503655,0.34804738460671036
ecoli,P2_Full,,main,clean,0.0,3,0.15,50,0.6845238095238095,0.6894316043596395,0.5519909207130672,-0.058511878691655896,1.0,0.06986548442600449,0.2944459021091461,0.8235294117647058,0.026095599998370744,0.011404700002458412,0.15331889999652049,,D,0.010131300840642501,0.9338676056845173,4.416344241245748,3.069784154714678,0.9440465922524015,0.1539183130029377,0.223870139609247,0.1848403383384696,2.0,0.7061993097192045,0.2801401628296721
ecoli,P2_Full,,main,clean,0.0,3,0.2,67,0.8214285714285714,0.7549704107140106,0.7722584579427598,-0.07902446590525662,1.0,0.07200512988179825,0.32538870853536267,0.5882352941176471,0.022835800002212636,0.012228300001879688,0.19397179999941727,,D,0.008867424982546245,0.9341072444137591,4.283658997830921,2.5360835450082257,0.9442482028579291,0.15390096155407276,0.23075562036609873,0.19190283400809716,2.0,0.7237117551707393,0.2658863215390995
ecoli,P2_Full,,main,clean,0.0,4,0.05,16,0.6636904761904762,0.646082265297132,0.5150284363554801,-0.07836397808595101,1.0,0.06812393559566975,0.22589007392525673,0.875,0.027629199998045806,0.011201499997696374,0.05342259999451926,,D,0.003048780487804878,0.9250437180809284,4.81663283495805,0.010028352210913711,0.9360326549206702,0.14660461482876416,0.2051907159668035,0.1720183486238532,2.0,0.690518045561009,0.2997081134760458
ecoli,P2_Full,,main,clean,0.0,4,0.1,33,0.5625,0.578022161311733,0.38853769360044743,-0.06359412034630509,1.0,0.0683590369864655,0.3605813752202427,0.5882352941176471,0.02996059999713907,0.011581300001125783,0.10501089999888791,,D,0.011767331700309169,0.928789087233855,4.667031012881551,3.765546144098934,0.9393789876448169,0.1487117634025965,0.21180587877965773,0.17739028213166144,2.0,0.6927985939137458,0.296393353880808
ecoli,P2_Full,,main,clean,0.0,4,0.15,50,0.6904761904761905,0.6838167232436724,0.549675594957063,-0.040710545811990365,1.0,0.06709751229442716,0.38849934234338646,0.47058823529411764,0.02886890000081621,0.007072699998388998,0.15446229999361094,,D,0.008353332089176482,0.9290741439582406,4.4924778998801385,2.531059623020474,0.9400536720633212,0.15480289865822963,0.22002011488340384,0.19259939238957008,2.0,0.6814145461688048,0.31825915822423034
ecoli,P2_Full,,main,clean,0.0,4,0.2,67,0.7202380952380952,0.716834623617159,0.5857852161287479,-0.0506039158116209,1.0,0.07167755787050951,0.3447287117733675,0.5882352941176471,0.026770399999804795,0.00887190000503324,0.20663989999593468,,D,0.007374450483376666,0.9305456790659155,4.494624840534881,2.1090928382457266,0.9411816553240216,0.15313627885297693,0.21975986728554597,0.18078763341921236,2.0,0.7219505119013728,0.2653740961667194
ecoli,P2_Full,,main,clean,0.0,5,0.05,16,0.7351190476190477,0.6419855197757137,0.6028356399564837,-0.08403822570089597,1.0,0.07135740898866222,0.15378034859895706,0.875,0.02682500000082655,0.011339700002281461,0.049015099997632205,,D,0.003048780487804878,0.9376450713336781,4.472532023083698,0.009832047511469875,0.9455297400064262,0.1264482029149781,0.22121264440559144,0.2023196837472962,2.0,0.7157094023697772,0.2836309157173269
ecoli,P2_Full,,main,clean,0.0,5,0.1,33,0.7738095238095238,0.677715610768076,0.670131191219328,-0.061120735892425164,1.0,0.07206787832530656,0.3278106047826655,0.5882352941176471,0.030307299995911308,0.008116899996821303,0.0982921000031638,,D,0.009138150220462864,0.935756421822215,4.3761140497291064,2.924208070548117,0.9438839217106513,0.12651069755088337,0.2260947861809663,0.20760188087774295,2.0,0.7231250885348125,0.2739295346196058
ecoli,P2_Full,,main,clean,0.0,5,0.15,50,0.7619047619047619,0.7254173585483369,0.7194738113333483,-0.06203652916617791,1.0,0.07513462126471653,0.3329799473285675,0.6470588235294118,0.03691650000109803,0.005868899999768473,0.14844230000016978,,D,0.007982909302728814,0.9504993197681058,4.065882759916599,2.4188215187268307,0.956461342860313,0.12044325581541956,0.2434521920036145,0.22518741940419207,2.0,0.7497509681397017,0.251032090280081
ecoli,P2_Full,,main,clean,0.0,5,0.2,67,0.7857142857142857,0.7453663251089165,0.7401870291319332,-0.08404385610333681,1.0,0.0814760488147198,0.23179689225028544,0.8823529411764706,0.0318771000020206,0.004335700003139209,0.19203959999867948,,D,0.004057520805972208,0.9637524999788742,3.186698568112693,1.1604509505080514,0.9676881040418106,0.10857587587123475,0.3113966860169394,0.30477242056189424,2.0,0.8032760225096818,0.20445304934801117
ecoli,P2_Full,,main,clean,0.0,6,0.05,16,0.6488095238095238,0.5829842824604516,0.5143860291958585,-0.06210673846705786,1.0,0.06253916177441775,0.24427693709731102,0.875,0.026506299996981397,0.011266000001342036,0.052150600000459235,,D,0.003048780487804878,0.8952151206033215,5.185144847478876,0.05739894929407528,0.9127842520236409,0.16766857509859606,0.19039032099242745,0.1509286193779369,2.0,0.6422535033587968,0.35519978647657446
ecoli,P2_Full,,main,clean,0.0,6,0.1,33,0.7678571428571429,0.6929259800642716,0.6342919303844974,-0.045523944185673015,1.0,0.06345133441379999,0.42794804713305307,0.47058823529411764,0.03289690000383416,0.012122000000090338,0.1130397999950219,,D,0.011105315275729045,0.9123563928806194,4.305215827452329,3.553700888233294,0.9274184012016505,0.17185518506232672,0.22986973511224604,0.19427899686520375,2.0,0.6514925058562085,0.33769218497331444
ecoli,P2_Full,,main,clean,0.0,6,0.15,50,0.7886904761904762,0.7212584768105773,0.6617703656288536,-0.05380848074397444,1.0,0.07047596548304182,0.40527866342488456,0.5882352941176471,0.02770330000203103,0.016651999998430256,0.17403779999585822,,D,0.008147042043232163,0.9272715224764804,4.442312508458823,2.4685537390993453,0.9380722743877624,0.1485078786062733,0.2225421134438329,0.19045745634166067,2.0,0.7116606329360868,0.2786602909821496
ecoli,P2_Full,,main,clean,0.0,6,0.2,67,0.7291666666666666,0.7004217989792173,0.7142178394164119,-0.05642573156424699,1.0,0.07301826614606191,0.3314578866257387,0.5882352941176471,0.028065499995136634,0.015845300004002638,0.2288196000008611,,D,0.006601505382281619,0.9443508396981577,4.36837401361819,1.8880305393325432,0.9521826360545339,0.1407352117066348,0.22621257720407184,0.19511716353821618,2.0,0.7325558901200463,0.2573227534605295
ecoli,P2_Full,,main,clean,0.0,7,0.05,16,0.5773809523809523,0.5839000449149125,0.41091904687320174,-0.056279977615648374,1.0,0.061853590167219294,0.3142644874751568,0.625,0.03334809999796562,0.011589900001126807,0.06452790000184905,,D,0.003048780487804878,0.8799841437125439,5.265187310187107,0.05792460955412465,0.9006327532775495,0.17204901255338412,0.18744947816400503,0.14725516521220258,2.0,0.6370018105846553,0.3621368209258763
ecoli,P2_Full,,main,clean,0.0,7,0.1,33,0.7261904761904762,0.6317653778916777,0.5839134781840544,-0.033495715970090864,1.0,0.06261457986868953,0.43604302932234373,0.5294117647058824,0.035916000000725035,0.01448740000341786,0.12979060000361642,,D,0.05907986969391826,0.8914787313733928,5.122241155559993,18.905558302053844,0.9104035831548472,0.1743884127135457,0.19270424487159873,0.14911833855799372,2.0,0.6433565595111388,0.35374379234821357
ecoli,P2_Full,,main,clean,0.0,7,0.15,50,0.7976190476190477,0.7045246183791788,0.7426180112354293,-0.0643224828399277,1.0,0.0710283522408462,0.36987533113535714,0.5294117647058824,0.03544490000058431,0.011525599999004044,0.18577870000444818,,D,0.009776725566920112,0.9342346687116809,4.30507578556603,2.962347846776794,0.9438852175051581,0.14674219082344048,0.22974184188841282,0.19889406159158962,2.0,0.715395223008311,0.27755334262711573
ecoli,P2_Full,,main,clean,0.0,7,0.2,67,0.7886904761904762,0.7404990463737391,0.7435881579977813,-0.07548140011164133,1.0,0.07712022951945148,0.2592482409056495,0.7058823529411765,0.039772100004483946,0.00804950000019744,0.24095520000264514,,D,0.008233665053062217,0.9528396931762959,3.7509062488295473,2.354828205175794,0.9583073483241703,0.1159376500308563,0.26402891239458764,0.2509876088823457,2.0,0.7662194789029144,0.23679344356811596
ecoli,P2_Full,,main,clean,0.0,8,0.05,16,0.5833333333333334,0.6124875182617738,0.4493119616311866,-0.06848407042978179,1.0,0.0684186971907847,0.17820432409644127,0.875,0.0383637999984785,0.01003610000043409,0.06496450000122422,,D,0.003048780487804878,0.93145668491318,4.72076241030745,0.011233981495833559,0.941441367031182,0.1456696704172378,0.20941988512754467,0.17634444693070783,2.0,0.692413236182356,0.3000204114180419
ecoli,P2_Full,,main,clean,0.0,8,0.1,33,0.7678571428571429,0.678391940586569,0.6878485342430599,-0.033961461871265176,1.0,0.06298714109365842,0.42086587408009696,0.5882352941176471,0.035248699998192023,0.020545200000924524,0.13110800000140443,,D,0.053274177318871144,0.9017722058467033,4.8856424563722065,17.047736742038765,0.9187528651502199,0.17287020898602484,0.2021882099366924,0.15811128526645768,2.0,0.6463256990609042,0.3471060304664818
ecoli,P2_Full,,main,clean,0.0,8,0.15,50,0.7976190476190477,0.7183256171051925,0.7270252502693565,-0.04685995429265839,1.0,0.07523203320878279,0.3526357377276701,0.7058823529411765,0.0308870000008028,0.00929809999797726,0.1782149999999092,,D,0.010702360774309774,0.9472145872335567,4.001577990127669,3.2428153146158616,0.9533205475175464,0.11567514515812068,0.24741764435812044,0.23596266911459357,2.0,0.7499430586088184,0.25377711714364765
ecoli,P2_Full,,main,clean,0.0,8,0.2,67,0.8363095238095238,0.7550487654512211,0.7590313454331044,-0.06307439829292275,1.0,0.07758801802435127,0.31122028827667236,0.6470588235294118,0.0252736000038567,0.003956599997763988,0.21380100000533275,,D,0.010044206602292358,0.9567739149621289,3.8122743733204336,2.8726430882556144,0.9616477042592859,0.11275111527881813,0.2597222218708088,0.2468408784198258,2.0,0.7705764856442262,0.23482422167890343
ecoli,P2_Full,,main,clean,0.0,9,0.05,16,0.5863095238095238,0.6251231648280742,0.42928173271936426,-0.05876505345408169,1.0,0.06551225309956858,0.2198292836546898,0.875,0.030186399999365676,0.013549399998737499,0.05986940000002505,,D,0.011514111664544779,0.9196376168384629,5.506420856042013,3.7766286259706874,0.9307886837382827,0.13875978363415192,0.17910343619713667,0.14872827627358842,2.0,0.6669458389260665,0.33212755353189943
ecoli,P2_Full,,main,clean,0.0,9,0.1,33,0.6666666666666666,0.6763575249651232,0.5391970910373444,-0.04831929694848918,1.0,0.06499955530821129,0.4309966967386358,0.47058823529411764,0.029997799996635877,0.012375099999189842,0.11291869999695336,,D,0.01133431585432243,0.9110399992340875,5.564732328801913,3.6269810733831775,0.9240635141447356,0.14639742354452026,0.17713169942880214,0.144455329153605,2.0,0.6616506640024864,0.3378984432462661
ecoli,P2_Full,,main,clean,0.0,9,0.15,50,0.7053571428571429,0.7187552187143943,0.5759378351086699,-0.05865002477829151,1.0,0.07095198880817237,0.3561258596532485,0.5882352941176471,0.02770569999847794,0.007609600004798267,0.16240479999396484,,D,0.011429938371525311,0.9305003430692846,4.534038539924392,3.463271326572169,0.940876121265826,0.14929250955706014,0.2179729785988696,0.1815837212860359,2.0,0.7154187343396524,0.27271096050107907
ecoli,P2_Full,,main,clean,0.0,9,0.2,67,0.8422619047619048,0.7542513086443964,0.7497650162063589,-0.06482293582043978,1.0,0.07252464154756809,0.2814621592269224,0.5882352941176471,0.027200700002140366,0.010527899998123758,0.2096724999937578,,D,0.010234190365236375,0.9363857894814908,4.439329698455977,2.9269784444576032,0.945920175103684,0.1498782354521099,0.2225408436864362,0.18432094221567905,2.0,0.729051521551838,0.25831541280312437
ecoli,P2_Full,,main,clean,0.0,10,0.05,16,0.5922619047619048,0.5900928881957467,0.4442699696824208,-0.0677665846171934,1.0,0.06185311684877733,0.22334636375308037,0.75,0.030275400000391528,0.012549400002171751,0.058758499995747115,,D,0.003048780487804878,0.8855901253102141,5.198894051521563,0.05763560249514635,0.9053750889642044,0.1729305596010465,0.18987871951714008,0.1492317446110241,2.0,0.6359282564211289,0.36177427696931796
ecoli,P2_Full,,main,clean,0.0,10,0.1,33,0.7559523809523809,0.6719147881348178,0.6620446777371422,-0.04485399616501839,1.0,0.06343477517302751,0.4262351980980705,0.5294117647058824,0.030363699996087234,0.011928200001420919,0.1156868999969447,,D,0.05322724010688558,0.9037869110465528,4.873764050991364,17.032716834203384,0.9201781585085999,0.17036400806108512,0.20268862601671644,0.16114811912225704,2.0,0.6499339159357533,0.34570855647643084
ecoli,P2_Full,,main,clean,0.0,10,0.15,50,0.8630952380952381,0.7301915785839592,0.7771062289637711,-0.046745259016748364,1.0,0.07373554577728494,0.3353233565302456,0.5882352941176471,0.029312999999092426,0.010314500003005378,0.16394319999380969,,D,0.00933227576229523,0.9453301938034614,4.048986515455098,2.827679555975455,0.9523421345766736,0.12825984324883433,0.2444819251391064,0.22608353550586846,2.0,0.7372399851416527,0.2642459230714125
ecoli,P2_Full,,main,clean,0.0,10,0.2,67,0.7976190476190477,0.732700752172012,0.6653688364558742,-0.052502502207062304,1.0,0.08067071952002292,0.3557286139796762,0.5882352941176471,0.03405419999762671,0.00420999999914784,0.2123171999992337,,D,0.007591026981535531,0.9595022976167606,3.4103325059231246,2.171033716719162,0.9639611334365358,0.11010095776743281,0.29074663283991947,0.2827383143172617,2.0,0.7961071169037603,0.21295310567892298
ecoli,P2_Full,,main,clean,0.0,11,0.05,16,0.5833333333333334,0.5994979433302522,0.4801162859383443,-0.06342261359229592,1.0,0.0650026113912643,0.2178238146007061,0.875,0.03780659999756608,0.010087900001963135,0.06399460000102408,,D,0.01375690409820585,0.9218223591417508,4.706482195613031,4.512264544211519,0.9334312865650015,0.14849421517208364,0.21006457710259527,0.17824643842768703,2.0,0.6613197834506914,0.33950358553118265
ecoli,P2_Full,,main,clean,0.0,11,0.1,33,0.6607142857142857,0.6309111384419785,0.558277414261121,-0.04146087230567959,1.0,0.06282564535132892,0.41902009792187633,0.47058823529411764,0.03092309999919962,0.01588110000011511,0.13138729999627685,,D,0.02143751243756977,0.9096341688964366,4.7388369299813515,6.860003980022327,0.9246313954605856,0.16596125306435272,0.2085489588814304,0.16516457680250785,2.0,0.6437327399259406,0.35004584479158674
ecoli,P2_Full,,main,clean,0.0,11,0.15,50,0.6934523809523809,0.6983163613891721,0.5705756378515807,-0.044603904584181675,1.0,0.06599336637077373,0.4518840558388654,0.47058823529411764,0.029741699996520765,0.014567099999112543,0.19181430000026012,,D,0.05067119791030766,0.9195057570537669,4.340374369779844,15.353372966823219,0.9327504447857915,0.1645420498068607,0.22784651125983924,0.1925556794090005,2.0,0.6717727170441288,0.32518245303462845
ecoli,P2_Full,,main,clean,0.0,11,0.2,67,0.7202380952380952,0.7512780090168005,0.6025271984225467,-0.04194282412798347,1.0,0.07099505763607276,0.41372913998716015,0.47058823529411764,0.03253720000066096,0.01688039999862667,0.25825020000047516,,D,0.007706528740600992,0.9278049901252158,4.253791321409323,2.2040672198118836,0.9398166990150653,0.1663786584513622,0.23240049020984999,0.18908109434425224,2.0,0.716003909727786,0.2695507423449684
ecoli,P2_Full,,main,clean,0.0,13,0.05,16,0.8422619047619048,0.7135287356967074,0.7637929043801416,-0.09065463344284169,1.0,0.06795729910099926,0.1814424842596054,0.875,0.028828300004533958,0.011736000000382774,0.05236470000090776,,D,0.003048780487804878,0.9285130921443162,4.725670139951535,0.01016475799058432,0.9390806829740985,0.14782554102236384,0.20919922128623653,0.17446110240918922,2.0,0.6890498559587969,0.2989234932393199
ecoli,P2_Full,,main,clean,0.0,13,0.1,33,0.7738095238095238,0.6683925455647401,0.6701753635250602,-0.06346106656604411,1.0,0.07851159387965209,0.35680201474358053,0.5882352941176471,0.029147900000680238,0.00751759999548085,0.09974840000359109,,D,0.0037058212412190194,0.9507368213692037,3.5828993459258807,1.1858627971900861,0.9559889501187019,0.10661367973959633,0.2768437070314358,0.2730407523510972,2.0,0.7784925142129036,0.2262339462930121
ecoli,P2_Full,,main,clean,0.0,13,0.15,50,0.8035714285714286,0.7109571445129509,0.7441992864059215,-0.04471195804273351,1.0,0.07456734171394165,0.34993425362250385,0.5294117647058824,0.034570600000733975,0.011342900004819967,0.15444690000003902,,D,0.006529763123441876,0.938156031587387,4.078794583770897,1.9785182264028882,0.9458157820841896,0.12385606379102211,0.24267103812634053,0.22700150809782965,2.0,0.7443765357634009,0.2560119343747086
ecoli,P2_Full,,main,clean,0.0,13,0.2,67,0.8988095238095238,0.8070457524902234,0.8350539053555133,-0.057621123126814264,1.0,0.07696359390343677,0.3389958669157589,0.5882352941176471,0.02453840000089258,0.0051301999992574565,0.19388250000338303,,D,0.004855002250959514,0.9546634193713173,3.746689410816688,1.3885306437744211,0.959785952847062,0.11298896839396728,0.2643300217082859,0.2528769476137897,2.0,0.7656265641130899,0.23733353278352837
ecoli,P2_Full,,main,clean,0.0,12,0.05,16,0.5029761904761905,0.5491868656186402,0.3934226305970993,-0.061767127918885334,1.0,0.06189707118189772,0.3045694902539253,0.75,0.030540300002030563,0.011306100001093,0.05925090000528144,,D,0.010800710774227076,0.9177496550092157,5.172300910972199,3.542633133946481,0.9306050051621009,0.15629539492296982,0.19087069507165674,0.15344596106511524,2.0,0.6361794535843759,0.3610993966498669
ecoli,P2_Full,,main,clean,0.0,12,0.1,33,0.7232142857142857,0.654491640239682,0.6543118097971198,-0.040993815340504364,1.0,0.05890634967388507,0.46382249015219074,0.5294117647058824,0.031063299997185823,0.012204300001030788,0.11986710000201128,,D,0.010975428996059255,0.8921614585838298,5.1459033177170275,3.5121372787389618,0.9114773856878586,0.17911895738171113,0.1918037275355142,0.14657131661442005,2.0,0.6122110734708672,0.38219303016108613
ecoli,P2_Full,,main,clean,0.0,12,0.15,50,0.7410714285714286,0.6866253616727467,0.6962358641541939,-0.05594501892660153,1.0,0.07502140027704256,0.36691340979407816,0.5882352941176471,0.028814700002840254,0.014248600004066247,0.1708230000003823,,D,0.008927273671314642,0.9483051961804118,3.986547456519891,2.7049639224083366,0.9544923043736391,0.1196853017340003,0.24836297091916568,0.234563853736367,2.0,0.7480740677482685,0.2558330843748553
ecoli,P2_Full,,main,clean,0.0,12,0.2,67,0.8154761904761905,0.7475816301811884,0.7573648621860338,-0.05280210697147088,1.0,0.07800630255977375,0.3367265936206369,0.6470588235294118,0.02502739999908954,0.004646499997761566,0.20716460000403458,,D,0.006751558327459269,0.9541275879316325,3.6578139444127795,1.930945681653351,0.9590801046044675,0.10796285718426571,0.27083781517930366,0.2639676113360324,2.0,0.7737064893905581,0.23340025361067512
ecoli,P2_Full,,main,clean,0.0,14,0.05,16,0.5625,0.6043253381451592,0.4028471995986615,-0.09271572719092332,1.0,0.06411358495088662,0.23181363940238953,0.75,0.04167339999548858,0.012635499995667487,0.07450600000447594,,D,0.013367522186333207,0.9053989708967286,5.636085064118983,4.384547277117292,0.9192706694130809,0.14663369572025678,0.17491261374150313,0.14171701350041024,2.0,0.6550366647508179,0.34549579589076407
ecoli,P2_Full,,main,clean,0.0,14,0.1,33,0.7767857142857143,0.6436088327637496,0.706244638325645,-0.04666269044425669,1.0,0.06356937308600372,0.4092233303715201,0.5882352941176471,0.034979000003659166,0.010876800006371923,0.136484599999676,,D,0.01318862697184664,0.9103984080664259,5.563847663170333,4.220360630990925,0.9240384646274364,0.1522300694291517,0.1771603622504494,0.14120297805642634,2.0,0.6504675101338447,0.3506365075046641
ecoli,P2_Full,,main,clean,0.0,14,0.15,50,0.7827380952380952,0.6946517591752464,0.6850838190593651,-0.06303330965745685,1.0,0.07209864476977934,0.33037925117156086,0.6470588235294118,0.028785500006051734,0.019779499998549,0.199405300001672,,D,0.01181285257769355,0.9440023333576621,3.8439607095241914,3.5792943310411456,0.9513526859458397,0.13126176551471178,0.25769850069057604,0.24345944528227656,2.0,0.7229872388326611,0.2833840744248167
ecoli,P2_Full,,main,clean,0.0,14,0.2,67,0.8154761904761905,0.7390035873246855,0.7658082969789888,-0.05023775456195914,1.0,0.07564328081388857,0.3392386769547182,0.5294117647058824,0.02589379999699304,0.012321800000790972,0.24407630000496283,,D,0.010415158496519571,0.9438360345961664,4.063679762716233,2.9787353300045973,0.9512081048265988,0.13125978868168078,0.24343705808781005,0.2205128205128205,2.0,0.7539685948184078,0.2454352535255906
ecoli,P2_Full,,main,clean,0.0,15,0.05,16,0.5327380952380952,0.5896741552916178,0.44422164845748946,-0.05183222941154331,1.0,0.058414403946464,0.2686060294508934,0.75,0.02984400000423193,0.010494100002688356,0.06005210000148509,,D,0.050005071588796725,0.8888327086823669,5.221475521263396,16.401663481125325,0.9083447615395157,0.1755197291026723,0.18904431992567536,0.1443089430894309,2.0,0.6057943496466491,0.39939239974982177
ecoli,P2_Full,,main,clean,0.0,15,0.1,33,0.8720238095238095,0.7306328086255645,0.781688384609933,-0.0381934598107499,1.0,0.05884642533538843,0.45280950998558717,0.47058823529411764,0.02822050000395393,0.013170599995646626,0.1092888999992283,,D,0.05038728105576042,0.9025424638662279,5.06796053710939,16.123929937843336,0.9196986323805812,0.1760373717103256,0.19480178769782572,0.14598354231974922,2.0,0.6100656935077184,0.3880549019461962
ecoli,P2_Full,,main,clean,0.0,15,0.15,50,0.9017857142857143,0.7778296465078121,0.8221550426320939,-0.05680411877362308,1.0,0.07898495870105207,0.338278146351085,0.5882352941176471,0.02793569999630563,0.005056299996795133,0.14827570000488777,,D,0.008410243776310625,0.9550826722662725,3.4519475486974143,2.5483038642221194,0.9601271818043835,0.11230653720130371,0.2873395248302892,0.27998164054816077,2.0,0.7821485324344234,0.2273906006244395
ecoli,P2_Full,,main,clean,0.0,15,0.2,67,0.8392857142857143,0.7591051978494548,0.7303799505029578,-0.05666922821450844,1.0,0.08080467423289246,0.33398544788360596,0.6470588235294118,0.02607430000352906,0.0030688999977428466,0.18926740000460995,,D,0.007952951813383173,0.9654740748406151,3.304984599831684,2.2745442186275877,0.9691436593010831,0.106284898768905,0.30012615937391923,0.29324009324009326,2.0,0.7972269949142804,0.2133061559557213
ecoli,P2_Full,,main,clean,0.0,16,0.05,16,0.5238095238095238,0.5918984922033325,0.40491422976155034,-0.08600230307715707,1.0,0.06793923144932251,0.18114102259278297,0.875,0.028572700000950135,0.01248890000715619,0.056585300000733696,,D,0.003048780487804878,0.9206293127052277,4.645942623614139,0.010458657067987289,0.9326430029227858,0.1513618015293328,0.21284170048551163,0.17917878720071603,2.0,0.6880601627092546,0.30152444960328356
ecoli,P2_Full,,main,clean,0.0,16,0.1,33,0.6339285714285714,0.6741070841699681,0.534468555602778,-0.05595058787750048,1.0,0.06630830709969329,0.3820019057568382,0.6470588235294118,0.02987629999552155,0.01278450000245357,0.11549479999666801,,D,0.009750293642581731,0.9210074927665702,4.47069026628337,3.120093965626154,0.9335616507687547,0.15892846602635188,0.22124549774087363,0.1886167711598746,2.0,0.6744311217679323,0.32231620404428224
ecoli,P2_Full,,main,clean,0.0,16,0.15,50,0.8452380952380952,0.7940007466112975,0.8039073657775048,-0.05377734867936922,1.0,0.07137977754362364,0.39534438007018147,0.47058823529411764,0.025468700005149003,0.012886600001365878,0.16033990000141785,,D,0.008301798093090009,0.942236796616568,3.8427687332775124,2.5154448222062724,0.9511042284615254,0.15351350558062826,0.25777946247996186,0.2242694468122309,2.0,0.7175222951423117,0.2776318875381969
ecoli,P2_Full,,main,clean,0.0,16,0.2,67,0.6726190476190477,0.7397580931870548,0.5754223539283729,-0.053904514734499656,1.0,0.08315020255081713,0.2358939595082227,0.7647058823529411,0.025980900005379226,0.0036395999995875172,0.20275330000004033,,D,0.007241104160086635,0.9753279841322676,2.9177246806482664,2.0709557897847777,0.9775521507740955,0.09014936816479759,0.34042661669185403,0.34140596245859406,2.0,0.815900177361788,0.20378719895267663
ecoli,P2_Full,,main,clean,0.0,17,0.05,16,0.5446428571428571,0.584468307731592,0.39966914213078647,-0.06580632995705511,1.0,0.062110981434625574,0.33881600573658943,0.625,0.028756100000464357,0.012519399999291636,0.0537153000041144,,D,0.014101946928032204,0.9010965347014985,4.930094836786348,4.625438592394563,0.918313063605781,0.17407407164472052,0.20039804386387888,0.16017751920638473,2.0,0.6400123816104324,0.35136857773157115
ecoli,P2_Full,,main,clean,0.0,17,0.1,33,0.6875,0.6721847381064255,0.5499588321365797,-0.06671418325409728,1.0,0.06253659081789475,0.3673944420674268,0.5882352941176471,0.030646799998066854,0.008806400001049042,0.10959939999884227,,D,0.013957507367453428,0.8958447364460624,4.920972577399233,4.466402357585097,0.9145250821375935,0.17935095216630587,0.2007140934803013,0.15846394984326018,2.0,0.643683170393845,0.34745288987598805
ecoli,P2_Full,,main,clean,0.0,17,0.15,50,0.8690476190476191,0.7311258577404214,0.7910762632959343,-0.06726283754867314,1.0,0.06949642867519328,0.3386708199977875,0.6470588235294118,0.02699830000346992,0.013197099993703887,0.15860760000214214,,D,0.011562998515582722,0.9310714572425448,4.540788484361157,3.503588550221565,0.9418494400282444,0.15636458213870866,0.2176440365420449,0.17795554389876073,2.0,0.7028032625543661,0.2856080988240331
ecoli,P2_Full,,main,clean,0.0,17,0.2,67,0.7827380952380952,0.7333888683205094,0.7390925331704561,-0.05965247733971208,1.0,0.08104118245763159,0.24112336249912486,0.7058823529411765,0.026143199997022748,0.005757700004323851,0.19658500000514323,,D,0.0038022958248617018,0.959550847268605,3.3730646519555565,1.0874566059104467,0.9637580967885397,0.10401329164725137,0.2939977615865235,0.2900748374432585,2.0,0.8003533030232414,0.20466938557865902
ecoli,P2_Full,,main,clean,0.0,18,0.05,16,0.6220238095238095,0.603382881807052,0.42871598046411336,-0.06339297903580438,1.0,0.0615377356843198,0.24975373595952988,0.75,0.03086749999783933,0.012321000001975335,0.05445329999929527,,D,0.003048780487804878,0.904056031420176,4.879785527824325,0.01511169040951679,0.9203905715916947,0.17025082882545775,0.20249562338730517,0.16737525173416873,2.0,0.6342826922052355,0.3595872870738561
ecoli,P2_Full,,main,clean,0.0,18,0.1,33,0.6964285714285714,0.6443719004577003,0.5470162459890117,-0.0579571837682042,1.0,0.06685654854512227,0.35096720562261696,0.5294117647058824,0.03216529999917839,0.008152800000971183,0.11051099999895087,,D,0.009469548566774311,0.9203973793633782,4.813793967608727,3.0302555413677794,0.9326923075966438,0.15445381238628705,0.2052527672902702,0.17106191222570533,2.0,0.679524149963603,0.31099380473471655
ecoli,P2_Full,,main,clean,0.0,18,0.15,50,0.8779761904761905,0.7555004590186061,0.7993433391569975,-0.04575572107543213,1.0,0.06931000574388124,0.38659973179592805,0.47058823529411764,0.027847600002132822,0.012175399999250658,0.15701219999755267,,D,0.012179871612129122,0.9284287294723356,4.613218035053878,3.690501098475124,0.9395885156755077,0.1559255008454623,0.2141749413019329,0.1754201910257251,2.0,0.7010919350535295,0.2895816337671413
ecoli,P2_Full,,main,clean,0.0,18,0.2,67,0.8541666666666666,0.7466519585891909,0.7640249520093843,-0.07444780480695462,1.0,0.0805265574952389,0.2896500931066625,0.6470588235294118,0.025957899997592904,0.0034630000009201467,0.20215129999996861,,D,0.0068802818956823835,0.9563513168988176,3.5419705747856804,1.9677606221651618,0.9611332829702489,0.10955579256185558,0.27981056987203257,0.2715985768617348,2.0,0.794829056723862,0.21440570268454312
ecoli,P2_Full,,main,clean,0.0,19,0.05,16,0.5625,0.6025355140539591,0.42934178480071084,-0.0775437484901556,1.0,0.06421889588763482,0.22980325669050217,0.75,0.03217399999994086,0.012794599999324419,0.06399719999899389,,D,0.013830526004303461,0.9019993169756407,5.586082870096746,4.536412529411535,0.9163404259886747,0.1463368271573103,0.17650566679218405,0.14445811889311555,2.0,0.6550388449807405,0.346443687982541
ecoli,P2_Full,,main,clean,0.0,19,0.1,33,0.7619047619047619,0.6626074119712151,0.7010041380972521,-0.042263547067771204,1.0,0.06566617033205313,0.4554337534834357,0.4117647058823529,0.028792500001145527,0.014031999999133404,0.11494040000252426,,D,0.012771603388182885,0.9102256784469113,5.403188182878645,4.086913084218523,0.9232442472548675,0.14501439367890548,0.1825212946262063,0.14998040752351097,2.0,0.6676719114680019,0.33076594101655366
ecoli,P2_Full,,main,clean,0.0,19,0.15,50,0.8035714285714286,0.7222812792344778,0.7399182755196871,-0.058640369112618745,1.0,0.07526907918387137,0.36867885905153613,0.5882352941176471,0.032992899999953806,0.0050425000008544885,0.1606580000006943,,D,0.014076090312823634,0.9482770649007496,4.017295474462618,4.265055364785561,0.9542205061928538,0.11490920383190811,0.24643667902346778,0.23513212248377155,2.0,0.749539058159195,0.256293949355698
ecoli,P2_Full,,main,clean,0.0,19,0.2,67,0.6398809523809523,0.678607948965498,0.5270445141308494,-0.059206383987616525,1.0,0.07804668713758031,0.3084268745254068,0.6470588235294118,0.024743299996771384,0.004376699995191302,0.20059150000452064,,D,0.006401729755488849,0.9501436489939796,3.7703891878505753,1.8308947100698107,0.9555460431352751,0.10835919661756108,0.26264645023224226,0.25496258127837074,2.0,0.7747936894557497,0.23009361083149224
ecoli,P2_Full,,main,clean,0.0,20,0.05,16,0.5892857142857143,0.5975772367013941,0.4855998480825958,-0.07359642785306689,1.0,0.06759459316622533,0.23369302600622177,0.75,0.03190879999601748,0.012098699997295626,0.06045850000373321,,D,0.003048780487804878,0.9226589542266873,4.68345553855046,0.01045504197900308,0.9344809540851886,0.15285544357845496,0.21111241514633186,0.17343551875885732,2.0,0.6853595819839371,0.3043408998983036
ecoli,P2_Full,,main,clean,0.0,20,0.1,33,0.6279761904761905,0.6406061450563826,0.504102422251902,-0.042074711868953306,1.0,0.06168334060853234,0.4991493549417047,0.47058823529411764,0.031234800000675023,0.016939200002525467,0.12091009999858215,,D,0.053800161767052844,0.9022250922950429,4.624195697130603,17.21605176545691,0.920012931915174,0.18192642711366344,0.21379693890884444,0.16440047021943574,2.0,0.6355900571183809,0.35454272828455713
ecoli,P2_Full,,main,clean,0.0,20,0.15,50,0.8125,0.739942708293086,0.7829326083129121,-0.06195480979674545,1.0,0.06990203612996891,0.369343613877016,0.5882352941176471,0.03175500000361353,0.009065400001418311,0.1689193999991403,,D,0.00891427941491387,0.9281309416575061,4.527993062109917,2.7010266627189026,0.9392266034442714,0.15438718751383548,0.21826842272309485,0.17922322033527857,2.0,0.706654826711055,0.28188588967001976
ecoli,P2_Full,,main,clean,0.0,20,0.2,67,0.8422619047619048,0.7844351625898434,0.8119870412755964,-0.05718598644408383,1.0,0.07724311606821718,0.34860022453700795,0.5294117647058824,0.026833899995835964,0.004037699996843003,0.2063510000007227,,D,0.007846866347588419,0.950688705494757,3.589171730287465,2.2442037754102877,0.9558647496367696,0.10496670578100872,0.2760846405173004,0.2731443994601889,2.0,0.7671318699627407,0.2413630405010302
ecoli,P2_Full,,main,clean,0.0,21,0.05,16,0.6101190476190477,0.6169389554721276,0.4327790703784453,-0.05496089656983956,1.0,0.06539599306725892,0.23050128296017647,0.75,0.02891700000327546,0.01382049999665469,0.058663899995735846,,D,0.012903704198207053,0.9168298532089517,5.487996875266496,4.2324149770119135,0.9285566908807326,0.14099816008792962,0.17971497822065813,0.14816886700977103,2.0,0.6646613709482101,0.3354353484856516
ecoli,P2_Full,,main,clean,0.0,21,0.1,33,0.6101190476190477,0.5919806504281248,0.4563848811911982,-0.04090972253832455,1.0,0.06457707202601493,0.44569894233170676,0.5882352941176471,0.03028160000394564,0.012325700001383666,0.1156942999950843,,D,0.013229129079227731,0.9112846446343533,5.582689816256135,4.233321305352874,0.9242980818671566,0.14668753993226508,0.17655184752212244,0.14390673981191224,2.0,0.659170107996689,0.3413239445187934
ecoli,P2_Full,,main,clean,0.0,21,0.15,50,0.7678571428571429,0.6842983046393233,0.643971556237841,-0.03250700568257914,1.0,0.0635032624810887,0.4164941486190347,0.5294117647058824,0.029376899998169392,0.010809599996719044,0.17231819999869913,,D,0.047820856175665706,0.9011002293456825,4.8804928987647145,14.48971942122671,0.9187288214168747,0.1782470470311721,0.2022645470943179,0.15474395121631368,2.0,0.6514464100279207,0.34247092545991487
ecoli,P2_Full,,main,clean,0.0,21,0.2,67,0.8184523809523809,0.7312755296848894,0.7477729032013352,-0.05375384666430413,1.0,0.07042293436378351,0.34527550462414236,0.6470588235294118,0.026808500006154645,0.013241100001323503,0.21958739999536192,,D,0.008359406876352516,0.9328069124996755,4.204500942927039,2.3907903666368195,0.9436563479053848,0.16146654082024234,0.23516611138015842,0.1975953870690713,2.0,0.7103046326068199,0.2807027548711769
ecoli,P2_Full,,main,clean,0.0,22,0.05,16,0.5952380952380952,0.608914186887363,0.4888363494317289,-0.04661993970995946,1.0,0.06376302719933828,0.28774239122867584,0.75,0.02901700000074925,0.011739400004444178,0.05735959999583429,,D,0.010917461530848141,0.9207692252231804,4.935256318339973,3.5809273821181904,0.9330330167079934,0.15478570693468743,0.20018526157126681,0.16006563735362125,2.0,0.6520428945439727,0.34083282864841685
ecoli,P2_Full,,main,clean,0.0,22,0.1,33,0.7827380952380952,0.6828769750026976,0.7182979237882829,-0.02941572345496597,1.0,0.06396268046583187,0.4554368993815254,0.5294117647058824,0.03113090000260854,0.01411999999982072,0.11258079999970505,,D,0.010779422846703923,0.9161676288172313,4.8289531773727346,3.4494153109452554,0.9295132966684042,0.1591946841402943,0.20459859014841233,0.16304858934169278,2.0,0.6541694319395243,0.3376721353567498
ecoli,P2_Full,,main,clean,0.0,22,0.15,50,0.7827380952380952,0.6850769976016301,0.7225570341264517,-0.06310916399885777,1.0,0.07487302221852053,0.36050883636755104,0.6470588235294118,0.02964120000251569,0.007626300000993069,0.15648240000155056,,D,0.01137173792673491,0.9437387282240944,3.9115826460377843,3.445636591800678,0.950333457992697,0.11721615172280611,0.25318626435363206,0.24265075514173934,2.0,0.7465189558446879,0.2568471965528351
ecoli,P2_Full,,main,clean,0.0,22,0.2,67,0.6309523809523809,0.7127128899377989,0.5401981601799513,-0.06287802311626492,1.0,0.07667343764891706,0.3149871510617873,0.7058823529411765,0.030747999997402076,0.003790299997490365,0.20696099999622675,,D,0.010493311599555865,0.9537174467167266,3.677203944017211,3.001087117472977,0.9589215498033203,0.11244200497629907,0.26939117792542544,0.25989449147343885,2.0,0.7624060286188679,0.24251297747031433
ecoli,P2_Full,,main,clean,0.0,23,0.05,16,0.6101190476190477,0.6289711021688934,0.48877756146554285,-0.06126735690032585,1.0,0.06738797522787512,0.25151099637150764,0.625,0.030748299999686424,0.010123600004590116,0.0579686999990372,,D,0.003048780487804878,0.929592692802283,4.874520900215267,0.010028060857487059,0.9397540556409072,0.14432256030029983,0.2027176275289166,0.17158946818825987,2.0,0.6837951369282451,0.30869744154355006
ecoli,P2_Full,,main,clean,0.0,23,0.1,33,0.6517857142857143,0.6552701386535025,0.5072323256600144,-0.06573977922681991,1.0,0.06790921383198054,0.32352562686976266,0.6470588235294118,0.030390499996428844,0.013468700002704281,0.11729609999747481,,D,0.011767603249625136,0.9239141164786063,4.552490765108843,3.7656330398800435,0.9357227637414605,0.15520155272342753,0.21721376633907272,0.1779780564263323,2.0,0.6883563426335513,0.2989742156548595
ecoli,P2_Full,,main,clean,0.0,23,0.15,50,0.6815476190476191,0.6884402170471112,0.5474048773999882,-0.05650412995281951,1.0,0.07023805447564431,0.2981579145964454,0.7058823529411765,0.028655199996137526,0.013991200001328252,0.18101020000176504,,D,0.008024291120876128,0.9378989262163102,4.499232384478626,2.431360209625467,0.9470255263059715,0.14696364384054028,0.21968483806472194,0.18470919939676086,2.0,0.7089948961489746,0.27880134724704286
ecoli,P2_Full,,main,clean,0.0,23,0.2,67,0.6994047619047619,0.709152843917879,0.5658132312524494,-0.06242262744359494,1.0,0.07344667005864097,0.2721467789481668,0.7647058823529411,0.025420300000405405,0.01625639999838313,0.2371430999992299,,D,0.007056646377963958,0.9494376661221519,3.710353004707229,2.018200864097692,0.957194095369633,0.1534033074149538,0.2669530333638225,0.23435161329898171,2.0,0.7358061920716961,0.25832984840159445
ecoli,P2_Full,,main,clean,0.0,25,0.05,16,0.5982142857142857,0.6167945017460541,0.43607415628934704,-0.05868244842963601,1.0,0.0647484688315614,0.22536814585328102,0.75,0.029219299998658244,0.01232239999808371,0.054534199996851385,,D,0.010755723956360501,0.9046623610846264,5.538875702380717,3.5278774576862446,0.9184038623724694,0.1441351122618075,0.17803606709322545,0.14671440292384574,2.0,0.6593734694014163,0.3401424273094368
ecoli,P2_Full,,main,clean,0.0,25,0.1,33,0.6904761904761905,0.6240384838981329,0.5847940008653086,-0.047006300208323776,1.0,0.06549657694483584,0.3963829401661368,0.5294117647058824,0.03028189999895403,0.008326700000907294,0.10185089999868069,,D,0.010460135090918364,0.9216564507796052,5.289401288014112,3.3472432290938765,0.9328381126353156,0.1427260057398511,0.18651517388434152,0.15366379310344827,2.0,0.6667216721295349,0.3312213133171131
ecoli,P2_Full,,main,clean,0.0,25,0.15,50,0.7708333333333334,0.6691412579990627,0.6929378699783695,-0.04747486424776058,1.0,0.0737801059533151,0.33857908494332256,0.5882352941176471,0.029143799998564646,0.006013500002154615,0.14532179999514483,,D,0.010357656707442013,0.9456802101997155,4.205993835250139,3.13836998235493,0.9528247485890559,0.1315273570757247,0.23523194876829945,0.212182807684742,2.0,0.7376657798529397,0.26361793890030566
ecoli,P2_Full,,main,clean,0.0,25,0.2,67,0.7976190476190477,0.7346261596545218,0.754804414589816,-0.047856352754463184,1.0,0.07547425435013026,0.3356555419809678,0.5294117647058824,0.025637999999162275,0.005272700000205077,0.18451310000091325,,D,0.009244759860531209,0.942511250552188,3.9791875584496497,2.6440013201119257,0.9497536329990397,0.1259791266363572,0.2486805901420669,0.23246227456753774,2.0,0.7525721786269626,0.2488422490701601
ecoli,P2_Full,,main,clean,0.0,24,0.05,16,0.8214285714285714,0.6707456121917459,0.7354753385672704,-0.05637154017566717,1.0,0.0682246972582597,0.21803661063313484,0.75,0.029525500001909677,0.01258879999659257,0.05306479999853764,,D,0.003048780487804878,0.9235801630889802,4.028804161289443,0.015693266134348235,0.9366295318821737,0.17075891968191004,0.24591356697669609,0.210058178563437,2.0,0.6924181725042686,0.2959908635645583
ecoli,P2_Full,,main,clean,0.0,24,0.1,33,0.8035714285714286,0.6857000969511617,0.7562679144837179,-0.05773696553292559,1.0,0.07636699706940123,0.3837305132080527,0.5294117647058824,0.030612400005338714,0.008142099999531638,0.11027810000086902,,D,0.003469141370121454,0.9508652642155832,3.6303916871300386,1.1101252384388653,0.9566333753700622,0.11739375540324727,0.27318106240434187,0.2655564263322884,2.0,0.759990888442349,0.24625023700096355
ecoli,P2_Full,,main,clean,0.0,24,0.15,50,0.8095238095238095,0.7010440242915688,0.7511631795641703,-0.047678458550697786,1.0,0.07406244187988038,0.3548951587256263,0.6470588235294118,0.03541589999804273,0.008875499996065628,0.1677415000012843,,D,0.0033003300330033004,0.9458701296820509,3.6606450990862918,0.8158550592038759,0.9521899744130541,0.11675336914501401,0.27076919233111313,0.262256026927196,2.0,0.7397811383473405,0.2643404410354332
ecoli,P2_Full,,main,clean,0.0,24,0.2,67,0.8928571428571429,0.8120038186515792,0.8519269473293087,-0.057462354538889565,1.0,0.07531037567655287,0.35205957644125996,0.5882352941176471,0.025292899998021312,0.00881900000240421,0.21152360000269255,,D,0.0034965034965034965,0.9414530881895897,3.780392862584216,0.6034918294647148,0.9484518053695555,0.11954033037010542,0.2619421503438573,0.2531959268801374,2.0,0.7511307529815449,0.2506637862401423
ecoli,P2_Full,,main,clean,0.0,26,0.05,16,0.5982142857142857,0.5883343047087242,0.4290925298154571,-0.07067807835242305,1.0,0.06762367524956937,0.341577360406518,0.625,0.0327737999978126,0.016683699999703094,0.06025970000337111,,D,0.004664974760652657,0.9246509135486831,4.810930133488654,1.5301117214940714,0.9359267161429418,0.149647502382713,0.20543756653800976,0.17179458491832625,2.0,0.6852352473599781,0.30878314562316167
ecoli,P2_Full,,main,clean,0.0,26,0.1,33,0.8422619047619048,0.7049644048891441,0.7453041189879476,-0.05627205169707589,1.0,0.06916885818625837,0.34788887465701385,0.6470588235294118,0.03032600000005914,0.007510100003855769,0.10514669999975013,,D,0.010215046943350436,0.9381562589756665,3.9568727068546576,3.2688150218721397,0.947994405708366,0.15908071810902483,0.2503822791279839,0.21969043887147335,2.0,0.6984262330091869,0.29770388023886596
ecoli,P2_Full,,main,clean,0.0,26,0.15,50,0.8214285714285714,0.7496830228257833,0.768478372673331,-0.06589545709968775,1.0,0.07935031057334238,0.31671185528530793,0.5882352941176471,0.02881820000038715,0.004189100000075996,0.14566760000161594,,D,0.0033003300330033004,0.9521118740836936,3.491725122050009,0.7261082943948624,0.9576179054902436,0.11497696560882065,0.28402844436405333,0.27740257469455554,2.0,0.7862078059474051,0.2176229816897583
ecoli,P2_Full,,main,clean,0.0,26,0.2,67,0.7738095238095238,0.728522776593722,0.7316765591796552,-0.07135867597517638,1.0,0.08436367175480357,0.2677527929053587,0.7058823529411765,0.026044300000648946,0.004225899996527005,0.18241629999829456,,D,0.0034965034965034965,0.9723922217615869,2.9123785701490887,0.7863900712408147,0.9750603408402647,0.09664374494885711,0.3410579620159116,0.34037541405962457,2.0,0.8280458827839021,0.18573155703088104
ecoli,P2_Full,,main,clean,0.0,27,0.05,16,0.6101190476190477,0.6312370958907311,0.512971852594385,-0.04394704073533451,1.0,0.06409613241495725,0.3118208087980747,0.75,0.02913500000431668,0.011624400001892354,0.05762959999992745,,D,0.010811614198883018,0.9163618737669823,5.059443364272109,3.54620945723363,0.9289017727292198,0.14993041483618477,0.19519653230693715,0.16021481315730587,2.0,0.6545349186411117,0.34330666044584557
ecoli,P2_Full,,main,clean,0.0,27,0.1,33,0.5654761904761905,0.5981428751902383,0.481206064706981,-0.03187777901931433,1.0,0.06427150383095241,0.4682006248656441,0.35294117647058826,0.029589099998702295,0.013642599995364435,0.11697800000547431,,D,0.010655570218394939,0.909698949198085,4.868200000918375,3.4097824698863803,0.9241638774411122,0.1601856026543643,0.20292386939772064,0.16212774294670845,2.0,0.6568360997324334,0.3368196920486085
ecoli,P2_Full,,main,clean,0.0,27,0.15,50,0.7916666666666666,0.7011351403500061,0.6539418667095466,-0.04528006819218929,1.0,0.06293243531101514,0.4231686004820992,0.5882352941176471,0.028260099999897648,0.01260069999989355,0.17333990000042832,,D,0.06268286441819435,0.9053629334338625,4.520613084737679,18.992907918712888,0.9226254702994888,0.18240777627614166,0.2186301553025668,0.16973750355167966,2.0,0.6470337505679511,0.3440493674971338
ecoli,P2_Full,,main,clean,0.0,27,0.2,67,0.8541666666666666,0.765609925162356,0.8122761639465064,-0.062495201285414276,1.0,0.07313323417410045,0.3541948155445211,0.5882352941176471,0.024955699998827185,0.012060599998221733,0.2184551000027568,,D,0.013944256106104091,0.937746465834109,4.083098724044617,3.98805724634577,0.9466991122643524,0.1438094487356602,0.24226259921541526,0.21479573058520426,2.0,0.7332694968512465,0.26015101185566153
ecoli,P2_Full,,main,clean,0.0,29,0.05,16,0.6875,0.635191786294196,0.5309647813024645,-0.06704883294380577,1.0,0.0675244564787713,0.3173966072499752,0.5,0.030081700002483558,0.010507400002097711,0.05598409999947762,,D,0.009512455242049791,0.9211129508895403,4.707975199764346,3.1200853193923312,0.9330624977556007,0.15147666189577333,0.20999699113748552,0.17492727679570375,2.0,0.6845041666447628,0.3042585372221476
ecoli,P2_Full,,main,clean,0.0,29,0.1,33,0.7797619047619048,0.6762277720718604,0.7114689414307206,-0.051560263851613775,1.0,0.0700232316771627,0.35952487237313213,0.5882352941176471,0.03304519999801414,0.01140770000347402,0.11733010000170907,,D,0.009257787898837666,0.9299017304180393,4.525284729008372,2.962492127628053,0.9399727433984252,0.1436699228161498,0.21853850308099235,0.18838166144200627,2.0,0.7067161992264414,0.2856864509450057
ecoli,P2_Full,,main,clean,0.0,29,0.15,50,0.7946428571428571,0.7171237883720487,0.720217213473234,-0.05563939542290586,1.0,0.07432353611641844,0.33483609557151794,0.5882352941176471,0.026786599999468308,0.012986499998078216,0.16496419999748468,,D,0.008209458806924221,0.9398696505628537,3.80003444280759,2.487466018498039,0.9466696906947917,0.11308831888705424,0.260715627103679,0.2560269271960309,2.0,0.7414706189231236,0.2650395787659455
ecoli,P2_Full,,main,clean,0.0,29,0.2,67,0.7232142857142857,0.7440696088167159,0.5950666229089209,-0.059035562335512166,1.0,0.07725413961235998,0.3137922392171972,0.5294117647058824,0.029313600003661122,0.005095100001199171,0.2159581000014441,,D,0.006555265210209182,0.949319668023583,3.6679501794559144,1.874805850119826,0.9549832516457601,0.1117511153007556,0.27007966925196925,0.2613912403386088,2.0,0.767533870186677,0.2363086079383263
ecoli,P2_Full,,main,clean,0.0,0,0.05,16,0.6369047619047619,0.6135560440642731,0.4946690382454517,-0.09103729843405489,1.0,0.06814300390224537,0.02127956598997116,1.0,0.029686599998967722,0.011872099996253382,0.056230000001960434,,E,0.003048780487804878,0.925709060980678,4.740767538146267,0.010175476334555027,0.9366670422828542,0.1475009125853993,0.2085232688516485,0.17658685761169537,3.1657338965153117,0.6897460891791283,0.3028880849328274
ecoli,P2_Full,,main,clean,0.0,0,0.1,33,0.6488095238095238,0.6051969606186967,0.502621726414424,-0.06616479633041374,1.0,0.06777802239100303,0.294029877466314,0.5882352941176471,0.029577000001154374,0.010894800005189609,0.10776340000302298,,E,0.010530571631034834,0.9199244304628736,4.598893092887517,3.3697829219311473,0.932369840623043,0.15542081351540238,0.21499047346842837,0.17913401253918496,3.1456031937000986,0.6872674819499297,0.3005799818742431
ecoli,P2_Full,,main,clean,0.0,0,0.15,50,0.8482142857142857,0.7146849124085574,0.7661806006088512,-0.07375010103577313,1.0,0.06752267625039557,0.3110378524836372,0.6470588235294118,0.028797300001315307,0.008133600000292063,0.15294990000256803,,E,0.013972081050737172,0.9251441931910754,4.49318568731619,4.233540558373363,0.9375029978519421,0.1651014822726266,0.21998493469032923,0.17959478067012,3.1420226359985395,0.6858938265640431,0.3023435948571684
ecoli,P2_Full,,main,clean,0.0,0,0.2,67,0.7976190476190477,0.694749678427047,0.7130263615787464,-0.07829110855606644,1.0,0.07720185231173617,0.23693941270603852,0.7058823529411765,0.024725999996007886,0.005097200002637692,0.18929320000461303,,E,0.022406392577710658,0.9501434457051234,3.4437773309594943,6.408228277225248,0.9559475275228082,0.1164156227756244,0.2878889217910497,0.282419335050914,2.6352085143353605,0.7668238343225445,0.24124347576616872
ecoli,P2_Full,,main,clean,0.0,28,0.05,16,0.5714285714285714,0.6109902517702006,0.4868937014505072,-0.06219203292874632,1.0,0.06134421762229775,0.2693631947040558,0.625,0.03746390000014799,0.010892199999943841,0.06467929999780608,,D,0.003048780487804878,0.9007052180401518,4.784992908730519,0.05723087972556071,0.918140818655465,0.1755943290389985,0.20656772475775154,0.16278809577086598,2.0,0.6328023067926997,0.3618341400653103
ecoli,P2_Full,,main,clean,0.0,28,0.1,33,0.6755952380952381,0.6702334983311551,0.5417932478314631,-0.03669211897803495,1.0,0.06201226545241154,0.4618600536795223,0.47058823529411764,0.030972400003520306,0.012846400000853464,0.13392580000072485,,D,0.05657114066979433,0.9023159881186287,4.630716333060544,18.102765014334185,0.9200790414688135,0.18184197196729043,0.2134914715114041,0.16561520376175548,2.0,0.6380911132480789,0.3525587013128707
ecoli,P2_Full,,main,clean,0.0,28,0.15,50,0.6845238095238095,0.7012264741384696,0.5696041073153408,-0.05817128867916541,1.0,0.06854406746454152,0.3450571666745579,0.6470588235294118,0.027268600002571475,0.014343800001370255,0.1914840000026743,,D,0.00935890577174006,0.9245278791099126,4.316555890435525,2.835748448837238,0.9371149603124667,0.16677789167850524,0.2291220250487882,0.18459991694533692,2.0,0.695646969882099,0.28847314845002114
ecoli,P2_Full,,main,clean,0.0,28,0.2,67,0.6964285714285714,0.7371706955812083,0.5870982068835977,-0.05087028247055542,1.0,0.06979655053475076,0.3323196996660793,0.6470588235294118,0.03172789999371162,0.027343300003849436,0.2731329000016558,,D,0.0076340259260868895,0.9295636531420246,4.170323453124257,2.1833314148608505,0.9417177978797203,0.17255501285724978,0.23712214871927564,0.18711814501288185,2.0,0.7059251949101456,0.2768284645714022
ecoli,P2_Full,,main,clean,0.0,1,0.05,16,0.5773809523809523,0.5914001237475623,0.4324730393750004,-0.09505816689124333,1.0,0.06414538630775203,0.03142528235912323,1.0,0.030907100001059007,0.012544400000479072,0.0611741999964579,,E,0.010881309186589713,0.9203895671989613,5.060389270530956,3.569069413201426,0.9323955370241613,0.15080900081532356,0.19515947383351162,0.15825688073394495,3.329710144927536,0.6557664047821943,0.33955418034620477
ecoli,P2_Full,,main,clean,0.0,1,0.1,33,0.6994047619047619,0.6360072689422822,0.5397592155764368,-0.07686537331227146,1.0,0.06493411956597815,0.27500590506721945,0.7058823529411765,0.02962110000225948,0.013799899999867193,0.11732379999739351,,E,0.014928470801009563,0.9151176269144752,5.370292806885301,4.77711065632306,0.9274793371915521,0.14563341984585632,0.18365851882124654,0.15150862068965518,3.4000711237553345,0.6612002957225859,0.33754722561864103
ecoli,P2_Full,,main,clean,0.0,1,0.15,50,0.7767857142857143,0.6657058618667409,0.6368280026869947,-0.060654218295913005,1.0,0.06965892134916941,0.24951415728120244,0.7647058823529411,0.031116300000576302,0.017861200001789257,0.18256259999907343,,E,0.014069983253159122,0.9253282283445665,4.4607901570219655,4.263204925707214,0.9371535446272288,0.15836394423891817,0.22160657532556696,0.18425021310078027,3.106850533807829,0.7046265241492778,0.28591785928697144
ecoli,P2_Full,,main,clean,0.0,1,0.2,67,0.8333333333333334,0.7219586922168997,0.7865248743985672,-0.08775799239255883,1.0,0.07213659620428871,0.22703418310950785,0.7058823529411765,0.02526459999353392,0.012122200001613237,0.22899060000054305,,E,0.023743220417420493,0.9305620798337916,4.109117145247554,6.790561039382261,0.9414394661100783,0.1566490794979221,0.24070640531097132,0.20976567292356765,2.941806059188209,0.7239135852647042,0.27485459396110673
ecoli,P2_Full,,main,clean,0.0,2,0.05,16,0.6339285714285714,0.6221819292310462,0.5005893894208525,-0.13908127549279134,1.0,0.067348781219126,0.012438356876373291,1.0,0.029448200002661906,0.011595500000112224,0.057159699994372204,,E,0.003048780487804878,0.9248762002766157,4.728936879051846,0.008825870322601528,0.9360671890114745,0.14896728834358114,0.20905259439704468,0.17544939210859997,3.1749123179934107,0.6832949974284366,0.3063254273346313
ecoli,P2_Full,,main,clean,0.0,2,0.1,33,0.6964285714285714,0.6422868530663314,0.5415403246744247,-0.0597556277426812,1.0,0.06762118449021087,0.2867464756264406,0.7058823529411765,0.03675509999447968,0.01606270000047516,0.12801979999494506,,E,0.022979918961936897,0.9246929162357366,4.569363454348168,7.353574067819807,0.9363490460306042,0.1547813195283888,0.2164001140967322,0.179173197492163,3.1452979770366323,0.6855785486362843,0.30378724884989533
ecoli,P2_Full,,main,clean,0.0,2,0.15,50,0.875,0.7673426060930463,0.7961854741074058,-0.07033336828082619,1.0,0.06809942476016369,0.2640829524573158,0.7058823529411765,0.028116299996327143,0.014300499999080785,0.17792379999445984,,E,0.04687678292486562,0.93110485564854,4.357032390765516,14.203665226234284,0.9421762933733602,0.16069982622201412,0.22696273748204354,0.18844665923545997,3.0766353514265834,0.6889727226286452,0.30385844881837265
ecoli,P2_Full,,main,clean,0.0,2,0.2,67,0.8005952380952381,0.7087515090964035,0.7310258844029502,-0.08430254224520428,1.0,0.08004237579258044,0.2067023392985849,0.7058823529411765,0.027831899999000598,0.004807099998288322,0.21758060000138357,,E,0.004277836238738252,0.9512985597873921,3.3698872232744996,1.2234611642791402,0.956675624653696,0.1104087444402086,0.2942782771438002,0.29235676604097655,2.6051195971464542,0.7920956735574365,0.21201433808592998
ecoli,P2_Full,,main,clean,0.0,3,0.05,16,0.5505952380952381,0.6054725610810144,0.4156434705932137,-0.08536569465757796,1.0,0.06465670724795729,0.017951518297195435,1.0,0.031237399998644833,0.005815899996377993,0.053979700001946185,,E,0.010793480213579426,0.9170009129639234,5.197739015343144,3.5402615100540515,0.9289733491703638,0.1442478060178712,0.18992159373814763,0.1586857611695383,3.3254406580493536,0.6589506402921776,0.3394566398601806
ecoli,P2_Full,,main,clean,0.0,3,0.1,33,0.7470238095238095,0.6522444379780347,0.6568556766003252,-0.08563708405091203,1.0,0.06617398713785756,0.21396471822963042,0.7058823529411765,0.04363339999690652,0.016426800000772346,0.12253950000012992,,E,0.005977802293022129,0.9276720535417388,4.45866388928766,1.9128967337670812,0.9392262830910391,0.15974778927213085,0.22185071985960844,0.1870297805642633,3.0866855227320347,0.6727176578440817,0.3256405958949529
ecoli,P2_Full,,main,clean,0.0,3,0.15,50,0.8214285714285714,0.6964963908239424,0.7577853313734833,-0.06372694555056199,1.0,0.07303290365718224,0.23368870861390056,0.8235294117647058,0.03244930000073509,0.0054176999983610585,0.18131110000103945,,E,0.011534588493112804,0.9386296476592931,3.920325945020585,3.49498031341318,0.946757619199861,0.13244133739764447,0.25261421127432987,0.23749262343452887,2.8026642738818333,0.7311580819814859,0.2708308100298008
ecoli,P2_Full,,main,clean,0.0,3,0.2,67,0.8333333333333334,0.7175251899978196,0.7839018699337496,-0.08459376990707226,1.0,0.07345060276805575,0.25441930399221535,0.7058823529411765,0.02517690000240691,0.012770599998475518,0.2290327000009711,,E,0.031553628154886874,0.9409826647519199,3.4722118078980797,9.024337652297646,0.9488651193170948,0.13356168203869045,0.28550262122516373,0.27633419212366583,2.654701651571657,0.7358822952295979,0.2690792783105399
ecoli,P2_Full,,main,clean,0.0,4,0.05,16,0.5625,0.5708438679623069,0.3937796959098605,-0.12949963428377986,1.0,0.06812393559566975,0.010341711342334747,1.0,0.031008500001917128,0.012457899996661581,0.06593819999397965,,E,0.003048780487804878,0.9250437180809284,4.81663283495805,0.010028352210913711,0.9360326549206702,0.14660461482876416,0.2051907159668035,0.1720183486238532,3.203333333333333,0.690518045561009,0.2997081134760458
ecoli,P2_Full,,main,clean,0.0,4,0.1,33,0.6875,0.6465868003444312,0.5375418442756958,-0.0705120871088248,1.0,0.06639842807442056,0.26549847336376414,0.6470588235294118,0.03720469999825582,0.023646100002224557,0.1459069999982603,,E,0.010872316201239223,0.9309584257590267,4.515692915625011,3.479141184396551,0.9414185600672468,0.1515048638913056,0.2190093608117709,0.1898510971786834,3.0668214654282764,0.6741668572552971,0.32474904880851324
ecoli,P2_Full,,main,clean,0.0,4,0.15,50,0.875,0.7520311004473103,0.8086756165849235,-0.06648303512712965,1.0,0.06848045054448003,0.23577137379085317,0.6470588235294118,0.029182699996454176,0.01687829999718815,0.19801889999507694,,E,0.016474706776474887,0.9256234080622268,4.518028773416386,4.9918361532718905,0.9375080829040655,0.15979052726403506,0.21875710573527657,0.17994448451467662,3.139317381270497,0.6939161925721049,0.29428114095679697
ecoli,P2_Full,,main,clean,0.0,4,0.2,67,0.8244047619047619,0.7368192681342517,0.7854857444175612,-0.07226983810840432,1.0,0.08001165828987886,0.2341913615956026,0.7058823529411765,0.02561000000423519,0.0032563000058871694,0.23499349999474362,,E,0.009875472696864097,0.9556760306666221,3.4329409014049617,2.824385191303132,0.9606765099242639,0.11281659411031682,0.28880874845601423,0.2824929456508404,2.634977851124815,0.7906522499421728,0.2174191714820355
ecoli,P2_Full,,main,clean,0.0,5,0.05,16,0.5744047619047619,0.5511083901314524,0.4091454961142246,-0.09603438059998542,1.0,0.07135740898866222,0.03654956817626953,1.0,0.03619060000346508,0.01369900000281632,0.0610099999976228,,E,0.003048780487804878,0.9376450713336781,4.472532023083698,0.009832047511469875,0.9455297400064262,0.1264482029149781,0.22121264440559144,0.2023196837472962,2.985668202764977,0.7157094023697772,0.2836309157173269
ecoli,P2_Full,,main,clean,0.0,5,0.1,33,0.7886904761904762,0.6607516665734577,0.7376464883200257,-0.07614795437970727,1.0,0.06429703791397338,0.24624194993692286,0.6470588235294118,0.030921999998099636,0.011417299996537622,0.1187290000016219,,E,0.010693782940317842,0.9275874318638956,5.008067481565253,3.4220105409017094,0.9382569237722345,0.14734309503130485,0.19716897361525562,0.16410658307210033,3.2734001910219677,0.6550726880484767,0.34600132059946503
ecoli,P2_Full,,main,clean,0.0,5,0.15,50,0.8273809523809523,0.6976615106472579,0.7652859306784668,-0.07297031729521844,1.0,0.07536516108789401,0.2957615940009846,0.6470588235294118,0.026238599995849654,0.012533799999800976,0.17428780000045663,,E,0.013999233130206802,0.9490890745915616,3.698667211163052,4.241767638452661,0.9547958313775088,0.11209296904670525,0.26795165914519636,0.26151290625751317,2.705975762641036,0.7512655539096343,0.2564991484624494
ecoli,P2_Full,,main,clean,0.0,5,0.2,67,0.8363095238095238,0.7041095655329996,0.7716473359280314,-0.08136221584593824,1.0,0.07608633339166268,0.21682222099865184,0.7058823529411765,0.024424199997156393,0.013095399997837376,0.22115990000020247,,E,0.023599718750693027,0.9584555770274946,3.483116527819546,6.749519562698206,0.9632160246900737,0.11458692459706539,0.2845978027181467,0.27515642252484357,2.658574103798823,0.7572165489439685,0.24923669090255662
ecoli,P2_Full,,main,clean,0.0,6,0.05,16,0.6875,0.6219125868397504,0.5199165702429629,-0.07823347775070547,1.0,0.06253916177441775,0.01835273951292038,1.0,0.036486999997578096,0.014171700000588316,0.06464839999534888,,E,0.003048780487804878,0.8952151206033215,5.185144847478876,0.05739894929407528,0.9127842520236409,0.16766857509859606,0.19039032099242745,0.1509286193779369,3.406412157153447,0.6422535033587968,0.35519978647657446
ecoli,P2_Full,,main,clean,0.0,6,0.1,33,0.8065476190476191,0.6729537597885807,0.746236125434684,-0.0906527982339627,1.0,0.06779837156741207,0.24049941055914936,0.6470588235294118,0.03054139999585459,0.01004819999798201,0.11758319999353262,,E,0.009691136969456471,0.9182614809973128,4.622466127537403,3.1011638302260707,0.9305739887547064,0.15063287061744926,0.21387810738527213,0.18162225705329155,3.1264832793959005,0.6877961688868003,0.3002562379791709
ecoli,P2_Full,,main,clean,0.0,6,0.15,50,0.6785714285714286,0.6804884670922206,0.5531044676773265,-0.08849073902619793,1.0,0.07396352319136888,0.1894405063460855,0.8235294117647058,0.027856799999426585,0.009262099993065931,0.17011509999429109,,E,0.0120665590759895,0.9452635019592603,3.7361052922509836,3.6561674000248185,0.9518260363495978,0.1198932088321236,0.26523343727931165,0.2570760387297008,2.722474919231423,0.7392305389911586,0.26860287440531033
ecoli,P2_Full,,main,clean,0.0,6,0.2,67,0.8422619047619048,0.7489294501028444,0.8044637314857512,-0.06822114434234973,1.0,0.06959932221799144,0.25241245417033925,0.7058823529411765,0.026521699997829273,0.012980399995285552,0.21867740000016056,,E,0.01620204385206087,0.9222537821877961,4.3403369505620395,4.633784541689408,0.9356038113269876,0.17171290790554644,0.22769649700669845,0.1817200343516133,3.125742641101809,0.7043819078804935,0.28129937275850203
ecoli,P2_Full,,main,clean,0.0,7,0.05,16,0.5773809523809523,0.5761079819347619,0.4280230808046625,-0.08604209461106645,1.0,0.061853590167219294,0.015493959188461304,1.0,0.030803900001046713,0.013808800002152566,0.054168700000445824,,E,0.003048780487804878,0.8799841437125439,5.265187310187107,0.05792460955412465,0.9006327532775495,0.17204901255338412,0.18744947816400503,0.14725516521220258,3.4477333164492845,0.6370018105846553,0.3621368209258763
ecoli,P2_Full,,main,clean,0.0,7,0.1,33,0.6845238095238095,0.6677636415702156,0.5329699203196194,-0.06727764580882628,1.0,0.06256816007407656,0.2828601896762848,0.7058823529411765,0.029751800000667572,0.006492699998489115,0.10584479999670293,,E,0.053664881226068314,0.9071991788130251,4.874289928407149,17.17276199234186,0.9231161357577925,0.1715174148372878,0.20266642013832323,0.16157915360501568,3.297229295501394,0.6427058474012805,0.35258413768637664
ecoli,P2_Full,,main,clean,0.0,7,0.15,50,0.7083333333333334,0.6791044976833548,0.5447787095909313,-0.06711979214779462,1.0,0.06836019676627748,0.26732366312952605,0.7647058823529411,0.02724350000062259,0.012207500003569294,0.15688779999618419,,E,0.00953139016461839,0.9248313541599963,4.469329707411547,2.888011219879372,0.9370040306526523,0.16193821714662038,0.22117682471433114,0.1833103840185343,3.113807082389412,0.693336891662325,0.29567879709684336
ecoli,P2_Full,,main,clean,0.0,7,0.2,67,0.6994047619047619,0.7122289030809276,0.5676713972499748,-0.08056049609747783,1.0,0.0693348005005621,0.2524202834157383,0.6470588235294118,0.025112800001807045,0.009084999997867271,0.2049120999945444,,E,0.024546688982110116,0.9266402620619036,4.323082824836954,7.020353048883493,0.9390284866086466,0.16886953109342526,0.22861927478824223,0.18728990307937676,3.0848290318354517,0.7019601915485051,0.28510645228129067
ecoli,P2_Full,,main,clean,0.0,8,0.05,16,0.6964285714285714,0.6201961508964058,0.5380116725405225,-0.06676319849382875,1.0,0.0684186971907847,0.03237318992614746,1.0,0.029741300000750925,0.00946529999782797,0.050135199999203905,,E,0.003048780487804878,0.93145668491318,4.72076241030745,0.011233981495833559,0.941441367031182,0.1456696704172378,0.20941988512754467,0.17634444693070783,3.1676800253780266,0.692413236182356,0.3000204114180419
ecoli,P2_Full,,main,clean,0.0,8,0.1,33,0.7440476190476191,0.6509850690748124,0.6622912839872325,-0.08554816217371372,1.0,0.07073422722332744,0.23912393696167888,0.7058823529411765,0.03443089999927906,0.00722210000094492,0.09990319999633357,,E,0.010492764291614606,0.9299199964215539,4.46472847743929,3.357684573316674,0.9395027961506124,0.13674085673143174,0.22154511460228765,0.19864811912225705,3.0085067560903442,0.7118439087943759,0.2838884610827627
ecoli,P2_Full,,main,clean,0.0,8,0.15,50,0.8244047619047619,0.6981100983131634,0.7439314591029764,-0.06065425112944465,1.0,0.07456410001961147,0.21686305719263413,0.7058823529411765,0.028607099993678275,0.004757499998959247,0.14339969999855384,,E,0.013845079306497969,0.9441760269811156,3.9419345338650014,4.195059029868885,0.9511276373031001,0.12452733021408066,0.25121129902430034,0.2369899241579787,2.8048971686802546,0.7444063193332964,0.2593600301532169
ecoli,P2_Full,,main,clean,0.0,8,0.2,67,0.7053571428571429,0.6822062964236199,0.5485720483891836,-0.08436300755576061,1.0,0.07639053209639661,0.21619499255629146,0.7647058823529411,0.026368699996965006,0.0075390000056358986,0.1969387999997707,,E,0.022450998514020302,0.9511139133905785,3.51714074970394,6.420985575009806,0.9570846825248054,0.12213636943228401,0.2818107086779095,0.2717948717948718,2.669811320754717,0.760258560689746,0.24568945793142566
ecoli,P2_Full,,main,clean,0.0,9,0.05,16,0.5803571428571429,0.5989269647420353,0.4175536450029796,-0.11509277059882186,1.0,0.06551225309956858,0.0195564404129982,1.0,0.031016200002341066,0.012810299995180685,0.06012080000073183,,E,0.011514111664544779,0.9196376168384629,5.506420856042013,3.7766286259706874,0.9307886837382827,0.13875978363415192,0.17910343619713667,0.14872827627358842,3.4309177532597794,0.6669458389260665,0.33212755353189943
ecoli,P2_Full,,main,clean,0.0,9,0.1,33,0.6815476190476191,0.6300053694519677,0.5165096199975144,-0.07969259627926725,1.0,0.06469606886684556,0.2946942238246693,0.5882352941176471,0.030690200001117773,0.012875899999926332,0.11940870000398718,,E,0.012928465312713789,0.9087396221068388,5.499830323728309,4.137108900068412,0.9221681975795412,0.14714573599972602,0.1792589754223736,0.1468652037617555,3.452241195304162,0.6587230566368486,0.34218687615895244
ecoli,P2_Full,,main,clean,0.0,9,0.15,50,0.7083333333333334,0.6878233637098525,0.5610146671770618,-0.08505865415404845,1.0,0.06959461600301027,0.2180647867567399,0.7647058823529411,0.027302300004521385,0.012539999996079132,0.17624300000170479,,E,0.01586394549498676,0.9241703552302594,4.463851273884638,4.806775484980989,0.9359131517788992,0.15485759671296492,0.22145233636666883,0.1863702926584049,3.091415503694148,0.7039331458897222,0.28347783561705076
ecoli,P2_Full,,main,clean,0.0,9,0.2,67,0.7440476190476191,0.7002974008856759,0.5868389923076434,-0.07990145600482039,1.0,0.07014059285308447,0.24961576917592218,0.7058823529411765,0.026085500001499895,0.013679199997568503,0.2282374999995227,,E,0.02431663235238379,0.9232267495290915,4.338942264118489,6.954556852781764,0.9360770901363584,0.1673804421259497,0.22777081439435531,0.18463992148202674,3.103986710963455,0.7090658409519348,0.27691610739376926
ecoli,P2_Full,,main,clean,0.0,10,0.05,16,0.6071428571428571,0.5901546349445232,0.45215946933141793,-0.0893835008511984,1.0,0.06185311684877733,0.01840057224035263,1.0,0.03067169999849284,0.012451599999621976,0.05562179999833461,,E,0.003048780487804878,0.8855901253102141,5.198894051521563,0.05763560249514635,0.9053750889642044,0.1729305596010465,0.18987871951714008,0.1492317446110241,3.425246782456579,0.6359282564211289,0.36177427696931796
ecoli,P2_Full,,main,clean,0.0,10,0.1,33,0.6904761904761905,0.6593252630284461,0.5363592950239952,-0.06187614285182684,1.0,0.06307036854299078,0.2847304966519861,0.6470588235294118,0.03149049999774434,0.009567600005539134,0.11251329999504378,,E,0.05196697038383813,0.8987531746262941,4.854912759749668,16.6294305228282,0.9161569570734236,0.17189459899499546,0.2034878241628621,0.16265673981191223,3.286979041194893,0.6468962434180202,0.3491315550015891
ecoli,P2_Full,,main,clean,0.0,10,0.15,50,0.7083333333333334,0.6794741857531824,0.5447135736653229,-0.06817170422691864,1.0,0.06890916208277827,0.23520346248851104,0.8823529411764706,0.028501099994173273,0.012601300004462246,0.1654218999974546,,E,0.009521773507884699,0.927799744457952,4.442497078102737,2.8850973728890636,0.9394227607876591,0.16098303589712443,0.2225327300552425,0.18451249098419775,3.1049218194740584,0.6982514945911447,0.2902892374084568
ecoli,P2_Full,,main,clean,0.0,10,0.2,67,0.7202380952380952,0.6921982990779401,0.5626366822751402,-0.08055394546671706,1.0,0.0702180506807059,0.2297962851384107,0.7058823529411765,0.025276700005633757,0.008753100002650172,0.22088099999382393,,E,0.02443359107953822,0.926297379810905,4.323638943692306,6.9880070487479315,0.9383586238105391,0.1636474248634457,0.22858941781236675,0.19106858054226475,3.0584307178631054,0.7091625148773625,0.2798122260948714
ecoli,P2_Full,,main,clean,0.0,11,0.05,16,0.625,0.6104912623154598,0.4886340880744456,-0.10343218456258672,1.0,0.0650026113912643,0.05030766874551773,1.0,0.030509199998050462,0.00921290000405861,0.05589250000048196,,E,0.01375690409820585,0.9218223591417508,4.706482195613031,4.512264544211519,0.9334312865650015,0.14849421517208364,0.21006457710259527,0.17824643842768703,3.152552568260278,0.6613197834506914,0.33950358553118265
ecoli,P2_Full,,main,clean,0.0,11,0.1,33,0.8125,0.6802306885960078,0.7449666638970467,-0.07477345912535072,1.0,0.0641132032010499,0.27563297222642336,0.6470588235294118,0.028362199998809956,0.012335799998254515,0.11277179999888176,,E,0.012006613838038804,0.9139756216564955,4.794712202791366,3.8421164281724174,0.9276409460053286,0.158854090107646,0.2060820980842643,0.1669278996865204,3.247652582159624,0.6547242380400158,0.33900895294490246
ecoli,P2_Full,,main,clean,0.0,11,0.15,50,0.6815476190476191,0.6774117422658902,0.5507117560436419,-0.07010711331472032,1.0,0.07395055470563215,0.24988066799500408,0.7058823529411765,0.028747899996233173,0.01290510000399081,0.17040819999965606,,E,0.014171534752276713,0.9428481911298542,3.564175167498864,4.293975029939844,0.94998851663837,0.12493612450201444,0.27818760502890455,0.2680698533429502,2.6825927435792907,0.7384323469535332,0.2675904304925189
ecoli,P2_Full,,main,clean,0.0,11,0.2,67,0.6964285714285714,0.7110267530439984,0.5741803937334543,-0.06799038040313808,1.0,0.07007149305185895,0.20599560702548309,0.8823529411764706,0.026489199997740798,0.01245560000097612,0.22578889999567764,,E,0.02271877813903854,0.9274986264581617,4.224722154876071,6.497570547765022,0.9399644279607163,0.17193883223965414,0.2340237178154713,0.18861489387805178,3.075452061922727,0.7080512026515806,0.2775770085503274
ecoli,P2_Full,,main,clean,0.0,12,0.05,16,0.5684523809523809,0.596325374052798,0.47576888404609696,-0.07774551682913597,1.0,0.06189707118189772,0.038619257509708405,1.0,0.03103469999769004,0.012526500002422836,0.0599447999993572,,E,0.010800710774227076,0.9177496550092157,5.172300910972199,3.542633133946481,0.9306050051621009,0.15629539492296982,0.19087069507165674,0.15344596106511524,3.3792380605176815,0.6361794535843759,0.3610993966498669
ecoli,P2_Full,,main,clean,0.0,12,0.1,33,0.6577380952380952,0.6181177905260556,0.5135932585119725,-0.05692006747379635,1.0,0.06359341932847641,0.286828149767483,0.6470588235294118,0.031011899998702575,0.012267600002815016,0.12393420000444166,,E,0.015315473355981536,0.9085187044482562,4.946142983816483,4.900951473914091,0.9230320182274285,0.15864788197018148,0.19967672771495462,0.1610501567398119,3.3023114355231145,0.6504595626028662,0.343841379163724
ecoli,P2_Full,,main,clean,0.0,12,0.15,50,0.7351190476190477,0.7071390502851844,0.5867148004943716,-0.06323778816717585,1.0,0.06782829449847469,0.27769932852071877,0.7647058823529411,0.027576000000408385,0.010705900000175461,0.17601060000015423,,E,0.014608086110083731,0.9212751887116528,4.5797598222672775,4.426250091355371,0.934097290973703,0.16287244201940937,0.21576382365081048,0.17784626144733678,3.155708492073246,0.6883917748614431,0.30405740926926117
ecoli,P2_Full,,main,clean,0.0,12,0.2,67,0.6875,0.7035389459690349,0.5503304912075919,-0.07020464367457861,1.0,0.0716914961699444,0.20303497069022236,0.7647058823529411,0.02660979999927804,0.011677999995299615,0.2286487000019406,,E,0.024232615738330975,0.9324872945478919,4.362920483772612,6.930528101162659,0.9429826122060702,0.15545692603925332,0.2264997225321446,0.19097043307569622,3.059103173583451,0.7209346381430108,0.27020487015243977
ecoli,P2_Full,,main,clean,0.0,13,0.05,16,0.6815476190476191,0.6200585237543691,0.5194649776319467,-0.10580732819126101,1.0,0.06795729910099926,0.02773018181324005,1.0,0.031212800000503194,0.012331099998846184,0.06033579999348149,,E,0.003048780487804878,0.9285130921443162,4.725670139951535,0.01016475799058432,0.9390806829740985,0.14782554102236384,0.20919922128623653,0.17446110240918922,3.182984181274049,0.6890498559587969,0.2989234932393199
ecoli,P2_Full,,main,clean,0.0,13,0.1,33,0.7083333333333334,0.6293012402812932,0.5401414522237556,-0.06638167297428378,1.0,0.06903671306364456,0.24736246641944437,0.7058823529411765,0.030489899996609893,0.013590900001872797,0.12136149999423651,,E,0.010553656465175055,0.9301485481531659,4.550048935042404,3.3771700688560173,0.9404563359409549,0.1475672661806828,0.21733201863764778,0.185403605015674,3.098409595265772,0.6981977516920712,0.29201168525610627
ecoli,P2_Full,,main,clean,0.0,13,0.15,50,0.7023809523809523,0.6655067858660043,0.540892368473915,-0.060967989780261536,1.0,0.07036745066362189,0.23544170575983384,0.7058823529411765,0.028389400002197362,0.013243999994301703,0.17895019999559736,,E,0.014054320468474516,0.9292836767815078,4.458758432809,4.258459101947778,0.9400588962662428,0.15237245086177448,0.22170906372348015,0.18938648831770594,3.070051933064051,0.7097363533670377,0.2821238866458642
ecoli,P2_Full,,main,clean,0.0,13,0.2,67,0.7440476190476191,0.6856134453308248,0.571181102043194,-0.09500931777175381,1.0,0.0698290114876084,0.1790887573186089,0.8235294117647058,0.025493499997537583,0.01282560000254307,0.23403549999784445,,E,0.022582047318937162,0.9304833165230688,4.317911007418418,6.458465533216028,0.9420469281608749,0.16634297062867445,0.22889730828019805,0.18532695374800637,3.0989672977624787,0.7062657268549698,0.2787116243188531
ecoli,P2_Full,,main,clean,0.0,14,0.05,16,0.6190476190476191,0.6015657478109332,0.4600996784780233,-0.09856742915775553,1.0,0.06411358495088662,0.01620987057685852,1.0,0.029952400000183843,0.010745200001110788,0.05697599999984959,,E,0.013367522186333207,0.9053989708967286,5.636085064118983,4.384547277117292,0.9192706694130809,0.14663369572025678,0.17491261374150313,0.14171701350041024,3.514078947368421,0.6550366647508179,0.34549579589076407
ecoli,P2_Full,,main,clean,0.0,14,0.1,33,0.7886904761904762,0.6785795666327399,0.6982139567018288,-0.05725801752883432,1.0,0.0634757208872932,0.30393613261335034,0.5882352941176471,0.033254100002523046,0.013078699994366616,0.11605080000299495,,E,0.015392188331584001,0.9107419190054047,5.232762398789304,4.92550026610688,0.9243545093341472,0.15250821188466665,0.1885679259167569,0.15427115987460815,3.370523241046482,0.6488954289507789,0.3510900359986396
ecoli,P2_Full,,main,clean,0.0,14,0.15,50,0.7946428571428571,0.6918783653225464,0.73073248395512,-0.06450577750162766,1.0,0.07284439352054825,0.2074812615618986,0.8235294117647058,0.02770540000346955,0.0083809999996447,0.16725299999961862,,E,0.013947202162710687,0.9397715098846585,3.976087010175992,4.2260022553013386,0.947526155884864,0.12875378388790476,0.24902508539601761,0.23478241863921492,2.814815676782722,0.7292219667405121,0.27503200942705053
ecoli,P2_Full,,main,clean,0.0,14,0.2,67,0.8333333333333334,0.733923921773191,0.7615311701807773,-0.07625950791689483,1.0,0.0748782863627755,0.2579947920406566,0.7647058823529411,0.02563229999941541,0.01244609999412205,0.21143540000048233,,E,0.023044788580022308,0.9332533929224929,3.5439366758591984,6.590809533886381,0.9413604134227154,0.12145966447116144,0.27965339029660186,0.2775610354557723,2.650702793493635,0.7469294398960757,0.2599510361343024
ecoli,P2_Full,,main,clean,0.0,15,0.05,16,0.5327380952380952,0.5567239329944966,0.3980519940583063,-0.07955484157035345,1.0,0.058414403946464,0.03468529134988785,1.0,0.032124999997904524,0.011770199998863973,0.060408400000596885,,E,0.050005071588796725,0.8888327086823669,5.221475521263396,16.401663481125325,0.9083447615395157,0.1755197291026723,0.18904431992567536,0.1443089430894309,3.482394366197183,0.6057943496466491,0.39939239974982177
ecoli,P2_Full,,main,clean,0.0,15,0.1,33,0.7946428571428571,0.6683262910428341,0.7451572524990697,-0.054550174400323496,1.0,0.05810999442898932,0.34144417415646944,0.5882352941176471,0.030495400002109818,0.012322800001129508,0.11790240000118501,,E,0.053437882017154124,0.8881703930317557,5.290467937894449,17.10012224548932,0.9084144670254999,0.181026067627089,0.18647693716874061,0.13863636363636364,3.55327868852459,0.6038296304595786,0.40107542424562354
ecoli,P2_Full,,main,clean,0.0,15,0.15,50,0.8303571428571429,0.6998262365157873,0.7737544026892998,-0.07000535930315813,1.0,0.07389926471988376,0.25017685224028197,0.6470588235294118,0.028257799996936228,0.008691600000020117,0.16404719999991357,,E,0.01150008664120705,0.9443349073123872,3.630041727158246,3.484526252285736,0.9510849921768172,0.12126243824493044,0.2730798506096249,0.2656000699407689,2.6912648123765637,0.7387682923936206,0.26884371746884855
ecoli,P2_Full,,main,clean,0.0,15,0.2,67,0.8541666666666666,0.7373565884351403,0.8012814453192996,-0.0845417605759326,1.0,0.0756703976164657,0.21766025879803827,0.7058823529411765,0.02812600000470411,0.010113700001966208,0.211043499999505,,E,0.023450900777759527,0.9477737834212416,3.45631524654492,6.706957622439225,0.953998589886172,0.11918930515564338,0.28683186552590945,0.2828609986504723,2.6338263358778624,0.7537696526489767,0.25605747907097753
ecoli,P2_Full,,main,clean,0.0,16,0.05,16,0.6547619047619048,0.6222784552914823,0.4965702714238728,-0.10303182627036564,1.0,0.06793923144932251,0.03180234879255295,1.0,0.02988519999780692,0.013736799999605864,0.06011450000369223,,E,0.003048780487804878,0.9206293127052277,4.645942623614139,0.010458657067987289,0.9326430029227858,0.1513618015293328,0.21284170048551163,0.17917878720071603,3.1452544489541054,0.6880601627092546,0.30152444960328356
ecoli,P2_Full,,main,clean,0.0,16,0.1,33,0.7380952380952381,0.6486222446656149,0.5701679576501942,-0.07098793118574097,1.0,0.06817073014033861,0.24705364073024078,0.8235294117647058,0.03243039999506436,0.012405900000885595,0.11960370000451803,,E,0.010582392834001064,0.9223603283915329,4.550485407792575,3.3863657068803406,0.9344249608664287,0.15539262628179476,0.21731087193605733,0.18027037617554859,3.1368057819802195,0.6910187794439977,0.29754142718415755
ecoli,P2_Full,,main,clean,0.0,16,0.15,50,0.6994047619047619,0.6935032569708806,0.5601866829299121,-0.06821422050373084,1.0,0.07003990523261253,0.2253568163689445,0.7647058823529411,0.02907740000227932,0.011820300002000295,0.1861239999998361,,E,0.013916967375376416,0.9266681238806344,4.40516046983102,4.216841114739054,0.9376683318198713,0.1500058163155596,0.22444690516433893,0.1956374445391559,3.0278739805608312,0.7066450379025668,0.28584827138336116
ecoli,P2_Full,,main,clean,0.0,16,0.2,67,0.8809523809523809,0.7702800549071432,0.8149898787870733,-0.07603123398480273,1.0,0.06993313012808837,0.18509205649880803,0.8823529411764706,0.026428899996972177,0.013608399996883236,0.2341803000017535,,E,0.022723852168442943,0.9320167571708666,4.340531109339474,6.499021720174682,0.9432717900014067,0.16555598647784464,0.22768615483169216,0.18456631088210035,3.1045267216165913,0.7071071329777806,0.2793786482204994
ecoli,P2_Full,,main,clean,0.0,18,0.05,16,0.6398809523809523,0.5956405904434328,0.44002297176129207,-0.09982275896969212,1.0,0.0615377356843198,0.021276801824569702,1.0,0.03160220000427216,0.01396480000403244,0.06196959999942919,,E,0.003048780487804878,0.904056031420176,4.879785527824325,0.01511169040951679,0.9203905715916947,0.17025082882545775,0.20249562338730517,0.16737525173416873,3.243649732620321,0.6342826922052355,0.3595872870738561
ecoli,P2_Full,,main,clean,0.0,18,0.1,33,0.7202380952380952,0.6258320006850594,0.5713084568023699,-0.07574896816709321,1.0,0.06594070506868814,0.2251449928564184,0.6470588235294118,0.03215740000450751,0.0127823000002536,0.11867559999518562,,E,0.010800464708246738,0.9183312182488508,4.714018222246357,3.456148706638956,0.9313849512760818,0.15983748927474656,0.20966344698963674,0.17239420062695926,3.2001647914535742,0.6718393928743724,0.3170148362697116
ecoli,P2_Full,,main,clean,0.0,18,0.15,50,0.7857142857142857,0.68495571616559,0.7120745700525978,-0.0706395723452523,1.0,0.07188161496768945,0.25757476161508,0.6470588235294118,0.029254400003992487,0.013401099997281563,0.1689641999982996,,E,0.013871244856401354,0.9351529391547718,4.376899370538715,4.20298719148961,0.9443386157717764,0.1416513947937924,0.2259175115289739,0.1991563394750071,3.0052952151009658,0.7225447659821039,0.27264620682070595
ecoli,P2_Full,,main,clean,0.0,18,0.2,67,0.8303571428571429,0.734820439937318,0.7565736679531162,-0.07589019936145346,1.0,0.07587439735359844,0.18754886879640467,0.7647058823529411,0.026937700000416953,0.004259300003468525,0.2117013999959454,,E,0.022450214407442073,0.943234555642076,3.8352402761032502,6.420761320528433,0.9500619475331601,0.12027373287232994,0.25814596146002905,0.24853392221813275,2.7558989041366373,0.7564040698119405,0.24618118263190705
ecoli,P2_Full,,main,clean,0.0,17,0.05,16,0.5386904761904762,0.5670468104914881,0.3700464346033647,-0.08409051664922426,1.0,0.062110981434625574,0.11454324796795845,0.875,0.03236789999937173,0.014655200000561308,0.06075979999877745,,E,0.014101946928032204,0.9010965347014985,4.930094836786348,4.625438592394563,0.918313063605781,0.17407407164472052,0.20039804386387888,0.16017751920638473,3.3107683352735737,0.6400123816104324,0.35136857773157115
ecoli,P2_Full,,main,clean,0.0,17,0.1,33,0.7232142857142857,0.6135628580605714,0.6002085775173839,-0.05691040730406143,1.0,0.06250780436179057,0.3065490284386803,0.5882352941176471,0.04345959999773186,0.010284899995895103,0.12859409999509808,,E,0.010796912990670293,0.9031281062481785,5.450353372623094,3.455012157014494,0.9184445740871643,0.15811054420207157,0.1809147006763868,0.14496473354231976,3.4745573726179213,0.6407382996542701,0.3578610079407309
ecoli,P2_Full,,main,clean,0.0,17,0.15,50,0.7113095238095238,0.6855858828243777,0.5613405700881612,-0.07223042731084235,1.0,0.07171104360234243,0.18995290644028606,0.7647058823529411,0.03831509999872651,0.008450500004983041,0.19548589999612886,,E,0.01385809064422365,0.9383610443794645,4.145815750241458,4.199001465199766,0.9470578367797016,0.14109246843468012,0.2386944937188434,0.21358162306296855,2.920512689316414,0.7199026391993163,0.278479709897267
ecoli,P2_Full,,main,clean,0.0,17,0.2,67,0.7529761904761905,0.7138808434176303,0.6000505113944838,-0.06646827973594106,1.0,0.07029267703611615,0.25338511782533985,0.6470588235294118,0.025740199998836033,0.014457700002822094,0.24893849999352824,,E,0.022659195490520347,0.9304771991575361,4.355981091841533,6.480529910288819,0.9420732659456621,0.16679516140902137,0.2268661426466713,0.18365844681634155,3.11122244488978,0.7092090195244375,0.27926171965064656
ecoli,P2_Full,,main,clean,0.0,19,0.05,16,0.5982142857142857,0.5909174714258474,0.48026682857223024,-0.11259590796525604,1.0,0.06421889588763482,0.02157577872276306,1.0,0.0340035999979591,0.010231599997496232,0.06037260000448441,,E,0.013830526004303461,0.9019993169756407,5.586082870096746,4.536412529411535,0.9163404259886747,0.1463368271573103,0.17650566679218405,0.14445811889311555,3.4806053956370206,0.6550388449807405,0.346443687982541
ecoli,P2_Full,,main,clean,0.0,19,0.1,33,0.7172619047619048,0.6261191099440194,0.5889400062604324,-0.06113176972881956,1.0,0.061927484542054045,0.284667746109121,0.7058823529411765,0.03112699999473989,0.012184200000774581,0.1132246999986819,,E,0.015521380572028898,0.9151439013562306,4.947569835209048,4.966841783049247,0.9289959468129694,0.16324160170137497,0.199618238008893,0.15644592476489028,3.3479962429555417,0.6371749133566169,0.3554690012740991
ecoli,P2_Full,,main,clean,0.0,19,0.15,50,0.6904761904761905,0.671919438505138,0.5436542140215029,-0.06700913717955755,1.0,0.07316330819765743,0.26194219203556285,0.7058823529411765,0.02925859999959357,0.00680609999835724,0.16213680000510067,,E,0.013767802215491553,0.9347579652758433,4.198082994488539,4.17164407129394,0.9436792664719225,0.13674161503083734,0.23568145806294258,0.21358162306296855,2.920512689316414,0.7327859285242462,0.26751343337006905
ecoli,P2_Full,,main,clean,0.0,19,0.2,67,0.7142857142857143,0.6975179194123456,0.5629213039881882,-0.058270336996240964,1.0,0.07102871612929709,0.2754389854038463,0.5882352941176471,0.02537379999557743,0.009461299996473826,0.20733990000007907,,E,0.02245836770002461,0.9267271082351963,4.469791540909193,6.423093162207039,0.9384953026961478,0.16060775243763803,0.22100030477886295,0.1825297509508036,3.1196397365237263,0.7155350298033112,0.2744307716377578
ecoli,P2_Full,,main,clean,0.0,20,0.05,16,0.6488095238095238,0.5920946175039749,0.49352999886516735,-0.09395382874021146,1.0,0.06759459316622533,0.03440112620592117,1.0,0.03139460000238614,0.012878000001364853,0.06802310000057332,,E,0.003048780487804878,0.9226589542266873,4.68345553855046,0.01045504197900308,0.9344809540851886,0.15285544357845496,0.21111241514633186,0.17343551875885732,3.191457907751855,0.6853595819839371,0.3043408998983036
ecoli,P2_Full,,main,clean,0.0,20,0.1,33,0.6547619047619048,0.5943334598186312,0.47639472795167387,-0.07116068251361049,1.0,0.06617898613610722,0.27541400842806874,0.7647058823529411,0.03266589999839198,0.012265999997907784,0.1295652999979211,,E,0.010790415093693806,0.9228564365780797,4.62858761048678,3.452932829982018,0.935372379502639,0.16224221917395748,0.2135910995761693,0.17296238244514106,3.1954009968282735,0.6737402063465995,0.3159094546056195
ecoli,P2_Full,,main,clean,0.0,20,0.15,50,0.7083333333333334,0.6720665340539492,0.5462737353092749,-0.08251113151944288,1.0,0.06633340008698653,0.23808759626220255,0.6470588235294118,0.02935079999588197,0.014219200005754828,0.1873187999954098,,E,0.014419548582529734,0.925247784555519,4.470985299431708,4.369123220506509,0.9379484981924011,0.16990417690449616,0.22109369747191532,0.17902651192271546,3.1464412159687463,0.6760654433578878,0.31211115655055854
ecoli,P2_Full,,main,clean,0.0,20,0.2,67,0.75,0.7138236286568654,0.592172471447407,-0.0809219241126761,1.0,0.07071183826478676,0.27175405621528625,0.5882352941176471,0.028951600004802458,0.010138599995116238,0.24255819999962114,,E,0.022590258578258346,0.9300077297350275,4.413560850052221,6.460813953381887,0.9413627856263033,0.1622329987052633,0.2238606483689691,0.18348668874984664,3.112496656860123,0.7133150599166607,0.27557366573805925
ecoli,P2_Full,,main,clean,0.0,21,0.05,16,0.5833333333333334,0.5911503957296843,0.44890920191591216,-0.09300549844347823,1.0,0.06539599306725892,0.01993737369775772,1.0,0.028942900004039984,0.01240719999623252,0.057555899998988025,,E,0.012903704198207053,0.9168298532089517,5.487996875266496,4.2324149770119135,0.9285566908807326,0.14099816008792962,0.17971497822065813,0.14816886700977103,3.4372640322174677,0.6646613709482101,0.3354353484856516
ecoli,P2_Full,,main,clean,0.0,21,0.1,33,0.7113095238095238,0.6405550614186274,0.5610757884522989,-0.08421978024864733,1.0,0.06379600812700413,0.2676975095973295,0.7647058823529411,0.03341550000186544,0.012544099998194724,0.11693240000022342,,E,0.015139350310826315,0.9210598329205552,5.179996060207319,4.844592099464421,0.9331086374429868,0.15263211325998144,0.1905207171209869,0.15282131661442006,3.385897435897436,0.6523471415186232,0.34259315395622875
ecoli,P2_Full,,main,clean,0.0,21,0.15,50,0.8422619047619048,0.7245406836897428,0.7634653504964107,-0.07751079044644475,1.0,0.06898902598308528,0.24712529252557194,0.7647058823529411,0.029586600001493935,0.0067269999999552965,0.16154310000274563,,E,0.014285401565506187,0.9206960708302221,4.45340624534839,4.328476674348375,0.9334534277938965,0.16086664427890796,0.2219794973824479,0.18615172775555702,3.0929904896090172,0.6982531859415663,0.29190995215670656
ecoli,P2_Full,,main,clean,0.0,21,0.2,67,0.8630952380952381,0.7554337067355419,0.7880806770512057,-0.07310082569968698,1.0,0.07683262097544678,0.19183101899483623,0.7647058823529411,0.028483299996878486,0.008765200000198092,0.2053996000031475,,E,0.02261219852748985,0.9439510903241939,3.4503717588832292,6.467088778862097,0.9508721777761282,0.12348299890161568,0.2873319959805374,0.28246840878419827,2.635054725503822,0.7639744279607524,0.2438361806382376
ecoli,P2_Full,,main,clean,0.0,22,0.05,16,0.5654761904761905,0.5889171600057984,0.44517480209078386,-0.11219365457595344,1.0,0.06376302719933828,0.035338111221790314,1.0,0.030765599993173964,0.014017599998624064,0.06613060000381665,,E,0.010917461530848141,0.9207692252231804,4.935256318339973,3.5809273821181904,0.9330330167079934,0.15478570693468743,0.20018526157126681,0.16006563735362125,3.31185927306617,0.6520428945439727,0.34083282864841685
ecoli,P2_Full,,main,clean,0.0,22,0.1,33,0.7053571428571429,0.610618127397241,0.5450601162305688,-0.07826467164716923,1.0,0.06446698462878633,0.254618541282766,0.7647058823529411,0.030858600002829917,0.012161300001025666,0.12608760000148322,,E,0.011802971011384944,0.9207646612100224,5.149865141535498,3.776950723643182,0.9327807021698178,0.15165002312472237,0.1916537600964845,0.15429075235109718,3.37031746031746,0.6585868698495497,0.3361399450970611
ecoli,P2_Full,,main,clean,0.0,22,0.15,50,0.8452380952380952,0.7164874990741866,0.7671410442811663,-0.07671396323061754,1.0,0.06823616506908699,0.30099031855078306,0.5882352941176471,0.028575800002727192,0.014294700005848426,0.17966530000558123,,E,0.01435794377974155,0.9223589268014631,4.312260386019829,4.35045696526169,0.9355249125445543,0.16957500973002165,0.22935355517580056,0.18763796909492272,3.0823529411764707,0.6916678685641242,0.29764731168014436
ecoli,P2_Full,,main,clean,0.0,22,0.2,67,0.7053571428571429,0.690240088591361,0.5543115955590576,-0.07708104513601424,1.0,0.07819854449362752,0.2269907295703888,0.7058823529411765,0.025616799997806083,0.007557400000223424,0.23260660000232747,,E,0.022392883281449616,0.9528363984122568,3.3522654273385513,6.40436461849459,0.9584264146272107,0.1185239470008296,0.2958436491958903,0.2890688259109312,2.61484593837535,0.7752523981819215,0.23434572049620647
ecoli,P2_Full,,main,clean,0.0,23,0.05,16,0.5892857142857143,0.5588964918189752,0.3978668318277983,-0.11389302190821458,1.0,0.06738797522787512,0.011378102004528046,1.0,0.030457200002274476,0.009561400001985021,0.051674000002094544,,E,0.003048780487804878,0.929592692802283,4.874520900215267,0.010028060857487059,0.9397540556409072,0.14432256030029983,0.2027176275289166,0.17158946818825987,3.206965876983264,0.6837951369282451,0.30869744154355006
ecoli,P2_Full,,main,clean,0.0,23,0.1,33,0.6547619047619048,0.6662511496988409,0.5331939142171596,-0.072501368452741,1.0,0.06500087269818493,0.2650393545627594,0.6470588235294118,0.03210430000035558,0.00857220000034431,0.10827739999513142,,E,0.010801128216446276,0.9189519160821495,4.713283029433876,3.4563610292628084,0.9322687076261224,0.1643072963633608,0.20969663993348345,0.1718847962382445,3.2044625555682207,0.6633564813447163,0.32614827481485065
ecoli,P2_Full,,main,clean,0.0,23,0.15,50,0.7142857142857143,0.6751417051666755,0.5613520347682824,-0.06737643888041071,1.0,0.06892971185889905,0.19490908524569342,0.8235294117647058,0.034655799994652625,0.012444599997252226,0.1729613999996218,,E,0.013974783743764832,0.9296110081249185,4.510679946048014,4.234359474360744,0.9408286974377733,0.15936709724103917,0.21911890087273503,0.17909208139356983,3.1459299487429826,0.6985193022320167,0.2888163802340162
ecoli,P2_Full,,main,clean,0.0,23,0.2,67,0.7321428571428571,0.7153011204172125,0.5777269382813933,-0.06888944921565078,1.0,0.07049658214825236,0.25786225410068736,0.7058823529411765,0.03376820000266889,0.013494499995431397,0.23616719999699853,,E,0.022640449829731842,0.9311840644523885,4.406605385558913,6.475168651303306,0.9423414786511697,0.16213416427451827,0.22421953231508668,0.18441908968224757,3.1056080361894627,0.7112129953212635,0.2776491563654308
ecoli,P2_Full,,main,clean,0.0,24,0.05,16,0.7351190476190477,0.6327688397090451,0.6914384298144294,-0.07355547676556351,1.0,0.0682246972582597,0.035679467022418976,1.0,0.030477300002530683,0.013235499995062128,0.05860679999750573,,E,0.003048780487804878,0.9235801630889802,4.028804161289443,0.015693266134348235,0.9366295318821737,0.17075891968191004,0.24591356697669609,0.210058178563437,2.940146471371505,0.6924181725042686,0.2959908635645583
ecoli,P2_Full,,main,clean,0.0,24,0.1,33,0.8244047619047619,0.6621924021988574,0.72676215070116,-0.0782415176672624,1.0,0.07085876106504427,0.2208055862609078,0.7058823529411765,0.03246120000403607,0.012045799994666595,0.11018460000195773,,E,0.006328563882229349,0.939014335204012,3.4261305670374567,2.0251404423133916,0.9482683415423113,0.151740681506979,0.289654628043868,0.2721590909090909,2.6685803757828808,0.7141457779903716,0.2852556467636838
ecoli,P2_Full,,main,clean,0.0,24,0.15,50,0.8630952380952381,0.7310206452033915,0.7722743083709818,-0.07533736127024031,1.0,0.07680346289519727,0.19558114865246942,0.7647058823529411,0.028641299999435432,0.0037462000036612153,0.14915509999991627,,E,0.0033003300330033004,0.9465524303725952,3.467376407626194,0.6936641045116165,0.9532115777254146,0.12459214514788755,0.2860462098269754,0.27775227853911216,2.650082625118036,0.764528762411307,0.2381093459729946
ecoli,P2_Full,,main,clean,0.0,24,0.2,67,0.8690476190476191,0.7526512418778276,0.7939150463041156,-0.064665941115574,1.0,0.07854829024625165,0.23140069667030783,0.7058823529411765,0.026431199999933597,0.005406200005381834,0.18835910000052536,,E,0.048718518056727646,0.9537249891233012,3.28047193038568,13.933496164224106,0.9591259717478055,0.11671488611629614,0.30239501058229823,0.29790209790209793,2.589201877934272,0.777857991915531,0.2324213824193475
ecoli,P2_Full,,main,clean,0.0,25,0.05,16,0.5863095238095238,0.5681587206698302,0.4222395331417383,-0.08155767933090624,1.0,0.0647484688315614,0.020999804139137268,1.0,0.03050010000151815,0.01274109999940265,0.05394680000608787,,E,0.010755723956360501,0.9046623610846264,5.538875702380717,3.5278774576862446,0.9184038623724694,0.1441351122618075,0.17803606709322545,0.14671440292384574,3.4539908490086426,0.6593734694014163,0.3401424273094368
ecoli,P2_Full,,main,clean,0.0,25,0.1,33,0.6875,0.6544091650269889,0.5781474449489176,-0.07597604928320228,1.0,0.06437669261821365,0.27269742418737974,0.6470588235294118,0.03567589999875054,0.006954600001336075,0.10853140000108397,,E,0.011827205735203128,0.9188538989362742,5.190820545930564,3.784705835265001,0.9308462713887953,0.14778741424807595,0.19011688475555708,0.15685736677115988,3.3438046465151134,0.656845534976746,0.3407554237532415
ecoli,P2_Full,,main,clean,0.0,25,0.15,50,0.6994047619047619,0.6760556258721012,0.5657603721852373,-0.07403913830832183,1.0,0.07176995860008104,0.23586087893037236,0.7058823529411765,0.028427899997041095,0.009562899998854846,0.1660704000023543,,E,0.014228292981150954,0.9365494729745728,3.8434419685371695,4.311172773288739,0.946060956090991,0.1499039261345531,0.2577337286089622,0.23316503835814045,2.8222019122609674,0.720706496060149,0.2788334916596301
ecoli,P2_Full,,main,clean,0.0,25,0.2,67,0.7202380952380952,0.7056099707808855,0.5715397396227272,-0.08972850715923456,1.0,0.07107627177650003,0.19126306035939386,0.7647058823529411,0.027317699998093303,0.012244900004588999,0.22931200000311946,,E,0.023030174808538112,0.9356096573955925,4.2609380230057905,6.5866299952419,0.9457870171134022,0.1580572381845507,0.23200480900274204,0.19413568887253096,3.0377591001011126,0.7156081021568603,0.2754352899103209
ecoli,P2_Full,,main,clean,0.0,26,0.05,16,0.6428571428571429,0.5929651734736391,0.4470563186975135,-0.08637746094215021,1.0,0.06762367524956937,0.018433280289173126,1.0,0.029776900002616458,0.008966399997007102,0.05411949999688659,,E,0.004664974760652657,0.9246509135486831,4.810930133488654,1.5301117214940714,0.9359267161429418,0.149647502382713,0.20543756653800976,0.17179458491832625,3.2052263106479977,0.6852352473599781,0.30878314562316167
ecoli,P2_Full,,main,clean,0.0,26,0.1,33,0.7351190476190477,0.6333153339788162,0.629268773052461,-0.07959682357364775,1.0,0.06607174893136497,0.2677765725290074,0.7058823529411765,0.03404679999948712,0.012277400004677474,0.11709890000201995,,E,0.00624005455815502,0.9240314557248552,4.6938643791746495,1.9968174586096064,0.9360470255664446,0.15816506629468993,0.21057712963010186,0.17588166144200626,3.171410270691768,0.6715736746126834,0.32344886188609373
ecoli,P2_Full,,main,clean,0.0,26,0.15,50,0.75,0.6763221409099917,0.5906652988704651,-0.05016333146054416,1.0,0.07362220324812932,0.25100089609622955,0.7058823529411765,0.02821389999735402,0.013693799999600742,0.1720329000017955,,E,0.00496107761716919,0.942961259856843,3.400609422134672,1.5032065180022647,0.9510406731689107,0.14164782202043488,0.2917274050118992,0.2779271304613905,2.6495163573450773,0.7360688521130057,0.2708873297339403
ecoli,P2_Full,,main,clean,0.0,26,0.2,67,0.8273809523809523,0.7256463134041523,0.7770676072271344,-0.05985170655337188,1.0,0.07180707131521327,0.2388369651401744,0.7058823529411765,0.03141499999765074,0.009859500001766719,0.22124149999581277,,E,0.04629099919501858,0.9285044703851784,4.187883663599986,13.239225769775313,0.9399118256858559,0.15955340651554,0.23611315946527756,0.20260090786406576,2.9839530095676396,0.7220476431585736,0.27108799545858336
ecoli,P2_Full,,main,clean,0.0,27,0.05,16,0.6547619047619048,0.5833623832330085,0.5227796930024063,-0.1032687691145279,1.0,0.06409613241495725,0.016025379300117493,1.0,0.03350189999764552,0.011181299996678717,0.057214899999962654,,E,0.010811614198883018,0.9163618737669823,5.059443364272109,3.54620945723363,0.9289017727292198,0.14993041483618477,0.19519653230693715,0.16021481315730587,3.310405027932961,0.6545349186411117,0.34330666044584557
ecoli,P2_Full,,main,clean,0.0,27,0.1,33,0.7202380952380952,0.6242044731921103,0.5716038651679687,-0.07037970231318257,1.0,0.06611860909310485,0.3142127911834156,0.5294117647058824,0.03327929999795742,0.008876799998688512,0.11542259999987436,,E,0.011862340140939075,0.9207405073121128,4.798624669348846,3.7959488451005043,0.9320257486777926,0.1423834670519475,0.20591151710352512,0.17915360501567398,3.145450568678915,0.6704600574064145,0.3354448728347331
ecoli,P2_Full,,main,clean,0.0,27,0.15,50,0.7351190476190477,0.685967343344312,0.5859068154452394,-0.043787040945335746,1.0,0.07206940151081156,0.2536357904181761,0.6470588235294118,0.028122799994889647,0.013088799998513423,0.17295929999818327,,E,0.013794431684696924,0.9338708465839296,4.304904226830773,4.179712800463168,0.9435183858593921,0.14588935102135978,0.2297511295038871,0.20132013201320131,2.9918032786885247,0.7237113033605651,0.2729135988447781
ecoli,P2_Full,,main,clean,0.0,27,0.2,67,0.8273809523809523,0.7278152153330348,0.7802538228308689,-0.06991081191900711,1.0,0.07114094144708775,0.2340577507720274,0.7647058823529411,0.025740099998074584,0.014065999996091705,0.2225278000041726,,E,0.022346042738922423,0.9285626987777478,4.317344886622049,6.390968223331813,0.9401416649100526,0.16208571620421025,0.2289277830091495,0.19180468654152866,3.0534092362799026,0.7164726331065774,0.2722494343058769
ecoli,P2_Full,,main,clean,0.0,28,0.05,16,0.6220238095238095,0.5915812023924443,0.49305830397323913,-0.06529407777070048,1.0,0.06134421762229775,0.019858628511428833,1.0,0.02985649999754969,0.009895100003632251,0.05747689999407157,,E,0.003048780487804878,0.9007052180401518,4.784992908730519,0.05723087972556071,0.918140818655465,0.1755943290389985,0.20656772475775154,0.16278809577086598,3.28573883161512,0.6328023067926997,0.3618341400653103
ecoli,P2_Full,,main,clean,0.0,28,0.1,33,0.7470238095238095,0.6266938123645496,0.6086872223395302,-0.05884423049476539,1.0,0.06189780449308769,0.34528526137856874,0.7058823529411765,0.032262900000205263,0.012541700001747813,0.1144609999973909,,E,0.05720182567574952,0.8945850152929744,4.529345119869684,18.304584216239846,0.9140045772791449,0.18422012809793725,0.2183397811432879,0.172237460815047,3.201484472756228,0.637023935544591,0.35490316155885815
ecoli,P2_Full,,main,clean,0.0,28,0.15,50,0.8125,0.6846671012026959,0.7603280689711709,-0.0821763134910506,1.0,0.07113810334345823,0.25608011904884787,0.6470588235294118,0.02916689999983646,0.008522199997969437,0.16328719999728492,,E,0.007834908126262493,0.9289371089595246,4.041151734251191,2.3739771622575354,0.9392433518747246,0.1450298849976407,0.24496233406793713,0.22429130330251568,2.864621906061197,0.7162257426827041,0.28361951546016884
ecoli,P2_Full,,main,clean,0.0,28,0.2,67,0.8541666666666666,0.7341100234593344,0.7943672967714925,-0.06901967596691926,1.0,0.07465470473366567,0.24970291291966157,0.7647058823529411,0.02696060000016587,0.007919399999082088,0.21381909999763593,,E,0.02644945079761116,0.943650913605029,3.430916048104401,7.564542928116792,0.9509427565615013,0.12940481244649146,0.28898126800696383,0.28153600785179733,2.637985881122538,0.7452691235757184,0.262314717744763
ecoli,P2_Full,,main,clean,0.0,29,0.05,16,0.6398809523809523,0.5904016486363415,0.4542197969985924,-0.09654826572349413,1.0,0.0675244564787713,0.1035437099635601,0.875,0.030469400000583846,0.010380700005043764,0.058951699997123796,,E,0.009512455242049791,0.9211129508895403,4.707975199764346,3.1200853193923312,0.9330624977556007,0.15147666189577333,0.20999699113748552,0.17492727679570375,3.179165334186121,0.6845041666447628,0.3042585372221476
ecoli,P2_Full,,main,clean,0.0,29,0.1,33,0.8154761904761905,0.6897116780481609,0.7377586614644094,-0.05311951672731573,1.0,0.06116787284283461,0.3254832485142876,0.5882352941176471,0.03183790000184672,0.023237699999299366,0.12492669999483041,,E,0.05541868904104551,0.8879570226328886,4.885875965963702,17.733980493134563,0.9076837677546332,0.1760640924161588,0.20217839697958287,0.16291144200626959,3.284576067348166,0.6312610706071382,0.3670157958889386
ecoli,P2_Full,,main,clean,0.0,29,0.15,50,0.7113095238095238,0.6710058721839627,0.5536111672532276,-0.07448175691699394,1.0,0.07591356233481732,0.26196762744118185,0.7058823529411765,0.03532669999549398,0.008686699999088887,0.1840786999964621,,E,0.010835091142202508,0.9475079131703115,3.5304434268107427,3.28303261608736,0.9537414096320788,0.11875116495162319,0.28087719540414313,0.27438637903525454,2.661123944559503,0.7550416627701013,0.2534583487222598
ecoli,P2_Full,,main,clean,0.0,29,0.2,67,0.7351190476190477,0.6994726337318367,0.5770803253948114,-0.0722768388635844,1.0,0.07134151369418748,0.23142849171862884,0.7058823529411765,0.025580499997886363,0.006440199998905882,0.22615589999622898,,E,0.029474276440085285,0.9381860386693448,4.316376229406034,8.429643061864391,0.9478810608805346,0.1568419496580904,0.22897994513178221,0.1934977303398356,3.0420048186659905,0.7179239646278491,0.27249878970841074
segment,P2_Full,,main,clean,0.0,0,0.05,115,0.5783549783549784,0.5881889706040616,0.4692323099227673,-0.04948775184000341,1.0,0.07226191870395485,0.39153282063594763,0.43478260869565216,2.963963499998499,0.04812339999625692,3.0518101999987266,,D,0.03516557765187197,0.9120111505223566,4.687288892161009,79.61486780383814,0.9269022029390569,0.16923794895720193,0.21299532461227758,0.1747461467235244,2.0,0.6609907798795859,0.3683485751123952
segment,P2_Full,,main,clean,0.0,0,0.1,231,0.7112554112554113,0.6873617089992969,0.5703765385162439,-0.04334325753932842,1.0,0.07732794116185746,0.3590375719399288,0.5172413793103449,2.6896968000000925,0.028054499998688698,5.83717869999964,,D,0.02415130895555215,0.9287484184050881,4.359765634745005,53.012123157436974,0.9407347801246565,0.16822590392048622,0.22901888336754941,0.19273853105279878,2.0,0.6992085318467289,0.32603427097425447
segment,P2_Full,,main,clean,0.0,0,0.15,346,0.7588744588744589,0.7135038095156541,0.6137137348139414,-0.05174191102692051,1.0,0.07464119485201558,0.3808877214141514,0.5130434782608696,2.251438799998141,0.06276549999893177,8.205284499999834,,D,0.031064476527207455,0.9155937722055398,4.438628090785122,64.5830467000643,0.9309312575339589,0.1817103515841012,0.22492202587509033,0.1770382684723397,2.0,0.6808773736702752,0.34120092715501094
segment,P2_Full,,main,clean,0.0,0,0.2,462,0.7545454545454545,0.7254915549146294,0.6353324398072501,-0.053039018200944345,1.0,0.07617318289375521,0.3690629243079958,0.5,2.2457731000031345,0.03156939999462338,10.537831800000276,,D,0.029149194654346813,0.9195118554746836,4.436653908133134,57.24901830113714,0.9340595071696236,0.1807427886521128,0.22500048583574483,0.17617004190559982,2.0,0.6927081185556341,0.32744309435233065
segment,P2_Full,,main,clean,0.0,2,0.05,115,0.5796536796536796,0.5788418390765528,0.46727804839296144,-0.047587290264992574,1.0,0.07252412398228969,0.3921764445477638,0.463768115942029,3.15789439999935,0.062276599994220305,3.2530323999963002,,D,0.03745751614713758,0.9104162657265114,5.024318051517395,84.80381655711949,0.9253305291523196,0.16648405591439996,0.198678045189494,0.16031207206419448,2.0,0.6631569890611231,0.3710444210554279
segment,P2_Full,,main,clean,0.0,2,0.1,231,0.706060606060606,0.6856607058436861,0.5628839740754688,-0.04500858896493044,1.0,0.07606144909959649,0.3814845123681529,0.5,3.0004372999974294,0.03523980000318261,6.344452399993315,,D,0.03376147496393647,0.92693288406451,4.306077120444733,74.10643754584055,0.9396684993307652,0.17430023209756,0.23187999194927347,0.19145484786630756,2.0,0.689600389791102,0.33689737733117614
segment,P2_Full,,main,clean,0.0,2,0.15,346,0.7606060606060606,0.7171790060716278,0.6151368415722954,-0.044296031569289,1.0,0.07436324597603013,0.39672926016475846,0.4782608695652174,2.5021097999997437,0.041064000004553236,8.934879399996134,,D,0.030984316899407366,0.9139141906240336,4.456662138442912,64.41639483386791,0.9294458759114277,0.18042097065687004,0.22400992328179667,0.177407699063137,2.0,0.6785800339193535,0.34444979024858274
segment,P2_Full,,main,clean,0.0,2,0.2,462,0.7740259740259741,0.734685934007006,0.6453642793862008,-0.04731662505230195,1.0,0.07599164746038578,0.391287750982005,0.47413793103448276,1.885022399997979,0.03834569999889936,10.92963979999331,,D,0.028645915167329342,0.9201989617957198,4.460427419782513,56.26057738863483,0.9345416392983658,0.1797304624775761,0.22379854665541304,0.17467289457821011,2.0,0.6909351098824615,0.3310383324434363
segment,P2_Full,,main,clean,0.0,1,0.05,115,0.664069264069264,0.6179157682865856,0.5171548484852508,-0.046675560288860274,1.0,0.07030799093526273,0.40310828495716705,0.463768115942029,3.1699275999999372,0.061334999998507556,3.2903828999988036,,D,0.03852371507264031,0.8903520404981836,5.048683584372845,87.21769092445766,0.9094366522562514,0.1740535058269975,0.19771706926903837,0.15846916676165507,2.0,0.6471684384755461,0.39059219139667467
segment,P2_Full,,main,clean,0.0,1,0.1,231,0.7112554112554113,0.6910270707401341,0.5739868922442637,-0.04496908224756129,1.0,0.07202555822313852,0.379336125377951,0.5,3.0431729999982053,0.04427100000611972,6.4369614999959595,,D,0.0362966498224926,0.9110811721448797,4.6510561271672675,79.67114636037127,0.9273331859105641,0.1827735942736963,0.21464713889850073,0.16935896823600502,2.0,0.6609098974583905,0.3660018829111865
segment,P2_Full,,main,clean,0.0,1,0.15,346,0.7588744588744589,0.7167030040946681,0.6184263828586584,-0.047010753743842094,1.0,0.07367698888265144,0.408146995306015,0.4782608695652174,2.533252299996093,0.05090110000310233,9.069496600001003,,D,0.03151561796950655,0.90946297017638,4.49583868504076,65.52096975860411,0.9261034118539145,0.18379707960325758,0.22205371692742826,0.17383283312060982,2.0,0.673422612451832,0.35162869600223023
segment,P2_Full,,main,clean,0.0,1,0.2,462,0.7878787878787878,0.739572055315411,0.6402373178741457,-0.04608917380386624,1.0,0.07579454455631286,0.39138848450163316,0.46551724137931033,2.0622289999955683,0.03860359999816865,11.246911499998532,,D,0.029475422362062926,0.9172785447104923,4.479812383506371,57.88972951909159,0.9322596573860981,0.1811031082948802,0.22282792523007602,0.1731897538266484,2.0,0.689361630725403,0.33334839541869726
segment,P2_Full,,main,clean,0.0,3,0.05,115,0.6519480519480519,0.6259018183759739,0.5113454711396648,-0.054359847221066085,1.0,0.07235898315840207,0.3840524327495824,0.4782608695652174,3.1130313000030583,0.05002180000155931,3.2317121000014595,,D,0.0368775132670123,0.9122128894840346,5.0148129959763645,83.49069003651584,0.9268078165213397,0.16625364420270744,0.19905545628281446,0.16006809498008367,2.0,0.6617004737950108,0.3715679574735697
segment,P2_Full,,main,clean,0.0,3,0.1,231,0.7532467532467533,0.716311980733495,0.6317059300390407,-0.04041342294227864,1.0,0.0709624534563136,0.38691163063049316,0.49137931034482757,2.965343900003063,0.07963560000644065,6.384228700000676,,D,0.04133410575500213,0.9074974702751009,4.5612315782441595,90.72836213222968,0.9250702106005169,0.18997037570407047,0.21888317100856455,0.16873934503501992,2.0,0.6538043070293876,0.36894980822554657
segment,P2_Full,,main,clean,0.0,3,0.15,346,0.7831168831168831,0.7342692496371871,0.6489386581311501,-0.04642058080838623,1.0,0.07345518015217409,0.39957945333874745,0.48695652173913045,2.548461000005773,0.09494590000394965,9.073723800000153,,D,0.031353335147269776,0.9082363758532981,4.507492162202329,65.18358377117386,0.9253479088871163,0.18647403252580907,0.22147838460268576,0.17025889306928768,2.0,0.6724525584846777,0.347743075946365
segment,P2_Full,,main,clean,0.0,3,0.2,462,0.7852813852813852,0.7424907191739215,0.652736111860195,-0.0516010468666056,1.0,0.07573687042781625,0.3523149820494241,0.5517241379310345,2.01039789999777,0.04310049999912735,11.220902400003979,,D,0.02878890816877727,0.920475442836401,4.504739165121793,56.54141564347856,0.9348231264574608,0.18041827748305989,0.2215920975527123,0.1716765248751599,2.0,0.6891048637488355,0.33235411029228706
segment,P2_Full,,main,clean,0.0,4,0.05,115,0.5376623376623376,0.5589060965318811,0.4092435503509177,-0.04216956778633425,1.0,0.06906176553041192,0.41271160434985504,0.463768115942029,3.160293699998874,0.0749400999993668,3.2801275000019814,,D,0.037225941373838854,0.8849074581293319,5.062035713529583,84.27953127037117,0.9057425089014748,0.1810286786050448,0.19719438547446527,0.1522873729952891,2.0,0.637525137352545,0.39908617403011337
segment,P2_Full,,main,clean,0.0,4,0.1,231,0.687012987012987,0.6559414017981274,0.5438354804001081,-0.046140238658980356,1.0,0.0754101307601606,0.38185540817934893,0.47413793103448276,3.3278625999955693,0.03867049999826122,6.735700999997789,,D,0.04103045420771653,0.914580798355086,4.261720327876746,90.06184698593779,0.930037349241445,0.18094937190599816,0.2342981867690332,0.19363141971373574,2.0,0.6857116831444129,0.34022450654800235
segment,P2_Full,,main,clean,0.0,4,0.15,346,0.7415584415584415,0.711466692164838,0.6064607508513971,-0.05046536327590606,1.0,0.07361520744260851,0.3772468653709992,0.4956521739130435,3.0620386000009603,0.09961439999460708,9.98279029999685,,D,0.03367747012683453,0.9063068548004445,4.6040094333249835,70.01546039368898,0.9236261433584015,0.18485118117306243,0.21682528021623554,0.1685524755784621,2.0,0.6739418751941356,0.34758641048292516
segment,P2_Full,,main,clean,0.0,4,0.2,462,0.7757575757575758,0.734843598813875,0.635626573031328,-0.051566843901883104,1.0,0.0763083955616541,0.36780496031559745,0.49137931034482757,2.4903067000050214,0.0940855000008014,12.614164699996763,,D,0.028896317544538117,0.9157728613183649,4.430305605600681,56.75236765747286,0.9310980741321442,0.18195100835261835,0.22532362497362252,0.17511747367023126,2.0,0.6935855763890274,0.3264362802857961
segment,P2_Full,,main,clean,0.0,5,0.05,115,0.6363636363636364,0.6008495889627153,0.47880473436864585,-0.04488852658247307,1.0,0.07091456919263225,0.4193066891984663,0.4492753623188406,3.3789979000066523,0.02646429999731481,3.5033308999991277,,D,0.03748459977351091,0.9097232719863216,4.951210967887456,84.8651338872287,0.9248440047799092,0.16749314165768783,0.20161814973025285,0.16443743178400727,2.0,0.6504344608818087,0.3913611352521402
segment,P2_Full,,main,clean,0.0,5,0.1,231,0.729004329004329,0.7258254200925747,0.6113751522062939,-0.04873591147270352,1.0,0.07170351907907062,0.3752624933318845,0.4827586206896552,3.258214699999371,0.07040930000221124,6.9082527999999,,D,0.03943087756474623,0.912125733085337,4.6876543608489465,86.55077625461797,0.9280692552074974,0.18143562025551357,0.21296775159793296,0.1671126264839083,2.0,0.6587859510471877,0.36606143274128755
segment,P2_Full,,main,clean,0.0,5,0.15,346,0.7584415584415585,0.7248821209612641,0.6243785586375389,-0.04479223681638558,1.0,0.07203165403522684,0.3865872113601021,0.5217391304347826,2.945504900002561,0.06869469999946887,9.985660300000745,,D,0.03223535582852903,0.9132138695945208,4.445893899864486,67.01730476751186,0.9296196696531142,0.18903711897215347,0.2245536551775122,0.1716000464797385,2.0,0.6613592065242825,0.3629959102336101
segment,P2_Full,,main,clean,0.0,5,0.2,462,0.7874458874458874,0.7427253588067184,0.6477588083044843,-0.04390118457001712,1.0,0.07587964172984439,0.3979901968148248,0.45689655172413796,2.4771017999955802,0.0660991999975522,12.60035809999681,,D,0.02996291557145271,0.9202903971815345,4.529619762817046,58.847166182333126,0.9345473035854506,0.17886058768082785,0.22037212349234214,0.1713953558344651,2.0,0.689753455970989,0.3343595686153852
segment,P2_Full,,main,clean,0.0,6,0.05,115,0.7796536796536796,0.6867327706973416,0.605497733235419,-0.04441930235426632,1.0,0.07028015675461685,0.4070276730302451,0.4492753623188406,3.668359999996028,0.06164120000175899,3.8319719999999506,,D,0.037422699322591235,0.9037943163570268,5.080783108089254,84.72499126634656,0.920539765047751,0.17405882954761698,0.19646513465208756,0.1534100579455334,2.0,0.6466133946949346,0.39102248638770937
segment,P2_Full,,main,clean,0.0,6,0.1,231,0.7363636363636363,0.6884701853214396,0.6046970346902181,-0.04559928180857894,1.0,0.06917924780138907,0.3878381811082363,0.5,3.383070800002315,0.09413150000182213,7.365310200002568,,D,0.034065120460191015,0.8951875107643785,5.120915608307107,74.77293941011928,0.9140011707403667,0.1794982650750193,0.19491079532318242,0.14816096083125857,2.0,0.6397068909666507,0.3950877615626298
segment,P2_Full,,main,clean,0.0,6,0.15,346,0.7722943722943723,0.7185371125428641,0.6282417128676404,-0.04539851619638387,1.0,0.07318927423778263,0.4107711346253105,0.43478260869565216,2.7261133000065456,0.061512199994467665,10.198399900000368,,D,0.03342359720873264,0.9044740840742778,4.520896683133925,69.48765859695516,0.9227055319502622,0.1908534212868532,0.2208202712825561,0.16742844365558512,2.0,0.6707073700923522,0.3491318573431301
segment,P2_Full,,main,clean,0.0,6,0.2,462,0.7662337662337663,0.7323297052742644,0.6440718223285603,-0.04606987793267087,1.0,0.07571844497438412,0.3886027776732527,0.49137931034482757,2.406647999996494,0.054453600001579616,12.759368099999847,,D,0.030413791100182577,0.9162159685041495,4.500055549426601,59.73268572075858,0.9315565358411918,0.183096552686202,0.22182325873783246,0.1713927620241266,2.0,0.6889872676077641,0.3321958643966043
segment,P2_Full,,main,clean,0.0,7,0.05,115,0.6376623376623377,0.5947076136116574,0.5011321092754828,-0.04067988835935014,1.0,0.07510264080009804,0.39975080628325976,0.463768115942029,3.7189145000011194,0.019921599996450823,3.8176951999994344,,D,0.03420378685495073,0.9276680771757327,4.790494341815789,77.43737343960845,0.939002766515033,0.1567038300203674,0.20839707602476357,0.1754663670758195,2.0,0.6804756124024438,0.3580541652919261
segment,P2_Full,,main,clean,0.0,7,0.1,231,0.6956709956709957,0.6668826789926491,0.5560245259578432,-0.04814228464444797,1.0,0.0721514466264677,0.37034599650008926,0.49137931034482757,3.4642788999990444,0.08052699999825563,7.4676782000024104,,D,0.033233218315823335,0.9152636100331621,5.032119394947285,72.94691420323223,0.9294217680136011,0.16708474347302024,0.1983582121072946,0.16162198416472343,2.0,0.6600497146091698,0.37826352939143104
segment,P2_Full,,main,clean,0.0,7,0.15,346,0.7480519480519481,0.7136791797116706,0.6115128175641542,-0.040871811854968514,1.0,0.07295922960934961,0.40395423666290614,0.48695652173913045,2.9528969999955734,0.08250239999324549,10.553062700004375,,D,0.0319258614945545,0.9188642033381849,4.531790839423107,66.37386604717881,0.9338419705642689,0.18460122217710348,0.22028827559945555,0.17198151365620085,2.0,0.6678975834181312,0.3585279200477398
segment,P2_Full,,main,clean,0.0,7,0.2,462,0.7861471861471861,0.7395924176521095,0.6422630869870009,-0.046241614074882205,1.0,0.07645527945103187,0.39504868357345974,0.4827586206896552,2.3438107000038144,0.040488799997547176,13.004910399999062,,D,0.0290744969605106,0.9236089680787771,4.531190023993041,57.10231203044282,0.9369770012497964,0.17499479761976355,0.22029557809979963,0.17372511628051748,2.0,0.6939573039100052,0.32992725307985926
segment,P2_Full,,main,clean,0.0,8,0.05,115,0.5575757575757576,0.5968234551768136,0.44770186667264783,-0.04576693088808857,1.0,0.07170805171417592,0.3814967859914337,0.5072463768115942,4.145098199995118,0.09885500000382308,4.285486900000251,,D,0.01944516373769086,0.9077778733528392,4.188736371511072,44.02385070213211,0.9255895185908155,0.19313852201785847,0.23839908664291648,0.19171524087759922,2.0,0.6595304980806481,0.3523976618751923
segment,P2_Full,,main,clean,0.0,8,0.1,231,0.7125541125541126,0.6806595127529594,0.5736244526304839,-0.04732546485313849,1.0,0.07536992381506362,0.394148167993488,0.46551724137931033,3.9431254000010085,0.04717749999690568,8.352539500003331,,D,0.036734671264315816,0.9165235003677035,4.3147813039398,80.63260342517322,0.9313039363173625,0.17706104130821299,0.23141130231631873,0.19298189512503555,2.0,0.684917152649259,0.3438998471423796
segment,P2_Full,,main,clean,0.0,8,0.15,346,0.7471861471861472,0.7126893155257135,0.6052995365978291,-0.04381299247354537,1.0,0.07360552203729336,0.3977928787469864,0.45217391304347826,3.406618499997421,0.07593330000236165,11.91705070000171,,D,0.03175992304620451,0.9162060365229845,4.4442699396469605,66.02888001305917,0.9318473790404446,0.1866643117048707,0.2246358841395733,0.1731203598383579,2.0,0.6733591022519981,0.348355066153119
segment,P2_Full,,main,clean,0.0,8,0.2,462,0.7792207792207793,0.7369656237948378,0.6360354795266833,-0.04840116035284452,1.0,0.07640820982952258,0.3636361590490259,0.5086206896551724,3.231979299998784,0.06735739999567159,15.27115269999922,,D,0.0289163782424087,0.9231750900741463,4.428015786387237,56.79176686809069,0.9369271100728568,0.1790047005845233,0.22544040794828185,0.17720237842032802,2.0,0.6943099462372665,0.32565635442317065
segment,P2_Full,,main,clean,0.0,10,0.05,115,0.5623376623376624,0.5831855316147014,0.43601915715038114,-0.048455309042885704,1.0,0.07274360602264433,0.3860231935977936,0.4782608695652174,4.214380999997957,0.07896359999722335,4.336898100002145,,D,0.037299942692796316,0.9113336386558839,5.05411486611529,84.44707025649086,0.9259707715884694,0.16508101506250503,0.19750412255668176,0.16009073605348914,2.0,0.6643919760981928,0.3705450903247041
segment,P2_Full,,main,clean,0.0,10,0.1,231,0.7186147186147186,0.699255624251443,0.5863599365019562,-0.04519375897267802,1.0,0.07533661271022238,0.3868484251714986,0.5,3.8470623000030173,0.03861719999986235,8.304286400001729,,D,0.040540065719581256,0.9154383077068899,4.239228628405863,88.98544425448085,0.9308465101941809,0.1822125606697015,0.23554370012169462,0.19357203223535716,2.0,0.6853282092164453,0.34071589099025645
segment,P2_Full,,main,clean,0.0,10,0.15,346,0.7610389610389611,0.7223501197806887,0.6235256718588784,-0.04165602892924981,1.0,0.07385918344194806,0.3930759258892225,0.46956521739130436,3.8847574000028544,0.06571450000046752,12.301514899998438,,D,0.03115959154644145,0.9132028917536966,4.468987055105685,64.78079082505178,0.9290760020077836,0.18287602634230637,0.22339080428554733,0.1744712351064613,2.0,0.6750211236162257,0.34648525000576547
segment,P2_Full,,main,clean,0.0,10,0.2,462,0.770995670995671,0.7345838204925434,0.6450044928567734,-0.04559844877014722,1.0,0.07619055718005294,0.3788479759261526,0.47413793103448276,2.7445704999990994,0.04381509999802802,15.165783199998259,,D,0.029023885239615754,0.9217601229067195,4.473856058452346,57.00291061060534,0.9357097502601992,0.17829306322718838,0.22312526824545822,0.17443685783740545,2.0,0.6925136729350443,0.3283065857993037
segment,P2_Full,,main,clean,0.0,9,0.05,115,0.6471861471861472,0.6237084057801358,0.4995954141849476,-0.04735379539305052,1.0,0.07216910307193693,0.40924084856026416,0.43478260869565216,4.316408999999112,0.10641990000294754,4.549435300003097,,D,0.03829528499849454,0.9110801165631681,4.977181034003416,86.70052523659164,0.9261296057903878,0.16924773903815032,0.2005638355333285,0.16088434471268478,2.0,0.6606405648145441,0.372545653249479
segment,P2_Full,,main,clean,0.0,9,0.1,231,0.7142857142857143,0.7114267590623268,0.5963868364796712,-0.04884228952802888,1.0,0.07184580614293869,0.37366225634669437,0.49137931034482757,3.8938089000002947,0.09141259999887552,8.625323500004015,,D,0.03106662876133843,0.910671696856241,4.6082805200094565,68.19125013113785,0.9271022437042964,0.18393438887575325,0.21664379649812943,0.16876094048170304,2.0,0.6604707874155328,0.36215476404553504
segment,P2_Full,,main,clean,0.0,9,0.15,346,0.7653679653679654,0.7215283174811393,0.6289723926287164,-0.043574054612648155,1.0,0.07220410826856619,0.3878506742093874,0.5391304347826087,4.050235800001246,0.12256169999454869,12.9178824000046,,D,0.03140792793733971,0.9065825547842628,4.396090701972188,65.29708218172925,0.9243604404720059,0.19030584326821542,0.22710306959506363,0.17481288896110841,2.0,0.66295567267421,0.3582415914039181
segment,P2_Full,,main,clean,0.0,9,0.2,462,0.7887445887445887,0.7354151135748019,0.6424210004122093,-0.04515946657507266,1.0,0.07564110247661097,0.3992742208828186,0.46551724137931033,3.0707026999953086,0.11177380000299308,16.216311900003348,,D,0.02947288114162314,0.9159823627102867,4.4941121624224865,57.884738562147845,0.9313258856440093,0.18262264244368595,0.22211728993498545,0.1715738099857548,2.0,0.6880918672354553,0.33478838962979335
segment,P2_Full,,main,clean,0.0,11,0.05,115,0.5225108225108225,0.5534008635575697,0.4089960838691264,-0.05163639052942368,1.0,0.07268782549668627,0.3872620748436969,0.463768115942029,4.20652610000252,0.06516289999854052,4.338833500005421,,D,0.03335480191704542,0.9134766693173786,4.75455507179055,75.51527154019084,0.92782948170639,0.1658837249534387,0.20997567169248843,0.17273070082710185,2.0,0.664240563411203,0.36580648308577113
segment,P2_Full,,main,clean,0.0,11,0.1,231,0.7108225108225108,0.6838364226757381,0.565987175279815,-0.051211662903476375,1.0,0.0722383476558796,0.36047247270571775,0.5517241379310345,3.7805551000055857,0.08583579999685753,8.26404950000142,,D,0.03632164738629743,0.9158882980727788,4.509872285664782,79.72601601292286,0.9307255766226584,0.17639969480962153,0.22138104524593266,0.18194579127585483,2.0,0.6608612785158184,0.36522530936906933
segment,P2_Full,,main,clean,0.0,11,0.15,346,0.7562770562770563,0.7082501758772255,0.6076430419628099,-0.04182393053720646,1.0,0.07483153345095149,0.38199606758096943,0.5043478260869565,3.8944429000039236,0.04358830000273883,12.254704700004368,,D,0.03132409475446782,0.9156722982933873,4.461907236222018,65.1227929945386,0.9309436369152998,0.18109515986862407,0.2237460275983104,0.17636838618551803,2.0,0.6822737349847889,0.33999235967101415
segment,P2_Full,,main,clean,0.0,11,0.2,462,0.7597402597402597,0.730465067301688,0.6396399180649586,-0.052262220956012684,1.0,0.07618389663303521,0.36656910232428846,0.5258620689655172,2.95893650000653,0.04492020000179764,15.36481410000124,,D,0.029207924880310116,0.9195286647018032,4.436309440743747,57.36436446492907,0.9341613032207224,0.18183665605518004,0.22501799606831094,0.17567306784474074,2.0,0.6927973054591322,0.3269577391068058
segment,P2_Full,,main,clean,0.0,12,0.05,115,0.5714285714285714,0.5504455906212574,0.44550684427178383,-0.04318697748218124,1.0,0.0750681099275042,0.38297536170137103,0.4927536231884058,4.684403599996585,0.031131800002185628,4.82596210000338,,D,0.03905823139826946,0.913696916544138,4.3105536054337925,88.42783588568206,0.9292333224133711,0.18002144589861463,0.23164938580563044,0.19058865229400918,2.0,0.6829518231170075,0.3432623919686763
segment,P2_Full,,main,clean,0.0,12,0.1,231,0.5800865800865801,0.6033255276691508,0.4532196468760178,-0.03882564142174561,1.0,0.07510569392897096,0.42241775051786984,0.4224137931034483,4.49698250000074,0.10805070000060368,9.514296900000772,,D,0.03880583808613504,0.9247380033970926,4.710398700413852,85.17881459906641,0.9372796961794929,0.16664044735050076,0.21193722790425362,0.17626286642177985,2.0,0.6813419236681072,0.35729896760089264
segment,P2_Full,,main,clean,0.0,12,0.15,346,0.7329004329004329,0.6916146520199716,0.5830686049477187,-0.043853204147088855,1.0,0.07716655208259894,0.3873790204524994,0.4782608695652174,4.911109900000156,0.0951920000006794,14.583935599999677,,D,0.03304787077701359,0.9257416006372889,4.311597006565096,68.70652334541126,0.9384883117827033,0.17165345947134936,0.23156300372741082,0.19245898649171025,2.0,0.6975136567146513,0.3343019817381179
segment,P2_Full,,main,clean,0.0,12,0.2,462,0.7701298701298701,0.7250813972982735,0.6246110217970534,-0.04186273751995819,1.0,0.07725097873754247,0.4057806272958887,0.4396551724137931,3.645760399995197,0.06547449999925448,18.400782500000787,,D,0.029302814866298304,0.923416483468962,4.538111371331732,57.55072839740987,0.9366170045432731,0.1723676539319159,0.21995881507416445,0.17461634951283053,2.0,0.6995977178694581,0.3243186250997956
segment,P2_Full,,main,clean,0.0,13,0.05,115,0.7324675324675325,0.6842025703876585,0.5811797967210985,-0.050297568517070415,1.0,0.06788586357322217,0.3857344004555025,0.5217391304347826,4.581543699998292,0.12964230000216048,4.816298300000199,,D,0.03823772542981029,0.8845123017040561,4.823640195743819,86.5702103730905,0.9060301168694225,0.18632127475798949,0.2069620299549177,0.16284787228560854,2.0,0.630362146522468,0.39608771568535894
segment,P2_Full,,main,clean,0.0,13,0.1,231,0.5571428571428572,0.613530550937124,0.4550017043820272,-0.04231864962697999,1.0,0.06965108199451367,0.37544021922452697,0.5344827586206896,4.173083099994983,0.10328279999521328,9.164078900001186,,D,0.035088512447358985,0.9013379874528132,4.387056601680197,77.01928482195298,0.9203818883891881,0.1930216143449007,0.2275913691475623,0.1788821449262121,2.0,0.6443683330774002,0.37737711438002103
segment,P2_Full,,main,clean,0.0,13,0.15,346,0.7393939393939394,0.7081344178250791,0.600776614969134,-0.04467645425751809,1.0,0.07632886347144925,0.384071340509083,0.46956521739130436,4.844146299998101,0.056609500003105495,14.211222199999611,,D,0.03541601107661411,0.9184734361510073,4.239228807963578,73.62988702828073,0.933124734499426,0.1797119571426629,0.23552424858887475,0.19471306863029672,2.0,0.6922384088638686,0.3358363151056768
segment,P2_Full,,main,clean,0.0,13,0.2,462,0.7770562770562771,0.731643728179021,0.6333488979266615,-0.04554711225224755,1.0,0.0763573608698757,0.37588255544160976,0.49137931034482757,4.2978613000013866,0.147179599996889,18.771997299998475,,D,0.02955590521347699,0.9167472173725543,4.486361940313234,58.04779783926881,0.9316703147248796,0.17925043321501732,0.22250187916477127,0.17497688914988385,2.0,0.693367706737994,0.3297210501156768
segment,P2_Full,,main,clean,0.0,14,0.05,115,0.5943722943722943,0.565079392480992,0.4618540268889176,-0.04927116286025553,1.0,0.07181267028363637,0.3890768362992052,0.5217391304347826,5.2463744999986375,0.07525479999458184,5.387445799999114,,D,0.03460466444666196,0.9092339558315863,4.520944029280048,78.34496030724267,0.9253335630340146,0.17737478095394307,0.22084859246602737,0.18020264541424577,2.0,0.6579295462090565,0.3661795750758037
segment,P2_Full,,main,clean,0.0,14,0.1,231,0.548051948051948,0.6048341527633171,0.4477568923751601,-0.04301794636523358,1.0,0.07445320468194823,0.4211471665265231,0.4224137931034483,4.700242800005071,0.04875449999963166,10.226981400002842,,D,0.03683014318901625,0.9116164966730265,4.589095116341253,80.84216429989067,0.9270786802645996,0.17494422612295665,0.21755141402817973,0.17962303486626396,2.0,0.677785376507473,0.35416039109939196
segment,P2_Full,,main,clean,0.0,14,0.15,346,0.7454545454545455,0.7046824642050626,0.5982102038608481,-0.04659591821103576,1.0,0.07602356515178191,0.37935555136722066,0.4782608695652174,4.921385900001042,0.05386720000387868,15.508482500001264,,D,0.034275960695655555,0.9191475214093664,4.2542930827856775,71.2597222862679,0.9336059414656976,0.1788246978739644,0.23468856300040356,0.1943079912281067,2.0,0.689629945388932,0.33880159396851794
segment,P2_Full,,main,clean,0.0,14,0.2,462,0.7753246753246753,0.7311749765435509,0.6287373066593152,-0.04195633514890147,1.0,0.0762030426638793,0.3835380932894246,0.4827586206896552,4.353050400000939,0.19180100000085076,20.11058910000429,,D,0.03024000601097492,0.9180727269357197,4.498314003826315,59.39137180555474,0.9326953802274313,0.17848333948865272,0.22190933598937668,0.17392432091451526,2.0,0.6920303634035182,0.33216649061801684
segment,P2_Full,,main,clean,0.0,15,0.05,115,0.6774891774891775,0.6367223954408429,0.547255036919427,-0.04671370028136724,1.0,0.06800972061359459,0.3796650134566901,0.5072463768115942,5.176082999998471,0.12610799999674782,5.4262684999994235,,D,0.03902044621576578,0.888289902015367,4.801146493260458,88.34229023249372,0.9090158446265602,0.18553329542369854,0.20793373163180273,0.16310238917975295,2.0,0.6311804716617971,0.39488066140751443
segment,P2_Full,,main,clean,0.0,15,0.1,231,0.6562770562770562,0.6280370170072356,0.5224847113576021,-0.0419243209474066,1.0,0.07094123218666001,0.41097038329161445,0.46551724137931033,4.880516999997781,0.1356385000035516,10.52826400000049,,D,0.036843316592271774,0.8968095334096444,4.598995243802864,80.87107992003655,0.9167514682473928,0.1932536550775924,0.21708211606671166,0.16601748815884282,2.0,0.6535812526139718,0.37187886398650494
segment,P2_Full,,main,clean,0.0,15,0.15,346,0.6428571428571429,0.6208993672499444,0.515218828758273,-0.04764462455459847,1.0,0.07485531682706478,0.3720828941334849,0.4956521739130435,5.195384999999078,0.05655850000039209,15.893401300003461,,D,0.0350811678563379,0.9129431772796437,4.719188573295058,72.93374797332649,0.9281007198761453,0.1741109096663287,0.21152157666785934,0.17348469802752767,2.0,0.68173364929969,0.3492679476723398
segment,P2_Full,,main,clean,0.0,15,0.2,462,0.787012987012987,0.7327989133533668,0.640111214394923,-0.048088506219796635,1.0,0.07391184109348826,0.3730823532517614,0.5172413793103449,4.291991500002041,0.13563029999932041,20.44598920000135,,D,0.03242869528816744,0.9186503925383702,4.602765300501934,63.68995754596085,0.9335550487779573,0.1832173098882776,0.21686195112272946,0.1748456423467551,2.0,0.6745551021863664,0.3570824399623942
segment,P2_Full,,main,clean,0.0,16,0.05,115,0.5783549783549784,0.5748114920870638,0.4564979215598941,-0.04120754393170323,1.0,0.07202598343554267,0.3916402815476708,0.4782608695652174,6.311580700006743,0.36438469999848166,6.719040200005111,,D,0.03671440060068413,0.9127070205919355,4.976793389082342,83.12140295994887,0.9273454195250597,0.1676927403828746,0.2005794919697163,0.16090737614942485,2.0,0.6599237286524381,0.37108578508831097
segment,P2_Full,,main,clean,0.0,16,0.1,231,0.5683982683982683,0.581626794341638,0.4419652948439104,-0.04716389489700166,1.0,0.07834486172107862,0.374599897912864,0.46551724137931033,5.390359199998784,0.024631599997519515,12.218882500004838,,D,0.036664924991289524,0.9292343867548992,4.351386034940373,80.4795103558805,0.9410985778716046,0.16765474886246023,0.22946078990037078,0.1916504527776105,2.0,0.7065424565736121,0.31920123921543786
segment,P2_Full,,main,clean,0.0,16,0.15,346,0.770995670995671,0.7251768303025735,0.6417641351138911,-0.051848678901615104,1.0,0.07762329226151447,0.3433222437682359,0.5391304347826087,5.227542699998594,0.0895440000022063,17.757642100004887,,D,0.03941610190208619,0.9246180500117919,4.247530211499269,81.9460758544372,0.9375187500235437,0.17113778581968062,0.23506299778356782,0.19860597820174336,2.0,0.7013714520343276,0.32566201629173697
segment,P2_Full,,main,clean,0.0,16,0.2,462,0.780952380952381,0.7248286905290864,0.6352873622295473,-0.04557163851674577,1.0,0.07494056009112057,0.37245762540862476,0.5431034482758621,4.346932399996149,0.2124621000039042,22.46778240000276,,D,0.029357555702763927,0.9196547320920785,4.514115577548642,57.658239400228354,0.9344547654295516,0.1842054139944432,0.2211307634476768,0.1697368735040199,2.0,0.6836186483384629,0.3362179098641893
segment,P2_Full,,main,clean,0.0,17,0.05,115,0.558008658008658,0.5872903861978819,0.4412559475955572,-0.045244818471203,1.0,0.07000075480298926,0.40810376945613086,0.43478260869565216,6.30441840000276,0.12715380000008736,6.486225900000136,,D,0.037850014066682036,0.9066093825166941,4.85661835440021,85.69243184696813,0.9234550830611371,0.18037893953805706,0.2055536838750302,0.1591636231338681,2.0,0.6447540784172137,0.3876524666890265
segment,P2_Full,,main,clean,0.0,17,0.1,231,0.5497835497835498,0.6024848309871547,0.4447976939369822,-0.04937975514371869,1.0,0.07573231925722655,0.37604713054566546,0.5086206896551724,5.536395700000867,0.06342359999689506,12.129434199996467,,D,0.03700303723799359,0.9164014178327035,4.244470000673535,81.22166673739594,0.9313946475109873,0.17934789430136003,0.23525227123311152,0.19432911876042136,2.0,0.6881393814092329,0.33739113020701106
segment,P2_Full,,main,clean,0.0,17,0.15,346,0.7458874458874459,0.7016560787204941,0.5978326347131482,-0.05193270191199855,1.0,0.07504777108238496,0.33147248146326647,0.6,5.628303500001493,0.032456100001581945,17.948750899995503,,D,0.0341678677609673,0.9229086751620369,4.18103026543259,71.03499707505102,0.9366696610410747,0.1785023919093598,0.2388093659223863,0.20013230985319533,2.0,0.6827247898374156,0.3426417845490601
segment,P2_Full,,main,clean,0.0,17,0.2,462,0.7727272727272727,0.7272622540987025,0.6259441220808323,-0.047123061986871946,1.0,0.07622320205484082,0.3807289817466818,0.4827586206896552,3.8969511999966926,0.11904519999370677,22.236387499993725,,D,0.02981722900307019,0.9169245939673817,4.4491229549589635,58.561037762029855,0.9319279420458636,0.18059915437056176,0.22436847506457328,0.17518076264249097,2.0,0.6925673389384028,0.32940572358995135
segment,P2_Full,,main,clean,0.0,19,0.05,115,0.5632034632034632,0.5875319149285422,0.44591029096119095,-0.04867492618640415,1.0,0.06848290992080644,0.38707112380559894,0.5072463768115942,6.683569400003762,0.136048699998355,6.920424999996612,,D,0.038267543374183276,0.8879948912200544,5.056471475315703,86.63771819915094,0.9080873692707119,0.17938894278592968,0.19741186822484094,0.15419195570469169,2.0,0.6345689523243526,0.40076489180394514
segment,P2_Full,,main,clean,0.0,19,0.1,231,0.719047619047619,0.6918730614492827,0.584374280532965,-0.04889019124050242,1.0,0.07517539348582535,0.3950700604453169,0.46551724137931033,5.957095999998273,0.12521900000137975,13.147726399998646,,D,0.03820677925640856,0.9155904679673633,4.303888463755433,83.86388046781678,0.9308727464303994,0.181049202560763,0.23199814167930413,0.19101670947687108,2.0,0.6839340645989747,0.34446765670102286
segment,P2_Full,,main,clean,0.0,19,0.15,346,0.7558441558441559,0.7120619530512905,0.6125658849834233,-0.045900508390604326,1.0,0.07343869870905755,0.41727849361689195,0.4434782608695652,5.1615769999989425,0.2920555999953649,18.688671899995825,,D,0.03188893480266785,0.9131584879962703,4.534292352366776,66.29709545474645,0.9291437009874166,0.1840734070873819,0.220166479795878,0.17066443341708018,2.0,0.6715017427402988,0.35453454577797805
segment,P2_Full,,main,clean,0.0,19,0.2,462,0.7831168831168831,0.7353947305701414,0.6365024440431084,-0.042275124783157335,1.0,0.07599936136071904,0.403798533153945,0.4396551724137931,4.247464199994283,0.06347040000400739,23.16609520000202,,D,0.02968493084225765,0.9207882368885034,4.519426195451356,58.30120417419403,0.9349001085243895,0.17815373729306566,0.22087032190081266,0.17279393836899132,2.0,0.6906534302669601,0.333176267282024
segment,P2_Full,,main,clean,0.0,18,0.05,115,0.6614718614718614,0.6101881261692146,0.5125040828206093,-0.05017961185892441,1.0,0.06908863258466692,0.3904979293761046,0.5072463768115942,6.717649899997923,0.16623260000051232,6.996555600002466,,D,0.03773409775957044,0.8989232338395796,5.09756221568007,85.42999732766748,0.9169305607207571,0.17815495652678223,0.19581699657471666,0.15019931951863516,2.0,0.6382872200034816,0.39938137118235123
segment,P2_Full,,main,clean,0.0,18,0.1,231,0.7212121212121212,0.696354759973662,0.5842855562599958,-0.0465092856830588,1.0,0.07311194326868076,0.38466206462732677,0.47413793103448276,6.235933700001624,0.06456769999931566,13.516311800005496,,D,0.03717539880090463,0.9114924884771227,4.7580054243590215,81.60000036798567,0.927130589520271,0.17668671024725688,0.20981210722895005,0.16852297527113705,2.0,0.6692275888395434,0.35951452820618174
segment,P2_Full,,main,clean,0.0,18,0.15,346,0.758008658008658,0.7159545841029377,0.617405734986813,-0.045988912985052775,1.0,0.07383679216480751,0.4024609210698501,0.46956521739130436,5.167841299997235,0.4047102000040468,19.162865300000703,,D,0.031723999345110075,0.9154813001970757,4.522225749508968,65.95419463848384,0.930916406366349,0.1826235638416578,0.22075523154261614,0.1718083720008648,2.0,0.6746202101566098,0.35063320256532393
segment,P2_Full,,main,clean,0.0,18,0.2,462,0.78008658008658,0.7343145992746788,0.6387484303466782,-0.04451778104716343,1.0,0.07594141016310271,0.39074329505192823,0.47413793103448276,4.203284900002473,0.05997650000063004,23.540142600002582,,D,0.03025484677570773,0.9198278910894608,4.519059973215171,59.42051906748998,0.9341129346042226,0.17817971497671167,0.22088826239865925,0.17331840681943864,2.0,0.6903678401985178,0.33317736348957216
segment,P2_Full,,main,clean,0.0,20,0.05,115,0.6471861471861472,0.578796890553132,0.49084784401044274,-0.049541430851105135,1.0,0.06986885292884387,0.38890696327755414,0.4927536231884058,7.023700200006715,0.09802959999797167,7.349580300004163,,D,0.03953012925913785,0.9014086936574324,5.076353535918681,89.49621264268808,0.9187567602007983,0.17595939426025958,0.1966369536312333,0.1532105822815644,2.0,0.6435122744726764,0.39657201062949965
segment,P2_Full,,main,clean,0.0,20,0.1,231,0.7311688311688311,0.6907720652270093,0.583133578961054,-0.037877671745130924,1.0,0.07064031360184683,0.409606591509334,0.45689655172413796,5.172250600000552,0.47445880000304896,13.30867120000039,,D,0.04393137846942328,0.9102584903743582,4.731902298122868,96.4293757403841,0.9270121365548925,0.18668781314714156,0.21097203173292162,0.16529985485368046,2.0,0.6498195954714884,0.38554593291100314
segment,P2_Full,,main,clean,0.0,20,0.15,346,0.7735930735930736,0.7174463171781204,0.6234575743843426,-0.04302522370266358,1.0,0.07261241158317407,0.40430011347584105,0.4782608695652174,5.891695599995728,0.2481956999981776,19.80773990000307,,D,0.03254858319843458,0.9145201330288627,4.599530858269496,67.6685044695455,0.9300630712884335,0.18183156818457477,0.2170368721274083,0.16851868054947938,2.0,0.6647377931089168,0.3679499889924567
segment,P2_Full,,main,clean,0.0,20,0.2,462,0.7818181818181819,0.7362027874547318,0.6460625554545539,-0.04408134317999121,1.0,0.07549790635153197,0.40155671267160054,0.46551724137931033,4.62776180000219,0.2473307999971439,24.89336860000185,,D,0.029935655110115665,0.9229845116521559,4.5631141324082956,58.79362663626716,0.9367965635971719,0.17934122397086266,0.21875079911064618,0.16951224952870467,2.0,0.6867400969296885,0.3385539048352182
segment,P2_Full,,main,clean,0.0,21,0.05,115,0.6575757575757576,0.6210463553630681,0.5250133712192524,-0.04808506793092152,1.0,0.07095769333749516,0.38850699257159577,0.4782608695652174,7.320929600005911,0.24302699999680044,7.859323399999994,,D,0.020661092727431406,0.9060789680952434,4.530427686419431,46.776713934904706,0.9236021482639897,0.18657354815390237,0.2203853595835147,0.17266121615354707,2.0,0.6533339027126656,0.3679418005952107
segment,P2_Full,,main,clean,0.0,21,0.1,231,0.5714285714285714,0.6021657281330091,0.4483498944036399,-0.04825725328443706,1.0,0.07243115956065478,0.40014204652658825,0.4482758620689655,6.254858200001763,0.12535779999598162,14.40944170000148,,D,0.036850158702499934,0.9100319381686538,4.7195532440845245,80.88609835198736,0.9262891191642713,0.18069946895258374,0.21152524798929342,0.1679286851902995,2.0,0.6640644982976437,0.3658594852266819
segment,P2_Full,,main,clean,0.0,21,0.15,346,0.7601731601731602,0.7091588850059014,0.6163816312738508,-0.046941156686645336,1.0,0.07281774481493038,0.37680697972359867,0.48695652173913045,5.580929499999911,0.18476250000094296,20.24689170000056,,D,0.03481462868800434,0.9205745068515947,4.085559997439608,72.37961304236103,0.9359725841376251,0.19386819868098668,0.24440104430227974,0.1960949612537678,2.0,0.6668195222144846,0.35770643557615145
segment,P2_Full,,main,clean,0.0,21,0.2,462,0.7844155844155845,0.7346152423294365,0.6394990552186559,-0.04558897143080746,1.0,0.07625704370675172,0.376108195118863,0.4827586206896552,4.783822299999883,0.11785029999737162,25.62503899999865,,D,0.028694931392556494,0.9186097920520376,4.503508650613426,56.35684525498095,0.933124139492796,0.17833038895831668,0.22165278337930555,0.17306058207179045,2.0,0.6927003727905513,0.3282096783057707
segment,P2_Full,,main,clean,0.0,23,0.05,115,0.6675324675324675,0.642284014853997,0.535150705992813,-0.04567180494958993,1.0,0.07518405058160044,0.40907848097275995,0.42028985507246375,7.45185159999528,0.1241472999972757,8.018907799996668,,D,0.03443431843575132,0.9195929611976585,4.9816923213489295,77.959296938541,0.93201625718415,0.1545050802956535,0.2003818101224196,0.1687985709579048,2.0,0.6813032329907999,0.3562572585844654
segment,P2_Full,,main,clean,0.0,23,0.1,231,0.7437229437229437,0.7154847013196043,0.6253965028396821,-0.043461885051691955,1.0,0.07345701249459742,0.37734439480921317,0.5344827586206896,7.538257499996689,0.18420509999850765,16.005083899995952,,D,0.03612133925033884,0.9097159382741512,4.686776567668075,79.28633965449376,0.9257822704656613,0.17795313906341664,0.21300772400230153,0.17002012114214995,2.0,0.6719435934586526,0.35423311679993047
segment,P2_Full,,main,clean,0.0,23,0.15,346,0.7692640692640693,0.7264557441862719,0.632867751821811,-0.04315465510545235,1.0,0.07342009179429324,0.41708235248275427,0.4608695652173913,6.254088200003025,0.166005099999893,22.533443199994508,,D,0.031180449343626227,0.9068944885013378,4.494325251768338,64.82415418539892,0.924351498008628,0.1874970581901707,0.2221286540485859,0.17012232411654934,2.0,0.6720708247652302,0.34892976283890564
segment,P2_Full,,main,clean,0.0,23,0.2,462,0.7857142857142857,0.7418929753633242,0.6531310140999634,-0.046990178020462514,1.0,0.07595460852969621,0.37797171121527406,0.5,5.623614899996028,0.10785759999998845,28.58252519999951,,D,0.02858883554808866,0.9206639971793206,4.485548591334624,56.14847301644613,0.9348848868775596,0.17924888061706185,0.2225423170314534,0.17297498633061953,2.0,0.6904344980474241,0.33158558151627904
segment,P2_Full,,main,clean,0.0,22,0.05,115,0.6437229437229437,0.5996308786587506,0.5044668085817173,-0.04614940942949638,1.0,0.07023936633935202,0.3900005929711936,0.5072463768115942,7.5997747000001254,0.426472899998771,8.226521699994919,,D,0.037266352389130564,0.9022039279390333,4.5169499626646,84.3710218089916,0.9204876949591994,0.18695809182160095,0.22104426630364146,0.17605464462102746,2.0,0.6473960275002715,0.3790109958436233
segment,P2_Full,,main,clean,0.0,22,0.1,231,0.7346320346320346,0.7017882899810794,0.6025948713656595,-0.04414891000423606,1.0,0.07343823069764327,0.3737678865677324,0.47413793103448276,7.661936999997124,0.13193159999354975,16.22637179999583,,D,0.0342994705198097,0.9104941446210864,4.948546470806121,75.28733779098229,0.9256234612168633,0.1690315849362991,0.20171585813328594,0.16278813828561225,2.0,0.670081520575479,0.3643525613823723
segment,P2_Full,,main,clean,0.0,22,0.15,346,0.7675324675324675,0.7205280859972232,0.6246140392267411,-0.04383691357141349,1.0,0.07330932145542739,0.40769037993057916,0.4608695652173913,6.0382501000058255,0.22700340000301367,22.56408549999469,,D,0.032105167571962016,0.9114646843094673,4.482170067404626,66.74664338210903,0.9281493430061408,0.18845201563400185,0.2227323491705585,0.17017648875204217,2.0,0.67113620655152,0.3508551491243874
segment,P2_Full,,main,clean,0.0,22,0.2,462,0.7770562770562771,0.7405465047308769,0.6505023479663116,-0.04573296796684259,1.0,0.07568794394576585,0.39645904932042647,0.46551724137931033,5.894034800003283,0.1209171000009519,28.776376800000435,,D,0.029342575194580597,0.9205637933157975,4.473207491043696,57.628817682156296,0.9349889318821437,0.18159400062610118,0.2231576928922808,0.17304657549596247,2.0,0.6886394201971832,0.3330674476917598
segment,P2_Full,,main,clean,0.0,24,0.05,115,0.654978354978355,0.610812725862494,0.5069567168611839,-0.03948167671721764,1.0,0.0720940442480643,0.39823142709075543,0.463768115942029,7.775012700003572,0.22144180000032065,8.129606700000295,,D,0.03517178142578442,0.9176734436208713,4.760620998819782,79.62891314797594,0.9314278136285213,0.1670708774008305,0.20970756011984573,0.17248828519632933,2.0,0.6588017169193509,0.38126823858551806
segment,P2_Full,,main,clean,0.0,24,0.1,231,0.7138528138528139,0.6601197979744824,0.5608013937477135,-0.047837950861838424,1.0,0.07301052138944664,0.3708860266568332,0.5086206896551724,7.351129000002402,0.13662810000096215,16.091857600004005,,D,0.03947073550842717,0.9093303880143238,4.700259240703496,86.63826444099763,0.9255691808357702,0.1790985145498567,0.2123954048520453,0.17072612612986754,2.0,0.6682778382543594,0.35953902470185584
segment,P2_Full,,main,clean,0.0,24,0.15,346,0.7675324675324675,0.723132477110818,0.628558064611901,-0.041274941102530244,1.0,0.07203730518695599,0.3954336873863054,0.4608695652173913,6.284061799997289,0.16910120000102324,22.71142089999921,,D,0.04318682912260159,0.9075661115883066,4.462627259846346,89.78541774588871,0.9255970369324362,0.1950683418598741,0.2237098495994109,0.1711662664501933,2.0,0.6607875938891182,0.3647267707033171
segment,P2_Full,,main,clean,0.0,24,0.2,462,0.78008658008658,0.7403843897411846,0.6516799211381948,-0.04701484083430454,1.0,0.0760717802967281,0.3748836337492384,0.5,4.0153785000002244,0.28038930000184337,27.13084770000569,,D,0.029370596263986998,0.920645010748338,4.473629224009138,57.68385106247047,0.9349340995774256,0.18006541193990838,0.22313660759622622,0.17348181687076494,2.0,0.6917215065416729,0.32862689509952586
segment,P2_Full,,main,clean,0.0,25,0.05,115,0.7082251082251082,0.6308393480330797,0.5537855936416624,-0.04557328866261926,1.0,0.07255213537417639,0.3994165948335675,0.4492753623188406,7.228350899997167,0.19702620000316529,7.663820999994641,,D,0.037008407966242225,0.9125661685583484,5.011658201506593,83.7870356355724,0.9271429503551323,0.16671786603005737,0.1991810380969698,0.1601914497938101,2.0,0.663248343211079,0.36993429786101345
segment,P2_Full,,main,clean,0.0,25,0.1,231,0.7350649350649351,0.6725276033123033,0.597973690729344,-0.045284693710163804,1.0,0.07021435211421989,0.42092729925081646,0.4396551724137931,6.836114099998667,0.3755280000041239,15.101069499993173,,D,0.04060696446590068,0.8942496126274511,4.546212945853651,89.13228700265199,0.9152502000605047,0.19858638776490292,0.2196077677754169,0.16466735744409583,2.0,0.648372259329742,0.37470221608104165
segment,P2_Full,,main,clean,0.0,25,0.15,346,0.7627705627705628,0.724407505941599,0.6348270303971578,-0.03839362402472982,1.0,0.07086257414208143,0.4123948119256807,0.45217391304347826,6.438118199999735,0.31441669999912847,21.969970299993292,,D,0.04003981112720973,0.9117612021164482,4.470481395283359,83.24276733346903,0.9292812483308089,0.19855263936711695,0.22331597096250447,0.16728261579079673,2.0,0.6521578619865807,0.3743006821839735
segment,P2_Full,,main,clean,0.0,25,0.2,462,0.7787878787878788,0.7370167132513683,0.641245787046108,-0.047072665292315914,1.0,0.0748390642007862,0.347877922500002,0.5517241379310345,4.558338599999843,0.14320210000005318,26.79217499999504,,D,0.029981078629099264,0.9178208986927812,4.518425423549508,58.88283842755095,0.9329640245014093,0.1842697908318195,0.22091935460776665,0.16954545030103763,2.0,0.6828704857846748,0.3396201987366125
segment,P2_Full,,main,clean,0.0,26,0.05,115,0.564069264069264,0.5596302892603351,0.43953094350798916,-0.04401577397753094,1.0,0.07264545178776222,0.3948794128238291,0.463768115942029,7.5156856999965385,0.1422487000018009,7.75578520000272,,D,0.03742332443020933,0.9104753314133057,5.000966579973496,84.72640650999392,0.9254155931015349,0.1668843004290073,0.19960781415640824,0.16054238643159507,2.0,0.6641450825772666,0.3690257421305063
segment,P2_Full,,main,clean,0.0,26,0.1,231,0.7389610389610389,0.6973281936531343,0.6002660207646724,-0.04811075795788994,1.0,0.07789311137947133,0.3588223611486369,0.49137931034482757,7.780491400000756,0.11538909999944735,15.799911599999177,,D,0.02605575846439841,0.9312793442240269,4.418154875621005,57.19238982935451,0.9426068940248724,0.16483471633002003,0.2259862029231915,0.19099096105967195,2.0,0.7027096627850706,0.32592926559141233
segment,P2_Full,,main,clean,0.0,26,0.15,346,0.7636363636363637,0.7241409217635085,0.6347582535842026,-0.043959095299053015,1.0,0.07365004001089953,0.4009220771167589,0.4782608695652174,6.512317400003667,0.15849539999908302,22.70920810000098,,D,0.031528237409306326,0.9108143952060426,4.504334992619058,65.54720557394785,0.9272979302233516,0.18482282040235692,0.22163396009857025,0.17070285790208792,2.0,0.6735892602493923,0.34804667627531644
segment,P2_Full,,main,clean,0.0,26,0.2,462,0.78008658008658,0.7341233031510342,0.6395258807564591,-0.046157760442366996,1.0,0.07489255064588478,0.35917330083662063,0.5431034482758621,4.776726799995231,0.3448573999994551,28.112951200004318,,D,0.02918392738757102,0.9194462898011349,4.482523453333262,57.31723338918948,0.9343841210414146,0.18543939445374055,0.22269284882591006,0.1701373578202863,2.0,0.6834555834115272,0.33678990465268854
segment,P2_Full,,main,clean,0.0,27,0.05,115,0.5575757575757576,0.5939374936792876,0.45206770554840614,-0.03741009557808577,1.0,0.07227830653465914,0.4391316501558691,0.37681159420289856,8.277847600002133,0.09282559999701334,8.433570699999109,,D,0.03842855473839678,0.9070309081483128,5.0055337184376185,87.00224792773031,0.9224741965473199,0.1661120711348197,0.19942528522824682,0.1626234133682266,2.0,0.6601806028310131,0.38102689358762415
segment,P2_Full,,main,clean,0.0,27,0.1,231,0.7467532467532467,0.7345251017020631,0.643931423247786,-0.047415484474459334,1.0,0.07418758537969265,0.38856939175005617,0.46551724137931033,7.162846499995794,0.04518149999785237,15.781048299999384,,D,0.03680810400114311,0.91888006777583,4.408402728443289,80.79378828250913,0.9333599903132247,0.1785001804165757,0.22648713166399456,0.1852640147181275,2.0,0.675801698838246,0.35907011997171157
segment,P2_Full,,main,clean,0.0,27,0.15,346,0.7554112554112554,0.714757505121552,0.6144739633108207,-0.04686914377188045,1.0,0.07209689046384925,0.38528436266857646,0.5130434782608696,6.521871000004467,0.18866610000259243,22.613567199994577,,D,0.03179155554237489,0.9188422128651323,4.508391552338674,66.0946439725974,0.9336879843331601,0.1829247936905569,0.22143410533202343,0.17313609998884302,2.0,0.6621457882797087,0.3618807250357559
segment,P2_Full,,main,clean,0.0,27,0.2,462,0.780952380952381,0.739848976919855,0.640722186095389,-0.041785262218766286,1.0,0.0758245028523614,0.4069715405589548,0.4396551724137931,5.369296700002451,0.2616637000028277,28.3522662999967,,D,0.029266630922819992,0.9225653004044025,4.585899143531343,57.479663132418466,0.9361863550145653,0.17590375737619812,0.21766140606600182,0.17018923402705655,2.0,0.6887333669563809,0.3391279869070281
segment,P2_Full,,main,clean,0.0,28,0.05,115,0.6177489177489177,0.57799253988343,0.4616128728684576,-0.03493739467226109,1.0,0.07463353417161502,0.4300918650367986,0.37681159420289856,7.7798720999999205,0.08665930000279332,8.072145600002841,,D,0.037005128472595065,0.9153118532654111,4.931621200467109,83.77961086195523,0.9287093958629169,0.15819855687116943,0.2024207882638553,0.17025813946588927,2.0,0.6771891973847946,0.36011594983908995
segment,P2_Full,,main,clean,0.0,28,0.1,231,0.7073593073593074,0.6766049452313324,0.5630217343556001,-0.045227157231714755,1.0,0.07149617742498471,0.3713000972980055,0.5258620689655172,6.552485300002445,0.12497569999686675,14.901702800001658,,D,0.04762588253880569,0.8951953300816542,4.833815959874493,104.53881217267849,0.9139403882552198,0.1788570889843942,0.206514397529136,0.16571681309348543,2.0,0.6555776004466269,0.3818366111840764
segment,P2_Full,,main,clean,0.0,28,0.15,346,0.745021645021645,0.7024901631584809,0.5973433294011593,-0.04114076571702706,1.0,0.07414108223638542,0.40472733443197995,0.46956521739130436,5.803892299998552,0.37269779999769526,21.299639600001683,,D,0.03205791695611464,0.9104650959352893,4.516906765376404,66.64840935176233,0.9267464649119942,0.18184381998039115,0.2210157534661374,0.1734740502786701,2.0,0.6770120532830309,0.3472365139174008
segment,P2_Full,,main,clean,0.0,28,0.2,462,0.7857142857142857,0.7354273471012925,0.6378515884281375,-0.04667882536949429,1.0,0.07614697001093088,0.3866044434493986,0.47413793103448276,4.600808199997118,0.08026380000228528,26.375107200001366,,D,0.0297119996654571,0.9179614781300942,4.502202152869177,58.354367342957744,0.9325582356698006,0.17792565257152573,0.22171725281301843,0.1740680180072689,2.0,0.6919083460855625,0.3316334747716945
segment,P2_Full,,main,clean,0.0,29,0.05,115,0.5753246753246753,0.5661784329608008,0.4521813791210177,-0.048461953697926295,1.0,0.07176881255637686,0.40358672863331396,0.4492753623188406,7.058139699998719,0.36244499999884283,7.633985799999209,,D,0.03531263184579789,0.9104282493598032,4.705657355362633,79.94779849888641,0.9257403215007421,0.1709475591522865,0.21216217562794337,0.17305196985145893,2.0,0.6574289605762141,0.37229875787267785
segment,P2_Full,,main,clean,0.0,29,0.1,231,0.7285714285714285,0.6914816173664351,0.5904996015622795,-0.04819747752605303,1.0,0.0757873219533413,0.3718310186061366,0.4827586206896552,7.0602340000041295,0.05704429999605054,15.109473699994851,,D,0.03416103716274035,0.9238067808291425,4.260664920572552,74.98347657221507,0.9373870743676183,0.17823493594650494,0.2343563375658739,0.1924449160373186,2.0,0.6879761440194655,0.33475083342707157
segment,P2_Full,,main,clean,0.0,29,0.15,346,0.7658008658008658,0.7194379560034758,0.6200825307252412,-0.044394829396068695,1.0,0.07412506939894824,0.3904487854760626,0.4782608695652174,6.036399399999937,0.18169959999795537,21.445574699995632,,D,0.03161485523983717,0.9127523807106898,4.454435053936535,65.72728404362147,0.928868952968544,0.18472220089366764,0.2241221621555461,0.17371200431835657,2.0,0.6772929274123373,0.34329655500370426
segment,P2_Full,,main,clean,0.0,29,0.2,462,0.7610389610389611,0.7310997120684776,0.6429192751332587,-0.049341411649065296,1.0,0.07595138927765704,0.36280780131446905,0.5431034482758621,5.139619699999457,0.11190029999852413,26.85411799999565,,D,0.02858574473660003,0.9214333718944012,4.443147009684175,56.14240266268246,0.9356902400258632,0.18146213570855832,0.22467093141307684,0.17473877736080837,2.0,0.6910985112001147,0.3284239256702736
segment,P2_Full,,main,clean,0.0,0,0.05,115,0.5601731601731602,0.5950843814378451,0.44727117897739027,-0.0658443877255251,1.0,0.07226191870395485,0.26502485400524695,0.5942028985507246,8.31442270000116,0.218951199996809,8.579867300002661,,E,0.03516557765187197,0.9120111505223566,4.687288892161009,79.61486780383814,0.9269022029390569,0.16923794895720193,0.21299532461227758,0.1747461467235244,3.180646710599799,0.6609907798795859,0.3683485751123952
segment,P2_Full,,main,clean,0.0,0,0.1,231,0.7116883116883117,0.6782010157942888,0.5724698705766257,-0.06709948177101444,1.0,0.07604806288971452,0.25007015466690063,0.646551724137931,6.663940899998124,0.07005800000479212,15.803111300003366,,E,0.014478735794573275,0.9153173581730095,4.213008511165521,31.780825069088337,0.9306517729967551,0.1810809688138245,0.23701246863813427,0.1955517532803276,3.028433948079308,0.6909123236006498,0.33128490089034335
segment,P2_Full,,main,clean,0.0,0,0.15,346,0.7350649350649351,0.7011424377760802,0.5954573085457173,-0.06222715230463488,1.0,0.07303134823819919,0.26814688832863515,0.6347826086956522,5.342439799998829,0.1321752000003471,21.422712300001876,,E,0.03358502960893184,0.9087741126684159,4.351793430967352,69.82327655696929,0.9266251090878611,0.19567906590550627,0.22941966932390587,0.1741647651176044,3.1854223704845697,0.6696267909356899,0.3498342954862567
segment,P2_Full,,main,clean,0.0,0,0.2,462,0.7649350649350649,0.7190450616836822,0.620698476625286,-0.06817884749434217,1.0,0.07466703207963464,0.26881872323052636,0.6724137931034483,4.870276100002229,0.31731890000082785,26.73791880000499,,E,0.03364384572784727,0.9140679294026043,4.32566144525521,66.07651300949203,0.9308290969024582,0.19505136305143222,0.2307868610876509,0.17573428176872966,3.1726023373686743,0.6817311034297177,0.3390571863185807
segment,P2_Full,,main,clean,0.0,1,0.05,115,0.6649350649350649,0.6138720708976095,0.515851466470202,-0.0635014063599525,1.0,0.07030799093526273,0.26666457540747046,0.6376811594202898,8.152315399995132,0.17908999999781372,8.613486399997782,,E,0.03852371507264031,0.8903520404981836,5.048683584372845,87.21769092445766,0.9094366522562514,0.1740535058269975,0.19771706926903837,0.15846916676165507,3.3275939579212372,0.6471684384755461,0.39059219139667467
segment,P2_Full,,main,clean,0.0,1,0.1,231,0.71991341991342,0.6901380868885788,0.5850700136018209,-0.06605835608409753,1.0,0.07091036777494217,0.2722858506543883,0.646551724137931,6.726860400005535,0.4328155999974115,16.18460029999551,,E,0.037225811898773505,0.9079050521884346,4.599903419029004,81.71065711780784,0.925328818792988,0.18919351189822065,0.21703916678763124,0.16841167566130863,3.2344576483092125,0.652837244978247,0.37344179613684636
segment,P2_Full,,main,clean,0.0,1,0.15,346,0.7554112554112554,0.7180672692273453,0.6227134950686424,-0.06035104179604736,1.0,0.07191948766841112,0.2947048173002575,0.6260869565217392,5.664933599997312,0.14083910000044852,22.120241899996472,,E,0.03390662946958849,0.8985223749140936,4.454966524657403,70.49188266727447,0.9183829681978568,0.1957140134778493,0.2240953673127306,0.1705561041460945,3.215793330890436,0.6605889850966342,0.3654197305316338
segment,P2_Full,,main,clean,0.0,1,0.2,462,0.7787878787878788,0.7316732390398497,0.6379859814901894,-0.05786191338292871,1.0,0.07329413684842664,0.3063650180039735,0.5862068965517241,4.7563933999990695,0.3435355999972671,27.296252200001618,,E,0.03435131766920835,0.9098794103293324,4.4499095447926305,67.4659879023252,0.9274659202181887,0.19514419460773239,0.2243287244431919,0.16955478801825627,3.224449662684147,0.6707745503620017,0.3556860877642853
segment,P2_Full,,main,clean,0.0,2,0.05,115,0.5783549783549784,0.5777671244763338,0.4667291999399515,-0.06542283887631746,1.0,0.07252412398228969,0.26678425440753717,0.6231884057971014,7.365022500001942,0.15606029999617022,7.638096499998937,,E,0.03745751614713758,0.9104162657265114,5.024318051517395,84.80381655711949,0.9253305291523196,0.16648405591439996,0.198678045189494,0.16031207206419448,3.309458353828097,0.6631569890611231,0.3710444210554279
segment,P2_Full,,main,clean,0.0,2,0.1,231,0.7151515151515152,0.6948895886906962,0.5797990164999122,-0.0672472577779351,1.0,0.07563576017906863,0.26439648532661897,0.6637931034482759,7.108232200000202,0.09446460000617662,14.974286399999983,,E,0.03150654672022092,0.926456231017048,4.31332930225721,69.15687005088492,0.9394091199170053,0.17612489921423377,0.23148935603826556,0.1903900262260088,3.0630939942370152,0.6862666369987704,0.3410882116107013
segment,P2_Full,,main,clean,0.0,2,0.15,346,0.7532467532467533,0.713448239496248,0.6139719925969027,-0.06205706882464188,1.0,0.07286556550066413,0.3040347149838572,0.5652173913043478,6.167127000000619,0.10992819999955827,21.38033429999632,,E,0.03326673774428332,0.9114166463673556,4.475720061209132,69.16154777036502,0.9281010606183916,0.18834706033174625,0.22305402455719597,0.17249677211178654,3.199302482240001,0.6673067171561273,0.3580599792948519
segment,P2_Full,,main,clean,0.0,2,0.2,462,0.7813852813852814,0.7305378718989827,0.6365788423970575,-0.05601968133514146,1.0,0.07400833841628984,0.30456580684102813,0.5862068965517241,5.0134854999996605,0.15365190000011353,26.71375899999839,,E,0.0334938303805815,0.9148259846745964,4.445262802037576,65.78188286746206,0.9311252190019834,0.19136393024464649,0.22456375330098813,0.17086881233574697,3.213110772425602,0.6759922069922344,0.34884647710710054
segment,P2_Full,,main,clean,0.0,3,0.05,115,0.6493506493506493,0.6094344805824009,0.49897302040707153,-0.06628113845089954,1.0,0.07235898315840207,0.27981987725133484,0.6231884057971014,7.596197699996992,0.47596089999569813,8.31646560000081,,E,0.0368775132670123,0.9122128894840346,5.0148129959763645,83.49069003651584,0.9268078165213397,0.16625364420270744,0.19905545628281446,0.16006809498008367,3.311835292855244,0.6617004737950108,0.3715679574735697
segment,P2_Full,,main,clean,0.0,3,0.1,231,0.7567099567099567,0.724726645156594,0.6381345704218155,-0.05672689111419154,1.0,0.07009742970711888,0.2780251130461693,0.646551724137931,7.0665723999991314,0.2986196000056225,16.19040590000077,,E,0.02849323818505423,0.9062807918531097,4.5661377685721884,62.54265781619404,0.9244539678394458,0.1939108998643312,0.21864749728685234,0.16687590716449707,3.248119196760763,0.6470855153816499,0.37756216691629374
segment,P2_Full,,main,clean,0.0,3,0.15,346,0.7649350649350649,0.7310329906717976,0.6327653286685956,-0.05756874666758057,1.0,0.07203274644697812,0.3069615493650022,0.5652173913043478,6.250104099999589,0.15896359999896958,22.747028099998715,,E,0.03462318452920648,0.9041696012687147,4.465627431230595,71.98160063622026,0.9228669439223873,0.19510868055658567,0.2235592298538459,0.1686839521295729,3.2320615526482626,0.6616706682587987,0.3620062863791637
segment,P2_Full,,main,clean,0.0,3,0.2,462,0.793939393939394,0.7475993247463361,0.6609764440465755,-0.057176702691222075,1.0,0.07384137814231036,0.28609824129219713,0.6293103448275862,5.282032700000855,0.40239760000258684,28.558506299996225,,E,0.03330438382599897,0.9105588212955186,4.429215866326404,65.40980983426198,0.9277358714523508,0.1920485665063311,0.22537918766252854,0.17258072715916553,3.1985974425720967,0.6748554552581761,0.35009343730697107
segment,P2_Full,,main,clean,0.0,4,0.05,115,0.6467532467532467,0.6069891744858315,0.49391268463944543,-0.05214638436063832,1.0,0.06906176553041192,0.29862986397052155,0.5652173913043478,7.691738500005158,0.4556042000040179,8.407624499996018,,E,0.037225941373838854,0.8849074581293319,5.062035713529583,84.27953127037117,0.9057425089014748,0.1810286786050448,0.19719438547446527,0.1522873729952891,3.391633151080317,0.637525137352545,0.39908617403011337
segment,P2_Full,,main,clean,0.0,4,0.1,231,0.667965367965368,0.6394629138645217,0.5288524907270761,-0.0668580794955714,1.0,0.06806586104764756,0.27380736480499135,0.6551724137931034,7.34374630000093,0.45817299999907846,16.411940599995432,,E,0.04245473452176337,0.8859303411913846,4.656177891301908,93.1881422752706,0.9085864768577969,0.19861666899893635,0.21441052713567774,0.16070666946300013,3.3056292768394284,0.6310609070333644,0.4022526867920166
segment,P2_Full,,main,clean,0.0,4,0.15,346,0.7307359307359307,0.718455573695497,0.6005087363294046,-0.057204250707810995,1.0,0.07239361617868098,0.29018211908962416,0.6521739130434783,5.827140099994722,0.4988353000007919,22.841149999992922,,E,0.03804509152996506,0.9013205944208309,4.567150290037468,79.09574529079737,0.9205569874402246,0.19493827416664614,0.21857905037064837,0.16569841593903192,3.25876517788792,0.6648499410543851,0.35860513060541493
segment,P2_Full,,main,clean,0.0,4,0.2,462,0.7558441558441559,0.7162682843066223,0.615425747482095,-0.058792973001264535,1.0,0.07311262659302409,0.27805032555399267,0.6379310344827587,5.126503299994511,0.13913419999880716,28.20494389999658,,E,0.03425789056120511,0.9188011680309957,4.28504610345502,67.28249706220683,0.9349921328594915,0.1993989868558248,0.2329791776843404,0.17459871160252866,3.181854781203204,0.6702914504819034,0.35030289718393887
segment,P2_Full,,main,clean,0.0,5,0.05,115,0.6454545454545455,0.623697071474414,0.5023295034685523,-0.06140113792498104,1.0,0.07091456919263225,0.29639984688897064,0.6086956521739131,8.030088200001046,0.10582960000465391,8.271560499997577,,E,0.03748459977351091,0.9097232719863216,4.951210967887456,84.8651338872287,0.9248440047799092,0.16749314165768783,0.20161814973025285,0.16443743178400727,3.270335104286847,0.6504344608818087,0.3913611352521402
segment,P2_Full,,main,clean,0.0,5,0.1,231,0.7090909090909091,0.6984589859056604,0.5898205309072214,-0.053062463371398506,1.0,0.07116567906291989,0.2691383067646931,0.6810344827586207,7.530590800000937,0.16276830000424525,16.14023040000029,,E,0.0368565127556854,0.9111405081618629,4.690708943546723,80.90004549872944,0.9275293222321922,0.1844351540990414,0.21282877050557136,0.16519769177898722,3.2633383360735277,0.6546628328468076,0.3723655979606511
segment,P2_Full,,main,clean,0.0,5,0.15,346,0.7528138528138528,0.7149507275455179,0.6175454013880511,-0.06019271912050913,1.0,0.07098145226657641,0.2932842666688173,0.6086956521739131,5.996396399998048,0.14653079999698093,22.764013899999554,,E,0.03423241201958945,0.9142138301353397,4.458899264129064,71.16918458872647,0.9309706460014758,0.19533236992130928,0.22389729123968447,0.16739279684419242,3.243493177204617,0.6533121424253637,0.3741435793401153
segment,P2_Full,,main,clean,0.0,5,0.2,462,0.7740259740259741,0.7259159951177833,0.6308669558474737,-0.05583374738672754,1.0,0.07400919971666635,0.29787192545060454,0.5775862068965517,4.727084400001331,0.16158290000021225,27.97510560000228,,E,0.03484253416017416,0.915640265269708,4.466491908542509,68.43073709058206,0.9318434976588397,0.19207305998454502,0.2234939870151412,0.16861634743778228,3.2326557673611536,0.6758805958141603,0.3503849386177428
segment,P2_Full,,main,clean,0.0,6,0.05,115,0.7753246753246753,0.6805888402583814,0.5979481144499897,-0.06195593527800695,1.0,0.07028015675461685,0.2644290686517522,0.6376811594202898,7.294327899995551,0.43033920000016224,8.238727500000095,,E,0.037422699322591235,0.9037943163570268,5.080783108089254,84.72499126634656,0.920539765047751,0.17405882954761698,0.19646513465208756,0.1534100579455334,3.379619357087785,0.6466133946949346,0.39102248638770937
segment,P2_Full,,main,clean,0.0,6,0.1,231,0.7480519480519481,0.7048052246548614,0.6234141455352974,-0.058942412305852614,1.0,0.06879060221270047,0.26639667757112406,0.6379310344827587,7.366855699998268,0.2545587999993586,15.992977199995948,,E,0.035160363333161596,0.8910098453502121,5.069019939948541,77.1769975162897,0.9110133737964827,0.18353518728867613,0.19691092149417358,0.14858954738850833,3.432487122370322,0.6370301170549001,0.3977147218284135
segment,P2_Full,,main,clean,0.0,6,0.15,346,0.7653679653679654,0.7179367486110926,0.6271915868349371,-0.05852136009656694,1.0,0.07185209083833209,0.2988273725561474,0.6173913043478261,6.163102399994386,0.208136100001866,22.456368300001486,,E,0.03616869352115459,0.8988832030393062,4.487118236919802,75.1947138304804,0.9188973181547652,0.19793066747593735,0.22248620039997233,0.16712752901395828,3.24586367652884,0.6605753239189616,0.36240306282945595
segment,P2_Full,,main,clean,0.0,6,0.2,462,0.7896103896103897,0.7338203577068749,0.6461438652252633,-0.05835579617653742,1.0,0.07373327404155114,0.2977581900255433,0.603448275862069,5.132474900005036,0.10193859999708366,27.831468099997437,,E,0.034749889446431446,0.9104528791862682,4.428758864547645,68.24878287279137,0.9280321343081553,0.19631290165603327,0.2254024970141208,0.16977007427635285,3.2225799058852287,0.6741620671198898,0.35034508577964407
segment,P2_Full,,main,clean,0.0,7,0.05,115,0.6658008658008658,0.5996327415225731,0.4977915242668651,-0.05505924270004209,1.0,0.07510264080009804,0.26722420838432037,0.6666666666666666,7.143153000004531,0.04861439999513095,7.527141300000949,,E,0.03420378685495073,0.9276680771757327,4.790494341815789,77.43737343960845,0.939002766515033,0.1567038300203674,0.20839707602476357,0.1754663670758195,3.174774469126464,0.6804756124024438,0.3580541652919261
segment,P2_Full,,main,clean,0.0,7,0.1,231,0.7134199134199134,0.6924150137600215,0.5814863400760677,-0.06335744996886818,1.0,0.0686979072092757,0.263614475598623,0.646551724137931,6.958580200000142,0.30639500000688713,15.084882800001651,,E,0.035114578705818494,0.9097679908571967,5.101633772983713,77.0765002592716,0.9259720978133161,0.1795826903341412,0.1956491913870461,0.14822034830963718,3.4366779956402596,0.6354978291690669,0.40111053716868483
segment,P2_Full,,main,clean,0.0,7,0.15,346,0.7502164502164502,0.7131817903599946,0.6125920363718046,-0.06012532029361596,1.0,0.07256403668687325,0.28007065381692803,0.6347826086956522,6.209075499995379,0.10035059999790974,21.581108599995787,,E,0.034158606611068676,0.9046339328429984,4.506424734076547,71.01574314441177,0.922811524535005,0.19060859102096306,0.22153095974850118,0.17058249204543718,3.2155665830782256,0.6650628294565984,0.36159707213990944
segment,P2_Full,,main,clean,0.0,7,0.2,462,0.7727272727272727,0.7270561747527854,0.6298181364701203,-0.05427476627149126,1.0,0.07364417908882423,0.3031630839767127,0.5689655172413793,4.6707317999971565,0.04355539999960456,26.373420399999304,,E,0.034599194290701143,0.9114325236989758,4.476210774071815,67.95281758693704,0.9284641874806797,0.19230155913911975,0.22300762496852383,0.17020531565115535,3.2188142908085666,0.6730032861431953,0.35513725364622745
segment,P2_Full,,main,clean,0.0,8,0.05,115,0.6861471861471862,0.6254112110804757,0.5311319538683104,-0.06644071608748305,1.0,0.07170805171417592,0.2586996177400368,0.6811594202898551,7.914674400002696,0.24429189999500522,8.343246600001294,,E,0.01944516373769086,0.9077778733528392,4.188736371511072,44.02385070213211,0.9255895185908155,0.19313852201785847,0.23839908664291648,0.19171524087759922,3.0540173481022967,0.6595304980806481,0.3523976618751923
segment,P2_Full,,main,clean,0.0,8,0.1,231,0.7225108225108225,0.676818032805111,0.5876092120162624,-0.055618901300080716,1.0,0.07004486921840565,0.3021049098721866,0.5517241379310345,7.081650300002366,0.2066331000023638,15.752187999998569,,E,0.037362840123939714,0.8930921052525665,4.479110720030508,82.01143407204768,0.9146368551323519,0.2015262757786426,0.222904572737962,0.16592238513402674,3.25672858154768,0.6477043162139744,0.37158655151049946
segment,P2_Full,,main,clean,0.0,8,0.15,346,0.7493506493506493,0.708346819099023,0.6095970371116849,-0.05745247914672007,1.0,0.07187640577018711,0.30691696612731273,0.5739130434782609,6.146126499996171,0.19668000000092434,22.273690499998338,,E,0.03539463105788922,0.9026608470922484,4.417288767656258,73.58543796935169,0.9221397498733035,0.2001137486733145,0.22601091845289237,0.1685709934025622,3.233054675978436,0.6607701961668784,0.36058143499834333
segment,P2_Full,,main,clean,0.0,8,0.2,462,0.7714285714285715,0.7208998684079589,0.6257598365404163,-0.06570117811699262,1.0,0.07433761655678316,0.25957984901193915,0.6637931034482759,5.071923600000446,0.0629793999978574,27.565217300005315,,E,0.03375583482554754,0.9100643038022257,4.3511361423238775,66.29645959737536,0.9276645536144977,0.19569815497472742,0.22943268539378311,0.1747667905124643,3.180477719862745,0.6790351854005438,0.34267719827753185
segment,P2_Full,,main,clean,0.0,9,0.05,115,0.6761904761904762,0.661182406740754,0.5318910109835198,-0.06277015013820693,1.0,0.07216910307193693,0.2744783106921376,0.6086956521739131,7.655876500000886,0.1645481000014115,7.995392799995898,,E,0.03829528499849454,0.9110801165631681,4.977181034003416,86.70052523659164,0.9261296057903878,0.16924773903815032,0.2005638355333285,0.16088434471268478,3.303911292279323,0.6606405648145441,0.372545653249479
segment,P2_Full,,main,clean,0.0,9,0.1,231,0.7333333333333333,0.6962742622694778,0.5966761017580382,-0.06072923728623995,1.0,0.07117612543992069,0.26107049733400345,0.6551724137931034,6.675112899996748,0.4721583999998984,15.388215400002082,,E,0.030826668143225412,0.8972237040736605,4.4023672739974495,67.66453657437978,0.9167957497531826,0.19043346039197234,0.22679826055699517,0.17794980304537328,3.154890568697373,0.655524373007637,0.3643973660098885
segment,P2_Full,,main,clean,0.0,9,0.15,346,0.7471861471861472,0.7075373619367089,0.6014215662452139,-0.05905256279149417,1.0,0.07252530120393251,0.3037960303866345,0.591304347826087,5.853876300003321,0.5527046999995946,21.973202399996808,,E,0.034677026925262325,0.9069697342825296,4.417126765856887,72.09353897762037,0.9251034573964251,0.19492283477902697,0.22601922524095946,0.17123570829056872,3.20997585723053,0.665477176496734,0.3561746255950552
segment,P2_Full,,main,clean,0.0,9,0.2,462,0.7783549783549784,0.7273096444047695,0.631210677650702,-0.06453381188037127,1.0,0.07459067589713865,0.2601438032398964,0.6810344827586207,4.538620500003162,0.48683310000342317,27.423611600002914,,E,0.03345171659930022,0.9130976495460722,4.349276702993336,65.69917140102564,0.929850884295463,0.19278229716321363,0.22953099217714137,0.1760403513886742,3.170128953549022,0.6807615477806884,0.3406234808636154
segment,P2_Full,,main,clean,0.0,10,0.05,115,0.6753246753246753,0.6214582105420678,0.526970659275268,-0.06716901989924022,1.0,0.07274360602264433,0.26061019063859747,0.6376811594202898,7.2344431999954395,0.22183750000112923,7.659367399995972,,E,0.037299942692796316,0.9113336386558839,5.05411486611529,84.44707025649086,0.9259707715884694,0.16508101506250503,0.19750412255668176,0.16009073605348914,3.3116144079471943,0.6643919760981928,0.3705450903247041
segment,P2_Full,,main,clean,0.0,10,0.1,231,0.754978354978355,0.7200119900749873,0.6413749026196627,-0.058441312512847496,1.0,0.07116988067747018,0.276585067140645,0.6724137931034483,6.534425300000294,0.40718529999867314,14.92146440000215,,E,0.04066708527775279,0.907276690119281,4.670414854719489,89.26425218466737,0.9246327699513467,0.1871814094470188,0.21375554380534564,0.16746853605712828,3.2428177309361437,0.6546141722338337,0.37514063415058785
segment,P2_Full,,main,clean,0.0,10,0.15,346,0.7584415584415585,0.7241078501544362,0.6284558157096222,-0.05817161428980649,1.0,0.07135503544234002,0.29019998739595,0.5826086956521739,5.798740300000645,0.3670447999975295,21.35444450000068,,E,0.03579616256550051,0.9016243313583587,4.522904139426025,74.42022197367555,0.9209957858142963,0.1969130652265565,0.22072204830868175,0.16476419171318113,3.2673199795450456,0.6565972397780961,0.3683655076637742
segment,P2_Full,,main,clean,0.0,10,0.2,462,0.7844155844155845,0.7404176093461,0.6503556165161346,-0.056767034788875285,1.0,0.0734112312720839,0.30672601867338706,0.5775862068965517,4.747402799999691,0.30163590000302065,26.688890899997205,,E,0.0337617774955011,0.9098278219627605,4.434978251633154,66.30813100116416,0.927349073279145,0.19430884001879717,0.22508568966885817,0.1708563620461221,3.2132173891921765,0.6716739352678454,0.3538599809679075
segment,P2_Full,,main,clean,0.0,11,0.05,115,0.5021645021645021,0.5578623130599628,0.38516698320547604,-0.0672951599137992,1.0,0.07268782549668627,0.2619108875160632,0.6231884057971014,7.5952338999995845,0.125071399997978,8.006854200000816,,E,0.03335480191704542,0.9134766693173786,4.75455507179055,75.51527154019084,0.92782948170639,0.1658837249534387,0.20997567169248843,0.17273070082710185,3.1973396958554714,0.664240563411203,0.36580648308577113
segment,P2_Full,,main,clean,0.0,11,0.1,231,0.7138528138528139,0.684163601698213,0.5749512829405105,-0.0678171427606448,1.0,0.06999397878740005,0.2554311537793998,0.6896551724137931,6.711323199997423,0.10408250000182306,15.321401499997592,,E,0.04273573715961137,0.8963441516373136,4.362061317798332,93.80494306534695,0.9159054284008848,0.188713681596886,0.22889811452066114,0.18635915304319298,3.091495686783127,0.6456578291471367,0.3779056244359331
segment,P2_Full,,main,clean,0.0,11,0.15,346,0.7445887445887446,0.6984519059189435,0.5982079281738855,-0.06057101582747502,1.0,0.07306762951680622,0.2800038393424905,0.6434782608695652,5.9530805999966105,0.1680075999975088,21.67488980000053,,E,0.03448640245201818,0.9082770549888608,4.413510245895924,71.6972306977458,0.9259661041783703,0.1928530444302816,0.22620482431719904,0.17357682420242573,3.190284445511282,0.6695050947550498,0.35221427730389765
segment,P2_Full,,main,clean,0.0,11,0.2,462,0.7731601731601732,0.7208702187843725,0.6254233076302785,-0.05645022354949158,1.0,0.07447426394829665,0.28892970907277077,0.5948275862068966,4.651047400002426,0.10880809999798657,26.547081400000025,,E,0.034887695124634334,0.9099402097290682,4.354336085051189,68.51943322478184,0.927509492834728,0.19508465490320606,0.22926370404567242,0.17513199900812693,3.1774946978044767,0.6801945211870317,0.3410974263951087
segment,P2_Full,,main,clean,0.0,12,0.05,115,0.6662337662337663,0.6169683333387624,0.4977856188382023,-0.06054398793747436,1.0,0.0750681099275042,0.25377703771211096,0.6666666666666666,8.047118399997998,0.07361989999481011,8.219002999998338,,E,0.03905823139826946,0.913696916544138,4.3105536054337925,88.42783588568206,0.9292333224133711,0.18002144589861463,0.23164938580563044,0.19058865229400918,3.061725525055609,0.6829518231170075,0.3432623919686763
segment,P2_Full,,main,clean,0.0,12,0.1,231,0.5774891774891775,0.6081036007147693,0.4563814162444597,-0.059537342980114885,1.0,0.07088061263432568,0.27672337547972287,0.6206896551724138,6.622048600002017,0.10007149999728426,15.117009299996425,,E,0.040737053890110536,0.8979352344114603,4.345571820385833,89.41783328879262,0.9173938599695821,0.19064978443752684,0.22976840978833962,0.1853242327906093,3.098987103496958,0.6526019005341465,0.37070639028721597
segment,P2_Full,,main,clean,0.0,12,0.15,346,0.7316017316017316,0.6981450485871609,0.5883048106571557,-0.05529418656905861,1.0,0.0740611524304389,0.28098422288894653,0.6173913043478261,6.422018500001286,0.25234289999934845,21.861857199997758,,E,0.03630844804003263,0.9170521584457522,4.229300425099576,75.48526347522784,0.9324468752613495,0.18559514662631973,0.23607827704117493,0.19325756765602772,3.043610403112214,0.6751009534866989,0.35473537664238647
segment,P2_Full,,main,clean,0.0,12,0.2,462,0.7653679653679654,0.715194108102375,0.6178578422315429,-0.06025490042200127,1.0,0.07451543262425762,0.28715973668571176,0.603448275862069,4.712988999999652,0.08835769999859622,26.734260799996264,,E,0.033060841545334466,0.9106311875693733,4.380282750130323,64.93149279503689,0.9278547268197769,0.1927242712749862,0.22790263976129432,0.17465473790584055,3.1813954662643016,0.679968362252583,0.3443984530616456
segment,P2_Full,,main,clean,0.0,13,0.05,115,0.7177489177489178,0.6695817582443417,0.5655239598462681,-0.06973875249065162,1.0,0.06788586357322217,0.26970691870951996,0.6811594202898551,7.509810099996685,0.2488195000041742,7.980136999998649,,E,0.03823772542981029,0.8845123017040561,4.823640195743819,86.5702103730905,0.9060301168694225,0.18632127475798949,0.2069620299549177,0.16284787228560854,3.2851751084689695,0.630362146522468,0.39608771568535894
segment,P2_Full,,main,clean,0.0,13,0.1,231,0.7329004329004329,0.678047663035085,0.5951260216853275,-0.0632752778256189,1.0,0.0688385968497255,0.2643560526956772,0.6637931034482759,6.465514099996653,0.49976230000174837,15.176010900002439,,E,0.03645492627402074,0.8981103882905005,4.413713586007825,80.01856317147553,0.9181584959623418,0.19676301965897247,0.2262140596803102,0.17590737214561145,3.1712025167032607,0.6378917136828682,0.3876948928576295
segment,P2_Full,,main,clean,0.0,13,0.15,346,0.7497835497835498,0.7066020755412526,0.609072002636232,-0.05758053922555075,1.0,0.0708522088222623,0.3151603924191516,0.5565217391304348,6.41977659999975,0.2952078999951482,22.03345629999967,,E,0.037711246613832704,0.8993017182650338,4.5405434298188725,78.40168171015819,0.9194323909876093,0.19991078671589058,0.2198627086818926,0.16359016166523385,3.2782092606008466,0.652611391606505,0.37549228635559156
segment,P2_Full,,main,clean,0.0,13,0.2,462,0.7766233766233767,0.7267211995446379,0.6346138734366191,-0.05833511599477549,1.0,0.07299660442701937,0.30070501488858253,0.5862068965517241,4.561427900000126,0.1265477999986615,27.2092690999998,,E,0.03554493962252212,0.9123297867381029,4.470580737031102,69.81026141863344,0.9295020671113621,0.19587360101384044,0.2232891117240304,0.16835852269013407,3.2349263108594037,0.6681019722366115,0.3618098532786891
segment,P2_Full,,main,clean,0.0,14,0.05,115,0.6402597402597403,0.6252061703675236,0.5182806380907081,-0.06663534641552409,1.0,0.07181267028363637,0.26013843542423803,0.7101449275362319,7.950400099995022,0.07796560000133468,8.353543099998205,,E,0.03460466444666196,0.9092339558315863,4.520944029280048,78.34496030724267,0.9253335630340146,0.17737478095394307,0.22084859246602737,0.18020264541424577,3.1373270252237733,0.6579295462090565,0.3661795750758037
segment,P2_Full,,main,clean,0.0,14,0.1,231,0.6926406926406926,0.6788312903838405,0.5590929710418909,-0.06019736867526809,1.0,0.07175876005472269,0.2695710462485922,0.6551724137931034,6.679219699995883,0.40887470000598114,15.867158300003211,,E,0.03952212247155612,0.9073645715221158,4.6403645964544395,86.75105882506568,0.9245776921577987,0.18581573938304208,0.21514274210101816,0.16954252953281157,3.2245562702697406,0.6587613692334767,0.37243632001984966
segment,P2_Full,,main,clean,0.0,14,0.15,346,0.7718614718614719,0.7183682883571597,0.6373326553999841,-0.05920657341237013,1.0,0.07134394804609519,0.28963914189649664,0.6086956521739131,6.532444699994812,0.10817669999960344,22.833317000004172,,E,0.034660351104755766,0.9113137582343849,4.43611958281798,72.05886994678724,0.9285735203533104,0.19461600554165526,0.2250494854391367,0.17170698691391664,3.2059687086311444,0.6560515854370239,0.3714666730815676
segment,P2_Full,,main,clean,0.0,14,0.2,462,0.7935064935064935,0.7328015090571871,0.6533400950641439,-0.05911781069392095,1.0,0.07332364579139786,0.30402025272106303,0.5775862068965517,4.631906900001923,0.1654218000039691,27.875206900003832,,E,0.035184376061903125,0.9082499181954972,4.4701910014612105,69.10211458557774,0.9263119337162719,0.19686102906437236,0.22330862369789667,0.16787503644303525,3.2392029529645527,0.6711772357024186,0.3543022891831713
segment,P2_Full,,main,clean,0.0,15,0.05,115,0.6891774891774892,0.6504933352436124,0.5576256643775237,-0.06726338202977526,1.0,0.06800972061359459,0.24439508413922958,0.6956521739130435,7.6547032999951625,0.15262910000456031,7.992652299995825,,E,0.03902044621576578,0.888289902015367,4.801146493260458,88.34229023249372,0.9090158446265602,0.18553329542369854,0.20793373163180273,0.16310238917975295,3.282779508977507,0.6311804716617971,0.39488066140751443
segment,P2_Full,,main,clean,0.0,15,0.1,231,0.6454545454545455,0.6067719946827,0.5074163539210432,-0.05414747143656835,1.0,0.07051665792894937,0.2708591587584594,0.6551724137931034,7.2814392000000225,0.17538439999771072,15.638440099995933,,E,0.038465589903482526,0.8979655305750828,4.587707345184631,84.43196983814414,0.9178478858149394,0.19485920152196343,0.21761736071676735,0.16624091797260285,3.2538415514596775,0.6503607321174362,0.37650211782290477
segment,P2_Full,,main,clean,0.0,15,0.15,346,0.7666666666666667,0.7158775947963119,0.6286680034796851,-0.0631185815202479,1.0,0.07222032683832873,0.2908024528752203,0.6,5.9531271000014385,0.18250390000321204,21.92068450000079,,E,0.03797352800562898,0.9062490096236142,4.626073487618855,78.94696472370265,0.9240149068499952,0.18950090185773538,0.21578883695700846,0.17154865951786066,3.207312465761188,0.661917178704589,0.37208538873164304
segment,P2_Full,,main,clean,0.0,15,0.2,462,0.7883116883116883,0.7338392483955634,0.6473519589773001,-0.06265223036026113,1.0,0.0733403194209304,0.3094671457235155,0.5948275862068966,4.550059599998349,0.13215029999992112,27.037691300000006,,E,0.0356844908431602,0.906113012582757,4.460902227525655,70.08434001596663,0.9246417953543534,0.19735197902615392,0.22377467185250324,0.16855668979999647,3.2331805269588605,0.6714334531148959,0.3532016246372228
segment,P2_Full,,main,clean,0.0,16,0.05,115,0.5792207792207792,0.5732586239475858,0.45608407128311423,-0.05461230123658965,1.0,0.07202598343554267,0.2696173795755359,0.6231884057971014,8.211906500000623,0.20159250000142492,8.54371849999734,,E,0.03671440060068413,0.9127070205919355,4.976793389082342,83.12140295994887,0.9273454195250597,0.1676927403828746,0.2005794919697163,0.16090737614942485,3.303688873578053,0.6599237286524381,0.37108578508831097
segment,P2_Full,,main,clean,0.0,16,0.1,231,0.7212121212121212,0.7160110494745167,0.6001928027811342,-0.06392484498118113,1.0,0.07740903427149316,0.26051992678950575,0.646551724137931,6.881599699998333,0.10309050000068964,15.763993200002005,,E,0.020559999015756912,0.928176417143353,4.316324072483851,45.129197839586425,0.9405929417614188,0.17287531649386045,0.23132842687691094,0.19090624046114585,3.0595433622081156,0.6995780649762192,0.32695992876954366
segment,P2_Full,,main,clean,0.0,16,0.15,346,0.7480519480519481,0.7082667638728792,0.611991012259812,-0.055891486961091905,1.0,0.07151137029584989,0.2908574629089107,0.6173913043478261,6.007805600005668,0.48209769999812124,22.603145200002473,,E,0.03315759743793883,0.9098269215025219,4.352841024765584,68.93464507347483,0.9274677006567867,0.19563243762114904,0.2293643393090912,0.17445040255434865,3.1830720728610213,0.6580016438436763,0.3626501063921402
segment,P2_Full,,main,clean,0.0,16,0.2,462,0.7792207792207793,0.73001060974324,0.6380935141757633,-0.05782034504069848,1.0,0.07463751943630775,0.2939529692561462,0.6120689655172413,4.591515599997365,0.24598730000434443,27.578619799998705,,E,0.03284799751369287,0.9109392287173255,4.415692055857624,64.5134671168928,0.9280195547557295,0.1917828219137239,0.22607101008521474,0.17237840995276152,3.200297633378274,0.6810104288262256,0.34163753177381806
segment,P2_Full,,main,clean,0.0,17,0.05,115,0.5575757575757576,0.5852819083531791,0.43868382844935,-0.06648441609134807,1.0,0.07000075480298926,0.2696256391380144,0.6231884057971014,8.173832399996172,0.14730520000011893,8.397238899997319,,E,0.037850014066682036,0.9066093825166941,4.85661835440021,85.69243184696813,0.9234550830611371,0.18037893953805706,0.2055536838750302,0.1591636231338681,3.3207106628864054,0.6447540784172137,0.3876524666890265
segment,P2_Full,,main,clean,0.0,17,0.1,231,0.7173160173160174,0.6859036319051217,0.5796809399170765,-0.061453645522810886,1.0,0.07491321459905892,0.26124526778685636,0.646551724137931,6.92580199999793,0.04629169999680016,15.507022599995253,,E,0.029510748066448537,0.9148603500393434,4.2313869336912235,64.77609200585454,0.9304126895722179,0.1826685867285254,0.23598105930715646,0.19368374714223716,3.040763957682032,0.6820991768432824,0.3432651319720646
segment,P2_Full,,main,clean,0.0,17,0.15,346,0.745021645021645,0.706806329526012,0.6053376168300033,-0.05160419101318512,1.0,0.07285696862521011,0.29958475983661154,0.5739130434782609,6.287610899998981,0.21271270000579534,22.163314999997965,,E,0.03364992976883887,0.9054301563473499,4.417277491597208,69.958203989416,0.9236720819407456,0.1928936845914354,0.2260114966232399,0.17328516847284894,3.1927085837941815,0.6677952455348938,0.3546000951661289
segment,P2_Full,,main,clean,0.0,17,0.2,462,0.770995670995671,0.7216726392602497,0.6247536674214907,-0.06462961585537193,1.0,0.07472661700678868,0.2538081633633581,0.6896551724137931,4.816656399998465,0.141203699997277,27.17893589999585,,E,0.033215195234031124,0.9120977527075659,4.37528981092064,65.23464343963713,0.9289807448082075,0.19206553439384852,0.2281632962206726,0.1749276067534521,3.1791626384185148,0.6819506319028701,0.3387738356547118
segment,P2_Full,,main,clean,0.0,18,0.05,115,0.6636363636363637,0.6099508452234214,0.5155058234628725,-0.07019584380004806,1.0,0.06908863258466692,0.25254638946574665,0.6666666666666666,7.818120299998554,0.12708030000067083,8.27658870000596,,E,0.03773409775957044,0.8989232338395796,5.09756221568007,85.42999732766748,0.9169305607207571,0.17815495652678223,0.19581699657471666,0.15019931951863516,3.4144549442781105,0.6382872200034816,0.39938137118235123
segment,P2_Full,,main,clean,0.0,18,0.1,231,0.6965367965367966,0.6696641693117436,0.5545208596224511,-0.05532847323861761,1.0,0.07221237781522924,0.3002381230993518,0.6293103448275862,6.686659399994824,0.2217369999998482,15.62708399999974,,E,0.038700668107949844,0.909622416732624,4.786650422863975,84.9479664969499,0.9259462579531755,0.18061825322611832,0.2085537902375044,0.1656092511571214,3.2595775039935,0.6620460901013624,0.3715749073680183
segment,P2_Full,,main,clean,0.0,18,0.15,346,0.7359307359307359,0.6982092746064835,0.5941125088840644,-0.05933608016704343,1.0,0.07179912736917797,0.28261380623216215,0.6260869565217392,5.510532000000239,0.15018800000689225,21.398146700004872,,E,0.03437080247430662,0.9131997029237872,4.533613546389454,71.45689834408347,0.9295878003498205,0.1888023195547842,0.22019951679475003,0.1693908700645948,3.225876473771379,0.6589351936662373,0.3739222939048533
segment,P2_Full,,main,clean,0.0,18,0.2,462,0.7688311688311689,0.7160632837088742,0.6241131517052927,-0.058841863310407375,1.0,0.07369438236897992,0.29960796044304455,0.5948275862068966,4.989410100002715,0.3434523000032641,26.82492479999928,,E,0.03487956877873473,0.9168169002910652,4.461608322761084,68.503473081435,0.9328433308765621,0.19266450326538404,0.2237391765960274,0.1693991593979455,3.225804253625075,0.6733865040752707,0.3552360973357429
segment,P2_Full,,main,clean,0.0,19,0.05,115,0.7692640692640693,0.6748854851284499,0.5903169596932216,-0.06367018658275944,1.0,0.06848290992080644,0.26072665833044745,0.6666666666666666,7.63980929999525,0.15883190000022296,8.028755300001649,,E,0.038267543374183276,0.8879948912200544,5.056471475315703,86.63771819915094,0.9080873692707119,0.17938894278592968,0.19741186822484094,0.15419195570469169,3.3713556592978158,0.6345689523243526,0.40076489180394514
segment,P2_Full,,main,clean,0.0,19,0.1,231,0.7528138528138528,0.7164213334471652,0.6369284164586857,-0.06738332686264498,1.0,0.06830902549605887,0.26642513994512884,0.646551724137931,6.6356279000028735,0.3568262999979197,15.479604300002393,,E,0.03576967235476932,0.8902013145054343,5.019306961912116,78.51443081871867,0.910679197491312,0.18650389932847808,0.19886571067009334,0.1490002761725393,3.4278492390880206,0.633462786251982,0.401764619689858
segment,P2_Full,,main,clean,0.0,19,0.15,346,0.7562770562770563,0.7227754771812239,0.6291330289761689,-0.06297189621178442,1.0,0.07164716761943217,0.28472360113392703,0.6347826086956522,5.467377799999667,0.13346129999990808,21.212391800007026,,E,0.03736825524467885,0.8976972922894165,4.5058867009067525,77.68860265368733,0.9180684850240052,0.19912662323874364,0.22155746949700655,0.1655863831032262,3.2597859818832475,0.6591316003345642,0.3644790639193771
segment,P2_Full,,main,clean,0.0,19,0.2,462,0.7787878787878788,0.7366376835748678,0.6454051751318504,-0.056815124173520845,1.0,0.07311156645618863,0.299497096574512,0.603448275862069,4.983154800000193,0.1332040000052075,26.413560800006962,,E,0.03540318440233081,0.9044529601787602,4.40227204582619,69.53185416617771,0.9234575943540416,0.19890343239138975,0.22676172425994107,0.17128900961058607,3.2095215453014645,0.669549637636005,0.35612193768653977
segment,P2_Full,,main,clean,0.0,21,0.05,115,0.6489177489177489,0.6171075851870885,0.5188737820994137,-0.06136429640436405,1.0,0.07095769333749516,0.2659233171438825,0.6376811594202898,7.842856300005224,0.20951290000084555,8.150982800005295,,E,0.020661092727431406,0.9060789680952434,4.530427686419431,46.776713934904706,0.9236021482639897,0.18657354815390237,0.2203853595835147,0.17266121615354707,3.197922153969284,0.6533339027126656,0.3679418005952107
segment,P2_Full,,main,clean,0.0,21,0.1,231,0.7445887445887446,0.7070992581029621,0.6154718858542566,-0.06204943200884259,1.0,0.07241779930672783,0.26302608487934903,0.6810344827586207,7.428409499996633,0.08379440000135219,15.844796000004862,,E,0.03822621042296204,0.9087004362555651,4.674722746302441,83.90653187840167,0.9253627300567365,0.18250135178972385,0.21355814189606623,0.16960773116991257,3.223989412366767,0.6642575106605625,0.3637433277382517
segment,P2_Full,,main,clean,0.0,21,0.15,346,0.7718614718614719,0.7234175574060207,0.6340471985893038,-0.0642073630606525,1.0,0.07204310274175507,0.30070798215658767,0.5826086956521739,5.933209700000589,0.21765549999690847,22.124577400005364,,E,0.034382265432844866,0.9069788565967497,4.503970149539717,71.48072983488447,0.9249013667506074,0.19267135941516988,0.2216519524892714,0.1687098770833131,3.2318338103378728,0.6614579662922297,0.3633421999363883
segment,P2_Full,,main,clean,0.0,21,0.2,462,0.7848484848484848,0.7265356322065291,0.6380847372027071,-0.058074281984055474,1.0,0.0738000131373148,0.3099194924379217,0.5775862068965517,5.023817999994208,0.10890130000188947,27.67680459999974,,E,0.034024347821247,0.9130294364658902,4.474814458046119,66.8238191209291,0.9297297067743304,0.19202210069491396,0.22307737097495753,0.1697353172178168,3.222881449175257,0.6744103877716673,0.3509775542694099
segment,P2_Full,,main,clean,0.0,20,0.05,115,0.6411255411255411,0.5963606648711817,0.47865608030599055,-0.06347356396004644,1.0,0.06986885292884387,0.26843823384547577,0.6521739130434783,8.190783099998953,0.3739538999943761,8.787012000000686,,E,0.03953012925913785,0.9014086936574324,5.076353535918681,89.49621264268808,0.9187567602007983,0.17595939426025958,0.1966369536312333,0.1532105822815644,3.3817410734759807,0.6435122744726764,0.39657201062949965
segment,P2_Full,,main,clean,0.0,20,0.1,231,0.7212121212121212,0.6829137643739491,0.5748954786083028,-0.060123337067683934,1.0,0.0707282427145868,0.2753866511429178,0.646551724137931,7.474445799998648,0.20465379999950528,16.612061799998628,,E,0.044720643841194535,0.90309683639933,4.429525767714466,98.161813231422,0.9216072137547126,0.19101932968527513,0.22540491102309027,0.1793522611886217,3.1439049239924515,0.650709365116117,0.37797019052352054
segment,P2_Full,,main,clean,0.0,20,0.15,346,0.7653679653679654,0.7091724652304199,0.6198344277552008,-0.061376142852498615,1.0,0.0719373290499441,0.2846224673416304,0.6,6.071205899999768,0.1498585000008461,22.964562000001024,,E,0.033969643451909164,0.9101455782793229,4.476189537680672,70.62288873651914,0.9274041119716675,0.19207216920270012,0.22303057949469177,0.17066026690665767,3.2148986816406246,0.6601694718842388,0.36888247350749026
segment,P2_Full,,main,clean,0.0,20,0.2,462,0.7844155844155845,0.7262659137417925,0.6367285169586382,-0.0599785277724081,1.0,0.07329519787662432,0.3055840241241044,0.5948275862068966,5.21115799999825,0.32371019999845885,28.703257200002554,,E,0.03473197362030578,0.9153687143859794,4.4505196646732035,68.21359619028055,0.9319092433277762,0.1954422507207741,0.22429790147535308,0.16841714280378448,3.2344094599756046,0.6705760101310894,0.3571527833787449
segment,P2_Full,,main,clean,0.0,23,0.05,115,0.6502164502164502,0.5662227612276826,0.4759114913093785,-0.06372808101318714,1.0,0.07518405058160044,0.2738231148408807,0.6231884057971014,7.314572000002954,0.08244550000381423,7.889505999999528,,E,0.03443431843575132,0.9195929611976585,4.9816923213489295,77.959296938541,0.93201625718415,0.1545050802956535,0.2003818101224196,0.1687985709579048,3.231055192477579,0.6813032329907999,0.3562572585844654
segment,P2_Full,,main,clean,0.0,23,0.1,231,0.7277056277056277,0.7010205823316926,0.6002789372653575,-0.06199327000133615,1.0,0.06896274873344806,0.26206340191179306,0.6551724137931034,7.335797500003537,0.1408104000001913,15.524696399996174,,E,0.0444673254468941,0.890180021459748,5.0517198835936385,97.60577935593255,0.9100138617495654,0.1806032067521105,0.19758682104608946,0.15441616502243644,3.3690014818958582,0.6373339616702339,0.4017995178859655
segment,P2_Full,,main,clean,0.0,23,0.15,346,0.7497835497835498,0.7172658623012873,0.6172499880444741,-0.05377543218136133,1.0,0.07267835664776812,0.2864029051169105,0.6086956521739131,5.078931800002465,0.11313179999706335,21.143879499999457,,E,0.0343549745794961,0.9006770400791678,4.45220857631241,71.42399215077239,0.9199125655847161,0.1936664545728431,0.22423448268651755,0.17125515200587385,3.209810096641211,0.6665797424591275,0.35587993973376897
segment,P2_Full,,main,clean,0.0,23,0.2,462,0.7774891774891775,0.7355962600990699,0.6411547569581633,-0.055452431550464115,1.0,0.07422775919666817,0.3042675908012637,0.603448275862069,5.421991100003652,0.10426310000184458,26.74533479999809,,E,0.034190238239038724,0.9118410499853705,4.430563063168894,67.14962790147206,0.9288435502744085,0.19286187376569947,0.22531050194007754,0.1711956324383996,3.2103176286635478,0.6777483665788527,0.3457819605817018
segment,P2_Full,,main,clean,0.0,22,0.05,115,0.7082251082251082,0.6434492241567876,0.5445687662121342,-0.06454102071103689,1.0,0.07023936633935202,0.27355095484982367,0.6231884057971014,6.989039899999625,0.22777299999870593,7.687938200004282,,E,0.037266352389130564,0.9022039279390333,4.5169499626646,84.3710218089916,0.9204876949591994,0.18695809182160095,0.22104426630364146,0.17605464462102746,3.170013658476016,0.6473960275002715,0.3790109958436233
segment,P2_Full,,main,clean,0.0,22,0.1,231,0.7571428571428571,0.7148012090787119,0.636959608159803,-0.06485595829420657,1.0,0.06804392231694963,0.2521415339975521,0.6551724137931034,7.851626399999077,0.14959670000098413,16.13164350000443,,E,0.035687920469415775,0.8968218250636353,5.0095960526176695,78.33498543036762,0.9157052100953891,0.18301724219681267,0.19925208773097422,0.15197754073544956,3.394979901570984,0.6314657185071242,0.4042961072999696
segment,P2_Full,,main,clean,0.0,22,0.15,346,0.7567099567099567,0.7252424646446667,0.635827294125094,-0.059679930119477,1.0,0.07201384020191309,0.28440662454003873,0.6347826086956522,5.699017800005095,0.19044149999535875,22.161126999999397,,E,0.03667584953586428,0.8977556928191223,4.460403692713791,76.24909118506184,0.9181605094211134,0.19956921969155203,0.22382161166282408,0.16713169552438079,3.2458263853879865,0.6622360345131356,0.3579585443388109
segment,P2_Full,,main,clean,0.0,22,0.2,462,0.7818181818181819,0.7404651099371704,0.6529934369163726,-0.05922168983033134,1.0,0.07362136732928487,0.2973390777820143,0.6206896551724138,5.329649899998913,0.12308080000366317,27.74911620000057,,E,0.03466779858642289,0.9086279633617285,4.383295822229028,68.08755642373455,0.9267655869207736,0.19850300186313363,0.22774562959239525,0.17156810360301006,3.207147306229326,0.6737975068949004,0.3481419296365673
segment,P2_Full,,main,clean,0.0,24,0.05,115,0.6562770562770562,0.6059900715286342,0.5056215815527526,-0.0519304053129029,1.0,0.0720940442480643,0.28774722330812097,0.6086956521739131,7.315870999998879,0.22372419999737758,8.044636999999057,,E,0.03517178142578442,0.9176734436208713,4.760620998819782,79.62891314797594,0.9314278136285213,0.1670708774008305,0.20970756011984573,0.17248828519632933,3.1993737920546046,0.6588017169193509,0.38126823858551806
segment,P2_Full,,main,clean,0.0,24,0.1,231,0.719047619047619,0.660509746559552,0.5702627726615348,-0.06020768514378481,1.0,0.07206824734846563,0.26322477233820946,0.6637931034482759,7.5070402000055765,0.14238379999733297,15.86290210000152,,E,0.0364676519710985,0.90846304134538,4.704873401351486,80.0464960765612,0.9252219854543742,0.18308390791338913,0.2121866575560977,0.16886476474460269,3.230474629376408,0.6610393735489696,0.3691367742756483
segment,P2_Full,,main,clean,0.0,24,0.15,346,0.754978354978355,0.7155334943451457,0.6156372093543743,-0.0576887383203598,1.0,0.07004774826948643,0.3008548376352891,0.591304347826087,5.991742199999862,0.23982959999557352,22.22652720000042,,E,0.04693320149571618,0.9023506688452803,4.459839101918846,97.57412590959393,0.9224156483306427,0.2054799479739463,0.2238500071537581,0.16679559701696373,3.248840523797364,0.6456720133556549,0.38411040973437505
segment,P2_Full,,main,clean,0.0,24,0.2,462,0.783982683982684,0.7334314043825969,0.6414820641786108,-0.05539618807399028,1.0,0.07414181974592776,0.30700204084659444,0.5948275862068966,5.006116399999883,0.10863249999965774,27.49170199999935,,E,0.03305875835067678,0.9129623833803553,4.454779359535931,64.9274014007292,0.9295595569559617,0.1906896606341625,0.22408293895226564,0.17112611832132746,3.21091083262094,0.6768900268013311,0.3492653539865555
segment,P2_Full,,main,clean,0.0,25,0.05,115,0.7056277056277056,0.6305427973636187,0.5522610578746594,-0.05883151832028054,1.0,0.07255213537417639,0.2656235800705094,0.6231884057971014,7.804508099994564,0.13517069999943487,8.148964099993464,,E,0.037008407966242225,0.9125661685583484,5.011658201506593,83.7870356355724,0.9271429503551323,0.16671786603005737,0.1991810380969698,0.1601914497938101,3.3106326075566876,0.663248343211079,0.36993429786101345
segment,P2_Full,,main,clean,0.0,25,0.1,231,0.7056277056277056,0.6725526257237312,0.5769630078708017,-0.06234242481199354,1.0,0.06974794171732579,0.29728608694055986,0.6293103448275862,7.416352699998242,0.18777679999766406,16.08083899999474,,E,0.036430576794280314,0.8960676807024849,4.572024167298466,79.9651160634453,0.9167928582761335,0.19941032504356138,0.2183654057546844,0.16331888791755522,3.28074762624028,0.6446170689597027,0.38079360635606324
segment,P2_Full,,main,clean,0.0,25,0.15,346,0.7476190476190476,0.7211580021351138,0.6165151184673751,-0.058401275232398187,1.0,0.07165078701366497,0.3082433380510496,0.5739130434782609,6.438003499999468,0.15001159999519587,22.761588899993512,,E,0.03659143017644425,0.9014429896524966,4.580745252605179,76.0735833368276,0.9207644843565725,0.19604383935703887,0.21792891241840587,0.16339479862097764,3.2800364645016518,0.6589119717242863,0.36772348019594286
segment,P2_Full,,main,clean,0.0,25,0.2,462,0.7670995670995671,0.7340163671845426,0.6335870077412956,-0.0566096963775903,1.0,0.07406885096770327,0.2940448568812732,0.5862068965517241,4.94886590000533,0.1309620999963954,27.938711099996,,E,0.03345052160817279,0.9108619231367174,4.4611088629158235,65.69682443845136,0.9278434408636029,0.19050801099210649,0.22376428317265895,0.17148665795838075,3.2078393618276366,0.6764429112911994,0.3499679844475451
segment,P2_Full,,main,clean,0.0,26,0.05,115,0.6225108225108225,0.5986568451110577,0.5014388057637547,-0.06303201056947481,1.0,0.07264545178776222,0.26061832213747327,0.6231884057971014,7.294495800000732,0.3504499999980908,8.027354600002582,,E,0.03742332443020933,0.9104753314133057,5.000966579973496,84.72640650999392,0.9254155931015349,0.1668843004290073,0.19960781415640824,0.16054238643159507,3.307221152349829,0.6641450825772666,0.3690257421305063
segment,P2_Full,,main,clean,0.0,26,0.1,231,0.7021645021645022,0.6705146974365598,0.5553084395256882,-0.057215200119689294,1.0,0.07330070955538313,0.2698248112253074,0.6120689655172413,7.136184499999217,0.13360390000161715,15.484485300003143,,E,0.037936919777477436,0.917298159489616,4.771759939451244,83.27153891156297,0.9305808716230412,0.16060963155659636,0.2092060136739292,0.1792625570254764,3.144602443188795,0.6673283230121612,0.3725922251149093
segment,P2_Full,,main,clean,0.0,26,0.15,346,0.7437229437229437,0.6998330863198083,0.5991807450676233,-0.06322652250853229,1.0,0.07371899881360931,0.28052587003811547,0.6260869565217392,5.658810400003858,0.16293909999512834,21.594521500002884,,E,0.0326093262855557,0.9100394635164286,4.5154183872427565,67.7947893476703,0.9266430526073905,0.18456525205353935,0.22108876359310578,0.17264815532380498,3.1980316892533267,0.6736803512190599,0.351875292690124
segment,P2_Full,,main,clean,0.0,26,0.2,462,0.7714285714285715,0.7183913503724534,0.6204271743867099,-0.0538431226753282,1.0,0.07492736050760153,0.30349818989634514,0.5689655172413793,5.124689500000386,0.12371410000196192,26.918473099998664,,E,0.0326072553361057,0.9139466383674525,4.462675396724231,64.0406494801116,0.930164605194027,0.18846407065218548,0.22368555632969161,0.17164799296143626,3.2064691126692457,0.6829111936603646,0.34132954489377537
segment,P2_Full,,main,clean,0.0,27,0.05,115,0.6324675324675325,0.614795282382015,0.5057210916742146,-0.055721059105972574,1.0,0.07227830653465914,0.29073960517627606,0.5797101449275363,7.1964817000043695,0.20088469999609515,7.677226100000553,,E,0.03842855473839678,0.9070309081483128,5.0055337184376185,87.00224792773031,0.9224741965473199,0.1661120711348197,0.19942528522824682,0.1626234133682266,3.287294014570506,0.6601806028310131,0.38102689358762415
segment,P2_Full,,main,clean,0.0,27,0.1,231,0.7090909090909091,0.6929498297058108,0.5757426950328087,-0.06387777351606792,1.0,0.0722040209614843,0.2660647660236934,0.6637931034482759,7.32322739999654,0.14193410000007134,15.222039200001745,,E,0.03769778272834533,0.909539223098686,4.763938043698584,82.746633088718,0.9256544966431431,0.17814653042431608,0.20955025676546124,0.16813550312199557,3.236895958069042,0.6619303298040855,0.37349774890696363
segment,P2_Full,,main,clean,0.0,27,0.15,346,0.7645021645021645,0.7151408750603585,0.6225235028247926,-0.059122737467694295,1.0,0.07107106229644312,0.28499354914478636,0.6086956521739131,6.314505500005907,0.09225839999999152,21.823413199999777,,E,0.034087236051452544,0.9174731657975906,4.479587902645894,70.86736375096984,0.9332566548789647,0.19125281169349997,0.22286101597102675,0.16974641228731702,3.2227851777912324,0.6536509845247961,0.3764801979517557
segment,P2_Full,,main,clean,0.0,27,0.2,462,0.7835497835497836,0.7263010493654657,0.6357586068637789,-0.05207657585577893,1.0,0.07349380747125855,0.30372968971215447,0.5948275862068966,4.666189799994754,0.2612040999956662,26.919811800005846,,E,0.034741702249869104,0.9109734859206957,4.4788987028225815,68.23270321874293,0.928226712943667,0.1937987486245073,0.22287348531879872,0.1681048480390275,3.237167103842,0.6720204846903053,0.35562019375516635
balance,P2_Full,,main,clean,0.0,0,0.05,31,0.664,0.36140414518607905,0.3827207410257003,-0.0257792942778851,1.0,0.08192614044183094,0.35427819584545334,0.5789473684210527,0.18305619999591727,0.04771130000153789,0.27237779999995837,,D,0.3639424245957601,0.8382095908648535,2.100269421800928,223.09670627720095,0.9162640284133527,0.4824416846816861,0.47527339292091914,0.332832208467944,2.0,0.5791490662562052,0.6609372810312968
balance,P2_Full,,main,clean,0.0,0,0.1,62,0.6768,0.4014823504964615,0.4154029494439283,-0.01904820930344616,1.0,0.08516123228938813,0.3462855556318837,0.4838709677419355,0.33811900000000605,0.11360379999678116,0.77684450000379,,D,0.36952903075517146,0.8389401871464689,2.0883456139343615,219.50024426857186,0.9173537183113959,0.48685969377250465,0.47796910238409845,0.3323680878486949,2.0,0.5889815725149716,0.6453815626247089
balance,P2_Full,,main,clean,0.0,0,0.15,93,0.704,0.4067445395271708,0.44307899568140263,-0.02033878673850278,1.0,0.09012259939748204,0.37381594027242354,0.41935483870967744,0.1570644000021275,0.04764190000423696,1.0217788000009023,,D,0.3794011344069227,0.8349549024536225,2.0687037777534036,213.6028386710975,0.9166111364803512,0.49475104223428007,0.48247525942958275,0.3324905343135086,2.0,0.6051208949282667,0.6200196182955006
balance,P2_Full,,main,clean,0.0,0,0.2,125,0.7344,0.4294695960315741,0.4873882616920896,-0.01732947697727876,1.0,0.09551526106820729,0.3597308425232768,0.4375,0.10509440000168979,0.05082280000351602,1.238739300002635,,D,0.3863639321650551,0.8491901618762309,2.062140103634245,205.54561191180932,0.9239060805787344,0.4954313301575485,0.48396310919539737,0.3326536680684763,2.0,0.6216665895997786,0.5937571608773664
balance,P2_Full,,main,clean,0.0,1,0.05,31,0.648,0.31637720610743075,0.3520829171163959,-0.018879349869024637,1.0,0.0824816015092295,0.38690024457479777,0.3684210526315789,0.42482319999544416,0.0744191999983741,0.5448997999992571,,D,0.36097718348261937,0.8496451487641103,2.12278476298859,221.27901347484567,0.9207996722674798,0.4732439486886668,0.4702150692701043,0.33307743978504945,2.0,0.580860427130579,0.6588509336797189
balance,P2_Full,,main,clean,0.0,1,0.1,62,0.6864,0.3706203640022181,0.40662889307100153,-0.02165753359966427,1.0,0.08445257291858523,0.3506488723139609,0.4838709677419355,0.12130990000150632,0.0437582000013208,0.7668140000023413,,D,0.3720117247621863,0.836150621223859,2.0790617314537396,220.97496450873865,0.9164684121854241,0.4901928317427383,0.48011096507959433,0.3328961339079383,2.0,0.587078695909374,0.6485109936606572
balance,P2_Full,,main,clean,0.0,1,0.15,93,0.7072,0.4173861587278749,0.4426775187516954,-0.023538404607924602,1.0,0.09051657545626127,0.34740562400510233,0.41935483870967744,0.12156679999316111,0.04347830000187969,0.9620570999977645,,D,0.37473836615172007,0.8410719389339467,2.075390036440579,210.9777001434184,0.9191051283437108,0.49099692581873366,0.4809151422490493,0.3328697938724297,2.0,0.6062139890309487,0.6182999012515873
balance,P2_Full,,main,clean,0.0,1,0.2,125,0.728,0.45424863775896374,0.476027381694255,-0.01921128623058923,1.0,0.09365440633407258,0.36377250868827105,0.4375,0.1271206000019447,0.0483855999991647,1.1664002000034088,,D,0.3894047275465467,0.842748733121037,2.031560895112637,207.16331505476285,0.9225197508596573,0.5072837842382563,0.49127610524287507,0.332391713747646,2.0,0.6163900015870385,0.6010258401377887
balance,P2_Full,,main,clean,0.0,2,0.05,31,0.6192,0.23285550441636882,0.2744554603061095,-0.02965706339865877,1.0,0.08156110106255303,0.36784282326698303,0.3684210526315789,0.2064886000007391,0.029439699996146373,0.26977709999482613,,D,0.3648575339239474,0.8373942527166017,2.095946013416092,223.65766829537975,0.9161392085538183,0.4842692042119245,0.47625713265067915,0.3326136327287848,2.0,0.5783617465979416,0.6619754012132806
balance,P2_Full,,main,clean,0.0,2,0.1,62,0.6592,0.317095825105375,0.36308902252604724,-0.02115312639683489,1.0,0.08532579360781208,0.3500582614252644,0.41935483870967744,0.39109459999599494,0.08248730000195792,0.9245842999953311,,D,0.36317905722294413,0.8494297455737781,2.1016376215266486,215.72835999042883,0.9216469379860327,0.4796245625502375,0.4749354757849812,0.3339181585387319,2.0,0.5895953833415448,0.6451064821207659
balance,P2_Full,,main,clean,0.0,2,0.15,93,0.6992,0.3824575153868317,0.43045417218528714,-0.01988734546893393,1.0,0.0891617656207448,0.3619829329752153,0.41935483870967744,0.1464094999973895,0.055257400003029034,1.1538355999946361,,D,0.37855637506487877,0.8313636088919796,2.050189906751876,213.12723916152675,0.9158998412067869,0.5012929401498961,0.4868482336189229,0.3331099915930798,2.0,0.6021468702369553,0.6235613025568794
balance,P2_Full,,main,clean,0.0,2,0.2,125,0.7312,0.4107036366754862,0.4781255786437109,-0.024708443474357085,1.0,0.09512221687636385,0.34098375402390957,0.5,0.161122699995758,0.046902599999157246,1.4283569999970496,,D,0.38936605315369394,0.8339529159284691,2.0351439827069138,207.14274027776517,0.9180088456774984,0.5062174395836974,0.49040784572709284,0.33282358438469056,2.0,0.6203711487713618,0.5954846194007781
balance,P2_Full,,main,clean,0.0,3,0.05,31,0.6496,0.34612174538113083,0.3624461767876477,-0.022673316284787706,1.0,0.0822285122670973,0.3614370650366733,0.42105263157894735,0.29010079999716254,0.03810189999785507,0.5776518999991822,,D,0.3620588020794597,0.8372875626235137,2.1020245047262214,221.94204567470877,0.9156436977172575,0.4815620511690961,0.4748751996565507,0.3330987642474064,2.0,0.5802014875905249,0.659957549994496
balance,P2_Full,,main,clean,0.0,3,0.1,62,0.6672,0.35961568834017354,0.38072380570854736,-0.02314678289495478,1.0,0.08524387428114369,0.3538300318102683,0.41935483870967744,0.11747749999631196,0.17901310000161175,0.9055891999960295,,D,0.36654587579854314,0.8418636239340659,2.0941247099036944,217.72825022433463,0.9184925711120633,0.4845750806003512,0.4766454109991755,0.3322261399833069,2.0,0.5893411327938523,0.6449520930159811
balance,P2_Full,,main,clean,0.0,3,0.15,93,0.7072,0.4021709048085397,0.43741145388224995,-0.020172806678917497,1.0,0.08931867995871233,0.37250727703494413,0.41935483870967744,0.16142009999748552,0.02673520000098506,1.1720548000012059,,D,0.37733879960337835,0.8501201836530425,2.0759184198897467,212.441744176702,0.9236151576124624,0.4903593809408331,0.4807922820329407,0.33256638622529283,2.0,0.6027486855637432,0.6236398155781002
balance,P2_Full,,main,clean,0.0,3,0.2,125,0.728,0.42018803742880584,0.4643550198504543,-0.021542041675652386,1.0,0.09382150120801537,0.3661326849833131,0.5,0.3732772999937879,0.04281279999850085,1.6251073000021279,,D,0.38860540591932385,0.8447562774997467,2.0417979488829743,206.7380759490803,0.9229758686022054,0.5038502674549759,0.4888035301632132,0.33273154638007446,2.0,0.61676867678365,0.6002266075850454
balance,P2_Full,,main,clean,0.0,4,0.05,31,0.6592,0.35178478348970554,0.37629980520439843,-0.028452044794839426,1.0,0.08240968341722021,0.3392206226524554,0.42105263157894735,0.2546733999988646,0.15207599999848753,0.44925189999776194,,D,0.3600046725280289,0.8445124558650805,2.119279413814979,220.68286425968174,0.9184231437422874,0.47534796622083847,0.470995521195618,0.33297081747326446,2.0,0.5806858924902303,0.6594476648401174
balance,P2_Full,,main,clean,0.0,4,0.1,62,0.6736,0.3480986817038132,0.39203267952466536,-0.019672877550619687,1.0,0.08500154360938827,0.3565354501047442,0.45161290322580644,0.1453724000020884,0.051373800000874326,0.6715991999953985,,D,0.36768698390692856,0.8515778878998077,2.100948484812318,218.40606844071556,0.9227489047667609,0.4795176127052357,0.4750918135509589,0.3340657843187354,2.0,0.5887813285069456,0.6464269698879654
balance,P2_Full,,main,clean,0.0,4,0.15,93,0.7136,0.4175612493336845,0.45552965258960454,-0.020750372734137056,1.0,0.08926880694380389,0.3670523099360927,0.41935483870967744,0.15499180000188062,0.04187690000253497,0.935799799997767,,D,0.38119899410748664,0.836119032829329,2.0575218726945605,214.615033682515,0.9177673527367993,0.4982172202000685,0.48510701233790515,0.3330088557107008,2.0,0.6026492259362465,0.6233627456145001
balance,P2_Full,,main,clean,0.0,4,0.2,125,0.7248,0.4498750723468103,0.47318428517459254,-0.02297561435106042,1.0,0.0945747275496756,0.35239603463560343,0.4375,0.15610079999896698,0.06780110000545392,1.2806203000000096,,D,0.38580301356156366,0.8442229219408529,2.044206645324081,205.24720321475186,0.9223065450920044,0.501252328802212,0.48822535208239254,0.33438115061665463,2.0,0.6191447954356559,0.5970048354526409
balance,P2_Full,,main,clean,0.0,5,0.05,31,0.672,0.3728305952276992,0.39089625260957434,-0.01846585169917532,1.0,0.08248609132312873,0.37860580965092305,0.3684210526315789,0.11155460000009043,0.03891429999930551,0.19718619999912335,,D,0.3637941019776042,0.8473510872053018,2.119786856539621,223.0057845122714,0.9198591195543533,0.47499868175654514,0.4708823813275182,0.33240571922080414,2.0,0.5807708741774171,0.6592312647992414
balance,P2_Full,,main,clean,0.0,5,0.1,62,0.6816,0.38373791197845386,0.404869340247233,-0.0215701046648938,1.0,0.08579048515256575,0.3419949566164324,0.45161290322580644,0.14198960000067018,0.026441000001796056,0.42888919999677455,,D,0.3674410425764612,0.8433625988785718,2.101116429444845,218.25997929041796,0.9188094011816664,0.481665309580864,0.47505370412932935,0.33243054490946566,2.0,0.5908859832775888,0.643514658084156
balance,P2_Full,,main,clean,0.0,5,0.15,93,0.6976,0.40534721780778804,0.4268603271616187,-0.026652388792711555,1.0,0.08957797187704826,0.3580283849470077,0.4838709677419355,0.14335140000184765,0.058620499999960884,0.6762142999941716,,D,0.37783604561889034,0.8395317390639173,2.0680014939356663,212.72169368343526,0.9188413143403149,0.49423839215150456,0.4826397100760099,0.33299621372540344,2.0,0.6035920943022615,0.6221579875525318
balance,P2_Full,,main,clean,0.0,5,0.2,125,0.712,0.3995254604377797,0.43989224882479505,-0.021152536632472102,1.0,0.09306253615049057,0.35292076505720615,0.4375,0.399457400002575,0.10504909999872325,1.2601207999978215,,D,0.38960771419309836,0.842177237524013,2.024966645740229,207.27130395072834,0.9226939607031405,0.510171802317668,0.49288206537275764,0.3322217974314317,2.0,0.6143615824309903,0.6039748458378208
balance,P2_Full,,main,clean,0.0,6,0.05,31,0.624,0.33604987034498,0.33416479318740383,-0.02991739709771908,1.0,0.0823042453375181,0.33708372084718,0.42105263157894735,0.22079179999855114,0.17416919999959646,0.4539835999967181,,D,0.36607933647603697,0.8335634045003855,2.0982260580728997,224.40663325981066,0.914135422316013,0.48410037211926826,0.4757378306004833,0.3322457857531267,2.0,0.580083857031852,0.6595677141733725
balance,P2_Full,,main,clean,0.0,6,0.1,62,0.6832,0.3786173538216162,0.4099281676753287,-0.018377985966391903,1.0,0.08520052417362374,0.35082938113520223,0.4838709677419355,0.17440799999894807,0.04676689999905648,0.7275182000012137,,D,0.3675879210944463,0.8524300324321611,2.1062952465431732,218.34722513010112,0.9230147257833758,0.47831340288644125,0.4738815277692651,0.3334412137110282,2.0,0.5889579435953,0.6460231505804297
balance,P2_Full,,main,clean,0.0,6,0.15,93,0.7216,0.4412689379070228,0.47163875669386773,-0.016788208538971987,1.0,0.08989936725327674,0.3714728586135372,0.4838709677419355,0.2980377999992925,0.020929599995724857,1.2227855999954045,,D,0.3757069872985377,0.8456210858508558,2.0801700950645965,211.5230338490767,0.921233036172645,0.489781591861315,0.47980595025508993,0.33256638622529283,2.0,0.6042626215921818,0.6212321435142135
balance,P2_Full,,main,clean,0.0,6,0.2,125,0.7232,0.4080724580791785,0.4569175960721429,-0.02206002378839647,1.0,0.09468847753826096,0.3456007558852434,0.53125,0.1024565000043367,0.11647970000194618,1.5038133999987622,,D,0.38884361361465736,0.8366260032170504,2.0370708801188004,206.86480244299773,0.9190637324222983,0.5045951670924139,0.48994217984052807,0.33438115061665463,2.0,0.6192363136858228,0.5974709858242252
balance,P2_Full,,main,clean,0.0,7,0.05,31,0.6544,0.355485952476717,0.37577115403769346,-0.016034375521518995,1.0,0.08250984319408007,0.39763563087112025,0.42105263157894735,0.15802020000410266,0.04204089999984717,0.2609318000031635,,D,0.3649360715387492,0.8428567350546665,2.112365993546446,223.70581185325324,0.9179422411944487,0.4778156172706648,0.4725423584534379,0.3323790636428579,2.0,0.5810274559002503,0.6587506169552833
balance,P2_Full,,main,clean,0.0,7,0.1,62,0.672,0.3565086165273706,0.3773209149378183,-0.02421219222895549,1.0,0.08586986922913223,0.36063189083530056,0.41935483870967744,0.1991256000037538,0.05106749999686144,0.625456399997347,,D,0.3684857155273036,0.8410475477822087,2.1136691179653004,218.88051502321832,0.9172186278049761,0.47920669961354434,0.4722224335031169,0.3322829191294621,2.0,0.5909556372161084,0.6432536470877526
balance,P2_Full,,main,clean,0.0,7,0.15,93,0.6944,0.42383971548238597,0.4194835596358546,-0.02544259581252177,1.0,0.08827616720717764,0.32819167740883365,0.5483870967741935,0.3019256999978097,0.17740120000235038,1.1354461000009906,,D,0.383300305919074,0.8335284726465948,2.0486253017609,215.79807223243864,0.9171870468823201,0.5025398370865254,0.48722141517152623,0.33285715188713233,2.0,0.5994232425963146,0.6277819318755395
balance,P2_Full,,main,clean,0.0,7,0.2,125,0.7232,0.4286838682463929,0.4608762118253374,-0.019758138661589354,1.0,0.091087812759882,0.35636700224131346,0.46875,0.10896820000198204,0.027226600002904888,1.33611799999926,,D,0.39749702487562316,0.8385396620300049,1.9983364126614283,211.46841723383153,0.9225414404190101,0.5202626195704831,0.4994754073625413,0.33271738668705664,2.0,0.6084434396883703,0.612280815264006
balance,P2_Full,,main,clean,0.0,8,0.05,31,0.656,0.33546182592241475,0.3699539827615816,-0.028675176506895234,1.0,0.08285245010902152,0.3544261973155172,0.3684210526315789,0.1429822999998578,0.024595899994892534,0.21625920000224141,,D,0.3576062910395368,0.8436829841101456,2.112615277314215,219.21265640723604,0.9181174000786219,0.47617602949204785,0.4724864067298879,0.33380247150518716,2.0,0.5821224133669289,0.6572014123173956
balance,P2_Full,,main,clean,0.0,8,0.1,62,0.6832,0.37965174099831356,0.41353364581375995,-0.017906726544002792,1.0,0.0859231894463641,0.3638579893496729,0.3870967741935484,0.20673019999958342,0.05095900000014808,0.6372640999979922,,D,0.3663394461236181,0.8475576908618485,2.1129529094297816,217.60563099742913,0.9203549519915947,0.4775397430104087,0.4723830700736644,0.3325895265187002,2.0,0.5912959213636987,0.6425354533915588
balance,P2_Full,,main,clean,0.0,8,0.15,93,0.7056,0.4060416929987169,0.44979934581729025,-0.026852711329537086,1.0,0.09033066078673821,0.36430241600159674,0.4838709677419355,0.15402999999787426,0.1831321999998181,1.0305930000031367,,D,0.3774688114431776,0.8534448511977445,2.092913385487394,212.514940842509,0.9243985789116541,0.48414353431994667,0.47687368296336513,0.332503176298806,2.0,0.6055906742916048,0.6199269751709257
balance,P2_Full,,main,clean,0.0,8,0.2,125,0.728,0.44556964239382046,0.4902955443985008,-0.018981417207048677,1.0,0.09463567314932204,0.3578493958339095,0.5,0.10210879999794997,0.05398889999923995,1.2164107999997213,,D,0.38633597323245994,0.8368600132727105,2.0382736804615633,205.53073775966868,0.9192868681054014,0.5052523080713406,0.48965195003074463,0.3328873030032709,2.0,0.6194279399469348,0.5962992968090114
balance,P2_Full,,main,clean,0.0,9,0.05,31,0.6624,0.3607133097766402,0.39336635978356355,-0.022050231449586614,1.0,0.08213973707239898,0.375539431446477,0.42105263157894735,0.1818252000011853,0.05102230000193231,0.3966249000004609,,D,0.3584368204432117,0.8518020941068382,2.117018414770449,219.72177093168875,0.9221166813068098,0.47446410781716775,0.4715002947293902,0.3331520754032989,2.0,0.5795933133099638,0.6609260756595442
balance,P2_Full,,main,clean,0.0,9,0.1,62,0.6944,0.4057159672429917,0.42915400576343493,-0.02151218633989898,1.0,0.08531217466053369,0.3327877925288293,0.4838709677419355,0.2519782000017585,0.150519599999825,0.829871699999785,,D,0.3670417374265336,0.8407217416192936,2.0899945250532306,218.02279203136098,0.9179675305520485,0.4849738421180012,0.4775906759414695,0.3336399407225714,2.0,0.5895627144956656,0.6449639819304158
balance,P2_Full,,main,clean,0.0,9,0.15,93,0.7184,0.4014330963581392,0.4579250252346577,-0.018217377097710378,1.0,0.088781604990469,0.35059042803702817,0.5161290322580645,0.16825589999643853,0.024627299993881024,1.0947999999989406,,D,0.38126678893690547,0.8430728714703425,2.064007483581259,214.65320217147777,0.9207802703512852,0.4951814234353806,0.483577097558794,0.3334892511520009,2.0,0.6010680758442468,0.6260107639162554
balance,P2_Full,,main,clean,0.0,9,0.2,125,0.7248,0.42158798968301603,0.4717080174013774,-0.016568485730035547,1.0,0.09269484151931247,0.38796146772801876,0.34375,0.13017129999934696,0.06817429999500746,1.4769770999992033,,D,0.39383562119854276,0.8332563090645653,2.0126377464004865,209.52055047762474,0.9189699547690746,0.5140443109040855,0.49591286992138095,0.33494753833736884,2.0,0.6134739004246207,0.6053167855569623
balance,P2_Full,,main,clean,0.0,10,0.05,31,0.64,0.3106693819366966,0.3456045695794271,-0.020911788780884604,1.0,0.08256572652072489,0.3715886159947044,0.47368421052631576,0.32107209999958286,0.050426099995092954,0.5429701000030036,,D,0.35896752332296344,0.8511416114948348,2.1265726600294004,220.0470917969766,0.92127694603461,0.47115473467147934,0.46937460156482597,0.33359988911279576,2.0,0.5814058972979529,0.6586650604417941
balance,P2_Full,,main,clean,0.0,10,0.1,62,0.6896,0.3899911735977295,0.420519595645352,-0.02313457826285589,1.0,0.08570315418844766,0.3428433181778077,0.5161290322580645,0.1286413000052562,0.049373799993190914,0.7627498000001651,,D,0.3682461918902966,0.8372906587908692,2.095017244903499,218.73823798283618,0.9161133028438944,0.48443834550171366,0.4764416285096065,0.3328734222494762,2.0,0.5906829346796085,0.643369572035961
balance,P2_Full,,main,clean,0.0,10,0.15,93,0.7056,0.42490753945881865,0.44057687796123357,-0.02977028666430791,1.0,0.08964773248377991,0.3499447511088464,0.45161290322580644,0.1310176999977557,0.04987579999578884,0.9707219000047189,,D,0.38054248068284036,0.8424307645260561,2.0703484523518916,214.24541662443912,0.9201489611922562,0.493232047692786,0.4820905699489617,0.3324399663723191,2.0,0.6038460723325715,0.621829954789026
balance,P2_Full,,main,clean,0.0,10,0.2,125,0.7264,0.4511063666460002,0.48184232144103173,-0.019952862428618025,1.0,0.09446554103437367,0.34333079494535923,0.46875,0.12559170000167796,0.022412400001485366,1.1884325999999419,,D,0.3863406235221419,0.8402852291634373,2.0424446752833525,205.53321171377948,0.9207252613276715,0.5036480454681871,0.48864815749051105,0.3329581014683602,2.0,0.6186888132038971,0.598076324256312
balance,P2_Full,,main,clean,0.0,11,0.05,31,0.6816,0.38272984628054546,0.41518709675697385,-0.022585703168323285,1.0,0.08192814325535237,0.34300529172545985,0.42105263157894735,0.19488310000451747,0.13003439999738475,0.3855561000018497,,D,0.3655850088645305,0.8393045369493761,2.10121384669423,224.1036104339572,0.9167643011780959,0.48202832088867154,0.4750590391072712,0.3326776061158558,2.0,0.5792783354358838,0.6609628776861244
balance,P2_Full,,main,clean,0.0,11,0.1,62,0.6928,0.4013735361919374,0.4338649325607481,-0.02471511856284106,1.0,0.08499029921204283,0.32414733786736766,0.4838709677419355,0.1879555999985314,0.05133639999985462,0.6967363000003388,,D,0.36897263991403073,0.8351517417885337,2.0792118792657983,219.16974810893424,0.9159096766156567,0.4898925575757509,0.480076172660394,0.3330948609194815,2.0,0.5884493210307643,0.6459622045331912
balance,P2_Full,,main,clean,0.0,11,0.15,93,0.7008,0.40187463332603557,0.4426960079415354,-0.02086045415278029,1.0,0.09051774022645095,0.37200375814591685,0.3870967741935484,0.228799299999082,0.0580340000014985,1.2287002000011853,,D,0.3735099397363965,0.8339546540120198,2.0720291287132624,210.28609607159123,0.9159018405672055,0.4935229353619924,0.4816980905474818,0.33271809004886127,2.0,0.6062435320244781,0.6181818320995466
balance,P2_Full,,main,clean,0.0,11,0.2,125,0.7136,0.4229714021254876,0.455635045919875,-0.023235719591952662,1.0,0.09433896388377411,0.3608801206573844,0.46875,0.1651144999996177,0.16646549999859417,1.5943790000019362,,D,0.3907188155745585,0.8519983121668393,2.0495047925390772,207.86240988566513,0.9259563073613198,0.4997104849091445,0.48695837896905814,0.33258994944989595,2.0,0.6183335054861793,0.5984822490545864
balance,P2_Full,,main,clean,0.0,12,0.05,31,0.6592,0.3333604177911433,0.36901483780895544,-0.027548894933608986,1.0,0.08269936146005073,0.3386278466174477,0.47368421052631576,0.5885368999952334,0.0630135000028531,0.7293079000010039,,D,0.3640187821425751,0.8452272689802492,2.117241341732916,223.14351345339853,0.9188944109940874,0.47596977535039686,0.47145047783503335,0.33225111686871595,2.0,0.5812592848799987,0.6585695802601591
balance,P2_Full,,main,clean,0.0,12,0.1,62,0.6736,0.36218783409888816,0.3941310381792457,-0.021900521581144305,1.0,0.08598675409158238,0.33981879391977865,0.45161290322580644,0.14714110000204528,0.04787619999842718,0.9891323000047123,,D,0.36434372569835105,0.8381292337788747,2.097573167423028,216.42017306482052,0.9163550433975249,0.48326088425249714,0.47585902282864734,0.3327257964694727,2.0,0.59167638081248,0.64203953455025
balance,P2_Full,,main,clean,0.0,12,0.15,93,0.68,0.3430635846722353,0.3878546956412501,-0.020167867986346462,1.0,0.08932050183391818,0.34916756806835053,0.45161290322580644,0.1738441999987117,0.04466629999660654,1.2614228000020375,,D,0.38126504529381877,0.8466343437049167,2.0696980336626223,214.65222050041996,0.922239810520119,0.49297521128024596,0.4822426298340876,0.3324399663723191,2.0,0.6026689844009802,0.623271412156543
balance,P2_Full,,main,clean,0.0,12,0.2,125,0.7072,0.3901482628252328,0.43345225640772117,-0.01778533507949711,1.0,0.0933687554701573,0.3584446767345071,0.46875,0.35428829999727895,0.05839120000018738,1.7051449999999022,,D,0.3949679036524765,0.8438970160305986,2.0328507995043155,210.12292474311752,0.9230927353192628,0.5073299515157752,0.4909631809474411,0.3322288772779406,2.0,0.6151075324786424,0.603274548336283
segment,P2_Full,,main,clean,0.0,28,0.05,115,0.5978354978354978,0.5814946180206564,0.4344987841484788,-0.054194601785879794,1.0,0.07463353417161502,0.26540475263111835,0.6086956521739131,7.533013500004017,0.07900819999485975,7.789101900001697,,E,0.037005128472595065,0.9153118532654111,4.931621200467109,83.77961086195523,0.9287093958629169,0.15819855687116943,0.2024207882638553,0.17025813946588927,3.2183585805898387,0.6771891973847946,0.36011594983908995
segment,P2_Full,,main,clean,0.0,28,0.1,231,0.6943722943722944,0.6701547834298437,0.5541078802371592,-0.0673490481542818,1.0,0.06953407436237757,0.2459595207253407,0.6637931034482759,7.100566100001743,0.3848758000021917,15.426556899998104,,E,0.047238486241196836,0.8970856508174136,4.537577457265667,103.68847729942706,0.9160998042831409,0.1847570685404922,0.2200265719384019,0.1780910040429168,3.1537766890221723,0.6413638692763587,0.3904680011038744
segment,P2_Full,,main,clean,0.0,28,0.15,346,0.7406926406926407,0.7005550530822088,0.6011218194813094,-0.059475982532707763,1.0,0.07304627590510009,0.27526603574338165,0.6695652173913044,5.242888499997207,0.1174371999950381,20.90766430000076,,E,0.033889554487033506,0.9062705849797607,4.4178033515997415,70.45638377854266,0.9242263249100049,0.1915699562017643,0.22598453673902952,0.17443281062145355,3.183216601333903,0.6692689160126597,0.35370945768006246
segment,P2_Full,,main,clean,0.0,28,0.2,462,0.7670995670995671,0.7165285092837642,0.6193662170686922,-0.05987883996647315,1.0,0.074405053148663,0.29174333926418733,0.6206896551724138,4.1609193999975105,0.1018633999992744,25.251407600000675,,E,0.03449358144086838,0.9110612441188632,4.396966035811893,67.7453939498655,0.9282965509897997,0.19378848624744363,0.22703598223252175,0.17282143275857956,3.1965798368263383,0.6794425256398327,0.3434127980126763
balance,P2_Full,,main,clean,0.0,13,0.05,31,0.6624,0.3640871400916031,0.37877934232838345,-0.015565771988453728,1.0,0.08196490621757081,0.3784697918515456,0.3684210526315789,0.15819249999913154,0.054134400001203176,0.28357079999841517,,D,0.36431654986571593,0.8418079013439358,2.1079537800288546,223.32604506768388,0.917670270033713,0.47955851988988785,0.47353486943761414,0.3325230037637676,2.0,0.5797725867501126,0.6605166234894858
balance,P2_Full,,main,clean,0.0,13,0.1,62,0.6736,0.3642481511806063,0.399723640596747,-0.025590461917394253,1.0,0.08582486450030513,0.35610960760424215,0.41935483870967744,0.14254100000107428,0.060418100001697894,0.668160799999896,,D,0.3661105508576976,0.8505801404239807,2.1141504090642838,217.4696672094724,0.9217644780477575,0.4764047953582827,0.4721145471040471,0.33275986395716584,2.0,0.5910744832009417,0.6431693962860285
balance,P2_Full,,main,clean,0.0,13,0.15,93,0.7008,0.39760975440740903,0.4348568393007882,-0.019413407564022503,1.0,0.08960442017050785,0.34993047002823124,0.4838709677419355,0.18168080000032205,0.15169990000140388,1.061390399998345,,D,0.3804693937961292,0.8434728640109761,2.068715279008096,214.20426870722073,0.9207206201622845,0.4935103147656469,0.48247256716169845,0.33256006523264414,2.0,0.6036030095498411,0.6224798480665094
balance,P2_Full,,main,clean,0.0,13,0.2,125,0.7184,0.41674519596315557,0.4585573480077416,-0.018025056060104377,1.0,0.09335617255075644,0.36722903698682785,0.5,0.12267680000513792,0.031093999998120125,1.259011800000735,,D,0.3965256367253941,0.8442220661305303,2.0232933285576853,210.95163873790966,0.9236199299698657,0.509686204375165,0.49329124938663,0.33254747037084237,2.0,0.6152463131777489,0.6022721829547437
segment,P2_Full,,main,clean,0.0,29,0.05,115,0.5718614718614718,0.566740477320159,0.45298031460150673,-0.06476441586226682,1.0,0.07176881255637686,0.25819929419220355,0.6231884057971014,7.026379900002212,0.06987819999631029,7.4500240999987,,E,0.03531263184579789,0.9104282493598032,4.705657355362633,79.94779849888641,0.9257403215007421,0.1709475591522865,0.21216217562794337,0.17305196985145893,3.1946527260833277,0.6574289605762141,0.37229875787267785
segment,P2_Full,,main,clean,0.0,29,0.1,231,0.712987012987013,0.6824586227687325,0.575489833712485,-0.05884068575802143,1.0,0.0746917288697795,0.263991669205756,0.6551724137931034,7.10447589999967,0.08197939999809023,15.003425399998378,,E,0.02683593949086587,0.917941384005987,4.265559667435801,58.90488718245058,0.9329143711745419,0.18246697177597276,0.23408688970740005,0.19187803556188654,3.0529109833645727,0.6799691288077473,0.3446114172097078
segment,P2_Full,,main,clean,0.0,29,0.15,346,0.7428571428571429,0.7066999028922489,0.6019552285598703,-0.06361345180942451,1.0,0.07336104846661388,0.2730545687934627,0.6608695652173913,5.025125700005447,0.28712099999393104,20.510322199996153,,E,0.033744191788988666,0.9108703005892536,4.386421645176808,70.15417472930744,0.9279259478334364,0.1913576210504581,0.2276047371763899,0.17485686879334617,3.1797408030076384,0.6717522003935511,0.34879345399469763
segment,P2_Full,,main,clean,0.0,29,0.2,462,0.7636363636363637,0.7179785512710837,0.6169469270349197,-0.06400732947194034,1.0,0.07476705788122126,0.25945307327241734,0.6637931034482759,3.8770707000003313,0.28864489999978105,24.737343100001453,,E,0.034029722050792285,0.9130370512856929,4.3493714026129,66.83437410775605,0.9297813836353201,0.19254559093478002,0.2295259834671663,0.176244743643349,3.168482020127097,0.6821943688020624,0.33888728847394906
balance,P2_Full,,main,clean,0.0,14,0.05,31,0.648,0.3747924221323345,0.36820900680826624,-0.029121581400255985,1.0,0.08254407889929802,0.35942045011018453,0.42105263157894735,0.15473070000007283,0.043660800001816824,0.23212939999939408,,D,0.3639400142870959,0.8387752732424575,2.1155888289185456,223.09522875798976,0.9157581283196095,0.47748789298878797,0.47182001000953444,0.33329068440861936,2.0,0.5809271765660207,0.6588115514233265
balance,P2_Full,,main,clean,0.0,14,0.1,62,0.6656,0.36694188240995224,0.38743574900835076,-0.0207962674977499,1.0,0.08544373989094256,0.3454897182603036,0.41935483870967744,0.13710279999941122,0.0202244999964023,0.4482397000028868,,D,0.3667000167808287,0.8511969096006144,2.1121405888363105,217.81980996781226,0.9222522263923356,0.47751237290172965,0.47256539522147584,0.33245325656792774,2.0,0.5899059259088899,0.6445744051375787
balance,P2_Full,,main,clean,0.0,14,0.15,93,0.656,0.37668760745516455,0.3730444818097724,-0.015782044865264702,1.0,0.08848942006236543,0.36054256558418274,0.45161290322580644,0.11280089999490883,0.043677800000295974,0.6386093999972218,,D,0.38568469712518816,0.8496034681779515,2.0619731810253548,217.14048448148094,0.9241305002773871,0.49553690631388425,0.4840559407804538,0.3322250526222638,2.0,0.6001865201416061,0.6270301920341778
balance,P2_Full,,main,clean,0.0,14,0.2,125,0.6944,0.398857659120021,0.4237374714149756,-0.019365366331163612,1.0,0.09334790137159016,0.35529183130711317,0.4375,0.15283649999764748,0.03480210000270745,0.8870181000020239,,D,0.3824833779801624,0.8489270394931844,2.024813186973071,203.4811570854464,0.9255114766470076,0.5069367602044718,0.4929195631894236,0.33457230647239566,2.0,0.6153057828758485,0.6016646653630765
balance,P2_Full,,main,clean,0.0,15,0.05,31,0.6496,0.37929148176045996,0.36514596115110975,-0.021020184495086924,1.0,0.08208587465111906,0.34785232889024836,0.42105263157894735,0.1284183000025223,0.049399800001992844,0.2213329000005615,,D,0.36362802624420765,0.8403043173762715,2.1026611122437022,222.9039800876993,0.917165678279964,0.4812989283172515,0.4747309304119434,0.3324217125675719,2.0,0.5798854810018801,0.6602704382631911
balance,P2_Full,,main,clean,0.0,15,0.1,62,0.672,0.3881079120369687,0.40111243824649323,-0.03134661171752932,1.0,0.08421844580713898,0.34809022757314867,0.4838709677419355,0.19101860000228044,0.048893900006078184,0.4939767999967444,,D,0.3724188369259585,0.8514849314733922,2.096812293998327,221.21678913401936,0.9231458807656326,0.48251635341232535,0.47603231043154476,0.3328393547617831,2.0,0.5863558440618656,0.649391386987914
balance,P2_Full,,main,clean,0.0,15,0.15,93,0.6848,0.37818690610158423,0.4074298480772264,-0.026560438088408415,1.0,0.09022270595217198,0.33707525845496883,0.45161290322580644,0.1595852999962517,0.05004490000283113,0.7725270999944769,,D,0.3773690202322629,0.8495420288013485,2.0847817293717106,212.458758390764,0.9229015726140949,0.4875749900674179,0.47874066111490826,0.3321744846810743,2.0,0.6053224375068781,0.6193575123503404
balance,P2_Full,,main,clean,0.0,15,0.2,125,0.7184,0.41868156600758916,0.45153730014152516,-0.018545072440905,1.0,0.0936692499690352,0.35316559951752424,0.53125,0.14646999999968102,0.15396429999964312,1.105534299997089,,D,0.38909267132522735,0.8418061622199353,2.028157589153505,206.99730114502094,0.9222692438531309,0.5086360048048306,0.49210364061025613,0.33216515865936025,2.0,0.6162476133062915,0.6014878795132081
balance,P2_Full,,main,clean,0.0,16,0.05,31,0.6688,0.3739426417240446,0.397256929711571,-0.02360936572429195,1.0,0.0826758746882183,0.35335476147501094,0.42105263157894735,0.190606399999524,0.047916499999701045,0.28354940000281204,,D,0.36338836334417285,0.8406472867020911,2.1086806499591497,222.75706672997796,0.91700395318295,0.4791676583385852,0.4733710769954007,0.3323790636428579,2.0,0.5813788014632684,0.6580922762980906
balance,P2_Full,,main,clean,0.0,16,0.1,62,0.6992,0.39330669177280025,0.4344831086317142,-0.017462370064689352,1.0,0.08574142799900526,0.35298518692293473,0.45161290322580644,0.11762989999988349,0.026790599993546493,0.4893322999996599,,D,0.3683648646586265,0.8455819329896328,2.102501531341858,218.80872960722414,0.9198083666427397,0.4806849035878912,0.4747396337086663,0.3327257964694727,2.0,0.590657098710111,0.64374560938909
balance,P2_Full,,main,clean,0.0,16,0.15,93,0.7152,0.4187587976623372,0.4595465626144366,-0.019084573582823883,1.0,0.08989263059177574,0.3478260040283203,0.4838709677419355,0.23055429999658372,0.05595009999524336,0.9514010999992024,,D,0.37915083182434106,0.8474948534731721,2.080463748297804,213.46191831710402,0.9218403058148182,0.48749471106253905,0.4797379754665985,0.3349873264097394,2.0,0.6044076883875459,0.622024663428052
balance,P2_Full,,main,clean,0.0,16,0.2,125,0.7248,0.44621346209182666,0.4768368435016327,-0.0185689939555201,1.0,0.09232168451952459,0.3689296003431082,0.46875,0.12334809999447316,0.04904270000406541,1.1740683000025456,,D,0.4010700301511885,0.8485095565269501,2.019678407111921,213.36925604043228,0.9257600992469833,0.509936738905752,0.4941775374569388,0.33402007844469933,2.0,0.6122551395192323,0.6073656585107484
balance,P2_Full,,main,clean,0.0,17,0.05,31,0.6512,0.3565177200148257,0.3774858753963413,-0.017241813427451676,1.0,0.08282090536693731,0.35863029172545985,0.47368421052631576,0.12893370000529103,0.04887339999550022,0.22335429999657208,,D,0.3546341625045399,0.8531875927019303,2.1251558923263314,217.39074161528296,0.9221021266728185,0.469405380915611,0.4696886066495609,0.33527919052340893,2.0,0.5821803181332184,0.6576164665964103
balance,P2_Full,,main,clean,0.0,17,0.1,62,0.6672,0.3540343729473415,0.38051200590385803,-0.020661799440753987,1.0,0.08598202806406416,0.36394927866997256,0.45161290322580644,0.2988296999974409,0.03591160000360105,0.6647516999946674,,D,0.36500058943452357,0.8353448618530133,2.0961258582077917,216.810350124107,0.9151090688575352,0.48443193393282913,0.4761887529364728,0.3325554590310071,2.0,0.5915025296143954,0.6421083708958295
balance,P2_Full,,main,clean,0.0,17,0.15,93,0.6736,0.35374217446020445,0.38844654327416545,-0.01975318547635765,1.0,0.08965106990575185,0.36485719969195707,0.3870967741935484,0.12042920000385493,0.02848960000119405,0.8689264999993611,,D,0.3773338379489388,0.8387075046051334,2.0675047532727886,212.43895076525254,0.918532298320419,0.49490705392004364,0.4827560970634238,0.3324083614090757,2.0,0.60378964249561,0.6213953864279225
balance,P2_Full,,main,clean,0.0,17,0.2,125,0.7184,0.4132609999148386,0.46435217681239055,-0.017590819952423505,1.0,0.09536637632985105,0.3535280516371131,0.46875,0.1191365999984555,0.03935970000020461,1.0894135999988066,,D,0.386403455776224,0.8300046534369461,2.0394731081640045,205.56663847295115,0.915990738935961,0.5058143486717226,0.48936287491605274,0.33256870991036913,2.0,0.6210247177887908,0.5947244893981105
balance,P2_Full,,main,clean,0.0,18,0.05,31,0.6208,0.32493525512493415,0.34128600680638055,-0.021373840998299806,1.0,0.08226728779257773,0.34619465313459696,0.3684210526315789,0.3191186000040034,0.06363580000470392,0.4724802999990061,,D,0.36569918932899237,0.8386285681397133,2.1032345928283687,224.1736030586723,0.9163233443599913,0.48146549438530845,0.47460104189059527,0.3324217125675719,2.0,0.5801728144432613,0.6598036193256608
balance,P2_Full,,main,clean,0.0,18,0.1,62,0.6656,0.32463055708427846,0.372813214088412,-0.028124948636314172,1.0,0.08565384255415572,0.3428265731180868,0.45161290322580644,0.1444396000006236,0.04873710000538267,0.6921733999988646,,D,0.3686699236921725,0.8357634812891224,2.092433464142061,218.98993467315046,0.91558054182644,0.4859885070860992,0.4770320309617594,0.3322829191294621,2.0,0.5903640278231954,0.6437051338248866
balance,P2_Full,,main,clean,0.0,18,0.15,93,0.696,0.40897163460025654,0.42530619068052344,-0.01892415926279308,1.0,0.08822331594436773,0.35961930213436005,0.5483870967741935,0.09680039999511791,0.02152110000315588,0.8694457000019611,,D,0.3865568199719964,0.8381081532781791,2.0504599521854696,217.631489644234,0.9191038617665603,0.5003075209065737,0.486783881398783,0.33386851071092205,2.0,0.599288683399958,0.6285544269174714
balance,P2_Full,,main,clean,0.0,18,0.2,125,0.7024,0.38626502347930486,0.4195951915596972,-0.018061695923108093,1.0,0.09437405396719742,0.34675889927893877,0.46875,0.12331260000064503,0.05077780000283383,1.0917346999995061,,D,0.3852545679119136,0.8392122596494876,2.037033603442086,204.95543012913802,0.9205680297906674,0.5059824210715734,0.4899511799950241,0.3321439191198335,2.0,0.6185436807827429,0.5974570784827185
balance,P2_Full,,main,clean,0.0,19,0.05,31,0.648,0.3187094198881753,0.3498506223263802,-0.019910134540498257,1.0,0.08251591039354994,0.37034581836901215,0.47368421052631576,0.12978149999980815,0.04195099999924423,0.1978510999979335,,D,0.36179093258216827,0.8525292266037184,2.1207468922055046,221.77784167286916,0.9223346359703575,0.4733508054444036,0.4706684790613372,0.3327362483873375,2.0,0.5806728934147574,0.6593385277608491
balance,P2_Full,,main,clean,0.0,19,0.1,62,0.6832,0.3967018135040544,0.4065174087237808,-0.0241996137733287,1.0,0.08501767753023062,0.33738422489935355,0.4838709677419355,0.15148110000154702,0.020218199999362696,0.3960713999986183,,D,0.370969632107291,0.835518277299002,2.0848386856968024,220.35596147173086,0.9158966983139734,0.48867691616464154,0.4787759356556524,0.33243054490946566,2.0,0.5885147579978333,0.6461427984687631
balance,P2_Full,,main,clean,0.0,19,0.15,93,0.6928,0.4078476505138598,0.4131574746926423,-0.017796529989413844,1.0,0.08821912660005905,0.36567743074509407,0.45161290322580644,0.10738409999612486,0.050795900002412964,0.608562699999311,,D,0.3800490873550966,0.8451369696053441,2.0569642319244443,213.9676361809194,0.9222468604972492,0.49792316923798324,0.48523900670469977,0.3323388304899401,2.0,0.5995308340764647,0.6280174426301348
balance,P2_Full,,main,clean,0.0,19,0.2,125,0.7312,0.4541829604642499,0.4859306504419217,-0.020814202866307585,1.0,0.09181764388755136,0.34708651062101126,0.53125,0.2678920999969705,0.054197699995711446,1.113286200001312,,D,0.38920874605181843,0.8453222115887193,2.006807075080972,207.0590528995674,0.9250914268342065,0.5157121527583829,0.4973591900646046,0.3324058734406638,2.0,0.6110292801449208,0.6079411377296123
balance,P2_Full,,main,clean,0.0,20,0.05,31,0.6304,0.31537460668873424,0.3426030095182993,-0.021907756881109675,1.0,0.0830003657052043,0.3637666843439403,0.42105263157894735,0.15977679999923566,0.0462857999955304,0.2470647000009194,,D,0.36246310133632764,0.8388353570180169,2.110435992681214,222.18988111916883,0.9160057261261173,0.4788293988075745,0.47297599432774656,0.3323790636428579,2.0,0.5822012619958592,0.6568453496306883
balance,P2_Full,,main,clean,0.0,20,0.1,62,0.696,0.3922634713152492,0.42248341042209137,-0.0282698162406683,1.0,0.0855252691757778,0.33998428525463226,0.4838709677419355,0.16499750000366475,0.03992160000052536,0.49117320000368636,,D,0.36622159032466983,0.8368823633190476,2.0934059664419764,217.53562465285387,0.9160238797348826,0.48518062194973255,0.4768096399277897,0.33265766149408643,2.0,0.5902657601498396,0.6441701329898488
balance,P2_Full,,main,clean,0.0,20,0.15,93,0.704,0.39886424010741933,0.4410355104707284,-0.0218650995667136,1.0,0.0879349320858579,0.3621440414459475,0.41935483870967744,0.3791184000001522,0.05100119999406161,1.0442275000023074,,D,0.38422699015015305,0.8448808983097177,2.0456852380991974,216.31979545453618,0.9224993392622924,0.5003796444589474,0.48792420824114235,0.33377369582119176,2.0,0.5986865735704989,0.6291412291563111
balance,P2_Full,,main,clean,0.0,20,0.2,125,0.7136,0.42043207460480053,0.44335043112769595,-0.018872782515654392,1.0,0.09447041487326525,0.3482156079262495,0.46875,0.12378980000357842,0.02290770000399789,1.2428740000032121,,D,0.38660344533697316,0.8359187446626631,2.037081982236736,205.67303291926973,0.9189443964483313,0.5060032702393369,0.48993949938689235,0.33302182008694053,2.0,0.6186159994773116,0.5974326117083427
balance,P2_Full,,main,clean,0.0,21,0.05,31,0.6624,0.37926997987078137,0.38670918463548903,-0.014182045256259114,1.0,0.08159767443321338,0.381710465017118,0.3684210526315789,0.12615630000072997,0.03308819999801926,0.19236860000091838,,D,0.3679238145453735,0.8415739266515608,2.1017723663757892,225.53729831631395,0.9179111470108633,0.48184758194068117,0.47493236390620647,0.33258697715083857,2.0,0.5780780547988225,0.6629245788399477
balance,P2_Full,,main,clean,0.0,21,0.1,62,0.6816,0.3933469628376608,0.41168964841415334,-0.0218902906675809,1.0,0.08528377343329838,0.33859475197330596,0.5483870967741935,0.11507720000372501,0.05749900000228081,0.4217847000036272,,D,0.3701818087570298,0.8508128579607015,2.107468875341848,219.88799440167568,0.922265426998128,0.4789458934644955,0.4736166886759714,0.3323680878486949,2.0,0.5895451098270065,0.645350296311873
balance,P2_Full,,main,clean,0.0,21,0.15,93,0.6864,0.3781646421700676,0.4098234752697451,-0.02151547518356529,1.0,0.0907822305508782,0.3518858551979065,0.41935483870967744,0.35935170000448124,0.07647960000031162,0.920978300004208,,D,0.376499320015226,0.8513747976831106,2.092601370247819,211.96911716857224,0.9233454115335263,0.48424232719942345,0.47694505204771115,0.33230090453404804,2.0,0.6071884195832181,0.6172713798039655
balance,P2_Full,,main,clean,0.0,21,0.2,125,0.7232,0.4272855434064281,0.4609181673433896,-0.02259118271186285,1.0,0.09470484063224935,0.3571903295814991,0.46875,0.15051540000422392,0.05678759999864269,1.1712721000003512,,D,0.38697882433713904,0.843295909492821,2.0453511855901394,205.87273454735796,0.9220437520150735,0.5025257622017525,0.48795109648199336,0.3322288772779406,2.0,0.619212470441792,0.597129042103211
balance,P2_Full,,main,clean,0.0,22,0.05,31,0.656,0.3372097897823154,0.36724246968481405,-0.015091716954507187,1.0,0.08259894940637644,0.35290813132336263,0.42105263157894735,0.2441236000013305,0.05031769999914104,0.4631593999947654,,D,0.36220777324185666,0.8461338670825932,2.1221114595833144,222.03336499725813,0.9191652746566289,0.4746425102737714,0.4703647775122796,0.3322777724466622,2.0,0.5813352140664825,0.6581900709833819
balance,P2_Full,,main,clean,0.0,22,0.1,62,0.7056,0.40959419083633014,0.44930631818642774,-0.022577133662524604,1.0,0.08586697003169132,0.35011398119311177,0.45161290322580644,0.19381219999922905,0.10295400000177324,0.7976657999970485,,D,0.3657748552363115,0.8541742281506242,2.1159446003471714,217.27026401036903,0.9234831545664139,0.47528585336328144,0.47171279300213137,0.33248732405562087,2.0,0.5910601378973491,0.6428552795944658
balance,P2_Full,,main,clean,0.0,22,0.15,93,0.7168,0.40646999493757113,0.45277866261709654,-0.02163770482144603,1.0,0.09002127034131502,0.3604258827624782,0.45161290322580644,0.09665639999730047,0.02368469999782974,0.9639305999953649,,D,0.3723213336713126,0.8352372220224648,2.06228438326712,209.616910856949,0.9169187318573505,0.4957522010585585,0.48398262740244397,0.333628312990272,2.0,0.6048233254381686,0.6202859599727503
balance,P2_Full,,main,clean,0.0,22,0.2,125,0.736,0.4727637251565281,0.49954722755550635,-0.019484493022045697,1.0,0.09247680835236043,0.36384644731879234,0.4375,0.11057520000031218,0.025449299995671026,1.1349785999991582,,D,0.398901703617436,0.8312153687954773,2.0066677495662457,212.21570632447595,0.9184815434898439,0.5170267818319483,0.4973938531065763,0.33402007844469933,2.0,0.612723397985128,0.6058414138932358
balance,P2_Full,,main,clean,0.0,23,0.05,31,0.68,0.3957152107094337,0.4177995039746371,-0.01749697045459376,1.0,0.08234611233409839,0.3791345295153166,0.3684210526315789,0.17088150000199676,0.026288200002454687,0.22996129999955883,,D,0.36313309670443356,0.8350295452085991,2.1073031771212767,222.60058827981777,0.9143159767636627,0.4806098865116088,0.4736815717455204,0.3334399556451183,2.0,0.5802988107947009,0.6597084102592283
balance,P2_Full,,main,clean,0.0,23,0.1,62,0.7104,0.4239336594277123,0.4642036336022248,-0.02279112395531153,1.0,0.08544373138959015,0.35559130099511915,0.4838709677419355,0.12363120000372874,0.028371400003379676,0.4218364999978803,,D,0.36727414709304684,0.8419754147329862,2.093854140639744,218.1608433732698,0.918424120572457,0.4837772914277591,0.47670722135523286,0.33316867380948323,2.0,0.5897061839695094,0.6453322378961324
balance,P2_Full,,main,clean,0.0,23,0.15,93,0.696,0.4086071473773919,0.4293553059981816,-0.019239714479238335,1.0,0.0895302687444999,0.3500629682694712,0.41935483870967744,0.10021859999687877,0.023544700001366436,0.5744112999964273,,D,0.3753584534249025,0.8424968188590333,2.062736570518175,211.3268092782201,0.9203207904761156,0.49411047480640524,0.4838761400396694,0.334412116078709,2.0,0.6031255033737998,0.6236669682638113
balance,P2_Full,,main,clean,0.0,23,0.2,125,0.7184,0.4235251371713526,0.46119401076558564,-0.021205994121928133,1.0,0.09437007432820592,0.34222176391631365,0.4375,0.08701509999809787,0.0326647000038065,0.7256641999993008,,D,0.38956194254303006,0.846858654320661,2.0425997142623364,207.24695343289198,0.9238871506882901,0.5029895488114503,0.48861092479809126,0.33223595712444953,2.0,0.6182423357716618,0.5982009190993396
balance,P2_Full,,main,clean,0.0,24,0.05,31,0.664,0.33530614757725913,0.36520117146952474,-0.023021607524031845,1.0,0.08214129584238343,0.34734286603174713,0.47368421052631576,0.17544339999585645,0.04185169999982463,0.2747337999971933,,D,0.3669685275064784,0.829410315804966,2.097379760602304,224.95170736147125,0.9121794019726782,0.48519397030527855,0.4759304512070597,0.33289085073942576,2.0,0.5794033780747254,0.6606289628366603
balance,P2_Full,,main,clean,0.0,24,0.1,62,0.6832,0.35624796540111614,0.40026396484722626,-0.020058339489173335,1.0,0.08527682023779357,0.3527067149839094,0.4838709677419355,0.135487399995327,0.04326910000236239,0.4939760999986902,,D,0.3642178837386916,0.8504885469255529,2.1009545551037947,216.34542294078278,0.9220981232547165,0.4789571290803164,0.47509043599504813,0.33497425065721864,2.0,0.5892775577816072,0.6457951193409377
balance,P2_Full,,main,clean,0.0,24,0.15,93,0.6976,0.3888809129655665,0.4298588884799556,-0.011484879378178495,1.0,0.09036363420662658,0.3494428425065933,0.45161290322580644,0.10918909999600146,0.042136500000196975,0.7011332999973092,,D,0.37581180165284356,0.8405588145969604,2.0770960718190743,211.58204433055093,0.9188063803886819,0.4907613148630658,0.4805186782106049,0.3330088557107008,2.0,0.605876479296017,0.6185287527040133
balance,P2_Full,,main,clean,0.0,24,0.2,125,0.7056,0.4173476782334472,0.43857551570565695,-0.019831817091906692,1.0,0.09551949050425251,0.3597614513710141,0.46875,0.171519100003934,0.050440699997125193,1.000631799994153,,D,0.3867128686443929,0.8451177994906683,2.0618208370472906,205.73124611881704,0.9220221609908146,0.49653453558411137,0.484038341001498,0.3324766719057531,2.0,0.621707885198134,0.593784587967624
balance,P2_Full,,main,clean,0.0,25,0.05,31,0.6608,0.3141313812787371,0.35303330411199885,-0.026214106875368074,1.0,0.08265376319145396,0.34450415404219376,0.5263157894736842,0.142367499996908,0.05145839999750024,0.24816350000037346,,D,0.3629337702089791,0.8488586237587226,2.1217971157799607,222.4784011381042,0.920485019470881,0.473903291695692,0.4704347040314972,0.33230975914019767,2.0,0.5814625207649107,0.6584054909617953
balance,P2_Full,,main,clean,0.0,25,0.1,62,0.6768,0.3820422421124425,0.4064928392966299,-0.021193239015995926,1.0,0.08507987174792309,0.36014560345680485,0.5806451612903226,0.17432229999394622,0.04913980000128504,0.509757299994817,,D,0.367605621692763,0.8432862471927932,2.0916707040665314,218.35773928550122,0.919180118886207,0.48428341695562815,0.4772066030206264,0.3334866370279524,2.0,0.5887229275429215,0.6461343063972358
balance,P2_Full,,main,clean,0.0,25,0.15,93,0.704,0.42129781061380367,0.4436837023524157,-0.017797068621318905,1.0,0.08985953507141084,0.36216926959253126,0.45161290322580644,0.10834180000529159,0.04350659999909112,0.6928963999962434,,D,0.3782865900052538,0.8437114486271481,2.0732676675259527,212.9753501729579,0.9206247063491266,0.49212342840448603,0.48140926841600423,0.3323135465193454,2.0,0.6042617908155857,0.621533727406968
balance,P2_Full,,main,clean,0.0,25,0.2,125,0.7296,0.42686459627210344,0.4763348568904062,-0.019260529772104452,1.0,0.09372358564289304,0.36889425199478865,0.40625,0.2481063000013819,0.07099700000253506,1.0380606999970041,,D,0.3909644136379961,0.8467596451000452,2.031536311162097,207.99306805541394,0.924314677294715,0.5061005780448804,0.49128207304412236,0.33318465655664586,2.0,0.6162433542851279,0.6009780001556358
balance,P2_Full,,main,clean,0.0,26,0.05,31,0.6016,0.22342173799303744,0.2637046691520178,-0.020534682073469302,1.0,0.08324174085423428,0.3655902994306464,0.47368421052631576,0.1360694999966654,0.02059200000076089,0.18976859999384033,,D,0.358724920647634,0.8504105598074918,2.1299538858796336,219.89837635699965,0.9207753086493083,0.47038580230839483,0.46862689222442566,0.33275757284969454,2.0,0.5833601359254744,0.6558815996318255
balance,P2_Full,,main,clean,0.0,26,0.1,62,0.688,0.38506340549259843,0.4150880393807466,-0.022361720974576067,1.0,0.08491482888905505,0.3625636043087129,0.41935483870967744,0.18218769999657525,0.04746900000463938,0.4692776999945636,,D,0.37217301417874293,0.8464458697498242,2.097512455794294,221.0707704221733,0.920501958022858,0.48228001521273955,0.47587284518127765,0.3334071462233351,2.0,0.5882656177491012,0.6469956122026583
balance,P2_Full,,main,clean,0.0,26,0.15,93,0.7104,0.39076891436959865,0.4417447931810961,-0.01927903133080704,1.0,0.09006087907692531,0.3587793006050971,0.45161290322580644,0.24709079999593087,0.04747029999998631,0.8253627999947639,,D,0.375233247797155,0.8454395527388374,2.07872051457928,211.25631850979826,0.9211187125847902,0.4896411804378176,0.4801417802341752,0.3327812999753481,2.0,0.6050332814450698,0.6201108960439365
balance,P2_Full,,main,clean,0.0,26,0.2,125,0.7184,0.38101070700291556,0.4428740857937098,-0.018762678531814764,1.0,0.0945425725168799,0.3686358127743006,0.40625,0.2744897000011406,0.02080269999714801,1.1748406999977306,,D,0.3871798138310486,0.8405018937156614,2.04433674426946,205.97966095811785,0.9205260044976368,0.5017245197840514,0.4881941622057628,0.334636025090976,2.0,0.6190286051700313,0.5980271451175648
balance,P2_Full,,main,clean,0.0,27,0.05,31,0.6496,0.32124734189554943,0.34619151279476285,-0.021391515619557742,1.0,0.08210177928366837,0.36880549631620707,0.3157894736842105,0.1732996999999159,0.035695600003236905,0.26682589999836637,,D,0.3623202639771242,0.8400893730950161,2.105377539233448,222.10232181797713,0.9169341713742551,0.48054841486487926,0.47411630880877875,0.3327788973120515,2.0,0.579742456211781,0.6600335686014156
balance,P2_Full,,main,clean,0.0,27,0.1,62,0.6464,0.3068116031124427,0.335639546012601,-0.018446415049471095,1.0,0.08498800942654935,0.3588078502685793,0.45161290322580644,0.11550369999895338,0.050113699995563366,0.5318031999995583,,D,0.3715911914328292,0.8459146221696467,2.0959951518292677,220.72516771110054,0.9203149592564109,0.48285137846550424,0.4762185532548628,0.3332481646141005,2.0,0.5883086747263413,0.6470608102286401
balance,P2_Full,,main,clean,0.0,27,0.15,93,0.6896,0.3761434613964994,0.413152241908667,-0.017934311450360726,1.0,0.08944309091316065,0.3566417684478144,0.45161290322580644,0.12520260000019334,0.04400590000295779,0.8697459999966668,,D,0.37587545693450264,0.8409122821189942,2.063641714327822,211.617882254125,0.9197777801871929,0.49573593184100145,0.4836631243471126,0.3323577934678862,2.0,0.6030998510421041,0.6229397706004814
balance,P2_Full,,main,clean,0.0,27,0.2,125,0.728,0.4257641131668772,0.4678266173554497,-0.016023389762518422,1.0,0.09513301953297128,0.37068520579487085,0.46875,0.13438309999764897,0.055615500001295004,1.0976433999967412,,D,0.3844534215451313,0.8469662265057893,2.0527968776155836,204.52922026200986,0.9233056299042226,0.4988402341220532,0.48617442015978485,0.3324766719057531,2.0,0.6204707465028414,0.5962568934366789
balance,P2_Full,,main,clean,0.0,28,0.05,31,0.6352,0.2691085916490171,0.3133320843403814,-0.020863666591599956,1.0,0.08246027984142151,0.379353592270299,0.3684210526315789,0.1187567000015406,0.08041220000450267,0.3572920999940834,,D,0.36339363616623915,0.8368628568114753,2.1084662888208285,222.7602989699046,0.9151438125817425,0.47984753343267755,0.47341936926677863,0.33297081747326446,2.0,0.5811131583262679,0.6584572826074813
balance,P2_Full,,main,clean,0.0,28,0.1,62,0.6624,0.3681440767231197,0.38694183073221816,-0.018244403477191928,1.0,0.08596003299986983,0.3538197009794174,0.41935483870967744,0.14315869999700226,0.09646690000226954,0.6230591999992612,,D,0.3663346750765698,0.843284603195883,2.108046503342677,217.60279699548246,0.9184132758957257,0.47939560650666757,0.47348645040173176,0.33296426888332453,2.0,0.5913633571620474,0.6430193066304093
balance,P2_Full,,main,clean,0.0,28,0.15,93,0.672,0.3567169506062118,0.38919650559679014,-0.019336079676631455,1.0,0.09046369968955058,0.3580474555492401,0.45161290322580644,0.1172179999994114,0.04337919999670703,0.82711809999455,,D,0.3769003735153319,0.8477534188905418,2.083498171818863,212.19491028913185,0.9220285552645954,0.4878607836891469,0.4790366897411907,0.33245892935026516,2.0,0.6060219864753676,0.6182424584277776
balance,P2_Full,,main,clean,0.0,28,0.2,125,0.7216,0.4175767166164741,0.46590833503152823,-0.016841890334180785,1.0,0.09426844657603389,0.3676890330389142,0.375,0.09977040000376292,0.04526080000505317,1.0078694999974687,,D,0.39010275087377144,0.8388072021947994,2.03492206625991,207.5346634648464,0.9204774809008818,0.5066620830341305,0.4904615320526105,0.3324766719057531,2.0,0.6180456279824876,0.5983349144213489
balance,P2_Full,,main,clean,0.0,29,0.05,31,0.6864,0.40959345302023126,0.42489641365628555,-0.01634459685163689,1.0,0.08211369643697392,0.3951275536888524,0.3684210526315789,0.20646519999718294,0.12468059999810066,0.3715444999979809,,D,0.3652227147256703,0.8356593012117182,2.099142655492025,223.8815241268359,0.9150859820062675,0.48330499614629113,0.4755293846548182,0.3324217125675719,2.0,0.5799180574434224,0.6600665995144592
balance,P2_Full,,main,clean,0.0,29,0.1,62,0.6752,0.35147335812558894,0.3890181522683297,-0.021900144534088443,1.0,0.08587219338929997,0.3558426441684846,0.45161290322580644,0.13347670000075595,0.05222310000681318,0.5927462999970885,,D,0.3637036050996947,0.8524602523649742,2.10962814920472,216.03994142921863,0.9226713039658017,0.47587889179877785,0.4731302003777685,0.3343723917079735,2.0,0.5911138688972284,0.643430691480477
balance,P2_Full,,main,clean,0.0,29,0.15,93,0.7024,0.41384615465889074,0.4423283211951564,-0.020216516555692378,1.0,0.09163356490469687,0.3579890151177683,0.45161290322580644,0.09123749999707798,0.024145600000338163,0.7335420999952476,,D,0.37042460264864707,0.8477013238775681,2.100957400856322,208.5490512911883,0.9210944608441354,0.4819026588751633,0.47504104588665325,0.3322503365928585,2.0,0.6097887567950584,0.6133667589059445
balance,P2_Full,,main,clean,0.0,29,0.2,125,0.7376,0.4154095730854055,0.47715227837271906,-0.018796399096752535,1.0,0.09478584796002214,0.3562562568113208,0.4375,0.07816029999958118,0.021907000002101995,0.8753900999945472,,D,0.3869868125439574,0.8464096261234325,2.044065009657595,205.87698427338535,0.9233924713832393,0.5012218104350332,0.48825931228260366,0.3334749302635119,2.0,0.6194989868166116,0.5968966597831233
balance,P2_Full,,main,clean,0.0,0,0.05,31,0.6592,0.3610590414034732,0.3618213234332373,-0.030734074956647695,1.0,0.08192614044183094,0.25366899684855815,0.5789473684210527,0.1843284999995376,0.023801399998774286,0.25726510000095004,,E,0.3639424245957601,0.8382095908648535,2.100269421800928,223.09670627720095,0.9162640284133527,0.4824416846816861,0.47527339292091914,0.332832208467944,2.5011292286007176,0.5791490662562052,0.6609372810312968
balance,P2_Full,,main,clean,0.0,0,0.1,62,0.6848,0.3930412650340594,0.4264793036062078,-0.028512813181411682,1.0,0.08471713071778202,0.2749180639943769,0.6129032258064516,0.1060217999984161,0.027450699999462813,0.43258639999839943,,E,0.3654472387555766,0.849842061442981,2.0940005063600933,217.07565982081252,0.9222193078105296,0.48200745870032746,0.4766737827681365,0.3344632383418218,2.497466302244254,0.5874101952995218,0.6479665924266945
balance,P2_Full,,main,clean,0.0,0,0.15,93,0.712,0.4094286449301095,0.46292627761616356,-0.02700803026008132,1.0,0.0897096310845499,0.278219917128163,0.6129032258064516,0.1484688999989885,0.042906000002403744,0.6899802999978419,,E,0.37283880110648643,0.851145384643989,2.080048035828043,209.90824502295186,0.9238892433535933,0.4886906498372594,0.479834210148238,0.33256006523264414,2.5017438987303278,0.6037336404140753,0.6216656272249261
balance,P2_Full,,main,clean,0.0,0,0.2,125,0.7312,0.4330461864575602,0.49303466892694897,-0.023438594911411904,1.0,0.09325168654154323,0.2698237420991063,0.59375,0.11065319999761414,0.05139210000197636,0.9282373999958509,,E,0.3792000491207828,0.836391653423851,2.0183014710408007,201.73442613225646,0.9200944501352393,0.5116046855985437,0.49451596260630726,0.33387848151452076,2.4987754193261096,0.6150894731213826,0.6021297873479053
balance,P2_Full,,main,clean,0.0,1,0.05,31,0.6624,0.3607590353144855,0.3756471946582266,-0.028839081392723294,1.0,0.0824816015092295,0.28706389195040655,0.5263157894736842,0.11727229999814881,0.05401979999442119,0.20067790000030072,,E,0.36097718348261937,0.8496451487641103,2.12278476298859,221.27901347484567,0.9207996722674798,0.4732439486886668,0.4702150692701043,0.33307743978504945,2.5005762028233938,0.580860427130579,0.6588509336797189
balance,P2_Full,,main,clean,0.0,1,0.1,62,0.6704,0.3707612556439932,0.3854244404675086,-0.030706758733401222,1.0,0.08556913838707081,0.2638233640501576,0.6129032258064516,0.17940549999912037,0.04863169999589445,0.49112420000165,,E,0.36942975062209615,0.8450507818860145,2.105217776647416,219.4412718695251,0.9194203824203016,0.47996112171136274,0.47412492779527926,0.3333219775041023,2.5000255514862446,0.5902529822679736,0.6442032283885778
balance,P2_Full,,main,clean,0.0,1,0.15,93,0.6976,0.40635901837046606,0.43081570071885733,-0.028898922235114453,1.0,0.08790560817635776,0.27244497499158304,0.6129032258064516,0.14397979999921517,0.04972239999915473,0.7219866000014008,,E,0.387220027328,0.8335153069271525,2.055644246163178,218.00487538566398,0.9170178340908501,0.5015627900828098,0.48555173460495477,0.3323135465193454,2.5023015616381032,0.5983817007195416,0.6292576822264316
balance,P2_Full,,main,clean,0.0,1,0.2,125,0.7296,0.440656746790903,0.4755026260772194,-0.022297291389979317,1.0,0.09060189789435273,0.27716830372810364,0.625,0.1416906000013114,0.059941499996057246,1.012600800000655,,E,0.40830415410376353,0.8377305879571506,1.997562533561574,217.2178099832022,0.9223595639573583,0.5215337563302459,0.4996696395688252,0.3324058734406638,2.5020926071862153,0.6071345192888565,0.6140584085910975
balance,P2_Full,,main,clean,0.0,3,0.05,31,0.64,0.3181289049371242,0.33879323757777263,-0.02806650949733026,1.0,0.0822285122670973,0.2707830808664623,0.631578947368421,0.13996269999915967,0.043764599999121856,0.21398490000137826,,E,0.3620588020794597,0.8372875626235137,2.1020245047262214,221.94204567470877,0.9156436977172575,0.4815620511690961,0.4748751996565507,0.3330987642474064,2.5005281521078073,0.5802014875905249,0.659957549994496
balance,P2_Full,,main,clean,0.0,3,0.1,62,0.6752,0.3866685948741058,0.4009810238553663,-0.030714493349355367,1.0,0.08522922598773902,0.2557534661985213,0.5806451612903226,0.17548790000000736,0.0402851999970153,0.4798097000020789,,E,0.3672335581148498,0.8385748551780183,2.090541621683882,218.1367335202208,0.9170725419427468,0.4862791781992517,0.4774652487133287,0.3322261399833069,2.5024994872846595,0.589238545261875,0.6452615984747989
balance,P2_Full,,main,clean,0.0,3,0.15,93,0.688,0.3639696010649996,0.41039770329292674,-0.02929131627467802,1.0,0.08870128921866845,0.27771879684540535,0.6129032258064516,0.5052532000045176,0.05981709999468876,1.1511892000053194,,E,0.3804548990025832,0.8463748817993877,2.064471937693954,214.19610813845435,0.9223570392116734,0.49459462295133233,0.48346790459837835,0.3334133992402167,2.4998198949703303,0.6009733556748157,0.6253618802224797
balance,P2_Full,,main,clean,0.0,3,0.2,125,0.6976,0.39249819834386734,0.4424048639813158,-0.02859202864597953,1.0,0.09144573312318212,0.28500540647655725,0.5625,0.11588009999832138,0.05726800000411458,1.3527931999997236,,E,0.40543158182447747,0.8398120771259706,2.004306340940485,215.689601530622,0.9228163433002298,0.5181680658880452,0.4979820851588665,0.3326536680684763,2.5015323713446556,0.6092986328269473,0.6108341827669692
balance,P2_Full,,main,clean,0.0,2,0.05,31,0.6448,0.3710237020518747,0.36922578624191627,-0.040393144164277785,1.0,0.08156110106255303,0.2733839938515111,0.5263157894736842,0.16092430000571767,0.034229700002470054,0.24791820000245934,,E,0.3648575339239474,0.8373942527166017,2.095946013416092,223.65766829537975,0.9161392085538183,0.4842692042119245,0.47625713265067915,0.3326136327287848,2.5016228302158967,0.5783617465979416,0.6619754012132806
balance,P2_Full,,main,clean,0.0,2,0.1,62,0.6832,0.37341879666195027,0.4079229538836035,-0.030691923868057816,1.0,0.08550361858763983,0.2571852485979757,0.6129032258064516,0.16437670000595972,0.049286199995549396,0.5207847999990918,,E,0.3684414062698601,0.8466448138262264,2.0998848491565045,218.8541953242969,0.9204436309935894,0.4812280497885365,0.4753333116716368,0.33320274129717636,2.5002939472428602,0.5899495904684411,0.6440047761156025
balance,P2_Full,,main,clean,0.0,2,0.15,93,0.7104,0.3959005130979501,0.44387124714033116,-0.033305684853502174,1.0,0.08843600949115882,0.2647044774024717,0.6129032258064516,0.43226290000166046,0.08066829999734182,1.1691217999978107,,E,0.3813436263670473,0.8448733408145003,2.0590515645198626,214.69646164464763,0.9219928508334576,0.4971389858060322,0.4847452991513201,0.3326043121811849,2.501643892890401,0.6000803665473168,0.6271185406906287
balance,P2_Full,,main,clean,0.0,2,0.2,125,0.7216,0.4521604492104249,0.47805811055548614,-0.02303638362339914,1.0,0.0927127391062718,0.28127583861351013,0.5625,0.1143995000020368,0.06719340000563534,1.4032403999954113,,E,0.3915405646388225,0.8346593263334868,2.0126407201942214,208.29958038785355,0.9198048656099963,0.5149703178798296,0.49591213439867415,0.33290146269628873,2.500972969524255,0.6136373069812734,0.6047456046969022
balance,P2_Full,,main,clean,0.0,4,0.05,31,0.664,0.34580702069764463,0.3774367754170817,-0.03700165320481097,1.0,0.08240968341722021,0.26598391721123144,0.5789473684210527,0.5210784999944735,0.060483100001874845,0.7442444000043906,,E,0.3600046725280289,0.8445124558650805,2.119279413814979,220.68286425968174,0.9184231437422874,0.47534796622083847,0.470995521195618,0.33297081747326446,2.5008165487207403,0.5806858924902303,0.6594476648401174
balance,P2_Full,,main,clean,0.0,4,0.1,62,0.6912,0.4220343085553014,0.44186636307018345,-0.02652482892525945,1.0,0.08450614400987243,0.29406401803416593,0.5483870967741935,0.15537560000666417,0.054052399995271116,0.9978678000043146,,E,0.36912168536622647,0.8441551595071977,2.089799162008344,219.25828110753852,0.9198422662912639,0.4856568016286802,0.4776354807337222,0.3327939314448589,2.5012156213744627,0.5872083545284689,0.6482177266267541
balance,P2_Full,,main,clean,0.0,4,0.15,93,0.6992,0.3893194765110973,0.4201425853599295,-0.030002397478009084,1.0,0.08907654989420008,0.2760484016710712,0.5806451612903226,0.12751660000503762,0.025884800001222175,1.178205500000331,,E,0.379972182869752,0.8450712048590555,2.062054849793297,213.92433895567038,0.9217702764400737,0.4950601436694975,0.4840366990176097,0.3333249053431351,2.5000189634574177,0.6017761747042453,0.6249721984564302
balance,P2_Full,,main,clean,0.0,4,0.2,125,0.7168,0.3799526100590026,0.4431203922570045,-0.028671229628008735,1.0,0.092028904469888,0.2918760450556874,0.5625,0.12543469999945955,0.04025359999650391,1.3978681000007782,,E,0.3967295137330917,0.8428126105770184,2.0173636088800286,211.06010130600478,0.9233616830453334,0.5124397877208993,0.4947467360900438,0.33339705195191366,2.4998566605083776,0.6117161624169939,0.6077485383535626
balance,P2_Full,,main,clean,0.0,5,0.05,31,0.656,0.33465331957583105,0.35868883730467,-0.029379330889386535,1.0,0.08248609132312873,0.2798617544927095,0.5263157894736842,0.49445929999637883,0.07150959999853512,0.6025235999986762,,E,0.3637941019776042,0.8473510872053018,2.119786856539621,223.0057845122714,0.9198591195543533,0.47499868175654514,0.4708823813275182,0.33240571922080414,2.5020929561200926,0.5807708741774171,0.6592312647992414
balance,P2_Full,,main,clean,0.0,5,0.1,62,0.6736,0.372734767593502,0.39802484429672996,-0.027514038607505086,1.0,0.08462358682306102,0.26875049548764385,0.5806451612903226,0.13097089999791933,0.04841089999536052,0.8202691999977105,,E,0.37419136828196853,0.8418117688121508,2.089755017346174,222.2696727594893,0.9187636415205066,0.48645763424066046,0.4776456060832008,0.33226020747100005,2.50242233159028,0.5873467475780838,0.6480500454102989
balance,P2_Full,,main,clean,0.0,5,0.15,93,0.6832,0.35319801222806496,0.3940616736109505,-0.026867479747228223,1.0,0.08802839684612866,0.28664049794597013,0.5483870967741935,0.1525106000044616,0.051161399998818524,1.0878145000024233,,E,0.3862585591046695,0.8421222660394081,2.052977130287467,217.46356877592893,0.9210939302680232,0.5002077382763004,0.486184848573179,0.3321618426957769,2.5026451502407276,0.59881400554797,0.6285211835331899
balance,P2_Full,,main,clean,0.0,5,0.2,125,0.7056,0.40205217092606976,0.4370440517094589,-0.02379797009976544,1.0,0.09324123243201177,0.2806464359164238,0.5625,0.17794080000021495,0.04719670000486076,1.3402452000009362,,E,0.39533545149023624,0.8435213657077285,2.031876098982198,210.31846019280567,0.9229665343659511,0.5077061735459331,0.4911996016933981,0.3324058734406638,2.5020926071862153,0.6153347240284068,0.601913362932929
balance,P2_Full,,main,clean,0.0,6,0.05,31,0.6368,0.33877278466265887,0.3545408656023262,-0.03513876003717094,1.0,0.0823042453375181,0.27204386811507375,0.5263157894736842,0.1466082999977516,0.0412032000022009,0.22174419999646489,,E,0.36607933647603697,0.8335634045003855,2.0982260580728997,224.40663325981066,0.914135422316013,0.48410037211926826,0.4757378306004833,0.3322457857531267,2.502454991816694,0.580083857031852,0.6595677141733725
balance,P2_Full,,main,clean,0.0,6,0.1,62,0.6784,0.3830470103234935,0.41747710792147075,-0.024245094200805884,1.0,0.08455825329327812,0.27987134264361474,0.5806451612903226,0.12160860000585672,0.030946700004278682,0.4108983999976772,,E,0.374146986975493,0.8404698192644636,2.087154830524055,222.24331026344282,0.9182573683693604,0.48760396776488496,0.4782427599661159,0.33224885164176904,2.5024480483970195,0.5869941573087845,0.6485201316648641
balance,P2_Full,,main,clean,0.0,6,0.15,93,0.7072,0.3778522751389194,0.43692988968514845,-0.026674412661697944,1.0,0.08891664272871208,0.2697767711454822,0.5806451612903226,0.39667909999843687,0.06319100000109756,1.0480019000024186,,E,0.3794158356490426,0.8347227089609947,2.0535901336259257,213.61111547041097,0.9173517280852623,0.4999417560925972,0.48603918966897175,0.333065744644539,2.5006025582631137,0.6012481134712622,0.6255578056352553
balance,P2_Full,,main,clean,0.0,6,0.2,125,0.72,0.42109730563436665,0.45462054675287394,-0.029797382857007365,1.0,0.09424643713580941,0.2729417458176613,0.5625,0.12850600000092527,0.025326399998448323,1.2317409999959636,,E,0.38196406786655285,0.8442446109352104,2.0362480177201627,203.2048841050061,0.9227718099206629,0.5041700287672712,0.4901409300126473,0.3336802458122708,2.499220258428635,0.6183673951378639,0.5981361211831173
balance,P2_Full,,main,clean,0.0,7,0.05,31,0.6752,0.36337748073357007,0.39395258707848524,-0.03363713334635266,1.0,0.08250984319408007,0.24214525912937365,0.631578947368421,0.1776391000021249,0.048663900000974536,0.293735100000049,,E,0.3649360715387492,0.8428567350546665,2.112365993546446,223.70581185325324,0.9179422411944487,0.4778156172706648,0.4725423584534379,0.3323790636428579,2.502153271207917,0.5810274559002503,0.6587506169552833
balance,P2_Full,,main,clean,0.0,7,0.1,62,0.6848,0.3691785520460106,0.40941982378574787,-0.03325296570727856,1.0,0.08532619687557039,0.2882560924176247,0.5483870967741935,0.13005020000127843,0.0634111999970628,0.5480460000035237,,E,0.36789361019633793,0.84745450877763,2.103252566983437,218.52880445662473,0.9207805801398081,0.480683308137168,0.474569510113941,0.3326406277502399,2.501561833233763,0.5893138418366525,0.6454395008112431
balance,P2_Full,,main,clean,0.0,7,0.15,93,0.7008,0.3750059888955001,0.42688596153949326,-0.02945157858960752,1.0,0.08830649461792688,0.28540379866476984,0.5806451612903226,0.4178622999970685,0.05271779999748105,1.0642418000061298,,E,0.37770410995667486,0.8426014638125147,2.056577973578488,212.64741390560795,0.9210028781169192,0.49810764574720445,0.4853304765691886,0.3330341396812955,2.500673790498605,0.599605697825846,0.627757462936821
balance,P2_Full,,main,clean,0.0,7,0.2,125,0.7072,0.3967764033617299,0.4378308883861839,-0.029348778088096678,1.0,0.09219819463789772,0.2820383906364441,0.53125,0.10739269999612588,0.05337780000263592,1.2547328000000562,,E,0.39847574736937263,0.8289558550482998,2.005852862225222,211.98909760050623,0.9176837594986975,0.518742716831686,0.49759668681877045,0.33313509763108334,2.5004462957453137,0.6117170192030109,0.6071327026061394
balance,P2_Full,,main,clean,0.0,8,0.05,31,0.632,0.2748405498358402,0.3104926055722059,-0.03806233025403297,1.0,0.08285245010902152,0.2639284526046954,0.5263157894736842,0.4342571000015596,0.055792200000723824,0.6348933999979636,,E,0.3576062910395368,0.8436829841101456,2.112615277314215,219.21265640723604,0.9181174000786219,0.47617602949204785,0.4724864067298879,0.33380247150518716,2.49894592263711,0.5821224133669289,0.6572014123173956
balance,P2_Full,,main,clean,0.0,8,0.1,62,0.6816,0.39150275582199917,0.4086445821963572,-0.02484857858212198,1.0,0.08462918565642197,0.269062832478554,0.5806451612903226,0.10384899999917252,0.04130520000035176,0.8390938000011374,,E,0.3688778592603441,0.847363264849615,2.0949780280457246,219.11344840064442,0.9210528343108039,0.4827774217562139,0.47645057880708597,0.3335945174056473,2.4994127959423347,0.5874535202731085,0.6489222832797926
balance,P2_Full,,main,clean,0.0,8,0.15,93,0.7344,0.4402792468779901,0.48690384882130755,-0.030983630223956518,1.0,0.08954704281505828,0.26545378758061317,0.5806451612903226,0.1045081999982358,0.03981109999585897,1.0115089000028092,,E,0.38098927455985765,0.8397050314536117,2.0676917656349723,214.49696157719987,0.9190034053001431,0.4947028254575748,0.48271227325864463,0.3327812999753481,2.501244135468308,0.6033203014246794,0.6220470592691834
balance,P2_Full,,main,clean,0.0,8,0.2,125,0.7312,0.42396211637390663,0.478998266546142,-0.02538938235297971,1.0,0.0933624958540606,0.282612768933177,0.59375,0.10650369999348186,0.05010439999750815,1.2156308999983594,,E,0.3883701293670168,0.8295743876534204,2.0144920809908156,206.61290882325295,0.9171411682277298,0.5138123276695791,0.49545464992998345,0.3342749529190207,2.497887323943662,0.6157759174064465,0.6017556149524053
balance,P2_Full,,main,clean,0.0,9,0.05,31,0.6512,0.3580213396835027,0.37734839732055264,-0.03203804871318119,1.0,0.08213973707239898,0.2951472338877226,0.5263157894736842,0.46308500000304775,0.037976999999955297,0.5498842000015429,,E,0.3584368204432117,0.8518020941068382,2.117018414770449,219.72177093168875,0.9221166813068098,0.47446410781716775,0.4715002947293902,0.3331520754032989,2.5004080522306857,0.5795933133099638,0.6609260756595442
balance,P2_Full,,main,clean,0.0,9,0.1,62,0.6448,0.3185438564215466,0.34257177955566415,-0.03568424601474094,1.0,0.08489519440711032,0.26801573364965375,0.5483870967741935,0.10688360000494868,0.05332470000575995,0.7774111000035191,,E,0.3700010750682385,0.8444220986050447,2.0969527169456823,219.78063859053367,0.9196204729449104,0.4833486868354435,0.4760003198861939,0.3327257964694727,2.5013694539249145,0.5883900262509425,0.646781433200271
balance,P2_Full,,main,clean,0.0,9,0.15,93,0.7152,0.41981817662316406,0.4604047684895532,-0.031071684858161832,1.0,0.09008668762679818,0.2848941395359655,0.5161290322580645,0.16353320000052918,0.06275300000561401,1.1061446000021533,,E,0.3774242503873032,0.8446730573655449,2.0761175084750167,212.4898529680517,0.9209272291867954,0.49092688317896194,0.4807460059888351,0.3323388304899401,2.50224432736748,0.6049965922763335,0.6198416088956307
balance,P2_Full,,main,clean,0.0,9,0.2,125,0.7424,0.44190973301201314,0.4975755972651127,-0.02704818589961997,1.0,0.0927397134650833,0.2850109115242958,0.5625,0.34703950000402983,0.11260439999750815,1.5974150999973062,,E,0.39677520344812195,0.8347042113255881,2.01100949528429,211.08440823440088,0.9198281859886375,0.5149796939516746,0.49631591976881795,0.33402007844469933,2.4984580003815258,0.6131578838468662,0.60550443365341
balance,P2_Full,,main,clean,0.0,10,0.05,31,0.5952,0.22994383544120947,0.2689513629654256,-0.034102266932345394,1.0,0.08256572652072489,0.2529873942074023,0.631578947368421,0.1316824000023189,0.021080300000903662,0.17944449999777135,,E,0.35896752332296344,0.8511416114948348,2.1265726600294004,220.0470917969766,0.92127694603461,0.47115473467147934,0.46937460156482597,0.33359988911279576,2.499400728713884,0.5814058972979529,0.6586650604417941
balance,P2_Full,,main,clean,0.0,10,0.1,62,0.7008,0.36075907298247023,0.42075446366325353,-0.028796329676502783,1.0,0.08414812311475825,0.2743688283428069,0.5483870967741935,0.2594126999974833,0.04005209999741055,0.5472774999943795,,E,0.3695799567986656,0.8375402400123246,2.0815690542284075,219.53049433840738,0.9169966715000638,0.48908376753583166,0.4795306233633527,0.3336115511494938,2.499374531962693,0.5862418961137106,0.649560227306683
balance,P2_Full,,main,clean,0.0,10,0.15,93,0.6896,0.40213986512296535,0.42316702161123926,-0.02848176744749247,1.0,0.08878728781044105,0.2704070960321734,0.5483870967741935,0.2510471000059624,0.2053269999960321,1.0404134999989765,,E,0.37373064867543704,0.8396765325931992,2.051916138822245,210.41035520427104,0.919536144868707,0.49811555081249653,0.48643716193542147,0.33484194357881963,2.496620920091367,0.6011396953889134,0.6254787343106073
balance,P2_Full,,main,clean,0.0,10,0.2,125,0.7248,0.4513963590024097,0.4774849710844147,-0.025416927859122952,1.0,0.0942121706419308,0.28238046914339066,0.5625,0.13361450000229524,0.03004720000171801,1.255518400001165,,E,0.3856747655219535,0.8310227125189499,2.0283843429425406,205.17897525767927,0.9172027878210202,0.5100098160336188,0.49204841764567636,0.3324483525197174,2.5019965074429797,0.6180273464987462,0.5983775300075157
balance,P2_Full,,main,clean,0.0,11,0.05,31,0.6656,0.32125379504196727,0.3676835834088051,-0.031570959054726976,1.0,0.08192814325535237,0.2504883816367702,0.631578947368421,0.14431019999756245,0.02227310000307625,0.21025060000101803,,E,0.3655850088645305,0.8393045369493761,2.10121384669423,224.1036104339572,0.9167643011780959,0.48202832088867154,0.4750590391072712,0.3326776061158558,2.5014782943127734,0.5792783354358838,0.6609628776861244
balance,P2_Full,,main,clean,0.0,11,0.1,62,0.6784,0.37781343113641375,0.40360146350057907,-0.024679645120356416,1.0,0.08459685972188837,0.2874075049354184,0.5483870967741935,0.35406569999759085,0.060534699994605035,0.788003599998774,,E,0.3671493016560044,0.8335796469295401,2.0755551849485085,218.08668518366662,0.9153522509385669,0.4913617986040771,0.4809249374908582,0.3333901124794885,2.499872268678577,0.5872381137818998,0.647941418651929
balance,P2_Full,,main,clean,0.0,11,0.15,93,0.6992,0.4054535058798699,0.4281616278503083,-0.03294085279860058,1.0,0.0900510546525928,0.2821808745784144,0.6129032258064516,0.16089759999886155,0.09049470000172732,1.0936079999955837,,E,0.3778388778883667,0.8429614219050665,2.0782926210262,212.72328825115045,0.920051875354542,0.4909013720365742,0.4802410015597332,0.33220608964431775,2.5025449044828374,0.6049695439600777,0.6200931064939769
balance,P2_Full,,main,clean,0.0,11,0.2,125,0.7216,0.44061206947260323,0.46580868337742654,-0.026778235011300264,1.0,0.09281902950955338,0.287047291174531,0.59375,0.14510229999723379,0.05121450000297045,1.3538530000005267,,E,0.3947043934908043,0.83878517994659,2.0203832284301297,209.98273733710786,0.9214006320376129,0.5124556915031301,0.49400448404530145,0.33209436019427097,2.502798089837338,0.613661831928683,0.6049063543948926
balance,P2_Full,,main,clean,0.0,12,0.05,31,0.6576,0.3521393041312018,0.37186806185763394,-0.03181058287341686,1.0,0.08269936146005073,0.2864846210730703,0.5789473684210527,0.4426638999939314,0.06801550000091083,0.5624145999972825,,E,0.3640187821425751,0.8452272689802492,2.117241341732916,223.14351345339853,0.9188944109940874,0.47596977535039686,0.47145047783503335,0.33225111686871595,2.5024429183447525,0.5812592848799987,0.6585695802601591
balance,P2_Full,,main,clean,0.0,12,0.1,62,0.6864,0.4062721032105104,0.42680672216870513,-0.024709121302494464,1.0,0.0842744325453133,0.2791122169263901,0.5161290322580645,0.12550159999955213,0.021309100004145876,0.7463749999951688,,E,0.3716858531407591,0.8453810215855815,2.0883126011439814,220.7813967656109,0.9205930064175595,0.48643436661695305,0.47797668494840734,0.3323283424463863,2.5022680676576115,0.5863576182916237,0.6494101847524614
balance,P2_Full,,main,clean,0.0,12,0.15,93,0.712,0.4338499764543557,0.45127421531921735,-0.030373673343801096,1.0,0.08969703122384272,0.2855983424571253,0.5483870967741935,0.11945430000196211,0.04003209999791579,0.9316447999954107,,E,0.37862812642613547,0.8460127915119344,2.0773194237071992,213.16763517791426,0.9215719497747593,0.49068464195635386,0.4804668218730013,0.3325284602694007,2.5018153477674074,0.6037965075399908,0.6217176924974761
balance,P2_Full,,main,clean,0.0,12,0.2,125,0.704,0.3917480766964084,0.43860773944585657,-0.02778848491817088,1.0,0.09407930320117147,0.25014003831893206,0.625,0.15473259999998845,0.04271329999755835,1.1958654999980354,,E,0.38555323969633354,0.8482251908352012,2.0400554143040672,205.11432351844945,0.9245353924606974,0.5027856865406282,0.48922265537764725,0.33338289225889584,2.4998885089936076,0.6176600903987851,0.5995969537424123
balance,P2_Full,,main,clean,0.0,13,0.05,31,0.6048,0.23649594432831264,0.2695836589205435,-0.020703723128156392,1.0,0.08196490621757081,0.3083866944438533,0.47368421052631576,0.1591102000020328,0.0576329999967129,0.27852079999865964,,E,0.36431654986571593,0.8418079013439358,2.1079537800288546,223.32604506768388,0.917670270033713,0.47955851988988785,0.47353486943761414,0.3325230037637676,2.501827684612178,0.5797725867501126,0.6605166234894858
balance,P2_Full,,main,clean,0.0,13,0.1,62,0.64,0.3017956620626123,0.33764631339488127,-0.03142227879970773,1.0,0.08496698065625612,0.2752138203190219,0.5483870967741935,0.14725119999638991,0.04835989999992307,0.528867100001662,,E,0.37221570620802413,0.8426981899358572,2.096921643750746,221.09612948756634,0.9188204034352123,0.48392458718888737,0.47600739847721574,0.3323283424463863,2.5022680676576115,0.5883723031531705,0.6468351792572841
balance,P2_Full,,main,clean,0.0,13,0.15,93,0.7008,0.37824417377731373,0.4310004432281197,-0.025038584373949572,1.0,0.08988254506730167,0.28063455608583265,0.5806451612903226,0.1373576999976649,0.04253700000117533,0.7453366999980062,,E,0.3714275989389342,0.8378928176439671,2.0626224642269446,209.11373820261994,0.9182745924069157,0.49585572702391173,0.48390300697669797,0.33273073203415865,2.5013583084785047,0.6042820396698592,0.6206502341665767
balance,P2_Full,,main,clean,0.0,13,0.2,125,0.7152,0.4129677178240399,0.4512659443613908,-0.023599209934852435,1.0,0.09305284208897369,0.2920723268762231,0.5625,0.2463620999988052,0.09882919999654405,1.1471535000018775,,E,0.38854119867491116,0.8348887846390338,2.017675261559581,206.70391769505272,0.9195177025080442,0.5125570524327776,0.4946700259942791,0.33385016212848506,2.4988389354257237,0.6142962566376285,0.6041283523977462
balance,P2_Full,,main,clean,0.0,14,0.05,31,0.6176,0.32641797564061675,0.32477788562736853,-0.03951450030761368,1.0,0.08254407889929802,0.27321661773480865,0.5789473684210527,0.13520540000172332,0.04615690000355244,0.2110160000011092,,E,0.3639400142870959,0.8387752732424575,2.1155888289185456,223.09522875798976,0.9157581283196095,0.47748789298878797,0.47182001000953444,0.33329068440861936,2.5000959723599605,0.5809271765660207,0.6588115514233265
balance,P2_Full,,main,clean,0.0,14,0.1,62,0.6512,0.33122171917088,0.35949528320991175,-0.03057890267994379,1.0,0.08549486646687776,0.2738094204856503,0.5483870967741935,0.1667477999944822,0.06057399999554036,0.5510777000017697,,E,0.3644494520148231,0.8539233593405324,2.113230306360778,216.48297449680493,0.9234255040247161,0.4757923263460479,0.4723208405101304,0.33347528119872133,2.4996807532520604,0.5900822444465764,0.6444152960144662
balance,P2_Full,,main,clean,0.0,14,0.15,93,0.6816,0.3633622298938157,0.4052030298237763,-0.028759947679228955,1.0,0.08862618108761537,0.2725295337938493,0.5806451612903226,0.1560860000026878,0.10527050000382587,0.8623336000018753,,E,0.38178433733498013,0.847327578819048,2.0620516086148712,214.94458191959382,0.9229847580268504,0.4955523638295567,0.484037462634059,0.33265488012237443,2.5015296330780776,0.6006044820495932,0.6262232208025622
balance,P2_Full,,main,clean,0.0,14,0.2,125,0.7184,0.43252607949287314,0.45604330650232017,-0.027567378426071994,1.0,0.09251253934516185,0.2815581811591983,0.59375,0.11552750000555534,0.03390129999752389,1.0692656000028364,,E,0.4000374253020051,0.8307210086114716,2.0053638336895943,212.81991026066672,0.918491559898738,0.5184964216015194,0.4977184901208341,0.3325049912917888,2.5018684126477164,0.6126318987053979,0.6059717844768862
balance,P2_Full,,main,clean,0.0,15,0.05,31,0.656,0.37285652413920645,0.3781304275133892,-0.031524322852980256,1.0,0.08208587465111906,0.2305307702014321,0.631578947368421,0.17071459999715444,0.03244300000369549,0.28776099999959115,,E,0.36362802624420765,0.8403043173762715,2.1026611122437022,222.9039800876993,0.917165678279964,0.4812989283172515,0.4747309304119434,0.3324217125675719,2.502056771710368,0.5798854810018801,0.6602704382631911
balance,P2_Full,,main,clean,0.0,15,0.1,62,0.6576,0.3425464074295173,0.36439978080451074,-0.02367858343009785,1.0,0.08376537431269282,0.27875773945162374,0.6774193548387096,0.2346105999968131,0.12761370000225725,0.6814520999978413,,E,0.37535948887604437,0.8476486792093907,2.0860123836046918,222.96353639237034,0.9218759080867546,0.48721093123558307,0.4785056028556454,0.3323283424463863,2.5022680676576115,0.5846602966007777,0.6519997768194554
balance,P2_Full,,main,clean,0.0,15,0.15,93,0.7008,0.36642079980828396,0.41051178525523946,-0.025936530581773677,1.0,0.08812859819357875,0.2789950265038398,0.6129032258064516,0.129799100002856,0.021666900000127498,0.896270999997796,,E,0.38486824153952126,0.8468488635730694,2.0582608354977463,216.68081998675046,0.9230667620135787,0.497664596023898,0.484932208973866,0.33221241063696644,2.5025305858401357,0.5991971012349362,0.6277969016354309
balance,P2_Full,,main,clean,0.0,15,0.2,125,0.7264,0.4133609797160196,0.4684091915199002,-0.025391776243365985,1.0,0.09230242262768105,0.2714824266731739,0.5625,0.1392474999956903,0.03724960000545252,1.129630299998098,,E,0.39910496746698493,0.844975878561482,2.017708913947669,212.323842692436,0.9243276431758181,0.5118672105863645,0.49466174422327136,0.33336873256587796,2.4999203601843396,0.6123582930907958,0.6063789715795547
balance,P2_Full,,main,clean,0.0,16,0.05,31,0.6752,0.3549697724189592,0.3932774155725804,-0.03125917314022268,1.0,0.0826758746882183,0.2614677203328986,0.5789473684210527,0.33176710000407184,0.06185169999662321,0.43110100000194507,,E,0.36338836334417285,0.8406472867020911,2.1086806499591497,222.75706672997796,0.91700395318295,0.4791676583385852,0.4733710769954007,0.3323790636428579,2.502153271207917,0.5813788014632684,0.6580922762980906
balance,P2_Full,,main,clean,0.0,16,0.1,62,0.6608,0.38163673373593465,0.3788537728484397,-0.03309670066347365,1.0,0.08570903817730281,0.2667000534072999,0.6129032258064516,0.188127399997029,0.021982100006425753,0.6990184000023874,,E,0.36239896016064516,0.8351347962555805,2.086693725735263,215.2649823354232,0.9153800506743407,0.4867325099307159,0.47834881175696636,0.3333901124794885,2.499872268678577,0.5905737343655485,0.6435470545220564
balance,P2_Full,,main,clean,0.0,16,0.15,93,0.6912,0.4061426239920618,0.42315653129239517,-0.026610448375534498,1.0,0.08996617829527886,0.27636453124784655,0.5483870967741935,0.1126215999975102,0.04201019999891287,0.8884490999989794,,E,0.37535832391209256,0.8502615246878975,2.082741581689536,211.32673636250811,0.9232585300364412,0.4874966517215747,0.47921135407786286,0.3331352755636745,2.5004458949205928,0.6046959957121425,0.620828557563436
balance,P2_Full,,main,clean,0.0,16,0.2,125,0.7088,0.41453888687604423,0.4435714254784928,-0.0299296790317207,1.0,0.0931127270732458,0.2632826520130038,0.65625,0.09921529999701306,0.04366139999910956,1.0585796000013943,,E,0.39804446981146924,0.83842527668651,2.019422204185228,211.75965793970164,0.9211877195692342,0.5122239493002076,0.4942404724006699,0.3328448239242173,2.501100759364431,0.6143504229753886,0.6037202306889828
balance,P2_Full,,main,clean,0.0,17,0.05,31,0.6512,0.3341079965952852,0.3653506737573753,-0.03208267801398137,1.0,0.08282090536693731,0.26085178946193893,0.6842105263157895,0.19241930000134744,0.051287299997056834,0.30000830000062706,,E,0.3546341625045399,0.8531875927019303,2.1251558923263314,217.39074161528296,0.9221021266728185,0.469405380915611,0.4696886066495609,0.33527919052340893,2.4956472309233435,0.5821803181332184,0.6576164665964103
balance,P2_Full,,main,clean,0.0,17,0.1,62,0.64,0.34551375972409043,0.3543333183873055,-0.018352578674880233,1.0,0.0842801673039244,0.25642100457222233,0.6451612903225806,0.13897990000259597,0.026639300005626865,0.4941689999977825,,E,0.3748808722347473,0.8455236276340556,2.086336298030278,222.6792381074399,0.9207142069229612,0.4867448538394211,0.4784310505901763,0.3325895265187002,2.5016773081125376,0.5863542999563053,0.6493787771573556
balance,P2_Full,,main,clean,0.0,17,0.15,93,0.696,0.38686723094853626,0.4202900565341743,-0.028467438736481485,1.0,0.08802419472407084,0.2787007631794099,0.5806451612903226,0.16702670000086073,0.047490999997535255,0.7581009999994421,,E,0.38200064644691084,0.8355263786687379,2.0438151123758255,215.0663639496108,0.9184148202266961,0.5039619173400134,0.4883722953666288,0.33230090453404804,2.5023301820395276,0.5987974435290359,0.6285526635128205
balance,P2_Full,,main,clean,0.0,17,0.2,125,0.7088,0.3971407504080179,0.42935271889800297,-0.0234382372919704,1.0,0.09140322827343901,0.2932860031723976,0.53125,0.23735999999917112,0.12895379999827128,1.1656804000012926,,E,0.4041972978480942,0.8250658267569118,1.9872200067541828,215.03296245518612,0.9169710589320726,0.5253703748749511,0.5022799816930308,0.33318465655664586,2.500334672021419,0.6093232726217218,0.6106586064109489
balance,P2_Full,,main,clean,0.0,18,0.05,31,0.6112,0.25676547687590623,0.28396970007344396,-0.02849688127456032,1.0,0.08226728779257773,0.2660408553324248,0.5263157894736842,0.17244770000252174,0.04454190000251401,0.24465649999910966,,E,0.36569918932899237,0.8386285681397133,2.1032345928283687,224.1736030586723,0.9163233443599913,0.48146549438530845,0.47460104189059527,0.3324217125675719,2.502056771710368,0.5801728144432613,0.6598036193256608
balance,P2_Full,,main,clean,0.0,18,0.1,62,0.6384,0.34109187403570695,0.35064522097604356,-0.02945060446224235,1.0,0.08597664170860934,0.2571895574369738,0.6129032258064516,0.14496390000567771,0.03316610000183573,0.46447020000050543,,E,0.3647427109595908,0.8422392322186295,2.101791353852233,216.65717030999696,0.9180753451413606,0.48070324447093815,0.47490061400855926,0.33396358185565606,2.498584616953994,0.5913053987124668,0.6421614100904428
balance,P2_Full,,main,clean,0.0,18,0.15,93,0.6608,0.33947036892449084,0.36914642879719056,-0.02779215750212507,1.0,0.08961515703333232,0.26769340903528277,0.6129032258064516,0.31173259999923175,0.038371700000425335,0.8772683999995934,,E,0.378004391006397,0.8434238019847834,2.072125826436736,212.8164721366015,0.9205175367639231,0.4923719936771457,0.4816755286122135,0.33294564578421393,2.500873312702903,0.6034180096599475,0.6225754803487019
balance,P2_Full,,main,clean,0.0,18,0.2,125,0.7072,0.4052309430458309,0.438916003214515,-0.027373735883565883,1.0,0.09313986765099597,0.2854370456188917,0.625,0.08459690000017872,0.03924879999976838,1.0272729999996955,,E,0.39353479656970586,0.8362236012923107,2.0180135368622114,209.36051177508352,0.9202660964090299,0.5131538840753214,0.49458678983011195,0.3325333106778245,2.501804381613405,0.6145936951983729,0.6031097015309906
balance,P2_Full,,main,clean,0.0,19,0.05,31,0.6288,0.28838819469137045,0.31401870478501,-0.02933083691279872,1.0,0.08251591039354994,0.2614203095436096,0.5789473684210527,0.2192916999993031,0.048785599996335804,0.34835309999471065,,E,0.36179093258216827,0.8525292266037184,2.1207468922055046,221.77784167286916,0.9223346359703575,0.4733508054444036,0.4706684790613372,0.3327362483873375,2.5013458518922036,0.5806728934147574,0.6593385277608491
balance,P2_Full,,main,clean,0.0,19,0.1,62,0.6336,0.3267904455740346,0.34264046806821213,-0.03246331174765605,1.0,0.08477054628695102,0.26392194628715515,0.6451612903225806,0.2536363000035635,0.09922459999506827,0.7463157999955001,,E,0.37091227038186775,0.8306486999788671,2.0808220109263047,220.32188860682945,0.9137499500742308,0.49070334910327607,0.4797033867750861,0.3333901124794885,2.499872268678577,0.5876489444937347,0.6468056163532192
balance,P2_Full,,main,clean,0.0,19,0.15,93,0.6896,0.35691838180407076,0.40624590464510196,-0.02476977604407712,1.0,0.08842358576922024,0.28189948874135173,0.5806451612903226,0.132869799999753,0.026344999998400453,0.9534344999992754,,E,0.37989855408493073,0.8237237116754494,2.0444889920626226,213.882885949816,0.9127637756549837,0.5051165124125964,0.488210737517748,0.3335398190931904,2.499535694657646,0.5998702329398915,0.626747585247997
balance,P2_Full,,main,clean,0.0,19,0.2,125,0.7088,0.3874450379732618,0.433559832749819,-0.02481382278910261,1.0,0.09294606634981538,0.29798228200525045,0.53125,0.08472289999917848,0.026710300000559073,1.0914553999973577,,E,0.39834573456113087,0.8450571375871394,2.0252322197236974,211.91993078652163,0.9239592645859389,0.5092336992494496,0.4928171855078563,0.33302182008694053,2.5007015604404947,0.6139254660416633,0.6045031738578174
balance,P2_Full,,main,clean,0.0,20,0.05,31,0.6736,0.37272259448166467,0.4013369391692058,-0.03258172903419498,1.0,0.0830003657052043,0.2700420257292296,0.5789473684210527,0.3664366000011796,0.06089310000243131,0.4730864999946789,,E,0.36246310133632764,0.8388353570180169,2.110435992681214,222.18988111916883,0.9160057261261173,0.4788293988075745,0.47297599432774656,0.3323790636428579,2.502153271207917,0.5822012619958592,0.6568453496306883
balance,P2_Full,,main,clean,0.0,20,0.1,62,0.6864,0.3982212305343683,0.42192086777049753,-0.027549658903869262,1.0,0.085369760318133,0.2683542726501342,0.6129032258064516,0.11657009999908041,0.05025219999515684,0.6775822999989032,,E,0.36702800669370805,0.846552087438238,2.101636005259907,218.01463597606258,0.9203855682088758,0.48116314870637455,0.47493584233179914,0.3327257964694727,2.5013694539249145,0.5896202973697174,0.6449838713307757
balance,P2_Full,,main,clean,0.0,20,0.15,93,0.6928,0.41048059743916315,0.4215563574567491,-0.030177871609245614,1.0,0.0898123741003162,0.25908595131289575,0.5806451612903226,0.09501409999938915,0.02964570000040112,0.828469000000041,,E,0.3774438570679542,0.8375251426596144,2.068425862907721,212.5008915292582,0.9178237004003976,0.4942214386596286,0.4825403241486453,0.33316055953426926,2.5003889426451895,0.6042337648658375,0.6214460047052324
balance,P2_Full,,main,clean,0.0,20,0.2,125,0.736,0.43562863964672216,0.48268517941523215,-0.023731047963277317,1.0,0.09302468633778092,0.27530939504504204,0.625,0.10950340000272263,0.021331100004317705,1.0187924999991083,,E,0.3928894107758406,0.8442418450217544,2.026500537545642,209.0171665327472,0.9235664214339595,0.509280406045412,0.4925075693229505,0.3326607479149852,2.5015163768701982,0.6143312788066373,0.6039000710702346
balance,P2_Full,,main,clean,0.0,21,0.05,31,0.6688,0.3808273082456584,0.38846862234302354,-0.026774338366288702,1.0,0.08159767443321338,0.26713345866454274,0.5789473684210527,0.12763319999794476,0.041528500005370006,0.19800560000294354,,E,0.3679238145453735,0.8415739266515608,2.1017723663757892,225.53729831631395,0.9179111470108633,0.48184758194068117,0.47493236390620647,0.33258697715083857,2.501683069919533,0.5780780547988225,0.6629245788399477
balance,P2_Full,,main,clean,0.0,21,0.1,62,0.6768,0.3675323677036954,0.39413404217922693,-0.02449448634499205,1.0,0.0839633653917667,0.2667212342062304,0.5806451612903226,0.16165579999506008,0.047677299997303635,0.46501980000175536,,E,0.37302587502277545,0.8436467130871792,2.0896153934877306,221.57736976352862,0.9197304551825893,0.48661427973581867,0.47767763407078423,0.3327371522987037,2.5013438107914405,0.5854964016179083,0.650557123438061
balance,P2_Full,,main,clean,0.0,21,0.15,93,0.7184,0.4401591734986563,0.46598331883531663,-0.024738454553884705,1.0,0.08784484308434738,0.27255892561328027,0.6129032258064516,0.15512450000096578,0.03260500000033062,0.6993585000018356,,E,0.38872553533386583,0.8471804369039393,2.0549229638118582,218.85247639296645,0.9233977586186641,0.49874060735807385,0.4857227888603051,0.3321871266663717,2.502587863680475,0.5983046870022426,0.6296775765774423
balance,P2_Full,,main,clean,0.0,21,0.2,125,0.704,0.39219036203042495,0.4351824873382216,-0.025418494417322045,1.0,0.09112493885909233,0.2972647128626704,0.5625,0.24117719999776455,0.09534569999959785,1.0857682999994722,,E,0.3959402498624694,0.8491202553009611,2.0091589655048927,210.64021292683373,0.9267239103908058,0.5143411081761927,0.4967747845951051,0.3337085651983065,2.4991566776280894,0.608735737577217,0.6118990573732759
balance,P2_Full,,main,clean,0.0,22,0.05,31,0.656,0.36103339937972573,0.37256842830091236,-0.02010617475627437,1.0,0.08259894940637644,0.27695838558046443,0.5263157894736842,0.1306003999998211,0.035388600001169834,0.19176539999898523,,E,0.36220777324185666,0.8461338670825932,2.1221114595833144,222.03336499725813,0.9191652746566289,0.4746425102737714,0.4703647775122796,0.3322777724466622,2.5023825567963036,0.5813352140664825,0.6581900709833819
balance,P2_Full,,main,clean,0.0,22,0.1,62,0.6896,0.40594119895041275,0.41972940382544127,-0.02940436677642141,1.0,0.086090419132287,0.27109474616665996,0.6129032258064516,0.11155760000110604,0.038756399997510016,0.38061829999787733,,E,0.3662700531862508,0.8483027367582786,2.1127226119175573,217.56441159263295,0.9206709803507171,0.47705701504399384,0.47243474605104696,0.3328393547617831,2.5011131013306036,0.5916433608246137,0.6419334541453446
balance,P2_Full,,main,clean,0.0,22,0.15,93,0.6896,0.4072547059244119,0.4164898546574478,-0.03149160519498837,1.0,0.08836035436747194,0.26839000371194655,0.6774193548387096,0.1543768000046839,0.05245999999897322,0.6170895999966888,,E,0.38543437675167913,0.8404959870707537,2.0559058968817374,216.99955411119535,0.9201350009248324,0.49929160020196756,0.48548971302550203,0.33245892935026516,2.5019725834664235,0.5997511597494064,0.6273027834727618
balance,P2_Full,,main,clean,0.0,22,0.2,125,0.6928,0.38159038548935126,0.4101295464171624,-0.030075929187331766,1.0,0.09224824464166101,0.27737360913306475,0.625,0.30949080000573304,0.03638679999858141,1.0026158999971813,,E,0.39482780028587566,0.8449809166173076,2.0171953027791707,210.04838975208585,0.9244320865625015,0.5125250918240464,0.494788172759359,0.33271738668705664,2.501388445579317,0.6119172772034813,0.6074320200618765
balance,P2_Full,,main,clean,0.0,23,0.05,31,0.6656,0.3786640437019928,0.3870692674090404,-0.026678448412791222,1.0,0.08234611233409839,0.2971431393372385,0.5263157894736842,0.19709879999572877,0.050461500002711546,0.2967480000006617,,E,0.36313309670443356,0.8350295452085991,2.1073031771212767,222.60058827981777,0.9143159767636627,0.4806098865116088,0.4736815717455204,0.3334399556451183,2.4997601765100885,0.5802988107947009,0.6597084102592283
balance,P2_Full,,main,clean,0.0,23,0.1,62,0.696,0.3887666563024517,0.4297913275218438,-0.031675996396531764,1.0,0.08534290451898739,0.26683618945460164,0.5483870967741935,0.31880459999956656,0.04258079999999609,0.7247629999983474,,E,0.3664546907808379,0.8339911835068065,2.085308503234207,217.67408632381773,0.9150557920584612,0.4883150802715256,0.4786676880735248,0.3327257964694727,2.5013694539249145,0.5895067199263538,0.6445870493549573
balance,P2_Full,,main,clean,0.0,23,0.15,93,0.6944,0.385132005128636,0.4159809728037029,-0.02750058547207894,1.0,0.08847505732761408,0.2697595953941345,0.6129032258064516,0.1176058000055491,0.0369933999973,0.9061107000015909,,E,0.38190949075485475,0.8445615759835404,2.05764366827676,215.01504329498323,0.921813520140916,0.4969938716645457,0.48507819266906316,0.33343868321081144,2.4997630376675324,0.6001083668167388,0.6269516614239641
balance,P2_Full,,main,clean,0.0,23,0.2,125,0.7264,0.4546308405644708,0.48190730296693013,-0.02771502850161502,1.0,0.09324656599201339,0.2764084367081523,0.59375,0.10515899999882095,0.036738599999807775,1.0950863000034587,,E,0.3955240088310291,0.8373855072564703,2.0236264263021444,210.4187726981075,0.9205504841035681,0.511424138426966,0.4932097415039948,0.3322005578919049,2.5025574357444267,0.6149081913801365,0.6028816200376206
balance,P2_Full,,main,clean,0.0,24,0.05,31,0.656,0.3143876545294335,0.3567423451216467,-0.030555360942487803,1.0,0.08214129584238343,0.2873821274230355,0.631578947368421,0.17841049999697134,0.043348600003810134,0.26425210000161314,,E,0.3669685275064784,0.829410315804966,2.097379760602304,224.95170736147125,0.9121794019726782,0.48519397030527855,0.4759304512070597,0.33289085073942576,2.5009969091811732,0.5794033780747254,0.6606289628366603
balance,P2_Full,,main,clean,0.0,24,0.1,62,0.6768,0.33699918689787045,0.3846679705151033,-0.025888703418251734,1.0,0.08384912464637696,0.2796763325891187,0.5161290322580645,0.33852659999683965,0.03593710000131978,0.677029999998922,,E,0.3690938931325213,0.8336674356555089,2.0659689781069113,219.24177252071763,0.9159278903995287,0.49455411854079445,0.48316427970038983,0.3336115511494938,2.499374531962693,0.5850020764905068,0.6509980315982972
balance,P2_Full,,main,clean,0.0,24,0.15,93,0.7072,0.4299680977127816,0.45508137709876884,-0.03155757741907196,1.0,0.0890622152923622,0.25762470114615654,0.6129032258064516,0.13888529999530874,0.028965799996512942,0.8731035999953747,,E,0.37655295038155573,0.8475039692187646,2.0653799221412705,211.99931106481588,0.9226447964042372,0.4927395605021787,0.48325457969668945,0.3344500420346011,2.4974957948252725,0.6019044571307892,0.6248641003807284
balance,P2_Full,,main,clean,0.0,24,0.2,125,0.728,0.43450539403593996,0.4807424966616905,-0.03066912649010193,1.0,0.09682390179893721,0.2754183765500784,0.625,0.08215690000361064,0.03927520000434015,1.0262763999999152,,E,0.373471617291204,0.8435318245208105,2.0705973378335383,198.68690039892053,0.9206068615239994,0.49259241866369163,0.48197869808951405,0.3327103068405477,2.5014044346086735,0.6257872314011952,0.5877116117841168
balance,P2_Full,,main,clean,0.0,26,0.05,31,0.6608,0.3371172464264481,0.3664720889453819,-0.03108708662166772,1.0,0.08324174085423428,0.2648350533686186,0.5789473684210527,0.1326109000001452,0.0458370999986073,0.23395110000274144,,E,0.358724920647634,0.8504105598074918,2.1299538858796336,219.89837635699965,0.9207753086493083,0.47038580230839483,0.46862689222442566,0.33275757284969454,2.5012977025857923,0.5833601359254744,0.6558815996318255
balance,P2_Full,,main,clean,0.0,26,0.1,62,0.6688,0.3408940096309351,0.3753937751448789,-0.03512641570026385,1.0,0.0852940416262118,0.2659219051561048,0.5806451612903226,0.10737430000153836,0.04712380000273697,0.434431499998027,,E,0.36870695687740207,0.8466915236010326,2.105129263534002,219.01193238517683,0.9203500832822847,0.48045979851475606,0.4741449339476312,0.33241351116561907,2.502075326671791,0.589512325595804,0.6451899529780404
balance,P2_Full,,main,clean,0.0,26,0.15,93,0.7056,0.4174768955645863,0.4379246032508835,-0.0377711600466999,1.0,0.08839461236118568,0.2783193963189279,0.6129032258064516,0.1014625999960117,0.042983599996659905,0.6362006999988807,,E,0.3838864773224628,0.8391591780208714,2.0500385167647046,216.12808673254654,0.9197548622345377,0.5010897309647223,0.48688431748975664,0.3322250526222638,2.502501950189311,0.5999173139621844,0.6272303574821472
balance,P2_Full,,main,clean,0.0,26,0.2,125,0.7088,0.3860938478251502,0.43382022043878704,-0.028095453603982037,1.0,0.09537733793392518,0.2553918706253171,0.65625,0.12696080000023358,0.05206130000442499,0.8659498999986681,,E,0.38650861173306117,0.8493899704516831,2.0547443926993165,205.62258144198853,0.9242205031609334,0.49684959848735794,0.4857118323767711,0.3335528085751101,2.499506505635387,0.6214890913006252,0.5943262965967373
balance,P2_Full,,main,clean,0.0,25,0.05,31,0.688,0.39003044541877335,0.4191556762712675,-0.03531391984524538,1.0,0.08265376319145396,0.28492644742915507,0.631578947368421,0.17449760000454262,0.04962379999778932,0.2857053999978234,,E,0.3629337702089791,0.8488586237587226,2.1217971157799607,222.4784011381042,0.920485019470881,0.473903291695692,0.4704347040314972,0.33230975914019767,2.5023101357204736,0.5814625207649107,0.6584054909617953
balance,P2_Full,,main,clean,0.0,25,0.1,62,0.672,0.36693443739389925,0.39586731644164963,-0.02854105834501491,1.0,0.08512001020553117,0.2542924198412126,0.5806451612903226,0.16286820000095759,0.028094999994209502,0.5226094999961788,,E,0.3667363189404204,0.8378540513234584,2.0867119586091203,217.84137345060972,0.9167978977067491,0.48686906473853764,0.47834461739734485,0.33328223210179364,2.500114995400184,0.5887765935134559,0.6460511512833599
balance,P2_Full,,main,clean,0.0,25,0.15,93,0.696,0.40070171597024346,0.4225101245299728,-0.026589261317849736,1.0,0.0887915107670937,0.2812606990337372,0.5483870967741935,0.16610470000159694,0.05108990000007907,0.7989809999999125,,E,0.3835761691259611,0.8431432243724718,2.061980256273022,215.9533832179161,0.9210304344347066,0.49654986053765143,0.4840542737397223,0.3322756205634533,2.502387429375844,0.6010881059718788,0.6257022855881336
balance,P2_Full,,main,clean,0.0,25,0.2,125,0.712,0.417490226965512,0.4444082361906739,-0.0238841040751185,1.0,0.09457417470752252,0.2792676165699959,0.5625,0.16591919999336824,0.03759330000320915,1.0589549999931478,,E,0.3846431585167515,0.8417468371652821,2.0412892803524323,204.6301603309118,0.9215022755248654,0.5039737401196913,0.48892580431627725,0.33217931835237813,2.5026055542530745,0.6191111211315208,0.5975271514157242
balance,P2_Full,,main,clean,0.0,28,0.05,31,0.648,0.32750099712825215,0.34329160865726543,-0.036079171975379375,1.0,0.08246027984142151,0.2732444750635247,0.5789473684210527,0.18326749999687308,0.02140569999755826,0.23896550000063144,,E,0.36339363616623915,0.8368628568114753,2.1084662888208285,222.7602989699046,0.9151438125817425,0.47984753343267755,0.47341936926677863,0.33297081747326446,2.5008165487207403,0.5811131583262679,0.6584572826074813
balance,P2_Full,,main,clean,0.0,28,0.1,62,0.6352,0.3326972539624393,0.3442617443888567,-0.03082362558108613,1.0,0.08512731268970625,0.28200907380350176,0.5806451612903226,0.1283231000052183,0.031197000003885478,0.43228069999895524,,E,0.3680715562424762,0.8483039847251014,2.099639355544631,218.6345044080309,0.9213432569316011,0.48148444818501235,0.47538908566780985,0.33294155722486246,2.500882533510693,0.5888792616467088,0.6456287308344916
balance,P2_Full,,main,clean,0.0,28,0.15,93,0.6896,0.39907274355414,0.4246414282175944,-0.025730405679450383,1.0,0.08859335895564652,0.26392673196331146,0.6129032258064516,0.16058370000246214,0.04605249999440275,0.7155305999986012,,E,0.3812767310707319,0.847167127148075,2.0684627682163144,214.65879959282205,0.9226476518604881,0.49387624078455883,0.4825316829646437,0.33290771982832185,2.500958854690793,0.6004094645637817,0.6262789258822706
balance,P2_Full,,main,clean,0.0,28,0.2,125,0.7056,0.40095475023676985,0.43605034880611193,-0.023588075612160316,1.0,0.09216086257971813,0.2990393815562129,0.5625,0.306261199999426,0.021415400005935226,1.1051043000043137,,E,0.40155089543034295,0.8486282456119368,2.03209511872792,213.62507636894244,0.9255518461575389,0.5081767127333242,0.4911464570952783,0.3321509989663424,2.5026697218373655,0.6117627410578903,0.6074847837960584
balance,P2_Full,,main,clean,0.0,27,0.05,31,0.6672,0.37970300133494495,0.38690592448980604,-0.029999810711706664,1.0,0.08210177928366837,0.2681661154094495,0.5263157894736842,0.18021779999980936,0.04273229999671457,0.25791580000077374,,E,0.3623202639771242,0.8400893730950161,2.105377539233448,222.10232181797713,0.9169341713742551,0.48054841486487926,0.47411630880877875,0.3327788973120515,2.501249559450194,0.579742456211781,0.6600335686014156
balance,P2_Full,,main,clean,0.0,27,0.1,62,0.6688,0.37187554507797926,0.3849575971015395,-0.024157580836403847,1.0,0.08437202555178958,0.27733695603186087,0.6451612903225806,0.13204689999838592,0.02192490000015823,0.47268679999979213,,E,0.3735147758910448,0.8482757278200916,2.090758946210636,221.86777687928063,0.9218812763090443,0.4851270494260422,0.47741544316659723,0.3323283424463863,2.5022680676576115,0.5865362924026077,0.6490446554442567
balance,P2_Full,,main,clean,0.0,27,0.15,93,0.6784,0.3856991249114884,0.40105526042549405,-0.02434034621829159,1.0,0.0884616422558072,0.27787995819122563,0.5806451612903226,0.1696765000015148,0.07758340000145836,0.8247333000035724,,E,0.38074346658133584,0.8379437158742966,2.0521636183079757,214.35857168529208,0.9190505024175009,0.5004852911491635,0.48637828574613756,0.3326043121811849,2.501643892890401,0.6002327782571221,0.6265761962626173
balance,P2_Full,,main,clean,0.0,27,0.2,125,0.7072,0.40427131192609667,0.4340739379169577,-0.026775850165902736,1.0,0.09172270480288323,0.2868228368461132,0.59375,0.12967660000140313,0.1449064999978873,1.1271840000044904,,E,0.39870217386056384,0.8431297707635903,2.0088530895478236,212.10955649381995,0.9241194096761676,0.5162843154294282,0.49685071224808436,0.33219347804539595,2.5025734745636283,0.6102287625012226,0.6094475452882888
balance,P2_Full,,main,clean,0.0,29,0.05,31,0.6432,0.3227630514441379,0.3474672716030382,-0.02682719381097664,1.0,0.08211369643697392,0.28048400973018844,0.5263157894736842,0.23597569999401458,0.05298580000089714,0.40426640000077896,,E,0.3652227147256703,0.8356593012117182,2.099142655492025,223.8815241268359,0.9150859820062675,0.48330499614629113,0.4755293846548182,0.3324217125675719,2.502056771710368,0.5799180574434224,0.6600665995144592
balance,P2_Full,,main,clean,0.0,29,0.1,62,0.6752,0.3788962226900528,0.4027549461190747,-0.03180711114844621,1.0,0.08565669057238463,0.27038505288862413,0.5483870967741935,0.1493839000031585,0.10994170000049053,0.6966573000026983,,E,0.36833044469744286,0.8381160667358781,2.0954224365915115,218.78828415028107,0.9165649678133143,0.4845996727139245,0.47634917293810775,0.3323510541048484,2.502216660402501,0.5905789765218252,0.6430893421750943
balance,P2_Full,,main,clean,0.0,29,0.15,93,0.6992,0.40659685479782,0.4375388214767956,-0.027318515372550128,1.0,0.08839948738631878,0.283546430449332,0.6451612903225806,0.09991420000005746,0.023448299994925037,0.8481505000017933,,E,0.38549883242494887,0.8415960948820342,2.0596240519467153,217.0358426552462,0.9205007738502887,0.49812331905260165,0.4846100660976817,0.3321618426957769,2.5026451502407276,0.6000711840129929,0.6264920572776548
balance,P2_Full,,main,clean,0.0,29,0.2,125,0.7248,0.41150105674992865,0.4656929919183838,-0.02611413135811231,1.0,0.09343837137346343,0.2936103558167815,0.53125,0.10377769999468,0.03941389999818057,1.0444755999997142,,E,0.3933689602507384,0.8393559231085226,2.029280996206726,209.27228685339284,0.9211734511983806,0.5093093357256463,0.49183017018108316,0.33219347804539595,2.5025734745636283,0.6155600945689155,0.6025696589888954
aggregation,P2_Full,,main,clean,0.0,0,0.05,39,0.9619289340101523,0.9235168315390532,0.9147948060109417,-0.07519306541088311,1.0,0.11082033058704562,0.16057269523541132,1.0,0.47283640000387095,0.011551000003237277,0.5074478000024101,,D,0.0014247782791631278,0.9952142815086534,5.613229342782535,1.1013536097930978,0.9952598404265885,0.009519765531018956,0.17708599695840552,0.17670538712639672,2.0,0.9567658815496868,0.049785708354741165
aggregation,P2_Full,,main,clean,0.0,0,0.1,78,0.9428934010152284,0.9088989581314925,0.8815866451202213,-0.0787796620354102,1.0,0.11055431467055649,0.1197815797267816,0.9743589743589743,0.2261919000011403,0.015018899997812696,0.7633682000014232,,D,0.0016539374082142973,0.9935789541359118,6.932611148942255,1.2387991187525087,0.9936548490127834,0.011819706396450405,0.1431017376221804,0.1424216245546647,2.0,0.9548721488868478,0.05261569143736489
aggregation,P2_Full,,main,clean,0.0,0,0.15,118,1.0,1.0,1.0,-0.08508358041860974,1.0,0.11045836162561357,0.09268961101770401,0.975,0.26455949999945005,0.016110000004118774,1.081839200000104,,D,0.001764373295301416,0.9969143705193266,6.946844450158505,1.2527050396640054,0.9969519632942676,0.012183178562556062,0.14274284623299557,0.14237469953713822,2.0,0.9517622016272271,0.060932324591515236
aggregation,P2_Full,,main,clean,0.0,0,0.2,157,1.0,1.0,1.0,-0.08819932038125709,1.0,0.11316361678402548,0.04604304906649467,1.0,0.5407539000007091,0.02224759999808157,1.6555279000021983,,D,0.0014925373134328358,0.9992907532160098,6.957788009052368,0.7260375421921399,0.9992949360189881,0.005897528297208481,0.14244390400964843,0.14229748120384625,2.0,0.9749968640927386,0.032962189569851655
aggregation,P2_Full,,main,clean,0.0,1,0.05,39,0.9454314720812182,0.8933855194343575,0.8808245981931233,-0.07128900796566941,1.0,0.11040566340606207,0.17529339094956717,0.9583333333333334,0.23563730000023497,0.009437299995624926,0.2579674999942654,,D,0.0014598582232123933,0.9942722048403236,6.928643890572416,1.12847040654318,0.9943389133239083,0.01164645063676563,0.14322000454062722,0.1426211047731401,2.0,0.9535228604076946,0.05449799450201959
aggregation,P2_Full,,main,clean,0.0,1,0.1,78,0.9682741116751269,0.9479438494478275,0.9322749293510817,-0.0803352677578337,1.0,0.11060811428657955,0.1184294132085947,0.9487179487179487,0.31690830000297865,0.005309300002409145,0.6173495999973966,,D,0.001545492206249223,0.993369903038811,6.901366222355545,1.157573662480668,0.9934489551860732,0.011923226421124927,0.1437556624297127,0.14281430499132533,2.0,0.9548371717545425,0.05243546399767532
aggregation,P2_Full,,main,clean,0.0,1,0.15,118,1.0,1.0,1.0,-0.08300313265978024,1.0,0.11248681932089916,0.05974708199501037,1.0,0.5420525000008638,0.07001070000114851,1.2432898999977624,,D,0.0014084507042253522,0.9986442271366217,6.937592509535913,0.7535787827975589,0.9986536477894838,0.0069485480323543325,0.14293508837136984,0.14268459842269413,2.0,0.9692917863355521,0.03903914935211331
aggregation,P2_Full,,main,clean,0.0,1,0.2,157,1.0,1.0,1.0,-0.08601015626569852,1.0,0.11335023050889115,0.0410952430505019,1.0,0.20134110000071814,0.008880000001227017,1.4646460999938427,,D,0.0014925373134328358,0.9991380100240753,6.942764518141932,0.6073141391703805,0.999142622742954,0.005351244222611929,0.14275537378939065,0.14264105481560807,2.0,0.9763557996531212,0.031582341345417146
aggregation,P2_Full,,main,clean,0.0,2,0.05,39,0.9441624365482234,0.8882136221689598,0.8757049316701458,-0.08785932258786633,1.0,0.11080466461018493,0.1600426845252514,0.9166666666666666,0.3642543999958434,0.015480599999136757,0.3915971999958856,,D,0.001447808017343585,0.9946452371884655,6.936569819524652,1.1191555974065912,0.9947040215741196,0.010977962558384265,0.1430548770557641,0.14261105041256392,2.0,0.9563555471602863,0.051826880392753474
aggregation,P2_Full,,main,clean,0.0,2,0.1,78,0.9708121827411168,0.9472412005305482,0.9434473570137267,-0.08580634398216101,1.0,0.11125156855334126,0.09735425466146225,1.0,0.3382625000012922,0.005410400000982918,0.7504923999949824,,D,0.0014570992916091152,0.9959526572943196,6.934461506940591,1.0913673694152273,0.9959920045968333,0.009721761999192828,0.14306319631869824,0.14263938370590376,2.0,0.9602705541927229,0.04834720800989266
aggregation,P2_Full,,main,clean,0.0,2,0.15,118,0.9606598984771574,0.9410775026271915,0.9297280314467278,-0.0848423800224463,1.0,0.11228871889969085,0.07863964140415192,1.0,0.5239842999944813,0.01478789999964647,1.3011814999990747,,D,0.0019421182229717095,0.9984197687804129,6.943119879054985,1.3789039383099138,0.9984315493248774,0.007454949831665478,0.14282017590084478,0.14262897554579948,2.0,0.9669814095423611,0.043180233013465616
aggregation,P2_Full,,main,clean,0.0,2,0.2,157,0.9479695431472082,0.9337496384698061,0.9140003295383574,-0.08708275757843759,1.0,0.11251455536255006,0.05391483581983126,1.0,0.209914300001401,0.006681799997750204,1.5381332999968436,,D,0.0026667085772190693,0.9992690460789968,6.944284920773896,1.7866947467367764,0.9992743242518815,0.007220937918232217,0.14272379122931245,0.14257858688619682,2.0,0.9678155384564057,0.04423528855425555
aggregation,P2_Full,,main,clean,0.0,3,0.05,39,0.9619289340101523,0.9179800135204501,0.9130944823856211,-0.08256801102307107,1.0,0.11121583205887597,0.15679155538479486,1.0,0.7245512000008603,0.017978299998503644,0.7744989999991958,,D,0.00129366106080207,0.996515454239014,5.546796636907165,0.778452921374131,0.9965471328249202,0.009091166562046319,0.17922242911089376,0.17878999121919176,2.0,0.9599057111211229,0.04709251611858099
aggregation,P2_Full,,main,clean,0.0,3,0.1,78,0.934010152284264,0.8839574257604098,0.8583491323621151,-0.08521512043413705,1.0,0.11075034393765307,0.09725106526643802,0.9487179487179487,0.2546973999997135,0.008023099995625671,1.068786399999226,,D,0.0014297845942349429,0.9948214536209268,6.914921157583256,1.0709086610819722,0.9948793230871339,0.01117484752884016,0.14347124555507418,0.14292139965586914,2.0,0.9565038147941168,0.051067152336624975
aggregation,P2_Full,,main,clean,0.0,3,0.15,118,1.0,1.0,1.0,-0.07506179776645683,1.0,0.11107426486240746,0.09294387549161912,1.0,0.6717081000024336,0.019144099998811726,1.790591899996798,,D,0.0014726596001333706,0.9975252936475117,6.92207238091046,1.045588316094693,0.997551425840462,0.01055971466028103,0.14325872860519726,0.14290708993027276,2.0,0.9568208936439223,0.054077279798075896
aggregation,P2_Full,,main,clean,0.0,3,0.2,157,1.0,1.0,1.0,-0.08454647773238443,1.0,0.11316409020548882,0.04967905924870418,1.0,0.16046900000219466,0.018674499995540828,1.980070400000841,,D,0.0014925373134328358,0.9992498494430913,6.930168470704475,0.6367557165416629,0.9992543024441578,0.005936143118935409,0.14301755812739575,0.14286415456350535,2.0,0.9749383580242277,0.032993262611702906
aggregation,P2_Full,,main,clean,0.0,4,0.05,39,0.949238578680203,0.9034066616246849,0.8897648338365792,-0.07598555798765201,1.0,0.11014522849241734,0.1408207193017006,0.9583333333333334,0.23337850000098115,0.028703800002404023,0.29588199999852804,,D,0.0018251086984085545,0.9962045822177857,5.709737880836766,1.4108090238698126,0.9962415949722969,0.009751957922686376,0.1740709160395833,0.1731629007500553,2.0,0.9508965827964044,0.05683551827304184
aggregation,P2_Full,,main,clean,0.0,4,0.1,78,0.9467005076142132,0.9087571559980034,0.8928988166944636,-0.08564722905608649,1.0,0.10938625794065628,0.14487662376501623,0.9487179487179487,0.6932755000016186,0.026845600004890002,1.0339372999951593,,D,0.0017523167938863261,0.9900966754790637,6.895764083509349,1.3124852786208583,0.9902457973675687,0.015057760471224922,0.14387353604914785,0.14270007068247859,2.0,0.9463383469886508,0.05970262484075532
aggregation,P2_Full,,main,clean,0.0,4,0.15,118,0.9581218274111675,0.9391394361882248,0.926109432344544,-0.08210588654135058,1.0,0.11195636664811343,0.07947554886341095,0.975,0.21386270000220975,0.010571699996944517,1.2876188000009279,,D,0.002276637380578765,0.9974068449950133,6.9367078203702865,1.616412540210923,0.9974290839538436,0.008576023719183873,0.14295349781370442,0.1426925445479648,2.0,0.9641109653492049,0.04638282010641848
aggregation,P2_Full,,main,clean,0.0,4,0.2,157,0.9454314720812182,0.9321674711441709,0.9109599029289838,-0.07976649330142756,1.0,0.11219615564207647,0.05994583398867876,1.0,0.23038130000350066,0.014964099995268043,1.551625200001581,,D,0.003061999406601785,0.9990805226198706,6.939824221104677,2.0515396024231958,0.9990879705237622,0.00810014912015294,0.1428164903612127,0.14264105481560807,2.0,0.9650676700762996,0.04763249168480721
aggregation,P2_Full,,main,clean,0.0,5,0.05,39,0.9708121827411168,0.9423391832161303,0.9332005500424252,-0.07155016815927229,1.0,0.11093506417923951,0.16459573060274124,1.0,0.3261994999993476,0.04321619999973336,0.5218007000003126,,D,0.00129366106080207,0.9963316140298119,5.559297726592943,0.867774907350681,0.9963667108545544,0.009567375142029518,0.1788165021589016,0.17819008103814624,2.0,0.9574455311871244,0.049112181642716426
aggregation,P2_Full,,main,clean,0.0,5,0.1,78,0.998730964467005,0.9962537380545686,0.9970053803965649,-0.07497064347439085,1.0,0.110588416788734,0.1106339326271644,0.9487179487179487,0.40410379999957513,0.08355509999819333,1.0236722999979975,,D,0.0013718784998089347,0.9939274285795955,6.906294222691712,1.027536996356892,0.9939982709144652,0.011665953344204788,0.14365213133684762,0.14296780734383813,2.0,0.9553247871261521,0.05201449472518298
aggregation,P2_Full,,main,clean,0.0,5,0.15,118,1.0,1.0,1.0,-0.08045374653595594,1.0,0.11255855507154447,0.06275777071714402,1.0,0.20130190000054426,0.009730600002512801,1.2483302999971784,,D,0.0014084507042253522,0.998754863791137,6.926260287806607,0.8128713360904595,0.9987635020497158,0.006937601297980758,0.14317125557182728,0.14296668586980274,2.0,0.9697715154922626,0.03882851508100472
aggregation,P2_Full,,main,clean,0.0,5,0.2,157,1.0,1.0,1.0,-0.07887001884857228,1.0,0.11319271534923168,0.04810387507463113,1.0,0.5888134999986505,0.016880000002856832,1.867768399999477,,D,0.0014925373134328358,0.9994258467340823,6.927692075837334,0.6705050192493502,0.9994291560094436,0.005763749085390281,0.1430692159637304,0.14293108448787453,2.0,0.974990065309186,0.03341291039905111
aggregation,P2_Full,,main,clean,0.0,6,0.05,39,0.9657360406091371,0.9262046124889664,0.9238473485935422,-0.0767645648820915,1.0,0.11100032380748157,0.14571343859036764,1.0,0.742555299999367,0.029513599998608697,0.8004667999994126,,D,0.001319907236094113,0.9960359034599265,5.628504395151605,1.0202882935007493,0.9960724907161806,0.00922965822963401,0.17660189247463157,0.17606861095657186,2.0,0.9578267639113953,0.04854472430112405
aggregation,P2_Full,,main,clean,0.0,6,0.1,78,0.949238578680203,0.9123969245739245,0.8922251178888738,-0.08522121681936234,1.0,0.11062549068851871,0.10983740060757367,0.9743589743589743,0.2607828999971389,0.01345940000464907,1.1042053999990458,,D,0.0013351134846461949,0.9948909891626355,6.929766178251832,0.9836503044682224,0.9949484249909603,0.0112420642964112,0.1431610359701283,0.1425822665514804,2.0,0.9546903762608359,0.05358426671371761
aggregation,P2_Full,,main,clean,0.0,6,0.15,118,0.9225888324873096,0.8837994772660488,0.8441168687975431,-0.0830507831013331,1.0,0.11185621326823272,0.07643789798021317,1.0,0.505515099997865,0.019448200000624638,1.7151258000012604,,D,0.0016429939792243014,0.9982532852045722,6.938639976589942,1.166525725249254,0.99826786315351,0.0083459240031562,0.14291329776355913,0.1426329486084348,2.0,0.9639073440741669,0.045501697475876776
aggregation,P2_Full,,main,clean,0.0,6,0.2,157,0.949238578680203,0.932080260458279,0.9049582084339994,-0.07700079503936462,1.0,0.11144980189607542,0.0657888650894165,1.0,0.18031799999880604,0.022628600003372412,1.9454516999976477,,D,0.0016876754742481525,0.9985846529121554,6.9368497698972,1.1307425677462621,0.9985983065337349,0.009646836240290457,0.1428783695732251,0.14257412489123888,2.0,0.9599982701635277,0.05103995304875624
aggregation,P2_Full,,main,clean,0.0,7,0.05,39,0.751269035532995,0.8249759593582916,0.7179917179238826,-0.07321304464352456,1.0,0.11027835293678159,0.13903814430038133,0.875,0.3597975999946357,0.02723089999926742,0.43535260000498965,,D,0.0014411205540699177,0.9957521294542169,5.718409754450197,1.1139861882960465,0.9957890700436531,0.00869626064120217,0.17380497602376074,0.17344777429971378,2.0,0.9519204757650462,0.05589505475271901
aggregation,P2_Full,,main,clean,0.0,7,0.1,78,0.9200507614213198,0.8673660969292363,0.836630161760712,-0.08252890217216782,1.0,0.11024573381310646,0.11406889481422229,1.0,0.5253322999997181,0.027813599997898564,1.0056492000003345,,D,0.0016602394468053906,0.9965459779843039,5.642503548028257,1.2435193456572375,0.9965772501463901,0.009053839826166527,0.1761263304480834,0.1755245853651571,2.0,0.9516767341582368,0.05751254382619353
aggregation,P2_Full,,main,clean,0.0,7,0.15,118,0.9593908629441624,0.9362776196577618,0.9188441472522603,-0.08949468564383668,1.0,0.10690664360536932,0.14635502621531488,0.95,0.30953450000379235,0.012380799998936709,1.4333126000055927,,D,0.0031123669144344467,0.9885021536698049,6.850792809898169,2.209780509248457,0.9887522896975115,0.021755033118661386,0.14476394944108867,0.14268459842269413,2.0,0.9243707538002361,0.08542822269814092
aggregation,P2_Full,,main,clean,0.0,7,0.2,157,0.9479695431472082,0.9310369442503655,0.9031644957355794,-0.08679554521788588,1.0,0.11152384214738746,0.0730323287156912,1.0,0.4311888000011095,0.02780989999882877,1.9223600000041188,,D,0.0014925373134328358,0.9977630388864065,6.932595016332108,0.8680537195389344,0.9977847947805248,0.009725646988744657,0.1429669759495775,0.14272583271980901,2.0,0.9610988438726489,0.04939790580032714
aggregation,P2_Full,,main,clean,0.0,8,0.05,39,0.7639593908629442,0.8788641251152333,0.7521800549651313,-0.07264092910599779,1.0,0.11104311763858318,0.162481019894282,1.0,0.6208740000001853,0.023852199999964796,0.6980978999999934,,D,0.00129366106080207,0.9959081615575017,5.533231198606108,0.7677328272681021,0.995947341657945,0.009575182645602037,0.1796649919693113,0.17917205692108668,2.0,0.9586694650598211,0.048021091373203775
aggregation,P2_Full,,main,clean,0.0,8,0.1,78,0.7614213197969543,0.8598983815270942,0.7307595690328867,-0.08250754926239211,1.0,0.10996997016915117,0.09922370925927773,0.9743589743589743,0.6551101000004564,0.034181499999249354,1.430268399999477,,D,0.0015501052013016864,0.9961803635892299,5.629756213694099,1.1610287957749632,0.9962159907897705,0.009327380072139258,0.17652815657060505,0.1759029865132119,2.0,0.9494867186636746,0.057949542299179806
aggregation,P2_Full,,main,clean,0.0,8,0.15,118,0.9974619289340102,0.9934128487254016,0.9940373138098214,-0.08866256261926402,1.0,0.10987743175244807,0.10301334857940674,1.0,0.2372752000010223,0.02056339999398915,1.7153563999963808,,D,0.0016597020751238684,0.9968878354111416,5.510708135812699,1.1783884733379466,0.9969162098140065,0.00911725651225397,0.1803103892999125,0.17963408093128588,2.0,0.9489657303676181,0.058948631864706495
aggregation,P2_Full,,main,clean,0.0,8,0.2,157,1.0,1.0,1.0,-0.09078060278180716,1.0,0.11258633906399702,0.07057769176287529,1.0,0.41971149999881163,0.01628770000388613,2.234889100000146,,D,0.0014925373134328358,0.9977120153160156,6.907371844169354,0.7337136303129144,0.9977302281563188,0.00796021076134006,0.14349449691248758,0.14319880418535127,2.0,0.9706205091457365,0.03669808309440515
aggregation,P2_Full,,main,clean,0.0,9,0.05,39,0.9771573604060914,0.9489569543668942,0.9489451001483251,-0.1015850414031576,1.0,0.11068944404409972,0.16865324104825655,0.9583333333333334,0.2807948999979999,0.04190989999915473,0.35517889999755425,,D,0.00129366106080207,0.9957878913444108,5.556828631156091,0.9130808998611681,0.9958282552720727,0.00958283153696057,0.1788965322172648,0.1784347371455,2.0,0.955783174764952,0.05107709485307554
aggregation,P2_Full,,main,clean,0.0,9,0.1,78,1.0,1.0,1.0,-0.08360411323495893,1.0,0.11142898664568009,0.10344043832558852,0.9230769230769231,0.5760544000004302,0.036631900002248585,0.9820471999992151,,D,0.0014427098974381038,0.9951312341695862,6.919453180538619,1.0805897131811397,0.9951788808510112,0.009786192863803209,0.1433764008013942,0.1429963659210498,2.0,0.961557247576817,0.04693734503280893
aggregation,P2_Full,,main,clean,0.0,9,0.15,118,1.0,1.0,1.0,-0.08212280641382498,1.0,0.11251240424638445,0.06064726561307907,1.0,0.22068279999803053,0.011875900003360584,1.2249265999998897,,D,0.0014084507042253522,0.9985227892177767,6.924525063612515,0.7871957426430369,0.9985333235579951,0.0071312370212702775,0.14320748645395673,0.1429984703708854,2.0,0.9695451895627542,0.03888640372759747
aggregation,P2_Full,,main,clean,0.0,9,0.2,157,1.0,1.0,1.0,-0.08675926493097351,1.0,0.11314113698998056,0.05033754843931932,1.0,0.5332625000010012,0.0075933000043733045,1.7766379000022425,,D,0.0014925373134328358,0.999228593894521,6.925317651492342,0.6517871870157581,0.999233182181094,0.0059479521103970616,0.14311878137876907,0.14296231845258014,2.0,0.9746787817161258,0.03346129283173352
aggregation,P2_Full,,main,clean,0.0,10,0.05,39,0.9454314720812182,0.8900652471372315,0.8785370787378398,-0.08273938017415992,1.0,0.11093307646694842,0.1791892151037852,0.9583333333333334,0.5958727999968687,0.016494000003149267,0.648918800005049,,D,0.0015503173464724766,0.9947469144152866,5.726666400744856,1.1983953088232244,0.9947958337770132,0.009312500422396421,0.17355251826774773,0.1732734987163933,2.0,0.9573786797636724,0.049824874544444446
aggregation,P2_Full,,main,clean,0.0,10,0.1,78,0.9974619289340102,0.9934128487254016,0.9940373138098214,-0.07060772654322144,1.0,0.11107219443321698,0.11132002640993167,0.9743589743589743,0.22170429999823682,0.01343050000286894,0.917433800001163,,D,0.001548643322830095,0.9954273031110592,6.944258923999573,1.1599338487997413,0.9954747348364426,0.010372812048410427,0.14285946717110204,0.14239663579960446,2.0,0.958085901741744,0.051675750451745286
aggregation,P2_Full,,main,clean,0.0,10,0.15,118,1.0,1.0,1.0,-0.09152173550682843,1.0,0.11260472425657708,0.059684811532497405,1.0,0.5363018999996711,0.02436689999740338,1.5536442000011448,,D,0.0014084507042253522,0.9985824237477038,6.955638877227933,0.7879423170356182,0.9985920863848038,0.006816308529676173,0.14256058468079896,0.14235880728659686,2.0,0.9702892100662288,0.03804234280470683
aggregation,P2_Full,,main,clean,0.0,10,0.2,157,1.0,1.0,1.0,-0.095120690421794,1.0,0.1132128778042741,0.04561627369660597,1.0,0.18059100000391481,0.02671120000013616,1.7778270999988308,,D,0.0014925373134328358,0.9993529414600231,6.958679123803186,0.6331460868448874,0.9993566298744422,0.005700279327563655,0.14242547150660634,0.1422840952189724,2.0,0.9752178235700697,0.03299060468179463
aggregation,P2_Full,,main,clean,0.0,11,0.05,39,0.9479695431472082,0.8940644252849848,0.8837869622990838,-0.07815114116911279,1.0,0.11078744698838293,0.16772491857409477,0.875,0.6300615000000107,0.019161700001859572,0.6891238000025623,,D,0.0013705580703735924,0.9942083565172773,6.938456483371614,1.059441388398787,0.9942727897733856,0.011125211056320253,0.14301562620358796,0.14255072424910684,2.0,0.9560982951664121,0.05242491831752119
aggregation,P2_Full,,main,clean,0.0,11,0.1,78,0.9581218274111675,0.9284295169694052,0.9157658639092882,-0.10196832858706824,1.0,0.11091067555945146,0.09637844791779152,0.9743589743589743,0.2604300000020885,0.015023899999505375,0.98084899999958,,D,0.0014404810372328262,0.9956879825724185,6.935866144965437,1.0789202968873868,0.9957326006765569,0.010347384927742969,0.14303395269438543,0.14250730028629974,2.0,0.9567937630869534,0.05213939949928102
aggregation,P2_Full,,main,clean,0.0,11,0.15,118,0.9390862944162437,0.9118234870776988,0.884894750931537,-0.09304871795073377,1.0,0.11172012922089898,0.07503819018602371,1.0,0.2742636000039056,0.01830799999879673,1.3150657000005594,,D,0.0024336217193811557,0.99867537264117,6.9488095871748765,1.7278714207606205,0.9986868002064359,0.008627003805750249,0.14270207940094734,0.1424740261030215,2.0,0.961648227235824,0.05023302479732198
aggregation,P2_Full,,main,clean,0.0,11,0.2,157,1.0,1.0,1.0,-0.07906598827299757,1.0,0.10848766173401149,0.09237488569357456,1.0,0.32290569999895524,0.02941339999961201,1.7400455000024522,,D,0.005870500629183306,0.9980735264240457,6.9307084151105265,3.933235421552815,0.9981052394342309,0.016461689680610334,0.14300629973682552,0.14240456908283694,2.0,0.9358388167381217,0.08086138960404048
aggregation,P2_Full,,main,clean,0.0,12,0.05,39,0.9467005076142132,0.8905448952325267,0.8811466848891131,-0.07286095911845288,1.0,0.11065543553540122,0.1699271077911059,0.9583333333333334,0.25510470000153873,0.023563900002045557,0.2965937000044505,,D,0.0013429129470966506,0.994209430656323,6.943917977682394,1.038071708105711,0.9942742994164516,0.011202483949097891,0.14290212349432607,0.14242672046866725,2.0,0.9556097208865928,0.05243955366621346
aggregation,P2_Full,,main,clean,0.0,12,0.1,78,0.9974619289340102,0.9924878983912899,0.9939181862639,-0.07243221873935761,1.0,0.11052196122207034,0.08772476208515656,1.0,0.21787809999659657,0.00861300000542542,0.537422700006573,,D,0.0016384749536380683,0.9955141955260407,6.939709772351025,1.2272177402749131,0.9955641569896643,0.01113768197290964,0.14295399146039528,0.14239663579960446,2.0,0.9544962752853745,0.05372717389562628
aggregation,P2_Full,,main,clean,0.0,12,0.15,118,1.0,1.0,1.0,-0.09105442856678884,1.0,0.11256825373613248,0.06371187567710876,1.0,0.25052400000276975,0.01017629999842029,0.8271569999997155,,D,0.0014084507042253522,0.9985083341308222,6.955145665120351,0.8312756014915748,0.9985186578631431,0.006920941568933915,0.14257079413644075,0.14235483422396153,2.0,0.9699770960420017,0.03838866920634443
aggregation,P2_Full,,main,clean,0.0,12,0.2,157,1.0,1.0,1.0,-0.0854311431948395,1.0,0.11321813991501876,0.048671869131234974,1.0,0.46317049999925075,0.015348200002335943,1.315324100003636,,D,0.0014925373134328358,0.9993481697651941,6.958253781080166,0.6594953704538838,0.9993518636892064,0.005667003178125881,0.14243426903377734,0.14227963322401446,2.0,0.9753295983459698,0.0326938664863876
aggregation,P2_Full,,main,clean,0.0,13,0.05,39,0.9619289340101523,0.9198821672377703,0.9160854753143952,-0.08283141741864207,1.0,0.11111136713593231,0.15178341418504715,1.0,0.24702609999803826,0.020564099999319296,0.2782764000003226,,D,0.0013634774792915972,0.9962530370227118,5.592912980743394,1.0539680914924046,0.9962864967422786,0.00892982390529756,0.17773397052242942,0.17733546038917078,2.0,0.9586262001398941,0.0482547646789068
aggregation,P2_Full,,main,clean,0.0,13,0.1,78,0.9758883248730964,0.9574312705986714,0.9476178973170072,-0.08358362623707143,1.0,0.11094751257050907,0.12314847264534388,0.9743589743589743,0.30072040000231937,0.004522099996393081,0.6212868000002345,,D,0.002032265264160099,0.9949535082408925,6.92860089853039,1.522166682855914,0.9950082084361829,0.010839251880619623,0.14318533820880142,0.14265009317235816,2.0,0.9573054338453841,0.05139628370740133
aggregation,P2_Full,,main,clean,0.0,13,0.15,118,0.998730964467005,0.9962537380545686,0.9970053803965649,-0.0993674840871798,1.0,0.11246893837860966,0.057934272289276126,1.0,0.5528494000027422,0.02808070000173757,1.219668099998671,,D,0.0014084507042253522,0.9987526980947643,6.936948939300299,0.7473737904680947,0.9987614315311494,0.007001862458791647,0.1429484799192589,0.14271638292377678,2.0,0.9691473871948283,0.03935313843373177
aggregation,P2_Full,,main,clean,0.0,13,0.2,157,1.0,1.0,1.0,-0.08677266714048147,1.0,0.11323482024965635,0.043040954149686374,1.0,0.15762840000388678,0.006987800006754696,1.403084099998523,,D,0.0014925373134328358,0.9991954589505526,6.940108064992168,0.6359937024418598,0.9992000695076897,0.005730667366554404,0.14281058816656578,0.1426633647903978,2.0,0.9753818703629904,0.03269597835638163
aggregation,P2_Full,,main,clean,0.0,14,0.05,39,0.7677664974619289,0.8409634217220224,0.7258182761417978,-0.08049484820127623,1.0,0.11096870591688746,0.16328118120630583,0.9583333333333334,0.26904710000235355,0.017907800000102725,0.3011248999973759,,D,0.0015890622723305809,0.9954702181673961,5.6502672706651484,1.228345136511539,0.9955120731178411,0.009239948410689175,0.17591669386911823,0.17561616473064368,2.0,0.9578303804019878,0.049450939778180276
aggregation,P2_Full,,main,clean,0.0,14,0.1,78,0.7969543147208121,0.9179127828488142,0.8123626383483266,-0.08315858767895035,1.0,0.11133968795760621,0.11322593077635154,1.0,0.2868275000000722,0.008344100002432242,0.6421731000009459,,D,0.0017776252895571082,0.9976201319196665,5.572053323292786,1.331441341878274,0.9976394586410723,0.008120921308862971,0.17837008578008373,0.17791993602878706,2.0,0.9598208581242467,0.04922929155384019
aggregation,P2_Full,,main,clean,0.0,14,0.15,118,0.9974619289340102,0.9934128487254016,0.9940373138098214,-0.0921574160186294,1.0,0.11185817537381372,0.08916887044906616,1.0,0.39531759999954375,0.08822579999832669,1.1434044999987236,,D,0.0014084507042253522,0.998476298210364,5.432795437179135,0.8306513312284508,0.9984869678262882,0.007002430525942895,0.1829164804286907,0.18245098233973658,2.0,0.9646994194357569,0.04182455546870888
aggregation,P2_Full,,main,clean,0.0,14,0.2,157,0.9670050761421319,0.9471582643343976,0.9307141388210887,-0.08914251859924684,1.0,0.1127960687432405,0.05685447271053608,1.0,0.16589999999996508,0.011751600002753548,1.3317568999991636,,D,0.0014925373134328358,0.9982171853053599,6.908123557275705,0.7324607061239272,0.9982300293732221,0.007204376260117549,0.14347871978718793,0.14324342413493074,2.0,0.9721293411387352,0.03545549544989483
aggregation,P2_Full,,main,clean,0.0,15,0.05,39,0.9568527918781726,0.9127214776131354,0.9054995859111492,-0.08164544425171284,1.0,0.1111734209927748,0.14443577080965042,0.9166666666666666,0.33275879999564495,0.0451035999940359,0.3889313999970909,,D,0.00129366106080207,0.9954119083579246,6.939091914232806,0.9993028186304369,0.9954580496588195,0.010056752239159267,0.1430024112699012,0.1426378620407671,2.0,0.9591279331150654,0.049392718313381545
aggregation,P2_Full,,main,clean,0.0,15,0.1,78,0.9720812182741116,0.9510778133736261,0.9418868663619605,-0.08385909430075426,1.0,0.11158780030811441,0.08272335926691692,1.0,0.2183636000045226,0.008631299999251496,0.6301626999993459,,D,0.0015295181245593681,0.9966890636242087,6.935715049917713,1.1456090752949668,0.9967188161742598,0.008986143698990664,0.14303709782368765,0.14263224406160085,2.0,0.9625449107827884,0.046334191562124566
aggregation,P2_Full,,main,clean,0.0,15,0.15,118,0.9593908629441624,0.9405112964752598,0.9206352359382464,-0.08275657920480668,1.0,0.1122914365761688,0.07357816100120544,1.0,0.49747530000604456,0.016160899998794775,1.1715792999966652,,D,0.0014084507042253522,0.9985048862857979,6.944588220689003,0.825507165440754,0.99851599384419,0.00742923985415692,0.14278968023898,0.14261308329525815,2.0,0.9672832234815216,0.04233392672989994
aggregation,P2_Full,,main,clean,0.0,15,0.2,157,0.9454314720812182,0.9291577718895087,0.8995755521247438,-0.09181155020558261,1.0,0.11213830297199302,0.06031382236725245,1.0,0.19265920000179904,0.014463599996815901,1.3951306999952067,,D,0.0014925373134328358,0.9991433690625349,6.944269294741492,0.8142254452256867,0.9991502837318688,0.008071935102331059,0.1427241157506968,0.14256073890636503,2.0,0.965245947562804,0.046174724933063384
aggregation,P2_Full,,main,clean,0.0,17,0.05,39,0.9543147208121827,0.9087162329718236,0.8968397078706356,-0.0812846061657081,1.0,0.1101191566305106,0.15086057782173157,1.0,0.26281140000355663,0.010417200006486382,0.286895999997796,,D,0.0014882026737244897,0.9962314159578166,5.724260606861204,1.1503806667890306,0.9962668073712394,0.009391170006210115,0.173626003374236,0.1728847301074476,2.0,0.9506836494135176,0.05700920747505171
aggregation,P2_Full,,main,clean,0.0,17,0.1,78,0.9695431472081218,0.9482054170842982,0.9372204682896385,-0.08199442300546347,1.0,0.11077815619960463,0.10456751860105075,0.9743589743589743,0.5382447999945725,0.020849499996984378,0.8672153999941656,,D,0.0013845867969377414,0.9951540728519749,6.939913511294394,1.0370555109063684,0.9952073536933811,0.010994973671427282,0.14294975543160482,0.14241805473251323,2.0,0.9562837729983114,0.05175094521012633
aggregation,P2_Full,,main,clean,0.0,17,0.15,118,0.9568527918781726,0.9382711793632404,0.9165436781646119,-0.07980174374739259,1.0,0.11176811656861284,0.07732016891241074,1.0,0.23383910000120522,0.009250299997802358,1.121308499998122,,D,0.0014559491154830825,0.9981365428556958,6.95275546571798,1.0337238719929887,0.9981526847541418,0.008662339509845962,0.1426202916133583,0.14237469953713822,2.0,0.963095966512977,0.04672729897627062
aggregation,P2_Full,,main,clean,0.0,17,0.2,157,0.9428934010152284,0.9273796814580124,0.8960607916048451,-0.08725410972096265,1.0,0.11126022951294308,0.06748695709766486,1.0,0.1826744999998482,0.005949800004600547,1.3365644999939832,,D,0.001631866267740226,0.9985838264782703,6.952477315532869,1.0933503993859515,0.9985981910613215,0.010143236567299613,0.14255385246968727,0.14229748120384625,2.0,0.9584615650019443,0.053594207605342996
aggregation,P2_Full,,main,clean,0.0,16,0.05,39,0.9682741116751269,0.9313689354730869,0.9273218352004996,-0.07977741847219309,1.0,0.10987103735868277,0.1646354223291079,0.9583333333333334,0.23403759999928297,0.04388430000108201,0.305785399999877,,D,0.0015066825601595688,0.9958479544826714,5.68700586145255,1.1646656190033466,0.9958845578658351,0.00881574708440701,0.17477188754475168,0.17444650745028117,2.0,0.9484823816879264,0.05980939216263278
aggregation,P2_Full,,main,clean,0.0,16,0.1,78,0.9708121827411168,0.9477194954854729,0.936456976146687,-0.07821051875945881,1.0,0.11062676822212607,0.11786714960367252,0.8974358974358975,0.575946600001771,0.018082000002323184,0.9333144000047469,,D,0.0013351134846461949,0.9935740875557734,6.930124617972411,0.9285227618011569,0.9936497969912427,0.011781896520747478,0.14315356225182257,0.14252157957490558,2.0,0.9555939196575801,0.051362659036432466
aggregation,P2_Full,,main,clean,0.0,16,0.15,118,0.998730964467005,0.9962537380545686,0.9970053803965649,-0.07598095522424893,1.0,0.1122094063274137,0.0774106502532959,1.0,0.2923676999998861,0.013801900000544265,1.251211400005559,,D,0.0014084507042253522,0.997858959851901,6.944680503291573,0.7801424933405511,0.9978757403946258,0.007837565652241679,0.1427877640727683,0.1424859452909275,2.0,0.9673392550004603,0.04067359070891198
aggregation,P2_Full,,main,clean,0.0,16,0.2,157,0.9467005076142132,0.9290990473458727,0.8969768772734364,-0.08639051684640207,1.0,0.11330518780223146,0.048608677509503484,1.0,0.2617817999998806,0.006492300002719276,1.5432094000061625,,D,0.0014925373134328358,0.9992265061498399,6.9523317435436,0.586687492694807,0.9992307735286188,0.00551701707522425,0.14255686864397987,0.14241795506771077,2.0,0.9761131485505486,0.03169857242353369
aggregation,P2_Full,,main,clean,0.0,18,0.05,39,0.75,0.8498734615446641,0.7272247285392144,-0.08576816848229114,1.0,0.11051186348379505,0.17447450136144957,0.9583333333333334,0.37387740000121994,0.012534699999378063,0.5353920999987167,,D,0.0015336530390376137,0.9950320580907115,5.664586124555488,1.1855137991760754,0.9950810109146853,0.009853743233649953,0.17546874001710006,0.17502630891017434,2.0,0.953985434081595,0.053027708212856524
aggregation,P2_Full,,main,clean,0.0,18,0.1,78,0.7296954314720813,0.8119357692860204,0.6778407402114216,-0.08800482253592556,1.0,0.1099776211597605,0.10949989618399204,1.0,0.2307790999984718,0.047628799999074545,0.8323598999995738,,D,0.0017054854559020575,0.9969599394285593,5.6228215858037505,1.2774086064706411,0.996987726287884,0.00914023213409146,0.17674751760706442,0.17609932673154224,2.0,0.948914030243726,0.060157314652073725
aggregation,P2_Full,,main,clean,0.0,18,0.15,118,0.9771573604060914,0.9591437282758145,0.9501407005083194,-0.09319210359271553,1.0,0.10916398450802967,0.10073187202215195,1.0,0.20154530000581872,0.0067522000026656315,1.0573922999974457,,D,0.001953879129250148,0.9972466423127166,5.500306124695416,1.387254181767605,0.9972755477348947,0.010498244493075792,0.1806540541823773,0.18004727944536045,2.0,0.9417263593244175,0.07034831718700023
aggregation,P2_Full,,main,clean,0.0,18,0.2,157,0.9644670050761421,0.9449089062845794,0.926148299120743,-0.092645307516883,1.0,0.11232796032331967,0.07417751581240924,1.0,0.20131129999936093,0.009765499999048188,1.2791320999967866,,D,0.0014925373134328358,0.9975332744045668,6.920656566076949,0.79120963147627,0.9975542973198646,0.008522599893811175,0.1432161790896497,0.1428596925685474,2.0,0.9685779849084762,0.03874092589344269
aggregation,P2_Full,,main,clean,0.0,19,0.05,39,0.9428934010152284,0.8817769903399728,0.8717135339477956,-0.07510086713641743,1.0,0.11007410762699656,0.17645548656582832,0.9583333333333334,0.2544710000001942,0.026700700000219513,0.2962502999944263,,D,0.0015436133152548779,0.9954074366571823,5.688726285848835,1.1932130926920206,0.9954566065115815,0.010706407452408945,0.17471864006317026,0.17375610802405003,2.0,0.9509738556061964,0.055073932562303175
aggregation,P2_Full,,main,clean,0.0,19,0.1,78,0.9390862944162437,0.8960582612961321,0.8664678530350083,-0.09434050018350106,1.0,0.1096059309517788,0.10842362733987662,0.9743589743589743,0.28407749999314547,0.012800900003639981,0.6089756000001216,,D,0.0014937375309908958,0.9922056921228173,6.912015965685303,1.1188094107121809,0.9923159373988527,0.014144331706233141,0.14353210991775103,0.1423645074002413,2.0,0.9475761329647363,0.05830214036203061
aggregation,P2_Full,,main,clean,0.0,19,0.15,118,0.9124365482233503,0.8728380609383093,0.818314372050612,-0.0843957056110116,1.0,0.11169843663053453,0.08297746255993843,0.975,0.21746749999874737,0.01492800000414718,0.8534072999973432,,D,0.0014084507042253522,0.996963820009871,6.948809469305202,0.8007591174134627,0.9969916132052699,0.009154001241407833,0.14270208184546615,0.1423151035976082,2.0,0.9627941829058,0.04595129169936511
aggregation,P2_Full,,main,clean,0.0,19,0.2,157,0.9352791878172588,0.9191804653979554,0.872898337831508,-0.09193290959308066,1.0,0.11148860410061198,0.06356643254940327,1.0,0.29902320000110194,0.0067379000029177405,1.178584299996146,,D,0.0014925373134328358,0.99848937439765,6.949734898407731,0.7374632236800907,0.9985038428055956,0.009577758991452716,0.1426106951277535,0.142235013274435,2.0,0.9609127902609379,0.04880134543278037
aggregation,P2_Full,,main,clean,0.0,20,0.05,39,0.949238578680203,0.9025737752641217,0.8877614617367988,-0.10259171978673891,1.0,0.11078290259606978,0.14419648051261902,1.0,0.21892289999959758,0.01415380000253208,0.24363300000550225,,D,0.0014587089984562985,0.9962582990320819,5.650908553675651,1.1275820558067187,0.9962944274279442,0.00965560748228561,0.17589658328629115,0.1752743164710535,2.0,0.9557779301721615,0.05155096759445394
aggregation,P2_Full,,main,clean,0.0,20,0.1,78,0.9631979695431472,0.9395707870467827,0.9251069860751445,-0.0832493312153285,1.0,0.11033092031282664,0.1143282285103431,0.9743589743589743,0.24069220000092173,0.004242100003466476,0.5017752000057953,,D,0.0016048763067730276,0.994172214892332,6.934652527770252,1.2020523537729977,0.9942420480174378,0.01198278999922639,0.14305921869677915,0.1423859263331501,2.0,0.9531376000292823,0.05446620221442937
aggregation,P2_Full,,main,clean,0.0,20,0.15,118,0.9010152284263959,0.8642337515615593,0.803164528535944,-0.08109409091928896,1.0,0.11153379203997003,0.07700522541999817,1.0,0.25624490000336664,0.0077382000017678365,0.790362500003539,,D,0.0016648610960037446,0.9981263526065431,6.953622366249214,1.1820513781626587,0.9981436136773516,0.00921255027427579,0.14260233545917322,0.14234688809869087,2.0,0.9607628781355291,0.050159296378586286
aggregation,P2_Full,,main,clean,0.0,20,0.2,157,0.9352791878172588,0.919348190299576,0.8729366673420867,-0.0890903605838324,1.0,0.11005953300719089,0.08474045074903049,1.0,0.26246679999894695,0.00836429999617394,1.07684750000044,,D,0.0022657680268900345,0.9987025755811559,6.950728490714127,1.518064578016323,0.9987192438418481,0.012847192059899709,0.14259009554887866,0.14227070923409857,2.0,0.9476359558616628,0.06812142974639608
aggregation,P2_Full,,main,clean,0.0,21,0.05,39,0.9695431472081218,0.936710554628857,0.9309278210358964,-0.06985321703510287,1.0,0.11047057381974848,0.1586525390545527,1.0,0.33975019999343203,0.04108090000227094,0.3947755999979563,,D,0.001447886708804201,0.9954648452406878,5.575492148988131,1.1192164259056474,0.9955077974821644,0.009470953860717028,0.17829335422499187,0.17791526184906395,2.0,0.9540720704721404,0.05194629768095775
aggregation,P2_Full,,main,clean,0.0,21,0.1,78,0.9746192893401016,0.9518529652532217,0.945949694410409,-0.08983298260212856,1.0,0.11107500264940187,0.09060879395558284,1.0,0.33949350000330014,0.011933900001167785,0.7671851999984938,,D,0.0013351134846461949,0.995663181188434,6.925179691771266,0.9208927169216601,0.995708046446853,0.010345200103646712,0.14325673569951236,0.14276075765905344,2.0,0.9585109879911083,0.049156230316614535
aggregation,P2_Full,,main,clean,0.0,21,0.15,118,0.9631979695431472,0.9440840812652708,0.926914857866109,-0.08973210677351073,1.0,0.11198513379086424,0.06819017827510834,1.0,0.19199030000163475,0.011245499998040032,0.9918484000008903,,D,0.0016040192120158683,0.9982182285814817,6.930191044504544,1.1388536405312666,0.9982329288475359,0.008250365844569809,0.14308924983002996,0.14283557480283676,2.0,0.9650267830849892,0.044157507524501476
aggregation,P2_Full,,main,clean,0.0,21,0.2,157,0.949238578680203,0.9320169415369637,0.9049833147984196,-0.08384852250037475,1.0,0.11179271154619697,0.06412413639900012,1.0,0.1953432000009343,0.015071899993927218,1.2128365999960806,,D,0.0016561678272991186,0.9987485657474078,6.930086216024831,1.1096324442904095,0.9987597860549351,0.008965958462540084,0.14301927337519285,0.14278830064922027,2.0,0.9629731720754422,0.04786890213634539
aggregation,P2_Full,,main,clean,0.0,22,0.05,39,0.9530456852791879,0.9061037938829196,0.8978153096418966,-0.08087603138195597,1.0,0.11032983842527384,0.1152963067094485,1.0,0.35140189999947324,0.011893499999132473,0.39643120000255294,,D,0.0014794202868359363,0.9963853204293751,5.698601717833918,1.1435918817241788,0.9964172798978491,0.00884157719918544,0.1744136154022305,0.1739471408749975,2.0,0.9522709839906475,0.05566879217657516
aggregation,P2_Full,,main,clean,0.0,22,0.1,78,0.9137055837563451,0.8570983491075149,0.8218623376450114,-0.08616572553109972,1.0,0.10929328233188737,0.12342110734719497,0.9743589743589743,0.30001759999868227,0.01913090000016382,0.7277632000041194,,D,0.0016614432358545246,0.9928807763132206,6.903701556076898,1.2444209836550388,0.9929853550760406,0.014689630136806478,0.1437065815783374,0.14250730028629974,2.0,0.9444331443278596,0.06335717306018222
aggregation,P2_Full,,main,clean,0.0,22,0.15,118,1.0,1.0,1.0,-0.07860122188782404,1.0,0.11003497489959772,0.09024874046444893,0.975,0.24501480000617448,0.007330499996896833,0.9966895000034128,,D,0.0029415756501851376,0.9968557248910936,6.928433693132724,2.0885187116314476,0.9968958528095814,0.012762216122285489,0.14312590121972918,0.14246607997775085,2.0,0.9478119282160608,0.06488139265344278
aggregation,P2_Full,,main,clean,0.0,22,0.2,157,0.949238578680203,0.9308477621816195,0.9007940449228079,-0.09380475074222835,1.0,0.11321436889996712,0.04925432571998009,1.0,0.20275450000190176,0.010665699999663047,1.2254014000063762,,D,0.0014925373134328358,0.9994131312010488,6.949289901947118,0.7405251311012458,0.999416472310346,0.005693111140418525,0.14261992289376846,0.1424893469870379,2.0,0.9752463202224658,0.03291968976808624
aggregation,P2_Full,,main,clean,0.0,23,0.05,39,0.9555837563451777,0.9090275374565281,0.9029136286109668,-0.09471671463556343,1.0,0.11056125481976103,0.145809272925059,1.0,0.2553790000019944,0.012651700002606958,0.2804231999980402,,D,0.0014192798736449145,0.9966434572700578,5.719606140670908,1.097103342327519,0.9966723585872289,0.008610442200928822,0.1737683497952518,0.1732667958093425,2.0,0.9539148458033931,0.0542425005908023
aggregation,P2_Full,,main,clean,0.0,23,0.1,78,0.9111675126903553,0.8516995607629934,0.8145559044414353,-0.0816851530418179,1.0,0.11080189552682708,0.1215170178657923,0.9487179487179487,0.4026501999978791,0.006011400000716094,0.7525820000009844,,D,0.0016286297908814013,0.995286588105761,6.936119243238838,1.2198437133701696,0.9953383456675422,0.01098091211686006,0.14302868461696935,0.14260725530654061,2.0,0.955971373994854,0.0541978902990333
aggregation,P2_Full,,main,clean,0.0,23,0.15,118,0.9073604060913706,0.872726392902103,0.8243258041439981,-0.09072763838653225,1.0,0.10822761638033317,0.11382620856165886,0.975,0.26330869999947026,0.020235399999364745,1.0515354000017396,,D,0.002911012090694671,0.9934776713694052,6.8859417206004,2.0668185843932165,0.9935882014368383,0.016946411886480217,0.14401781032566754,0.14266076004688213,2.0,0.9341438111730422,0.07709902560041008
aggregation,P2_Full,,main,clean,0.0,23,0.2,157,1.0,1.0,1.0,-0.0829664696811539,1.0,0.10710132008600255,0.11483453023128021,1.0,0.15962160000344738,0.011336100003973115,1.233232999999018,,D,0.006830680274898403,0.9946165107399146,6.911592398893836,4.57655578418193,0.9947266947536891,0.02046702583609962,0.14340595941012624,0.142645516810566,2.0,0.924922304753519,0.09105955547149296
aggregation,P2_Full,,main,clean,0.0,24,0.05,39,0.7779187817258884,0.8613884450636317,0.7526199243264319,-0.09547997804171947,1.0,0.11082330665518308,0.14574074248472849,1.0,0.3400420999969356,0.020687999996880535,0.37619319999794243,,D,0.001496977276430214,0.9961430132824765,5.698457582598266,1.1571634346805555,0.9961795465516465,0.009471971734862314,0.17441805973666008,0.17384994872276105,2.0,0.9566680698463615,0.05012963236364797
aggregation,P2_Full,,main,clean,0.0,24,0.1,78,0.9809644670050761,0.9640587328375106,0.957854238712626,-0.07847627980313865,1.0,0.1107093574534362,0.12529862691194582,0.9743589743589743,0.3835895999945933,0.031031699996674433,0.821309699997073,,D,0.0015492833153912672,0.9958003019607932,5.644721046893381,1.1604132032280592,0.9958353686993482,0.008349823779614912,0.17605661495544994,0.17551744572085418,2.0,0.9550603448433428,0.0523828171937985
aggregation,P2_Full,,main,clean,0.0,24,0.15,118,0.9682741116751269,0.948805226189795,0.933064954431135,-0.07785096486125717,1.0,0.1121848207738174,0.07081121355295181,1.0,0.20545539999875473,0.031982399996195454,1.071970599994529,,D,0.0014084507042253522,0.9979883616553911,6.942912304110107,0.7921188937534731,0.998004316435636,0.007931236888432112,0.14282448801948605,0.14252567591728083,2.0,0.9671621978506864,0.040871466459866494
aggregation,P2_Full,,main,clean,0.0,24,0.2,157,0.9530456852791879,0.9341585027996356,0.9067921247221342,-0.08966536327355853,1.0,0.1127119085796054,0.0603330502143273,1.0,0.18555770000239136,0.010545999997702893,1.2794001000002027,,D,0.0014925373134328358,0.9988025834680154,6.943798788592299,0.6594476124109783,0.9988109446011904,0.006982643843290741,0.1427338879047938,0.14246703701224817,2.0,0.9712639225780189,0.036540193886381904
aggregation,P2_Full,,main,clean,0.0,26,0.05,39,0.9302030456852792,0.8636208003096062,0.8467129071783613,-0.06143945785454016,1.0,0.11060613144611395,0.18309934064745903,0.9166666666666666,0.46079370000370545,0.01227410000137752,0.5144016000049305,,D,0.0015114753134116501,0.9932030170659601,6.928779726085557,1.1683704172672056,0.9932830423681094,0.01177365059260473,0.14321717138438297,0.1426378620407671,2.0,0.9549451707216375,0.05281116236997225
aggregation,P2_Full,,main,clean,0.0,26,0.1,78,0.9974619289340102,0.9934128487254016,0.9940373138098214,-0.07920189241203228,1.0,0.10926448110225193,0.1227196202828334,0.9487179487179487,0.2295287999950233,0.014084499998716637,0.7747930000041379,,D,0.0016254621264345137,0.9897248634459891,6.836830266274878,1.2174711326994507,0.9898842475647377,0.015511630226108132,0.1451252572226757,0.1433033706260754,2.0,0.9448852494353852,0.06092973019868036
aggregation,P2_Full,,main,clean,0.0,26,0.15,118,1.0,1.0,1.0,-0.08002285982574163,1.0,0.11258206469581171,0.076553675532341,1.0,0.19824360000347951,0.012038500004564412,0.9986945999989985,,D,0.0014084507042253522,0.9983184717590761,6.9431502224876285,0.7237696277840249,0.9983300325692379,0.006875180493835139,0.14281954557429924,0.14259719104471683,2.0,0.9701754761289588,0.037875868418602396
aggregation,P2_Full,,main,clean,0.0,26,0.2,157,1.0,1.0,1.0,-0.0857743222740905,1.0,0.11336145738881484,0.04445173037357819,1.0,0.21951579999586102,0.016259899995930027,1.253276100003859,,D,0.0014925373134328358,0.9993954736412519,6.946968064219894,0.5996964784617066,0.9993987187984797,0.005368098811313119,0.1426680893635137,0.1425384289315753,2.0,0.9763925087743115,0.031629328979142605
aggregation,P2_Full,,main,clean,0.0,25,0.05,39,0.9581218274111675,0.9129646107198285,0.9072145753838365,-0.0641637549958959,1.0,0.11081428192220256,0.15486050521334013,0.9166666666666666,0.5402327999981935,0.00597130000096513,0.5694051999962539,,D,0.001340452102489789,0.9945049609022979,6.940543841938404,1.036169475224607,0.9945655862474367,0.011032741361963859,0.1429722248892614,0.14253061552795449,2.0,0.9563369626437999,0.051951050331887044
aggregation,P2_Full,,main,clean,0.0,25,0.1,78,0.8984771573604061,0.8321626448234327,0.7868724349809322,-0.0750090459305946,1.0,0.11146081037060111,0.09471236589627388,1.0,0.21302860000287183,0.01078840000263881,0.8029700999977649,,D,0.0017183304261569716,0.9971467903633038,6.946510507131307,1.2870294891915717,0.9971727535227,0.009099632590013163,0.1428127285814124,0.1425108701084512,2.0,0.9611451593645151,0.04816834065400442
aggregation,P2_Full,,main,clean,0.0,25,0.15,118,0.8908629441624365,0.8440341066708453,0.7850513901901259,-0.0783882894407898,1.0,0.11070131870295497,0.08172521740198135,1.0,0.21315540000068722,0.006333599994832184,1.0346008999986225,,D,0.0040438058647036795,0.9983234042398347,6.945161765651614,2.871102163939612,0.9983415599009513,0.010828884068523389,0.14277777191289975,0.1424740261030215,2.0,0.9530203928603875,0.06050783476847626
aggregation,P2_Full,,main,clean,0.0,25,0.2,157,1.0,1.0,1.0,-0.07030840902846922,1.0,0.10681827460050172,0.10339925380853507,1.0,0.21266839999589138,0.010570699996605981,1.2758209000021452,,D,0.010231271647909886,0.9974341524086836,6.930854923748873,6.854952004099623,0.9974862582901974,0.020307473323902352,0.14300324518512125,0.14240456908283694,2.0,0.9210363861478927,0.0998063105047534
aggregation,P2_Full,,main,clean,0.0,27,0.05,39,0.950507614213198,0.9019794747868659,0.8907660510783793,-0.07434797898968541,1.0,0.11065414682552054,0.1685593736668428,0.9166666666666666,0.25793290000001434,0.007184499998402316,0.27536269999836804,,D,0.001350585688916276,0.9937886514480065,6.939246049928665,1.0440027375322813,0.9938605514874876,0.011575592462608633,0.1429992061041458,0.14248034372507357,2.0,0.9553904697882636,0.05270355341294639
aggregation,P2_Full,,main,clean,0.0,27,0.1,78,0.9961928934010152,0.9896441640470827,0.990936988248635,-0.07878482795975676,1.0,0.11025441509605723,0.1254182205750392,0.9487179487179487,0.219069099999615,0.004632799995306414,0.514095599995926,,D,0.001606828083327799,0.9927372505069388,6.91158372273194,1.2035142344125214,0.9928308918496872,0.012893373623555544,0.14354116986848245,0.14256798726287456,2.0,0.9522546969789719,0.05492915647563244
aggregation,P2_Full,,main,clean,0.0,27,0.15,118,0.998730964467005,0.9962537380545686,0.9970053803965649,-0.07594022047700563,1.0,0.1125724250052384,0.06982322037220001,1.0,0.3255585000006249,0.009360799995192792,0.8954644999976153,,D,0.0014084507042253522,0.9982374858711667,6.9488413012964685,0.7773970361266367,0.9982497707445558,0.006970085055273035,0.14270142167951186,0.1424859452909275,2.0,0.970062487076134,0.03803198203706817
aggregation,P2_Full,,main,clean,0.0,27,0.2,157,1.0,1.0,1.0,-0.0845869890880255,1.0,0.11326706197698377,0.050603353060208835,1.0,0.5607130999997025,0.027464400001917966,1.5377246999996714,,D,0.0014925373134328358,0.99922896525198,6.9519889924217235,0.6223444936719726,0.9992332789384901,0.005594671992694093,0.1425639707639959,0.14242241706266873,2.0,0.975783607360167,0.032125996423526405
aggregation,P2_Full,,main,clean,0.0,28,0.05,39,0.9517766497461929,0.9041225235381353,0.8902430834699943,-0.08783371271019084,1.0,0.11047912348427831,0.162709412475427,0.9583333333333334,0.33395910000399454,0.012505499995313585,0.37008890000288375,,D,0.0015045828354901382,0.9957579967535465,5.7105737202030005,1.1630425318338768,0.995798525838123,0.00955423233361547,0.17404524821270567,0.17341761121798524,2.0,0.953826315182022,0.05260539352615959
aggregation,P2_Full,,main,clean,0.0,28,0.1,78,1.0,1.0,1.0,-0.08823530867280513,1.0,0.11105030042482884,0.0944084922472636,1.0,0.3700761000000057,0.011582899998757057,0.7759623000019928,,D,0.001399243723414872,0.9966785018657015,6.94890595801454,1.048033548837739,0.9967116269249842,0.009972927258526826,0.14276303682369593,0.14232523935657526,2.0,0.9576627000980747,0.05202499179037246
aggregation,P2_Full,,main,clean,0.0,28,0.15,118,1.0,1.0,1.0,-0.07008394541577119,1.0,0.1128125397965374,0.051440344750881196,1.0,0.548602300004859,0.04925409999850672,1.3850404000040726,,D,0.0014084507042253522,0.9989002760113714,6.960342540800788,0.7350785601284378,0.998907234472464,0.006327461403545031,0.14246329187554332,0.1422872921591609,2.0,0.9718722986297837,0.0365532191786277
aggregation,P2_Full,,main,clean,0.0,28,0.2,157,0.9276649746192893,0.9140816509901059,0.8623926119672659,-0.09313171342451686,1.0,0.11334480611436487,0.04453443869566306,1.0,0.16959510000015143,0.006640300001890864,1.5720432000016444,,D,0.0014925373134328358,0.9993864907377907,6.962765282342425,0.5769906070059789,0.9993898177501958,0.005422921233579537,0.14234101067918326,0.14220824130468732,2.0,0.9763272479853021,0.03170107247624612
aggregation,P2_Full,,main,clean,0.0,29,0.05,39,0.7918781725888325,0.9129327826890118,0.8052173993252504,-0.07576248338734996,1.0,0.10994645009916437,0.1605930688480536,0.9583333333333334,0.29925489999732235,0.016491900001710746,0.36314920000586426,,D,0.0015131026749392019,0.9946434763694874,5.684800523879995,1.169628367728003,0.9946966510546671,0.00992708869551543,0.17484019032221673,0.1742186086105544,2.0,0.9494674212040386,0.05758941605131829
aggregation,P2_Full,,main,clean,0.0,29,0.1,78,0.8185279187817259,0.9166367945847698,0.8141571969334943,-0.08362096651368704,1.0,0.1114088875421085,0.1091202696164449,1.0,0.7188686000008602,0.028293900002609007,1.1301530999990064,,D,0.0013351134846461949,0.9970373497334443,5.5549524506004175,0.8350996485864048,0.9970625106222859,0.00849269626107702,0.17892331216422455,0.17844469988505174,2.0,0.9614328880848542,0.04517391785930084
aggregation,P2_Full,,main,clean,0.0,29,0.15,118,0.9758883248730964,0.9576879265394465,0.947625799812027,-0.07521374419769564,1.0,0.1121724606489881,0.0941587507724762,1.0,0.2281820999996853,0.030447500001173466,1.4001519000012195,,D,0.0014084507042253522,0.9985282431235728,5.408663708079563,0.8793962353127764,0.9985387189900597,0.00711793276101152,0.1837388882327085,0.18310653767456644,2.0,0.9668571306218676,0.040180678228951786
aggregation,P2_Full,,main,clean,0.0,29,0.2,157,0.9631979695431472,0.9433540119224948,0.923873806450881,-0.08322926467668228,1.0,0.11268172851659047,0.05925918389589359,1.0,0.19069930000114255,0.006153299997095019,1.6232594000030076,,D,0.0014925373134328358,0.9980047052915463,6.883664258519322,0.6319464233907282,0.9980196776516966,0.007503833938376968,0.14399384512218052,0.14370747161055708,2.0,0.9710812548526255,0.036220642223391324
aggregation,P2_Full,,main,clean,0.0,0,0.05,39,0.9606598984771574,0.9215884457417616,0.9119262775428167,-0.08420410033321228,1.0,0.11082033058704562,0.09269357472658157,1.0,0.336303099997167,0.028543899999931455,0.4073408999975072,,E,0.0014247782791631278,0.9952142815086534,5.613229342782535,1.1013536097930978,0.9952598404265885,0.009519765531018956,0.17708599695840552,0.17670538712639672,3.164784257942153,0.9567658815496868,0.049785708354741165
aggregation,P2_Full,,main,clean,0.0,0,0.1,78,0.9263959390862944,0.8725612521088061,0.8423419892842648,-0.08549263522498832,1.0,0.11021304689586209,0.08258781906885979,0.9743589743589743,0.6911140000011073,0.02537020000454504,1.1396335999961593,,E,0.002315469655685949,0.9933049464094352,6.93180404733999,1.7342867721087756,0.993390280289945,0.012745809926012803,0.14311855527221246,0.14241448491036177,3.505439414448288,0.9521487632535021,0.055610262686394525
aggregation,P2_Full,,main,clean,0.0,0,0.15,118,0.9949238578680203,0.9871085054652231,0.9878229501801099,-0.0957340626921976,1.0,0.10935994416639419,0.06186695694923401,1.0,0.2385837999972864,0.01737919999868609,1.420866099993873,,E,0.0021209139904507677,0.9941485569633938,6.910839106804854,1.505848933220045,0.994236100939515,0.014961091746677868,0.14349388216171952,0.1424223762887622,3.5053421485758918,0.9446353988377512,0.06423930863768508
aggregation,P2_Full,,main,clean,0.0,0,0.2,157,0.9974619289340102,0.9924878983912899,0.9939181862639,-0.0964164171144448,1.0,0.11218879201022555,0.030680694641211093,0.9743589743589743,0.1761668999970425,0.008645900001283735,1.6255198999933782,,E,0.0014925373134328358,0.9975265755747055,6.943184521827668,0.9574980918116589,0.9975478171322126,0.00858791450827453,0.14274664788110472,0.14248488499207995,3.504572072777378,0.9672568333503534,0.04109599862199581
aggregation,P2_Full,,main,clean,0.0,1,0.05,39,0.9390862944162437,0.8834682184263773,0.867091280754945,-0.09358470121384914,1.0,0.11040566340606207,0.0792633593082428,0.9583333333333334,0.3179216999997152,0.004056899997522123,0.33351109999784967,,E,0.0014598582232123933,0.9942722048403236,6.928643890572416,1.12847040654318,0.9943389133239083,0.01164645063676563,0.14322000454062722,0.1426211047731401,3.502896251909294,0.9535228604076946,0.05449799450201959
aggregation,P2_Full,,main,clean,0.0,1,0.1,78,0.9644670050761421,0.941628137567023,0.9244089205277254,-0.09474958971756522,1.0,0.10996924631581165,0.0747480231982011,0.9487179487179487,0.34653020000405377,0.007803000000421889,0.7482491999980994,,E,0.0017071295581915786,0.9918953497349703,6.886689119866581,1.2786400390854924,0.9920048524692953,0.013511099275616362,0.144064887711783,0.14303920378686732,3.49777259227832,0.9499155791039565,0.05720313003440761
aggregation,P2_Full,,main,clean,0.0,1,0.15,118,0.9974619289340102,0.9934128487254016,0.9940373138098214,-0.0936787500718997,1.0,0.11134271329282021,0.04757501929998398,1.0,0.3060875000010128,0.047132899999269284,1.1155970999971032,,E,0.001411320408737498,0.9972121303648972,6.9296382218894195,1.0020374902036235,0.9972390891667988,0.009670036777268843,0.14310077751622807,0.14268459842269413,3.5021162253223066,0.9603173062527077,0.048250943388804375
aggregation,P2_Full,,main,clean,0.0,1,0.2,157,0.998730964467005,0.9962537380545686,0.9970053803965649,-0.11166949022012328,1.0,0.11217810907644123,0.021962761878967285,1.0,0.5317618000044604,0.06175049999728799,1.7247719000006327,,E,0.001492643867340922,0.9983619584566592,6.929283946139861,1.0000713911184178,0.9983750650947184,0.00800140760318608,0.14303600515649972,0.14281953461392588,3.5004608222944267,0.9668366744588849,0.04212251242943515
aggregation,P2_Full,,main,clean,0.0,2,0.05,39,0.9428934010152284,0.8852056589673957,0.8732003870702573,-0.08680027039911804,1.0,0.11080466461018493,0.07937505220373471,0.9166666666666666,0.2630222999941907,0.007592800000566058,0.28623039999365574,,E,0.001447808017343585,0.9946452371884655,6.936569819524652,1.1191555974065912,0.9947040215741196,0.010977962558384265,0.1430548770557641,0.14261105041256392,3.5030198345553676,0.9563555471602863,0.051826880392753474
aggregation,P2_Full,,main,clean,0.0,2,0.1,78,0.9670050761421319,0.9415725326332667,0.9362045344785322,-0.08718887312343912,1.0,0.11076517464408105,0.0693895174906804,1.0,0.21805280000262428,0.009728599994559772,0.5299591999937547,,E,0.0017294138248445338,0.9951679174857783,6.930436312182677,1.2953309548085559,0.9952211550849385,0.01101752691589203,0.143147063838448,0.14266794228311547,3.502320780683098,0.9563522759443348,0.05252636884342564
aggregation,P2_Full,,main,clean,0.0,2,0.15,118,0.9530456852791879,0.9301292722008376,0.9164836056108943,-0.0986805461858525,1.0,0.11151341575651659,0.025790497660636902,1.0,0.5108255000013742,0.010104900000442285,1.11490199999389,,E,0.002733089455767415,0.9977522125796326,6.934437817259702,1.9404935135948644,0.9977730466454927,0.009268699375809406,0.1430007556578519,0.14273624823695347,3.5014822134387353,0.9606594767907869,0.0502553668695058
aggregation,P2_Full,,main,clean,0.0,2,0.2,157,0.9416243654822335,0.9266654077550144,0.9049981501110105,-0.09839186019264506,1.0,0.11090016604337187,0.02423505446849725,1.0,0.24803780000365805,0.06265849999908824,1.4394653999988805,,E,0.004548867552815611,0.9982212281279538,6.9271413764185885,3.0477412603864593,0.9982408282153477,0.011018887639245812,0.14308070862683422,0.1428016866340941,3.500679602549681,0.9546435211955655,0.05921024654498467
aggregation,P2_Full,,main,clean,0.0,3,0.05,39,0.9593908629441624,0.9134699022437701,0.9074591685043174,-0.08417441439160228,1.0,0.11121583205887597,0.08884809414545695,1.0,0.30553450000297744,0.015029900001536589,0.33559479999530595,,E,0.00129366106080207,0.996515454239014,5.546796636907165,0.778452921374131,0.9965471328249202,0.009091166562046319,0.17922242911089376,0.17878999121919176,3.148288563555589,0.9599057111211229,0.04709251611858099
aggregation,P2_Full,,main,clean,0.0,3,0.1,78,0.934010152284264,0.8831253216149209,0.8582898069527193,-0.10222425184744627,1.0,0.11029921131065956,0.0654852046416356,0.9487179487179487,0.48274530000344384,0.006110000002081506,0.9342723000008846,,E,0.0014984687858975601,0.994273868716808,6.9149171468377615,1.1223531206372725,0.9943439114401259,0.01223211970768588,0.14347132954575675,0.14284643339068848,3.5001312007997,0.9529314987621214,0.05473447404239172
aggregation,P2_Full,,main,clean,0.0,3,0.15,118,0.9670050761421319,0.9447639222196449,0.9299852617614772,-0.10130095000467902,1.0,0.11059674822345292,0.047836309671401976,1.0,0.2643115000028047,0.03207039999688277,1.2466340999962995,,E,0.0019023734293618431,0.9967917189470189,6.918735521386746,1.3506851348469087,0.9968298787012768,0.01189414319621684,0.14332850156910534,0.1429229821808141,3.4991938398243123,0.9527934704124771,0.05868426449584853
aggregation,P2_Full,,main,clean,0.0,3,0.2,157,1.0,1.0,1.0,-0.10313880262440356,1.0,0.1119361579439065,0.035375671508984685,1.0,0.21646699999837438,0.017377399999531917,1.497769599998719,,E,0.0015945932978471144,0.9979108958436582,6.9120348910059235,1.0683775095575667,0.9979298420303371,0.009069048386755646,0.14339668320853535,0.1430649443366129,3.497458129307925,0.964951036443085,0.043617584512900626
aggregation,P2_Full,,main,clean,0.0,4,0.05,39,0.949238578680203,0.9034066616246849,0.8897648338365792,-0.08161112235157693,1.0,0.11014522849241734,0.0972759947180748,0.9583333333333334,0.27134600000135833,0.04308860000310233,0.35269529999641236,,E,0.0018251086984085545,0.9962045822177857,5.709737880836766,1.4108090238698126,0.9962415949722969,0.009751957922686376,0.1740709160395833,0.1731629007500553,3.1937272586513896,0.9508965827964044,0.05683551827304184
aggregation,P2_Full,,main,clean,0.0,4,0.1,78,0.9441624365482234,0.9043395885126386,0.8873676610420534,-0.09585866353691956,1.0,0.10922467519079226,0.0969255451972668,0.9230769230769231,0.6845624999987194,0.02479480000329204,1.100725299998885,,E,0.0022049397930622417,0.9901454686996737,6.89710891705335,1.651499905003619,0.9902970655766385,0.0153834690199705,0.14384522217654863,0.14270007068247859,3.501926252063842,0.9449675662426497,0.061386416951878804
aggregation,P2_Full,,main,clean,0.0,4,0.15,118,0.9175126903553299,0.8789493624619494,0.8437128848479661,-0.09633527956579488,1.0,0.1112920457234891,0.03270055875182152,0.975,0.2288531000012881,0.02392909999616677,1.366209699997853,,E,0.00297328806792992,0.9967186654071939,6.933663011584913,2.111034528230243,0.9967518867668617,0.010124343838808048,0.14301689295953063,0.1426925445479648,3.502018655158012,0.9588988320722424,0.05198298252901273
aggregation,P2_Full,,main,clean,0.0,4,0.2,157,0.8921319796954315,0.8614546920299342,0.8084348483362944,-0.08968679622249262,1.0,0.11058867495028508,0.03356114259132972,1.0,0.2173798000003444,0.017505600000731647,1.6181010000000242,,E,0.004318539782785977,0.9977983549622731,6.925428985400899,2.8934216544666045,0.9978246894147292,0.01196126169519882,0.14311645655647268,0.1427035227450193,3.5018838721781003,0.9520731410833507,0.06136816817591953
aggregation,P2_Full,,main,clean,0.0,5,0.05,39,0.9708121827411168,0.9426287794561228,0.9332030701858375,-0.07785224033057075,1.0,0.11093506417923951,0.09664052724838257,1.0,0.2632697000008193,0.024316200004250277,0.30446509999455884,,E,0.00129366106080207,0.9963316140298119,5.559297726592943,0.867774907350681,0.9963667108545544,0.009567375142029518,0.1788165021589016,0.17819008103814624,3.1529961631056276,0.9574455311871244,0.049112181642716426
aggregation,P2_Full,,main,clean,0.0,5,0.1,78,0.9961928934010152,0.9887306237976025,0.9908702525372557,-0.0826631505048467,1.0,0.11006728979730934,0.08370052239833733,1.0,0.24825830000190763,0.010282199997163843,0.5761742999966373,,E,0.001473745289510146,0.993054773030118,6.898413145821322,1.1038352218430993,0.9931459897613443,0.01313372933985009,0.1438177737338064,0.14294638841092935,3.4989074245186425,0.9513435787241165,0.05570702426011338
aggregation,P2_Full,,main,clean,0.0,5,0.15,118,1.0,1.0,1.0,-0.10247935053171867,1.0,0.11194191379597741,0.034299423545598985,0.975,0.2218278999935137,0.008206799997424241,0.8227116999987629,,E,0.0014699257271402596,0.9972003644255312,6.918937076392551,1.0436472662695844,0.9972246435166972,0.008672232696062637,0.1433242851905881,0.14304614712250938,3.4976877569158984,0.9649221496041769,0.04400739764152017
aggregation,P2_Full,,main,clean,0.0,5,0.2,157,1.0,1.0,1.0,-0.10224442874348509,1.0,0.11223718500208987,0.014155817337525196,1.0,0.18926749999809545,0.006923199995071627,1.0292507999984082,,E,0.0015618895403818327,0.9987078218125569,6.910425714889809,1.046465992055828,0.9987181931058912,0.008026209879627709,0.14343042293352967,0.14319880418535127,3.4958246346555324,0.9672617813406956,0.04191037162235877
aggregation,P2_Full,,main,clean,0.0,6,0.05,39,0.9657360406091371,0.9262046124889664,0.9238473485935422,-0.06974877468146941,1.0,0.11100032380748157,0.13085809598366419,1.0,0.30029320000176085,0.019534099999873433,0.33120339999732096,,E,0.001319907236094113,0.9960359034599265,5.628504395151605,1.0202882935007493,0.9960724907161806,0.00922965822963401,0.17660189247463157,0.17606861095657186,3.169901018368707,0.9578267639113953,0.04854472430112405
aggregation,P2_Full,,main,clean,0.0,6,0.1,78,0.950507614213198,0.9137865859003138,0.894659194664489,-0.09377891518276495,1.0,0.11055025960721383,0.07531227515294002,0.9743589743589743,0.2073829000000842,0.00518779999401886,0.5641134000034072,,E,0.0014171910743007875,0.9948315235276795,6.9300110466331795,1.0614761146512899,0.9948905301764179,0.011416642613064694,0.14315593020982603,0.1425822665514804,3.5033737262462132,0.9540277440973715,0.054378238125684236
aggregation,P2_Full,,main,clean,0.0,6,0.15,118,0.9225888324873096,0.8837264589226204,0.8441639203814246,-0.10407666318556708,1.0,0.11158710788540331,0.021710807085037233,1.0,0.17966850000084378,0.017288800001551863,0.7725023000020883,,E,0.001717202088608488,0.9981599586679263,6.937755870939345,1.2192134829120265,0.998176397696474,0.008934053959110004,0.14293168950751806,0.1426329486084348,3.50275069637883,0.9617174052350951,0.0478509864765115
aggregation,P2_Full,,main,clean,0.0,6,0.2,157,0.9479695431472082,0.9310369442503655,0.9031644957355794,-0.09788706188839134,1.0,0.11075540978297403,0.02642280780352079,1.0,0.21163460000389023,0.006611900003917981,1.0144409999993513,,E,0.0020376589371125325,0.9977702932541145,6.924522889096735,1.3652314878653966,0.9977957357089879,0.01141067313914655,0.1431353794048034,0.1427347567097249,3.501500515802307,0.9548050410522464,0.05610811032178424
aggregation,P2_Full,,main,clean,0.0,7,0.05,39,0.7550761421319797,0.8252418411356346,0.7186037379867459,-0.09085945248010975,1.0,0.11027835293678159,0.09855932121475537,0.875,0.21165869999822462,0.01966769999853568,0.25793459999840707,,E,0.0014411205540699177,0.9957521294542169,5.718409754450197,1.1139861882960465,0.9957890700436531,0.00869626064120217,0.17380497602376074,0.17344777429971378,3.1913560566537207,0.9519204757650462,0.05589505475271901
aggregation,P2_Full,,main,clean,0.0,7,0.1,78,0.899746192893401,0.8351618731651733,0.7934961891933637,-0.09975477206339199,1.0,0.10983632617386642,0.08466558960767892,0.9230769230769231,0.20069990000047255,0.013754599996900652,0.4831983999974909,,E,0.0017428583285893414,0.9957576619321883,5.639576380496358,1.3054008881134167,0.9957987884425231,0.009694302923869197,0.17621844101925574,0.1756530989626097,3.1732598313179556,0.9484544490044667,0.060548747621719405
aggregation,P2_Full,,main,clean,0.0,7,0.15,118,0.9593908629441624,0.9379448908878619,0.9197284313842241,-0.09175240207940655,1.0,0.10826041084713282,0.07121203169226646,0.95,0.2416622999953688,0.006501899995782878,0.7432037999969907,,E,0.0031833253786800594,0.9925495931239939,6.903810921888945,2.260161018862842,0.9926813092747778,0.017679054711503706,0.14364139697105605,0.14279584417648344,3.5007512311844415,0.9343732729957531,0.07866133800018955
aggregation,P2_Full,,main,clean,0.0,7,0.2,157,0.9467005076142132,0.9300912845135111,0.9013745052982596,-0.08490449383930206,1.0,0.11083403331899402,0.053010682264963783,1.0,0.18747089999669697,0.011113200002000667,0.9536567000031937,,E,0.0015053196274101073,0.9965444844863265,6.93008987667215,1.008564150364772,0.9965849013890564,0.011696345326784633,0.1430191970392508,0.14268121277022958,3.5021578009194108,0.9560375308904399,0.053995836026532
aggregation,P2_Full,,main,clean,0.0,8,0.05,39,0.766497461928934,0.8789088575285333,0.7522761464521553,-0.07359889489962183,1.0,0.11104311763858318,0.1137269635995229,1.0,0.22723850000329548,0.008397699995839503,0.27664540000114357,,E,0.00129366106080207,0.9959081615575017,5.533231198606108,0.7677328272681021,0.995947341657945,0.009575182645602037,0.1796649919693113,0.17917205692108668,3.1453068592057765,0.9586694650598211,0.048021091373203775
aggregation,P2_Full,,main,clean,0.0,8,0.1,78,0.7677664974619289,0.8612038799446375,0.7316949391544736,-0.09107754408269535,1.0,0.10970916098874561,0.06655897161899468,0.9743589743589743,0.21326509999926202,0.030750800004170742,0.5476425000015297,,E,0.0016759119448699854,0.9962228972098162,5.628712472980267,1.255258046707619,0.996260563129597,0.009972172290011171,0.17656113835823903,0.17588156758030316,3.1714110292476,0.9474188571202599,0.06027125667065746
aggregation,P2_Full,,main,clean,0.0,8,0.15,118,0.9974619289340102,0.9934128487254016,0.9940373138098214,-0.08832960822367418,1.0,0.11019206805568196,0.06327881813049316,1.0,0.26306559999648016,0.008541899995179847,0.8490122000002884,,E,0.002139348337378878,0.9971307647520771,5.523747905850409,1.5189373195390035,0.9971566768654765,0.009031017382813086,0.179881405604517,0.17959435030493257,3.1420259717275405,0.9509550576466508,0.05879394291882546
aggregation,P2_Full,,main,clean,0.0,8,0.2,157,0.998730964467005,0.9962537380545686,0.9970053803965649,-0.09742344450658892,1.0,0.1119070101200099,0.04410112973971245,1.0,0.23717399999441113,0.01769600000261562,1.1367814999975963,,E,0.0016611477976000047,0.9972319370263142,6.886812692803986,1.1129690243920032,0.9972585936562943,0.009630066307576408,0.1439273323013745,0.14356022577694488,3.491429415055635,0.9649663562553072,0.04337591238519479
aggregation,P2_Full,,main,clean,0.0,10,0.05,39,0.9454314720812182,0.8900652471372315,0.8785370787378398,-0.08401721556459789,1.0,0.11093307646694842,0.12550652772188187,0.9583333333333334,0.25707349999720464,0.007795200006512459,0.2769304000030388,,E,0.0015503173464724766,0.9947469144152866,5.726666400744856,1.1983953088232244,0.9947958337770132,0.009312500422396421,0.17355251826774773,0.1732734987163933,3.1928057484381345,0.9573786797636724,0.049824874544444446
aggregation,P2_Full,,main,clean,0.0,10,0.1,78,0.9961928934010152,0.9896441640470827,0.990936988248635,-0.09833928305962707,1.0,0.11079749718224931,0.050994883745144576,0.9743589743589743,0.36984819999634055,0.004688299995905254,0.7437963999982458,,E,0.0017411904065834161,0.9951001815469285,6.942955527523699,1.3041516145309786,0.9951541723188042,0.011018933128413023,0.14288653705999424,0.14239663579960446,3.5056594549875904,0.955896962377873,0.0541379771578257
aggregation,P2_Full,,main,clean,0.0,10,0.15,118,0.998730964467005,0.9962537380545686,0.9970053803965649,-0.09592010894499706,1.0,0.11175575210309907,0.047199250757694246,1.0,0.4210273999997298,0.07928390000597574,1.2553479999987758,,E,0.0015064341731547337,0.9972504034182973,6.95081545594728,1.0695682629398608,0.9972753438632813,0.009070583353916408,0.14266049136013895,0.14235880728659686,3.5061259802963916,0.9635556555615494,0.045165636963533005
aggregation,P2_Full,,main,clean,0.0,10,0.2,157,1.0,1.0,1.0,-0.09862558202445133,1.0,0.11220422379778698,0.022613581938621324,1.0,0.26764019999973243,0.006390399998053908,1.54839599999832,,E,0.0015179724265582987,0.9985172084649897,6.947358295079159,1.0170415257940602,0.9985292071836052,0.008091979440259522,0.14265999178261532,0.14243580304754255,3.5051766806591065,0.9670585290078156,0.042032446170126324
aggregation,P2_Full,,main,clean,0.0,9,0.05,39,0.9771573604060914,0.9489569543668942,0.9489451001483251,-0.1024694908784391,1.0,0.11068944404409972,0.11907017106811206,0.9583333333333334,0.3127505000011297,0.057610900003055576,0.3988639000017429,,E,0.00129366106080207,0.9957878913444108,5.556828631156091,0.9130808998611681,0.9958282552720727,0.00958283153696057,0.1788965322172648,0.1784347371455,3.151072481734002,0.955783174764952,0.05107709485307554
aggregation,P2_Full,,main,clean,0.0,9,0.1,78,0.998730964467005,0.9962537380545686,0.9970053803965649,-0.09301073813976142,1.0,0.11104645128652245,0.0762964082069886,0.9230769230769231,0.7018143000022974,0.030257199992774986,1.1794187999985297,,E,0.0015330309440959127,0.9947512957671013,6.917320134536304,1.1482401771278385,0.9948072728964701,0.01066494260010812,0.14342102503712864,0.1429963659210498,3.4982961779464263,0.9585205070823599,0.0501266824697291
aggregation,P2_Full,,main,clean,0.0,9,0.15,118,1.0,1.0,1.0,-0.09897442711728491,1.0,0.11192497327611325,0.0329934224486351,1.0,0.2778270999988308,0.019426899998506997,1.487275800005591,,E,0.0014573280612847103,0.9979015311604855,6.9189384762979165,1.0347029235121443,0.9979194290981248,0.00852904617986925,0.143324255906484,0.14307395856095673,3.497348032545611,0.9647957152587422,0.04412829098188257
aggregation,P2_Full,,main,clean,0.0,9,0.2,157,1.0,1.0,1.0,-0.09199046743990358,1.0,0.11223118089479048,0.02134240590609037,1.0,0.16568840000400087,0.005245799999102019,1.6676880000013625,,E,0.0015502344808990959,0.9986800748704427,6.909865250847112,1.0386571022023943,0.9986907626749154,0.008097280848198891,0.14344217791797942,0.14323450014501485,3.49538955172736,0.967215915658863,0.0420710856812079
aggregation,P2_Full,,main,clean,0.0,11,0.05,39,0.9467005076142132,0.8906930685648806,0.8809000847823284,-0.1020629957382132,1.0,0.11078744698838293,0.07171902681390445,0.875,0.2870206999941729,0.007920500000182074,0.3071332000035909,,E,0.0013705580703735924,0.9942083565172773,6.938456483371614,1.059441388398787,0.9942727897733856,0.011125211056320253,0.14301562620358796,0.14255072424910684,3.5037616965251326,0.9560982951664121,0.05242491831752119
aggregation,P2_Full,,main,clean,0.0,11,0.1,78,0.9581218274111675,0.9260763694008897,0.9150240774675413,-0.09778696176940528,1.0,0.11029420725074678,0.06389596064885457,0.9743589743589743,0.6942491000008886,0.006200099996931385,1.0354796000028728,,E,0.0016527743531866645,0.9944228971842316,6.9295577960177175,1.2379279905368117,0.9944898128603854,0.01199828627233707,0.14316538124053002,0.14250730028629974,3.5042960921843687,0.9519018636208075,0.05715432515916172
aggregation,P2_Full,,main,clean,0.0,11,0.15,118,0.9390862944162437,0.9117596977965327,0.8849052775218648,-0.10687587176530092,1.0,0.11098258980007705,0.0423934131860733,1.0,0.24708680000185268,0.013756499996816274,1.3092159000007086,,E,0.0029231552529160173,0.9977076051856104,6.945451732197368,2.0754402295703724,0.9977316322647829,0.010481213367640817,0.14277175218105836,0.14247005304038618,3.504754733818567,0.9560429275085608,0.05587106234418245
aggregation,P2_Full,,main,clean,0.0,11,0.2,157,1.0,1.0,1.0,-0.0988019232091711,1.0,0.10850270843722458,0.029448591745816745,1.0,0.20876010000210954,0.01925840000330936,1.5518270000029588,,E,0.006241375759432929,0.9974568504269017,6.9312420958399095,4.181721758820062,0.9974989634127391,0.01655938222546322,0.14299517367394587,0.14248488499207995,3.504572072777378,0.935271619283023,0.08169715013650243
aggregation,P2_Full,,main,clean,0.0,12,0.05,39,0.9454314720812182,0.8871021001584024,0.878038908227901,-0.08751187049656084,1.0,0.11065543553540122,0.10512790828943253,0.9583333333333334,0.6413314999954309,0.0128333999964525,0.6831996999972034,,E,0.0013429129470966506,0.994209430656323,6.943917977682394,1.038071708105711,0.9942742994164516,0.011202483949097891,0.14290212349432607,0.14242672046866725,3.5052886086076667,0.9556097208865928,0.05243955366621346
aggregation,P2_Full,,main,clean,0.0,12,0.1,78,0.9708121827411168,0.9466474506556751,0.9358993098982787,-0.09040732925551313,1.0,0.10983737620768046,0.047356040813984014,0.9743589743589743,0.23071319999871776,0.013594299998658244,0.9691028999950504,,E,0.0016974704084852788,0.9934264279402186,6.92808973968468,1.2714053359554738,0.9935129371162469,0.013160147213951503,0.1431960011508847,0.14243947366542198,3.5051314503395905,0.9491870799467058,0.058698417291677095
aggregation,P2_Full,,main,clean,0.0,12,0.15,118,0.9974619289340102,0.9924878983912899,0.9939181862639,-0.09440481731415813,1.0,0.11148557263439642,0.03947184309363365,0.975,0.209922900001402,0.028294600000663195,1.226491099994746,,E,0.0014352781144125408,0.9971021519504263,6.942959905299048,1.019047461232904,0.9971299189481271,0.00958193708773588,0.14282349913952383,0.14243826853930353,3.505146299963739,0.9614876557179028,0.04713745141463416
aggregation,P2_Full,,main,clean,0.0,12,0.2,157,1.0,1.0,1.0,-0.09510691308384357,1.0,0.11214288128157464,0.024015657412700165,1.0,0.2116500999982236,0.012658299994654953,1.4663492999970913,,E,0.001527498986212763,0.998366138717005,6.941885303056855,1.023424320762551,0.9983796995182234,0.008299848560899138,0.14277364359585135,0.14252058095174353,3.504132619517235,0.9665832913202268,0.042357441631449624
aggregation,P2_Full,,main,clean,0.0,13,0.05,39,0.9606598984771574,0.9161246761154064,0.9130370928518307,-0.09064709362917774,1.0,0.11111136713593231,0.09762077530225118,1.0,0.2244174999941606,0.008322199995745905,0.24513480000314303,,E,0.0013634774792915972,0.9962530370227118,5.592912980743394,1.0539680914924046,0.9962864967422786,0.00892982390529756,0.17773397052242942,0.17733546038917078,3.1597575265057736,0.9586262001398941,0.0482547646789068
aggregation,P2_Full,,main,clean,0.0,13,0.1,78,0.9733502538071066,0.9519787713984902,0.9420435754509457,-0.09927658916266113,1.0,0.11063096127807208,0.07426165617429294,0.9487179487179487,0.28812810000090394,0.009702700001071207,0.5819353000042611,,E,0.0021037045386004686,0.9941235342144271,6.927066869792815,1.575674699411751,0.9941925164263214,0.011738724330478898,0.14321734327939437,0.14263581388375232,3.502715487035739,0.9548510553459874,0.053962185912649153
aggregation,P2_Full,,main,clean,0.0,13,0.15,118,0.998730964467005,0.9962537380545686,0.9970053803965649,-0.09566527915838073,1.0,0.11181932721266923,0.03256030529737473,1.0,0.695258300002024,0.028843200001574587,1.333494200000132,,E,0.0014163701653201863,0.9979932255387994,6.934024871688897,1.0056228173773323,0.9980104082007407,0.008562328389912808,0.14300935585233973,0.14270049067323545,3.5019210958598994,0.9639255883507686,0.04490082366960142
aggregation,P2_Full,,main,clean,0.0,13,0.2,157,1.0,1.0,1.0,-0.1025517526689524,1.0,0.11234251625795404,0.0130499738913316,1.0,0.208091799999238,0.012160500002210028,1.5781243000019458,,E,0.0015113364302417225,0.9987453953162467,6.930466934023468,1.0125954082619542,0.9987550982165984,0.007733830805257447,0.14301133464649687,0.14280614862905205,3.5006249023590064,0.9680891150553239,0.041007820175580335
aggregation,P2_Full,,main,clean,0.0,14,0.05,39,0.7690355329949239,0.8411400477775999,0.7263141746604955,-0.08889041913378067,1.0,0.11096870591688746,0.11626799280444781,0.9583333333333334,0.27314990000013495,0.01398930000141263,0.304212799994275,,E,0.0015890622723305809,0.9954702181673961,5.6502672706651484,1.228345136511539,0.9955120731178411,0.009239948410689175,0.17591669386911823,0.17561616473064368,3.1735591603053432,0.9578303804019878,0.049450939778180276
aggregation,P2_Full,,main,clean,0.0,14,0.1,78,0.9390862944162437,0.8955867049649634,0.8735811726430157,-0.09166960676567089,1.0,0.11103389055709285,0.05556969764905098,1.0,0.30037060000177007,0.021516099994187243,0.6421994999982417,,E,0.002285568916695957,0.9973576636988801,5.567289893657622,1.7118911186052719,0.9973809575879621,0.008815641321669787,0.17852384489635392,0.17799490229396772,3.1545346062052504,0.9575052077912796,0.05144723978507354
aggregation,P2_Full,,main,clean,0.0,14,0.15,118,0.9974619289340102,0.9934128487254016,0.9940373138098214,-0.082101160315765,1.0,0.10906486181241332,0.08867724984884262,0.975,0.6334096999999019,0.01039160000073025,1.2972391999937827,,E,0.002659403995436135,0.9899125454473507,6.876799370151888,1.8881768367596559,0.990087255375811,0.017319525708732766,0.14421114968788426,0.14287133236655475,3.4998261957730814,0.9419455616053461,0.06731950748950183
aggregation,P2_Full,,main,clean,0.0,14,0.2,157,1.0,1.0,1.0,-0.10283813298636583,1.0,0.11204714518820597,0.031617413728665084,1.0,0.20170610000059241,0.006652399999438785,1.5154090999931213,,E,0.0014925373134328358,0.9977060194684648,6.935296764419212,0.9222402517512522,0.9977266076221508,0.008974859813724619,0.14291069872677462,0.14261874484081832,3.5029252573287866,0.9661255188156553,0.04211054535281113
aggregation,P2_Full,,main,clean,0.0,15,0.05,39,0.9543147208121827,0.9067400765367434,0.8996522808638445,-0.07626299931385827,1.0,0.1111734209927748,0.07804293433825175,0.9166666666666666,0.24906329999794252,0.008951000003435183,0.28182310000556754,,E,0.00129366106080207,0.9954119083579246,6.939091914232806,0.9993028186304369,0.9954580496588195,0.010056752239159267,0.1430024112699012,0.1426378620407671,3.502690319548872,0.9591279331150654,0.049392718313381545
aggregation,P2_Full,,main,clean,0.0,15,0.1,78,0.9695431472081218,0.9445866952545373,0.9358487107254764,-0.09215584583978617,1.0,0.111126979516918,0.06890661288530399,1.0,0.7012553000022308,0.009060299998964183,1.060465500006103,,E,0.0015895025893739344,0.9949909780039872,6.928498685042288,1.1905374394410768,0.995042498708983,0.010285581703727485,0.14318747029001885,0.1427536180147505,3.5012690990022257,0.9589816217910948,0.049746401071417735
aggregation,P2_Full,,main,clean,0.0,15,0.15,118,0.9555837563451777,0.9328786491973161,0.912687633372189,-0.0911884704040278,1.0,0.11149542189556594,0.04325476437807083,0.975,0.21490290000656387,0.024222799998824485,1.3148242000024766,,E,0.0015209068850997394,0.9970255380843932,6.931974357854577,1.079843888420815,0.9970538467514876,0.009517239721859616,0.14305207597338873,0.14282365561493077,3.500410314899299,0.9611480699556902,0.048604958481043306
aggregation,P2_Full,,main,clean,0.0,15,0.2,157,0.9441624365482234,0.9282972223362764,0.8978813500655854,-0.08659945880538214,1.0,0.11097813014533253,0.04544605964269394,1.0,0.1605249999993248,0.0085042999999132,1.506196700000146,,E,0.001840424510874622,0.9974600486246282,6.921568257676913,1.2330844222859967,0.9974882764020249,0.011113510939750043,0.14319711812683655,0.14291323650804275,3.49931312248275,0.9564111472103086,0.055180947474627276
aggregation,P2_Full,,main,clean,0.0,16,0.05,39,0.9670050761421319,0.9294777108276873,0.9248284078208736,-0.1024615997530081,1.0,0.10987103735868277,0.10727330297231674,0.9583333333333334,0.7771846999967238,0.08229030000075,0.893138799998269,,E,0.0015066825601595688,0.9958479544826714,5.68700586145255,1.1646656190033466,0.9958845578658351,0.00881574708440701,0.17477188754475168,0.17444650745028117,3.183104071007281,0.9484823816879264,0.05980939216263278
aggregation,P2_Full,,main,clean,0.0,16,0.1,78,0.9695431472081218,0.9451168971264475,0.9335435849424641,-0.10289985170876702,1.0,0.11035147901873395,0.08070100194368607,0.9230769230769231,0.2124824999991688,0.014639000000897795,1.1523610000003828,,E,0.001458409879112798,0.9933641557387897,6.929278911749423,1.0923489994554858,0.9934468611851607,0.012463439935517438,0.1431711970567263,0.14250373046414827,3.5043400385781207,0.9532794589363383,0.05403446844036975
aggregation,P2_Full,,main,clean,0.0,16,0.15,118,0.9593908629441624,0.9370438061626741,0.9163453776559441,-0.09624504651535928,1.0,0.11161306311222416,0.04851909354329109,0.975,0.18972130000474863,0.01027800000156276,1.3646308000024874,,E,0.001432460302765053,0.9969404158395868,6.9393111258005,1.0170468149631877,0.9969691521522421,0.009392228207703352,0.14289933920786774,0.14252964897991616,3.504021018007471,0.9625107718916643,0.04597042999183053
aggregation,P2_Full,,main,clean,0.0,16,0.2,157,1.0,1.0,1.0,-0.10388552289756142,1.0,0.11182030513737824,0.026740864301339175,1.0,0.21478779999597464,0.007376699999440461,1.6110240999987582,,E,0.001515985769552395,0.9981058149108326,6.931589641322202,1.0157104656001046,0.998122833093755,0.00898443505853407,0.1429879290404387,0.1426365928206501,3.502705915475334,0.9640539846992671,0.04472115061234456
aggregation,P2_Full,,main,clean,0.0,18,0.05,39,0.7538071065989848,0.8499549960956962,0.727413339279639,-0.0885008642081212,1.0,0.11051186348379505,0.12051410600543022,0.9583333333333334,0.21183429999655345,0.008510799998475704,0.23527699999976903,,E,0.0015336530390376137,0.9950320580907115,5.664586124555488,1.1855137991760754,0.9950810109146853,0.009853743233649953,0.17546874001710006,0.17502630891017434,3.178356694240196,0.953985434081595,0.053027708212856524
aggregation,P2_Full,,main,clean,0.0,18,0.1,78,0.7411167512690355,0.8133368781659851,0.6792249629231022,-0.08637072519117761,1.0,0.10988312682731463,0.06403220311189309,1.0,0.2504211999985273,0.012396199999784585,0.521739299998444,,E,0.001995537400132271,0.997162249037321,5.624842335203604,1.494657512699071,0.9971893217063519,0.009540184951742933,0.17668353999572614,0.17604577939927032,3.170085166784954,0.9481102120872223,0.06143663323635457
aggregation,P2_Full,,main,clean,0.0,18,0.15,118,0.7271573604060914,0.7817436149060865,0.6342466039387624,-0.10009505801554894,1.0,0.10928097291053016,0.04693281054496765,1.0,0.2843651000002865,0.014424499997403473,0.8484318999981042,,E,0.002803415115863177,0.9976366914113988,5.51448868601704,1.9904247322628559,0.9976625523938962,0.010942702371643942,0.18018580753957025,0.17979697649933452,3.1404571971538426,0.9423076732843946,0.07140740573496361
aggregation,P2_Full,,main,clean,0.0,18,0.2,157,0.8121827411167513,0.9168639057213714,0.805369513407386,-0.0948590679951147,1.0,0.10496272773229763,0.06539492958631271,0.9743589743589743,0.26357269999425625,0.014718400001584087,1.1577650000035646,,E,0.0038065222996031428,0.9964451628333059,5.336877380791085,2.5503699407341056,0.996521225727869,0.02139701229518876,0.18616080195112414,0.18525310666398948,3.099505033961173,0.9089518936906479,0.10902740147243227
aggregation,P2_Full,,main,clean,0.0,17,0.05,39,0.9543147208121827,0.9087162329718236,0.8968397078706356,-0.09197822229084852,1.0,0.1101191566305106,0.11296847214301427,1.0,0.2401761000000988,0.024735799997870345,0.28498689999833005,,E,0.0014882026737244897,0.9962314159578166,5.724260606861204,1.1503806667890306,0.9962668073712394,0.009391170006210115,0.173626003374236,0.1728847301074476,3.196050208393913,0.9506836494135176,0.05700920747505171
aggregation,P2_Full,,main,clean,0.0,17,0.1,78,0.9695431472081218,0.9458466297779918,0.9364509831522919,-0.08874620427311164,1.0,0.11044133452575255,0.06375201619588412,0.9743589743589743,0.318157900001097,0.017032600000675302,0.6484113000042271,,E,0.0015320325907195436,0.9945143611737679,6.936642108114384,1.1474924104489381,0.9945796700265164,0.011905423382255267,0.1430178027390494,0.14241805473251323,3.5053954129590172,0.953571775052672,0.054430691069107966
aggregation,P2_Full,,main,clean,0.0,17,0.15,118,0.9581218274111675,0.9393719587597023,0.9185758418291675,-0.09886287927730093,1.0,0.1111384523788964,0.06418629512190818,0.975,0.29282750000129454,0.022124100003566127,0.9743828999999096,,E,0.001757995904523456,0.9966642642984974,6.945887634789304,1.2481770922116537,0.9966994762856036,0.010555988320771344,0.1427627037493269,0.14243032241403286,3.505244218806661,0.9583107476270614,0.05129960572535194
aggregation,P2_Full,,main,clean,0.0,17,0.2,157,0.9441624365482234,0.9282543157982388,0.8978042763609669,-0.09349861706539508,1.0,0.11078682583851192,0.03430053515311999,1.0,0.2070367999986047,0.01022489999741083,1.2153814000048442,,E,0.002113078139527553,0.9978035859303132,6.943339579794268,1.4157623534834607,0.9978286577855563,0.011414903769337598,0.14274342669619258,0.14243134105258462,3.5052316656746343,0.9550104998737184,0.05660137906802136
aggregation,P2_Full,,main,clean,0.0,19,0.05,39,0.9390862944162437,0.8749804515794349,0.863727930466031,-0.0743162169151289,1.0,0.11007410762699656,0.1013996663192908,0.9583333333333334,0.2646236000000499,0.027719799996702932,0.31245900000067195,,E,0.0015436133152548779,0.9954074366571823,5.688726285848835,1.1932130926920206,0.9954566065115815,0.010706407452408945,0.17471864006317026,0.17375610802405003,3.188798341209374,0.9509738556061964,0.055073932562303175
aggregation,P2_Full,,main,clean,0.0,19,0.1,78,0.9378172588832487,0.8936092604226136,0.8639163363132876,-0.09748255120657354,1.0,0.10905127192470328,0.07816906922902817,0.9743589743589743,0.2211985999965691,0.010750800000096206,0.5587025999993784,,E,0.0017542128988121393,0.9912646053954005,6.903578337135216,1.3139054612102923,0.9914004668268243,0.015552981585076044,0.1437091703957923,0.14238235651099862,3.505835527140529,0.9433540628268917,0.062457219991170106
aggregation,P2_Full,,main,clean,0.0,19,0.15,118,0.9111675126903553,0.8674675223822639,0.8154075653549325,-0.09446970049504036,1.0,0.11100786112728989,0.05618852749466896,0.95,0.2705506999991485,0.01740789999894332,0.8613215000004857,,E,0.0015742263276331144,0.995542107826965,6.944479990297306,1.1177006926195112,0.9955918641675062,0.011161405123767313,0.14279192761174497,0.1423151035976082,3.506665270798437,0.957315093585743,0.051865620663449685
aggregation,P2_Full,,main,clean,0.0,19,0.2,157,0.9352791878172588,0.9135770957195387,0.8711626191528071,-0.09216504828397068,1.0,0.11062741927465879,0.02876891845311874,1.0,0.2507802999971318,0.01951510000071721,1.151694200001657,,E,0.0016506166881944478,0.9971739963762137,6.9370514032934905,1.10591318109028,0.9972079809412203,0.012025662218045994,0.14287417320153456,0.14235994913325747,3.5061118946873533,0.9540053224167369,0.05627324377277981
aggregation,P2_Full,,main,clean,0.0,20,0.05,39,0.9467005076142132,0.8996892976063375,0.8826322480478892,-0.09459476364974367,1.0,0.11078290259606978,0.07531492412090302,1.0,0.29174329999659676,0.009916399998473935,0.32461729999340605,,E,0.0014587089984562985,0.9962582990320819,5.650908553675651,1.1275820558067187,0.9962944274279442,0.00965560748228561,0.17589658328629115,0.1752743164710535,3.1763356151286857,0.9557779301721615,0.05155096759445394
aggregation,P2_Full,,main,clean,0.0,20,0.1,78,0.9606598984771574,0.9329584576014232,0.9190021566349799,-0.09340947716445006,1.0,0.10989851376775824,0.07431785800518134,0.9487179487179487,0.307752700005949,0.00943849999748636,0.6680740999945556,,E,0.0021849464865327096,0.9928039685997343,6.928296133918225,1.6365249184129995,0.9928997058420846,0.013304172400751452,0.14319169550972163,0.14243590384327054,3.505175438596491,0.9498185451707312,0.05774679530118614
aggregation,P2_Full,,main,clean,0.0,20,0.15,118,0.9479695431472082,0.925770203577104,0.9007060182096415,-0.09174663169586754,1.0,0.11106668274800378,0.053195329010486604,0.95,0.2753478000013274,0.015275999998266343,0.9823711999997613,,E,0.0019499867196314485,0.9961612310526632,6.945377912893995,1.3844905709383284,0.9962028387616196,0.010838815653470765,0.1427732846288121,0.14243032241403286,3.505244218806661,0.9573959875344339,0.0530425818263809
aggregation,P2_Full,,main,clean,0.0,20,0.2,157,0.9365482233502538,0.9234026014102527,0.8877639921051376,-0.09646662439173277,1.0,0.11019805328731291,0.03330131983145689,1.0,0.16504420000273967,0.01435219999984838,1.1831791999939014,,E,0.002502453745518235,0.997381876402728,6.935921649501925,1.6766440094972173,0.9974158513592665,0.012976834467954813,0.14289768865734562,0.14249380898199585,3.5044621888210425,0.9501063886433494,0.06249683897470866
aggregation,P2_Full,,main,clean,0.0,22,0.05,39,0.9543147208121827,0.9089369504162621,0.9007371972513823,-0.09268502734906857,1.0,0.11032983842527384,0.07857779910167058,1.0,0.29280329999892274,0.026146200005314313,0.3373349999965285,,E,0.0014794202868359363,0.9963853204293751,5.698601717833918,1.1435918817241788,0.9964172798978491,0.00884157719918544,0.1744136154022305,0.1739471408749975,3.1872182189511,0.9522709839906475,0.05566879217657516
aggregation,P2_Full,,main,clean,0.0,22,0.1,78,0.9225888324873096,0.8892460235373789,0.8460460273272353,-0.09734040363852588,1.0,0.11077843055646817,0.05748216769634149,0.9487179487179487,0.20765050000045449,0.015210799996566493,0.5903756999978214,,E,0.0017440739825232126,0.9952088754515602,6.94052702350257,1.3063114129098863,0.9952619729121357,0.01108246300814168,0.14293700112299107,0.1424930209976939,3.504471890971039,0.9557217515193356,0.05415454229541253
aggregation,P2_Full,,main,clean,0.0,22,0.15,118,0.998730964467005,0.9962537380545686,0.9970053803965649,-0.10507728387518148,1.0,0.10868592527517658,0.07054967731237412,0.95,0.3078103000007104,0.05484050000086427,0.982053799998539,,E,0.002421253812494878,0.986681564623113,6.762306223122815,1.7190902068713634,0.9869343979822092,0.018983713322285975,0.14667668041247947,0.14446055742068772,3.480576182618262,0.9403312688947998,0.06432429824339159
aggregation,P2_Full,,main,clean,0.0,22,0.2,157,1.0,1.0,1.0,-0.09338704032205598,1.0,0.11201768038564036,0.034905785169356905,0.9743589743589743,0.21388219999789726,0.01566639999509789,1.2219782999964082,,E,0.0014925373134328358,0.9976351120300843,6.938492790451956,0.974003606954837,0.9976559994356928,0.008832302364544591,0.14284418231667498,0.14255181491644914,3.5037482784524854,0.96575281987042,0.042734655510537733
aggregation,P2_Full,,main,clean,0.0,21,0.05,39,0.9695431472081218,0.936710554628857,0.9309278210358964,-0.0725571710769606,1.0,0.11047057381974848,0.13564200202624002,1.0,0.2722501000025659,0.04114599999593338,0.330917799998133,,E,0.001447886708804201,0.9954648452406878,5.575492148988131,1.1192164259056474,0.9955077974821644,0.009470953860717028,0.17829335422499187,0.17791526184906395,3.155163319896018,0.9540720704721404,0.05194629768095775
aggregation,P2_Full,,main,clean,0.0,21,0.1,78,0.9733502538071066,0.9489926653883302,0.9428879212672762,-0.0913269015844553,1.0,0.11087497638198754,0.05861020699525491,1.0,0.26066619999619434,0.017762400006176904,0.6271574999991572,,E,0.0013705715109104154,0.9955708626947981,6.9248779229523665,1.0265580616719012,0.9956185686881563,0.010770944784715278,0.14326303672758345,0.14276075765905344,3.501181515841064,0.956833555665426,0.051096915823600854
aggregation,P2_Full,,main,clean,0.0,21,0.15,118,0.9619289340101523,0.9403489689528842,0.9239490856656977,-0.07991212798929999,1.0,0.11147393786523456,0.04124725162982941,0.975,0.31576859999768203,0.019766500001423992,0.9858613999967929,,E,0.0017448364631137384,0.9972528393915432,6.9277409437874855,1.2388338888107542,0.9972793484936443,0.009649636799370991,0.14314035433722314,0.14283557480283676,3.5002642485605406,0.9609882923934546,0.04845393975006423
aggregation,P2_Full,,main,clean,0.0,21,0.2,157,0.949238578680203,0.9320082714579585,0.9050155749260926,-0.10225019653576076,1.0,0.1110697365600188,0.030886549216050368,1.0,0.2897143000009237,0.013243000001239125,1.3183239999998477,,E,0.002047278363168088,0.9978128254888214,6.916821798402695,1.371676503322619,0.9978365576510616,0.010850602966923808,0.14329640854753894,0.14298462842736986,3.4984396941800595,0.9574701772589226,0.053368977971640634
aggregation,P2_Full,,main,clean,0.0,23,0.05,39,0.9555837563451777,0.9090275374565281,0.9029136286109668,-0.10052272807443853,1.0,0.11056125481976103,0.0935130442182223,1.0,0.3605027000012342,0.01985140000033425,0.4041642000011052,,E,0.0014192798736449145,0.9966434572700578,5.719606140670908,1.097103342327519,0.9966723585872289,0.008610442200928822,0.1737683497952518,0.1732667958093425,3.192861564053463,0.9539148458033931,0.0542425005908023
aggregation,P2_Full,,main,clean,0.0,23,0.1,78,0.9098984771573604,0.8474348623684146,0.8114090823333604,-0.09043334011056373,1.0,0.11064361379586096,0.07862053238428555,0.9487179487179487,0.24510780000127852,0.012678699997195508,0.6743369999967399,,E,0.0018026399286624666,0.9953565263707462,6.936075853827277,1.3501773065681875,0.9954087806338733,0.011253270137650392,0.1430295877122971,0.14260725530654061,3.5030664864323624,0.9545987905281746,0.05588762903482601
aggregation,P2_Full,,main,clean,0.0,23,0.15,118,0.998730964467005,0.9962537380545686,0.9970053803965649,-0.08643476042981475,1.0,0.10752658086078482,0.06797595545649529,0.975,0.23010909999720752,0.010343500005546957,0.9280741000038688,,E,0.0034964689415612174,0.9930727173214238,6.879284264555437,2.4824929485084644,0.9932011219393438,0.018536073071933834,0.14415854911892007,0.14270049067323545,3.5019210958598994,0.9284643067208028,0.08336729371136674
aggregation,P2_Full,,main,clean,0.0,23,0.2,157,1.0,1.0,1.0,-0.09607893706614112,1.0,0.11237044352253864,0.02521152526904375,1.0,0.2589231000019936,0.008914500001992565,1.2276908999992884,,E,0.0014925373134328358,0.9983570594495919,6.938347992567318,0.9812409854374919,0.9983698031340044,0.007756631491830605,0.14284719455744815,0.142645516810566,3.5025962651318467,0.9684480273571102,0.0403256932364491
aggregation,P2_Full,,main,clean,0.0,24,0.05,39,0.7817258883248731,0.8619092054044981,0.7539937306453852,-0.1018056360182874,1.0,0.11082330665518308,0.10244471579790115,1.0,0.2679076999993413,0.01947890000155894,0.30286879999766825,,E,0.001496977276430214,0.9961430132824765,5.698457582598266,1.1571634346805555,0.9961795465516465,0.009471971734862314,0.17441805973666008,0.17384994872276105,3.1880217068609875,0.9566680698463615,0.05012963236364797
aggregation,P2_Full,,main,clean,0.0,24,0.1,78,0.9809644670050761,0.9640587328375106,0.957854238712626,-0.09616161865606908,1.0,0.11063079612752487,0.07761230759131603,0.9743589743589743,0.21919699999853037,0.014102399996772874,0.5605346000011195,,E,0.0017795381619175516,0.9957714883692236,5.63948906855414,1.3328740832762462,0.99580821224103,0.008684822228966755,0.17622118997423142,0.1757423445163962,3.1725370708917326,0.9543512128807404,0.05363743146151997
aggregation,P2_Full,,main,clean,0.0,24,0.15,118,0.9682741116751269,0.948805226189795,0.933064954431135,-0.09018582029326512,1.0,0.11166374182340083,0.04425119757652283,1.0,0.28964100000303006,0.026376499998150393,0.9391109999996843,,E,0.0015179504104508052,0.9973293743611583,6.939087197646362,1.0777447914200717,0.997354141406858,0.0092738740089227,0.1429039961635944,0.14255348735572818,3.503727703455964,0.9629311607570645,0.04558204994168025
aggregation,P2_Full,,main,clean,0.0,24,0.2,157,0.9555837563451777,0.9365512994460967,0.9109273028376219,-0.10556541557803499,1.0,0.11188272711415169,0.028860040200062286,1.0,0.2785126999951899,0.04566730000078678,1.2871310999980778,,E,0.001533797587341261,0.998253272133799,6.932283727231661,1.0276443835186448,0.9982689225300468,0.008959836589710293,0.14297346289791799,0.142645516810566,3.5025962651318467,0.964495558686632,0.044327206861094974
aggregation,P2_Full,,main,clean,0.0,25,0.05,39,0.9441624365482234,0.8860402826073792,0.8760777298872898,-0.08415123126810882,1.0,0.11081428192220256,0.07555677617589633,0.9166666666666666,0.4347983000043314,0.0059658999962266535,0.4519055999990087,,E,0.001340452102489789,0.9945049609022979,6.940543841938404,1.036169475224607,0.9945655862474367,0.011032741361963859,0.1429722248892614,0.14253061552795449,3.5040091234010533,0.9563369626437999,0.051951050331887044
aggregation,P2_Full,,main,clean,0.0,25,0.1,78,0.8959390862944162,0.8250133316490237,0.7812925159534068,-0.08501658841836918,1.0,0.11079789867590795,0.0616726095859821,1.0,0.20688869999867165,0.009125299999141134,0.6779384999972535,,E,0.0017711271129079384,0.996058516105969,6.939322783785379,1.3265742075680458,0.996100807767309,0.010729883078831723,0.142962038200148,0.14255370797426872,3.503724989357173,0.9562380516248215,0.053099786952849996
aggregation,P2_Full,,main,clean,0.0,25,0.15,118,0.8857868020304569,0.8340216017385594,0.7754099989319803,-0.09622364592149943,1.0,0.10984563233107973,0.04794699102640152,1.0,0.24155980000068666,0.006015099999785889,0.9370407999958843,,E,0.004272016519567246,0.9966139347216059,6.933175022485532,3.0331317288927444,0.9966587685281001,0.013240679906637208,0.14302705842665922,0.14257335266890483,3.503483349588965,0.9465915190016246,0.06652712584724123
aggregation,P2_Full,,main,clean,0.0,25,0.2,157,1.0,1.0,1.0,-0.10114493408293664,1.0,0.10621805868698889,0.04934764672548343,0.9743589743589743,0.4456701999952202,0.006403299994417466,1.4112064000000828,,E,0.010794061797973039,0.9951490606027689,6.911455427160317,7.2320214046419355,0.995259006204987,0.022664806383858472,0.14340883106343766,0.1426365928206501,3.502705915475334,0.9166401384011799,0.10344372538013984
aggregation,P2_Full,,main,clean,0.0,27,0.05,39,0.949238578680203,0.8989713938002104,0.8877020992708684,-0.09592929672184192,1.0,0.11065414682552054,0.08618038768569629,0.9166666666666666,0.434274600003846,0.013859400001820177,0.4645455999998376,,E,0.001350585688916276,0.9937886514480065,6.939246049928665,1.0440027375322813,0.9938605514874876,0.011575592462608633,0.1429992061041458,0.14248034372507357,3.5046279961423563,0.9553904697882636,0.05270355341294639
aggregation,P2_Full,,main,clean,0.0,27,0.1,78,0.9949238578680203,0.9867807935821519,0.9878631012405563,-0.08551968786667095,1.0,0.10988549937481995,0.07890442548654018,0.9743589743589743,0.21979219999775523,0.004845700001169462,0.7257305000021006,,E,0.0016681914120264172,0.9919202736825662,6.9093804870090345,1.2494753676077865,0.9920325911063522,0.013901142114640708,0.14358736800970012,0.14256798726287456,3.503549340210832,0.9493543303415208,0.058030890086501905
aggregation,P2_Full,,main,clean,0.0,27,0.15,118,0.9961928934010152,0.9896441640470827,0.990936988248635,-0.08941474161087495,1.0,0.11176365605484424,0.036889773607254026,1.0,0.5292315999977291,0.022889400002895854,1.2990989000027184,,E,0.0014254756805887718,0.9973914990516126,6.945494717330495,1.012087733218028,0.9974147583817404,0.00891674206296439,0.14277085984856674,0.1424859452909275,3.5045590162563087,0.9636550219876222,0.04495364815232988
aggregation,P2_Full,,main,clean,0.0,27,0.2,157,0.998730964467005,0.9962537380545686,0.9970053803965649,-0.09995064800010574,1.0,0.11212339156786277,0.02319346635769575,1.0,0.20477389999723528,0.012389399998937733,1.5289245000021765,,E,0.0015056391661512627,0.9982701563642088,6.939890758652416,1.008778241321346,0.9982845081669172,0.008296589594219972,0.14281510674904974,0.14257412489123888,3.5034738522204485,0.9664714515264614,0.042446116572198864
aggregation,P2_Full,,main,clean,0.0,26,0.05,39,0.9251269035532995,0.8581662014516561,0.8368632055915962,-0.0799342749883274,1.0,0.11060613144611395,0.09881982455650966,0.9583333333333334,0.4004657999976189,0.01064559999940684,0.4271385999963968,,E,0.0015114753134116501,0.9932030170659601,6.928779726085557,1.1683704172672056,0.9932830423681094,0.01177365059260473,0.14321717138438297,0.1426378620407671,3.502690319548872,0.9549451707216375,0.05281116236997225
aggregation,P2_Full,,main,clean,0.0,26,0.1,78,0.9936548223350253,0.9842590796849168,0.9848158274733317,-0.10251404614693116,1.0,0.10911579602392892,0.06135044877345745,0.9743589743589743,0.3154482000027201,0.009320000004663598,0.7926105000005919,,E,0.0018298454091759256,0.9904160557350061,6.826534211290966,1.3705542114727682,0.9905669099666812,0.01574030769628102,0.14534615736916806,0.1437745871500682,3.488833022967101,0.9437060773068758,0.0625073019594783
aggregation,P2_Full,,main,clean,0.0,26,0.15,118,0.9949238578680203,0.9867807935821519,0.9878631012405563,-0.09743337984249177,1.0,0.11167897174945492,0.041909684985876085,0.95,0.4763617999997223,0.02617610000015702,1.322664799998165,,E,0.0014300983644175162,0.9967062440568033,6.937835989970638,1.0153698387364365,0.9967367353771609,0.00925731016003558,0.14293002262588725,0.1426448677963408,3.5026042392000667,0.9630334476756777,0.045564819593979025
aggregation,P2_Full,,main,clean,0.0,26,0.2,157,0.9974619289340102,0.9934128487254016,0.9940373138098214,-0.09263479737938783,1.0,0.1120591149100526,0.026784867812425662,1.0,0.2094372999999905,0.01712979999865638,1.5676763000010396,,E,0.0015113419686113947,0.998077871317409,6.932710306854061,1.0125991189696344,0.998094192871017,0.008491394856038463,0.1429645735601568,0.14272583271980901,3.5016100290743117,0.9659952996086109,0.042946776852981726
compound,P2_Full,,main,clean,0.0,0,0.05,19,0.9097744360902256,0.8544063358753542,0.80203495622488,-0.08851174714398842,1.0,0.12332707888807289,0.1951720491051674,0.9166666666666666,0.06755419999535661,0.008858799999870826,0.0986068999991403,,D,0.002551020408163265,0.9833380087677566,5.8878734946227,0.15097140102517154,0.9836983084641175,0.021624047890731107,0.16771743578944975,0.16609687353202152,2.0,0.9374902092503998,0.06740987794586789
compound,P2_Full,,main,clean,0.0,0,0.1,39,0.8947368421052632,0.8303317803263431,0.7715301586729071,-0.08288263800679467,1.0,0.12424261920538214,0.15253922939300538,1.0,0.09295060000295052,0.01147569999739062,0.220667699999467,,D,0.002631578947368421,0.985737289934346,5.897399287693923,0.12928527908654944,0.9860156422758455,0.019516090575928378,0.16737515199335737,0.16612970420774892,2.0,0.9434307773813078,0.061828714100784485
compound,P2_Full,,main,clean,0.0,0,0.15,59,0.8771929824561403,0.8054808719098915,0.7395311040952889,-0.07199583501170326,1.0,0.12503536937058993,0.14330281168222428,0.95,0.062489299998560455,0.008309700002428144,0.30157429999962915,,D,0.002777777777777778,0.9899416612959864,5.9096813872879315,0.13286171904414676,0.9901165768479563,0.017390103586397608,0.16689969266353172,0.16595481275147014,2.0,0.9475980028808406,0.06009953334190722
compound,P2_Full,,main,clean,0.0,0,0.2,79,0.9473684210526315,0.9148697747243952,0.8767501989378955,-0.07650121245358689,1.0,0.12206261495098421,0.11061927378177643,1.0,0.07440170000336366,0.0053992000030120835,0.39840080000431044,,D,0.0029411764705882353,0.9939437187838069,5.887851047370699,0.22873688820638188,0.9940814023199792,0.022734006440139887,0.16739240724718485,0.16588582335589103,2.0,0.9276533109634473,0.08379054530889334
compound,P2_Full,,main,clean,0.0,1,0.05,19,0.9097744360902256,0.8421819463196479,0.7997516850944335,-0.0685603011453887,1.0,0.1192388891645137,0.16575243324041367,0.9166666666666666,0.10624649999954272,0.02712980000069365,0.1525379000013345,,D,0.002551020408163265,0.9841820231279105,5.026935695988263,0.27195705936430736,0.9845779492540241,0.02503013686991592,0.19687956870298623,0.19509107991022495,2.0,0.9111919500115225,0.0948066171657004
compound,P2_Full,,main,clean,0.0,1,0.1,39,0.8972431077694235,0.8255313540245152,0.7753772807849311,-0.07977546392618776,1.0,0.12315737430513575,0.16927509307861327,0.95,0.07016830000065966,0.009740100002090912,0.24035330000333488,,D,0.002631578947368421,0.983531294438389,5.90253924154118,0.15228872277786254,0.983900848325816,0.0224397652896571,0.16722710343253197,0.16556033884182753,2.0,0.9366156783646995,0.06836421178715127
compound,P2_Full,,main,clean,0.0,1,0.15,59,0.9423558897243107,0.9101356806747252,0.8671372668130575,-0.05656368939861682,1.0,0.121243404339105,0.1997050255537033,1.0,0.061693100004049484,0.0031285000004572794,0.313336100000015,,D,0.002777777777777778,0.9852791372263456,5.8859551244481745,0.1872012754962048,0.9856673520274533,0.026371742409174524,0.16758369309498614,0.16556793562364594,2.0,0.922835772547042,0.08550872640796442
compound,P2_Full,,main,clean,0.0,1,0.2,79,0.9473684210526315,0.9148697747243952,0.8767501989378955,-0.07088527460984632,1.0,0.1265033558624297,0.13098061680793763,1.0,0.0689704000033089,0.0033258000039495528,0.3938737999997102,,D,0.0029411764705882353,0.989975240386689,5.904819110078637,0.08765072772486354,0.9901321211649688,0.01564933069033737,0.16690291246479705,0.1657817109144543,2.0,0.9577771374127766,0.04794969109784069
aggregation,P2_Full,,main,clean,0.0,28,0.05,39,0.950507614213198,0.9009005394993619,0.8873255295179152,-0.09215704402946885,1.0,0.11047912348427831,0.09470600138107936,0.9583333333333334,0.2795687999969232,0.027636400001938455,0.32782090000546305,,E,0.0015045828354901382,0.9957579967535465,5.7105737202030005,1.1630425318338768,0.995798525838123,0.00955423233361547,0.17404524821270567,0.17341761121798524,3.1916067563388992,0.953826315182022,0.05260539352615959
aggregation,P2_Full,,main,clean,0.0,28,0.1,78,0.9974619289340102,0.9924878983912899,0.9939181862639,-0.11214196732723274,1.0,0.11055742938570165,0.05386945681694227,1.0,0.5628732000041055,0.013160000002244487,0.9359535000039614,,E,0.0016150954594107288,0.9960166593187155,6.945220687150664,1.209706499098636,0.996061229140399,0.011189055933074602,0.14283949908698051,0.14232523935657526,3.5065401690536504,0.9538496292695394,0.05594337029874866
aggregation,P2_Full,,main,clean,0.0,28,0.15,118,1.0,1.0,1.0,-0.09469526276162868,1.0,0.11198217879588931,0.045986831188201904,1.0,0.26751230000081705,0.02145899999595713,1.2528238000013516,,E,0.0014978849693708868,0.9977543066435585,6.956436375530699,1.0634983282533297,0.9977732123956846,0.008418670372756395,0.14254407958545595,0.1422872921591609,3.5070086281517883,0.9652324374531546,0.04365997932457411
aggregation,P2_Full,,main,clean,0.0,28,0.2,157,0.9302030456852792,0.9156357205783867,0.8657698041191574,-0.09619128188696104,1.0,0.11241775768835852,0.0165326931537726,1.0,0.25477310000133,0.013602799997897819,1.5473316999996314,,E,0.0015140138079180812,0.9989189916311239,6.953264318366109,1.0143892513051145,0.9989270950934536,0.00749620684082393,0.1425375483760288,0.14234656314838365,3.506277035922513,0.9686273918462748,0.04063157270962603
compound,P2_Full,,main,clean,0.0,2,0.05,19,0.9323308270676691,0.9014100970285032,0.8490165361482634,-0.07262685127440001,1.0,0.11868437756731487,0.2595189760128657,0.8333333333333334,0.10859580000396818,0.020887900005618576,0.15443959999538492,,D,0.002551020408163265,0.9807857889261443,5.040193046649723,0.3427008907860017,0.9812954017377501,0.02652270289146504,0.1963549840841875,0.19522156688762463,2.0,0.9078673117530265,0.09845367670302115
compound,P2_Full,,main,clean,0.0,2,0.1,39,0.9348370927318296,0.9033889126497009,0.8533863916324547,-0.07973824997623694,1.0,0.12377763227101866,0.15841638296842575,0.95,0.10607870000239927,0.012064000002283137,0.2895783999993,,D,0.002631578947368421,0.9837268163603443,5.9168523281151195,0.13716512236022899,0.9840632389791393,0.02067343589580017,0.16681619214490068,0.16546313012081657,2.0,0.9412056998775207,0.06332431112426948
compound,P2_Full,,main,clean,0.0,2,0.15,59,0.9373433583959899,0.9054637799516481,0.8578582536086288,-0.07880215061138554,1.0,0.1254471299896336,0.11850629448890686,1.0,0.06732059999922058,0.009210200005327351,0.38165029999800026,,D,0.002777777777777778,0.9896610759590425,5.935519326186867,0.11333884221063634,0.9898340129219284,0.01672678532125806,0.16616103513501568,0.16527390900649955,2.0,0.9510609028237672,0.05450931073698476
compound,P2_Full,,main,clean,0.0,2,0.2,79,0.9473684210526315,0.9151001604747496,0.8767801628882481,-0.07990913928022451,1.0,0.12668345973752623,0.09335697591304778,1.0,0.11457339999469696,0.009272100003727246,0.5348208999930648,,D,0.0029411764705882353,0.9933334806027013,5.940280931039273,0.08855431957590412,0.9934262205024366,0.01391129226636389,0.1658889388142178,0.16515703626583378,2.0,0.9589698174882331,0.04729249027840918
compound,P2_Full,,main,clean,0.0,3,0.05,19,0.6842105263157895,0.7319286194859307,0.6051007018145517,-0.05553216928858193,1.0,0.1192858933437938,0.2541707331935565,0.8333333333333334,0.10189600000012433,0.006070199997338932,0.13499259999662172,,D,0.002551020408163265,0.9829006344342088,5.026234100734304,0.29605853819692773,0.9833452678299905,0.02600291771475025,0.196907407464465,0.1952346155853646,2.0,0.9110072558527995,0.09588620960172115
compound,P2_Full,,main,clean,0.0,3,0.1,39,0.7167919799498746,0.7438298109876648,0.6229199398508197,-0.05729059794605312,1.0,0.1197111795962427,0.2161583960056305,0.85,0.1072130999964429,0.015965000005962793,0.2847786999991513,,D,0.002631578947368421,0.9863585394979341,4.96826750464272,0.2841386303948185,0.9866765231457469,0.02331008822440372,0.199169959400581,0.19822246910151367,2.0,0.9135795547417466,0.09550548948877513
compound,P2_Full,,main,clean,0.0,3,0.15,59,0.9473684210526315,0.9148697747243952,0.8767501989378955,-0.07036009283444201,1.0,0.12126900943415557,0.16198169589042663,0.9,0.10433580000244547,0.01795680000213906,0.431312100001378,,D,0.002777777777777778,0.9904164416181909,4.857924697930346,0.4029568416338559,0.9906058485646169,0.01976373898712618,0.20363709879461026,0.20385329619312906,2.0,0.9225245386290811,0.08875660530827406
compound,P2_Full,,main,clean,0.0,3,0.2,79,0.9523809523809523,0.9201226309287978,0.8867594112795947,-0.07034170497183723,1.0,0.12626537032802318,0.14830835461616515,1.0,0.0842285999970045,0.012100200001441408,0.5478865999975824,,D,0.0029411764705882353,0.9894542342554387,5.952479433557833,0.10238873644641219,0.98962151353969,0.015862222649649725,0.16554293502803824,0.16453236161721327,2.0,0.9562991850844328,0.04897943319274275
compound,P2_Full,,main,clean,0.0,4,0.05,19,0.8947368421052632,0.8225440229610165,0.7705642192348475,-0.0829776736023675,1.0,0.12331360002914628,0.19629532595475516,1.0,0.09529290000500623,0.008680599996296223,0.11364489999687066,,D,0.002551020408163265,0.9834119728775873,5.894393446758523,0.14124267695645726,0.9837674808703067,0.021431601847283165,0.16752908990906037,0.16592724046140195,2.0,0.9378807504023925,0.06701871309315115
compound,P2_Full,,main,clean,0.0,4,0.1,39,0.7117794486215538,0.7236821604634781,0.6128045688364623,-0.07055062693157711,1.0,0.12406947822401271,0.1447921872138977,1.0,0.07047280000551837,0.003119400003924966,0.2298259000017424,,D,0.002631578947368421,0.9876551623037699,5.9005778577045245,0.13234582041098136,0.9878932537448698,0.019286721053659354,0.16728356768078015,0.1659491737258714,2.0,0.9426739145139109,0.06335213234393017
compound,P2_Full,,main,clean,0.0,4,0.15,59,0.8872180451127819,0.8154992355219803,0.7609324299105233,-0.0792360713900675,1.0,0.11761744113988787,0.18640701174736024,0.8,0.10351599999557948,0.05138509999960661,0.4103601000024355,,D,0.002777777777777778,0.9856090117415603,4.982888861288419,0.3372856189703545,0.9859795063360028,0.025744902837039244,0.19846029674480686,0.197090683998762,2.0,0.9004928380837189,0.1064998438247316
compound,P2_Full,,main,clean,0.0,4,0.2,79,0.8947368421052632,0.8324475110361763,0.7806884259737453,-0.07972510862416664,1.0,0.12451549121118592,0.15486678034067153,0.95,0.09333609999885084,0.011924099999305326,0.5252026000016485,,D,0.0029411764705882353,0.9870974364164883,5.935202630567137,0.13576256391326164,0.9873574608519223,0.020152928040306783,0.16603340129798672,0.1648794030886691,2.0,0.9441371732888189,0.06290258367812158
aggregation,P2_Full,,main,clean,0.0,29,0.05,39,0.7956852791878173,0.9130509317989903,0.8054433981171507,-0.077790500996077,1.0,0.10994645009916437,0.12126740689078967,0.9583333333333334,0.26574900000559865,0.021266999996441882,0.3053053999974509,,E,0.0015131026749392019,0.9946434763694874,5.684800523879995,1.169628367728003,0.9946966510546671,0.00992708869551543,0.17484019032221673,0.1742186086105544,3.1849787430506127,0.9494674212040386,0.05758941605131829
aggregation,P2_Full,,main,clean,0.0,29,0.1,78,0.9809644670050761,0.9627020951143788,0.957491300124443,-0.08032783895645144,1.0,0.11139575836477517,0.07363774608343075,0.9743589743589743,0.22186130000045523,0.016295900000841357,0.5824121999976342,,E,0.0013475055453205445,0.9967059409421337,5.555880019421132,1.009281653445088,0.9967350828163478,0.008846797735604204,0.17889321724670537,0.17842328095214297,3.1511624417278563,0.9611119996338617,0.0459681667139374
aggregation,P2_Full,,main,clean,0.0,29,0.15,118,0.9695431472081218,0.9478824839830635,0.9347997774065975,-0.10012363532983481,1.0,0.11153627848103716,0.04643040895462036,1.0,0.27707029999874067,0.02983999999560183,0.9016604999997071,,E,0.0015420480297440274,0.9968142643249694,6.921507923241032,1.0948541011182595,0.9968455533458382,0.009821599800007678,0.14327052655747788,0.1428991438050021,3.4994856396140905,0.9618984195323116,0.04660676587973736
aggregation,P2_Full,,main,clean,0.0,29,0.2,157,0.9568527918781726,0.9374158793552795,0.9129968414161045,-0.0877101207678621,1.0,0.11179185408897668,0.026392655494885568,1.0,0.26301459999376675,0.007297700001799967,1.2060089999940828,,E,0.0015745419437056978,0.997905474564203,6.9123799972902935,1.0549431022828175,0.9979251908488123,0.009413246682167316,0.14338944938306705,0.143056020346697,3.497567137643866,0.9637227895933491,0.04511648573434925
compound,P2_Full,,main,clean,0.0,7,0.05,19,0.9348370927318296,0.9033889126497009,0.8533863916324547,-0.0609156449890989,1.0,0.1190420838698328,0.2534369354446729,0.8333333333333334,0.23611380000511417,0.0294791999986046,0.29269449999992503,,D,0.002551020408163265,0.9837846419726736,5.04160521674645,0.34916320437877324,0.9842018899670376,0.025731654747363806,0.19629926803483064,0.19489534944412548,2.0,0.9095361941226443,0.09770424784483257
compound,P2_Full,,main,clean,0.0,7,0.1,39,0.9398496240601504,0.9076411312100192,0.8624313716765281,-0.0791885705072685,1.0,0.12431973386511856,0.15577649921178818,0.95,0.08126749999792082,0.014504499995382503,0.3962473999999929,,D,0.002631578947368421,0.9853153757753181,5.92579277262168,0.12799239307703442,0.9855974872168425,0.01921134904155238,0.16656053007061944,0.16533814747951672,2.0,0.9446574122652659,0.060285679918459734
compound,P2_Full,,main,clean,0.0,7,0.15,59,0.9423558897243107,0.9101356806747252,0.8671372668130575,-0.07109903961474612,1.0,0.12599062941598776,0.11875489056110382,1.0,0.0812729000026593,0.003501999999571126,0.4921522000004188,,D,0.002777777777777778,0.9913532262281494,5.93593859839868,0.1034547018994358,0.9914857680812137,0.015328474707614819,0.16614910196004876,0.16527390900649955,2.0,0.9545651616595682,0.05141722788763993
compound,P2_Full,,main,clean,0.0,7,0.2,79,0.949874686716792,0.9175468462383821,0.8817200946954276,-0.08372230407708459,1.0,0.1272253743663666,0.08530339896678925,1.0,0.043622199998935685,0.003100600006291643,0.5460087999963434,,D,0.0029411764705882353,0.9953551961400832,5.947244550030721,0.0818030158068772,0.9954120976487393,0.012250572978367798,0.16569124574747915,0.165052923824397,2.0,0.9624508296063405,0.04426967061574048
compound,P2_Full,,main,clean,0.0,5,0.05,19,0.6842105263157895,0.7686558590583291,0.6425081732613838,-0.06214574443270963,1.0,0.1229111155921176,0.19474374751249948,1.0,0.19122779999452177,0.008348999996087514,0.26771759999974165,,D,0.002551020408163265,0.9836813870891469,5.883909990545648,0.15189441040998944,0.9840436238122979,0.02219776430324637,0.16783213597702917,0.16616211702072134,2.0,0.9347400933357095,0.07073395925351326
compound,P2_Full,,main,clean,0.0,5,0.1,39,0.9047619047619048,0.8435151772731488,0.7901360901213238,-0.08070596801497086,1.0,0.11968077315622531,0.21139116138219832,0.75,0.10143580000294605,0.040079700003843755,0.42777100000239443,,D,0.002631578947368421,0.9861243277775303,5.044248108080997,0.295906639585968,0.9864573455119832,0.024000115389980835,0.19613015447827928,0.1941397028190529,2.0,0.9140313416880188,0.09284413969329737
compound,P2_Full,,main,clean,0.0,5,0.15,59,0.9448621553884712,0.9124433775178236,0.8718937641008938,-0.06714041835483134,1.0,0.12425021997142151,0.14306038618087769,1.0,0.06696409999858588,0.004792500003532041,0.5126280999975279,,D,0.002777777777777778,0.9883127472840569,5.92184663790885,0.14233157738089008,0.9885417067558938,0.019590529733689223,0.1665511083100343,0.16545961002785514,2.0,0.9424133788829677,0.06500621681508122
compound,P2_Full,,main,clean,0.0,5,0.2,79,0.9473684210526315,0.9148697747243952,0.8767501989378955,-0.08018978477380907,1.0,0.1265924638191189,0.11467865407466889,1.0,0.07015099999989616,0.00420740000117803,0.6020367000019178,,D,0.0029411764705882353,0.9925178318983292,5.935503878075559,0.10310633658288079,0.9926258722229448,0.014439708270056858,0.16602482480891018,0.16536526114870728,2.0,0.9583269234366028,0.047854778088828875
compound,P2_Full,,main,clean,0.0,6,0.05,19,0.6741854636591479,0.7377962814022858,0.613823997800858,-0.06425645753964153,1.0,0.12220798224528531,0.1928317372997602,0.9166666666666666,0.27433839999866905,0.004767700003867503,0.31649010000546696,,D,0.002551020408163265,0.9818325787183277,5.905931048241213,0.14753119453263108,0.9822644753443378,0.02377313870327767,0.16719681515131601,0.16531395166762358,2.0,0.9304285077736991,0.07496802698137349
compound,P2_Full,,main,clean,0.0,6,0.1,39,0.8947368421052632,0.8323549313598351,0.7724811485873448,-0.0805764726948426,1.0,0.12062895325584186,0.18090396821498872,0.95,0.09047319999808678,0.023286600000574253,0.44639160000224365,,D,0.002631578947368421,0.9886752566168762,4.9672164494840265,0.23683336663698779,0.9889118083517823,0.02088804372014604,0.1992126617567297,0.19802805165949175,2.0,0.9199582649728139,0.08828028000269869
compound,P2_Full,,main,clean,0.0,6,0.15,59,0.8771929824561403,0.8062165304450597,0.7398889269044503,-0.07230601248363577,1.0,0.12461435431865357,0.15676384568214416,1.0,0.08357360000081826,0.013174400002753828,0.5543914000008954,,D,0.002777777777777778,0.9868843352626862,5.930157404784646,0.11805388342448178,0.9871365318600324,0.019228655382503478,0.16631379298997365,0.16488703187867534,2.0,0.9454631001875303,0.05980802772642075
compound,P2_Full,,main,clean,0.0,6,0.2,79,0.8822055137844611,0.8191861160418361,0.7547586194616182,-0.08855978278775455,1.0,0.1251387370733149,0.12774307131767274,1.0,0.049770099998568185,0.004039299994474277,0.6251620000039111,,D,0.0029411764705882353,0.9913056436893378,5.9448596404449,0.10641610596640289,0.9914595967237075,0.017707237760761847,0.16575889978745936,0.16461912198507722,2.0,0.9481382591134708,0.05852959337754684
compound,P2_Full,,main,clean,0.0,8,0.05,19,0.8847117794486216,0.7968133495232542,0.7490245538079021,-0.06974094280828884,1.0,0.12018443430940913,0.18690388649702072,0.75,0.20058050000079675,0.05483680000179447,0.28679660000489093,,D,0.002551020408163265,0.9847063354228465,5.056479961394691,0.23825672738783027,0.9850599844845453,0.023123892897927524,0.19571428711244485,0.19422986585938723,2.0,0.917556743310172,0.08865194523626163
compound,P2_Full,,main,clean,0.0,8,0.1,39,0.8872180451127819,0.8663725852745812,0.7837707119391449,-0.07987637077681395,1.0,0.12320401653449685,0.17840701043605806,1.0,0.0996443000040017,0.01744269999471726,0.42141650000121444,,D,0.002631578947368421,0.9841402063018294,5.910751613537719,0.15236795769713185,0.9844935256358905,0.02227767528287148,0.16699109288764766,0.16522705179836134,2.0,0.9366006192067821,0.0687515407295247
compound,P2_Full,,main,clean,0.0,8,0.15,59,0.8771929824561403,0.868010837767699,0.775384427039707,-0.07208884368112368,1.0,0.12488261013437563,0.17463666200637817,1.0,0.06449630000133766,0.006038100000296254,0.5068059000041103,,D,0.002777777777777778,0.9888033175661787,5.912553872149638,0.1154535048449422,0.9890111526470747,0.018562201984778304,0.16681725481996548,0.1653358093469514,2.0,0.9471174476609118,0.05900729597965384
compound,P2_Full,,main,clean,0.0,8,0.2,79,0.949874686716792,0.9175468462383821,0.8817200946954276,-0.08350293908067205,1.0,0.12609242722385935,0.10366747677326202,1.0,0.06246429999737302,0.009928999999829102,0.5958262000058312,,D,0.0029411764705882353,0.9941035598929809,5.917491558958928,0.09778147312334254,0.9941932607546053,0.015212714790002397,0.16653916872983096,0.16513968419226097,2.0,0.9552655701002705,0.05220317923404469
compound,P2_Full,,main,clean,0.0,10,0.05,19,0.8847117794486216,0.830105645304426,0.7601848542115743,-0.07712441270211128,1.0,0.1232561688308182,0.15516400833924612,1.0,0.07364570000208914,0.007904900005087256,0.09096909999789204,,D,0.002551020408163265,0.9846754909076456,5.883601180259013,0.1281782266184279,0.9849980431236248,0.021048127156005948,0.1678410791539263,0.16599248395010177,2.0,0.9382772912814279,0.06672625155965685
compound,P2_Full,,main,clean,0.0,10,0.1,39,0.924812030075188,0.8948470167274418,0.8362278234244381,-0.07953917803580808,1.0,0.12175107548854928,0.17173965871334076,0.9,0.07632079999893904,0.0061123000050429255,0.18548590000136755,,D,0.002631578947368421,0.9801976561781326,5.846718051164639,0.1829497992990207,0.9807252515051058,0.026643074765253454,0.16884888532052142,0.1662407998889043,2.0,0.9278353561169425,0.07598745411152237
compound,P2_Full,,main,clean,0.0,10,0.15,59,0.9348370927318296,0.9033889126497009,0.8533863916324547,-0.09157942474083056,1.0,0.12521303817099916,0.13880665600299835,0.95,0.05347369999799412,0.003611200001614634,0.2520797999968636,,D,0.002777777777777778,0.9844747875207316,5.902273057139251,0.11354442556879704,0.9847662678548584,0.018774643794153563,0.1671126757007315,0.16612503868771278,2.0,0.9497795354251612,0.05510249258955537
compound,P2_Full,,main,clean,0.0,10,0.2,79,0.9373433583959899,0.9054637799516481,0.8578582536086288,-0.07494450751974512,1.0,0.1263353026487271,0.126760795712471,1.0,0.07911350000358652,0.004510799997660797,0.3495965999973123,,D,0.0029411764705882353,0.9909243039610026,5.913381602116219,0.10212844174349112,0.991065706803505,0.0155803854486401,0.16665696808888952,0.1659378795766094,2.0,0.9567580182370626,0.04911639349066405
compound,P2_Full,,main,clean,0.0,11,0.05,19,0.681704260651629,0.7541071242805346,0.6137861980702228,-0.07215189582975719,1.0,0.1222017980909809,0.19736965000629425,1.0,0.07033699999738019,0.0070180000038817525,0.08861199999955716,,D,0.002551020408163265,0.981904664097725,5.873318889685313,0.17387361270150536,0.9823419762107991,0.024167117727781514,0.16813939228783226,0.16616211702072134,2.0,0.9310257928804904,0.07366513326741408
compound,P2_Full,,main,clean,0.0,11,0.1,39,0.8872180451127819,0.8235978878582462,0.7584039740202994,-0.06083242706495455,1.0,0.1185003444328753,0.1955924242734909,0.9,0.07445459999871673,0.0052684999973280355,0.17939140000089537,,D,0.002631578947368421,0.9845205689421459,4.848521331136395,0.3479764955580602,0.9849140081939529,0.0254169064958879,0.20415411680231038,0.20269407026801833,2.0,0.905999359025152,0.10137215547234746
compound,P2_Full,,main,clean,0.0,11,0.15,59,0.9323308270676691,0.9010646370957641,0.8489431232749619,-0.06932112641213105,1.0,0.12360861878676876,0.14454571455717086,0.9,0.06241469999804394,0.005615800000668969,0.25689869999769144,,D,0.002777777777777778,0.9880959015352818,5.858012344744792,0.17401202426791876,0.9883600280727658,0.02218786565541408,0.16839635598793135,0.16646549056019808,2.0,0.9390033004096049,0.06662916077535942
compound,P2_Full,,main,clean,0.0,11,0.2,79,0.8822055137844611,0.8262840759830192,0.7573502097922313,-0.07819294659465523,1.0,0.1264663485488702,0.11661961674690247,1.0,0.07293529999878956,0.0036049999980605207,0.34109370000078343,,D,0.0029411764705882353,0.9926211551330364,5.895409822697729,0.09850586316338124,0.9927308985482091,0.014872709367296882,0.16717400362319484,0.16645844178379315,2.0,0.9575894724439419,0.04816142074300237
compound,P2_Full,,main,clean,0.0,9,0.05,19,0.7117794486215538,0.7396492328414779,0.6209536451610459,-0.0612585090211136,1.0,0.11956047420913356,0.21973147988319397,0.8333333333333334,0.10160139999788953,0.006025199996656738,0.1378545000043232,,D,0.002551020408163265,0.9844662705936108,5.001087878778527,0.2869755560816437,0.9848512375568167,0.024782648978524193,0.19791034724127718,0.19652643666162117,2.0,0.9130764097982008,0.09361911453551092
compound,P2_Full,,main,clean,0.0,9,0.1,39,0.9373433583959899,0.9054637799516481,0.8578582536086288,-0.06750375675222317,1.0,0.12046572474742231,0.18318346589803697,0.9,0.08742679999704706,0.010785500002384651,0.25951530000020284,,D,0.002631578947368421,0.9886684071677228,4.8182230866728615,0.3264120396454638,0.9889381805791695,0.023807192460911623,0.20545448289660195,0.20408276628246078,2.0,0.9178301639677975,0.09292506183199584
compound,P2_Full,,main,clean,0.0,9,0.15,59,0.9423558897243107,0.9101356806747252,0.8671372668130575,-0.07023650154985812,1.0,0.12576146969609542,0.15647481977939606,1.0,0.06663839999964694,0.014354099999764003,0.3486192000054871,,D,0.002777777777777778,0.9905058393647932,5.956100891009257,0.10731754418294041,0.9906547097030649,0.015680200071572187,0.1655772330061826,0.16463943051686783,2.0,0.9530341900951451,0.052708441903234676
compound,P2_Full,,main,clean,0.0,9,0.2,79,0.9022556390977443,0.8433861522036055,0.7900451415146592,-0.08536811914008298,1.0,0.12736917249211233,0.07882130444049835,1.0,0.057458900002529845,0.0038047999987611547,0.4211825000020326,,D,0.0029411764705882353,0.9963338916496717,5.9711560175248515,0.08170055368712936,0.9963758152561135,0.01143545210226467,0.1650159232257999,0.1644456012493493,2.0,0.9632347057902511,0.04351155943849255
compound,P2_Full,,main,clean,0.0,12,0.05,19,0.9147869674185464,0.8732640952508702,0.8155232329964924,-0.06614467986596441,1.0,0.12278273625896702,0.19551043460766473,0.9166666666666666,0.0877429000029224,0.0030680999989272095,0.10088070000347216,,D,0.002551020408163265,0.9835778669461569,5.890503760456794,0.14618686504919912,0.9839443604672149,0.022317047356539627,0.16764140350393644,0.1658358995772222,2.0,0.9350407717575834,0.06959102041828763
compound,P2_Full,,main,clean,0.0,12,0.1,39,0.9097744360902256,0.8556146690338826,0.8014202002539308,-0.0726769286134297,1.0,0.12458676291405985,0.13663432896137237,1.0,0.0670310999994399,0.003997500003606547,0.17987460000585997,,D,0.002631578947368421,0.9874738698262597,5.909046606997073,0.1313536766493052,0.9877035120477762,0.018333054050310695,0.1670400381105973,0.16579641716428273,2.0,0.9460563704983028,0.05976524066720515
compound,P2_Full,,main,clean,0.0,12,0.15,59,0.8972431077694235,0.8381612160265365,0.7811699385955561,-0.07308530256670716,1.0,0.1250821969389333,0.10912195444107056,1.0,0.050004899996565655,0.002853400001185946,0.24449270000332035,,D,0.002777777777777778,0.9937129857362528,5.918009151410644,0.14908527937809224,0.9938160459591764,0.01639255433502869,0.1666609133120557,0.16559888579387186,2.0,0.948117857145554,0.06015290431723844
compound,P2_Full,,main,clean,0.0,12,0.2,79,0.9473684210526315,0.9148697747243952,0.8767501989378955,-0.08446870478338221,1.0,0.1264329365320046,0.09961756765842437,1.0,0.08316270000068471,0.009013800001412164,0.35297320000245236,,D,0.0029411764705882353,0.9945285264594225,5.932102463218295,0.10518012244618749,0.9946064380104924,0.014239592038988273,0.16612171338787332,0.16538261322228007,2.0,0.9566673139479912,0.05101110161131145
compound,P2_Full,,main,clean,0.0,14,0.05,19,0.9097744360902256,0.8402013674737959,0.7980608895553772,-0.045103960233657654,1.0,0.12143069995875398,0.1927903344233831,0.8333333333333334,0.09417340000072727,0.00816340000164928,0.11804239999764832,,D,0.002551020408163265,0.9895634507111735,4.894803980689768,0.31207859959284334,0.9897749197930606,0.020262356458524353,0.20226323023460482,0.20072811733389007,2.0,0.9242830953712121,0.08525763416374739
compound,P2_Full,,main,clean,0.0,14,0.1,39,0.9097744360902256,0.8542953059106749,0.8014475889104112,-0.07115283199091645,1.0,0.122875467549201,0.17799957990646362,0.95,0.05517239999608137,0.0036268000039854087,0.18487589999858756,,D,0.002631578947368421,0.9856603472288339,5.9043023902901215,0.17123783761740988,0.9859801702281421,0.022303399141668043,0.16717637798760632,0.16544924316067214,2.0,0.9352791745372308,0.06974549963151108
compound,P2_Full,,main,clean,0.0,14,0.15,59,0.9473684210526315,0.9148697747243952,0.8767501989378955,-0.06577398339485038,1.0,0.1256909350826728,0.1285703271627426,1.0,0.06755700000212528,0.003770000002987217,0.2716318999955547,,D,0.002777777777777778,0.9893256317721476,5.923568611537956,0.10140052088206317,0.9895041238004834,0.016721554337054155,0.16650188237555866,0.16530485917672547,2.0,0.951961810768231,0.05391678943125878
compound,P2_Full,,main,clean,0.0,14,0.2,79,0.9523809523809523,0.9201226309287978,0.8867594112795947,-0.09187543593462795,1.0,0.1270814488559337,0.10597425699234009,1.0,0.062464800001180265,0.007339999996474944,0.3485279000014998,,D,0.0029411764705882353,0.9949618584146697,5.941743258416069,0.08636550115524746,0.9950266540529785,0.012861019725520551,0.16584738575881358,0.1650876279715426,2.0,0.9612710267320635,0.04545559514024453
compound,P2_Full,,main,clean,0.0,13,0.05,19,0.8771929824561403,0.7950989795749592,0.738862748599209,-0.06020761778243605,1.0,0.12283406625594008,0.19595055282115936,0.9166666666666666,0.07556110000587068,0.007274800002051052,0.10192280000046594,,D,0.002551020408163265,0.9831080580909658,5.905235711755138,0.15546928544940966,0.9834815340890173,0.02210971361745554,0.1672168035829174,0.16582285087948223,2.0,0.9351070879503618,0.06987014826953845
compound,P2_Full,,main,clean,0.0,13,0.1,39,0.9323308270676691,0.9008930613416388,0.848906390060078,-0.06649179359691887,1.0,0.12094223019525878,0.20868523567914962,0.9,0.08219620000454597,0.00934409999899799,0.21099270000559045,,D,0.002631578947368421,0.9819837938867321,5.853482857031092,0.2514832105706777,0.9824862329019618,0.027888169799508398,0.168650699206324,0.1661713650881822,2.0,0.9218623461533234,0.08350062291610502
compound,P2_Full,,main,clean,0.0,13,0.15,59,0.9398496240601504,0.9079378951429002,0.86248152862796,-0.09786603137660656,1.0,0.1255606215084566,0.15076495110988616,1.0,0.06786139999894658,0.00948459999926854,0.30445899999904213,,D,0.002777777777777778,0.987230213243055,5.904108107492011,0.10266585632354844,0.9874542954390612,0.017547841657127194,0.16705986980190815,0.16586196224079233,2.0,0.9518006747824791,0.053260855834380186
compound,P2_Full,,main,clean,0.0,13,0.2,79,0.9448621553884712,0.9124433775178236,0.8718937641008938,-0.08458258281122637,1.0,0.126960008371411,0.10696353018283844,1.0,0.07020419999753358,0.007617199997184798,0.39125310000235913,,D,0.0029411764705882353,0.993457983538471,5.924193655596031,0.09126089207993078,0.9935462138161347,0.013486709821438523,0.16634742418782286,0.16566024639944474,2.0,0.9605399525427354,0.045916137143749
compound,P2_Full,,main,clean,0.0,15,0.05,19,0.899749373433584,0.8433080816227111,0.7856527760232976,-0.062215038703547144,1.0,0.12305500736083264,0.17968425154685974,1.0,0.09349870000005467,0.006121799997345079,0.11617909999768017,,D,0.002551020408163265,0.9813795877748224,5.898756519375774,0.14634979026132416,0.9817972028804737,0.022427812048472107,0.16740328367585947,0.16586199697270212,2.0,0.9360896747939705,0.06850223364124172
compound,P2_Full,,main,clean,0.0,15,0.1,39,0.8771929824561403,0.80798065015216,0.7397406858252272,-0.06746944120806819,1.0,0.12274310085021808,0.17843726575374602,1.0,0.05763239999942016,0.0036236000014469028,0.18650519999937387,,D,0.002631578947368421,0.9855136392374888,5.89851142163269,0.19397160668821628,0.9858347918174649,0.022169307063458574,0.16734309679097456,0.1658797389251493,2.0,0.9327037385406916,0.07626173844885172
compound,P2_Full,,main,clean,0.0,15,0.15,59,0.9323308270676691,0.9010646370957641,0.8489431232749619,-0.07267369290629573,1.0,0.12445446647315489,0.13425820767879487,1.0,0.06868789999862202,0.004657299999962561,0.26849850000144215,,D,0.002777777777777778,0.9899974667177922,5.908347782989549,0.13585098932561718,0.9901821277577119,0.018461427191461263,0.16693799320558692,0.16583101207056639,2.0,0.9446181085858358,0.061891467579898524
compound,P2_Full,,main,clean,0.0,15,0.2,79,0.9423558897243107,0.9101356806747252,0.8671372668130575,-0.07214253216786182,1.0,0.12706245763119992,0.0943804144859314,1.0,0.07359290000022156,0.003564799997548107,0.36014240000076825,,D,0.0029411764705882353,0.99479783857583,5.925788545797856,0.08450306025515246,0.9948648420387771,0.012879927684639607,0.1663018588481706,0.16562554225229914,2.0,0.9613318041037235,0.04518026545159503
compound,P2_Full,,main,clean,0.0,16,0.05,19,0.9172932330827067,0.8713014269092813,0.8194168981063009,-0.08535081775715514,1.0,0.12241661798341455,0.18190680940945944,1.0,0.09555510000063805,0.010793199995532632,0.12528820000443375,,D,0.002551020408163265,0.9828565857831792,5.883802295398733,0.15593791963326292,0.9832557120009789,0.023281606146344908,0.1678352547326872,0.16596638655462184,2.0,0.9330620745140092,0.0718855058186869
compound,P2_Full,,main,clean,0.0,16,0.1,39,0.8646616541353384,0.7861433794951513,0.7175917037034673,-0.06921422870558375,1.0,0.12383053620637306,0.17884654700756072,0.95,0.06324419999873498,0.008438099997874815,0.21311270000296645,,D,0.002631578947368421,0.9829547293976645,5.8913521057104505,0.12841424269327978,0.983314988559032,0.021135432212973548,0.16754966263377638,0.16607415636717124,2.0,0.9412915900140849,0.06359343577369068
compound,P2_Full,,main,clean,0.0,16,0.15,59,0.8320802005012531,0.7510273123965513,0.6647041034097433,-0.08080034298593347,1.0,0.12510715778380097,0.12959451377391815,1.0,0.05961810000007972,0.006870500001241453,0.28718469999876106,,D,0.002777777777777778,0.9896072606280973,5.895297680843271,0.11746426497673065,0.9897933636465732,0.017907022567992398,0.1673137009718097,0.16598576292169606,2.0,0.9483367920575948,0.058458363437609746
compound,P2_Full,,main,clean,0.0,16,0.2,79,0.7969924812030075,0.7233713565895444,0.618220024997352,-0.07852336414124803,1.0,0.12492665762023208,0.11303315758705139,1.0,0.055486900004325435,0.004779399998369627,0.35689020000427263,,D,0.0029411764705882353,0.9913996688227045,5.892772022272011,0.2398243145495496,0.9915627970841698,0.018967672070115987,0.16725015671013424,0.16579906298802707,2.0,0.9457581666781459,0.06432545585021147
compound,P2_Full,,main,clean,0.0,17,0.05,19,0.9072681704260651,0.858483722663512,0.8001404368544351,-0.08030776013450551,1.0,0.12307749681424834,0.19147325307130814,0.9166666666666666,0.055397500000253785,0.0029434000025503337,0.06625809999968624,,D,0.002551020408163265,0.9824763397336143,5.9078532595987205,0.15435724025892844,0.9828599951469962,0.021893566044407935,0.16714158294694936,0.16569236390208258,2.0,0.9362247842567034,0.0685433583099817
compound,P2_Full,,main,clean,0.0,17,0.1,39,0.9047619047619048,0.8548400499844687,0.7941861502566532,-0.07233603212301683,1.0,0.12358008935607584,0.15498756468296052,1.0,0.08575299999938579,0.0052937000000383705,0.16848649999883492,,D,0.002631578947368421,0.9858551208091416,5.902936800107621,0.1458166873827612,0.9861492974410877,0.02079739444760795,0.16721566310426977,0.16569920844327177,2.0,0.939284728124373,0.06589819210435566
compound,P2_Full,,main,clean,0.0,17,0.15,59,0.8947368421052632,0.8373023145558353,0.7746361997025579,-0.06984447171758926,1.0,0.1253950126773331,0.1394597202539444,1.0,0.0645068000012543,0.004831199999898672,0.24480910000420408,,D,0.002777777777777778,0.9901475480979941,5.927414504452305,0.11019979549044792,0.9903108038534212,0.016570063680683,0.1663920433887967,0.16550603528319405,2.0,0.9506826303940108,0.05532135289650549
compound,P2_Full,,main,clean,0.0,17,0.2,79,0.8897243107769424,0.8312806976440237,0.7698370897186003,-0.08029653445419505,1.0,0.12618830582118465,0.0866544097661972,1.0,0.04915210000035586,0.0027402999985497445,0.3079684000040288,,D,0.0029411764705882353,0.9947158195609839,5.9331567953824,0.09974309456753433,0.9947924727046847,0.014506155606434746,0.16609166907990935,0.16538261322228007,2.0,0.955002598132416,0.05234250098468284
compound,P2_Full,,main,clean,0.0,18,0.05,19,0.87468671679198,0.8050172087861058,0.7382513626027145,-0.05890516716491976,1.0,0.12292680946298755,0.21440673371156058,1.0,0.0661790000012843,0.005476099999214057,0.0852223000038066,,D,0.002551020408163265,0.9801505285028875,5.8974492132996,0.14503854118518789,0.9806041910430116,0.022855144540751663,0.16744095942611786,0.1658750456704421,2.0,0.935487319123233,0.06883047387875349
compound,P2_Full,,main,clean,0.0,18,0.1,39,0.8796992481203008,0.8233838657765807,0.7551109376460694,-0.07899016420434869,1.0,0.12357356212889115,0.20470307171344757,1.0,0.08158260000345763,0.006122500002675224,0.1810535000040545,,D,0.002631578947368421,0.9846790423734147,5.90740527960147,0.14577392924216626,0.9850030945576532,0.0211509092405659,0.1670871820014726,0.1656019997222608,2.0,0.939419586930134,0.06658870956802904
compound,P2_Full,,main,clean,0.0,18,0.15,59,0.9122807017543859,0.8554948021441999,0.8053958931241388,-0.08642306421010336,1.0,0.12510288014778412,0.12985727190971375,1.0,0.050113100005546585,0.003731500000867527,0.24240280000230996,,D,0.002777777777777778,0.9885652861840827,5.8783090867866115,0.1363205509108225,0.9887761865092737,0.018443865634614323,0.16780529583221587,0.16609408851748686,2.0,0.9488222225796904,0.05800000619801036
compound,P2_Full,,main,clean,0.0,18,0.2,79,0.8771929824561403,0.8220140837476428,0.7516631943502923,-0.08401974153235779,1.0,0.12577759703498953,0.10484616756439209,1.0,0.07008919999498175,0.0032715999986976385,0.3298690000010538,,D,0.0029411764705882353,0.9929826348089899,5.9187706144217005,0.14053718237181537,0.993093903893163,0.01585624819921492,0.1665025418908105,0.16536526114870728,2.0,0.9521608140340126,0.056342835917608594
compound,P2_Full,,main,clean,0.0,20,0.05,19,0.9122807017543859,0.8659776159891882,0.8105114244186655,-0.08195079209360663,1.0,0.12190753727804446,0.19653434306383133,0.8333333333333334,0.08169939999788767,0.0030305000036605634,0.10166939999908209,,D,0.002551020408163265,0.981864819137538,5.85561579565259,0.17396412472083544,0.9823151682882645,0.024832900986321547,0.1686554548221684,0.16648833446422048,2.0,0.9282468799632867,0.07692604600876059
compound,P2_Full,,main,clean,0.0,20,0.1,39,0.8822055137844611,0.818360864238786,0.7501649334954096,-0.08898948934089122,1.0,0.12264768080665689,0.1722731187939644,0.95,0.07081069999549072,0.0076140999954077415,0.18951920000108657,,D,0.002631578947368421,0.9841306074904717,5.881474320899727,0.1461584811554944,0.9844877484494899,0.022505017681291654,0.16783548931219755,0.16637966949034858,2.0,0.9334319934199352,0.07256099671460946
compound,P2_Full,,main,clean,0.0,20,0.15,59,0.9348370927318296,0.9033889126497009,0.8533863916324547,-0.08359342717676917,1.0,0.12477162102349064,0.13362947404384612,1.0,0.08535889999620849,0.003627099998993799,0.2860140000047977,,D,0.002777777777777778,0.9904381317406112,5.8998276360624775,0.12153162395612979,0.9906074478613274,0.017707430820323836,0.16718309684569668,0.16623336428350355,2.0,0.9466329620037726,0.059621534793092165
compound,P2_Full,,main,clean,0.0,20,0.2,79,0.9448621553884712,0.9124433775178236,0.8718937641008938,-0.08531002073128298,1.0,0.12676444047789612,0.09361425936222076,1.0,0.06887829999323003,0.0030219999971450306,0.36520360000577057,,D,0.0029411764705882353,0.9947533534335151,5.914350099731486,0.08473641784311477,0.9948226929188851,0.013215962709001465,0.1666291943185664,0.16607669616519175,2.0,0.959508372176131,0.04684999140529949
compound,P2_Full,,main,clean,0.0,19,0.05,19,0.849624060150376,0.8025407384704496,0.7166874535440692,-0.06731969467108921,1.0,0.12271145435796421,0.18466207881768545,1.0,0.07778399999369867,0.007146699994336814,0.10596560000703903,,D,0.002551020408163265,0.9821702238216257,5.8930372408400356,0.15032379389203926,0.9825768594948732,0.02280654951466731,0.16756823313710434,0.16586199697270212,2.0,0.9341609577504915,0.0707707681972623
compound,P2_Full,,main,clean,0.0,19,0.1,39,0.9348370927318296,0.9033889126497009,0.8533863916324547,-0.07569006777419643,1.0,0.12026565112837756,0.16144449561834334,0.95,0.09282019999955082,0.005870700006198604,0.2179275000016787,,D,0.002631578947368421,0.977738233467934,5.719504400848044,0.17630613981578372,0.9784257357954984,0.03088264925311041,0.17266312123923389,0.16860158311345647,2.0,0.9173620895342872,0.08702195170420685
compound,P2_Full,,main,clean,0.0,19,0.15,59,0.9398496240601504,0.9079378951429002,0.86248152862796,-0.07626769478905668,1.0,0.1247810564343629,0.15092381089925766,0.95,0.0729771999976947,0.008723300001292955,0.309104700005264,,D,0.002777777777777778,0.984433192661406,5.90432568956368,0.1229024115466949,0.9847417607371793,0.01982218120013888,0.1670536107788289,0.16584648715567935,2.0,0.9469370842044114,0.05756032492477634
compound,P2_Full,,main,clean,0.0,19,0.2,79,0.9448621553884712,0.9127721213710622,0.8719404711032855,-0.0866282989741915,1.0,0.12622043243097325,0.12748004794120787,1.0,0.06999630000063917,0.006319100000837352,0.40082030000485247,,D,0.0029411764705882353,0.9910928001517214,5.922235537094734,0.1052910291189901,0.9912331695931463,0.01575909868599822,0.16640340036905368,0.16564289432587195,2.0,0.9559665299782393,0.04976828895842624
compound,P2_Full,,main,clean,0.0,22,0.05,19,0.9223057644110275,0.8878384772592982,0.8312934905929849,-0.07883464986103192,1.0,0.12314212511236333,0.18068506320317587,0.9166666666666666,0.09388629999739351,0.010700400001951493,0.11384359999647131,,D,0.002551020408163265,0.9826308807116104,5.880315773494308,0.13865640527825202,0.9830111001682784,0.021890543231066657,0.16793628301937463,0.16620126311394123,2.0,0.9373633823107301,0.06706641202372493
compound,P2_Full,,main,clean,0.0,22,0.1,39,0.9298245614035088,0.8988592675106775,0.8445984013383002,-0.07431777218152971,1.0,0.12391718005492713,0.1690535679459572,0.95,0.07739369999762857,0.003817600001639221,0.20342469999741297,,D,0.002631578947368421,0.9837740966664981,5.896830313371225,0.1380069047312868,0.9841082654749546,0.020594773775496105,0.1673915563004363,0.1661158172476045,2.0,0.942145857416146,0.0629364806336727
compound,P2_Full,,main,clean,0.0,22,0.15,59,0.9348370927318296,0.9033889126497009,0.8533863916324547,-0.08783818091210996,1.0,0.12571329288773997,0.12659526765346527,1.0,0.06533379999746103,0.0030948999992688186,0.28058579999924405,,D,0.002777777777777778,0.9912424924039415,5.9148966544915105,0.1107765322029175,0.9913822197896613,0.01595515438465733,0.16675007826588054,0.1659238625812442,2.0,0.9527438876668777,0.05334082007717527
compound,P2_Full,,main,clean,0.0,22,0.2,79,0.9448621553884712,0.9124433775178236,0.8718937641008938,-0.08880882219258913,1.0,0.12704420110678782,0.09589503109455108,1.0,0.04792450000240933,0.002707899999222718,0.3479373000009218,,D,0.0029411764705882353,0.9956146728820303,5.925646602475212,0.08924141129358634,0.9956701455705018,0.012649612441485727,0.16630591311463033,0.16571230262016312,2.0,0.9611982427169873,0.04567668468023713
compound,P2_Full,,main,clean,0.0,21,0.05,19,0.7142857142857143,0.7841526009345147,0.6626233685253498,-0.06622027885406323,1.0,0.12102590179668898,0.20198465883731842,0.8333333333333334,0.07597959999839077,0.013898500001232605,0.11709459999838145,,D,0.002551020408163265,0.9922922749163973,3.562986431144538,0.748002647727902,0.9924538309157299,0.0209602700641629,0.27882369655041167,0.27694556083302885,2.0,0.9223005751219999,0.08803167673796758
compound,P2_Full,,main,clean,0.0,21,0.1,39,0.9097744360902256,0.8419868302888753,0.7984027631685447,-0.06424228885291837,1.0,0.12057746180328609,0.21360357403755187,0.8,0.08243519999814453,0.013923500002420042,0.22719050000159768,,D,0.002631578947368421,0.9876995810606882,4.986646247901092,0.32535335851079106,0.9879692464250226,0.021923266651717985,0.19842617568493437,0.19751423413414804,2.0,0.9196650738197899,0.08936862273118454
compound,P2_Full,,main,clean,0.0,21,0.15,59,0.9473684210526315,0.9151001604747496,0.8767801628882481,-0.07686400200194636,1.0,0.12411528430025244,0.13309116065502166,0.95,0.07127749999926891,0.008529999999154825,0.3267420999982278,,D,0.002777777777777778,0.9868676067694839,5.929981965513625,0.12632519435832634,0.9871261288478581,0.019685831351241946,0.16631879581452735,0.16484060662333644,2.0,0.942227999893918,0.0641675911326924
compound,P2_Full,,main,clean,0.0,21,0.2,79,0.9548872180451128,0.9229771892918887,0.8919103634601292,-0.07071474211878262,1.0,0.12647806799273892,0.1170212596654892,1.0,0.08543219999410212,0.010972199997922871,0.4398756000009598,,D,0.0029411764705882353,0.9929572303564845,5.946045472681607,0.09054915502088408,0.993058830595506,0.014426176655523011,0.1657252538494986,0.16470588235294117,2.0,0.9576595498730316,0.04829888374865599
compound,P2_Full,,main,clean,0.0,23,0.05,19,0.87468671679198,0.8103515511837326,0.7430026618949486,-0.07540951614204033,1.0,0.12141056290109688,0.17662499845027924,0.9166666666666666,0.08953089999704389,0.026131400001759175,0.13634830000228249,,D,0.002551020408163265,0.9888628664069866,4.973821782007435,0.27375385919040873,0.9890852123320889,0.019964376223497796,0.1990092963356126,0.19804008559945718,2.0,0.9239935694367465,0.08484260359630122
compound,P2_Full,,main,clean,0.0,23,0.1,39,0.9022556390977443,0.8464671538208463,0.7878623749547076,-0.073800304758233,1.0,0.12291031222324769,0.18817422091960906,1.0,0.06349369999952614,0.011236899998039007,0.22752960000070743,,D,0.002631578947368421,0.9843926563222759,5.872619773806051,0.14309861404354096,0.9847459443146274,0.022636010306843295,0.16809252454065374,0.1663380086099153,2.0,0.9339028990554751,0.07263599347681353
compound,P2_Full,,main,clean,0.0,23,0.15,59,0.8847117794486216,0.8707895405761858,0.7825764426132378,-0.08542130414483147,1.0,0.12498728624264868,0.13262228965759276,0.95,0.0563278999979957,0.013700200004677754,0.30625850000069477,,D,0.002777777777777778,0.9858044877560371,5.909009766056483,0.11929036049962058,0.9860724216643513,0.018874550189483252,0.16691897917563045,0.16581553698545343,2.0,0.947476221832023,0.05844730020671301
compound,P2_Full,,main,clean,0.0,23,0.2,79,0.87468671679198,0.8668198759826147,0.7729526971328878,-0.08753708478433184,1.0,0.1259914173006241,0.12020726203918457,1.0,0.04490020000230288,0.004327299997385126,0.36315299999841955,,D,0.0029411764705882353,0.9916369515569297,5.9113902188562495,0.09544972391815021,0.9917707718791072,0.0160013807272023,0.16671410391833194,0.16571230262016312,2.0,0.9546918082337255,0.051846959019540215
compound,P2_Full,,main,clean,0.0,24,0.05,19,0.9047619047619048,0.8489201206152477,0.7928645483212633,-0.08132863288127501,1.0,0.12236535436832939,0.15723739316066107,0.8333333333333334,0.07312639999872772,0.003497300000162795,0.09056930000224384,,D,0.002551020408163265,0.9836515091907366,5.858890042516379,0.15349043471084398,0.9840354150737416,0.02348264971268316,0.16855977225723817,0.16627955530038102,2.0,0.931848574701404,0.07287712868575204
compound,P2_Full,,main,clean,0.0,24,0.1,39,0.8847117794486216,0.817428609750399,0.7528692621640327,-0.07961626172935389,1.0,0.12390791721615144,0.17066922634840012,0.95,0.062206399998103734,0.00399660000402946,0.16439309999987017,,D,0.002631578947368421,0.9830865669163137,5.89708554676307,0.15720505892181685,0.9834422810572625,0.021031457019328004,0.16738419718153505,0.16596306068601582,2.0,0.9410670432177128,0.06440926573192401
compound,P2_Full,,main,clean,0.0,24,0.15,59,0.9348370927318296,0.9033889126497009,0.8533863916324547,-0.07549126831057426,1.0,0.12425340445713089,0.15421110093593599,1.0,0.09234049999940908,0.00626159999956144,0.28097990000242135,,D,0.002777777777777778,0.9901286860924102,5.908786336772601,0.18799160373483148,0.9903174151407043,0.019118938984295272,0.16692539622162195,0.16576911173011452,2.0,0.9418822403214461,0.06765845261275773
compound,P2_Full,,main,clean,0.0,24,0.2,79,0.9423558897243107,0.9105539372636627,0.8672018374251964,-0.07371865596418721,1.0,0.12678555030195435,0.11755480766296386,1.0,0.08371440000337316,0.007785199995851144,0.3876474999997299,,D,0.0029411764705882353,0.9927440859374828,5.932846098246054,0.1052356405556412,0.9928455248199152,0.013980165911342986,0.16610052161304625,0.16555613395800797,2.0,0.9595325940577742,0.04679184019952009
compound,P2_Full,,main,clean,0.0,25,0.05,19,0.8872180451127819,0.815868560545129,0.7603046195343647,-0.056516374168685275,1.0,0.12284323791888867,0.1811173508564631,1.0,0.0797348999985843,0.008856899999955203,0.09975269999995362,,D,0.002551020408163265,0.982617025638813,5.889429963098477,0.1484880635268655,0.9830132817025633,0.022795642190847357,0.16767243523063596,0.1660185813455817,2.0,0.9344745806205356,0.07015473540456546
compound,P2_Full,,main,clean,0.0,25,0.1,39,0.8947368421052632,0.8406783174500956,0.7782757407988646,-0.06187153637273235,1.0,0.12277658900943861,0.20508401691913605,1.0,0.054546899998968,0.003839900004095398,0.16756980000354815,,D,0.002631578947368421,0.984713200604362,5.882595074879401,0.14190021079642778,0.985062337538705,0.02283911270809357,0.1678030105465072,0.16610193028746006,2.0,0.9329795521874862,0.0740060247231741
compound,P2_Full,,main,clean,0.0,25,0.15,59,0.9348370927318296,0.9031189836929341,0.8533329174223302,-0.07600724684607975,1.0,0.12528775519745008,0.1310858577489853,1.0,0.07297010000183946,0.0046791999993729405,0.25401140000030864,,D,0.002777777777777778,0.989798656863537,5.903532398586265,0.1356905792338275,0.989976759159456,0.017458710440044146,0.1670764330210476,0.1659238625812442,2.0,0.9498771042011968,0.05668913664000579
compound,P2_Full,,main,clean,0.0,25,0.2,79,0.9423558897243107,0.9099284459772253,0.8671049579540764,-0.08006793684303677,1.0,0.127052472624028,0.10679724216461181,1.0,0.04936059999454301,0.0038157999952090904,0.32379560000117635,,D,0.0029411764705882353,0.9927718278885637,5.921569850431718,0.08341382255825547,0.9928692875992932,0.013483313516475087,0.16642243859787234,0.16566024639944474,2.0,0.9611588496248179,0.04543834806332885
compound,P2_Full,,main,clean,0.0,27,0.05,19,0.9172932330827067,0.8698911544664191,0.8185216635198905,-0.05489408640388985,1.0,0.12003723200137391,0.2217069591085116,0.75,0.06788570000207983,0.0061810999977751635,0.09771760000148788,,D,0.002551020408163265,0.9846424663502201,5.045254552042835,0.322024511482505,0.985013425559822,0.024154868747895755,0.19615543085508833,0.19467352158254606,2.0,0.9163867134208069,0.09029515945693163
compound,P2_Full,,main,clean,0.0,27,0.1,39,0.9273182957393483,0.8967640249503197,0.8403530631498987,-0.07243148462506957,1.0,0.12348151545957246,0.15892907679080964,0.95,0.09925279999879422,0.014815000002272427,0.23041039999952773,,D,0.002631578947368421,0.9852139708033764,5.917987120425848,0.1437195441117346,0.9855238242235802,0.02095582364158857,0.1667836986799437,0.16540758228023886,2.0,0.9385119366565812,0.0674914835710126
compound,P2_Full,,main,clean,0.0,27,0.15,59,0.9348370927318296,0.9031189836929341,0.8533329174223302,-0.0760501489526843,1.0,0.1256773985412209,0.1346382051706314,1.0,0.092588399995293,0.008801500000117812,0.3397823999985121,,D,0.002777777777777778,0.9895335641728521,5.928980998923378,0.1054300859729983,0.9897065531276295,0.016527971664299604,0.16634734503162615,0.1653358093469514,2.0,0.9524150958183778,0.05333677160373277
compound,P2_Full,,main,clean,0.0,27,0.2,79,0.9423558897243107,0.9099284459772253,0.8671049579540764,-0.07162677778807566,1.0,0.1270106660027096,0.11497059166431427,1.0,0.0798817999966559,0.003119500004686415,0.43995040000299923,,D,0.0029411764705882353,0.9949537644273003,5.942402054250939,0.08136757311844475,0.9950189790171499,0.012923413683352203,0.16582867229639683,0.1651049800451154,2.0,0.9610090624801542,0.04548718044955238
compound,P2_Full,,main,clean,0.0,26,0.05,19,0.8922305764411027,0.8319138014433616,0.7695643010143972,-0.1031442725883261,1.0,0.12346445276564377,0.1550461153189341,1.0,0.1024399000016274,0.00852380000287667,0.1365841000006185,,D,0.002551020408163265,0.9843857696025897,5.881468897452601,0.12488263766763072,0.9847145390307407,0.021055756177744352,0.16790285590771634,0.1661751657184613,2.0,0.9384628151020559,0.06659917869671614
compound,P2_Full,,main,clean,0.0,26,0.1,39,0.8796992481203008,0.813339776940087,0.7443269607146048,-0.06908079611358962,1.0,0.12410955389410425,0.1548741042613983,1.0,0.10210589999769581,0.017211500002304092,0.26455949999945005,,D,0.002631578947368421,0.9861361415036569,5.891377523269052,0.16772549352330873,0.9864072796477242,0.019557192114940055,0.16754892837966517,0.16626857380919316,2.0,0.9426016218292891,0.0642993791627992
compound,P2_Full,,main,clean,0.0,26,0.15,59,0.9323308270676691,0.9010646370957641,0.8489431232749619,-0.07541058003802523,1.0,0.12276676276535946,0.14386027157306672,1.0,0.09807670000009239,0.008219899995310698,0.3875590999959968,,D,0.002777777777777778,0.9908575673080029,5.884279059248266,0.2470282398117538,0.9910533939042434,0.021419528350694002,0.16763222068833883,0.16609408851748686,2.0,0.9329072705236066,0.07653849469254435
compound,P2_Full,,main,clean,0.0,26,0.2,79,0.9398496240601504,0.9076411312100192,0.8624313716765281,-0.09337616214955682,1.0,0.1266214613008736,0.12298429310321808,1.0,0.07540760000119917,0.00721279999561375,0.4780742999937502,,D,0.0029411764705882353,0.9922388091983226,5.916167399066897,0.10391799197793063,0.992351339221078,0.014499066654957697,0.16657710385724087,0.16602463994447336,2.0,0.9585735915385029,0.04745047689771069
compound,P2_Full,,main,clean,0.0,28,0.05,19,0.924812030075188,0.8898996139200608,0.8354094316185173,-0.06666982212684379,1.0,0.12057338351698373,0.16771735002597174,0.9166666666666666,0.06150100000377279,0.011969999999564607,0.08971890000248095,,D,0.002551020408163265,0.9877959397487583,5.048228569089674,0.25610617867327423,0.9880533870183279,0.02109521456544309,0.19603836488455817,0.19480400855994573,2.0,0.919733096474263,0.0877260780479957
compound,P2_Full,,main,clean,0.0,28,0.1,39,0.9323308270676691,0.9010646370957641,0.8489431232749619,-0.07719509055598026,1.0,0.12352696735938043,0.18016880005598068,0.9,0.10457599999790546,0.014384800000698306,0.2262168000015663,,D,0.002631578947368421,0.9821236711861714,5.903110667320027,0.14077306516718804,0.9825133487350498,0.021798522109138595,0.16721066030567455,0.16574086932370505,2.0,0.9395703019552096,0.06482593721161191
compound,P2_Full,,main,clean,0.0,28,0.15,59,0.9373433583959899,0.9054637799516481,0.8578582536086288,-0.08306110882682445,1.0,0.12538437828641685,0.1413814514875412,1.0,0.10094630000094185,0.008155300005455501,0.3527942000000621,,D,0.002777777777777778,0.9901393689448696,5.9230072998113075,0.11497045838675782,0.9903063686668317,0.01693600754641115,0.1665179254085469,0.16553698545342,2.0,0.9505966064001429,0.05514352830509071
compound,P2_Full,,main,clean,0.0,28,0.2,79,0.9473684210526315,0.9151001604747496,0.8767801628882481,-0.07715057965364179,1.0,0.1268577117188679,0.10682221949100494,1.0,0.08602570000221021,0.008093600001302548,0.4641076999978395,,D,0.0029411764705882353,0.9947900050825784,5.9366953027129385,0.09207642317864312,0.9948590891081863,0.013259902687608696,0.16599091358669266,0.1653132049279889,2.0,0.9599905394803575,0.04678849263010724
compound,P2_Full,,main,clean,0.0,29,0.05,19,0.7167919799498746,0.7719018127823557,0.6476715146061053,-0.07555854209561012,1.0,0.12189751646853522,0.17678134391705194,0.9166666666666666,0.10918220000166912,0.023237399997015018,0.15696319999551633,,D,0.002551020408163265,0.9917133946401413,4.878300144539162,0.2689759113056388,0.9918662468946307,0.018445702172543738,0.20295616187278745,0.20177201315308732,2.0,0.9276038766159045,0.08234537614028649
compound,P2_Full,,main,clean,0.0,29,0.1,39,0.9022556390977443,0.8368251369409792,0.7857314023136399,-0.0760770590246446,1.0,0.12248848880220427,0.15272440761327744,0.95,0.09884450000390643,0.006758399998943787,0.2817651000004844,,D,0.002631578947368421,0.9931848942248659,4.832742073314085,0.3210657333668656,0.9932988710011017,0.01672413899306631,0.20482930995780285,0.2040966532426052,2.0,0.9309073241225945,0.07940717017781178
compound,P2_Full,,main,clean,0.0,29,0.15,59,0.9448621553884712,0.9124433775178236,0.8718937641008938,-0.05985309093734742,1.0,0.1248988053684951,0.18239392340183258,1.0,0.09704300000157673,0.008777200004260521,0.4452203999971971,,D,0.002777777777777778,0.988183510103411,5.9321444326506,0.13086574891575703,0.9883983842924956,0.018184265459966098,0.1662571515778265,0.16504178272980502,2.0,0.9475421083486768,0.05838548883686028
compound,P2_Full,,main,clean,0.0,29,0.2,79,0.949874686716792,0.9174253226730819,0.881705712916377,-0.07690648200844111,1.0,0.1271550788486413,0.09580561816692353,1.0,0.21425160000217147,0.013867800000298303,0.6902660999985528,,D,0.0029411764705882353,0.9954098598012779,5.953539265802784,0.09021279479685956,0.9954660957779129,0.012251472547740245,0.16551294041789139,0.1648620510150963,2.0,0.9619151752711995,0.044704095219760064
compound,P2_Full,,main,clean,0.0,0,0.05,19,0.9097744360902256,0.8479208103450665,0.7996856938211119,-0.08188489368737652,1.0,0.12332707888807289,0.17777415364980698,0.9166666666666666,0.11660669999400852,0.00791620000381954,0.13788790000398876,,E,0.002551020408163265,0.9833380087677566,5.8878734946227,0.15097140102517154,0.9836983084641175,0.021624047890731107,0.16771743578944975,0.16609687353202152,3.255145730222327,0.9374902092503998,0.06740987794586789
compound,P2_Full,,main,clean,0.0,0,0.1,39,0.8947368421052632,0.8220573618321151,0.769410253142101,-0.10140355843777901,1.0,0.1241780435557835,0.11925170123577118,0.9,0.14143170000170358,0.006792100000893697,0.30905060000077356,,E,0.002631578947368421,0.9857232029040177,5.8953862157753605,0.1338587172899684,0.9860035952050219,0.01963972024811295,0.16743320582413648,0.16610193028746006,3.2550999080344454,0.9429640101732762,0.0626138199611003
compound,P2_Full,,main,clean,0.0,0,0.15,59,0.87468671679198,0.7973874112889242,0.7347535692948192,-0.09296120358931989,1.0,0.12455961895982307,0.07836341857910156,1.0,0.1852842000007513,0.009591899994120467,0.5123089000044274,,E,0.002777777777777778,0.990943639604514,5.898889311726332,0.16307613462703038,0.9911096269238819,0.01832825904882079,0.16721013340745397,0.1660631383472609,3.25545149566676,0.9441305574875475,0.06418026988784756
compound,P2_Full,,main,clean,0.0,0,0.2,79,0.9448621553884712,0.9076808967418611,0.8711580556985833,-0.09323448040549077,1.0,0.12217662400674063,0.10055259317159652,0.95,0.08825019999494543,0.003759700004593469,0.6207518000010168,,E,0.0029411764705882353,0.990798848848232,5.881696367251839,0.301844300297069,0.9910165449909982,0.023659663793744252,0.16757065550313874,0.16604199201804615,3.255643222907305,0.9277799376566508,0.08457698543615752
compound,P2_Full,,main,clean,0.0,1,0.05,19,0.9072681704260651,0.8369206385987912,0.7942231168373595,-0.0886636990585773,1.0,0.1192388891645137,0.15641762564579645,0.9166666666666666,0.10054659999877913,0.02436399999714922,0.13407450000522658,,E,0.002551020408163265,0.9841820231279105,5.026935695988263,0.27195705936430736,0.9845779492540241,0.02503013686991592,0.19687956870298623,0.19509107991022495,3.031452745635743,0.9111919500115225,0.0948066171657004
compound,P2_Full,,main,clean,0.0,1,0.1,39,0.9298245614035088,0.8887883916441816,0.8426207584068035,-0.0809702410832181,1.0,0.12328425391280495,0.11420402526855469,0.95,0.23144549999415176,0.003158700004860293,0.3962547999981325,,E,0.002631578947368421,0.9849269741748636,5.903609540049975,0.15300312538573863,0.9852553685970965,0.021786894419383723,0.16719630753981246,0.1656019997222608,3.259643605870021,0.9373734289526581,0.06797082789261787
compound,P2_Full,,main,clean,0.0,1,0.15,59,0.9398496240601504,0.902739512125443,0.8615131078907089,-0.07317268573333777,1.0,0.12475047313077525,0.12896085828542708,0.95,0.10589949999848614,0.04067510000459151,0.5635779000003822,,E,0.002777777777777778,0.9866235029314421,5.906695007995667,0.12027466864608394,0.9868820919645906,0.019331595695291224,0.1669854841917282,0.16561436087898485,3.2595309287983554,0.9464357949268937,0.05890523902758437
compound,P2_Full,,main,clean,0.0,1,0.2,79,0.9448621553884712,0.9076808967418611,0.8711580556985833,-0.08122409057340249,1.0,0.12593642270936922,0.07054184377193451,1.0,0.05834280000271974,0.007771600001433399,0.6370305000018561,,E,0.0029411764705882353,0.9927475398421427,5.921565914646593,0.10199941548990013,0.9928625682258281,0.015860601944955036,0.16642255117163296,0.16539996529585285,3.2614876206462444,0.9538928839950004,0.05259949750164909
compound,P2_Full,,main,clean,0.0,2,0.05,19,0.924812030075188,0.8900479939778989,0.8348824797976024,-0.06544181903469447,1.0,0.11868437756731487,0.20468027393023172,0.8333333333333334,0.12748670000291895,0.02115380000032019,0.2192441000006511,,E,0.002551020408163265,0.9807857889261443,5.040193046649723,0.3427008907860017,0.9812954017377501,0.02652270289146504,0.1963549840841875,0.19522156688762463,3.0305962168304257,0.9078673117530265,0.09845367670302115
compound,P2_Full,,main,clean,0.0,2,0.1,39,0.9273182957393483,0.8919163315246984,0.8390664405069047,-0.0936129617098174,1.0,0.12385337922503886,0.10864080786705017,1.0,0.1846639000068535,0.02032560000225203,0.44521979999990435,,E,0.002631578947368421,0.9842929416537191,5.915062243026947,0.13558650392567523,0.9846110016765123,0.020249496486305828,0.16686747450596695,0.16558811276211638,3.259770211338477,0.9416570323302065,0.06325805444290779
compound,P2_Full,,main,clean,0.0,2,0.15,59,0.9348370927318296,0.8982742578960103,0.8522680439637081,-0.09526715070172302,1.0,0.12502071259667966,0.07625238597393036,1.0,0.07061229999817442,0.010745100000349339,0.5428551000004518,,E,0.002777777777777778,0.9882053907319874,5.921311742116246,0.12138263510329632,0.9884178086503937,0.01800974611192516,0.16656640516509924,0.16550603528319405,3.2605189340813467,0.948117530731885,0.057678936888864475
compound,P2_Full,,main,clean,0.0,2,0.2,79,0.9423558897243107,0.9052542704962044,0.8663022783523828,-0.06722458420682674,1.0,0.12577248417501308,0.09647272527217865,1.0,0.08235879999847384,0.007585599996673409,0.6495207999978447,,E,0.0029411764705882353,0.9901368440002263,5.9283787433114075,0.11004602182622278,0.9903008775571819,0.016630940133097263,0.16622791023913272,0.1653132049279889,3.2622808859032224,0.9528385820584515,0.053576681003995354
compound,P2_Full,,main,clean,0.0,3,0.05,19,0.6791979949874687,0.7300684793064717,0.6005408068856275,-0.0540902635275862,1.0,0.1192858933437938,0.23322682827711105,0.75,0.08389639999950305,0.01739369999995688,0.12718360000144457,,E,0.002551020408163265,0.9829006344342088,5.026234100734304,0.29605853819692773,0.9833452678299905,0.02600291771475025,0.196907407464465,0.1952346155853646,3.0305106269215347,0.9110072558527995,0.09588620960172115
compound,P2_Full,,main,clean,0.0,3,0.1,39,0.8446115288220551,0.7532352197781419,0.682461182315571,-0.09022571234127254,1.0,0.11971308056202863,0.16086452603340148,0.9,0.09870139999839012,0.015854299999773502,0.26000940000085393,,E,0.002631578947368421,0.9863107664108196,4.969438390033189,0.2757815815831442,0.9866310189070592,0.023394479621754647,0.19912240984175777,0.19808359950006943,3.0120933819405495,0.9135799006390846,0.09551557474081497
compound,P2_Full,,main,clean,0.0,3,0.15,59,0.9398496240601504,0.9029462114459924,0.8615467751925886,-0.10058362226301835,1.0,0.1232946183367306,0.10888534337282181,0.95,0.09065479999844683,0.004279799999494571,0.36847120000311406,,E,0.002777777777777778,0.9859657158536235,5.913054524939175,0.22116138814369998,0.9862787569210311,0.022305453141942155,0.16680289471223678,0.16507273290003094,3.264483922377426,0.9354634359558586,0.07374371171921738
compound,P2_Full,,main,clean,0.0,3,0.2,79,0.9473684210526315,0.9103577969208687,0.8761283102938204,-0.09416226651698946,1.0,0.12627633654853496,0.1088277280330658,0.95,0.051095700000587385,0.00671419999707723,0.4363563000006252,,E,0.0029411764705882353,0.9889855683046498,5.946956649456427,0.09553529916058785,0.9891614865488175,0.015971613337257305,0.16569940990133114,0.16458441783793162,3.2689773326304694,0.9562710452436405,0.04943674885246018
compound,P2_Full,,main,clean,0.0,4,0.05,19,0.8922305764411027,0.8124598445981109,0.764230063576814,-0.08719932556362525,1.0,0.12331360002914628,0.15847589572270712,1.0,0.06965680000575958,0.007745399998384528,0.08616579999943497,,E,0.002551020408163265,0.9834119728775873,5.894393446758523,0.14124267695645726,0.9837674808703067,0.021431601847283165,0.16752908990906037,0.16592724046140195,3.2566844919786098,0.9378807504023925,0.06701871309315115
compound,P2_Full,,main,clean,0.0,4,0.1,39,0.8972431077694235,0.8355120350301168,0.7784575671937632,-0.0922509486601228,1.0,0.12320873222092062,0.11577941179275512,1.0,0.08085320000100182,0.0028358000054140575,0.18085509999946225,,E,0.002631578947368421,0.9880480457142671,5.893381583370567,0.14471862580066536,0.9882958153515122,0.020730470626122936,0.16749105568380862,0.1659491737258714,3.256485355648536,0.9368165454236601,0.06977740094274668
compound,P2_Full,,main,clean,0.0,4,0.15,59,0.8897243107769424,0.8266447777868006,0.7679344089508009,-0.06867673528225708,1.0,0.12442176384817683,0.08712626993656158,1.0,0.08219880000251578,0.007044300000416115,0.278605499996047,,E,0.002777777777777778,0.9882100840453466,5.912729888812969,0.1347574779852569,0.9884352920772402,0.01910175040770896,0.16681220589768203,0.16572268647477562,3.258544215146139,0.9443698431262036,0.06252892189742115
compound,P2_Full,,main,clean,0.0,4,0.2,79,0.8270676691729323,0.7665429104391194,0.6752473896822309,-0.07699045934050894,1.0,0.12454302009089488,0.10417578518390655,1.0,0.05110720000084257,0.004014599995571189,0.34933949999685865,,E,0.0029411764705882353,0.9908234479322883,5.909711648494213,0.14581125457947267,0.9909980211435105,0.01902383487110537,0.16676229457562644,0.16567759847301752,3.258954754922497,0.9444292780517671,0.06397355661361982
compound,P2_Full,,main,clean,0.0,5,0.05,19,0.9072681704260651,0.851156720534476,0.797726609215223,-0.07052207458201444,1.0,0.1229111155921176,0.17378098766009012,1.0,0.0791661999974167,0.004317999999329913,0.0928362000049674,,E,0.002551020408163265,0.9836813870891469,5.883909990545648,0.15189441040998944,0.9840436238122979,0.02219776430324637,0.16783213597702917,0.16616211702072134,3.2545547353541697,0.9347400933357095,0.07073395925351326
compound,P2_Full,,main,clean,0.0,5,0.1,39,0.8947368421052632,0.8229626129373357,0.7695256867311749,-0.0887410963669221,1.0,0.12396651144921884,0.10866079628467559,1.0,0.073795299998892,0.004039200000988785,0.18696830000408227,,E,0.002631578947368421,0.9858509903969173,5.895235896031455,0.1338693308040944,0.986135092097939,0.020079264131667104,0.16743754240015943,0.1660602694070268,3.2554775045994315,0.9415204443572202,0.06404992863813633
compound,P2_Full,,main,clean,0.0,5,0.15,59,0.9373433583959899,0.900451969890168,0.8568401735198873,-0.09882727566542182,1.0,0.12412116031282085,0.1028464138507843,1.0,0.07969229999434901,0.005895700000110082,0.28128600000491133,,E,0.002777777777777778,0.9900423145660422,5.89152624135206,0.1546818118516239,0.9902364843708198,0.019499491730821772,0.16742258937788104,0.16612503868771278,3.254890544946437,0.9412398747951336,0.06730744745201814
compound,P2_Full,,main,clean,0.0,5,0.2,79,0.9423558897243107,0.9051456714513826,0.8662860223988464,-0.08727323001006838,1.0,0.12596636502152828,0.0695163369178772,1.0,0.06744800000160467,0.009386199999426026,0.36551519999920856,,E,0.0029411764705882353,0.9921367928720229,5.903833852888151,0.10938920658731438,0.9922630389582193,0.01605529196187126,0.1669312582248883,0.16609404823876453,3.255171333054743,0.9539794238927494,0.05283886359977475
compound,P2_Full,,main,clean,0.0,6,0.05,19,0.6766917293233082,0.7378273370830535,0.617171166021226,-0.0662936171131006,1.0,0.12220798224528531,0.18063455323378244,0.8333333333333334,0.10119010000198614,0.008311500001582317,0.12757450000208337,,E,0.002551020408163265,0.9818325787183277,5.905931048241213,0.14753119453263108,0.9822644753443378,0.02377313870327767,0.16719681515131601,0.16531395166762358,3.2622740547793825,0.9304285077736991,0.07496802698137349
compound,P2_Full,,main,clean,0.0,6,0.1,39,0.8972431077694235,0.8278185738310363,0.7754501490063963,-0.07800049264824845,1.0,0.1206348799544122,0.16252690106630324,0.9,0.05119920000288403,0.008214200002839789,0.19997190000140108,,E,0.002631578947368421,0.9886547045021272,4.965345034223364,0.2566913347773817,0.9888981396816257,0.021456927194539503,0.19928873852155898,0.1977225385363144,3.0143980896193288,0.9199342192008909,0.08841251354036196
compound,P2_Full,,main,clean,0.0,6,0.15,59,0.8796992481203008,0.8035181357672969,0.7434235900316198,-0.07223015974695221,1.0,0.12459739380835952,0.1190775603055954,0.95,0.05127910000010161,0.00719060000119498,0.2667522000047029,,E,0.002777777777777778,0.9864919768923395,5.926723944863732,0.12074832096452537,0.9867543678390109,0.019424822165329685,0.1664117553218013,0.16493345713401425,3.2657628072809155,0.945158120577262,0.06033016706128933
compound,P2_Full,,main,clean,0.0,6,0.2,79,0.8621553884711779,0.7858342442334307,0.7178200179039914,-0.08237721610715013,1.0,0.12476680203263339,0.07734544277191162,1.0,0.04634449999866774,0.0036622000043280423,0.32811990000482183,,E,0.0029411764705882353,0.99061456601924,5.935984310392161,0.1197590134388404,0.9907905039685385,0.01874585124770156,0.16601114874586398,0.16472323442651396,3.2676972506057096,0.9456683822978826,0.06118931552971022
compound,P2_Full,,main,clean,0.0,7,0.05,19,0.9298245614035088,0.8938750652973951,0.843353184547725,-0.06392677438534818,1.0,0.1190420838698328,0.2224049245317777,0.8333333333333334,0.07796240000607213,0.005249499998171814,0.09376949999568751,,E,0.002551020408163265,0.9837846419726736,5.04160521674645,0.34916320437877324,0.9842018899670376,0.025731654747363806,0.19629926803483064,0.19489534944412548,3.032739689341189,0.9095361941226443,0.09770424784483257
compound,P2_Full,,main,clean,0.0,7,0.1,39,0.9373433583959899,0.900451969890168,0.8568401735198873,-0.0795154036355712,1.0,0.12429578649093735,0.10779445469379426,1.0,0.06552730000112206,0.005040700001700316,0.17592119999608258,,E,0.002631578947368421,0.9848867589216803,5.9246564568402045,0.12800470972105166,0.9851791256714798,0.0193450728592517,0.1665929814971224,0.16533814747951672,3.262052746514363,0.9444621348592456,0.060683310650375855
compound,P2_Full,,main,clean,0.0,7,0.15,59,0.9473684210526315,0.9148697747243952,0.8767501989378955,-0.08407976468942284,1.0,0.12543831273386713,0.09470517337322235,1.0,0.05779170000459999,0.008576200001698453,0.2507867999956943,,E,0.002777777777777778,0.9889311166709486,5.9282641825650275,0.1128384366045547,0.9891204628143818,0.017106164895268904,0.16636779573984378,0.16527390900649955,3.2626404494382024,0.9508326271969614,0.05519654120656541
compound,P2_Full,,main,clean,0.0,7,0.2,79,0.949874686716792,0.9174253226730819,0.881705712916377,-0.08516987177429061,1.0,0.12635512812697436,0.07156386375427246,1.0,0.06472750000102678,0.0035501000020303763,0.3294997999983025,,E,0.0029411764705882353,0.991959732194077,5.929811120075578,0.10243619641850249,0.9920822499522098,0.015238019564800157,0.16618704446930205,0.16522644456012495,3.263074984247007,0.956503612402504,0.050364324568362547
compound,P2_Full,,main,clean,0.0,8,0.05,19,0.8922305764411027,0.810510230099517,0.7649026019108857,-0.06537672945587378,1.0,0.12018443430940913,0.17993754396835962,0.75,0.06646489999548066,0.012483899998187553,0.09086889999889536,,E,0.002551020408163265,0.9847063354228465,5.056479961394691,0.23825672738783027,0.9850599844845453,0.023123892897927524,0.19571428711244485,0.19422986585938723,3.037134699361774,0.917556743310172,0.08865194523626163
compound,P2_Full,,main,clean,0.0,8,0.1,39,0.8872180451127819,0.8600957974512975,0.7808049125550051,-0.07790449808240005,1.0,0.1231235701942297,0.12374075055122376,1.0,0.05843609999283217,0.006299200002104044,0.17723579999437789,,E,0.002631578947368421,0.9843629551163816,5.911194850011236,0.15396592694443167,0.984709945033853,0.022190248864404148,0.16697837362624554,0.1652131648382169,3.2631966041859295,0.9368208048867694,0.0685703429954695
compound,P2_Full,,main,clean,0.0,8,0.15,59,0.8822055137844611,0.8051536838849206,0.7485267352136067,-0.08251292372415937,1.0,0.12430542829078053,0.12667523324489594,1.0,0.07299589999456657,0.013770300000032876,0.2752388000008068,,E,0.002777777777777778,0.9866149957883952,5.908484896248705,0.12746581299500237,0.9868859987773801,0.020246761577406503,0.16693405457431038,0.16536675951717733,3.26179112857945,0.9432636713792257,0.06276529781425523
compound,P2_Full,,main,clean,0.0,8,0.2,79,0.8721804511278195,0.8657006247741993,0.7706232485326518,-0.08868581099560621,1.0,0.12267316943599667,0.10468008369207382,0.9,0.08683670000027632,0.008814300002995878,0.3900922999964678,,E,0.0029411764705882353,0.9907464719334819,5.903418395923817,0.28703521644617025,0.9909564054431378,0.02268686150263818,0.16694321372013346,0.16538261322228007,3.261646207113629,0.931408751512904,0.08092835171872877
compound,P2_Full,,main,clean,0.0,9,0.05,19,0.6942355889724311,0.7483478360415334,0.6202808816455768,-0.0728554594209565,1.0,0.11956047420913356,0.2215415214498838,0.75,0.07138080000004265,0.006002000001899432,0.09385220000694972,,E,0.002551020408163265,0.9844662705936108,5.001087878778527,0.2869755560816437,0.9848512375568167,0.024782648978524193,0.19791034724127718,0.19652643666162117,3.0220934864882807,0.9130764097982008,0.09361911453551092
compound,P2_Full,,main,clean,0.0,9,0.1,39,0.9223057644110275,0.8795529082072805,0.8290570213643306,-0.09026888887216511,1.0,0.11992916780908278,0.11386987268924713,0.95,0.06552609999926062,0.019705500002601184,0.19434230000479147,,E,0.002631578947368421,0.9872945438238495,4.892835708969162,0.31665248758239173,0.9875964738130869,0.02376380549043938,0.20228119735580946,0.20145813081516456,2.990952643551389,0.9148783585920295,0.09447591926361566
compound,P2_Full,,main,clean,0.0,9,0.15,59,0.9373433583959899,0.8956520328404287,0.8562742495803023,-0.0905117983994231,1.0,0.1251288162061036,0.134421269595623,0.95,0.089235399995232,0.014771800000744406,0.30755150000186404,,E,0.002777777777777778,0.9869583803229128,5.949965495895127,0.12857712073191788,0.9871942216426453,0.018083744624658882,0.16575084274966706,0.16457753017641596,3.269040902679831,0.9490769068555146,0.056380099620678574
compound,P2_Full,,main,clean,0.0,9,0.2,79,0.949874686716792,0.9175468462383821,0.8817200946954276,-0.09785218955511257,1.0,0.1263506485736622,0.08864217698574066,1.0,0.0625549999967916,0.006279000001086388,0.393693500001973,,E,0.0029411764705882353,0.9935809020137644,5.95805908915731,0.10916092859231157,0.9936748826718197,0.014640788823733812,0.16538514341983576,0.1644629533229221,3.27009917704157,0.9565897751315106,0.04998628389204462
compound,P2_Full,,main,clean,0.0,10,0.05,19,0.8897243107769424,0.8353752645607045,0.7687321405710802,-0.0780456580919072,1.0,0.1232561688308182,0.13829214374224344,1.0,0.07714909999776864,0.005441399996925611,0.10047830000257818,,E,0.002551020408163265,0.9846754909076456,5.883601180259013,0.1281782266184279,0.9849980431236248,0.021048127156005948,0.1678410791539263,0.16599248395010177,3.2560922883421117,0.9382772912814279,0.06672625155965685
compound,P2_Full,,main,clean,0.0,10,0.1,39,0.9298245614035088,0.8938750652973951,0.843353184547725,-0.08733880076779126,1.0,0.12313204304716911,0.11429034769535065,1.0,0.07700699999986682,0.004698099997767713,0.19757580000441521,,E,0.002631578947368421,0.9852979760224765,5.870803591751291,0.1436591965346445,0.9856251064138345,0.022250704519195003,0.16814534161396372,0.16610193028746006,3.2550999080344454,0.9364693750319449,0.06865942472455323
compound,P2_Full,,main,clean,0.0,10,0.15,59,0.9348370927318296,0.8982742578960103,0.8522680439637081,-0.09669268196877454,1.0,0.12464065656144735,0.11175652444362641,0.9,0.07027399999788031,0.005266599997412413,0.2912011000007624,,E,0.002777777777777778,0.9835759990844022,5.900461749220511,0.1271336251835664,0.9839072118893875,0.020166389827144027,0.16716483059162907,0.16603218817703497,3.2557321278777147,0.9458094801141126,0.05946436323512258
compound,P2_Full,,main,clean,0.0,10,0.2,79,0.9398496240601504,0.902739512125443,0.8615131078907089,-0.08774217636495513,1.0,0.12563680602351718,0.0756567120552063,1.0,0.07796130000497214,0.007035500006168149,0.38502860000153305,,E,0.0029411764705882353,0.9889201605931924,5.910004287271327,0.11735361537455691,0.9891150924167428,0.01759337986709481,0.16675389113752898,0.16583376713517264,3.257533744899027,0.951940491346121,0.05434523153484438
compound,P2_Full,,main,clean,0.0,11,0.05,19,0.8972431077694235,0.8422334091397745,0.7793161249662705,-0.08087869742879887,1.0,0.1222017980909809,0.1880756417910258,1.0,0.11069920000591082,0.007588300002680626,0.1395967999997083,,E,0.002551020408163265,0.981904664097725,5.873318889685313,0.17387361270150536,0.9823419762107991,0.024167117727781514,0.16813939228783226,0.16616211702072134,3.2545547353541697,0.9310257928804904,0.07366513326741408
compound,P2_Full,,main,clean,0.0,11,0.1,39,0.8696741854636592,0.7824483462232977,0.7214001927662222,-0.07349567897373685,1.0,0.12376129589765526,0.10832282304763793,1.0,0.06823250000161352,0.010598100001516286,0.22746639999968465,,E,0.002631578947368421,0.9862333423027763,5.889884622460272,0.14289899516919222,0.9865112404625056,0.0201863201541902,0.16759206555454043,0.1662269129287599,3.253968253968254,0.9409198011975227,0.06474838858415216
compound,P2_Full,,main,clean,0.0,11,0.15,59,0.8922305764411027,0.8350191111609973,0.7729141771705634,-0.08457523612930251,1.0,0.12289251858212598,0.13660358041524887,0.9,0.07101369999872986,0.004395400006615091,0.3225380000003497,,E,0.002777777777777778,0.9871041297951214,5.872175407319312,0.19666439896993484,0.987406379182843,0.023437688416504003,0.16798348351958844,0.1660631383472609,3.25545149566676,0.9340108404787588,0.07350842572625808
compound,P2_Full,,main,clean,0.0,11,0.2,79,0.9423558897243107,0.9051456714513826,0.8662860223988464,-0.08053970402163327,1.0,0.12538752867149253,0.07419469058513642,1.0,0.0827482999957283,0.009129500002018176,0.4250631000031717,,E,0.0029411764705882353,0.9925149491932092,5.9008067630918655,0.11311262735941592,0.9926408684755409,0.016822769221218236,0.16701840654163982,0.16612875238591013,3.2548569041153126,0.949806737827785,0.05785493767952147
compound,P2_Full,,main,clean,0.0,12,0.05,19,0.9097744360902256,0.8582694982216373,0.8033033758459038,-0.06920455737071736,1.0,0.12278273625896702,0.18114243199427923,0.9166666666666666,0.10456200000044191,0.0087028999987524,0.13491349999821978,,E,0.002551020408163265,0.9835778669461569,5.890503760456794,0.14618686504919912,0.9839443604672149,0.022317047356539627,0.16764140350393644,0.1658358995772222,3.257514359902431,0.9350407717575834,0.06959102041828763
compound,P2_Full,,main,clean,0.0,12,0.1,39,0.9072681704260651,0.8472686559069591,0.7955184556631374,-0.07320635238358922,1.0,0.12452311182439403,0.09198532402515411,0.95,0.06782160000147996,0.010124599997652695,0.2216582999972161,,E,0.002631578947368421,0.9883350272602904,5.907333216604501,0.13766964741650983,0.9885473271392945,0.018199774979449967,0.16708925246922435,0.16585196500486044,3.257368332914678,0.9454361213888438,0.06073855636775586
compound,P2_Full,,main,clean,0.0,12,0.15,59,0.8822055137844611,0.811487559461422,0.7527821729814679,-0.08558606111864521,1.0,0.12459014695189327,0.06937023103237153,1.0,0.07140200000139885,0.0033777999997255392,0.3097531000021263,,E,0.002777777777777778,0.992565098301648,5.903656599237988,0.16953962962985986,0.9926971358736464,0.01775915504406001,0.16707285947906858,0.16583101207056639,3.257558790593505,0.9446074326663865,0.06393191285395766
compound,P2_Full,,main,clean,0.0,12,0.2,79,0.9448621553884712,0.9076808967418611,0.8711580556985833,-0.07677282100078156,1.0,0.12248108236386371,0.14048998355865477,0.9,0.05444240000360878,0.011930900000152178,0.38545650000014575,,E,0.0029411764705882353,0.9837059426070935,5.819434232838813,0.3936625333914487,0.984146641857711,0.027046624422060926,0.169395054639745,0.1664063855630748,3.2523461939520333,0.9314519489238328,0.07594135521757239
compound,P2_Full,,main,clean,0.0,13,0.05,19,0.8872180451127819,0.8138017780821218,0.7579195635340693,-0.07247059215795737,1.0,0.12283406625594008,0.1746686895688375,0.9166666666666666,0.07490050000342308,0.007765599999402184,0.10376900000119349,,E,0.002551020408163265,0.9831080580909658,5.905235711755138,0.15546928544940966,0.9834815340890173,0.02210971361745554,0.1672168035829174,0.16582285087948223,3.2576329870947434,0.9351070879503618,0.06987014826953845
compound,P2_Full,,main,clean,0.0,13,0.1,39,0.9298245614035088,0.8938750652973951,0.843353184547725,-0.08204923244695612,1.0,0.12236947297742184,0.13866007030010224,0.95,0.08719729999575065,0.005468399998790119,0.2184869999982766,,E,0.002631578947368421,0.9864625488288167,5.8867694127069425,0.19500414702569607,0.9867799415721509,0.02344553190409935,0.16768214959738606,0.16579641716428273,3.2578733562274897,0.9309602099984199,0.07507392734904884
compound,P2_Full,,main,clean,0.0,13,0.15,59,0.9373433583959899,0.900451969890168,0.8568401735198873,-0.08975505189886517,1.0,0.12515852886266574,0.10310574769973754,1.0,0.07807380000303965,0.01081010000052629,0.3200587999963318,,E,0.002777777777777778,0.9876783170857557,5.903785490010358,0.10796419657805348,0.98790371143338,0.01829249699029953,0.16706915115037704,0.16575363664500153,3.258262533843712,0.9490080709128147,0.05646328859455899
compound,P2_Full,,main,clean,0.0,13,0.2,79,0.9423558897243107,0.9051456714513826,0.8662860223988464,-0.09491382362032862,1.0,0.12611308527777768,0.07106325030326843,1.0,0.08795480000117095,0.00831099999777507,0.4331434999985504,,E,0.0029411764705882353,0.9918491478849074,5.908523489089259,0.09978546642938607,0.9919785784379551,0.01587938920005881,0.16679642240537343,0.16579906298802707,3.257849293563579,0.9549352891174386,0.051593977759549374
compound,P2_Full,,main,clean,0.0,14,0.05,19,0.9072681704260651,0.833552311559474,0.7924642584617464,-0.05986569266615649,1.0,0.12143069995875398,0.18954048057397208,0.8333333333333334,0.08428170000115642,0.009548899994115345,0.11364470000262372,,E,0.002551020408163265,0.9895634507111735,4.894803980689768,0.31207859959284334,0.9897749197930606,0.020262356458524353,0.20226323023460482,0.20072811733389007,2.9954657739062602,0.9242830953712121,0.08525763416374739
compound,P2_Full,,main,clean,0.0,14,0.1,39,0.9072681704260651,0.8511022414868857,0.7967922005444349,-0.07874901939756711,1.0,0.12256942333336722,0.12456424236297607,1.0,0.1108957000033115,0.009496999999100808,0.24876790000416804,,E,0.002631578947368421,0.9859668328956076,5.902903212319442,0.180620481060217,0.9862870606111652,0.022819347419975544,0.16721662958232297,0.16546313012081657,3.2609106168694924,0.9329076247252293,0.07303926187108883
compound,P2_Full,,main,clean,0.0,14,0.15,59,0.9423558897243107,0.9099284459772253,0.8671049579540764,-0.08691166993757453,1.0,0.12523036964135967,0.10316703617572784,1.0,0.09176949999528006,0.004235000000335276,0.3635582999995677,,E,0.002777777777777778,0.9877658228854512,5.918816303884576,0.11164589887228629,0.9879856611880067,0.017969194045259592,0.166637805802539,0.16539770968740328,3.2615082335329344,0.9489513423075263,0.05691585650296856
compound,P2_Full,,main,clean,0.0,14,0.2,79,0.9523809523809523,0.9201226309287978,0.8867594112795947,-0.07874804969615691,1.0,0.12621815510620796,0.0952398121356964,1.0,0.08325730000069598,0.007456600003934,0.47139790000073845,,E,0.0029411764705882353,0.9919093185823286,5.932339623851942,0.10131286730065317,0.9920337876032912,0.015384244482892431,0.16611495431434722,0.16519174041297935,3.263392857142857,0.9556938848310375,0.05080548729676811
compound,P2_Full,,main,clean,0.0,15,0.05,19,0.8972431077694235,0.8374434860623865,0.7806048510526236,-0.07388132932888024,1.0,0.12305500736083264,0.17551748206218085,0.9166666666666666,0.09450050000305055,0.012678700004471466,0.12385619999986375,,E,0.002551020408163265,0.9813795877748224,5.898756519375774,0.14634979026132416,0.9817972028804737,0.022427812048472107,0.16740328367585947,0.16586199697270212,3.2572771615136498,0.9360896747939705,0.06850223364124172
compound,P2_Full,,main,clean,0.0,15,0.1,39,0.8796992481203008,0.8089642892804799,0.743809660472237,-0.08843612696073407,1.0,0.1235665475050443,0.1257815793156624,0.95,0.07662530000379775,0.0042905000009341165,0.22994069999549538,,E,0.002631578947368421,0.9856180402253252,5.897679756760563,0.16635288638454862,0.9859191446395571,0.02093625757194577,0.1673670668516495,0.1657686432439939,3.258125994806065,0.9384639258991714,0.0690537979938371
compound,P2_Full,,main,clean,0.0,15,0.15,59,0.9398496240601504,0.9076411312100192,0.8624313716765281,-0.0871676089862087,1.0,0.12429940080955389,0.09048937857151032,1.0,0.10001439999905415,0.014792900001339149,0.3560758999956306,,E,0.002777777777777778,0.9892029234194195,5.906214271976508,0.1375312472661211,0.9894100795148085,0.01918631342872627,0.1669993026938542,0.16573816155988857,3.258403361344538,0.9435511492375553,0.06322825566114985
compound,P2_Full,,main,clean,0.0,15,0.2,79,0.9423558897243107,0.9099284459772253,0.8671049579540764,-0.11229131460104362,1.0,0.1261033989434388,0.06712289452552796,1.0,0.09278900000208523,0.0037115000013727695,0.47078809999948135,,E,0.0029411764705882353,0.9926343050898137,5.919194239850465,0.1065398145244483,0.9927499698433327,0.01570316920935397,0.1664904145065208,0.1655214298108624,3.260378446378027,0.9548964874467982,0.05190343687979097
compound,P2_Full,,main,clean,0.0,16,0.05,19,0.9172932330827067,0.8682300324191723,0.818627827080963,-0.08608468680678127,1.0,0.12241661798341455,0.17483636736869812,1.0,0.08201099999860162,0.004339200000686105,0.09613740000349935,,E,0.002551020408163265,0.9828565857831792,5.883802295398733,0.15593791963326292,0.9832557120009789,0.023281606146344908,0.1678352547326872,0.16596638655462184,3.2563291139240507,0.9330620745140092,0.0718855058186869
compound,P2_Full,,main,clean,0.0,16,0.1,39,0.8696741854636592,0.7895431691227484,0.7253919576965568,-0.07336308560719597,1.0,0.12387523625659543,0.14448232650756837,1.0,0.10146440000244183,0.0037837999989278615,0.2195629000052577,,E,0.002631578947368421,0.9846275475561498,5.886813713295965,0.12663388542379678,0.984946022628955,0.020717258613646466,0.16768086786732614,0.16615747812803777,3.254596740493105,0.9414773838542391,0.06365287574804003
compound,P2_Full,,main,clean,0.0,16,0.15,59,0.8345864661654135,0.7530905219956056,0.6691189161035176,-0.08298505490966175,1.0,0.12471582308882463,0.08676100671291351,1.0,0.10399280000274302,0.0081583999999566,0.3415053999997326,,E,0.002777777777777778,0.9880141226147025,5.886246307358297,0.1292126436940837,0.9882446228216855,0.01923098322912581,0.1675752652108455,0.16610956360259982,3.2550307434320853,0.9455747123989926,0.061489324701656314
compound,P2_Full,,main,clean,0.0,16,0.2,79,0.7994987468671679,0.7250865567421382,0.6217811779739475,-0.08192657047036042,1.0,0.12442585839400551,0.08008731603622436,1.0,0.08564960000512656,0.0036487000033957884,0.4746194000035757,,E,0.0029411764705882353,0.9895089735205933,5.863784084126069,0.21352612248127795,0.9897261316694479,0.020699418620370332,0.16809154978819663,0.16631962519521082,3.253129890453834,0.9427967728834774,0.06660953886989596
compound,P2_Full,,main,clean,0.0,17,0.05,19,0.9022556390977443,0.8284600558485178,0.783419053580784,-0.06778580129283474,1.0,0.12307749681424834,0.17251200725634894,0.9166666666666666,0.11038189999817405,0.008535000000847504,0.13724669999646721,,E,0.002551020408163265,0.9824763397336143,5.9078532595987205,0.15435724025892844,0.9828599951469962,0.021893566044407935,0.16714158294694936,0.16569236390208258,3.2588202866593163,0.9362247842567034,0.0685433583099817
compound,P2_Full,,main,clean,0.0,17,0.1,39,0.9072681704260651,0.8462747343061834,0.7950684386656676,-0.0777513525051611,1.0,0.12229010073743594,0.1147286981344223,1.0,0.11688500000309432,0.008853899998939596,0.2856564999965485,,E,0.002631578947368421,0.9849159821197693,5.8804692635042555,0.18332223043965606,0.9852772873711485,0.02395285223393778,0.16786462579069222,0.16579641716428273,3.2578733562274897,0.9309935755623778,0.07425699136291657
compound,P2_Full,,main,clean,0.0,17,0.15,59,0.899749373433584,0.8365578735498099,0.7823790114550319,-0.06802592426692398,1.0,0.12458398857365205,0.12576859593391418,1.0,0.19029289999889443,0.008967100002337247,0.5058620999989216,,E,0.002777777777777778,0.9868799740125934,5.898107719535295,0.11802626801596099,0.9871316155539641,0.019179957540653544,0.1672326605090049,0.16604766326214795,3.2555917986952467,0.9451730572555991,0.06047607819004493
compound,P2_Full,,main,clean,0.0,17,0.2,79,0.8897243107769424,0.8264934474533474,0.7690183283776784,-0.08219761161207231,1.0,0.1251191120272322,0.0924053281545639,1.0,0.07320310000068275,0.04466909999609925,0.6387658999956329,,E,0.0029411764705882353,0.98943709419949,5.906696111376488,0.11736282272380785,0.9896289976348023,0.01816767459035431,0.16684893747534696,0.16581641506159986,3.257691502720804,0.9478512292932517,0.05929053331509932
compound,P2_Full,,main,clean,0.0,18,0.05,19,0.899749373433584,0.8458059396241414,0.7880990431430234,-0.07166966408602703,1.0,0.12292680946298755,0.19274901847044626,1.0,0.11145789999864064,0.0156732000032207,0.1476425000000745,,E,0.002551020408163265,0.9801505285028875,5.8974492132996,0.14503854118518789,0.9806041910430116,0.022855144540751663,0.16744095942611786,0.1658750456704421,3.2571585903083697,0.935487319123233,0.06883047387875349
compound,P2_Full,,main,clean,0.0,18,0.1,39,0.8571428571428571,0.8006476194728124,0.7232097270459602,-0.07163522663724,1.0,0.12396938375631178,0.12433620989322662,1.0,0.08174359999975422,0.014258600000175647,0.30345950000628363,,E,0.002631578947368421,0.9853473582465101,5.897669296494445,0.1243811042566806,0.9856455583262156,0.02035128441152843,0.16736736837817062,0.16581030412442715,3.257747068676717,0.9416460811833012,0.06389048721204285
compound,P2_Full,,main,clean,0.0,18,0.15,59,0.9022556390977443,0.8345634485510431,0.7845358551501038,-0.08493839275828213,1.0,0.1225198405641905,0.1275519013404846,1.0,0.182793899999524,0.04819310000311816,0.5542769000021508,,E,0.002777777777777778,0.9832237241008837,5.750350157307174,0.20572528822450403,0.98367145549858,0.026688366380521706,0.17160134598167864,0.16804394924172084,3.237706050280873,0.931640123522232,0.07607700868898556
compound,P2_Full,,main,clean,0.0,18,0.2,79,0.949874686716792,0.9129338123378042,0.8811669638010945,-0.10053127310185021,1.0,0.12200143562320548,0.1188730001449585,0.95,0.059268600001814775,0.010803999997733627,0.6396094000010635,,E,0.0029411764705882353,0.9872844409959488,5.865940787454431,0.22765060371909418,0.9875979000692081,0.02465161564343319,0.1680286637866182,0.1657817109144543,3.2580071174377223,0.9281850399651852,0.0796961635541896
compound,P2_Full,,main,clean,0.0,20,0.05,19,0.8947368421052632,0.8343620147728875,0.776846018638427,-0.07439679663557049,1.0,0.12190753727804446,0.18813191105922064,0.8333333333333334,0.18966350000118837,0.01067969999712659,0.22463170000264654,,E,0.002551020408163265,0.981864819137538,5.85561579565259,0.17396412472083544,0.9823151682882645,0.024832900986321547,0.1686554548221684,0.16648833446422048,3.2516067089897325,0.9282468799632867,0.07692604600876059
compound,P2_Full,,main,clean,0.0,20,0.1,39,0.9298245614035088,0.8937040253310703,0.8433150931588704,-0.09638108480702881,1.0,0.12299115330805904,0.13291138410568237,1.0,0.07689340000069933,0.009598399999958929,0.32940420000522863,,E,0.002631578947368421,0.9848803909172258,5.883840415076223,0.1549485063294191,0.9852165466487421,0.02223309674714586,0.16776693586105573,0.16626857380919316,3.253591414014867,0.9348258480807033,0.07096813105247543
compound,P2_Full,,main,clean,0.0,20,0.15,59,0.9373433583959899,0.900451969890168,0.8568401735198873,-0.07993378188062263,1.0,0.12499458963979132,0.10043691992759704,1.0,0.07895280000229832,0.008697600002051331,0.4257701000024099,,E,0.002777777777777778,0.9882325862182891,5.9011984328726586,0.10882223484508179,0.9884482701906833,0.018328918859751155,0.16714361462288405,0.16584648715567935,3.257418120742745,0.9479427469787699,0.057430822188272806
compound,P2_Full,,main,clean,0.0,20,0.2,79,0.9423558897243107,0.9052542704962044,0.8663022783523828,-0.09122555257211232,1.0,0.12590127582381572,0.07134872674942017,1.0,0.043962700001429766,0.003176900005200878,0.4800316000037128,,E,0.0029411764705882353,0.9915659059686506,5.911712327160881,0.10300820142766827,0.9917025842985149,0.016205454830868188,0.16670485952917072,0.16566024639944474,3.2591128103069025,0.9536499793582582,0.05284301054347218
compound,P2_Full,,main,clean,0.0,19,0.05,19,0.6666666666666666,0.7438358120482546,0.5963880346843549,-0.06804991399336695,1.0,0.12271145435796421,0.1697821468114853,1.0,0.2080119000020204,0.04358890000003157,0.28555909999704454,,E,0.002551020408163265,0.9821702238216257,5.8930372408400356,0.15032379389203926,0.9825768594948732,0.02280654951466731,0.16756823313710434,0.16586199697270212,3.2572771615136498,0.9341609577504915,0.0707707681972623
compound,P2_Full,,main,clean,0.0,19,0.1,39,0.899749373433584,0.8723176214259252,0.7974560960346373,-0.06501628055724493,1.0,0.1178755899870392,0.17083985954523087,0.9,0.08444020000024466,0.017789399993489496,0.3989441000012448,,E,0.002631578947368421,0.9819515017370543,4.8374448718104945,0.3287122761913804,0.9824365442221116,0.026874395752530988,0.2046276168251575,0.2033467573948063,2.9794270299801955,0.901543357459561,0.10561023912872011
compound,P2_Full,,main,clean,0.0,19,0.15,59,0.9448621553884712,0.9079107473812215,0.8711893782343663,-0.0851142799974771,1.0,0.12476901852218207,0.10167338252067566,1.0,0.09098690000246279,0.007201000000350177,0.5139509000000544,,E,0.002777777777777778,0.9880796292553462,5.898654892688695,0.12465100506131127,0.9883056645330207,0.018962101306776117,0.16721688922163574,0.16600123800680905,3.256012864733849,0.9464163936902121,0.05953114191433649
compound,P2_Full,,main,clean,0.0,19,0.2,79,0.9473684210526315,0.9103577969208687,0.8761283102938204,-0.07832808444714139,1.0,0.1258152983811048,0.07047407329082489,1.0,0.07062230000155978,0.008664099994348362,0.6064160999958403,,E,0.0029411764705882353,0.9916338234732147,5.902933874371912,0.11499541311101742,0.9917723737022243,0.01656075849773752,0.16695715879454195,0.16600728787090058,3.2559579805581684,0.9531068373980841,0.05355482479623099
compound,P2_Full,,main,clean,0.0,22,0.05,19,0.9223057644110275,0.8825592397004007,0.8297968274421823,-0.0894279654609555,1.0,0.12314212511236333,0.1574976791938146,0.9166666666666666,0.06292620000021998,0.010637999999744352,0.08334479999757605,,E,0.002551020408163265,0.9826308807116104,5.880315773494308,0.13865640527825202,0.9830111001682784,0.021890543231066657,0.16793628301937463,0.16620126311394123,3.254200361152548,0.9373633823107301,0.06706641202372493
compound,P2_Full,,main,clean,0.0,22,0.1,39,0.9323308270676691,0.8958404911341736,0.8477234831469681,-0.0670161051685922,1.0,0.12372913755822015,0.133287313580513,0.95,0.07560910000029253,0.004052399999636691,0.17110909999610158,,E,0.002631578947368421,0.9841023413100348,5.896146403611128,0.1410695182404107,0.9844349316439075,0.020920711682068244,0.1674112785431338,0.1660602694070268,3.2554775045994315,0.9408381669302939,0.06444534798445342
compound,P2_Full,,main,clean,0.0,22,0.15,59,0.9398496240601504,0.902739512125443,0.8615131078907089,-0.0764130391491814,1.0,0.1251150648133893,0.07301234006881714,1.0,0.06870870000420837,0.004914000004646368,0.2519654999996419,,E,0.002777777777777778,0.9905685330766454,5.910126737128409,0.11966026743151173,0.9907328631420242,0.01742359557790016,0.1668869062574751,0.16586196224079233,3.2572774771412574,0.9485857579343655,0.05784413644534892
compound,P2_Full,,main,clean,0.0,22,0.2,79,0.9448621553884712,0.9123345109077469,0.8718781875278914,-0.0790675661695909,1.0,0.12582460370332915,0.06668430268764496,1.0,0.05428389999724459,0.0025175000046147034,0.3176183999967179,,E,0.0029411764705882353,0.9929184601496392,5.9179806777672015,0.11216360013888393,0.9930319159767841,0.01602134981123866,0.16652516052794641,0.16564289432587195,3.2592708988057826,0.9530870767115189,0.054019238687056305
compound,P2_Full,,main,clean,0.0,23,0.05,19,0.87468671679198,0.8063876722907061,0.740590929642962,-0.08129813998849532,1.0,0.12141056290109688,0.16640923420588175,0.9166666666666666,0.05735830000048736,0.011506700000609271,0.07916159999876982,,E,0.002551020408163265,0.9888628664069866,4.973821782007435,0.27375385919040873,0.9890852123320889,0.019964376223497796,0.1990092963356126,0.19804008559945718,3.0123706924952227,0.9239935694367465,0.08484260359630122
compound,P2_Full,,main,clean,0.0,23,0.1,39,0.8421052631578947,0.7714006868075947,0.6873536294191225,-0.09058292090842666,1.0,0.12306784143764535,0.10857601463794708,1.0,0.05302559999836376,0.005161200002476107,0.1456109999999171,,E,0.002631578947368421,0.9856656225929208,5.873596137045547,0.14229411680781845,0.9859828038841668,0.02212731549047859,0.16806414405377468,0.16626857380919316,3.253591414014867,0.9348928530211835,0.07190099639351394
compound,P2_Full,,main,clean,0.0,23,0.15,59,0.8947368421052632,0.8361000711996265,0.7773781020236497,-0.07871974333720008,1.0,0.12179449029280115,0.0944894552230835,1.0,0.05059859999892069,0.003749999996216502,0.20893179999984568,,E,0.002777777777777778,0.9845618502708154,5.78875069399061,0.19556610584925974,0.9849798364268705,0.02707488678289255,0.17044452486110612,0.16719281956050758,3.245279526101444,0.9263156431046644,0.08219729689017599
compound,P2_Full,,main,clean,0.0,23,0.2,79,0.949874686716792,0.9129338123378042,0.8811669638010945,-0.09725642021622091,1.0,0.1247990442052992,0.10668682157993317,0.95,0.0559720000019297,0.004499199996644165,0.27741700000478886,,E,0.0029411764705882353,0.9861614666919789,5.898712334004738,0.12065225153593706,0.9864375617471733,0.019951179004962787,0.16707875640199635,0.1657470067673087,3.258322864321608,0.9461116280640037,0.0605677052000275
compound,P2_Full,,main,clean,0.0,21,0.05,19,0.7142857142857143,0.7881727274291035,0.6659043566696184,-0.08704050308222334,1.0,0.12102590179668898,0.1270520786444346,0.8333333333333334,0.1067512000008719,0.017600099999981467,0.1599634000012884,,E,0.002551020408163265,0.9922922749163973,3.562986431144538,0.748002647727902,0.9924538309157299,0.0209602700641629,0.27882369655041167,0.27694556083302885,2.6527044854881265,0.9223005751219999,0.08803167673796758
compound,P2_Full,,main,clean,0.0,21,0.1,39,0.8621553884711779,0.8001998059886547,0.7269486188197248,-0.0702749193501167,1.0,0.12039254719664107,0.1864575445652008,0.75,0.0873423000011826,0.015664899998228066,0.28316220000124304,,E,0.002631578947368421,0.986901577043036,4.978720703713866,0.3281830622706867,0.9871968394159772,0.02254182613520012,0.19874624729453327,0.19762532981530342,3.0150200267022695,0.9186871664557592,0.08986969215454856
compound,P2_Full,,main,clean,0.0,21,0.15,59,0.9323308270676691,0.9010646370957641,0.8489431232749619,-0.07849825314884104,1.0,0.12306999598680354,0.10234717130661011,0.95,0.097418800003652,0.011957800001255237,0.41270060000533704,,E,0.002777777777777778,0.9838576620709033,5.888393197363191,0.29626482235880514,0.9842366277712857,0.02347650644206309,0.16751315219551358,0.16532033426183845,3.2622156697556868,0.9351815276851716,0.07200133046435085
compound,P2_Full,,main,clean,0.0,21,0.2,79,0.9448621553884712,0.9124433775178236,0.8718937641008938,-0.07675655862416786,1.0,0.12601699840616512,0.10419664084911347,1.0,0.07523389999551,0.009328699998150114,0.5102728999991086,,E,0.0029411764705882353,0.989254349207132,5.943533824799157,0.10364674594188669,0.9894318632035544,0.01651961336210672,0.16579653340913292,0.16448030539649489,3.269938812110982,0.9547993757355892,0.050535681103392655
compound,P2_Full,,main,clean,0.0,24,0.05,19,0.8897243107769424,0.8140154805369406,0.7615150169392563,-0.09386882255562491,1.0,0.12236535436832939,0.14434871822595596,0.8333333333333334,0.08599079999839887,0.008316800005559344,0.11651369999890449,,E,0.002551020408163265,0.9836515091907366,5.858890042516379,0.15349043471084398,0.9840354150737416,0.02348264971268316,0.16855977225723817,0.16627955530038102,3.2534921133171153,0.931848574701404,0.07287712868575204
compound,P2_Full,,main,clean,0.0,24,0.1,39,0.8696741854636592,0.7849011001711252,0.721705718761028,-0.07912893839837694,1.0,0.12356637027338566,0.1351525142788887,0.9,0.05709559999377234,0.010565199998382013,0.19646300000022165,,E,0.002631578947368421,0.9828764928092303,5.8966171714295,0.15765452709853287,0.9832506267795686,0.02184914376302708,0.1673977022889036,0.1657825302041383,3.2579996649355003,0.9390190640540339,0.06640687271558525
compound,P2_Full,,main,clean,0.0,24,0.15,59,0.9323308270676691,0.8959297712418831,0.8477419957963339,-0.07714772913517513,1.0,0.12410241849750743,0.11909204125404357,1.0,0.06809430000430439,0.004965800006175414,0.28073170000425307,,E,0.002777777777777778,0.9884845652607239,5.906628383830972,0.1729983963322701,0.9887151189918404,0.020021278947469162,0.16698739913377245,0.1655834107087589,3.2598130841121495,0.9411327095449444,0.06717623408187635
compound,P2_Full,,main,clean,0.0,24,0.2,79,0.9373433583959899,0.900451969890168,0.8568401735198873,-0.0953200410639321,1.0,0.1260027952705457,0.07659935653209686,1.0,0.046208100000512786,0.005941099996562116,0.34030680000432767,,E,0.0029411764705882353,0.9901208974639519,5.928481040162709,0.11351301242311249,0.9902836491935959,0.01647434360055868,0.16622499105084115,0.16536526114870728,3.261804826862539,0.9543028499380879,0.051899748585989704
compound,P2_Full,,main,clean,0.0,25,0.05,19,0.9122807017543859,0.8632521535767325,0.8094171947342292,-0.06842220537408979,1.0,0.12284323791888867,0.1748993694782257,1.0,0.05846039999596542,0.005168899995624088,0.08134760000393726,,E,0.002551020408163265,0.982617025638813,5.889429963098477,0.1484880635268655,0.9830132817025633,0.022795642190847357,0.16767243523063596,0.1660185813455817,3.255855537216066,0.9344745806205356,0.07015473540456546
compound,P2_Full,,main,clean,0.0,25,0.1,39,0.8947368421052632,0.8344059692880037,0.7755866859575229,-0.07492460510108308,1.0,0.12402434640171671,0.1433566689491272,1.0,0.06985249999706866,0.01987929999449989,0.1804128000003402,,E,0.002631578947368421,0.9857772527009683,5.8856489733956625,0.12074841814125276,0.9860651363409775,0.020241071148676626,0.16771457320561053,0.16610193028746006,3.2550999080344454,0.9423571569863576,0.06279466298614021
compound,P2_Full,,main,clean,0.0,25,0.15,59,0.9348370927318296,0.9030294357976022,0.8533150840163075,-0.08443152609250434,1.0,0.12490705651939679,0.08357143104076385,0.95,0.06779760000063106,0.004851400000916328,0.271061200000986,,E,0.002777777777777778,0.9890592094755061,5.885429535947648,0.13105119725759856,0.9892632759493922,0.018651894799488443,0.16759890763391488,0.16610956360259982,3.2550307434320853,0.94734068821474,0.05940586854158983
compound,P2_Full,,main,clean,0.0,25,0.2,79,0.9448621553884712,0.9123345109077469,0.8718781875278914,-0.09595952315157229,1.0,0.12606505780284266,0.100886070728302,1.0,0.08648050000192598,0.010017299995524809,0.3782943000041996,,E,0.0029411764705882353,0.9904210775601372,5.907624733714841,0.10233848060346419,0.9905763621178034,0.01621106743907387,0.16682224672288543,0.16583376713517264,3.257533744899027,0.9546351867315179,0.05227353788398824
compound,P2_Full,,main,clean,0.0,26,0.05,19,0.849624060150376,0.7822494312278958,0.7047438690706683,-0.08909207891612342,1.0,0.12346445276564377,0.11669079959392548,1.0,0.057783399999607354,0.003503100000671111,0.0759972999949241,,E,0.002551020408163265,0.9843857696025897,5.881468897452601,0.12488263766763072,0.9847145390307407,0.021055756177744352,0.16790285590771634,0.1661751657184613,3.2544365920691005,0.9384628151020559,0.06659917869671614
compound,P2_Full,,main,clean,0.0,26,0.1,39,0.8847117794486216,0.8110938986204804,0.7518083312848178,-0.08552404684921154,1.0,0.12155043924781417,0.13213618248701095,0.95,0.06324250000034226,0.009482200002821628,0.15748109999549342,,E,0.002631578947368421,0.980831428351298,5.715059488549451,0.19371279269953193,0.9813723989568781,0.028221748364684877,0.17279946285273046,0.16893487015692266,3.2298602548294286,0.9256173271008682,0.08006146032327843
compound,P2_Full,,main,clean,0.0,26,0.15,59,0.9398496240601504,0.902739512125443,0.8615131078907089,-0.0903792347951742,1.0,0.1222155689670803,0.13117065280675888,0.95,0.09065769999870099,0.010065800001029857,0.2757098000001861,,E,0.002777777777777778,0.9852396921173788,5.876543890199968,0.24572246623822935,0.9855961278583076,0.024148259220833,0.1678565379097338,0.16604766326214795,3.2555917986952467,0.9294143207444099,0.07929940993231438
compound,P2_Full,,main,clean,0.0,26,0.2,79,0.9473684210526315,0.910236540775561,0.8761132490616056,-0.0897573864642629,1.0,0.12565640263258449,0.08629980981349945,0.95,0.07106470000144327,0.009706599994387943,0.366895499995735,,E,0.0029411764705882353,0.9877598466297168,5.91034374756567,0.11826583159861999,0.9879773285985209,0.017767912069807452,0.16674414421159217,0.16585111920874546,3.257376020087884,0.9522311968327783,0.053642105143310186
compound,P2_Full,,main,clean,0.0,27,0.05,19,0.7293233082706767,0.759455374412762,0.6414056125180387,-0.05935397560508221,1.0,0.12003723200137391,0.21617175887028375,0.75,0.07277580000663875,0.008137299999361858,0.14156720000028145,,E,0.002551020408163265,0.9846424663502201,5.045254552042835,0.322024511482505,0.985013425559822,0.024154868747895755,0.19615543085508833,0.19467352158254606,3.0342013539781485,0.9163867134208069,0.09029515945693163
compound,P2_Full,,main,clean,0.0,27,0.1,39,0.9273182957393483,0.8916700068956959,0.8390077451817226,-0.08026010439629201,1.0,0.11882733769663581,0.16069038212299347,0.9,0.10647249999601627,0.03645400000095833,0.30607440000312636,,E,0.002631578947368421,0.9888098965059415,4.779632548687433,0.3456807534858297,0.9890979320281591,0.025740201810514972,0.20713461645177758,0.20494375781141508,2.9698468627185255,0.9076121223346079,0.10084709701672101
compound,P2_Full,,main,clean,0.0,27,0.15,59,0.9348370927318296,0.8980868784809508,0.8522321203774712,-0.08624668571043251,1.0,0.12507618496951403,0.12610980868339539,1.0,0.07625929999630898,0.011591299997235183,0.40161410000291653,,E,0.002777777777777778,0.9866647463815874,5.91815275292857,0.11427977895144131,0.9869097677246277,0.0183739544857262,0.16665680176485934,0.1655834107087589,3.2598130841121495,0.9486178283751029,0.05662273596028679
compound,P2_Full,,main,clean,0.0,27,0.2,79,0.9448621553884712,0.9123345109077469,0.8718781875278914,-0.09155296631682859,1.0,0.12624004866477473,0.06796221435070038,1.0,0.07010640000225976,0.008414500000071712,0.4898546000040369,,E,0.0029411764705882353,0.9921761936427079,5.929558787913988,0.10269369659560451,0.9922955304067516,0.015253031401071418,0.16619424208388772,0.16538261322228007,3.261646207113629,0.9559003227073956,0.05055657006516455
compound,P2_Full,,main,clean,0.0,28,0.05,19,0.9223057644110275,0.8827109199448123,0.8298175251429869,-0.06904412576976417,1.0,0.12057338351698373,0.1552758887410164,0.9166666666666666,0.06904329999815673,0.006591999997908715,0.10220100000151433,,E,0.002551020408163265,0.9877959397487583,5.048228569089674,0.25610617867327423,0.9880533870183279,0.02109521456544309,0.19603836488455817,0.19480400855994573,3.0333411481010115,0.919733096474263,0.0877260780479957
compound,P2_Full,,main,clean,0.0,28,0.1,39,0.9298245614035088,0.8938750652973951,0.843353184547725,-0.08414602196598432,1.0,0.12339587146644747,0.13283399045467376,0.9,0.0996817999985069,0.021279799999319948,0.2416402000017115,,E,0.002631578947368421,0.9817054385154319,5.902621925761608,0.14285955609790232,0.9821102558987539,0.02212774455749779,0.16722472394642765,0.16572698236356062,3.2585051114462877,0.9386926267910017,0.06570424105174115
compound,P2_Full,,main,clean,0.0,28,0.15,59,0.9348370927318296,0.8982742578960103,0.8522680439637081,-0.07736750217519613,1.0,0.1247764089167375,0.11827389001846314,1.0,0.08949520000169287,0.009199799998896196,0.35060430000157794,,E,0.002777777777777778,0.9877538603780338,5.907269008527802,0.12051067215286076,0.9879861560962412,0.018968893494464165,0.16696898779653777,0.16569173630454967,3.2588260016811432,0.9465685753804081,0.05887643180737294
compound,P2_Full,,main,clean,0.0,28,0.2,79,0.9398496240601504,0.902739512125443,0.8615131078907089,-0.09121565072722859,1.0,0.12589722722734295,0.07013814151287079,1.0,0.05628180000348948,0.0030083000019658357,0.41723470000579255,,E,0.0029411764705882353,0.9923615729457032,5.914724703694779,0.10925360831973574,0.9924845817735565,0.016103947446109886,0.16661845417659615,0.16567759847301752,3.258954754922497,0.9537482656066275,0.05287272410791714
compound,P2_Full,,main,clean,0.0,29,0.05,19,0.7167919799498746,0.7696087265484045,0.645540757260069,-0.08235816481904705,1.0,0.12189751646853522,0.1510979806383451,0.9166666666666666,0.0632986000055098,0.021893699995416682,0.1058504999964498,,E,0.002551020408163265,0.9917133946401413,4.878300144539162,0.2689759113056388,0.9918662468946307,0.018445702172543738,0.20295616187278745,0.20177201315308732,2.9890221819827976,0.9276038766159045,0.08234537614028649
compound,P2_Full,,main,clean,0.0,29,0.1,39,0.9022556390977443,0.8345510092288301,0.7850553122534007,-0.08120222619427048,1.0,0.12191193123962937,0.14754728227853775,0.95,0.08654680000472581,0.01997080000001006,0.23022879999916768,,E,0.002631578947368421,0.9916631235717946,4.8329953078431265,0.3410735227315924,0.9918139989428479,0.018097350051014007,0.20481843926261717,0.20401333148173864,2.975410115036417,0.9271927487845876,0.08290186523940132
compound,P2_Full,,main,clean,0.0,29,0.15,59,0.9423558897243107,0.9052542704962044,0.8663022783523828,-0.07748639622987016,1.0,0.12473242364101066,0.1274941086769104,1.0,0.05741390000184765,0.008854799998516683,0.30422449999605305,,E,0.002777777777777778,0.987050799584585,5.932652567871348,0.13662342580780257,0.987295657003567,0.018909076323394513,0.1662426729728724,0.16501083255957907,3.2650520491418926,0.9462343295889699,0.059854947195048226
compound,P2_Full,,main,clean,0.0,29,0.2,79,0.9448621553884712,0.9076808967418611,0.8711580556985833,-0.08707454220622021,1.0,0.1263316433164735,0.07068694531917571,1.0,0.055034000004525296,0.005994000006467104,0.37484459999541286,,E,0.0029411764705882353,0.9935380415717613,5.948307929216294,0.10648338281227314,0.9936322371251916,0.014576935843263914,0.1656610977733241,0.16480999479437794,3.2668982943777634,0.9563769016247612,0.05044848733730309
