dataset,method,ablation,study,expert,eta,seed,budget_frac,budget_count,ACC,NMI,ARI,zeta_t,kappa,delta_mis_proxy,sel_boundary_margin,argmax_retention,sel_time,retrain_time,total_time,error,scheme,alpha,gamma_raw,d_eff,lambda2,r_within,r_cross,r_W,p,w_B,PC,H_norm
iris,P2_Full,,main,clean,0.0,1,0.05,7,0.8466666666666667,0.6750498631643848,0.6416026620488269,-0.05623022985597398,1.0,0.18485506132510346,0.1447194367647171,1.0,0.008528900005330797,0.0017048000008799136,0.02815579999878537,,B,0.019612287350769888,0.9728311066316953,2.9069319173837505,2.8830062405631733,0.9752517687001736,0.08909682244556713,0.33951219035495045,0.3296058149287112,2.5084817642069552,0.894910073233407,0.17783073974532368
iris,P2_Full,,main,clean,0.0,1,0.1,15,0.86,0.6907358850090398,0.6642681063461342,-0.025341726604419912,1.0,0.18673511698233028,0.23889797925949097,1.0,0.009401400006026961,0.001505700005509425,0.04312890000437619,,B,0.020034474715295018,0.9748358108136078,2.9076870831261177,2.8649298842871875,0.9770104762012466,0.08641905254848226,0.339295651738759,0.3298532453462031,2.5079128097939685,0.8995222255051211,0.1710593104997749
iris,P2_Full,,main,clean,0.0,1,0.15,22,0.88,0.7186593633920438,0.7015292412422846,-0.03346384048013234,1.0,0.19053776252303176,0.1496367539678301,1.0,0.009295299998484552,0.0012716000055661425,0.05781410000054166,,B,0.01642245984777645,0.9831144641357583,2.9215002205381193,2.2170320794498206,0.9843461128319941,0.07294104884430004,0.3373816093478971,0.32979546710889995,2.508045591686222,0.9137086265572073,0.15108484522868487
iris,P2_Full,,main,clean,0.0,1,0.2,30,0.8933333333333333,0.7387328272950491,0.7282217481230558,-0.04282735868507548,1.0,0.1930476053505168,0.15569104999303818,1.0,0.009158399996522348,0.0011255999997956678,0.07209899999725167,,B,0.015528941686127656,0.987019089266513,2.921400872764207,1.98770453582434,0.9878923013063892,0.0672689349618201,0.33712280586049664,0.3302165354330709,2.5070789865871834,0.9220657241248387,0.1388170776699487
iris,P2_Full,,main,clean,0.0,0,0.05,7,0.8133333333333334,0.6401804206005287,0.5913142857142857,-0.042374073482237956,1.0,0.18396982615314353,0.1396063268184662,1.0,0.009594299997843336,0.002285000002302695,0.02907019999838667,,B,0.019501725465340104,0.9748726153960385,2.9137083623338307,2.866753643404995,0.9771176055977658,0.0893443642110445,0.3387066534300233,0.3288603112477868,2.5102011901388495,0.8918477511420095,0.18217329816495617
iris,P2_Full,,main,clean,0.0,0,0.1,15,0.7933333333333333,0.6243719110131059,0.5664096776958334,-0.044196507694375844,1.0,0.1847036487845177,0.21297475695610046,1.0,0.008260700000391807,0.00172460000612773,0.04311589999997523,,B,0.015943753485744745,0.9761545201606305,2.9091335784286567,2.2799567484614984,0.9782682014021125,0.08864075102368733,0.339123443712024,0.3287698217275682,2.5104104254044337,0.893648712726011,0.1788545198563875
iris,P2_Full,,main,clean,0.0,0,0.15,22,0.78,0.6156436477147474,0.552063405301995,-0.05089567499073472,1.0,0.18731582443150444,0.12943610974720546,1.0,0.011719000001903623,0.0018506999986129813,0.06101879999914672,,B,0.014728422174359676,0.9834925857966105,2.9224031527822434,1.9883369935385562,0.9848064931886374,0.0795949853707043,0.3372750631194319,0.32846876727473745,2.5111073712554695,0.9036354960289098,0.16535671222401216
iris,P2_Full,,main,clean,0.0,0,0.2,30,0.7533333333333333,0.6005361469775677,0.5277520568787655,-0.05942327863109639,1.0,0.18807200526069687,0.1370316669344902,1.0,0.010176599993428681,0.0012937999999849126,0.07646789999853354,,B,0.01457376560636783,0.9832640795327875,2.9189022326513565,1.8654419976150822,0.9846220461357784,0.08114083749688869,0.3374181302079976,0.328125,2.511904761904762,0.9059186980047982,0.16200448658812638
iris,P2_Full,,main,clean,0.0,2,0.05,7,0.8466666666666667,0.6735735454651065,0.6412050161871702,-0.06801151768193729,1.0,0.1833399492851945,0.13810187578201294,1.0,0.00872930000332417,0.0027315999977872707,0.027689599999575876,,B,0.020594775422866186,0.9710923799339826,2.904106076822393,3.0274319871613296,0.9738012836824275,0.0937089854598364,0.3398492174348942,0.3294194390084801,2.508910891089109,0.8902184841731434,0.1845004076371696
iris,P2_Full,,main,clean,0.0,2,0.1,15,0.86,0.6890518004413542,0.6638956080488512,-0.03461116999969804,1.0,0.18477040757118512,0.24442460387945175,1.0,0.008095800003502518,0.0019183000040357001,0.04396129999804543,,B,0.021296871494755718,0.9712550297285993,2.9030827950023004,3.0454526237500676,0.9739587305247395,0.09405822203372032,0.33984494351464667,0.3290653008962868,2.509727626459144,0.8932222937678213,0.1796299345111493
iris,P2_Full,,main,clean,0.0,2,0.15,22,0.8866666666666667,0.7268647333702032,0.7144558758616006,-0.038440001307943776,1.0,0.18851756247470436,0.1551613211631775,1.0,0.013730899998336099,0.0014400000000023283,0.06662650000362191,,B,0.017932398695378333,0.9788360765492766,2.917929489706575,2.420873823876075,0.9805589829072713,0.0814077012708037,0.3378036024645403,0.32880044223327803,2.5103396099529256,0.9074285242076242,0.1597461200329206
iris,P2_Full,,main,clean,0.0,2,0.2,30,0.8933333333333333,0.7387328272950491,0.7282217481230558,-0.036884048653413465,1.0,0.19100057798603037,0.17026108503341675,1.0,0.008095699995465111,0.002096800002618693,0.08137020000140183,,B,0.017194557704357884,0.9814675787224624,2.9174422212669002,2.200903386157809,0.9828830936572207,0.07638046392103041,0.3375909289905697,0.3296013779527559,2.5084919746173946,0.9154885822307897,0.1477979427453726
iris,P2_Full,,main,clean,0.0,4,0.05,7,0.8133333333333334,0.5580156625922519,0.5591733965582675,-0.04938621753069124,1.0,0.18425138907443725,0.13184598088264465,1.0,0.008751099994697142,0.0014778999975533225,0.015584699998726137,,B,0.020522857003474587,0.9742994864787351,2.8967725815550605,3.0168599795107642,0.9765408398305797,0.08721045009431906,0.3407269225276219,0.33212188985183116,2.5027356902356903,0.8935264104913216,0.181174323069934
iris,P2_Full,,main,clean,0.0,4,0.1,15,0.7933333333333333,0.5014714901152115,0.5078295304185586,-0.04603265902697504,1.0,0.183431444526943,0.23510022461414337,1.0,0.008614699996542186,0.0018018999980995432,0.030774099999689497,,B,0.024155662319691976,0.974664478338086,2.91101170681355,3.4542597117159524,0.97700660889358,0.09244453643971803,0.3389001043072637,0.32886831478380774,2.5101826894279724,0.8896152990833347,0.18817481993352136
iris,P2_Full,,main,clean,0.0,4,0.15,22,0.78,0.4737414815963933,0.4774361296621913,-0.046259712173311394,1.0,0.182667169504723,0.15164229273796082,0.8571428571428571,0.008500700001604855,0.0015485999974771403,0.04532109999854583,,B,0.025893041470773252,0.9796363702880247,2.91077389429374,3.495560598554389,0.9815123726522513,0.09212514619254575,0.33865237532142395,0.3286898839137645,2.510595358224016,0.8883834478787226,0.1937287856680226
iris,P2_Full,,main,clean,0.0,4,0.2,30,0.7333333333333333,0.5917628596963764,0.513604387353714,-0.04758854271918867,1.0,0.18038423583066754,0.14546042680740356,1.0,0.007952499996463303,0.0013862999985576607,0.05953850000514649,,B,0.031208500414402728,0.9861700978362274,2.89344817731193,3.994688053043549,0.9875449442072032,0.09941114222609514,0.3404557119626498,0.328371062992126,2.5113338328962156,0.8808388420009676,0.20754876808184963
iris,P2_Full,,main,clean,0.0,6,0.05,7,0.8266666666666667,0.5815340990399189,0.5773075476284566,-0.044331607014739344,1.0,0.18111930902847012,0.15208781510591507,0.75,0.009244300003047101,0.0023274999985005707,0.017905399996379856,,B,0.021687148133875154,0.9664171826527183,2.897801530432723,3.188010775679648,0.9698004912859931,0.10074522927269194,0.3406035054558104,0.3288603112477868,2.5102011901388495,0.8842255464656148,0.19217386544906526
iris,P2_Full,,main,clean,0.0,6,0.1,15,0.7733333333333333,0.5357666271459878,0.5006346524226906,-0.03731628765428614,1.0,0.1811138582567545,0.1500837802886963,1.0,0.008598300002631731,0.002775800006929785,0.03511349999462254,,B,0.02083687699846386,0.9783693817927597,2.851643569906035,2.979673410780332,0.9805438539143094,0.1005275069217347,0.3461022502831513,0.3318231064709938,2.5034134758088453,0.8818635325999757,0.19586355391209298
iris,P2_Full,,main,clean,0.0,6,0.15,22,0.7933333333333333,0.6291537199142112,0.5688030944446925,-0.030162143297473083,1.0,0.18196285196516077,0.17923685482570104,1.0,0.009818900005484466,0.0020399999993969686,0.05273759999545291,,B,0.028130548272930662,0.9772524209583512,2.6711015091255708,3.7976240168456394,0.9794825940839926,0.09804002094280939,0.369708560248152,0.3585406301824212,2.4472710453283995,0.8866917235911258,0.1949406070738544
iris,P2_Full,,main,clean,0.0,6,0.2,30,0.76,0.6082865771083239,0.536149169031212,-0.040315469884203294,1.0,0.1837631970164203,0.18483084440231323,0.875,0.007399900001473725,0.0023615999962203205,0.06698689999757335,,B,0.01489412159727914,0.9753971841239742,2.8646123302785234,1.90644756445173,0.9777384255935069,0.09516152465352733,0.34396207917306976,0.3325541338582677,2.5017573066962635,0.892870397835128,0.1792702461730384
iris,P2_Full,,main,clean,0.0,3,0.05,7,0.8333333333333334,0.5814349949419173,0.5832046093379579,-0.03763068942494132,1.0,0.18024164191710457,0.2560766935348511,1.0,0.014996700003393926,0.0023464999976567924,0.04470020000007935,,B,0.02191914828762025,0.9689386452676615,2.8894621023906,3.2221147982801766,0.9720546161360001,0.10031664411258,0.34160630725494034,0.33053769452986675,2.50634338877925,0.8818724451177639,0.19509503951782875
iris,P2_Full,,main,clean,0.0,3,0.1,15,0.7933333333333333,0.5288543903716003,0.5210957808438312,-0.03745785877541944,1.0,0.18152435148220097,0.15415078401565552,1.0,0.010920900000201073,0.00243390000105137,0.06337219999841182,,B,0.021712565242867105,0.9764767889796269,2.8493986038055277,3.104896829729996,0.9788847034037095,0.10236333900151394,0.3463804835350951,0.33162612035851474,2.5038610038610036,0.8836578262973497,0.1930887408744483
iris,P2_Full,,main,clean,0.0,3,0.15,22,0.74,0.4814852256008992,0.4527279499384304,-0.04425824864851977,1.0,0.1816309207772019,0.17458870581218175,0.8571428571428571,0.008029700002225582,0.0028437999935704283,0.08420689999911701,,B,0.02982564604139468,0.9691058255807755,2.7202464216995157,4.026462215588282,0.9721259442569935,0.0977568986060563,0.36289445406928456,0.35699281370923164,2.450294208733354,0.8860799982356502,0.19442849176675903
iris,P2_Full,,main,clean,0.0,3,0.2,30,0.88,0.7144576477818988,0.7008666982225341,-0.027690429328811328,1.0,0.17715555266808272,0.17694073170423508,1.0,0.007905200000095647,0.006150299996079411,0.10470570000325097,,B,0.05463347594180261,0.9693857809882142,2.5373657030292756,6.993084920550734,0.9729085377442913,0.1150693001419022,0.38933873704702854,0.38521161417322836,2.39899393165123,0.8710718918005472,0.22209777784202553
iris,P2_Full,,main,clean,0.0,5,0.05,7,0.8333333333333334,0.5869166245696172,0.5958238324638083,-0.049810678622791905,1.0,0.18360193568290167,0.1412937343120575,1.0,0.014980399995693006,0.004376500000944361,0.029250299994600937,,B,0.02203074529648199,0.9741475888403829,2.915274830007548,3.2385195585828526,0.9764584726510988,0.08938755447018319,0.3385209754800265,0.3290466871680179,2.509770603228547,0.8916001998225511,0.18403528915292872
iris,P2_Full,,main,clean,0.0,5,0.1,15,0.8266666666666667,0.5449125296020432,0.5675951312982345,-0.049004559622983924,1.0,0.1837837939262053,0.20453877747058868,0.875,0.01051759999973001,0.00405549999413779,0.053636399999959394,,B,0.02390107545146895,0.9727915987743194,2.9130973766575203,3.41785378956006,0.9753083231847582,0.09249806299031188,0.3386524223899834,0.32886831478380774,2.5101826894279724,0.8905248207992501,0.18508519494000658
iris,P2_Full,,main,clean,0.0,5,0.15,22,0.7933333333333333,0.5151055291984941,0.5191060926840744,-0.035009796795023605,1.0,0.1833350928870451,0.15526923963001796,1.0,0.008825099997920915,0.0020661999951698817,0.06986469999537803,,B,0.026863114458618463,0.980612642925474,2.8791008122073576,3.6265204519134926,0.9824481597602519,0.09467596989739535,0.34245999842376523,0.3306799336650083,2.5060180541624875,0.8914086298195034,0.18567311982766288
iris,P2_Full,,main,clean,0.0,5,0.2,30,0.9,0.7449573670061777,0.7416919230031858,-0.029494198510051584,1.0,0.17926939440252532,0.18186839297413826,0.875,0.008435900002950802,0.0023719999953755178,0.08970599999884143,,B,0.04493432232761871,0.9689157030938255,2.7512223226396597,5.751593257935195,0.9723746586343025,0.11127662146959967,0.35846279660416946,0.3490403543307087,2.466249559393726,0.8777722175806537,0.211443781384435
iris,P2_Full,,main,clean,0.0,7,0.05,7,0.8533333333333334,0.6806461729990796,0.6522271369579056,-0.02974864081706351,1.0,0.18392534636382504,0.14315156638622284,1.0,0.008409299996856134,0.00167939999664668,0.015372800000477582,,B,0.020255901895505652,0.9724405460027885,2.9149102433648912,2.9776175786393306,0.9749298878786117,0.09032624071852371,0.33856417317195925,0.3288603112477868,2.5102011901388495,0.8920624053743677,0.18215079353196492
iris,P2_Full,,main,clean,0.0,7,0.1,15,0.8666666666666667,0.6967858730970384,0.6757362582358094,-0.03689252497621663,1.0,0.1856810608599667,0.23488616198301315,1.0,0.008345700000063516,0.0016212000045925379,0.029533200002333615,,B,0.020792432414268012,0.975797750859013,2.9158331442684298,2.9733178352403256,0.9779218020047522,0.08776255187548236,0.33832807588220043,0.32886831478380774,2.5101826894279724,0.8961419149562897,0.1759749219010086
iris,P2_Full,,main,clean,0.0,7,0.15,22,0.88,0.7186593633920438,0.7015292412422846,-0.04028472581922576,1.0,0.18955265315755102,0.1479777353150504,1.0,0.007795299999997951,0.0012369000032776967,0.04252380000252742,,B,0.01741818708937662,0.9826765360358972,2.9287671970834337,2.3514552570658434,0.9839828204257389,0.07540549583781464,0.33652596762509457,0.3286898839137645,2.510595358224016,0.9106368278410548,0.15568967961400937
iris,P2_Full,,main,clean,0.0,7,0.2,30,0.8933333333333333,0.7387328272950491,0.7282217481230558,-0.03815140162421192,1.0,0.19224423339080562,0.17530515789985657,1.0,0.007537800003774464,0.0010936000035144389,0.05772710000019288,,B,0.016929508292711483,0.980960217379919,2.9226872108442334,2.16697706146707,0.9823329633288892,0.07209882467472611,0.3369709652709609,0.3302165354330709,2.5070789865871834,0.9193619867212014,0.14264650923459218
iris,P2_Full,,main,clean,0.0,9,0.05,7,0.8,0.5449944220320313,0.5388415225610196,-0.037884812610818254,1.0,0.18120731665835502,0.14155523478984833,1.0,0.009289300003729295,0.0017361999998684041,0.01569770000060089,,B,0.022386164290466196,0.9721223742820068,2.904268334406061,3.2907661506985306,0.9747927053103358,0.09578760599420513,0.3398298478520362,0.3288603112477868,2.5102011901388495,0.8840011659979423,0.19496922565827324
iris,P2_Full,,main,clean,0.0,9,0.1,15,0.7533333333333333,0.4658285908895379,0.45190567302684276,-0.043966871657610485,1.0,0.1814182850492771,0.20100366324186325,1.0,0.009500300002400763,0.00143269999534823,0.03361440000298899,,B,0.019808767610040016,0.975599693625201,2.89656192466272,2.8326537682357222,0.9779280628795552,0.09542377126702817,0.34062587155732754,0.32867132867132864,2.5106382978723403,0.883878288184168,0.19606923243472338
iris,P2_Full,,main,clean,0.0,9,0.15,22,0.8066666666666666,0.5170028894704214,0.5323395822073033,-0.05082502764249347,1.0,0.18013444501128537,0.14194404227393015,1.0,0.008553099993150681,0.0022316999966278672,0.050367399999231566,,B,0.024599160165683292,0.9821378914544049,2.884554382838383,3.3208866223672446,0.9839088426929778,0.09914569906752155,0.3417984306997003,0.3286898839137645,2.510595358224016,0.8806285553231177,0.2038196414713797
iris,P2_Full,,main,clean,0.0,9,0.2,30,0.8866666666666667,0.7352943572511146,0.7155592175135396,-0.04236803566451447,1.0,0.17939000622775228,0.17894822359085083,0.875,0.0071553999950992875,0.0028466000003390945,0.06484479999926407,,B,0.037684268042158686,0.9658743942998972,2.8172328073460005,4.823586309396312,0.9699109541961098,0.11828536998540488,0.349879171393612,0.3342765748031496,2.497883695252116,0.8788966754461114,0.20557089854210736
iris,P2_Full,,main,clean,0.0,10,0.05,7,0.8333333333333334,0.6607920793426151,0.62055617805847,-0.06720099677651727,1.0,0.18393417274607168,0.14491623640060425,1.0,0.00832329999684589,0.002423499994620215,0.01633439999568509,,B,0.02043805418292688,0.9717959197491027,2.912298928863493,3.004393964890251,0.9743388353651781,0.09016126721573912,0.33887388837388494,0.3296058149287112,2.5084817642069552,0.8920907492677141,0.182103009175701
iris,P2_Full,,main,clean,0.0,10,0.1,15,0.86,0.6933208584680062,0.6648253082377061,-0.040085281397245466,1.0,0.18629980538911176,0.2435235157608986,1.0,0.01112509999802569,0.0014643000031355768,0.03648899999825517,,B,0.021184721810292913,0.9728674206046788,2.9086952796250887,3.0294152188718866,0.9752606338546967,0.08820441341565233,0.339175605934721,0.3298532453462031,2.5079128097939685,0.8980514704926924,0.17359853027813651
iris,P2_Full,,main,clean,0.0,10,0.15,22,0.8666666666666667,0.7081288291800827,0.6778813673827861,-0.041893671386866574,1.0,0.19040232369898472,0.17228241477693831,1.0,0.008231799998611677,0.0014229000007617287,0.0502381999976933,,B,0.018005869639386083,0.9802146783207345,2.9188817975812116,2.430792401317121,0.981684542438411,0.074290635325726,0.33769095665402343,0.3306799336650083,2.5060180541624875,0.9132662745340447,0.15235379692923237
iris,P2_Full,,main,clean,0.0,10,0.2,30,0.8866666666666667,0.7419116631817836,0.7163421126838476,-0.039774821327602475,1.0,0.19319524223129414,0.19057904928922653,0.875,0.0072656999982427806,0.0009686999983387068,0.06216839999979129,,B,0.01741794342224178,0.9838219827171022,2.9100890826780854,2.229496758046948,0.9849223463317316,0.0680159747259369,0.33846384096819976,0.33267716535433073,2.5014792899408285,0.9223252803236244,0.13878480929687428
iris,P2_Full,,main,clean,0.0,8,0.05,7,0.58,0.5895674488004073,0.432804702527474,-0.036441405319398275,1.0,0.1832165545426498,0.13814114034175873,1.0,0.009722700000565965,0.0071046000011847354,0.028872700000647455,,B,0.020912263852924346,0.9708395448028952,2.8984927569093157,3.074102786379879,0.9736146944340252,0.09516825482907429,0.34052064563553286,0.3298853788090579,2.5078389830508474,0.8892486436299906,0.18638473442329867
iris,P2_Full,,main,clean,0.0,8,0.1,15,0.8133333333333334,0.6412741266574404,0.5917675070941648,-0.028695700780598934,1.0,0.18453883811981964,0.16628195345401764,1.0,0.009667700003774371,0.0038645999957225285,0.04988400000002002,,B,0.040283960182705025,0.9803334723383831,2.0758771660092243,5.760606306126818,0.9818639180080821,0.07781982137528273,0.47807424085080075,0.4820250172362848,2.268645279934614,0.8926830945747226,0.1880812938513429
iris,P2_Full,,main,clean,0.0,8,0.15,22,0.7933333333333333,0.6257831488068794,0.5671304879291026,-0.038581456684810424,1.0,0.1822230781086267,0.2075476050376892,1.0,0.012470800000301097,0.0030727999983355403,0.07193679999909364,,B,0.021038508125381626,0.9688582264069604,2.8822047340780763,2.8401985969265193,0.9721100811153134,0.10442098612777122,0.34208315750675405,0.32935323383084575,2.5090634441087616,0.887982295780729,0.18602753462274918
iris,P2_Full,,main,clean,0.0,8,0.2,30,0.7666666666666667,0.6083404722426906,0.5396081627109436,-0.03874553595848436,1.0,0.18427665882601682,0.1981484442949295,1.0,0.00709869999991497,0.001732500000798609,0.08457959999941522,,B,0.017568985129961856,0.9782220446116865,2.885032522334386,2.2488300966351176,0.9803280061843218,0.09670152845318979,0.34147179160270286,0.32923228346456695,2.5093423019431986,0.8941866337137628,0.17838785305095858
iris,P2_Full,,main,clean,0.0,11,0.05,7,0.8133333333333334,0.5732440594533704,0.5674005959010385,-0.04380866033727625,1.0,0.18424939562741,0.15390053391456604,1.0,0.013745799995376728,0.0030667999963043258,0.02453329999843845,,B,0.021303819457969823,0.9718500199498454,2.879244885063001,3.1316614603215642,0.9743520040338023,0.08888049225964328,0.3428428282750079,0.3340788370142578,2.498326359832636,0.8935581030839346,0.1811351827653472
iris,P2_Full,,main,clean,0.0,11,0.1,15,0.7733333333333333,0.49652590663930063,0.4856096029126701,-0.04270317886285084,1.0,0.18294667776388346,0.20619158446788788,1.0,0.013259799998195376,0.0024807000008877367,0.04554379999899538,,B,0.024156902448083127,0.9703872554127723,2.9077005288914526,3.4544370500758874,0.9732257393017318,0.09585345527830048,0.3392940502058107,0.32886831478380774,2.5101826894279724,0.8876121762744945,0.18977088319899182
iris,P2_Full,,main,clean,0.0,11,0.15,22,0.7333333333333333,0.4874863377345102,0.445654430197838,-0.03920767173973088,1.0,0.18112613471140587,0.17562422156333923,0.8571428571428571,0.007365699995716568,0.001968100004887674,0.06025190000218572,,B,0.028030068343350156,0.969865521613959,2.8381538091441563,3.784059226352271,0.9731426532470143,0.108750235895018,0.3475084511214461,0.33178551686014374,2.5034988337220927,0.8848607891158244,0.1941369099030629
iris,P2_Full,,main,clean,0.0,11,0.2,30,0.8866666666666667,0.7303731197671405,0.7149297829556379,-0.038015924954133876,1.0,0.18201863901859713,0.1557748094201088,1.0,0.00820440000097733,0.0019462000054772943,0.07569259999581845,,B,0.038085646433112304,0.9813513637562068,2.6513851331217317,4.874962743438375,0.9832589711202397,0.10229205712926102,0.37225711011423207,0.359744094488189,2.444938440492476,0.8854004625552337,0.20011972833108843
iris,P2_Full,,main,clean,0.0,13,0.05,7,0.8266666666666667,0.6550256828579779,0.6109364906166366,-0.04319730654527661,1.0,0.18313353104895022,0.13814236223697662,1.0,0.008108199996058829,0.0023295999999390915,0.015255500002240296,,B,0.020542977482600876,0.971384418197801,2.9063757348119053,3.019817689942329,0.9740527121181757,0.09324618799711602,0.3395784722986672,0.3291398751281334,2.509555492638732,0.8895432682923164,0.1856187658239794
iris,P2_Full,,main,clean,0.0,13,0.1,15,0.86,0.6968857120628441,0.665565373391185,-0.039824563152120254,1.0,0.18544490388190893,0.24418771266937256,1.0,0.008354900004633237,0.0017540999979246408,0.029823000004398637,,B,0.021328012169422185,0.969554553035981,2.9012668487005495,3.0499057402273726,0.9723669030233951,0.09237341763245271,0.340062065398097,0.3298532453462031,2.5079128097939685,0.8954241828296821,0.17713607169347362
iris,P2_Full,,main,clean,0.0,13,0.15,22,0.8666666666666667,0.7081288291800827,0.6778813673827861,-0.03297059579747688,1.0,0.1894369538594545,0.19212400913238525,1.0,0.00803240000095684,0.0014206000050762668,0.04346280000027036,,B,0.018250288194459643,0.9782643643642602,2.91074693051632,2.4637889062520517,0.9799342237786263,0.07682588364797051,0.33865558156700726,0.33178551686014374,2.5034988337220927,0.910348369739226,0.1562676896067123
iris,P2_Full,,main,clean,0.0,13,0.2,30,0.88,0.7346249737691952,0.703743816882739,-0.040203393354973846,1.0,0.1927856236235399,0.17147084698081017,0.875,0.007607499996083789,0.0011377000046195462,0.05618210000102408,,B,0.01608715238073883,0.984011799936737,2.90596281104729,2.05915550473457,0.9851137307429539,0.06892150472577899,0.3389556174174392,0.33267716535433073,2.5014792899408285,0.9210074320564068,0.14001860753088088
iris,P2_Full,,main,clean,0.0,12,0.05,7,0.84,0.5837870549705113,0.5973257641256532,-0.025043511899817877,1.0,0.18184467243820682,0.2689753621816635,0.75,0.008091499999864027,0.0018823999998858199,0.015239499996823724,,B,0.021702843761074904,0.9673806694668632,2.90419731497819,3.190318032878011,0.9705630436851429,0.09756099117505969,0.3398383255665766,0.3291398751281334,2.509555492638732,0.8866485146679883,0.18936900014410848
iris,P2_Full,,main,clean,0.0,12,0.1,15,0.8066666666666666,0.5305889635691265,0.5378246045784306,-0.032408552731125764,1.0,0.18313727229949156,0.13726823031902313,1.0,0.008410300004470628,0.0020550999979604967,0.03111709999939194,,B,0.0207001782962002,0.9819228757431198,2.8827508160246973,2.9601254963566284,0.9835826408198769,0.09181576965293366,0.3422915313912419,0.33083817590859843,2.5056564453706462,0.8884291870529519,0.1872880404189086
iris,P2_Full,,main,clean,0.0,12,0.15,22,0.7666666666666667,0.4843035175458635,0.47750449910017995,-0.03480302789588836,1.0,0.18214811673072565,0.17041835614613124,1.0,0.010276499997416977,0.002376600001298357,0.05328410000220174,,B,0.02875599436133163,0.965615191867001,2.7847071361367006,3.88205923877977,0.9691182007359562,0.10187664434263494,0.35432138526339985,0.3457158651188502,2.473137192196994,0.8878998967613961,0.19131796047178984
iris,P2_Full,,main,clean,0.0,12,0.2,30,0.8866666666666667,0.7352943572511146,0.7155592175135396,-0.0385367752723723,1.0,0.17788237507626092,0.14931517094373703,1.0,0.009567499997501727,0.0024097000059555285,0.07013279999955557,,B,0.0543860304100804,0.9779611151693621,2.639467450401035,6.9614118924902915,0.9805876827999451,0.11917879015963802,0.37397347231055295,0.359621062992126,2.445176188847075,0.8733224832459242,0.221814285920767
iris,P2_Full,,main,clean,0.0,14,0.05,7,0.8266666666666667,0.5739979266102389,0.5710590418587337,-0.03254433684273355,1.0,0.1800777084889068,0.24211721122264862,1.0,0.008562699993490241,0.002107500004058238,0.021442000004753936,,B,0.022377578395355435,0.9706034026587697,2.8865783748127356,3.289504024117249,0.9735288766624023,0.09951743630987026,0.3419544187410251,0.33128319821079116,2.504641350210971,0.8809738473886417,0.1966474295985624
iris,P2_Full,,main,clean,0.0,14,0.1,15,0.76,0.5215197936402862,0.48112683264232337,-0.04279314318741683,1.0,0.18183650918742633,0.1368587650358677,0.875,0.00975299999845447,0.0051562000007834285,0.04164180000225315,,B,0.021982319353163696,0.9782607186289287,2.85211313118613,3.1434716675024084,0.9804525360598396,0.10082290180151054,0.3460441098877189,0.33162612035851474,2.5038610038610036,0.8841100410456963,0.1932421998215531
iris,P2_Full,,main,clean,0.0,14,0.15,22,0.7866666666666666,0.6216228635100164,0.5599780683897095,-0.029993333969943137,1.0,0.18208568635332492,0.18296980006354197,1.0,0.008669400005601346,0.002068399997369852,0.05981969999993453,,B,0.031134265617185512,0.9788629983195191,2.638654297916524,4.203125858320044,0.9809222820611037,0.09742553710852438,0.37434658923022035,0.36451077943615257,2.435850773430391,0.8869591663827214,0.1950546420573103
iris,P2_Full,,main,clean,0.0,14,0.2,30,0.76,0.6051918781720853,0.53409442535381,-0.03006537931169674,1.0,0.18496036385882447,0.2097610905766487,1.0,0.008799100003670901,0.006086000001232605,0.08036060000449652,,B,0.017503794701258475,0.9759566372945614,2.8905450820453535,2.2404857217610847,0.9782216005554348,0.09420326468564708,0.34080555407028756,0.3298474409448819,2.5079261469600898,0.8963738207417441,0.17483996040971694
iris,P2_Full,,main,clean,0.0,15,0.05,7,0.8066666666666666,0.5369540334577616,0.5410363751734109,-0.04642852206902,1.0,0.18199235914331677,0.13410727679729462,1.0,0.008709499998076353,0.0021330000017769635,0.01655140000366373,,B,0.02119586867645491,0.9721046259086594,2.9062109760320447,3.1157926954388717,0.9747319137257676,0.09418363806505975,0.3395981119669594,0.3291398751281334,2.509555492638732,0.8863902439613757,0.1910491001511115
iris,P2_Full,,main,clean,0.0,15,0.1,15,0.76,0.4577042971166294,0.45042904720061616,-0.03925184633520046,1.0,0.18203842462814188,0.18690644949674606,1.0,0.008866899996064603,0.0019870000032824464,0.031955200000084005,,B,0.02450674895191332,0.9742532561579355,2.903381694216709,3.5044651001236047,0.9767019768339876,0.09510797524817415,0.33980923194737706,0.32926228700876586,2.5092731079868384,0.8858289777967415,0.1941198037085838
iris,P2_Full,,main,clean,0.0,15,0.15,22,0.7133333333333334,0.4018156914284954,0.37753966668976224,-0.03610036980217982,1.0,0.18129756060489324,0.18159470387867518,1.0,0.007834899995941669,0.0015354999995906837,0.04598029999760911,,B,0.02567861689649305,0.9789422566010849,2.887842745950848,3.4666132810265617,0.9809211568698766,0.09397494457519298,0.3414007298982113,0.33178551686014374,2.5034988337220927,0.8840316814166308,0.2005047569731754
iris,P2_Full,,main,clean,0.0,15,0.2,30,0.8933333333333333,0.7387328272950491,0.7282217481230558,-0.043585639143655985,1.0,0.174782892752307,0.13729360699653625,1.0,0.007326300001295749,0.0017048000008799136,0.0595270999983768,,B,0.03280623819442638,0.9814010987672948,2.8415227688199574,4.1991984888865765,0.9835954582365001,0.11798328523550869,0.3468210184806004,0.3293553149606299,2.5090586477400074,0.864060699493211,0.22964159880943422
iris,P2_Full,,main,clean,0.0,16,0.05,7,0.82,0.5599265307059716,0.5649259683492104,-0.036674337123008764,1.0,0.18314093046273938,0.19875426590442657,1.0,0.008908599993446842,0.0016293000007863156,0.017092100002628285,,B,0.022329984233686425,0.9703136018926418,2.8909326801397457,3.2825076823519046,0.9731395985756871,0.09519500051253396,0.3414290526656953,0.3302581306495201,2.5069836343115126,0.8902645296450123,0.18434572693673365
iris,P2_Full,,main,clean,0.0,16,0.1,15,0.82,0.5294559815708695,0.5496322704596721,-0.04325246699511908,1.0,0.1838741913084122,0.1675807312130928,1.0,0.009908500003803056,0.0018057000052067451,0.03813860000082059,,B,0.024869778258905764,0.9714068149286682,2.898390237233204,3.556378291023524,0.9741283358964864,0.09518075586992764,0.3404065615433508,0.3298532453462031,2.5079128097939685,0.8909205985169035,0.18353725344551605
iris,P2_Full,,main,clean,0.0,16,0.15,22,0.7933333333333333,0.5130448319379441,0.5171131764518812,-0.031378525903186676,1.0,0.18104376480076473,0.19005239009857178,1.0,0.008996399999887217,0.0022581000011996366,0.05509429999801796,,B,0.03095749114934939,0.9769331163653882,2.8913610662814078,4.179261305162168,0.9792720545331071,0.10139809975064472,0.3409762193571196,0.32935323383084575,2.5090634441087616,0.8843183036726368,0.1956249542012689
iris,P2_Full,,main,clean,0.0,16,0.2,30,0.9,0.751823353981513,0.7424064303816005,-0.02435871697936721,1.0,0.17834330257689493,0.2138793244957924,0.875,0.008044599999266211,0.002318600003491156,0.07048850000137463,,B,0.048401702879886724,0.9705025704595032,2.7451531223931744,6.195417968625501,0.9739391029312618,0.11650277754001101,0.3592727228169143,0.3473179133858268,2.4698016294721925,0.8748301211119784,0.21508623610669445
iris,P2_Full,,main,clean,0.0,17,0.05,7,0.8133333333333334,0.5580642795651518,0.557674707659001,-0.03861541161265971,1.0,0.18226217184685586,0.145708367228508,1.0,0.008315200000652112,0.001892300002509728,0.015597199999319855,,B,0.02148808651022503,0.9706679281403536,2.900498253953152,3.1587487170030792,0.9734616459273762,0.09524447507119413,0.34028046296058734,0.3296058149287112,2.5084817642069552,0.8876842724267214,0.18773764215431418
iris,P2_Full,,main,clean,0.0,17,0.1,15,0.8133333333333334,0.5206628132347684,0.5385855586912666,-0.03655266902104681,1.0,0.18234088486504466,0.1996285244822502,1.0,0.008127699999022298,0.0019116000039502978,0.030653800000436604,,B,0.024159251442295398,0.9698819249101667,2.898776623554007,3.4547729562482417,0.9728554548443041,0.0987290829599268,0.3403602490858026,0.32926228700876586,2.5092731079868384,0.8863589823007453,0.1892397969408991
iris,P2_Full,,main,clean,0.0,17,0.15,22,0.7933333333333333,0.5140809922618231,0.5169771729717426,-0.03890829516642573,1.0,0.18155338249012154,0.14747001443590438,1.0,0.00786800000059884,0.002257899999676738,0.046115900004224386,,B,0.028995421562085944,0.9790887264609581,2.880836416469592,3.9143819108816023,0.9811728540852183,0.09966526526320763,0.3422491821135954,0.3301271420674406,2.507283991962492,0.8859519122250704,0.19316212031373511
iris,P2_Full,,main,clean,0.0,17,0.2,30,0.8933333333333333,0.7356125873882284,0.7278450047294432,-0.03713827654813525,1.0,0.1789697925200498,0.17103087157011032,1.0,0.007303799997316673,0.002190499995776918,0.06046010000136448,,B,0.043762845349302665,0.9694471405688466,2.7694803688681495,5.601644204710741,0.9728116727549747,0.11012167923953559,0.35604768851013463,0.3473179133858268,2.4698016294721925,0.8768574634216744,0.2123663807052813
iris,P2_Full,,main,clean,0.0,18,0.05,7,0.8133333333333334,0.6426583176523605,0.5923326221845838,-0.05313183006858539,1.0,0.18340523458092803,0.14734597504138947,1.0,0.010456200005137362,0.003907999998773448,0.02156960000138497,,B,0.022741058353699654,0.9720199242650437,2.901995539281201,3.342935577993849,0.974601225187129,0.09225496551677949,0.3401013612643454,0.3299785667691734,2.5076249646992377,0.8897681557003322,0.18674371106763438
iris,P2_Full,,main,clean,0.0,18,0.1,15,0.7866666666666666,0.6216228635100164,0.5599780683897095,-0.03488584234156089,1.0,0.1811485599787099,0.19839075580239296,0.875,0.008409699999901932,0.001786300003004726,0.03635030000441475,,B,0.020538854369737777,0.971929784819109,2.8853548679482577,2.9370561748725024,0.9746723961401527,0.09770538997901203,0.3419762553312082,0.33034571062740076,2.5067829457364343,0.8826927375810434,0.19540465779530236
iris,P2_Full,,main,clean,0.0,18,0.15,22,0.7666666666666667,0.6083404722426906,0.5396081627109436,-0.038841164317318676,1.0,0.18258691261550752,0.17722885949271067,1.0,0.009932699998898897,0.001250699999218341,0.05170330000692047,,B,0.017931223447904807,0.9798679661470844,2.8874009819270516,2.420715165467149,0.9816981811927921,0.09091058852171845,0.3414541049949082,0.3304588170259812,2.5065239210438275,0.8891045622581082,0.18725879844047943
iris,P2_Full,,main,clean,0.0,18,0.2,30,0.74,0.5962740029600561,0.519360704217904,-0.042424574519012825,1.0,0.18301758132099252,0.1220623105764389,1.0,0.008559200003219303,0.0012863000010838732,0.06589340000209631,,B,0.01674556862770912,0.9829664610761845,2.881149465172951,2.1434327843467673,0.98452976977588,0.09177826796226045,0.34194262095586486,0.33009350393700787,2.507361162877376,0.8903942003913511,0.18505099366541908
iris,P2_Full,,main,clean,0.0,19,0.05,7,0.8133333333333334,0.5792518531864155,0.5647540617293481,-0.013573519502862794,1.0,0.18096114790205606,0.148755244910717,0.75,0.008774199995968957,0.0021733000030508265,0.016675400001986418,,B,0.021545793078911114,0.9692505986962937,2.9006998594224966,3.1672315825999338,0.9722604881111504,0.0978844883881984,0.34025633662376703,0.3291398751281334,2.509555492638732,0.8835848566223001,0.19437842898456226
iris,P2_Full,,main,clean,0.0,19,0.1,15,0.7733333333333333,0.5558778290803323,0.5137551226453718,-0.03258104430553929,1.0,0.1815912294478628,0.14410041272640228,1.0,0.008161999998264946,0.0023394000018015504,0.031744300002173986,,B,0.01967603208801017,0.9770932340232418,2.8354199903865323,2.8136725885854545,0.9793406599797126,0.09811188356973613,0.3481228567396089,0.3349748842706589,2.4963246104087036,0.8834155036365212,0.19400027878864345
iris,P2_Full,,main,clean,0.0,19,0.15,22,0.72,0.5200482434612208,0.4581549915503455,-0.04515503045818126,1.0,0.1835834906382867,0.18000801971980504,1.0,0.008042800000112038,0.001637400004256051,0.04854580000392161,,B,0.024390384387825984,0.9775362683213826,2.654482948575362,3.292701892356508,0.9795440470910498,0.0893786837553056,0.37206986500106526,0.3641791044776119,2.4364754098360657,0.8917408273129733,0.18591880475619804
iris,P2_Full,,main,clean,0.0,19,0.2,30,0.86,0.7015527750702963,0.6664858716814338,-0.04433777754025478,1.0,0.18125429985941097,0.16171986609697342,1.0,0.007391600003757048,0.0039596000060555525,0.06452250000438653,,B,0.03848647594611977,0.9798570733385918,2.4795323231986184,4.926268921103331,0.9819505092600682,0.10392908422226221,0.3986034503121267,0.390378937007874,2.390403403718878,0.8835620438913376,0.19949547575997056
iris,P2_Full,,main,clean,0.0,20,0.05,7,0.8266666666666667,0.6550256828579779,0.6109364906166366,-0.05422994664261083,1.0,0.18383057361434738,0.14045748114585876,1.0,0.012728499998047482,0.001743400003761053,0.019707899999048095,,B,0.02055610928388744,0.9715371152979233,2.908821662171395,3.0217480647314536,0.9741515759633917,0.09185508400972772,0.3392871731742732,0.3291398751281334,2.509555492638732,0.8917253708648599,0.18246044232695974
iris,P2_Full,,main,clean,0.0,20,0.1,15,0.86,0.6968857120628441,0.665565373391185,-0.031106573093946766,1.0,0.1860018672913011,0.2049526646733284,1.0,0.008084200002485886,0.0016318999987561256,0.03371719999995548,,B,0.01762628893095167,0.9713925462565266,2.8973857773673073,2.520559317126089,0.9739634142217211,0.08986706710243085,0.3405270143987875,0.3302472175711612,2.5070086489710706,0.8971860612111592,0.17421261516755626
iris,P2_Full,,main,clean,0.0,20,0.15,22,0.8666666666666667,0.7081288291800827,0.6778813673827861,-0.04699100085898355,1.0,0.18947535568972035,0.1629470075879778,1.0,0.007671799998206552,0.0013949000058346428,0.04712969999673078,,B,0.016577719841811302,0.9773335748006223,2.905714340740147,2.237992178644526,0.9790903336209084,0.07750489125802888,0.3392550456069291,0.33233830845771145,2.502245508982036,0.9104637994604171,0.1552703067889787
iris,P2_Full,,main,clean,0.0,20,0.2,30,0.8866666666666667,0.7419116631817836,0.7163421126838476,-0.028648677385236996,1.0,0.19199227669102203,0.1805766187608242,0.875,0.00815609999699518,0.001236700001754798,0.06054539999604458,,B,0.01665791738816634,0.9843870768439498,2.9096644194162224,2.1322134256852916,0.9854965004429824,0.07105803237125868,0.33851438870936135,0.33181594488188976,2.503429736744531,0.9185991221020435,0.14346279971472348
iris,P2_Full,,main,clean,0.0,21,0.05,7,0.8266666666666667,0.5827056432697582,0.5778807306025459,-0.036734913130863245,1.0,0.18104142111706997,0.1315915584564209,1.0,0.008670800001709722,0.001971199999388773,0.015952900001138914,,B,0.020237300691356114,0.9705164596404393,2.8971947485206444,2.974883201629349,0.9733856745783371,0.097315821061748,0.3406762751882913,0.3294194390084801,2.508910891089109,0.8840657192075149,0.1939793342537131
iris,P2_Full,,main,clean,0.0,21,0.1,15,0.8133333333333334,0.5348281685571266,0.5330269897396622,-0.030400849218704958,1.0,0.1817867172212385,0.18490830808877945,1.0,0.01206100000126753,0.0017511000041849911,0.03472909999982221,,B,0.021735487274188645,0.9726108469725083,2.8981866526327704,3.1081746802089762,0.9752646946393829,0.09689411221335796,0.3404309682626771,0.3295577661774845,2.5085923490735205,0.8846359899508457,0.19410961434847948
iris,P2_Full,,main,clean,0.0,21,0.15,22,0.7666666666666667,0.4553805309911998,0.44549866138017213,-0.044379179963748176,1.0,0.17844762098963732,0.1783638937132699,1.0,0.01119230000040261,0.0014095000005909242,0.05543410000245785,,B,0.021193305550077417,0.9752008270811069,2.8576796427090487,2.8610962492604513,0.9778499445567314,0.1068228155950405,0.345083019225141,0.3306799336650083,2.5060180541624875,0.8758500997897962,0.2079089059776068
iris,P2_Full,,main,clean,0.0,21,0.2,30,0.7533333333333333,0.6023662384150944,0.5290583444858908,-0.043633829533146255,1.0,0.17075258133409166,0.18685907125473022,1.0,0.007776500002364628,0.0023736000002827495,0.0700245999978506,,B,0.029579600150352763,0.9742807118696698,2.7865598675312153,3.7861888192451536,0.9778213935495028,0.1376663950374867,0.3538171244609779,0.32861712598425197,2.510763758891801,0.8519799977081631,0.24234868387890893
iris,P2_Full,,main,clean,0.0,22,0.05,7,0.82,0.5743347729792476,0.5728963024334366,-0.05067212251609401,1.0,0.18310253187129083,0.13999749720096588,1.0,0.008703899999090936,0.0017982000063057058,0.0158376000035787,,B,0.021128504921932762,0.9726773504149565,2.913267214091961,3.105890223524116,0.9751710319842443,0.09126792632339797,0.33875898004367316,0.3288603112477868,2.5102011901388495,0.8902948739867724,0.18597732153283436
iris,P2_Full,,main,clean,0.0,22,0.1,15,0.7866666666666666,0.6195992198288597,0.5588789115646259,-0.032629447563337716,1.0,0.1839397425858893,0.1935507208108902,1.0,0.009446299998671748,0.0015318000005208887,0.03194519999669865,,B,0.02248853406978021,0.9756620791471882,2.9162033904927007,3.2158603719785703,0.9778532492249653,0.09003111198481875,0.33828422706806976,0.32867132867132864,2.5106382978723403,0.8914014348024519,0.18531833087427266
iris,P2_Full,,main,clean,0.0,22,0.15,22,0.7733333333333333,0.6110029082487279,0.5450938775510205,-0.050327014412791374,1.0,0.1866346099360964,0.14905322449547903,1.0,0.008148399996571243,0.0020186999972793274,0.047249199997168034,,B,0.018123455214949083,0.9842757212585711,2.9196703334945937,2.446666454018126,0.985549084054717,0.08098068070943676,0.3375977385806703,0.32846876727473745,2.5111073712554695,0.9014443380561734,0.1702746160735239
iris,P2_Full,,main,clean,0.0,22,0.2,30,0.74,0.5942284096544548,0.5177599921638091,-0.04513329934763834,1.0,0.18728238065805772,0.11602820456027985,1.0,0.0074863999980152585,0.0011766000025090761,0.060042800003429875,,B,0.01667332865024241,0.9882460880734187,2.9146031441174847,2.1341860672310284,0.9891905327639304,0.08035152010759533,0.33792744191601237,0.328371062992126,2.5113338328962156,0.903359459912144,0.16744478729867085
iris,P2_Full,,main,clean,0.0,23,0.05,7,0.78,0.5293220406027405,0.5137053243128987,-0.04302716822076936,1.0,0.17985490369393778,0.17444712668657303,0.75,0.008484099998895545,0.004775499997776933,0.01867620000120951,,B,0.04901631563953589,0.9837603240283895,2.101735911241466,7.205398399011775,0.985347323391315,0.097723585476694,0.4722067403013565,0.46416922933556987,2.2885966673358764,0.879685746099204,0.20612557854949093
iris,P2_Full,,main,clean,0.0,23,0.1,15,0.8133333333333334,0.5332319626161788,0.5399284603759635,-0.03325381374326264,1.0,0.1814017366786415,0.19605858996510506,0.875,0.008267200006230269,0.0020183000015094876,0.03378869999869494,,B,0.022633775674935585,0.9706089306517317,2.894712938922085,3.2366299215157888,0.9734890133177152,0.09799176177825022,0.3408479431130593,0.3298532453462031,2.5079128097939685,0.883811748456895,0.1958441083232585
iris,P2_Full,,main,clean,0.0,23,0.15,22,0.7866666666666666,0.486246634180786,0.48775935275239407,-0.04061683197445636,1.0,0.17951454726726468,0.14381029776164464,1.0,0.00803279999672668,0.0017139999981736764,0.0488374999986263,,B,0.02168640681917521,0.9789275905138725,2.8595559926957708,2.9276649205886534,0.9810484907470933,0.10064820706037879,0.34485168990965576,0.33178551686014374,2.5034988337220927,0.879171986928826,0.20237198461004607
iris,P2_Full,,main,clean,0.0,23,0.2,30,0.88,0.7277351910916086,0.7028455614106202,-0.03038921557375795,1.0,0.1756773396538165,0.20992955565452576,1.0,0.007494299999962095,0.0016725000023143366,0.0625925999993342,,B,0.02528020764522078,0.9725778323214167,2.8275163667592795,3.2358665785882597,0.9759076580551423,0.12142824640103853,0.348578037932985,0.328740157480315,2.5104790419161676,0.8676746404514597,0.21895457137926874
iris,P2_Full,,main,clean,0.0,24,0.05,7,0.8266666666666667,0.5962194089839224,0.5922902198425094,-0.05904931381093143,1.0,0.18372371017530062,0.13867707550525665,1.0,0.012633899998036213,0.0015449999991687946,0.02001880000170786,,B,0.01970553290634356,0.9752632637755148,2.9095636766028536,2.8967133372325033,0.977444144695625,0.08816364860420006,0.3391988993648371,0.3294194390084801,2.508910891089109,0.8923317195168363,0.1824936727244796
iris,P2_Full,,main,clean,0.0,24,0.1,15,0.78,0.6152170261835382,0.5518147720362261,-0.03628918576669198,1.0,0.18520894720071715,0.2381892278790474,1.0,0.009977499998058192,0.001699400003417395,0.035702799999853596,,B,0.021781589347476354,0.9759935245688675,2.9174290836444725,3.1147672766891183,0.9780758398162225,0.08673973209138613,0.3381391458029393,0.3291637939525264,2.509500299222023,0.8953265657203042,0.17872293359445496
iris,P2_Full,,main,clean,0.0,24,0.15,22,0.76,0.6034887518047177,0.5329306122448979,-0.05442090690119477,1.0,0.18712148238052392,0.15212930951799666,1.0,0.01034790000267094,0.001185000000987202,0.052433500000915956,,B,0.01714174588413784,0.987367266528241,2.922612045175497,2.314135694358608,0.9883283142933543,0.07607599473714816,0.33725042314243053,0.3291321171918187,2.509573396036278,0.9029364963595787,0.16882098525555236
iris,P2_Full,,main,clean,0.0,24,0.2,30,0.7333333333333333,0.5917628596963764,0.513604387353714,-0.04602387861733237,1.0,0.18776528487375832,0.10368915647268295,1.0,0.008297399996081367,0.001121200002671685,0.06636230000003707,,B,0.016630525045189207,0.9924545563755315,2.9213920773288367,2.1287072057842185,0.9930172816974598,0.07457816265482142,0.3371238445424562,0.32886318897637795,2.510194537972316,0.9045966554244317,0.166799234380839
iris,P2_Full,,main,clean,0.0,25,0.05,7,0.8133333333333334,0.5507506447905753,0.5549480144286484,-0.05160828317950617,1.0,0.18276455422779353,0.14042404294013977,1.0,0.014168800000334159,0.0019460999974398874,0.02517420000367565,,B,0.021486516580052517,0.9711537557938049,2.912061417244147,3.15851793726772,0.973839685014963,0.09311192132878178,0.3389020860202013,0.3288603112477868,2.5102011901388495,0.8887057370393139,0.18778117524766738
iris,P2_Full,,main,clean,0.0,25,0.1,15,0.7666666666666667,0.4684845605214473,0.4622605731156793,-0.045254836388412045,1.0,0.18318117615206367,0.1880037561058998,1.0,0.008200199998100288,0.0022884999998495914,0.0400249000012991,,B,0.02368460478358476,0.9745953853562489,2.914056662285164,3.3868984840526206,0.9769404906698704,0.09231021003494772,0.3385386222918431,0.32867132867132864,2.5106382978723403,0.88929117446279,0.18848365233075504
iris,P2_Full,,main,clean,0.0,25,0.15,22,0.7133333333333334,0.4020519471250525,0.376756935082496,-0.03351404999397802,1.0,0.18133770089951362,0.1641816794872284,0.8571428571428571,0.008295300001918804,0.001383300004818011,0.057983900005638134,,B,0.026359246506371656,0.9767249283488072,2.8980827488368277,3.5584982783601737,0.9790036084060896,0.09790217153490731,0.3401680658575272,0.32846876727473745,2.5111073712554695,0.8843339979378788,0.19983182625110463
iris,P2_Full,,main,clean,0.0,25,0.2,30,0.8866666666666667,0.7352943572511146,0.7155592175135396,-0.03115836003628053,1.0,0.17556827284160126,0.15192291885614395,1.0,0.007910999993328005,0.002970399997138884,0.07654560000082711,,B,0.038062745723186464,0.981869828172975,2.8571228580107215,4.872031452567867,0.9839918663846117,0.1170445725436314,0.34488435896525127,0.328371062992126,2.5113338328962156,0.865782266089623,0.23002474281830151
iris,P2_Full,,main,clean,0.0,26,0.05,7,0.8333333333333334,0.6189010547195583,0.5993662364287952,-0.04000686278562318,1.0,0.18153696214239312,0.14610713720321655,0.75,0.00834960000065621,0.001680300003499724,0.015146700003242586,,B,0.020713392786372718,0.9696576475466724,2.9026595906855817,3.0448687395967893,0.972597621409731,0.09689340559802623,0.3400219881664427,0.3288603112477868,2.5102011901388495,0.8854486143545492,0.19066912087987772
iris,P2_Full,,main,clean,0.0,26,0.1,15,0.78,0.5595919216605831,0.520420457519205,-0.03436267291558208,1.0,0.1818241521576131,0.15172303467988968,1.0,0.008077999998931773,0.0016975999969872646,0.02984940000169445,,B,0.01834792600230594,0.9798890780007768,2.858600111993571,2.6237534183297493,0.9818102154850542,0.09552707152618681,0.34524285599662996,0.33221707869595196,2.5025200118588793,0.8842976505133875,0.19161497344869882
iris,P2_Full,,main,clean,0.0,26,0.15,22,0.72,0.5200482434612208,0.4581549915503455,-0.0505102980711888,1.0,0.1829599731513561,0.16464505876813615,1.0,0.0079388999947696,0.0017798000044422224,0.04477680000127293,,B,0.023044277326384966,0.9733560416729652,2.691942217831305,3.1109774390619704,0.9757666572564788,0.09047512963070578,0.3667885436018106,0.3603095632946379,2.443847806075483,0.8902772670895335,0.18670117956287696
iris,P2_Full,,main,clean,0.0,26,0.2,30,0.8733333333333333,0.7206021232401235,0.6906098592632469,-0.031112026630710575,1.0,0.18338246984965734,0.15863242745399475,1.0,0.007700199996179435,0.0021463000011863187,0.059529600002861116,,B,0.03322194134710725,0.9757990062334821,2.533189052697269,4.252408492429728,0.977879484526766,0.08596664721108367,0.3899936501787873,0.390378937007874,2.390403403718878,0.8899069123701382,0.19261923865220668
iris,P2_Full,,main,clean,0.0,27,0.05,7,0.8066666666666666,0.635180813172581,0.5828577799714192,-0.06436897679455597,1.0,0.1835965490487942,0.1395915150642395,1.0,0.009885200001008343,0.0017340999984298833,0.017630000002100132,,B,0.020759729077197333,0.9712419932821535,2.898727124429512,3.0516801743480078,0.9739120494461994,0.09284566174013767,0.3404925601232421,0.3302581306495201,2.5069836343115126,0.8904971056061546,0.1840999007308438
iris,P2_Full,,main,clean,0.0,27,0.1,15,0.78,0.6156436477147474,0.552063405301995,-0.036727888643380655,1.0,0.18490907014062394,0.23344742506742477,1.0,0.008660999999847263,0.0014855999979772605,0.03188889999728417,,B,0.02120177008396274,0.9754864230197334,2.899600253365245,3.031853122006672,0.9777001948013948,0.09030798660854099,0.3402615696015138,0.3298532453462031,2.5079128097939685,0.8940950949699961,0.17948469748356957
iris,P2_Full,,main,clean,0.0,27,0.15,22,0.76,0.6042424494301821,0.5334485795361884,-0.03681309914913706,1.0,0.18810024961247251,0.1433121051107134,1.0,0.008089000002655666,0.0011924999998882413,0.04532180000387598,,B,0.018277777885903918,0.984214203512975,2.911393931813118,2.4675000145970287,0.9854499786336529,0.07828398913502511,0.33857866343996124,0.32979546710889995,2.508045591686222,0.9058836485838437,0.1642250707142758
iris,P2_Full,,main,clean,0.0,27,0.2,30,0.7333333333333333,0.592256034562935,0.5140089370168629,-0.031075849811553004,1.0,0.18992942458849757,0.1520422399044037,1.0,0.007630200001585763,0.0011068999956478365,0.05826109999907203,,B,0.018056002270228518,0.9879838659711032,2.907639562009078,2.3111682905892503,0.9888882184946547,0.07526152099973739,0.3387556108799765,0.3302165354330709,2.5070789865871834,0.9111942906241874,0.1572901803891207
iris,P2_Full,,main,clean,0.0,28,0.05,7,0.8533333333333334,0.6806461729990796,0.6522271369579056,-0.04369838085704933,1.0,0.18261056489918337,0.14557702094316483,0.75,0.01373809999495279,0.0017692999972496182,0.021226600001682527,,B,0.020300155963414276,0.9702270577836584,2.9069009607758973,2.9841229266218985,0.9730537098022438,0.09494029841074811,0.3395158788800992,0.3287671232876712,2.510416666666667,0.8874557157484256,0.1883190730567787
iris,P2_Full,,main,clean,0.0,28,0.1,15,0.86,0.6890518004413542,0.6638956080488512,-0.03489899951293038,1.0,0.1843257426267618,0.23794209212064743,1.0,0.009950699997716583,0.0014742999992449768,0.037130100005015265,,B,0.02088548936169356,0.9730189089155672,2.9096232234087682,2.9866249787221792,0.9755067658416705,0.09220742475973032,0.3390651893323595,0.32886831478380774,2.5101826894279724,0.8920863660759384,0.1809768561783593
iris,P2_Full,,main,clean,0.0,28,0.15,22,0.8733333333333333,0.7060205214031219,0.6882069564720807,-0.04103434412948043,1.0,0.18871650928673506,0.1516000202723912,1.0,0.00805660000332864,0.0017363000006298535,0.05318650000117486,,B,0.01778438401252601,0.9777810874000854,2.9231382266402126,2.400891841691011,0.9795811048272436,0.08101284970917608,0.3371883728270125,0.32846876727473745,2.5111073712554695,0.9081444722308515,0.15860587828970846
iris,P2_Full,,main,clean,0.0,28,0.2,30,0.8933333333333333,0.7356125873882284,0.7278450047294432,-0.04241066340422381,1.0,0.1909977617595744,0.16247588396072388,1.0,0.008788400002231356,0.002311800002644304,0.06819030000042403,,B,0.01677820409967251,0.9815941578944577,2.92779465655492,2.1476101247580814,0.9829932539405247,0.07601369380679958,0.33636939404559707,0.328371062992126,2.5113338328962156,0.9154646759884559,0.14769907309403854
iris,P2_Full,,main,clean,0.0,1,0.05,7,0.8466666666666667,0.6750498631643848,0.6416026620488269,-0.05623022985597398,1.0,0.18485506132510346,0.1447194367647171,1.0,0.008696199998666998,0.0018398999964119866,0.01566140000068117,,C,0.020359578449003827,0.9728311066316953,2.9069319173837505,2.8830062405631733,0.9752517687001736,0.08909682244556713,0.33951219035495045,0.3296058149287112,2.5084817642069552,0.894910073233407,0.17783073974532368
iris,P2_Full,,main,clean,0.0,1,0.1,15,0.86,0.6907358850090398,0.6642681063461342,-0.025341726604419912,1.0,0.18673511698233028,0.23889797925949097,1.0,0.0084534000052372,0.0015035999967949465,0.02981010000075912,,C,0.020840710452054382,0.9748358108136078,2.9076870831261177,2.8649298842871875,0.9770104762012466,0.08641905254848226,0.339295651738759,0.3298532453462031,2.5079128097939685,0.8995222255051211,0.1710593104997749
iris,P2_Full,,main,clean,0.0,1,0.15,22,0.88,0.7186593633920438,0.7015292412422846,-0.03346384048013234,1.0,0.19053776252303176,0.1496367539678301,1.0,0.007889199994679075,0.0012168000030214898,0.04307600000174716,,C,0.017228417176503516,0.9831144641357583,2.9215002205381193,2.2170320794498206,0.9843461128319941,0.07294104884430004,0.3373816093478971,0.32979546710889995,2.508045591686222,0.9137086265572073,0.15108484522868487
iris,P2_Full,,main,clean,0.0,1,0.2,30,0.8933333333333333,0.7387328272950491,0.7282217481230558,-0.04282735868507548,1.0,0.1930476053505168,0.15569104999303818,1.0,0.007379300004686229,0.0011287000015727244,0.05551689999992959,,C,0.016355751225674207,0.987019089266513,2.921400872764207,1.98770453582434,0.9878923013063892,0.0672689349618201,0.33712280586049664,0.3302165354330709,2.5070789865871834,0.9220657241248387,0.1388170776699487
iris,P2_Full,,main,clean,0.0,0,0.05,7,0.8133333333333334,0.6401804206005287,0.5913142857142857,-0.042374073482237956,1.0,0.18396982615314353,0.1396063268184662,1.0,0.008721100006368943,0.001932600003783591,0.01613519999955315,,C,0.020287287993763822,0.9748726153960385,2.9137083623338307,2.866753643404995,0.9771176055977658,0.0893443642110445,0.3387066534300233,0.3288603112477868,2.5102011901388495,0.8918477511420095,0.18217329816495617
iris,P2_Full,,main,clean,0.0,0,0.1,15,0.7933333333333333,0.6243719110131059,0.5664096776958334,-0.044196507694375844,1.0,0.1847036487845177,0.21297475695610046,1.0,0.008265500000561588,0.0018001999997068197,0.030669899999338668,,C,0.016607804563544964,0.9761545201606305,2.9091335784286567,2.2799567484614984,0.9782682014021125,0.08864075102368733,0.339123443712024,0.3287698217275682,2.5104104254044337,0.893648712726011,0.1788545198563875
iris,P2_Full,,main,clean,0.0,0,0.15,22,0.78,0.6156436477147474,0.552063405301995,-0.05089567499073472,1.0,0.18731582443150444,0.12943610974720546,1.0,0.009168100004899316,0.0013675000009243377,0.046256900001026224,,C,0.015457184810496646,0.9834925857966105,2.9224031527822434,1.9883369935385562,0.9848064931886374,0.0795949853707043,0.3372750631194319,0.32846876727473745,2.5111073712554695,0.9036354960289098,0.16535671222401216
iris,P2_Full,,main,clean,0.0,0,0.2,30,0.7533333333333333,0.6005361469775677,0.5277520568787655,-0.05942327863109639,1.0,0.18807200526069687,0.1370316669344902,1.0,0.007382900002994575,0.001326699995843228,0.05955350000294857,,C,0.015291322196019379,0.9832640795327875,2.9189022326513565,1.8654419976150822,0.9846220461357784,0.08114083749688869,0.3374181302079976,0.328125,2.511904761904762,0.9059186980047982,0.16200448658812638
iris,P2_Full,,main,clean,0.0,29,0.05,7,0.8066666666666666,0.5616465127593134,0.5472467505617489,-0.0403817257022851,1.0,0.18233629790131234,0.12955917418003082,1.0,0.01351730000169482,0.006480000003648456,0.025352100004965905,,B,0.0420032337266922,0.9804518927799009,2.1337834867294228,6.174475357823754,0.982093029970011,0.08395376450681258,0.4650117342508786,0.4649147330164943,2.2877330126277813,0.8871147591870533,0.19494873572335833
iris,P2_Full,,main,clean,0.0,29,0.1,15,0.8266666666666667,0.5541509842715532,0.5713240791911837,-0.042382506760400784,1.0,0.18174902851797772,0.19143128395080566,1.0,0.00866900000255555,0.001629400001547765,0.04108940000151051,,B,0.021464066137592927,0.9700288471408239,2.900110849153451,3.0693614576757886,0.9729863019868007,0.09867671290032905,0.34020042301831815,0.3287698217275682,2.5104104254044337,0.8847854421189348,0.19407390728399704
iris,P2_Full,,main,clean,0.0,29,0.15,22,0.7666666666666667,0.4896760294019601,0.4808362369337979,-0.031025566230243225,1.0,0.18231914567719926,0.1727941972868783,1.0,0.00796029999764869,0.002169999999750871,0.05639550000341842,,B,0.026970965518235412,0.9716741603668008,2.82524645456548,3.6410803449617806,0.97460833160974,0.10358638193729958,0.34913016392173624,0.33543394140409066,2.4953032300593274,0.8882460627174752,0.18914115062152137
iris,P2_Full,,main,clean,0.0,29,0.2,30,0.8733333333333333,0.7060205214031219,0.6882069564720807,-0.027925121129023907,1.0,0.1811318884740454,0.15903227031230927,1.0,0.007512299998779781,0.00209760000143433,0.07080539999878965,,B,0.04389533426966086,0.9764066980814597,2.6602261347902187,5.61860278651659,0.978885188257502,0.1050505853144119,0.37099378145429573,0.36158956692913385,2.4413916298060565,0.8834578776289027,0.20380626194286577
iris,P2_Full,,main,clean,0.0,2,0.05,7,0.8466666666666667,0.6735735454651065,0.6412050161871702,-0.06801151768193729,1.0,0.1833399492851945,0.13810187578201294,1.0,0.008660299994517118,0.00421440000354778,0.021292299999913666,,C,0.02134129120053058,0.9710923799339826,2.904106076822393,3.0274319871613296,0.9738012836824275,0.0937089854598364,0.3398492174348942,0.3294194390084801,2.508910891089109,0.8902184841731434,0.1845004076371696
iris,P2_Full,,main,clean,0.0,2,0.1,15,0.86,0.6890518004413542,0.6638956080488512,-0.03461116999969804,1.0,0.18477040757118512,0.24442460387945175,1.0,0.008560900001612026,0.001949500001501292,0.036492100000032224,,C,0.02207253307095628,0.9712550297285993,2.9030827950023004,3.0454526237500676,0.9739587305247395,0.09405822203372032,0.33984494351464667,0.3290653008962868,2.509727626459144,0.8932222937678213,0.1796299345111493
iris,P2_Full,,main,clean,0.0,2,0.15,22,0.8866666666666667,0.7268647333702032,0.7144558758616006,-0.038440001307943776,1.0,0.18851756247470436,0.1551613211631775,1.0,0.007733000005828217,0.0014621000009356067,0.050573399996210355,,C,0.018730589183986596,0.9788360765492766,2.917929489706575,2.420873823876075,0.9805589829072713,0.0814077012708037,0.3378036024645403,0.32880044223327803,2.5103396099529256,0.9074285242076242,0.1597461200329206
iris,P2_Full,,main,clean,0.0,2,0.2,30,0.8933333333333333,0.7387328272950491,0.7282217481230558,-0.036884048653413465,1.0,0.19100057798603037,0.17026108503341675,1.0,0.007522899999457877,0.0013254000004963018,0.06340780000027735,,C,0.01800818948934602,0.9814675787224624,2.9174422212669002,2.200903386157809,0.9828830936572207,0.07638046392103041,0.3375909289905697,0.3296013779527559,2.5084919746173946,0.9154885822307897,0.1477979427453726
iris,P2_Full,,main,clean,0.0,4,0.05,7,0.8133333333333334,0.5580156625922519,0.5591733965582675,-0.04938621753069124,1.0,0.18425138907443725,0.13184598088264465,1.0,0.009826800000155345,0.0016923000002861954,0.01651530000526691,,C,0.0213370010090712,0.9742994864787351,2.8967725815550605,3.0168599795107642,0.9765408398305797,0.08721045009431906,0.3407269225276219,0.33212188985183116,2.5027356902356903,0.8935264104913216,0.181174323069934
iris,P2_Full,,main,clean,0.0,4,0.1,15,0.7933333333333333,0.5014714901152115,0.5078295304185586,-0.04603265902697504,1.0,0.183431444526943,0.23510022461414337,1.0,0.008232200001657475,0.0020204999964335,0.031215300004987512,,C,0.025123328284924987,0.974664478338086,2.91101170681355,3.4542597117159524,0.97700660889358,0.09244453643971803,0.3389001043072637,0.32886831478380774,2.5101826894279724,0.8896152990833347,0.18817481993352136
iris,P2_Full,,main,clean,0.0,4,0.15,22,0.78,0.4737414815963933,0.4774361296621913,-0.046259712173311394,1.0,0.182667169504723,0.15164229273796082,0.8571428571428571,0.009160500005236827,0.0016248000029008836,0.04962309999973513,,C,0.027067681175699763,0.9796363702880247,2.91077389429374,3.495560598554389,0.9815123726522513,0.09212514619254575,0.33865237532142395,0.3286898839137645,2.510595358224016,0.8883834478787226,0.1937287856680226
iris,P2_Full,,main,clean,0.0,4,0.2,30,0.7333333333333333,0.5917628596963764,0.513604387353714,-0.04758854271918867,1.0,0.18038423583066754,0.14546042680740356,1.0,0.007507199996325653,0.0015284999972209334,0.06378440000116825,,C,0.03284186533530321,0.9861700978362274,2.89344817731193,3.994688053043549,0.9875449442072032,0.09941114222609514,0.3404557119626498,0.328371062992126,2.5113338328962156,0.8808388420009676,0.20754876808184963
iris,P2_Full,,main,clean,0.0,3,0.05,7,0.8333333333333334,0.5814349949419173,0.5832046093379579,-0.03763068942494132,1.0,0.18024164191710457,0.2560766935348511,1.0,0.008515399997122586,0.0021052000010968186,0.016306500001519453,,C,0.022663294246427487,0.9689386452676615,2.8894621023906,3.2221147982801766,0.9720546161360001,0.10031664411258,0.34160630725494034,0.33053769452986675,2.50634338877925,0.8818724451177639,0.19509503951782875
iris,P2_Full,,main,clean,0.0,3,0.1,15,0.7933333333333333,0.5288543903716003,0.5210957808438312,-0.03745785877541944,1.0,0.18152435148220097,0.15415078401565552,1.0,0.008922799999709241,0.0028081999989808537,0.033312200001091696,,C,0.022624351832638452,0.9764767889796269,2.8493986038055277,3.104896829729996,0.9788847034037095,0.10236333900151394,0.3463804835350951,0.33162612035851474,2.5038610038610036,0.8836578262973497,0.1930887408744483
iris,P2_Full,,main,clean,0.0,3,0.15,22,0.74,0.4814852256008992,0.4527279499384304,-0.04425824864851977,1.0,0.1816309207772019,0.17458870581218175,0.8571428571428571,0.007822799998393748,0.0023146999956225045,0.05031310000049416,,C,0.030843535121260698,0.9691058255807755,2.7202464216995157,4.026462215588282,0.9721259442569935,0.0977568986060563,0.36289445406928456,0.35699281370923164,2.450294208733354,0.8860799982356502,0.19442849176675903
iris,P2_Full,,main,clean,0.0,3,0.2,30,0.88,0.7144576477818988,0.7008666982225341,-0.027690429328811328,1.0,0.17715555266808272,0.17694073170423508,1.0,0.00755810000555357,0.0038854000013088807,0.06669780000083847,,C,0.056514327318690126,0.9693857809882142,2.5373657030292756,6.993084920550734,0.9729085377442913,0.1150693001419022,0.38933873704702854,0.38521161417322836,2.39899393165123,0.8710718918005472,0.22209777784202553
iris,P2_Full,,main,clean,0.0,5,0.05,7,0.8333333333333334,0.5869166245696172,0.5958238324638083,-0.049810678622791905,1.0,0.18360193568290167,0.1412937343120575,1.0,0.009112500003539026,0.0019477000023471192,0.016846099999384023,,C,0.02290113645121052,0.9741475888403829,2.915274830007548,3.2385195585828526,0.9764584726510988,0.08938755447018319,0.3385209754800265,0.3290466871680179,2.509770603228547,0.8916001998225511,0.18403528915292872
iris,P2_Full,,main,clean,0.0,5,0.1,15,0.8266666666666667,0.5449125296020432,0.5675951312982345,-0.049004559622983924,1.0,0.1837837939262053,0.20453877747058868,0.875,0.008820200004265644,0.0018284000034327619,0.03264850000414299,,C,0.024810775505430822,0.9727915987743194,2.9130973766575203,3.41785378956006,0.9753083231847582,0.09249806299031188,0.3386524223899834,0.32886831478380774,2.5101826894279724,0.8905248207992501,0.18508519494000658
iris,P2_Full,,main,clean,0.0,5,0.15,22,0.7933333333333333,0.5151055291984941,0.5191060926840744,-0.035009796795023605,1.0,0.1833350928870451,0.15526923963001796,1.0,0.00846290000481531,0.0034773000006680377,0.05307929999980843,,C,0.028109746933547525,0.980612642925474,2.8791008122073576,3.6265204519134926,0.9824481597602519,0.09467596989739535,0.34245999842376523,0.3306799336650083,2.5060180541624875,0.8914086298195034,0.18567311982766288
iris,P2_Full,,main,clean,0.0,5,0.2,30,0.9,0.7449573670061777,0.7416919230031858,-0.029494198510051584,1.0,0.17926939440252532,0.18186839297413826,0.875,0.007929800005513243,0.0027486999970278703,0.06882450000557583,,C,0.046458723804552134,0.9689157030938255,2.7512223226396597,5.751593257935195,0.9723746586343025,0.11127662146959967,0.35846279660416946,0.3490403543307087,2.466249559393726,0.8777722175806537,0.211443781384435
iris,P2_Full,,main,clean,0.0,6,0.05,7,0.8266666666666667,0.5815340990399189,0.5773075476284566,-0.044331607014739344,1.0,0.18111930902847012,0.15208781510591507,0.75,0.01343079999787733,0.0019778999994741753,0.021730799999204464,,C,0.022365065472562607,0.9664171826527183,2.897801530432723,3.188010775679648,0.9698004912859931,0.10074522927269194,0.3406035054558104,0.3288603112477868,2.5102011901388495,0.8842255464656148,0.19217386544906526
iris,P2_Full,,main,clean,0.0,6,0.1,15,0.7733333333333333,0.5357666271459878,0.5006346524226906,-0.03731628765428614,1.0,0.1811138582567545,0.1500837802886963,1.0,0.008510799998475704,0.002391300004092045,0.037701899993408006,,C,0.021753972038234353,0.9783693817927597,2.851643569906035,2.979673410780332,0.9805438539143094,0.1005275069217347,0.3461022502831513,0.3318231064709938,2.5034134758088453,0.8818635325999757,0.19586355391209298
iris,P2_Full,,main,clean,0.0,6,0.15,22,0.7933333333333333,0.6291537199142112,0.5688030944446925,-0.030162143297473083,1.0,0.18196285196516077,0.17923685482570104,1.0,0.007791200005158316,0.0019423000048846006,0.053701400000136346,,C,0.02933513132299019,0.9772524209583512,2.6711015091255708,3.7976240168456394,0.9794825940839926,0.09804002094280939,0.369708560248152,0.3585406301824212,2.4472710453283995,0.8866917235911258,0.1949406070738544
iris,P2_Full,,main,clean,0.0,6,0.2,30,0.76,0.6082865771083239,0.536149169031212,-0.040315469884203294,1.0,0.1837631970164203,0.18483084440231323,0.875,0.007648799997696187,0.002479000002495013,0.06836929999553831,,C,0.015502419241812483,0.9753971841239742,2.8646123302785234,1.90644756445173,0.9777384255935069,0.09516152465352733,0.34396207917306976,0.3325541338582677,2.5017573066962635,0.892870397835128,0.1792702461730384
iris,P2_Full,,main,clean,0.0,7,0.05,7,0.8533333333333334,0.6806461729990796,0.6522271369579056,-0.02974864081706351,1.0,0.18392534636382504,0.14315156638622284,1.0,0.008599699998740107,0.001880600000731647,0.015830099997401703,,C,0.021019274816808816,0.9724405460027885,2.9149102433648912,2.9776175786393306,0.9749298878786117,0.09032624071852371,0.33856417317195925,0.3288603112477868,2.5102011901388495,0.8920624053743677,0.18215079353196492
iris,P2_Full,,main,clean,0.0,7,0.1,15,0.8666666666666667,0.6967858730970384,0.6757362582358094,-0.03689252497621663,1.0,0.1856810608599667,0.23488616198301315,1.0,0.00824109999666689,0.0016303000011248514,0.029869399993913248,,C,0.021650513248142274,0.975797750859013,2.9158331442684298,2.9733178352403256,0.9779218020047522,0.08776255187548236,0.33832807588220043,0.32886831478380774,2.5101826894279724,0.8961419149562897,0.1759749219010086
iris,P2_Full,,main,clean,0.0,7,0.15,22,0.88,0.7186593633920438,0.7015292412422846,-0.04028472581922576,1.0,0.18955265315755102,0.1479777353150504,1.0,0.013206599993281998,0.0019071999995503575,0.05141929999808781,,C,0.01826487154662226,0.9826765360358972,2.9287671970834337,2.3514552570658434,0.9839828204257389,0.07540549583781464,0.33652596762509457,0.3286898839137645,2.510595358224016,0.9106368278410548,0.15568967961400937
iris,P2_Full,,main,clean,0.0,7,0.2,30,0.8933333333333333,0.7387328272950491,0.7282217481230558,-0.03815140162421192,1.0,0.19224423339080562,0.17530515789985657,1.0,0.01076189999730559,0.00178569999843603,0.06790619999810588,,C,0.017721432483538094,0.980960217379919,2.9226872108442334,2.16697706146707,0.9823329633288892,0.07209882467472611,0.3369709652709609,0.3302165354330709,2.5070789865871834,0.9193619867212014,0.14264650923459218
iris,P2_Full,,main,clean,0.0,9,0.05,7,0.8,0.5449944220320313,0.5388415225610196,-0.037884812610818254,1.0,0.18120731665835502,0.14155523478984833,1.0,0.008555000000342261,0.002155299996957183,0.015686799997638445,,C,0.02322221868891199,0.9721223742820068,2.904268334406061,3.2907661506985306,0.9747927053103358,0.09578760599420513,0.3398298478520362,0.3288603112477868,2.5102011901388495,0.8840011659979423,0.19496922565827324
iris,P2_Full,,main,clean,0.0,9,0.1,15,0.7533333333333333,0.4658285908895379,0.45190567302684276,-0.043966871657610485,1.0,0.1814182850492771,0.20100366324186325,1.0,0.009335800001281314,0.0013834999990649521,0.03184060000057798,,C,0.020622067177037937,0.975599693625201,2.89656192466272,2.8326537682357222,0.9779280628795552,0.09542377126702817,0.34062587155732754,0.32867132867132864,2.5106382978723403,0.883878288184168,0.19606923243472338
iris,P2_Full,,main,clean,0.0,9,0.15,22,0.8066666666666666,0.5170028894704214,0.5323395822073033,-0.05082502764249347,1.0,0.18013444501128537,0.14194404227393015,1.0,0.007950800005346537,0.0014498000018647872,0.047161499998765066,,C,0.02578076688344368,0.9821378914544049,2.884554382838383,3.3208866223672446,0.9839088426929778,0.09914569906752155,0.3417984306997003,0.3286898839137645,2.510595358224016,0.8806285553231177,0.2038196414713797
iris,P2_Full,,main,clean,0.0,9,0.2,30,0.8866666666666667,0.7352943572511146,0.7155592175135396,-0.04236803566451447,1.0,0.17939000622775228,0.17894822359085083,0.875,0.007587000000057742,0.0029528000013669953,0.0620409999974072,,C,0.038840411466644416,0.9658743942998972,2.8172328073460005,4.823586309396312,0.9699109541961098,0.11828536998540488,0.349879171393612,0.3342765748031496,2.497883695252116,0.8788966754461114,0.20557089854210736
iris,P2_Full,,main,clean,0.0,8,0.05,7,0.58,0.5895674488004073,0.432804702527474,-0.036441405319398275,1.0,0.1832165545426498,0.13814114034175873,1.0,0.008805600002233405,0.0074571999939507805,0.02269700000033481,,C,0.02166464578500415,0.9708395448028952,2.8984927569093157,3.074102786379879,0.9736146944340252,0.09516825482907429,0.34052064563553286,0.3298853788090579,2.5078389830508474,0.8892486436299906,0.18638473442329867
iris,P2_Full,,main,clean,0.0,8,0.1,15,0.8133333333333334,0.6412741266574404,0.5917675070941648,-0.028695700780598934,1.0,0.18453883811981964,0.16628195345401764,1.0,0.011640500000794418,0.0026486999995540828,0.044597100000828505,,C,0.042141411154221396,0.9803334723383831,2.0758771660092243,5.760606306126818,0.9818639180080821,0.07781982137528273,0.47807424085080075,0.4820250172362848,2.268645279934614,0.8926830945747226,0.1880812938513429
iris,P2_Full,,main,clean,0.0,8,0.15,22,0.7933333333333333,0.6257831488068794,0.5671304879291026,-0.038581456684810424,1.0,0.1822230781086267,0.2075476050376892,1.0,0.012560600000142585,0.0031835000045248307,0.06472710000525694,,C,0.021750951306910758,0.9688582264069604,2.8822047340780763,2.8401985969265193,0.9721100811153134,0.10442098612777122,0.34208315750675405,0.32935323383084575,2.5090634441087616,0.887982295780729,0.18602753462274918
iris,P2_Full,,main,clean,0.0,8,0.2,30,0.7666666666666667,0.6083404722426906,0.5396081627109436,-0.03874553595848436,1.0,0.18427665882601682,0.1981484442949295,1.0,0.00706989999889629,0.0013929000051575713,0.0780529000039678,,C,0.018339487953820486,0.9782220446116865,2.885032522334386,2.2488300966351176,0.9803280061843218,0.09670152845318979,0.34147179160270286,0.32923228346456695,2.5093423019431986,0.8941866337137628,0.17838785305095858
iris,P2_Full,,main,clean,0.0,10,0.05,7,0.8333333333333334,0.6607920793426151,0.62055617805847,-0.06720099677651727,1.0,0.18393417274607168,0.14491623640060425,1.0,0.008526100005838089,0.0016859999959706329,0.015043500003230292,,C,0.021194232899650185,0.9717959197491027,2.912298928863493,3.004393964890251,0.9743388353651781,0.09016126721573912,0.33887388837388494,0.3296058149287112,2.5084817642069552,0.8920907492677141,0.182103009175701
iris,P2_Full,,main,clean,0.0,10,0.1,15,0.86,0.6933208584680062,0.6648253082377061,-0.040085281397245466,1.0,0.18629980538911176,0.2435235157608986,1.0,0.007869900000514463,0.001421400003891904,0.028400200004398357,,C,0.0219927486262205,0.9728674206046788,2.9086952796250887,3.0294152188718866,0.9752606338546967,0.08820441341565233,0.339175605934721,0.3298532453462031,2.5079128097939685,0.8980514704926924,0.17359853027813651
iris,P2_Full,,main,clean,0.0,10,0.15,22,0.8666666666666667,0.7081288291800827,0.6778813673827861,-0.041893671386866574,1.0,0.19040232369898472,0.17228241477693831,1.0,0.007716100000834558,0.001145000001997687,0.04142340000544209,,C,0.018833818817141516,0.9802146783207345,2.9188817975812116,2.430792401317121,0.981684542438411,0.074290635325726,0.33769095665402343,0.3306799336650083,2.5060180541624875,0.9132662745340447,0.15235379692923237
iris,P2_Full,,main,clean,0.0,10,0.2,30,0.8866666666666667,0.7419116631817836,0.7163421126838476,-0.039774821327602475,1.0,0.19319524223129414,0.19057904928922653,0.875,0.007646300000487827,0.0010320000001229346,0.053940900004818104,,C,0.018285905994688427,0.9838219827171022,2.9100890826780854,2.229496758046948,0.9849223463317316,0.0680159747259369,0.33846384096819976,0.33267716535433073,2.5014792899408285,0.9223252803236244,0.13878480929687428
iris,P2_Full,,main,clean,0.0,11,0.05,7,0.8133333333333334,0.5732440594533704,0.5674005959010385,-0.04380866033727625,1.0,0.18424939562741,0.15390053391456604,1.0,0.008453100002952851,0.0013747000048169866,0.014765200001420453,,C,0.022093260119856382,0.9718500199498454,2.879244885063001,3.1316614603215642,0.9743520040338023,0.08888049225964328,0.3428428282750079,0.3340788370142578,2.498326359832636,0.8935581030839346,0.1811351827653472
iris,P2_Full,,main,clean,0.0,11,0.1,15,0.7733333333333333,0.49652590663930063,0.4856096029126701,-0.04270317886285084,1.0,0.18294667776388346,0.20619158446788788,1.0,0.008454599999822676,0.0014693999983137473,0.02994079999916721,,C,0.02501436108095798,0.9703872554127723,2.9077005288914526,3.4544370500758874,0.9732257393017318,0.09585345527830048,0.3392940502058107,0.32886831478380774,2.5101826894279724,0.8876121762744945,0.18977088319899182
iris,P2_Full,,main,clean,0.0,11,0.15,22,0.7333333333333333,0.4874863377345102,0.445654430197838,-0.03920767173973088,1.0,0.18112613471140587,0.17562422156333923,0.8571428571428571,0.007861600002797786,0.0021089000001666136,0.04510429999936605,,C,0.029009401056664195,0.969865521613959,2.8381538091441563,3.784059226352271,0.9731426532470143,0.108750235895018,0.3475084511214461,0.33178551686014374,2.5034988337220927,0.8848607891158244,0.1941369099030629
iris,P2_Full,,main,clean,0.0,11,0.2,30,0.8866666666666667,0.7303731197671405,0.7149297829556379,-0.038015924954133876,1.0,0.18201863901859713,0.1557748094201088,1.0,0.009098900001845323,0.00187240000377642,0.062111400002322625,,C,0.03988310360123979,0.9813513637562068,2.6513851331217317,4.874962743438375,0.9832589711202397,0.10229205712926102,0.37225711011423207,0.359744094488189,2.444938440492476,0.8854004625552337,0.20011972833108843
iris,P2_Full,,main,clean,0.0,13,0.05,7,0.8266666666666667,0.6550256828579779,0.6109364906166366,-0.04319730654527661,1.0,0.18313353104895022,0.13814236223697662,1.0,0.008762000004935544,0.002249400000437163,0.01651300000230549,,C,0.02129401755857774,0.971384418197801,2.9063757348119053,3.019817689942329,0.9740527121181757,0.09324618799711602,0.3395784722986672,0.3291398751281334,2.509555492638732,0.8895432682923164,0.1856187658239794
iris,P2_Full,,main,clean,0.0,13,0.1,15,0.86,0.6968857120628441,0.665565373391185,-0.039824563152120254,1.0,0.18544490388190893,0.24418771266937256,1.0,0.009098000002268236,0.001760600003763102,0.03208019999874523,,C,0.022066106757350865,0.969554553035981,2.9012668487005495,3.0499057402273726,0.9723669030233951,0.09237341763245271,0.340062065398097,0.3298532453462031,2.5079128097939685,0.8954241828296821,0.17713607169347362
iris,P2_Full,,main,clean,0.0,13,0.15,22,0.8666666666666667,0.7081288291800827,0.6778813673827861,-0.03297059579747688,1.0,0.1894369538594545,0.19212400913238525,1.0,0.008698300000105519,0.0014928999953554012,0.048274200002197176,,C,0.019051494313503902,0.9782643643642602,2.91074693051632,2.4637889062520517,0.9799342237786263,0.07682588364797051,0.33865558156700726,0.33178551686014374,2.5034988337220927,0.910348369739226,0.1562676896067123
iris,P2_Full,,main,clean,0.0,13,0.2,30,0.88,0.7346249737691952,0.703743816882739,-0.040203393354973846,1.0,0.1927856236235399,0.17147084698081017,0.875,0.0076612999982899055,0.0011177999986102805,0.06103659999644151,,C,0.016892058115657367,0.984011799936737,2.90596281104729,2.05915550473457,0.9851137307429539,0.06892150472577899,0.3389556174174392,0.33267716535433073,2.5014792899408285,0.9210074320564068,0.14001860753088088
iris,P2_Full,,main,clean,0.0,12,0.05,7,0.84,0.5837870549705113,0.5973257641256532,-0.025043511899817877,1.0,0.18184467243820682,0.2689753621816635,0.75,0.014541399999870919,0.002078500001516659,0.022822499995527323,,C,0.022403565115822296,0.9673806694668632,2.90419731497819,3.190318032878011,0.9705630436851429,0.09756099117505969,0.3398383255665766,0.3291398751281334,2.509555492638732,0.8866485146679883,0.18936900014410848
iris,P2_Full,,main,clean,0.0,12,0.1,15,0.8066666666666666,0.5305889635691265,0.5378246045784306,-0.032408552731125764,1.0,0.18313727229949156,0.13726823031902313,1.0,0.008136099997500423,0.002202499999839347,0.0386408999984269,,C,0.02168975013523432,0.9819228757431198,2.8827508160246973,2.9601254963566284,0.9835826408198769,0.09181576965293366,0.3422915313912419,0.33083817590859843,2.5056564453706462,0.8884291870529519,0.1872880404189086
iris,P2_Full,,main,clean,0.0,12,0.15,22,0.7666666666666667,0.4843035175458635,0.47750449910017995,-0.03480302789588836,1.0,0.18214811673072565,0.17041835614613124,1.0,0.008042700006626546,0.002318899998499546,0.05445579999650363,,C,0.029630266974760257,0.965615191867001,2.7847071361367006,3.88205923877977,0.9691182007359562,0.10187664434263494,0.35432138526339985,0.3457158651188502,2.473137192196994,0.8878998967613961,0.19131796047178984
iris,P2_Full,,main,clean,0.0,12,0.2,30,0.8866666666666667,0.7352943572511146,0.7155592175135396,-0.0385367752723723,1.0,0.17788237507626092,0.14931517094373703,1.0,0.008689399997820146,0.0026118000023416243,0.07248879999679048,,C,0.056756033092272236,0.9779611151693621,2.639467450401035,6.9614118924902915,0.9805876827999451,0.11917879015963802,0.37397347231055295,0.359621062992126,2.445176188847075,0.8733224832459242,0.221814285920767
iris,P2_Full,,main,clean,0.0,14,0.05,7,0.8266666666666667,0.5739979266102389,0.5710590418587337,-0.03254433684273355,1.0,0.1800777084889068,0.24211721122264862,1.0,0.008665500005008653,0.0021560000022873282,0.01673770000343211,,C,0.023177040610564352,0.9706034026587697,2.8865783748127356,3.289504024117249,0.9735288766624023,0.09951743630987026,0.3419544187410251,0.33128319821079116,2.504641350210971,0.8809738473886417,0.1966474295985624
iris,P2_Full,,main,clean,0.0,14,0.1,15,0.76,0.5215197936402862,0.48112683264232337,-0.04279314318741683,1.0,0.18183650918742633,0.1368587650358677,0.875,0.008137099997838959,0.0027109000002383254,0.03291760000138311,,C,0.022947279897657925,0.9782607186289287,2.85211313118613,3.1434716675024084,0.9804525360598396,0.10082290180151054,0.3460441098877189,0.33162612035851474,2.5038610038610036,0.8841100410456963,0.1932421998215531
iris,P2_Full,,main,clean,0.0,14,0.15,22,0.7866666666666666,0.6216228635100164,0.5599780683897095,-0.029993333969943137,1.0,0.18208568635332492,0.18296980006354197,1.0,0.007933900000352878,0.0019995999973616563,0.04837280000356259,,C,0.03252097992936929,0.9788629983195191,2.638654297916524,4.203125858320044,0.9809222820611037,0.09742553710852438,0.37434658923022035,0.36451077943615257,2.435850773430391,0.8869591663827214,0.1950546420573103
iris,P2_Full,,main,clean,0.0,14,0.2,30,0.76,0.6051918781720853,0.53409442535381,-0.03006537931169674,1.0,0.18496036385882447,0.2097610905766487,1.0,0.007273600000189617,0.0026540999970166013,0.06271130000095582,,C,0.018229124785580968,0.9759566372945614,2.8905450820453535,2.2404857217610847,0.9782216005554348,0.09420326468564708,0.34080555407028756,0.3298474409448819,2.5079261469600898,0.8963738207417441,0.17483996040971694
iris,P2_Full,,main,clean,0.0,15,0.05,7,0.8066666666666666,0.5369540334577616,0.5410363751734109,-0.04642852206902,1.0,0.18199235914331677,0.13410727679729462,1.0,0.009196199993311893,0.0021529999939957634,0.018365500000072643,,C,0.021987067761089163,0.9721046259086594,2.9062109760320447,3.1157926954388717,0.9747319137257676,0.09418363806505975,0.3395981119669594,0.3291398751281334,2.509555492638732,0.8863902439613757,0.1910491001511115
iris,P2_Full,,main,clean,0.0,15,0.1,15,0.76,0.4577042971166294,0.45042904720061616,-0.03925184633520046,1.0,0.18203842462814188,0.18690644949674606,1.0,0.008844299998600036,0.0019639000020106323,0.03342990000237478,,C,0.02547772542094775,0.9742532561579355,2.903381694216709,3.5044651001236047,0.9767019768339876,0.09510797524817415,0.33980923194737706,0.32926228700876586,2.5092731079868384,0.8858289777967415,0.1941198037085838
iris,P2_Full,,main,clean,0.0,15,0.15,22,0.7133333333333334,0.4018156914284954,0.37753966668976224,-0.03610036980217982,1.0,0.18129756060489324,0.18159470387867518,1.0,0.007409199999528937,0.0014528999963658862,0.047098600000026636,,C,0.026824509442409092,0.9789422566010849,2.887842745950848,3.4666132810265617,0.9809211568698766,0.09397494457519298,0.3414007298982113,0.33178551686014374,2.5034988337220927,0.8840316814166308,0.2005047569731754
iris,P2_Full,,main,clean,0.0,15,0.2,30,0.8933333333333333,0.7387328272950491,0.7282217481230558,-0.043585639143655985,1.0,0.174782892752307,0.13729360699653625,1.0,0.007011000001512002,0.0015723000033176504,0.06019679999735672,,C,0.034356274077960554,0.9814010987672948,2.8415227688199574,4.1991984888865765,0.9835954582365001,0.11798328523550869,0.3468210184806004,0.3293553149606299,2.5090586477400074,0.864060699493211,0.22964159880943422
iris,P2_Full,,main,clean,0.0,16,0.05,7,0.82,0.5599265307059716,0.5649259683492104,-0.036674337123008764,1.0,0.18314093046273938,0.19875426590442657,1.0,0.008296700005303137,0.0016357999993488193,0.015615199998137541,,C,0.023120840663243825,0.9703136018926418,2.8909326801397457,3.2825076823519046,0.9731395985756871,0.09519500051253396,0.3414290526656953,0.3302581306495201,2.5069836343115126,0.8902645296450123,0.18434572693673365
iris,P2_Full,,main,clean,0.0,16,0.1,15,0.82,0.5294559815708695,0.5496322704596721,-0.04325246699511908,1.0,0.1838741913084122,0.1675807312130928,1.0,0.007872399997722823,0.0017258000007132068,0.030000399994605687,,C,0.025779598190107313,0.9714068149286682,2.898390237233204,3.556378291023524,0.9741283358964864,0.09518075586992764,0.3404065615433508,0.3298532453462031,2.5079128097939685,0.8909205985169035,0.18353725344551605
iris,P2_Full,,main,clean,0.0,16,0.15,22,0.7933333333333333,0.5130448319379441,0.5171131764518812,-0.031378525903186676,1.0,0.18104376480076473,0.19005239009857178,1.0,0.007245900000270922,0.0018702999950619414,0.04395039999508299,,C,0.03227257911255363,0.9769331163653882,2.8913610662814078,4.179261305162168,0.9792720545331071,0.10139809975064472,0.3409762193571196,0.32935323383084575,2.5090634441087616,0.8843183036726368,0.1956249542012689
iris,P2_Full,,main,clean,0.0,16,0.2,30,0.9,0.751823353981513,0.7424064303816005,-0.02435871697936721,1.0,0.17834330257689493,0.2138793244957924,0.875,0.00743539999530185,0.003412699996260926,0.05906469999899855,,C,0.05012569605035752,0.9705025704595032,2.7451531223931744,6.195417968625501,0.9739391029312618,0.11650277754001101,0.3592727228169143,0.3473179133858268,2.4698016294721925,0.8748301211119784,0.21508623610669445
iris,P2_Full,,main,clean,0.0,17,0.05,7,0.8133333333333334,0.5580642795651518,0.557674707659001,-0.03861541161265971,1.0,0.18226217184685586,0.145708367228508,1.0,0.009554800002661068,0.00424850000126753,0.01973100000031991,,C,0.02225725026288292,0.9706679281403536,2.900498253953152,3.1587487170030792,0.9734616459273762,0.09524447507119413,0.34028046296058734,0.3296058149287112,2.5084817642069552,0.8876842724267214,0.18773764215431418
iris,P2_Full,,main,clean,0.0,17,0.1,15,0.8133333333333334,0.5206628132347684,0.5385855586912666,-0.03655266902104681,1.0,0.18234088486504466,0.1996285244822502,1.0,0.00882160000037402,0.0019567999988794327,0.035279999996419065,,C,0.025003765923912256,0.9698819249101667,2.898776623554007,3.4547729562482417,0.9728554548443041,0.0987290829599268,0.3403602490858026,0.32926228700876586,2.5092731079868384,0.8863589823007453,0.1892397969408991
iris,P2_Full,,main,clean,0.0,17,0.15,22,0.7933333333333333,0.5140809922618231,0.5169771729717426,-0.03890829516642573,1.0,0.18155338249012154,0.14747001443590438,1.0,0.007279499994183425,0.001954199993633665,0.04912299999705283,,C,0.030293856388824748,0.9790887264609581,2.880836416469592,3.9143819108816023,0.9811728540852183,0.09966526526320763,0.3422491821135954,0.3301271420674406,2.507283991962492,0.8859519122250704,0.19316212031373511
iris,P2_Full,,main,clean,0.0,17,0.2,30,0.8933333333333333,0.7356125873882284,0.7278450047294432,-0.03713827654813525,1.0,0.1789697925200498,0.17103087157011032,1.0,0.006974600000830833,0.0030130000013741665,0.06466340000042692,,C,0.04527232200897194,0.9694471405688466,2.7694803688681495,5.601644204710741,0.9728116727549747,0.11012167923953559,0.35604768851013463,0.3473179133858268,2.4698016294721925,0.8768574634216744,0.2123663807052813
iris,P2_Full,,main,clean,0.0,18,0.05,7,0.8133333333333334,0.6426583176523605,0.5923326221845838,-0.05313183006858539,1.0,0.18340523458092803,0.14734597504138947,1.0,0.007881500001531094,0.0016332000013790093,0.014348600001540035,,C,0.02358788081289374,0.9720199242650437,2.901995539281201,3.342935577993849,0.974601225187129,0.09225496551677949,0.3401013612643454,0.3299785667691734,2.5076249646992377,0.8897681557003322,0.18674371106763438
iris,P2_Full,,main,clean,0.0,18,0.1,15,0.7866666666666666,0.6216228635100164,0.5599780683897095,-0.03488584234156089,1.0,0.1811485599787099,0.19839075580239296,0.875,0.008421399994404055,0.0014326000018627383,0.027950399999099318,,C,0.0213016964574562,0.971929784819109,2.8853548679482577,2.9370561748725024,0.9746723961401527,0.09770538997901203,0.3419762553312082,0.33034571062740076,2.5067829457364343,0.8826927375810434,0.19540465779530236
iris,P2_Full,,main,clean,0.0,18,0.15,22,0.7666666666666667,0.6083404722426906,0.5396081627109436,-0.038841164317318676,1.0,0.18258691261550752,0.17722885949271067,1.0,0.007690099999308586,0.0010701999999582767,0.04024210000352468,,C,0.01874910612959382,0.9798679661470844,2.8874009819270516,2.420715165467149,0.9816981811927921,0.09091058852171845,0.3414541049949082,0.3304588170259812,2.5065239210438275,0.8891045622581082,0.18725879844047943
iris,P2_Full,,main,clean,0.0,18,0.2,30,0.74,0.5962740029600561,0.519360704217904,-0.042424574519012825,1.0,0.18301758132099252,0.1220623105764389,1.0,0.006261000002268702,0.0009740999958012253,0.05102030000125524,,C,0.017564738330549286,0.9829664610761845,2.881149465172951,2.1434327843467673,0.98452976977588,0.09177826796226045,0.34194262095586486,0.33009350393700787,2.507361162877376,0.8903942003913511,0.18505099366541908
iris,P2_Full,,main,clean,0.0,20,0.05,7,0.8266666666666667,0.6550256828579779,0.6109364906166366,-0.05422994664261083,1.0,0.18383057361434738,0.14045748114585876,1.0,0.007278400000359397,0.001559599993925076,0.013387899998633657,,C,0.021310978911345754,0.9715371152979233,2.908821662171395,3.0217480647314536,0.9741515759633917,0.09185508400972772,0.3392871731742732,0.3291398751281334,2.509555492638732,0.8917253708648599,0.18246044232695974
iris,P2_Full,,main,clean,0.0,20,0.1,15,0.86,0.6968857120628441,0.665565373391185,-0.031106573093946766,1.0,0.1860018672913011,0.2049526646733284,1.0,0.0073749000002862886,0.0014037000000826083,0.027053999998315703,,C,0.018270849340971767,0.9713925462565266,2.8973857773673073,2.520559317126089,0.9739634142217211,0.08986706710243085,0.3405270143987875,0.3302472175711612,2.5070086489710706,0.8971860612111592,0.17421261516755626
iris,P2_Full,,main,clean,0.0,20,0.15,22,0.8666666666666667,0.7081288291800827,0.6778813673827861,-0.04699100085898355,1.0,0.18947535568972035,0.1629470075879778,1.0,0.008852400002069771,0.0016238999960478395,0.04210590000002412,,C,0.017289032848516902,0.9773335748006223,2.905714340740147,2.237992178644526,0.9790903336209084,0.07750489125802888,0.3392550456069291,0.33233830845771145,2.502245508982036,0.9104637994604171,0.1552703067889787
iris,P2_Full,,main,clean,0.0,20,0.2,30,0.8866666666666667,0.7419116631817836,0.7163421126838476,-0.028648677385236996,1.0,0.19199227669102203,0.1805766187608242,0.875,0.007741600005829241,0.001408700001775287,0.055530899997393135,,C,0.017498051585183468,0.9843870768439498,2.9096644194162224,2.1322134256852916,0.9854965004429824,0.07105803237125868,0.33851438870936135,0.33181594488188976,2.503429736744531,0.9185991221020435,0.14346279971472348
iris,P2_Full,,main,clean,0.0,19,0.05,7,0.8133333333333334,0.5792518531864155,0.5647540617293481,-0.013573519502862794,1.0,0.18096114790205606,0.148755244910717,0.75,0.0075777999954880215,0.0019175999987055548,0.014597000001231208,,C,0.022284436032396077,0.9692505986962937,2.9006998594224966,3.1672315825999338,0.9722604881111504,0.0978844883881984,0.34025633662376703,0.3291398751281334,2.509555492638732,0.8835848566223001,0.19437842898456226
iris,P2_Full,,main,clean,0.0,19,0.1,15,0.7733333333333333,0.5558778290803323,0.5137551226453718,-0.03258104430553929,1.0,0.1815912294478628,0.14410041272640228,1.0,0.008205599995562807,0.0019220000031054951,0.029596599997603334,,C,0.020515240525128837,0.9770932340232418,2.8354199903865323,2.8136725885854545,0.9793406599797126,0.09811188356973613,0.3481228567396089,0.3349748842706589,2.4963246104087036,0.8834155036365212,0.19400027878864345
iris,P2_Full,,main,clean,0.0,19,0.15,22,0.72,0.5200482434612208,0.4581549915503455,-0.04515503045818126,1.0,0.1835834906382867,0.18000801971980504,1.0,0.013533299999835435,0.0028652000037254766,0.055653900002653245,,C,0.025442196891112344,0.9775362683213826,2.654482948575362,3.292701892356508,0.9795440470910498,0.0893786837553056,0.37206986500106526,0.3641791044776119,2.4364754098360657,0.8917408273129733,0.18591880475619804
iris,P2_Full,,main,clean,0.0,19,0.2,30,0.86,0.7015527750702963,0.6664858716814338,-0.04433777754025478,1.0,0.18125429985941097,0.16171986609697342,1.0,0.00849960000050487,0.004745500002172776,0.07375719999981811,,C,0.040241481712827605,0.9798570733385918,2.4795323231986184,4.926268921103331,0.9819505092600682,0.10392908422226221,0.3986034503121267,0.390378937007874,2.390403403718878,0.8835620438913376,0.19949547575997056
iris,P2_Full,,main,clean,0.0,22,0.05,7,0.82,0.5743347729792476,0.5728963024334366,-0.05067212251609401,1.0,0.18310253187129083,0.13999749720096588,1.0,0.008958200000051875,0.001585099998919759,0.01614500000141561,,C,0.02193010216986413,0.9726773504149565,2.913267214091961,3.105890223524116,0.9751710319842443,0.09126792632339797,0.33875898004367316,0.3288603112477868,2.5102011901388495,0.8902948739867724,0.18597732153283436
iris,P2_Full,,main,clean,0.0,22,0.1,15,0.7866666666666666,0.6195992198288597,0.5588789115646259,-0.032629447563337716,1.0,0.1839397425858893,0.1935507208108902,1.0,0.008861100002832245,0.0017615999968256801,0.031255699999746867,,C,0.023413355386237452,0.9756620791471882,2.9162033904927007,3.2158603719785703,0.9778532492249653,0.09003111198481875,0.33828422706806976,0.32867132867132864,2.5106382978723403,0.8914014348024519,0.18531833087427266
iris,P2_Full,,main,clean,0.0,22,0.15,22,0.7733333333333333,0.6110029082487279,0.5450938775510205,-0.050327014412791374,1.0,0.1866346099360964,0.14905322449547903,1.0,0.008032099998672493,0.0014339999979711138,0.04475040000397712,,C,0.019035349564579217,0.9842757212585711,2.9196703334945937,2.446666454018126,0.985549084054717,0.08098068070943676,0.3375977385806703,0.32846876727473745,2.5111073712554695,0.9014443380561734,0.1702746160735239
iris,P2_Full,,main,clean,0.0,22,0.2,30,0.74,0.5942284096544548,0.5177599921638091,-0.04513329934763834,1.0,0.18728238065805772,0.11602820456027985,1.0,0.007473800003936049,0.0012516999995568767,0.05753600000025472,,C,0.017582899733709044,0.9882460880734187,2.9146031441174847,2.1341860672310284,0.9891905327639304,0.08035152010759533,0.33792744191601237,0.328371062992126,2.5113338328962156,0.903359459912144,0.16744478729867085
iris,P2_Full,,main,clean,0.0,21,0.05,7,0.8266666666666667,0.5827056432697582,0.5778807306025459,-0.036734913130863245,1.0,0.18104142111706997,0.1315915584564209,1.0,0.00851649999822257,0.0017233000035048462,0.01875090000248747,,C,0.020958421718945634,0.9705164596404393,2.8971947485206444,2.974883201629349,0.9733856745783371,0.097315821061748,0.3406762751882913,0.3294194390084801,2.508910891089109,0.8840657192075149,0.1939793342537131
iris,P2_Full,,main,clean,0.0,21,0.1,15,0.8133333333333334,0.5348281685571266,0.5330269897396622,-0.030400849218704958,1.0,0.1817867172212385,0.18490830808877945,1.0,0.012887999997474253,0.003746100002899766,0.03986319999967236,,C,0.022558570439360354,0.9726108469725083,2.8981866526327704,3.1081746802089762,0.9752646946393829,0.09689411221335796,0.3404309682626771,0.3295577661774845,2.5085923490735205,0.8846359899508457,0.19410961434847948
iris,P2_Full,,main,clean,0.0,21,0.15,22,0.7666666666666667,0.4553805309911998,0.44549866138017213,-0.044379179963748176,1.0,0.17844762098963732,0.1783638937132699,1.0,0.007821799998055212,0.0021056999976281077,0.056084899995767046,,C,0.022054430385050918,0.9752008270811069,2.8576796427090487,2.8610962492604513,0.9778499445567314,0.1068228155950405,0.345083019225141,0.3306799336650083,2.5060180541624875,0.8758500997897962,0.2079089059776068
iris,P2_Full,,main,clean,0.0,21,0.2,30,0.7533333333333333,0.6023662384150944,0.5290583444858908,-0.043633829533146255,1.0,0.17075258133409166,0.18685907125473022,1.0,0.009272600000258535,0.0023236999986693263,0.07208890000038082,,C,0.030752433551243043,0.9742807118696698,2.7865598675312153,3.7861888192451536,0.9778213935495028,0.1376663950374867,0.3538171244609779,0.32861712598425197,2.510763758891801,0.8519799977081631,0.24234868387890893
iris,P2_Full,,main,clean,0.0,24,0.05,7,0.8266666666666667,0.5962194089839224,0.5922902198425094,-0.05904931381093143,1.0,0.18372371017530062,0.13867707550525665,1.0,0.008462700003292412,0.0018096999992849305,0.01561250000668224,,C,0.02050751957105573,0.9752632637755148,2.9095636766028536,2.8967133372325033,0.977444144695625,0.08816364860420006,0.3391988993648371,0.3294194390084801,2.508910891089109,0.8923317195168363,0.1824936727244796
iris,P2_Full,,main,clean,0.0,24,0.1,15,0.78,0.6152170261835382,0.5518147720362261,-0.03628918576669198,1.0,0.18520894720071715,0.2381892278790474,1.0,0.008295400002680253,0.0016383999973186292,0.029704300002777018,,C,0.022685041974103138,0.9759935245688675,2.9174290836444725,3.1147672766891183,0.9780758398162225,0.08673973209138613,0.3381391458029393,0.3291637939525264,2.509500299222023,0.8953265657203042,0.17872293359445496
iris,P2_Full,,main,clean,0.0,24,0.15,22,0.76,0.6034887518047177,0.5329306122448979,-0.05442090690119477,1.0,0.18712148238052392,0.15212930951799666,1.0,0.0077664999989792705,0.0012094999983673915,0.0424981000032858,,C,0.018060794989095304,0.987367266528241,2.922612045175497,2.314135694358608,0.9883283142933543,0.07607599473714816,0.33725042314243053,0.3291321171918187,2.509573396036278,0.9029364963595787,0.16882098525555236
iris,P2_Full,,main,clean,0.0,24,0.2,30,0.7333333333333333,0.5917628596963764,0.513604387353714,-0.04602387861733237,1.0,0.18776528487375832,0.10368915647268295,1.0,0.007211500000266824,0.001072099999873899,0.05467950000456767,,C,0.017612446038702274,0.9924545563755315,2.9213920773288367,2.1287072057842185,0.9930172816974598,0.07457816265482142,0.3371238445424562,0.32886318897637795,2.510194537972316,0.9045966554244317,0.166799234380839
iris,P2_Full,,main,clean,0.0,23,0.05,7,0.78,0.5293220406027405,0.5137053243128987,-0.04302716822076936,1.0,0.17985490369393778,0.17444712668657303,0.75,0.013259400002425537,0.004733599998871796,0.025722099999256898,,C,0.05145564802461773,0.9837603240283895,2.101735911241466,7.205398399011775,0.985347323391315,0.097723585476694,0.4722067403013565,0.46416922933556987,2.2885966673358764,0.879685746099204,0.20612557854949093
iris,P2_Full,,main,clean,0.0,23,0.1,15,0.8133333333333334,0.5332319626161788,0.5399284603759635,-0.03325381374326264,1.0,0.1814017366786415,0.19605858996510506,0.875,0.009118699999817181,0.0019453999993856996,0.04406929999822751,,C,0.023442524318115675,0.9706089306517317,2.894712938922085,3.2366299215157888,0.9734890133177152,0.09799176177825022,0.3408479431130593,0.3298532453462031,2.5079128097939685,0.883811748456895,0.1958441083232585
iris,P2_Full,,main,clean,0.0,23,0.15,22,0.7866666666666666,0.486246634180786,0.48775935275239407,-0.04061683197445636,1.0,0.17951454726726468,0.14381029776164464,1.0,0.012028700002701953,0.003837500000372529,0.06669809999584686,,C,0.022653810041771087,0.9789275905138725,2.8595559926957708,2.9276649205886534,0.9810484907470933,0.10064820706037879,0.34485168990965576,0.33178551686014374,2.5034988337220927,0.879171986928826,0.20237198461004607
iris,P2_Full,,main,clean,0.0,23,0.2,30,0.88,0.7277351910916086,0.7028455614106202,-0.03038921557375795,1.0,0.1756773396538165,0.20992955565452576,1.0,0.011507999995956197,0.0016241000048466958,0.08810619999712799,,C,0.02623663227433061,0.9725778323214167,2.8275163667592795,3.2358665785882597,0.9759076580551423,0.12142824640103853,0.348578037932985,0.328740157480315,2.5104790419161676,0.8676746404514597,0.21895457137926874
iris,P2_Full,,main,clean,0.0,25,0.05,7,0.8133333333333334,0.5507506447905753,0.5549480144286484,-0.05160828317950617,1.0,0.18276455422779353,0.14042404294013977,1.0,0.008997000004455913,0.0017943999991985038,0.0163992000016151,,C,0.022266763268683185,0.9711537557938049,2.912061417244147,3.15851793726772,0.973839685014963,0.09311192132878178,0.3389020860202013,0.3288603112477868,2.5102011901388495,0.8887057370393139,0.18778117524766738
iris,P2_Full,,main,clean,0.0,25,0.1,15,0.7666666666666667,0.4684845605214473,0.4622605731156793,-0.045254836388412045,1.0,0.18318117615206367,0.1880037561058998,1.0,0.00824300000385847,0.0016709000046830624,0.03049059999466408,,C,0.02463165413943479,0.9745953853562489,2.914056662285164,3.3868984840526206,0.9769404906698704,0.09231021003494772,0.3385386222918431,0.32867132867132864,2.5106382978723403,0.88929117446279,0.18848365233075504
iris,P2_Full,,main,clean,0.0,25,0.15,22,0.7133333333333334,0.4020519471250525,0.376756935082496,-0.03351404999397802,1.0,0.18133770089951362,0.1641816794872284,0.8571428571428571,0.011771699995733798,0.001301299998885952,0.051935199997387826,,C,0.027473143121316868,0.9767249283488072,2.8980827488368277,3.5584982783601737,0.9790036084060896,0.09790217153490731,0.3401680658575272,0.32846876727473745,2.5111073712554695,0.8843339979378788,0.19983182625110463
iris,P2_Full,,main,clean,0.0,25,0.2,30,0.8866666666666667,0.7352943572511146,0.7155592175135396,-0.03115836003628053,1.0,0.17556827284160126,0.15192291885614395,1.0,0.012258099995960947,0.0037121999994269572,0.0720660000006319,,C,0.039880180333271134,0.981869828172975,2.8571228580107215,4.872031452567867,0.9839918663846117,0.1170445725436314,0.34488435896525127,0.328371062992126,2.5113338328962156,0.865782266089623,0.23002474281830151
iris,P2_Full,,main,clean,0.0,26,0.05,7,0.8333333333333334,0.6189010547195583,0.5993662364287952,-0.04000686278562318,1.0,0.18153696214239312,0.14610713720321655,0.75,0.008566800002881791,0.0017507999946246855,0.019580200001655612,,C,0.021432496068788238,0.9696576475466724,2.9026595906855817,3.0448687395967893,0.972597621409731,0.09689340559802623,0.3400219881664427,0.3288603112477868,2.5102011901388495,0.8854486143545492,0.19066912087987772
iris,P2_Full,,main,clean,0.0,26,0.1,15,0.78,0.5595919216605831,0.520420457519205,-0.03436267291558208,1.0,0.1818241521576131,0.15172303467988968,1.0,0.00910200000362238,0.003674499996122904,0.036903499996697064,,C,0.01918522875586688,0.9798890780007768,2.858600111993571,2.6237534183297493,0.9818102154850542,0.09552707152618681,0.34524285599662996,0.33221707869595196,2.5025200118588793,0.8842976505133875,0.19161497344869882
iris,P2_Full,,main,clean,0.0,26,0.15,22,0.72,0.5200482434612208,0.4581549915503455,-0.0505102980711888,1.0,0.1829599731513561,0.16464505876813615,1.0,0.007266900000104215,0.0016673000063747168,0.05054930000187596,,C,0.0239352466384763,0.9733560416729652,2.691942217831305,3.1109774390619704,0.9757666572564788,0.09047512963070578,0.3667885436018106,0.3603095632946379,2.443847806075483,0.8902772670895335,0.18670117956287696
iris,P2_Full,,main,clean,0.0,26,0.2,30,0.8733333333333333,0.7206021232401235,0.6906098592632469,-0.031112026630710575,1.0,0.18338246984965734,0.15863242745399475,1.0,0.00742770000215387,0.0018523999970057048,0.06423399999766843,,C,0.034593018858263526,0.9757990062334821,2.533189052697269,4.252408492429728,0.977879484526766,0.08596664721108367,0.3899936501787873,0.390378937007874,2.390403403718878,0.8899069123701382,0.19261923865220668
iris,P2_Full,,main,clean,0.0,27,0.05,7,0.8066666666666666,0.635180813172581,0.5828577799714192,-0.06436897679455597,1.0,0.1835965490487942,0.1395915150642395,1.0,0.007857700002205092,0.001688800002739299,0.0142965000050026,,C,0.021515538390874885,0.9712419932821535,2.898727124429512,3.0516801743480078,0.9739120494461994,0.09284566174013767,0.3404925601232421,0.3302581306495201,2.5069836343115126,0.8904971056061546,0.1840999007308438
iris,P2_Full,,main,clean,0.0,27,0.1,15,0.78,0.6156436477147474,0.552063405301995,-0.036727888643380655,1.0,0.18490907014062394,0.23344742506742477,1.0,0.008015999999770429,0.0013532000011764467,0.027558600006159395,,C,0.022069700258263124,0.9754864230197334,2.899600253365245,3.031853122006672,0.9777001948013948,0.09030798660854099,0.3402615696015138,0.3298532453462031,2.5079128097939685,0.8940950949699961,0.17948469748356957
iris,P2_Full,,main,clean,0.0,27,0.15,22,0.76,0.6042424494301821,0.5334485795361884,-0.03681309914913706,1.0,0.18810024961247251,0.1433121051107134,1.0,0.007208100003481377,0.00104750000173226,0.03951970000343863,,C,0.019196237239044817,0.984214203512975,2.911393931813118,2.4675000145970287,0.9854499786336529,0.07828398913502511,0.33857866343996124,0.32979546710889995,2.508045591686222,0.9058836485838437,0.1642250707142758
iris,P2_Full,,main,clean,0.0,27,0.2,30,0.7333333333333333,0.592256034562935,0.5140089370168629,-0.031075849811553004,1.0,0.18992942458849757,0.1520422399044037,1.0,0.006853799997770693,0.0009491000018897466,0.051063700004306156,,C,0.019035949243725307,0.9879838659711032,2.907639562009078,2.3111682905892503,0.9888882184946547,0.07526152099973739,0.3387556108799765,0.3302165354330709,2.5070789865871834,0.9111942906241874,0.1572901803891207
iris,P2_Full,,main,clean,0.0,28,0.05,7,0.8533333333333334,0.6806461729990796,0.6522271369579056,-0.04369838085704933,1.0,0.18261056489918337,0.14557702094316483,0.75,0.0077671000035479665,0.0016881000046851113,0.014229699998395517,,C,0.021017247649915645,0.9702270577836584,2.9069009607758973,2.9841229266218985,0.9730537098022438,0.09494029841074811,0.3395158788800992,0.3287671232876712,2.510416666666667,0.8874557157484256,0.1883190730567787
iris,P2_Full,,main,clean,0.0,28,0.1,15,0.86,0.6890518004413542,0.6638956080488512,-0.03489899951293038,1.0,0.1843257426267618,0.23794209212064743,1.0,0.010889100005442742,0.001295199996093288,0.0342672999977367,,C,0.02168547905535863,0.9730189089155672,2.9096232234087682,2.9866249787221792,0.9755067658416705,0.09220742475973032,0.3390651893323595,0.32886831478380774,2.5101826894279724,0.8920863660759384,0.1809768561783593
iris,P2_Full,,main,clean,0.0,28,0.15,22,0.8733333333333333,0.7060205214031219,0.6882069564720807,-0.04103434412948043,1.0,0.18871650928673506,0.1516000202723912,1.0,0.010985300003085285,0.002831600002537016,0.051949799999420065,,C,0.01855596501645059,0.9777810874000854,2.9231382266402126,2.400891841691011,0.9795811048272436,0.08101284970917608,0.3371883728270125,0.32846876727473745,2.5111073712554695,0.9081444722308515,0.15860587828970846
iris,P2_Full,,main,clean,0.0,28,0.2,30,0.8933333333333333,0.7356125873882284,0.7278450047294432,-0.04241066340422381,1.0,0.1909977617595744,0.16247588396072388,1.0,0.007103399999323301,0.0010206000006292015,0.06390670000109822,,C,0.017574400653297535,0.9815941578944577,2.92779465655492,2.1476101247580814,0.9829932539405247,0.07601369380679958,0.33636939404559707,0.328371062992126,2.5113338328962156,0.9154646759884559,0.14769907309403854
iris,P2_Full,,main,clean,0.0,29,0.05,7,0.8066666666666666,0.5616465127593134,0.5472467505617489,-0.0403817257022851,1.0,0.18233629790131234,0.12955917418003082,1.0,0.007758100000501145,0.0028858000005129725,0.015050300004077144,,C,0.04394526636514711,0.9804518927799009,2.1337834867294228,6.174475357823754,0.982093029970011,0.08395376450681258,0.4650117342508786,0.4649147330164943,2.2877330126277813,0.8871147591870533,0.19494873572335833
iris,P2_Full,,main,clean,0.0,29,0.1,15,0.8266666666666667,0.5541509842715532,0.5713240791911837,-0.042382506760400784,1.0,0.18174902851797772,0.19143128395080566,1.0,0.007469200005289167,0.0013980000003357418,0.028679200004262384,,C,0.022217732446057098,0.9700288471408239,2.900110849153451,3.0693614576757886,0.9729863019868007,0.09867671290032905,0.34020042301831815,0.3287698217275682,2.5104104254044337,0.8847854421189348,0.19407390728399704
iris,P2_Full,,main,clean,0.0,29,0.15,22,0.7666666666666667,0.4896760294019601,0.4808362369337979,-0.031025566230243225,1.0,0.18231914567719926,0.1727941972868783,1.0,0.007073799999488983,0.0019739999988814816,0.044683900006930344,,C,0.02796534828666167,0.9716741603668008,2.82524645456548,3.6410803449617806,0.97460833160974,0.10358638193729958,0.34913016392173624,0.33543394140409066,2.4953032300593274,0.8882460627174752,0.18914115062152137
iris,P2_Full,,main,clean,0.0,29,0.2,30,0.8733333333333333,0.7060205214031219,0.6882069564720807,-0.027925121129023907,1.0,0.1811318884740454,0.15903227031230927,1.0,0.012412999996740837,0.005158700005267747,0.06679170000279555,,C,0.045735369859262305,0.9764066980814597,2.6602261347902187,5.61860278651659,0.978885188257502,0.1050505853144119,0.37099378145429573,0.36158956692913385,2.4413916298060565,0.8834578776289027,0.20380626194286577
wine,P2_Full,,main,clean,0.0,0,0.05,8,0.9550561797752809,0.8207929701699325,0.8722713222568403,-0.02116744254603891,1.0,0.13717869368290297,0.3156657934188843,0.8,0.014916799998900387,0.0012490000008256175,0.024319100004504435,,B,0.15141822275419276,0.9349838712508822,2.663176969929345,26.49818898198373,0.9506876816666966,0.241537149595783,0.3719022516529758,0.33307060755336615,2.5005915992900807,0.7453917564061634,0.43010719892812854
wine,P2_Full,,main,clean,0.0,0,0.1,17,0.9438202247191011,0.8084473541167332,0.8516141795363069,-0.01630124814326555,1.0,0.13835954962653904,0.31270694732666016,1.0,0.010496599999896716,0.002972299997054506,0.042439099997864105,,B,0.15550090208653858,0.939589993900942,2.6633017884867094,26.43515335471156,0.9541222782599955,0.24056088216948704,0.37177836243091605,0.33358858336233904,2.49942612687813,0.749214581397224,0.4250796895260126
wine,P2_Full,,main,clean,0.0,0,0.15,26,0.9101123595505618,0.7405145246893301,0.7791268534477213,-0.02105524366576255,1.0,0.14036486985154584,0.27348988586001927,0.6666666666666666,0.009174999999231659,0.0012497000061557628,0.05715090000012424,,B,0.164172636577241,0.9408778567932478,2.660342901755436,26.4317944889358,0.9552547364319329,0.24317250456243805,0.371990714509405,0.3338509316770186,2.4988372093023257,0.7559047192414757,0.41551967615762186
wine,P2_Full,,main,clean,0.0,0,0.2,35,0.9943820224719101,0.973263736046785,0.9816911130140138,-0.012828423064926375,1.0,0.13675162884317651,0.23998441961076525,0.8888888888888888,0.008293300001241732,0.0012601999987964518,0.07058649999817135,,B,0.1956777030714244,0.9415168573221327,2.6134909843379326,29.74301086685651,0.9570393781417227,0.2654187191186007,0.37854143563973874,0.3341756709654932,2.498109517601043,0.746655092504996,0.4297807718459975
wine,P2_Full,,main,clean,0.0,1,0.05,8,0.9775280898876404,0.9087631994688335,0.9308728982369983,-0.018669586071482912,1.0,0.13640391445839062,0.32079231142997744,0.6,0.009344999998575076,0.0015582999985781498,0.015531400000327267,,B,0.15082149937755285,0.93360472582937,2.6521873115835395,26.393762391071746,0.9498670088767079,0.24493133359981928,0.3734670874477879,0.33307060755336615,2.5005915992900807,0.7425969808412392,0.4330657567236323
wine,P2_Full,,main,clean,0.0,1,0.1,17,0.9887640449438202,0.9537059433155869,0.9636510381114426,-0.03202642468277651,1.0,0.14087764475737768,0.26410169733895195,0.8888888888888888,0.013378799994825386,0.0013820000021951273,0.03453740000259131,,B,0.14381473785382753,0.9413143956652985,2.673933097352049,24.44850543515068,0.9549715958899793,0.23271806398703274,0.37027668022447685,0.33358858336233904,2.49942612687813,0.7572955289818766,0.4103549813990681
wine,P2_Full,,main,clean,0.0,1,0.15,26,0.9887640449438202,0.9537059433155869,0.9636510381114426,-0.03671876776967453,1.0,0.1461657381969658,0.22425231999821132,0.7777777777777778,0.008753399997658562,0.0013161000024410896,0.04840810000314377,,B,0.14088210140302995,0.9477004502076585,2.686010847548634,22.682018325887825,0.9594690023661606,0.22502205478307097,0.3683761862338888,0.3338509316770186,2.4988372093023257,0.7732254437973933,0.3859535707672672
wine,P2_Full,,main,clean,0.0,1,0.2,35,0.9887640449438202,0.9537059433155869,0.9636510381114426,-0.023934220769206576,1.0,0.15005499521565935,0.30883857276704574,0.8888888888888888,0.007964699994772673,0.0011946000013267621,0.06165260000125272,,B,0.1392584000960159,0.9519228199303181,2.6960142492504584,21.167276814594416,0.9624669136265973,0.21931597654015575,0.3667518143976904,0.3341756709654932,2.498109517601043,0.7867354803264904,0.3641468580564202
wine,P2_Full,,main,clean,0.0,4,0.05,8,0.9213483146067416,0.7374606655193022,0.7790545884371455,-0.03860214861997526,1.0,0.1365740877810004,0.3177900969982147,0.6,0.009205199996358715,0.0013371000022743829,0.015418700000736862,,B,0.14927397685085705,0.9343168920747748,2.647935171187033,26.122945948899982,0.9503681069149325,0.24437355885215847,0.3740760419627374,0.334055829228243,2.498377900117971,0.7431205896502971,0.4320460517275347
wine,P2_Full,,main,clean,0.0,4,0.1,17,0.8539325842696629,0.609085326378521,0.6207106850707633,-0.029854715582123312,1.0,0.13371236396703823,0.2806236147880554,0.6666666666666666,0.009445299998333212,0.0014607999983127229,0.030765799994696863,,B,0.16239807491591313,0.9368441339540284,2.6282132598279304,27.60767273570523,0.953015190868299,0.2560499590410099,0.37682086805912085,0.3326139923424991,2.5016220175805777,0.7358141445602615,0.4444585939005457
wine,P2_Full,,main,clean,0.0,4,0.15,26,0.9831460674157303,0.9282018683135121,0.9486690649426885,-0.018812563637909945,1.0,0.12660012590334738,0.29063258899582756,0.6666666666666666,0.008689399997820146,0.0015378000025521033,0.0454226000001654,,B,0.19789903550246318,0.9345366982058599,2.5556989789792244,31.86174471589657,0.9536675885815297,0.29223839695452586,0.3874779031202289,0.3299689440993789,2.5076470588235296,0.7148596963615182,0.4736987582809828
wine,P2_Full,,main,clean,0.0,4,0.2,35,0.9887640449438202,0.9471420581416141,0.9650516223023584,-0.02022710761912685,1.0,0.14974005130026635,0.29210158851411605,0.7777777777777778,0.014489400004094932,0.002984300001116935,0.06708109999453882,,B,0.1390504857555255,0.9461706135636654,2.6869833575783217,21.135673834839878,0.9582977218126087,0.2252878780865618,0.3680067172710155,0.3329557337051237,2.500850562679927,0.7859165950611886,0.3641869007727781
wine,P2_Full,,main,clean,0.0,2,0.05,8,0.9438202247191011,0.8017223275317318,0.8301692191254648,-0.020716364943147512,1.0,0.13691380989657406,0.31604909896850586,0.6,0.016553499997826293,0.00241719999758061,0.027376900005037896,,B,0.14999703983254084,0.9346269940286819,2.6560020681184713,26.249481970694646,0.9505231499948849,0.24316085408673496,0.3729224305298134,0.3333333333333333,2.5,0.7438447840930243,0.43143262486857303
wine,P2_Full,,main,clean,0.0,2,0.1,17,0.9831460674157303,0.9276465009452134,0.9471317617859916,-0.022288427629484096,1.0,0.13748874381621964,0.270175920592414,0.8888888888888888,0.010653400000592228,0.0028105000019422732,0.04540650000126334,,B,0.14889711312997955,0.9398569744266885,2.6500128958128863,25.312509232096524,0.9544450069580147,0.24255568109961806,0.37367237406601156,0.3339366515837104,2.4986449864498645,0.7473003540670351,0.4260283271796444
wine,P2_Full,,main,clean,0.0,2,0.15,26,0.9887640449438202,0.9537059433155869,0.9636510381114426,-0.025868455949506437,1.0,0.14673822799539135,0.2739684018823836,0.7777777777777778,0.009026699997775722,0.0014345000017783605,0.06252600000152597,,B,0.14041819399042146,0.9468392125539393,2.69312657099209,22.607329232457857,0.958667119475295,0.2224930722359372,0.3673863566563896,0.3342391304347826,2.497967479674797,0.7748837464365197,0.3841396936129342
wine,P2_Full,,main,clean,0.0,2,0.2,35,0.9887640449438202,0.9537059433155869,0.9636510381114426,-0.019654181375224844,1.0,0.15140705455434694,0.2626320487923092,0.8888888888888888,0.011961399999563582,0.0029018999994150363,0.08440830000472488,,B,0.1349117584768068,0.9540342264701063,2.709911381382436,20.506587288474634,0.9637829036505312,0.21208556784288463,0.3648370534768705,0.33461136284419657,2.4971354166666666,0.790903115987634,0.3586911062205454
wine,P2_Full,,main,clean,0.0,5,0.05,8,0.9382022471910112,0.7871017147913135,0.8144408026321565,-0.020443086893834263,1.0,0.13604507289378504,0.3131236135959625,0.6,0.009997700006351806,0.0013840000028721988,0.016146800000569783,,B,0.14895219300849102,0.9351482357302361,2.652140062310935,26.06663377648593,0.9510219547310302,0.2447692700350335,0.3734738433488136,0.33274220032840723,2.5013324121594946,0.741459547565598,0.4344619136689209
wine,P2_Full,,main,clean,0.0,5,0.1,17,0.9044943820224719,0.7248845582969025,0.7262789602145694,-0.019248341479027913,1.0,0.13502013955863956,0.28856778475973344,0.6666666666666666,0.009517699996649753,0.0013644999999087304,0.03136800000356743,,B,0.15158251316844576,0.9377115249389446,2.6342137994476866,25.76902723863578,0.9532835123361464,0.24999789097322095,0.3759490198057948,0.3333101287852419,2.5000522138680035,0.7399294284051592,0.43641974314337534
wine,P2_Full,,main,clean,0.0,5,0.15,26,0.9775280898876404,0.9217605071157148,0.9283984456926366,-0.015392953632149141,1.0,0.13259646478690523,0.30305322011311847,0.7777777777777778,0.008984300002339296,0.0017303999993600883,0.04664550000597956,,B,0.15791328545453465,0.9418647051998905,2.5751181732889137,25.424038958180077,0.9574732601297193,0.2684867253790791,0.3845087661170626,0.33354037267080744,2.499534450651769,0.7322730534928661,0.4449729470273603
wine,P2_Full,,main,clean,0.0,5,0.2,35,0.9831460674157303,0.9368558046598949,0.9458850914799445,-0.014385818154983706,1.0,0.15113845763553313,0.29849352108107674,0.7777777777777778,0.009572399998432957,0.0014088999960222282,0.061830900005588774,,B,0.13653513286516847,0.9468760923490513,2.706795003371911,20.753340195505608,0.9584834312161802,0.21849557723417187,0.36526472104475366,0.3329557337051237,2.500850562679927,0.7900343901867243,0.35930442305926447
wine,P2_Full,,main,clean,0.0,3,0.05,8,0.9382022471910112,0.786990913949364,0.8146116533760018,-0.04079098003197262,1.0,0.1351164261432101,0.23060503005981445,0.6,0.015176400003838353,0.0010526999976718798,0.02230799999961164,,B,0.15030614441669984,0.9321140912118371,2.6386621318298085,26.303575272922473,0.9489982932412417,0.2487143846315972,0.3754108529439796,0.33379310344827584,2.49896694214876,0.7387147813190437,0.4376072524984134
wine,P2_Full,,main,clean,0.0,3,0.1,17,0.9044943820224719,0.7242329133343136,0.7265056882239206,-0.02360947383537974,1.0,0.1332678686884083,0.28758504986763,0.7777777777777778,0.014704699999128934,0.0011804999958258122,0.04571410000062315,,B,0.15512499961899476,0.9356619935646997,2.6127392718191933,26.37124993522911,0.952206437334155,0.2571488407259368,0.3790876398403282,0.3338670379394361,2.498801084236864,0.7345912590714253,0.44306864765598614
wine,P2_Full,,main,clean,0.0,3,0.15,26,0.8539325842696629,0.6474197129956342,0.6136140037227708,-0.012238935353217892,1.0,0.13109399981902775,0.2961966163582272,0.7777777777777778,0.015483899995160755,0.0027161999969393946,0.0718914999961271,,B,0.16135469874179872,0.9398868267854302,2.556295692267405,25.978106497429593,0.9564031945064378,0.2747545477603341,0.38738599564941867,0.3341614906832298,2.4981412639405205,0.7277498547338012,0.4504440245405705
wine,P2_Full,,main,clean,0.0,3,0.2,35,0.9943820224719101,0.973263736046785,0.9816911130140138,-0.016306347005844688,1.0,0.11862158134701258,0.30143488778008354,0.6666666666666666,0.01379340000130469,0.008443499995337334,0.10013500000059139,,B,0.17869040352030222,0.9423230160214475,2.3314936688988017,27.160941335085937,0.9620229818617982,0.3415567958212974,0.42512753706136813,0.332607180202161,2.501637411579775,0.6930056130477995,0.4902710036053714
wine,P2_Full,,main,clean,0.0,6,0.05,8,0.9157303370786517,0.7348183704662697,0.7623542822214096,-0.027594491774907703,1.0,0.1362228330750008,0.30204451084136963,0.8,0.010095300000102725,0.0015227000039885752,0.016813300004287157,,B,0.15141556638552303,0.9341766687994713,2.6590169979708533,26.497724117466532,0.9502579563309445,0.24430984026745756,0.37249307556429107,0.33241379310344826,2.5020746887966805,0.7420950681501186,0.4343241072562517
wine,P2_Full,,main,clean,0.0,6,0.1,17,0.8595505617977528,0.6227698217360871,0.6264095973150134,-0.022517859427368263,1.0,0.13501013606026777,0.3568389117717743,0.6666666666666666,0.009991300001274794,0.0014771999994991347,0.03307700000004843,,B,0.1574101739515752,0.9353165583680799,2.6439161766252997,26.759729571767785,0.951660179126999,0.25267085897998653,0.37454768577776876,0.3305951966585451,2.5062118340703305,0.7398913135140829,0.4369733751574668
wine,P2_Full,,main,clean,0.0,6,0.15,26,0.797752808988764,0.5391514157865239,0.5042743411325761,-0.024725949469505737,1.0,0.1332229418390248,0.2980976965692308,0.6666666666666666,0.009403600000950973,0.0018433000004733913,0.04966730000160169,,B,0.17246556713851272,0.9328286250628983,2.6092053411148144,27.766956309300546,0.9509101503852806,0.26918498153884124,0.37940381733047795,0.33043478260869563,2.5065789473684212,0.7350779826187263,0.44240045675375206
wine,P2_Full,,main,clean,0.0,6,0.2,35,0.9831460674157303,0.9282018683135121,0.9486690649426885,-0.023331672028412118,1.0,0.12460897748719318,0.3493109544118245,0.5555555555555556,0.00906550000217976,0.002376700002059806,0.06554419999883976,,B,0.20703924511292782,0.9323656807170126,2.481078400455127,31.46996525716503,0.953734383381847,0.31594466967910195,0.39909723674599745,0.33034158243290346,2.5067924030598787,0.7110228983560191,0.4724076775666834
wine,P2_Full,,main,clean,0.0,7,0.05,8,0.9157303370786517,0.7324226887228483,0.7583113730194622,-0.01918161574292651,1.0,0.13594193885306494,0.31998377442359927,0.6,0.013691000000108033,0.003385399999388028,0.026479800006200094,,B,0.15597124700657414,0.934471898944232,2.6497898361989614,27.294968226150473,0.9505785992286432,0.24579836779801492,0.3738101926747951,0.334055829228243,2.498377900117971,0.7411752904762563,0.43713249241556257
wine,P2_Full,,main,clean,0.0,7,0.1,17,0.9157303370786517,0.7513606125691488,0.7542827058691889,-0.016123168726536397,1.0,0.1343249075715221,0.27998824914296466,0.7777777777777778,0.012538400005723815,0.0038036999976611696,0.047425500000827014,,B,0.16267105457358996,0.9346745267961717,2.6230097991259966,27.65407927751029,0.9512638336725833,0.2539485144585123,0.37758013410821195,0.33539853811347026,2.4953819012038188,0.7377425563767607,0.4415013605647158
wine,P2_Full,,main,clean,0.0,7,0.15,26,0.9887640449438202,0.9537059433155869,0.9636510381114426,-0.0155613669400709,1.0,0.1377334788086894,0.33634155326419407,0.7777777777777778,0.009635899994464125,0.0020443000030354597,0.06740379999973811,,B,0.15259339856208226,0.9452478104762768,2.6087561452662134,24.567537168495242,0.9591178939647222,0.25332472745105056,0.3794702221932154,0.3347826086956522,2.4967532467532467,0.747697708740254,0.42435309871110793
wine,P2_Full,,main,clean,0.0,7,0.2,35,0.9887640449438202,0.9537059433155869,0.9636510381114426,-0.019018907885013422,1.0,0.15168994214652057,0.26776296893755597,0.7777777777777778,0.009172799997031689,0.0032576000012340955,0.0848857000019052,,B,0.13492732865590867,0.9529931498571947,2.7017656160263592,20.508953955698118,0.9630189779648364,0.21328440593623055,0.36595699610949955,0.3352213314743813,2.4957759292955553,0.7916902624840212,0.3574192559340562
wine,P2_Full,,main,clean,0.0,9,0.05,8,0.9775280898876404,0.9087631994688335,0.9308728982369983,-0.011613605987549772,1.0,0.13811427990708902,0.3185495972633362,0.6,0.010152700000617187,0.001436500002455432,0.01667559999623336,,B,0.1476056083104214,0.935327395066145,2.6680356245574632,25.830981454323748,0.9507987088813177,0.23922515307673473,0.3712145292396118,0.33274220032840723,2.5013324121594946,0.747754985777065,0.4254375882822062
wine,P2_Full,,main,clean,0.0,9,0.1,17,0.9887640449438202,0.9537059433155869,0.9636510381114426,-0.02595941541641595,1.0,0.1409990314153135,0.26432322131262886,0.8888888888888888,0.009913499998219777,0.0014712000047438778,0.03237300000182586,,B,0.14424883819051898,0.9408396627650893,2.67879514261647,24.522302492388228,0.9545755985689439,0.23218149939397234,0.3695938838996969,0.3333101287852419,2.5000522138680035,0.757605927780804,0.4100341200057313
wine,P2_Full,,main,clean,0.0,9,0.15,26,0.9887640449438202,0.9537059433155869,0.9636510381114426,-0.036840297782184644,1.0,0.1462268135923804,0.2242563267548879,0.7777777777777778,0.009641199998441152,0.0013242999993963167,0.04787239999859594,,B,0.14136574976805522,0.9471682900515593,2.6921951433905456,22.75988571265689,0.9590188110008369,0.22430697323336052,0.3675156248546421,0.33354037267080744,2.499534450651769,0.773409687362842,0.38581273069966454
wine,P2_Full,,main,clean,0.0,9,0.2,35,0.9887640449438202,0.9537059433155869,0.9636510381114426,-0.02924245580511141,1.0,0.15008172080502352,0.30892715851465863,0.8888888888888888,0.009031399997184053,0.0013650999972014688,0.06267909999587573,,B,0.13971354667873148,0.9514156497073324,2.702498081362274,21.236459095167184,0.9620327031041277,0.2185282572029702,0.36585601488039826,0.3338271174625305,2.4988906290785695,0.7869945840114441,0.36393183995696693
wine,P2_Full,,main,clean,0.0,8,0.05,8,0.9438202247191011,0.8089710469087669,0.8393346789301926,-0.01905227390239257,1.0,0.1368302279992364,0.31884283423423765,0.6,0.01640409999527037,0.001651400001719594,0.02320309999777237,,B,0.15069034802162393,0.9345728991802008,2.656488476130755,26.37081090378419,0.9504853261166173,0.24320849826806232,0.372853095425155,0.33307060755336615,2.5005915992900807,0.7436922731072625,0.4318169766165047
wine,P2_Full,,main,clean,0.0,8,0.1,17,0.9044943820224719,0.7316027043110153,0.7452604948452362,-0.019073291755266886,1.0,0.1364712538377477,0.2805582781632741,0.6666666666666666,0.016833699999551754,0.002361999999266118,0.050909199999296106,,B,0.15672718996287613,0.9350335878494918,2.6508195085700805,26.643622293688942,0.951040268566767,0.24638394190820498,0.37355686949865263,0.33358858336233904,2.49942612687813,0.7443126174318307,0.43083975621300796
wine,P2_Full,,main,clean,0.0,8,0.15,26,0.9887640449438202,0.9537059433155869,0.9636510381114426,-0.020810806238977228,1.0,0.13436394781449626,0.3091600206163194,0.5555555555555556,0.014977899998484645,0.0033829000021796674,0.07395469999755733,,B,0.1688086378544723,0.9396584186393051,2.6061909257409988,27.17819069457004,0.9555816639134759,0.2638851172790599,0.3798498785857949,0.33183229813664594,2.503392606457651,0.7380713763943527,0.43801657646252923
wine,P2_Full,,main,clean,0.0,8,0.2,35,0.9887640449438202,0.9537059433155869,0.9636510381114426,-0.02586604120639431,1.0,0.1510072354130402,0.2748713062869178,0.6666666666666666,0.01049129999591969,0.0016094999955384992,0.09049070000037318,,B,0.13642345716765136,0.9489543552785352,2.7073271802030074,20.736365489483006,0.9600613604195952,0.21758967296164852,0.3651916195101187,0.3329557337051237,2.500850562679927,0.7895631415881674,0.35976254234133853
wine,P2_Full,,main,clean,0.0,10,0.05,8,0.9382022471910112,0.8058324761423736,0.824848761293365,-0.028822876297049903,1.0,0.1368963203985291,0.3005208134651184,0.8,0.011226800001168158,0.0016609000012977049,0.018104000002495013,,B,0.15160569292453707,0.9362976800906148,2.6686539764533435,26.530996261793987,0.9516871361764317,0.24158391888565592,0.371127183725162,0.3316256157635468,2.503862150920974,0.7440448597849315,0.4319647941910978
wine,P2_Full,,main,clean,0.0,10,0.1,17,0.9101123595505618,0.7450375258955847,0.7577448645279736,-0.027301422795255145,1.0,0.13740251990900934,0.26824527647760177,0.6666666666666666,0.01357819999975618,0.0015659999990020879,0.0426147000034689,,B,0.15405472796020853,0.9402014357807024,2.6670420682681026,26.18930375323545,0.9546793144090847,0.24211080679609706,0.3712486794004181,0.33122171945701356,2.5047814207650276,0.74711944764324,0.42700204529293423
wine,P2_Full,,main,clean,0.0,10,0.15,26,0.9775280898876404,0.9087631994688335,0.9308728982369983,-0.024200562730195434,1.0,0.13551576878062724,0.3015081021520827,0.6666666666666666,0.012828799997805618,0.0036169000013615005,0.067710100003751,,B,0.16734385781635946,0.9450722734948563,2.6255164257929833,26.94236110843387,0.9592028873601287,0.25725830585667914,0.37700793360675044,0.3312111801242236,2.504805438349742,0.7414078629111476,0.4337677946347905
wine,P2_Full,,main,clean,0.0,10,0.2,35,0.9887640449438202,0.9537059433155869,0.9636510381114426,-0.019073874295321126,1.0,0.15091286849872088,0.2823316686683231,0.7777777777777778,0.012135100005252752,0.0032356000010622665,0.09133420000580372,,B,0.13546769693504537,0.9524548023560724,2.716615061327979,20.5910899341269,0.9627198881459738,0.21590163252192116,0.36392041787926244,0.3312129661903102,2.5048013680610364,0.789292617485849,0.36027000007098764
wine,P2_Full,,main,clean,0.0,13,0.05,8,0.9775280898876404,0.9087631994688335,0.9308728982369983,-0.030470071255755717,1.0,0.1361203202533633,0.322218257188797,0.6,0.011148100005812012,0.0015409999978146516,0.018045700002403464,,B,0.15048189407350085,0.9353064856806581,2.6422947691610053,26.33433146286265,0.9512271980767912,0.2460944124560128,0.3748868354417909,0.334055829228243,2.498377900117971,0.7415002440214508,0.4349293478842122
wine,P2_Full,,main,clean,0.0,13,0.1,17,0.9887640449438202,0.9537059433155869,0.9636510381114426,-0.03144396911829771,1.0,0.14129421594320807,0.2647088865439097,0.8888888888888888,0.011459999994258396,0.0017052999974112026,0.03613939999922877,,B,0.14304171773042634,0.9408867300616034,2.6700329203749504,24.31709201417248,0.9546027511088774,0.2320294759800603,0.3708261950047817,0.33470240167072746,2.496932196339434,0.7585068102573354,0.4084866690450392
wine,P2_Full,,main,clean,0.0,13,0.15,26,0.9887640449438202,0.9537059433155869,0.9636510381114426,-0.023453062329967876,1.0,0.14655369156274492,0.22382230228847927,0.7777777777777778,0.010596599997370504,0.0014612000013585202,0.05293810000148369,,B,0.14014447533801264,0.9472336314230265,2.6814122820938526,22.563260529420035,0.9590706614402271,0.22432906293206797,0.3690186622343069,0.33509316770186337,2.4960611677479148,0.77437224865502,0.3842074566866356
wine,P2_Full,,main,clean,0.0,13,0.2,35,0.9887640449438202,0.9537059433155869,0.9636510381114426,-0.023293747523643202,1.0,0.15037199198551596,0.30901772114965653,0.8888888888888888,0.009927799997967668,0.0013776999985566363,0.06893509999645175,,B,0.13862556374712195,0.9513672895854539,2.690596431177472,21.071085689562537,0.9620009794255716,0.21865303721457946,0.367503645543674,0.335569884977344,2.4950012983640613,0.7878003352656008,0.36250350566980016
wine,P2_Full,,main,clean,0.0,11,0.05,8,0.9101123595505618,0.7389178253214167,0.7424567943676132,-0.0127429654800221,1.0,0.13598883811764684,0.3932327926158905,0.6,0.014925799994671252,0.0016378000000258908,0.024145499999576714,,B,0.1531547073482406,0.9329393606723099,2.647626045974423,26.802073785942106,0.9494489309399217,0.24618867987431783,0.3741203884511186,0.33385878489326765,2.498819594727523,0.7412636178383998,0.4359884254774126
wine,P2_Full,,main,clean,0.0,11,0.1,17,0.8651685393258427,0.6640244986718581,0.638329662982847,-0.0346641921313012,1.0,0.13686420760272394,0.25172768698798287,0.6666666666666666,0.017000600004394073,0.0015989000021363609,0.04832480000186479,,B,0.15644756998906306,0.9364716358735888,2.6426695881919042,26.59608689814072,0.9521824890415389,0.2473045447335615,0.37472715697533515,0.3339366515837104,2.4986449864498645,0.745314038778014,0.43157922951447725
wine,P2_Full,,main,clean,0.0,11,0.15,26,0.9887640449438202,0.9537059433155869,0.9636510381114426,-0.023752953173071228,1.0,0.13184384684099348,0.3096112012863159,0.7777777777777778,0.010266999997838866,0.0018533999973442405,0.0658225000006496,,B,0.1845154266476123,0.9428349353611138,2.5657559902763936,29.70698369026558,0.9585456686741305,0.2748310250720768,0.3859346051664495,0.3347826086956522,2.4967532467532467,0.7298587695246838,0.45388000487683944
wine,P2_Full,,main,clean,0.0,11,0.2,35,0.9887640449438202,0.9537059433155869,0.9636510381114426,-0.020938144683934522,1.0,0.15087565436526346,0.2884681390391456,0.8888888888888888,0.009908499996527098,0.0020065999997314066,0.08260660000087228,,B,0.13630376877596193,0.9487635906536954,2.6988240226389406,20.718172853946214,0.9599736181443828,0.21879026328561166,0.36636309054972677,0.3338271174625305,2.4988906290785695,0.7892629888905429,0.359662994045489
wine,P2_Full,,main,clean,0.0,12,0.05,8,0.9775280898876404,0.9087631994688335,0.9308728982369983,-0.018317367433483937,1.0,0.13720013085794489,0.32077488899230955,0.6,0.011150500002258923,0.001466500005335547,0.01796910000120988,,B,0.1504699320243341,0.9387002402960661,2.6572114551101738,26.332238104258465,0.95344535203753,0.24054110183596086,0.37275008518053065,0.33385878489326765,2.498819594727523,0.7448189850043705,0.4312653547471694
wine,P2_Full,,main,clean,0.0,12,0.1,17,0.9887640449438202,0.9537059433155869,0.9636510381114426,-0.030287085732590677,1.0,0.14139727018050427,0.2639576296011607,0.8888888888888888,0.01124530000379309,0.001718000006803777,0.03579590000299504,,B,0.1428721646232761,0.9434237726340721,2.6752984011474124,24.288267985956935,0.9564262345205529,0.22982200284197993,0.37008469458380683,0.3344239470936303,2.4975541215653623,0.7588229270478207,0.40845378708817237
wine,P2_Full,,main,clean,0.0,12,0.15,26,0.9887640449438202,0.9537059433155869,0.9636510381114426,-0.02006130862143309,1.0,0.14672725008300372,0.22307458188798693,0.6666666666666666,0.01557860000320943,0.0014081000044825487,0.061047000002872664,,B,0.1398836572131081,0.9502600267781622,2.6872313846679643,22.521268811310406,0.9612859969255987,0.22167221719764837,0.36820603149069087,0.3347826086956522,2.4967532467532467,0.7749693265067824,0.38376987426751263
wine,P2_Full,,main,clean,0.0,12,0.2,35,0.9887640449438202,0.9537059433155869,0.9636510381114426,-0.021589316223293825,1.0,0.1505803191492776,0.30979681346151566,0.8888888888888888,0.012374499994621146,0.002957800003059674,0.08412630000384524,,B,0.1384180523577161,0.9538339585790685,2.696906689540615,21.039543958372846,0.9638123915783501,0.21614227020897286,0.3666282601429044,0.3352213314743813,2.4957759292955553,0.788369274797986,0.36210080636543684
wine,P2_Full,,main,clean,0.0,15,0.05,8,0.9550561797752809,0.8207929701699325,0.8722713222568403,-0.017310187372227143,1.0,0.13651281480085803,0.3617032289505005,0.6,0.011946999999054242,0.0016859000024851412,0.019454000001132954,,B,0.15170351788201336,0.932510683446778,2.648646558637411,26.54811562935234,0.9489499588535288,0.24358337358160764,0.37397402705460214,0.3351724137931035,2.4958847736625516,0.7435049848991178,0.43232131535662793
wine,P2_Full,,main,clean,0.0,15,0.1,17,0.9325842696629213,0.7687603897791723,0.8218347323357028,-0.02771100107138264,1.0,0.13870600686428117,0.26202120383580524,0.6666666666666666,0.0115626999977394,0.001709700001811143,0.03793530000257306,,B,0.15509222095944014,0.9407591243902431,2.6644618934071276,26.365677563104825,0.95493818270609,0.23934585993039562,0.37161391405400307,0.33358858336233904,2.49942612687813,0.7503865357932747,0.42397572871973305
wine,P2_Full,,main,clean,0.0,15,0.15,26,0.9213483146067416,0.7692931482044307,0.808298379596206,-0.013037047568616898,1.0,0.13726427378099124,0.2857097056176927,0.6666666666666666,0.01102309999987483,0.0016436000005342066,0.055931900002178736,,B,0.17550639670211238,0.9416947554406707,2.638211703648099,28.256529869040094,0.9564362907953725,0.2528337796388339,0.3751636669201206,0.3338509316770186,2.4988372093023257,0.7468780858380674,0.4300675491080528
wine,P2_Full,,main,clean,0.0,15,0.2,35,0.8876404494382022,0.7153414517803942,0.744397839461608,-0.011137695151820696,1.0,0.1350136920730056,0.2447417974472046,0.8888888888888888,0.010615299994242378,0.0016627000004518777,0.07439549999980954,,B,0.1987099533225859,0.943660832886557,2.5969165866848076,30.203912905033057,0.9589173715518031,0.2707980867826097,0.3809996819068997,0.3341756709654932,2.498109517601043,0.7413405378189387,0.4373045639010788
wine,P2_Full,,main,clean,0.0,16,0.05,8,0.9550561797752809,0.8207929701699325,0.8722713222568403,-0.013238509563703363,1.0,0.13451239564847378,0.3928409397602081,0.6,0.01175169999623904,0.0016241000048466958,0.01913559999957215,,B,0.15525974421194447,0.930744045813893,2.632619237479098,27.17045523709028,0.9480933804497564,0.2505103689603594,0.3762857600963461,0.3351724137931035,2.4958847736625516,0.7373611103865542,0.4409517551965349
wine,P2_Full,,main,clean,0.0,16,0.1,17,0.9325842696629213,0.7687603897791723,0.8218347323357028,-0.03239908293151941,1.0,0.1384555309811066,0.29685863852500916,0.7777777777777778,0.016192099996260367,0.001684000002569519,0.044526500001666136,,B,0.15564836556020467,0.9379918906798514,2.6621029303855126,26.460222145234795,0.9529617855807551,0.24141834132716175,0.37194845477836064,0.33358858336233904,2.49942612687813,0.7497553177420575,0.4239165758228157
wine,P2_Full,,main,clean,0.0,16,0.15,26,0.9044943820224719,0.7145381911563765,0.7621580858634524,-0.0248094436025167,1.0,0.13881800001655545,0.3221626149283515,0.6666666666666666,0.011305499996524304,0.001657099994190503,0.06321659999957774,,B,0.16825746698499391,0.9413210373986316,2.6489331328422776,27.08945218458402,0.9558659626848462,0.2478729112002991,0.3736199134848694,0.3338509316770186,2.4988372093023257,0.751380972533215,0.4220363714579067
wine,P2_Full,,main,clean,0.0,16,0.2,35,0.8876404494382022,0.6978334399488939,0.7372432212211157,-0.027335800146880793,1.0,0.13541150969657398,0.28375503089692855,0.7777777777777778,0.01492339999822434,0.001676600004429929,0.08920419999776641,,B,0.20001161613245438,0.9440086863187187,2.6016022715944103,30.401765652133065,0.9591676536680348,0.27073784043727456,0.38030154464518345,0.3329557337051237,2.500850562679927,0.7424955716906098,0.4359292329114702
wine,P2_Full,,main,clean,0.0,14,0.05,8,0.9213483146067416,0.742667259147594,0.7784328868151985,-0.027453771105150886,1.0,0.13521638726543952,0.31722272038459776,0.8,0.012126699999498669,0.002466199999616947,0.022057000001950655,,B,0.15361350738832422,0.932189789840729,2.645528540219147,26.88236379295674,0.9490604255743835,0.2487919694398409,0.37442156618804595,0.33307060755336615,2.5005915992900807,0.738912822770895,0.4385133063082549
wine,P2_Full,,main,clean,0.0,14,0.1,17,0.8426966292134831,0.5961159452480249,0.5963774917840351,-0.03216689534883249,1.0,0.13356263795282303,0.2876947257253859,0.5555555555555556,0.01646469999832334,0.003723000001627952,0.05174330000590999,,B,0.1631018231797774,0.9304293347660471,2.630769034600392,27.727309940562158,0.9484295318691941,0.2587325713016515,0.3764490405884821,0.33177862861120777,2.5035144775493077,0.7353437062850667,0.4436819675719486
wine,P2_Full,,main,clean,0.0,14,0.15,26,0.7584269662921348,0.48502829005991216,0.4414803489759758,-0.030126990763051906,1.0,0.12830330859647224,0.2911164363225301,0.7777777777777778,0.017547699993883725,0.004136600000492763,0.08725160000176402,,B,0.19026305235852506,0.9302312497490244,2.5701517940283503,30.632351429722533,0.9503097389813104,0.28778628196805467,0.3852638406758634,0.3293478260869565,2.509075907590759,0.720067573823666,0.46458671821833847
wine,P2_Full,,main,clean,0.0,14,0.2,35,0.9775280898876404,0.9087631994688335,0.9308728982369983,-0.013000731850861666,1.0,0.1170509124641319,0.31495504909091526,0.6666666666666666,0.010971199997584336,0.005003999998734798,0.10877009999967413,,B,0.23830381329223707,0.9276884703972932,2.4075290770020765,36.222179620420036,0.9527983526818002,0.34724590148300677,0.41149185895512147,0.32964447542697806,2.5083928099392017,0.6878541983019434,0.5051216560717353
wine,P2_Full,,main,clean,0.0,17,0.05,8,0.9269662921348315,0.7816410769967962,0.7837275561712721,-0.022458598899590905,1.0,0.13845693784145968,0.3192942440509796,0.6,0.01603849999810336,0.0032191999998758547,0.029008499994233716,,B,0.14560522814859464,0.936615288701524,2.6690180129554872,25.48091492600406,0.9517204357941373,0.23830899886068535,0.371075780548056,0.3321510673234811,2.502669566936919,0.7486552377663876,0.4239203671117689
wine,P2_Full,,main,clean,0.0,17,0.1,17,0.9044943820224719,0.7568563282641282,0.7273537062009344,-0.029566212769382674,1.0,0.13669668458200307,0.28548307882414925,0.6666666666666666,0.015810000004421454,0.0027346999995643273,0.05317479999939678,,B,0.14931791462758404,0.940230694265232,2.6394655631018686,25.38404548668929,0.9549867455688537,0.2468834315911757,0.37518921791610255,0.3326139923424991,2.5016220175805777,0.7448399637784676,0.4304359047083715
wine,P2_Full,,main,clean,0.0,17,0.15,26,0.9887640449438202,0.9537059433155869,0.9636510381114426,-0.030293495034010062,1.0,0.13401057530980792,0.2503339582019382,0.7777777777777778,0.011381099997379351,0.0018778000012389384,0.07860549999895738,,B,0.1554123738634585,0.947977920387677,2.573525742830651,25.02139219201682,0.961844630067902,0.26655431277568925,0.38475055742718706,0.33260869565217394,2.5016339869281046,0.736247951107357,0.4406411093777862
wine,P2_Full,,main,clean,0.0,17,0.2,35,0.9887640449438202,0.9537059433155869,0.9636510381114426,-0.01726885207624381,1.0,0.1500962517288132,0.315655208296246,0.7777777777777778,0.011930100001336541,0.00715170000330545,0.10337089999666205,,B,0.13701961204358623,0.9500242762001246,2.694203237576679,20.826981030625106,0.9610868058030939,0.2213580667139198,0.367002792223942,0.33278145695364236,2.5012437810945274,0.7868556753286633,0.36337230881344645
wine,P2_Full,,main,clean,0.0,18,0.05,8,0.9213483146067416,0.7780889306682082,0.7836509457111227,-0.02011436109856467,1.0,0.13707190226194324,0.3235791563987732,0.6,0.012654199999815319,0.0018159000028390437,0.021016500002588145,,B,0.14823961603036148,0.934773737875957,2.656412178700837,25.941932805313257,0.9506103978823346,0.2427957618705866,0.3728639695749297,0.33274220032840723,2.5013324121594946,0.7445052044231786,0.431337077105225
wine,P2_Full,,main,clean,0.0,18,0.1,17,0.9775280898876404,0.9087631994688335,0.9308728982369983,-0.02929959776343654,1.0,0.13455021566700257,0.26724910404947066,0.6666666666666666,0.012701300001936033,0.0020708000010927208,0.041417600004933774,,B,0.16140472556720314,0.9314160516074598,2.641070572188301,27.438803346424535,0.948942920466506,0.2555535117157625,0.3749576151692793,0.3305951966585451,2.5062118340703305,0.738447514922335,0.4393121517977764
wine,P2_Full,,main,clean,0.0,18,0.15,26,0.9887640449438202,0.9537059433155869,0.9636510381114426,-0.02760153277763601,1.0,0.14639586440844052,0.3264387316173977,0.8888888888888888,0.011943000004976057,0.0017470000020693988,0.06056430000171531,,B,0.140521565901746,0.9457891252457875,2.6964947359242624,22.623972110181107,0.9580010672373681,0.22526738494718135,0.3669196511749701,0.33175465838509316,2.5035689211326937,0.7740212660123076,0.3841271506424868
wine,P2_Full,,main,clean,0.0,18,0.2,35,0.9887640449438202,0.9537059433155869,0.9636510381114426,-0.02126240565152525,1.0,0.1526759556539119,0.24434173107147217,0.7777777777777778,0.013741099995968398,0.0016784999970695935,0.08512630000041099,,B,0.13461024326234133,0.9560478196361202,2.725538272009416,20.46075697587588,0.9652695578664033,0.20981298661264236,0.36270728772275623,0.33182293482049496,2.5034138655462184,0.7947625561078315,0.3532440497880438
wine,P2_Full,,main,clean,0.0,20,0.05,8,0.9382022471910112,0.797940050771874,0.8249943648079151,-0.009652069540643625,1.0,0.1353616693113786,0.3152172267436981,0.8,0.012970000003406312,0.0021150000029592775,0.021473200002219528,,B,0.15389853061084197,0.9335758981050083,2.647913760469933,26.932242856897346,0.9500318968756682,0.247741381534595,0.3740791131678982,0.33307060755336615,2.5005915992900807,0.7392421611202491,0.43854425546601783
wine,P2_Full,,main,clean,0.0,20,0.1,17,0.9775280898876404,0.9087631994688335,0.9308728982369983,-0.03325826268587892,1.0,0.13530778047848982,0.2755049996905857,0.5555555555555556,0.013290999995660968,0.002191500003391411,0.042978600002243184,,B,0.15793176727503025,0.9342226961977967,2.641300151474221,26.848400436755142,0.9507371845442784,0.2510666657323295,0.37492450989769366,0.3326139923424991,2.5016220175805777,0.7409433867313114,0.4353989988413925
wine,P2_Full,,main,clean,0.0,20,0.15,26,0.9887640449438202,0.9537059433155869,0.9636510381114426,-0.030082486176887333,1.0,0.14550243784653852,0.24171621600786844,0.7777777777777778,0.014625699994212482,0.003938399997423403,0.06711240000004182,,B,0.14261906736569016,0.9460088938316707,2.6859309606573505,22.961669845876116,0.9583102332696489,0.22784010758412698,0.3683873286354806,0.3327639751552795,2.501283247783481,0.7713034664043478,0.38833448887539795
wine,P2_Full,,main,clean,0.0,20,0.2,35,0.9887640449438202,0.9537059433155869,0.9636510381114426,-0.028945702406822666,1.0,0.1497351808455856,0.26411232683393693,0.7777777777777778,0.011209299998881761,0.0018290000007255003,0.08547879999969155,,B,0.1397513767119025,0.9511972893590314,2.6948269061701615,21.24220926020918,0.9620192737728775,0.2217496584044534,0.36691632345287445,0.3329557337051237,2.500850562679927,0.7858468362165958,0.36495668180112595
wine,P2_Full,,main,clean,0.0,19,0.05,8,0.9719101123595506,0.8920222215557123,0.9133577991086984,-0.022828515218614946,1.0,0.138909398214885,0.30521329045295714,0.6,0.01291040000069188,0.0019042999992961995,0.02107869999599643,,B,0.14440899994001394,0.9369911436906861,2.6713762755288366,25.27157498950244,0.9518364334330617,0.2356063990353864,0.37074312529223763,0.3333333333333333,2.5,0.7507429831944501,0.4210066586281843
wine,P2_Full,,main,clean,0.0,19,0.1,17,0.9887640449438202,0.9537059433155869,0.9636510381114426,-0.024665763844821685,1.0,0.14204913660649957,0.2771041327052646,0.6666666666666666,0.012470900001062546,0.0018079999936162494,0.040919200000644196,,B,0.1419184387169305,0.9404267258406254,2.681248259581726,24.126134581878183,0.9541253732993484,0.22994619067059296,0.36925032283310827,0.33358858336233904,2.49942612687813,0.7608276364915972,0.405484118580244
wine,P2_Full,,main,clean,0.0,19,0.15,26,0.9887640449438202,0.9537059433155869,0.9636510381114426,-0.028363206463513577,1.0,0.14730054121342853,0.22570571965641445,0.7777777777777778,0.012107100003049709,0.0016991999946185388,0.061260099995706696,,B,0.1377518773592678,0.9487957936349097,2.6943406277455377,22.178052254842115,0.9601053862047555,0.22087233398770856,0.36721799793535,0.3338509316770186,2.4988372093023257,0.7766785686695179,0.3809578691000393
wine,P2_Full,,main,clean,0.0,19,0.2,35,0.9887640449438202,0.9537059433155869,0.9636510381114426,-0.024205120998608096,1.0,0.15125874623697033,0.3078061706489987,0.8888888888888888,0.017675100003543776,0.0032187999968300574,0.09122119999665301,,B,0.135802133697436,0.9535979505685888,2.7055311836767415,20.64192432201027,0.96354551176552,0.21437762596316015,0.3654384386563258,0.3341756709654932,2.498109517601043,0.7903922963935512,0.35886488933787364
wine,P2_Full,,main,clean,0.0,21,0.05,8,0.9438202247191011,0.8162476817299315,0.8391713618581365,-0.014908695463615127,1.0,0.13814909617344528,0.31369762420654296,0.8,0.013297099998453632,0.0019482000061543658,0.024207599999499507,,B,0.14808285932881185,0.9349974599952638,2.6721649860207854,25.914500382542073,0.9505202866347187,0.23880338581113644,0.3706320012361975,0.33241379310344826,2.5020746887966805,0.747741286149165,0.42585756151162946
wine,P2_Full,,main,clean,0.0,21,0.1,17,0.9101123595505618,0.7450375258955847,0.7577448645279736,-0.029850410374087834,1.0,0.13804655583348013,0.27153099576632184,0.6666666666666666,0.017285399997490458,0.004250499994668644,0.05133870000281604,,B,0.15270878244030553,0.9361316003532095,2.6682653369082163,25.96049301485194,0.9515746236048241,0.2417944294364457,0.37107576738271536,0.33198746954403063,2.5030404697001467,0.7490209712976419,0.423833884404464
wine,P2_Full,,main,clean,0.0,21,0.15,26,0.8820224719101124,0.6971646841687938,0.6977672050338136,-0.028080299189586308,1.0,0.13624584582929306,0.2997291816605462,0.6666666666666666,0.011719200003426522,0.0019446000005700625,0.07153339999786112,,B,0.16548956155339908,0.9411161623811287,2.6289334670240727,26.64381941009725,0.956246401134575,0.25695062287511927,0.37650978172207805,0.3312111801242236,2.504805438349742,0.743716322694878,0.4301324124061507
wine,P2_Full,,main,clean,0.0,21,0.2,35,0.9887640449438202,0.9537059433155869,0.9636510381114426,-0.02172590732531711,1.0,0.1287736065725994,0.27791453732384575,0.7777777777777778,0.01270959999965271,0.004273200000170618,0.09807379999983823,,B,0.18392962771123939,0.9446625614065896,2.5121571804176,27.957303412108388,0.960992807289025,0.29510303146521294,0.3940779349930654,0.3312129661903102,2.5048013680610364,0.7227839815949795,0.45488082804192775
wine,P2_Full,,main,clean,0.0,22,0.05,8,0.9382022471910112,0.7932370847331245,0.8252042541307996,-0.02305579271366475,1.0,0.1388331746022788,0.31989866495132446,0.6,0.020690400000603404,0.0037679000015486963,0.03414879999763798,,B,0.14524031527531245,0.9367312307940923,2.6628669014368342,25.417055173179676,0.9517653543318902,0.23762313897508436,0.3719462257522064,0.33385878489326765,2.498819594727523,0.7499057402180795,0.4229281587414204
wine,P2_Full,,main,clean,0.0,22,0.1,17,0.8932584269662921,0.7033424346902223,0.7175387821383805,-0.02506100739661248,1.0,0.13660550915362718,0.2850945724381341,0.6666666666666666,0.020935499996994622,0.0030221000051824376,0.06415449999622069,,B,0.15444401382852377,0.9348160911828377,2.6417348671525502,26.255482350849043,0.9509164184655703,0.24699849356830106,0.37486183977631954,0.3344239470936303,2.4975541215653623,0.7447050703547503,0.4297330428085385
wine,P2_Full,,main,clean,0.0,22,0.15,26,0.9887640449438202,0.9537059433155869,0.9636510381114426,-0.015065213764199507,1.0,0.1341704250004931,0.3115391863716973,0.5555555555555556,0.012170699999842327,0.002046399997198023,0.08405039999342989,,B,0.16846835499440427,0.9384091809240165,2.594017610187838,27.12340515409909,0.9548026586672377,0.2661675553136723,0.3816617844258333,0.33260869565217394,2.5016339869281046,0.7374832583069749,0.4383618164029947
wine,P2_Full,,main,clean,0.0,22,0.2,35,0.9887640449438202,0.9537059433155869,0.9636510381114426,-0.025237789247138934,1.0,0.1516365926027393,0.223233120308982,0.7777777777777778,0.011731300000974443,0.0018744999979389831,0.10442129999864846,,B,0.13374097383713032,0.9498781279986298,2.7035907970068145,20.32862802324381,0.9607002959982719,0.21591707507146535,0.3657054694949772,0.3338271174625305,2.4988906290785695,0.791537793526779,0.356409587793144
wine,P2_Full,,main,clean,0.0,23,0.05,8,0.9438202247191011,0.7885652836139131,0.8408618535164771,-0.015173930049292595,1.0,0.13532388572154,0.3538933515548706,0.6,0.021268500000587665,0.003253800001402851,0.03305929999623913,,B,0.15371751699361855,0.9329870809379581,2.6393492190362804,26.900565473883248,0.9495128914927218,0.24660633779381771,0.37531162819213987,0.3355665024630542,2.495008807985907,0.7398050097533944,0.4377718093476664
wine,P2_Full,,main,clean,0.0,23,0.1,17,0.9325842696629213,0.7687603897791723,0.8218347323357028,-0.004230649783940161,1.0,0.13735544079433637,0.3193897439373864,0.6666666666666666,0.012953499994182494,0.0018390999975963496,0.05343169999832753,,B,0.160468087037405,0.936296144734118,2.6537844867651046,27.27957479635885,0.9519472161923237,0.24568483952631295,0.3731328967804643,0.33358858336233904,2.49942612687813,0.7463549721360844,0.4300191701740852
wine,P2_Full,,main,clean,0.0,23,0.15,26,0.9101123595505618,0.7405145246893301,0.7791268534477213,-0.016974887664356415,1.0,0.13862926220343277,0.32552119758394027,0.7777777777777778,0.012178800003312062,0.0017809999990276992,0.07290179999836255,,B,0.16935204081924626,0.9435328310212757,2.6487811875399725,27.265678571898647,0.957497583741398,0.24730747038839393,0.37364170443125355,0.3338509316770186,2.4988372093023257,0.7508006152589057,0.4237342980139545
wine,P2_Full,,main,clean,0.0,23,0.2,35,0.8820224719101124,0.6894040562461647,0.7273908011021425,-0.029549082423910484,1.0,0.13575088289366527,0.23883621229065788,0.8888888888888888,0.01668640000571031,0.001717099999950733,0.09753300000011222,,B,0.19870637586503648,0.9451852403261932,2.6057976666679212,30.203369131485545,0.9598468115837139,0.2674748798456682,0.3796785878742292,0.3341756709654932,2.498109517601043,0.7436138154366471,0.43449841269843326
wine,P2_Full,,main,clean,0.0,24,0.05,8,0.9606741573033708,0.8390568221413046,0.8865577538523808,-0.02963582803928714,1.0,0.13719050948821707,0.3169669687747955,0.6,0.016240499993728008,0.001973600003111642,0.02756750000116881,,B,0.1499647889965332,0.9331071661007436,2.6615078536287626,26.24383807439331,0.9493101063800607,0.2422223627678781,0.3721390875999428,0.3329392446633826,2.5008877490629313,0.7453812889456716,0.42974822134738966
wine,P2_Full,,main,clean,0.0,24,0.1,17,0.949438202247191,0.8207758590448542,0.8644684864896337,-0.022099227358551226,1.0,0.1397591140149287,0.2697390649053786,0.8888888888888888,0.012942800000018906,0.0029821999996784143,0.04908350000187056,,B,0.14993758999428028,0.9423959264636502,2.6685631564021937,25.489390299027647,0.9559891545720625,0.23597685500200805,0.3710336938636658,0.3333797424295162,2.499895594069743,0.7536207077264454,0.4185252428805551
wine,P2_Full,,main,clean,0.0,24,0.15,26,0.9269662921348315,0.7794492890987497,0.8198916466262289,-0.031260190680287896,1.0,0.1402389806660276,0.27374255657196045,0.8888888888888888,0.012054099999659229,0.0017737000016495585,0.06845649999740999,,B,0.16545033634833378,0.944653657675205,2.6549880762948765,26.63750415208174,0.9581268145122388,0.2434335544337827,0.3727535853585659,0.3336180124223602,2.49936001861764,0.7556773046443028,0.4165161358370011
wine,P2_Full,,main,clean,0.0,24,0.2,35,0.9044943820224719,0.7583235831544782,0.7830775604537416,-0.028305135215948365,1.0,0.13885769671054268,0.23882964584562513,1.0,0.015318599995225668,0.0017655999981798232,0.09571660000074189,,B,0.18429946772802125,0.9484053174514122,2.629289661374614,28.01351909465923,0.9615859910819889,0.25546573754309254,0.3762270915884502,0.33391425583827117,2.498695198329854,0.7528594993782629,0.4204250037870353
wine,P2_Full,,main,clean,0.0,25,0.05,8,0.9550561797752809,0.8234745540631672,0.8721652587567043,-0.02001996752860345,1.0,0.1370667953342853,0.31790146231651306,0.6,0.013533500001358334,0.0026588999971863814,0.023782400006894022,,B,0.15135543270939966,0.9362804596797132,2.669348079624455,26.48720072414494,0.9515901976174574,0.2402675515358351,0.3710291861444829,0.33241379310344826,2.5020746887966805,0.7450110287093711,0.4308505311924454
wine,P2_Full,,main,clean,0.0,25,0.1,17,0.9438202247191011,0.8124985450280263,0.8520873274789127,-0.018214278325410022,1.0,0.1381574309448865,0.2647550834549798,0.8888888888888888,0.02024119999987306,0.0036496999964583665,0.05682220000016969,,B,0.1554755617426423,0.9410562069334775,2.6696036065868776,26.43084549624919,0.9551607970533993,0.23928881034180716,0.370886781196817,0.33289244691959624,2.5009933082392304,0.7487512741824365,0.42589743703793714
wine,P2_Full,,main,clean,0.0,25,0.15,26,0.9213483146067416,0.7708495182515108,0.8084413407104599,-0.021236254637880928,1.0,0.1383111779895141,0.2711846066845788,0.8888888888888888,0.012655699996685144,0.0017075000068871304,0.07684210000297753,,B,0.17051501658607493,0.9420323105370779,2.650564205741068,27.45291767035806,0.9564622448285113,0.2489306443835949,0.3733861536236259,0.3330745341614907,2.5005827505827507,0.7498984984075358,0.4247076603684281
wine,P2_Full,,main,clean,0.0,25,0.2,35,0.8932584269662921,0.7242620475661858,0.7552937601657358,-0.018357129126799515,1.0,0.13650466142636222,0.29528551631503636,0.8888888888888888,0.011462299997219816,0.0017564000008860603,0.09591570000338834,,B,0.19033057211383952,0.9455835869874234,2.6160488718076786,28.93024696130361,0.9599326496337058,0.263689976091701,0.37816483485917335,0.3333042872080864,2.5000653594771243,0.7460194464204194,0.42987632352035143
wine,P2_Full,,main,clean,0.0,26,0.05,8,0.9325842696629213,0.7768033067514355,0.8086572988173987,-0.01860546598273736,1.0,0.138851655420552,0.31773701310157776,0.6,0.013466500000504311,0.001728800001728814,0.021675399999367073,,B,0.14609842310240903,0.937720393391065,2.6661976426367366,25.56722404292158,0.9524448077515525,0.2364243315302987,0.37147439321100706,0.33385878489326765,2.498819594727523,0.7498698775918026,0.4227084627452031
wine,P2_Full,,main,clean,0.0,26,0.1,17,0.8820224719101124,0.6694645598018873,0.6890637619051594,-0.022801222724262403,1.0,0.13538140573060853,0.2770943211184608,0.7777777777777778,0.015089000000443775,0.0036888000031467527,0.04678070000227308,,B,0.15907561986592697,0.9356315006448862,2.638398023333722,27.042855377207587,0.9516795050900666,0.24931456544676275,0.3753434199017275,0.3342847198050818,2.4978654727197003,0.7410738985616865,0.435831734868001
wine,P2_Full,,main,clean,0.0,26,0.15,26,0.9831460674157303,0.9276465009452134,0.9471317617859916,-0.029658824333746406,1.0,0.12874123721378575,0.3210025197929806,0.5555555555555556,0.013601799997559283,0.0018816000010701828,0.06900809999933699,,B,0.17907228395065788,0.9373120321841477,2.5444969233746453,28.830637716055918,0.9551428602734208,0.28443780697520377,0.3892112759623456,0.33260869565217394,2.5016339869281046,0.7209770480730278,0.4616739548469786
wine,P2_Full,,main,clean,0.0,26,0.2,35,0.9887640449438202,0.9537059433155869,0.9636510381114426,-0.024383019580224208,1.0,0.15161782921514,0.26678476730982464,0.6666666666666666,0.01152909999655094,0.0028707000019494444,0.08896899999672314,,B,0.13456267480693143,0.9537754948437199,2.708387245471606,20.45352657065358,0.9636951880406767,0.2145981479611161,0.36504609111395714,0.33278145695364236,2.5012437810945274,0.7913453888291684,0.3571564083364406
wine,P2_Full,,main,clean,0.0,27,0.05,8,0.9719101123595506,0.8920222215557123,0.9133577991086984,-0.022226008048444653,1.0,0.13923878819262037,0.30279051065444945,0.6,0.014345499999762978,0.0016002000047592446,0.02190390000032494,,B,0.14485100632237952,0.9371494065794312,2.674996651858292,25.348926106416414,0.9518924866176813,0.23457344212481773,0.37023357833834386,0.3333333333333333,2.5,0.7516783919285203,0.42005028167639175
wine,P2_Full,,main,clean,0.0,27,0.1,17,0.9887640449438202,0.9537059433155869,0.9636510381114426,-0.01482949805242206,1.0,0.14240105423108798,0.2736036446359422,0.8888888888888888,0.014118499995674938,0.0014474999989033677,0.043568500004766975,,B,0.14251720331883252,0.9403212843495998,2.6858470034690543,24.22792456420153,0.9539758710492764,0.2288016179782662,0.3686079559503013,0.33358858336233904,2.49942612687813,0.7618651944126712,0.4044390183553461
wine,P2_Full,,main,clean,0.0,27,0.15,26,0.9887640449438202,0.9537059433155869,0.9636510381114426,-0.021265224463057477,1.0,0.14764125018184945,0.22613731688923305,0.7777777777777778,0.018144900001061615,0.001476500001444947,0.06941219999862369,,B,0.13816710722596812,0.9488432272047558,2.6992296657278456,22.244904263380867,0.9600707201391698,0.21947226771618902,0.36654154596452815,0.3338509316770186,2.4988372093023257,0.7777275394389297,0.37990083767366917
wine,P2_Full,,main,clean,0.0,27,0.2,35,0.9887640449438202,0.9537059433155869,0.9636510381114426,-0.020438283011658735,1.0,0.15166361651781585,0.3068678743309445,0.8888888888888888,0.011590000001888257,0.0014061000038054772,0.08760750000510598,,B,0.1361276255460639,0.9536344277062109,2.71132462477768,20.691399083001713,0.9634954751768796,0.21268037862631278,0.3646434349115566,0.3341756709654932,2.498109517601043,0.7916208232557962,0.35755938063330733
wine,P2_Full,,main,clean,0.0,28,0.05,8,0.949438202247191,0.8208537094595312,0.8539573002754074,-0.021306734289036823,1.0,0.13798874018441964,0.31857162714004517,0.6,0.0138440000009723,0.004164800004218705,0.024535399999876972,,B,0.14756652531845793,0.9353816547483347,2.66299480633592,25.824141930730136,0.9508757732380217,0.23977894248673504,0.3719280849620021,0.3333333333333333,2.5,0.747359077412604,0.42591585407326626
wine,P2_Full,,main,clean,0.0,28,0.1,17,0.9101123595505618,0.7400001765913676,0.7579015713077266,-0.025300098993193847,1.0,0.13681365258720962,0.28050755129920113,0.8888888888888888,0.013594600000942592,0.002046200002951082,0.0500910999980988,,B,0.15468215078573028,0.9355574505168585,2.650351627455437,26.29596563357415,0.951370801512926,0.24538679991554663,0.37362386013112187,0.3339366515837104,2.4986449864498645,0.7453003708062657,0.42890418293122345
wine,P2_Full,,main,clean,0.0,28,0.15,26,0.9887640449438202,0.9537059433155869,0.9636510381114426,-0.007943967971927443,1.0,0.13499359389164037,0.3110448684957292,0.5555555555555556,0.01266139999643201,0.001952899998286739,0.07096260000253096,,B,0.16696103864547554,0.9391909454696602,2.6101914226149607,26.88072722192156,0.9551321284933051,0.26215146982249754,0.37925812453130786,0.33206521739130435,2.5028641571194763,0.7401128911578704,0.4348550018105651
wine,P2_Full,,main,clean,0.0,28,0.2,35,0.9887640449438202,0.9537059433155869,0.9636510381114426,-0.03046318666624939,1.0,0.15067589811716603,0.22482954462369284,0.7777777777777778,0.0116621999986819,0.001999300002353266,0.0920722000009846,,B,0.13594366554629458,0.9498380653202836,2.7045150896785732,20.663437163036775,0.9607617268568982,0.2177679470770443,0.36557822301359827,0.3333042872080864,2.5000653594771243,0.788631138088726,0.36071479174137666
wine,P2_Full,,main,clean,0.0,29,0.05,8,0.9438202247191011,0.8056011499679014,0.8301065705611242,-0.023034988333628277,1.0,0.13752597884212225,0.3203610897064209,0.6,0.01383670000359416,0.003970399993704632,0.024519500002497807,,B,0.14929434240149858,0.9354601228696858,2.669221276983592,26.12650992026225,0.9509603352044406,0.24016488756955345,0.37104708508447026,0.3322167487684729,2.502520759193357,0.7460126087954175,0.42931550991848205
wine,P2_Full,,main,clean,0.0,29,0.1,17,0.9887640449438202,0.9471420581416141,0.9650516223023584,-0.020093882742939176,1.0,0.13688903083640522,0.2751494083139632,0.7777777777777778,0.013072399997327011,0.002398299999185838,0.045787100003508385,,B,0.1478465657842057,0.9422261236580839,2.6515891138358887,25.133916183314973,0.9562413819363774,0.2425881586229175,0.3734467298055782,0.33289244691959624,2.5009933082392304,0.7456049404989543,0.42886759159281385
wine,P2_Full,,main,clean,0.0,29,0.15,26,0.9943820224719101,0.973263736046785,0.9816911130140138,-0.020107432059853412,1.0,0.14695883919447403,0.3189087443881565,0.7777777777777778,0.012308299999858718,0.0020254000046406873,0.06561880000663223,,B,0.13772219487511797,0.948494587823415,2.7012285417998108,22.173273374893995,0.9598520203543323,0.2205094969821542,0.366265684781541,0.3330745341614907,2.5005827505827507,0.7754449463366977,0.3828435907848829
wine,P2_Full,,main,clean,0.0,29,0.2,35,0.9943820224719101,0.973263736046785,0.9816911130140138,-0.02586428047929129,1.0,0.1522872903233653,0.25578002134958905,1.0,0.011675899993861094,0.0017774000007193536,0.08452519999991637,,B,0.13070730480661727,0.9574156291085133,2.7229017771000104,19.867510330605825,0.9662487019600495,0.20742522823795242,0.3630648974452452,0.3333042872080864,2.5000653594771243,0.7934065961467751,0.3548422613727004
wine,P2_Full,,main,clean,0.0,0,0.05,8,0.9550561797752809,0.8207929701699325,0.8722713222568403,-0.02116744254603891,1.0,0.13717869368290297,0.3156657934188843,0.8,0.01331930000014836,0.001869500003522262,0.02146070000162581,,C,0.15107247651821107,0.9349838712508822,2.663176969929345,26.49818898198373,0.9506876816666966,0.241537149595783,0.3719022516529758,0.33307060755336615,2.5005915992900807,0.7453917564061634,0.43010719892812854
wine,P2_Full,,main,clean,0.0,0,0.1,17,0.9438202247191011,0.8084473541167332,0.8516141795363069,-0.01630124814326555,1.0,0.13835954962653904,0.31270694732666016,1.0,0.014507799998682458,0.0018460999999660999,0.04488819999824045,,C,0.15591014695687433,0.939589993900942,2.6633017884867094,26.43515335471156,0.9541222782599955,0.24056088216948704,0.37177836243091605,0.33358858336233904,2.49942612687813,0.749214581397224,0.4250796895260126
wine,P2_Full,,main,clean,0.0,0,0.15,26,0.9101123595505618,0.7405145246893301,0.7791268534477213,-0.02105524366576255,1.0,0.14036486985154584,0.27348988586001927,0.6666666666666666,0.01227659999858588,0.0018338999943807721,0.06690040000103181,,C,0.1648303214506854,0.9408778567932478,2.660342901755436,26.4317944889358,0.9552547364319329,0.24317250456243805,0.371990714509405,0.3338509316770186,2.4988372093023257,0.7559047192414757,0.41551967615762186
wine,P2_Full,,main,clean,0.0,0,0.2,35,0.9943820224719101,0.973263736046785,0.9816911130140138,-0.012828423064926375,1.0,0.13675162884317651,0.23998441961076525,0.8888888888888888,0.01132800000050338,0.0017833999954746105,0.08550140000443207,,C,0.1965950266150811,0.9415168573221327,2.6134909843379326,29.74301086685651,0.9570393781417227,0.2654187191186007,0.37854143563973874,0.3341756709654932,2.498109517601043,0.746655092504996,0.4297807718459975
wine,P2_Full,,main,clean,0.0,1,0.05,8,0.9775280898876404,0.9087631994688335,0.9308728982369983,-0.018669586071482912,1.0,0.13640391445839062,0.32079231142997744,0.6,0.016640199995890725,0.0040281000037794,0.02789669999765465,,C,0.15025515483025156,0.93360472582937,2.6521873115835395,26.393762391071746,0.9498670088767079,0.24493133359981928,0.3734670874477879,0.33307060755336615,2.5005915992900807,0.7425969808412392,0.4330657567236323
wine,P2_Full,,main,clean,0.0,1,0.1,17,0.9887640449438202,0.9537059433155869,0.9636510381114426,-0.03202642468277651,1.0,0.14087764475737768,0.26410169733895195,0.8888888888888888,0.012938799998664763,0.0020394000021042302,0.048501700002816506,,C,0.1444578608289216,0.9413143956652985,2.673933097352049,24.44850543515068,0.9549715958899793,0.23271806398703274,0.37027668022447685,0.33358858336233904,2.49942612687813,0.7572955289818766,0.4103549813990681
wine,P2_Full,,main,clean,0.0,1,0.15,26,0.9887640449438202,0.9537059433155869,0.9636510381114426,-0.03671876776967453,1.0,0.1461657381969658,0.22425231999821132,0.7777777777777778,0.012609000004886184,0.0021151999972062185,0.06874999999854481,,C,0.14247215483082254,0.9477004502076585,2.686010847548634,22.682018325887825,0.9594690023661606,0.22502205478307097,0.3683761862338888,0.3338509316770186,2.4988372093023257,0.7732254437973933,0.3859535707672672
wine,P2_Full,,main,clean,0.0,1,0.2,35,0.9887640449438202,0.9537059433155869,0.9636510381114426,-0.023934220769206576,1.0,0.15005499521565935,0.30883857276704574,0.8888888888888888,0.014859200004138984,0.001713299992843531,0.09081180000066524,,C,0.1414575801045629,0.9519228199303181,2.6960142492504584,21.167276814594416,0.9624669136265973,0.21931597654015575,0.3667518143976904,0.3341756709654932,2.498109517601043,0.7867354803264904,0.3641468580564202
wine,P2_Full,,main,clean,0.0,2,0.05,8,0.9438202247191011,0.8017223275317318,0.8301692191254648,-0.020716364943147512,1.0,0.13691380989657406,0.31604909896850586,0.6,0.01517279999825405,0.0024913000015658326,0.02765950000321027,,C,0.14959741654799752,0.9346269940286819,2.6560020681184713,26.249481970694646,0.9505231499948849,0.24316085408673496,0.3729224305298134,0.3333333333333333,2.5,0.7438447840930243,0.43143262486857303
wine,P2_Full,,main,clean,0.0,2,0.1,17,0.9831460674157303,0.9276465009452134,0.9471317617859916,-0.022288427629484096,1.0,0.13748874381621964,0.270175920592414,0.8888888888888888,0.016617799999949057,0.0043989000041619875,0.054434500001661945,,C,0.1493313980828475,0.9398569744266885,2.6500128958128863,25.312509232096524,0.9544450069580147,0.24255568109961806,0.37367237406601156,0.3339366515837104,2.4986449864498645,0.7473003540670351,0.4260283271796444
wine,P2_Full,,main,clean,0.0,2,0.15,26,0.9887640449438202,0.9537059433155869,0.9636510381114426,-0.025868455949506437,1.0,0.14673822799539135,0.2739684018823836,0.7777777777777778,0.018660200003068894,0.0020021000018459745,0.08081970000057481,,C,0.14187396410324962,0.9468392125539393,2.69312657099209,22.607329232457857,0.958667119475295,0.2224930722359372,0.3673863566563896,0.3342391304347826,2.497967479674797,0.7748837464365197,0.3841396936129342
wine,P2_Full,,main,clean,0.0,2,0.2,35,0.9887640449438202,0.9537059433155869,0.9636510381114426,-0.019654181375224844,1.0,0.15140705455434694,0.2626320487923092,0.8888888888888888,0.011746800002583768,0.0017904000051203184,0.09979980000207433,,C,0.13734626178587,0.9540342264701063,2.709911381382436,20.506587288474634,0.9637829036505312,0.21208556784288463,0.3648370534768705,0.33461136284419657,2.4971354166666666,0.790903115987634,0.3586911062205454
wine,P2_Full,,main,clean,0.0,3,0.05,8,0.9382022471910112,0.786990913949364,0.8146116533760018,-0.04079098003197262,1.0,0.1351164261432101,0.23060503005981445,0.6,0.013515700004063547,0.0015749000012874603,0.021201399998972192,,C,0.14950265078050926,0.9321140912118371,2.6386621318298085,26.303575272922473,0.9489982932412417,0.2487143846315972,0.3754108529439796,0.33379310344827584,2.49896694214876,0.7387147813190437,0.4376072524984134
wine,P2_Full,,main,clean,0.0,3,0.1,17,0.9044943820224719,0.7242329133343136,0.7265056882239206,-0.02360947383537974,1.0,0.1332678686884083,0.28758504986763,0.7777777777777778,0.012954800004081335,0.0016025000004447065,0.0413297999984934,,C,0.15488304107752,0.9356619935646997,2.6127392718191933,26.37124993522911,0.952206437334155,0.2571488407259368,0.3790876398403282,0.3338670379394361,2.498801084236864,0.7345912590714253,0.44306864765598614
wine,P2_Full,,main,clean,0.0,3,0.15,26,0.8539325842696629,0.6474197129956342,0.6136140037227708,-0.012238935353217892,1.0,0.13109399981902775,0.2961966163582272,0.7777777777777778,0.012609400000656024,0.0017814000020734966,0.06627859999571228,,C,0.16183045846490038,0.9398868267854302,2.556295692267405,25.978106497429593,0.9564031945064378,0.2747545477603341,0.38738599564941867,0.3341614906832298,2.4981412639405205,0.7277498547338012,0.4504440245405705
wine,P2_Full,,main,clean,0.0,3,0.2,35,0.9943820224719101,0.973263736046785,0.9816911130140138,-0.016306347005844688,1.0,0.11862158134701258,0.30143488778008354,0.6666666666666666,0.019802000002528075,0.004978000004484784,0.09697220000089146,,C,0.1796818098255545,0.9423230160214475,2.3314936688988017,27.160941335085937,0.9620229818617982,0.3415567958212974,0.42512753706136813,0.332607180202161,2.501637411579775,0.6930056130477995,0.4902710036053714
wine,P2_Full,,main,clean,0.0,4,0.05,8,0.9213483146067416,0.7374606655193022,0.7790545884371455,-0.03860214861997526,1.0,0.1365740877810004,0.3177900969982147,0.6,0.018725900001300033,0.00195460000395542,0.027453000002424233,,C,0.14882688396672453,0.9343168920747748,2.647935171187033,26.122945948899982,0.9503681069149325,0.24437355885215847,0.3740760419627374,0.334055829228243,2.498377900117971,0.7431205896502971,0.4320460517275347
wine,P2_Full,,main,clean,0.0,4,0.1,17,0.8539325842696629,0.609085326378521,0.6207106850707633,-0.029854715582123312,1.0,0.13371236396703823,0.2806236147880554,0.6666666666666666,0.012988000002223998,0.002054899996437598,0.04851480000070296,,C,0.1623496301283426,0.9368441339540284,2.6282132598279304,27.60767273570523,0.953015190868299,0.2560499590410099,0.37682086805912085,0.3326139923424991,2.5016220175805777,0.7358141445602615,0.4444585939005457
wine,P2_Full,,main,clean,0.0,4,0.15,26,0.9831460674157303,0.9282018683135121,0.9486690649426885,-0.018812563637909945,1.0,0.12660012590334738,0.29063258899582756,0.6666666666666666,0.012062900001183152,0.002191899999161251,0.06871600000158651,,C,0.19735272293967368,0.9345366982058599,2.5556989789792244,31.86174471589657,0.9536675885815297,0.29223839695452586,0.3874779031202289,0.3299689440993789,2.5076470588235296,0.7148596963615182,0.4736987582809828
wine,P2_Full,,main,clean,0.0,4,0.2,35,0.9887640449438202,0.9471420581416141,0.9650516223023584,-0.02022710761912685,1.0,0.14974005130026635,0.29210158851411605,0.7777777777777778,0.012820500000088941,0.0024076999980024993,0.08964749999722699,,C,0.14039286953393984,0.9461706135636654,2.6869833575783217,21.135673834839878,0.9582977218126087,0.2252878780865618,0.3680067172710155,0.3329557337051237,2.500850562679927,0.7859165950611886,0.3641869007727781
wine,P2_Full,,main,clean,0.0,5,0.05,8,0.9382022471910112,0.7871017147913135,0.8144408026321565,-0.020443086893834263,1.0,0.13604507289378504,0.3131236135959625,0.6,0.014161600003717467,0.0033970000004046597,0.023969000001670793,,C,0.14863820276969017,0.9351482357302361,2.652140062310935,26.06663377648593,0.9510219547310302,0.2447692700350335,0.3734738433488136,0.33274220032840723,2.5013324121594946,0.741459547565598,0.4344619136689209
wine,P2_Full,,main,clean,0.0,5,0.1,17,0.9044943820224719,0.7248845582969025,0.7262789602145694,-0.019248341479027913,1.0,0.13502013955863956,0.28856778475973344,0.6666666666666666,0.013093599998683203,0.0019994000031147152,0.0448815999989165,,C,0.15167759780254725,0.9377115249389446,2.6342137994476866,25.76902723863578,0.9532835123361464,0.24999789097322095,0.3759490198057948,0.3333101287852419,2.5000522138680035,0.7399294284051592,0.43641974314337534
wine,P2_Full,,main,clean,0.0,5,0.15,26,0.9775280898876404,0.9217605071157148,0.9283984456926366,-0.015392953632149141,1.0,0.13259646478690523,0.30305322011311847,0.7777777777777778,0.012119500002881978,0.002071599999908358,0.06481979999807663,,C,0.15871218733550568,0.9418647051998905,2.5751181732889137,25.424038958180077,0.9574732601297193,0.2684867253790791,0.3845087661170626,0.33354037267080744,2.499534450651769,0.7322730534928661,0.4449729470273603
wine,P2_Full,,main,clean,0.0,5,0.2,35,0.9831460674157303,0.9368558046598949,0.9458850914799445,-0.014385818154983706,1.0,0.15113845763553313,0.29849352108107674,0.7777777777777778,0.012480199999117758,0.0019289999981992878,0.08671679999679327,,C,0.1379560190078453,0.9468760923490513,2.706795003371911,20.753340195505608,0.9584834312161802,0.21849557723417187,0.36526472104475366,0.3329557337051237,2.500850562679927,0.7900343901867243,0.35930442305926447
wine,P2_Full,,main,clean,0.0,6,0.05,8,0.9157303370786517,0.7348183704662697,0.7623542822214096,-0.027594491774907703,1.0,0.1362228330750008,0.30204451084136963,0.8,0.013477200001943856,0.0020461000021896325,0.022002300000167452,,C,0.15093940264540476,0.9341766687994713,2.6590169979708533,26.497724117466532,0.9502579563309445,0.24430984026745756,0.37249307556429107,0.33241379310344826,2.5020746887966805,0.7420950681501186,0.4343241072562517
wine,P2_Full,,main,clean,0.0,6,0.1,17,0.8595505617977528,0.6227698217360871,0.6264095973150134,-0.022517859427368263,1.0,0.13501013606026777,0.3568389117717743,0.6666666666666666,0.01302659999782918,0.0020618999988073483,0.0432476999994833,,C,0.15710662776923062,0.9353165583680799,2.6439161766252997,26.759729571767785,0.951660179126999,0.25267085897998653,0.37454768577776876,0.3305951966585451,2.5062118340703305,0.7398913135140829,0.4369733751574668
wine,P2_Full,,main,clean,0.0,6,0.15,26,0.797752808988764,0.5391514157865239,0.5042743411325761,-0.024725949469505737,1.0,0.1332229418390248,0.2980976965692308,0.6666666666666666,0.012715800003206823,0.0025307000032626092,0.06555220000154804,,C,0.17167511633913118,0.9328286250628983,2.6092053411148144,27.766956309300546,0.9509101503852806,0.26918498153884124,0.37940381733047795,0.33043478260869563,2.5065789473684212,0.7350779826187263,0.44240045675375206
wine,P2_Full,,main,clean,0.0,6,0.2,35,0.9831460674157303,0.9282018683135121,0.9486690649426885,-0.023331672028412118,1.0,0.12460897748719318,0.3493109544118245,0.5555555555555556,0.014018699999724049,0.005745700000261422,0.09129499999835389,,C,0.20598805636131337,0.9323656807170126,2.481078400455127,31.46996525716503,0.953734383381847,0.31594466967910195,0.39909723674599745,0.33034158243290346,2.5067924030598787,0.7110228983560191,0.4724076775666834
wine,P2_Full,,main,clean,0.0,7,0.05,8,0.9157303370786517,0.7324226887228483,0.7583113730194622,-0.01918161574292651,1.0,0.13594193885306494,0.31998377442359927,0.6,0.013501699999324046,0.001993199999560602,0.022584999998798594,,C,0.15552989376578594,0.934471898944232,2.6497898361989614,27.294968226150473,0.9505785992286432,0.24579836779801492,0.3738101926747951,0.334055829228243,2.498377900117971,0.7411752904762563,0.43713249241556257
wine,P2_Full,,main,clean,0.0,7,0.1,17,0.9157303370786517,0.7513606125691488,0.7542827058691889,-0.016123168726536397,1.0,0.1343249075715221,0.27998824914296466,0.7777777777777778,0.01504679999925429,0.0021143999983905815,0.048020800000813324,,C,0.16224591607776462,0.9346745267961717,2.6230097991259966,27.65407927751029,0.9512638336725833,0.2539485144585123,0.37758013410821195,0.33539853811347026,2.4953819012038188,0.7377425563767607,0.4415013605647158
wine,P2_Full,,main,clean,0.0,7,0.15,26,0.9887640449438202,0.9537059433155869,0.9636510381114426,-0.0155613669400709,1.0,0.1377334788086894,0.33634155326419407,0.7777777777777778,0.013417599999229424,0.002139699994586408,0.0695384999999078,,C,0.15391626313287518,0.9452478104762768,2.6087561452662134,24.567537168495242,0.9591178939647222,0.25332472745105056,0.3794702221932154,0.3347826086956522,2.4967532467532467,0.747697708740254,0.42435309871110793
wine,P2_Full,,main,clean,0.0,7,0.2,35,0.9887640449438202,0.9537059433155869,0.9636510381114426,-0.019018907885013422,1.0,0.15168994214652057,0.26776296893755597,0.7777777777777778,0.0115458000000217,0.001880299998447299,0.09200370000326075,,C,0.13721221843132536,0.9529931498571947,2.7017656160263592,20.508953955698118,0.9630189779648364,0.21328440593623055,0.36595699610949955,0.3352213314743813,2.4957759292955553,0.7916902624840212,0.3574192559340562
wine,P2_Full,,main,clean,0.0,9,0.05,8,0.9775280898876404,0.9087631994688335,0.9308728982369983,-0.011613605987549772,1.0,0.13811427990708902,0.3185495972633362,0.6,0.014044099996681325,0.0019242000053054653,0.022367300000041723,,C,0.1473226759081218,0.935327395066145,2.6680356245574632,25.830981454323748,0.9507987088813177,0.23922515307673473,0.3712145292396118,0.33274220032840723,2.5013324121594946,0.747754985777065,0.4254375882822062
wine,P2_Full,,main,clean,0.0,9,0.1,17,0.9887640449438202,0.9537059433155869,0.9636510381114426,-0.02595941541641595,1.0,0.1409990314153135,0.26432322131262886,0.8888888888888888,0.020541700003377628,0.002976100004161708,0.05151489999843761,,C,0.14482082809969754,0.9408396627650893,2.67879514261647,24.522302492388228,0.9545755985689439,0.23218149939397234,0.3695938838996969,0.3333101287852419,2.5000522138680035,0.757605927780804,0.4100341200057313
wine,P2_Full,,main,clean,0.0,9,0.15,26,0.9887640449438202,0.9537059433155869,0.9636510381114426,-0.036840297782184644,1.0,0.1462268135923804,0.2242563267548879,0.7777777777777778,0.01249410000309581,0.001705200003925711,0.07134759999462403,,C,0.1428809851265736,0.9471682900515593,2.6921951433905456,22.75988571265689,0.9590188110008369,0.22430697323336052,0.3675156248546421,0.33354037267080744,2.499534450651769,0.773409687362842,0.38581273069966454
wine,P2_Full,,main,clean,0.0,9,0.2,35,0.9887640449438202,0.9537059433155869,0.9636510381114426,-0.02924245580511141,1.0,0.15008172080502352,0.30892715851465863,0.8888888888888888,0.011547000001883134,0.0017359000048600137,0.09019609999813838,,C,0.14184430159414518,0.9514156497073324,2.702498081362274,21.236459095167184,0.9620327031041277,0.2185282572029702,0.36585601488039826,0.3338271174625305,2.4988906290785695,0.7869945840114441,0.36393183995696693
wine,P2_Full,,main,clean,0.0,8,0.05,8,0.9438202247191011,0.8089710469087669,0.8393346789301926,-0.01905227390239257,1.0,0.1368302279992364,0.31884283423423765,0.6,0.013506300005246885,0.003269100001489278,0.023947599998791702,,C,0.1502801791187541,0.9345728991802008,2.656488476130755,26.37081090378419,0.9504853261166173,0.24320849826806232,0.372853095425155,0.33307060755336615,2.5005915992900807,0.7436922731072625,0.4318169766165047
wine,P2_Full,,main,clean,0.0,8,0.1,17,0.9044943820224719,0.7316027043110153,0.7452604948452362,-0.019073291755266886,1.0,0.1364712538377477,0.2805582781632741,0.6666666666666666,0.013104500001645647,0.0019941999998991378,0.047234300000127405,,C,0.15637763604918295,0.9350335878494918,2.6508195085700805,26.643622293688942,0.951040268566767,0.24638394190820498,0.37355686949865263,0.33358858336233904,2.49942612687813,0.7443126174318307,0.43083975621300796
wine,P2_Full,,main,clean,0.0,8,0.15,26,0.9887640449438202,0.9537059433155869,0.9636510381114426,-0.020810806238977228,1.0,0.13436394781449626,0.3091600206163194,0.5555555555555556,0.021024699999543373,0.0036010000039823353,0.07823610000195913,,C,0.1692652314983022,0.9396584186393051,2.6061909257409988,27.17819069457004,0.9555816639134759,0.2638851172790599,0.3798498785857949,0.33183229813664594,2.503392606457651,0.7380713763943527,0.43801657646252923
wine,P2_Full,,main,clean,0.0,8,0.2,35,0.9887640449438202,0.9537059433155869,0.9636510381114426,-0.02586604120639431,1.0,0.1510072354130402,0.2748713062869178,0.6666666666666666,0.020065400000021327,0.005296099996485282,0.10922540000319714,,C,0.13814572797398603,0.9489543552785352,2.7073271802030074,20.736365489483006,0.9600613604195952,0.21758967296164852,0.3651916195101187,0.3329557337051237,2.500850562679927,0.7895631415881674,0.35976254234133853
wine,P2_Full,,main,clean,0.0,10,0.05,8,0.9382022471910112,0.8058324761423736,0.824848761293365,-0.028822876297049903,1.0,0.1368963203985291,0.3005208134651184,0.8,0.013405600002442952,0.0021267000047373585,0.022149199998239055,,C,0.15147206356378154,0.9362976800906148,2.6686539764533435,26.530996261793987,0.9516871361764317,0.24158391888565592,0.371127183725162,0.3316256157635468,2.503862150920974,0.7440448597849315,0.4319647941910978
wine,P2_Full,,main,clean,0.0,10,0.1,17,0.9101123595505618,0.7450375258955847,0.7577448645279736,-0.027301422795255145,1.0,0.13740251990900934,0.26824527647760177,0.6666666666666666,0.01286660000187112,0.002100300000165589,0.043203999994148035,,C,0.15456068237219173,0.9402014357807024,2.6670420682681026,26.18930375323545,0.9546793144090847,0.24211080679609706,0.3712486794004181,0.33122171945701356,2.5047814207650276,0.74711944764324,0.42700204529293423
wine,P2_Full,,main,clean,0.0,10,0.15,26,0.9775280898876404,0.9087631994688335,0.9308728982369983,-0.024200562730195434,1.0,0.13551576878062724,0.3015081021520827,0.6666666666666666,0.018701000000874046,0.0022301999997580424,0.07032449999678647,,C,0.16876325129656994,0.9450722734948563,2.6255164257929833,26.94236110843387,0.9592028873601287,0.25725830585667914,0.37700793360675044,0.3312111801242236,2.504805438349742,0.7414078629111476,0.4337677946347905
wine,P2_Full,,main,clean,0.0,10,0.2,35,0.9887640449438202,0.9537059433155869,0.9636510381114426,-0.019073874295321126,1.0,0.15091286849872088,0.2823316686683231,0.7777777777777778,0.011511299999256153,0.0018151000040234067,0.08906019999994896,,C,0.13768391558162277,0.9524548023560724,2.716615061327979,20.5910899341269,0.9627198881459738,0.21590163252192116,0.36392041787926244,0.3312129661903102,2.5048013680610364,0.789292617485849,0.36027000007098764
wine,P2_Full,,main,clean,0.0,11,0.05,8,0.9101123595505618,0.7389178253214167,0.7424567943676132,-0.0127429654800221,1.0,0.13598883811764684,0.3932327926158905,0.6,0.014781400001083966,0.0031026000069687143,0.024610100001154933,,C,0.15247086041137153,0.9329393606723099,2.647626045974423,26.802073785942106,0.9494489309399217,0.24618867987431783,0.3741203884511186,0.33385878489326765,2.498819594727523,0.7412636178383998,0.4359884254774126
wine,P2_Full,,main,clean,0.0,11,0.1,17,0.8651685393258427,0.6640244986718581,0.638329662982847,-0.0346641921313012,1.0,0.13686420760272394,0.25172768698798287,0.6666666666666666,0.013463800001773052,0.0022701999987475574,0.04638750000594882,,C,0.15633871381406536,0.9364716358735888,2.6426695881919042,26.59608689814072,0.9521824890415389,0.2473045447335615,0.37472715697533515,0.3339366515837104,2.4986449864498645,0.745314038778014,0.43157922951447725
wine,P2_Full,,main,clean,0.0,11,0.15,26,0.9887640449438202,0.9537059433155869,0.9636510381114426,-0.023752953173071228,1.0,0.13184384684099348,0.3096112012863159,0.7777777777777778,0.013602099999843631,0.0027015999949071556,0.06882720000430709,,C,0.1856399458313945,0.9428349353611138,2.5657559902763936,29.70698369026558,0.9585456686741305,0.2748310250720768,0.3859346051664495,0.3347826086956522,2.4967532467532467,0.7298587695246838,0.45388000487683944
wine,P2_Full,,main,clean,0.0,11,0.2,35,0.9887640449438202,0.9537059433155869,0.9636510381114426,-0.020938144683934522,1.0,0.15087565436526346,0.2884681390391456,0.8888888888888888,0.017858999999589287,0.003000700002303347,0.09781100000691367,,C,0.13799678204515098,0.9487635906536954,2.6988240226389406,20.718172853946214,0.9599736181443828,0.21879026328561166,0.36636309054972677,0.3338271174625305,2.4988906290785695,0.7892629888905429,0.359662994045489
wine,P2_Full,,main,clean,0.0,12,0.05,8,0.9775280898876404,0.9087631994688335,0.9308728982369983,-0.018317367433483937,1.0,0.13720013085794489,0.32077488899230955,0.6,0.013569399998232257,0.0017872999960673042,0.022022500001185108,,C,0.15072307254425776,0.9387002402960661,2.6572114551101738,26.332238104258465,0.95344535203753,0.24054110183596086,0.37275008518053065,0.33385878489326765,2.498819594727523,0.7448189850043705,0.4312653547471694
wine,P2_Full,,main,clean,0.0,12,0.1,17,0.9887640449438202,0.9537059433155869,0.9636510381114426,-0.030287085732590677,1.0,0.14139727018050427,0.2639576296011607,0.8888888888888888,0.013325100000656676,0.002056499994068872,0.043053699999290984,,C,0.14383266427703015,0.9434237726340721,2.6752984011474124,24.288267985956935,0.9564262345205529,0.22982200284197993,0.37008469458380683,0.3344239470936303,2.4975541215653623,0.7588229270478207,0.40845378708817237
wine,P2_Full,,main,clean,0.0,12,0.15,26,0.9887640449438202,0.9537059433155869,0.9636510381114426,-0.02006130862143309,1.0,0.14672725008300372,0.22307458188798693,0.6666666666666666,0.0125183999989531,0.0016500000056112185,0.06772110000019893,,C,0.14184450761059444,0.9502600267781622,2.6872313846679643,22.521268811310406,0.9612859969255987,0.22167221719764837,0.36820603149069087,0.3347826086956522,2.4967532467532467,0.7749693265067824,0.38376987426751263
wine,P2_Full,,main,clean,0.0,12,0.2,35,0.9887640449438202,0.9537059433155869,0.9636510381114426,-0.021589316223293825,1.0,0.1505803191492776,0.30979681346151566,0.8888888888888888,0.011912100002518855,0.002759499999228865,0.0877561000015703,,C,0.14088624666473698,0.9538339585790685,2.696906689540615,21.039543958372846,0.9638123915783501,0.21614227020897286,0.3666282601429044,0.3352213314743813,2.4957759292955553,0.788369274797986,0.36210080636543684
wine,P2_Full,,main,clean,0.0,13,0.05,8,0.9775280898876404,0.9087631994688335,0.9308728982369983,-0.030470071255755717,1.0,0.1361203202533633,0.322218257188797,0.6,0.016267899998638313,0.004808899997442495,0.027682299994921777,,C,0.15019009077094655,0.9353064856806581,2.6422947691610053,26.33433146286265,0.9512271980767912,0.2460944124560128,0.3748868354417909,0.334055829228243,2.498377900117971,0.7415002440214508,0.4349293478842122
wine,P2_Full,,main,clean,0.0,13,0.1,17,0.9887640449438202,0.9537059433155869,0.9636510381114426,-0.03144396911829771,1.0,0.14129421594320807,0.2647088865439097,0.8888888888888888,0.015626000000338536,0.002112699999997858,0.05118669999501435,,C,0.1436161053547822,0.9408867300616034,2.6700329203749504,24.31709201417248,0.9546027511088774,0.2320294759800603,0.3708261950047817,0.33470240167072746,2.496932196339434,0.7585068102573354,0.4084866690450392
wine,P2_Full,,main,clean,0.0,13,0.15,26,0.9887640449438202,0.9537059433155869,0.9636510381114426,-0.023453062329967876,1.0,0.14655369156274492,0.22382230228847927,0.7777777777777778,0.013759900000877678,0.0016199999954551458,0.07583639999938896,,C,0.14165639204651495,0.9472336314230265,2.6814122820938526,22.563260529420035,0.9590706614402271,0.22432906293206797,0.3690186622343069,0.33509316770186337,2.4960611677479148,0.77437224865502,0.3842074566866356
wine,P2_Full,,main,clean,0.0,13,0.2,35,0.9887640449438202,0.9537059433155869,0.9636510381114426,-0.023293747523643202,1.0,0.15037199198551596,0.30901772114965653,0.8888888888888888,0.013788199998089112,0.004278100001101848,0.0992640999975265,,C,0.14073257221181243,0.9513672895854539,2.690596431177472,21.071085689562537,0.9620009794255716,0.21865303721457946,0.367503645543674,0.335569884977344,2.4950012983640613,0.7878003352656008,0.36250350566980016
wine,P2_Full,,main,clean,0.0,14,0.05,8,0.9213483146067416,0.742667259147594,0.7784328868151985,-0.027453771105150886,1.0,0.13521638726543952,0.31722272038459776,0.8,0.013396099995588884,0.001958000000740867,0.02173659999971278,,C,0.15280474207094455,0.932189789840729,2.645528540219147,26.88236379295674,0.9490604255743835,0.2487919694398409,0.37442156618804595,0.33307060755336615,2.5005915992900807,0.738912822770895,0.4385133063082549
wine,P2_Full,,main,clean,0.0,14,0.1,17,0.8426966292134831,0.5961159452480249,0.5963774917840351,-0.03216689534883249,1.0,0.13356263795282303,0.2876947257253859,0.5555555555555556,0.014744400003110059,0.0018918999994639307,0.04990710000129184,,C,0.16193670383506895,0.9304293347660471,2.630769034600392,27.727309940562158,0.9484295318691941,0.2587325713016515,0.3764490405884821,0.33177862861120777,2.5035144775493077,0.7353437062850667,0.4436819675719486
wine,P2_Full,,main,clean,0.0,14,0.15,26,0.7584269662921348,0.48502829005991216,0.4414803489759758,-0.030126990763051906,1.0,0.12830330859647224,0.2911164363225301,0.7777777777777778,0.012257700000191107,0.005230399998254143,0.07565450000402052,,C,0.18886368957447539,0.9302312497490244,2.5701517940283503,30.632351429722533,0.9503097389813104,0.28778628196805467,0.3852638406758634,0.3293478260869565,2.509075907590759,0.720067573823666,0.46458671821833847
wine,P2_Full,,main,clean,0.0,14,0.2,35,0.9775280898876404,0.9087631994688335,0.9308728982369983,-0.013000731850861666,1.0,0.1170509124641319,0.31495504909091526,0.6666666666666666,0.011493600002722815,0.004218199996103067,0.09704140000394545,,C,0.2359045057572971,0.9276884703972932,2.4075290770020765,36.222179620420036,0.9527983526818002,0.34724590148300677,0.41149185895512147,0.32964447542697806,2.5083928099392017,0.6878541983019434,0.5051216560717353
wine,P2_Full,,main,clean,0.0,15,0.05,8,0.9550561797752809,0.8207929701699325,0.8722713222568403,-0.017310187372227143,1.0,0.13651281480085803,0.3617032289505005,0.6,0.016887499994481914,0.00494040000194218,0.029359599997405894,,C,0.15095675545727147,0.932510683446778,2.648646558637411,26.54811562935234,0.9489499588535288,0.24358337358160764,0.37397402705460214,0.3351724137931035,2.4958847736625516,0.7435049848991178,0.43232131535662793
wine,P2_Full,,main,clean,0.0,15,0.1,17,0.9325842696629213,0.7687603897791723,0.8218347323357028,-0.02771100107138264,1.0,0.13870600686428117,0.26202120383580524,0.6666666666666666,0.013584799999080133,0.0018793000053847209,0.051664200000232086,,C,0.15569387918292926,0.9407591243902431,2.6644618934071276,26.365677563104825,0.95493818270609,0.23934585993039562,0.37161391405400307,0.33358858336233904,2.49942612687813,0.7503865357932747,0.42397572871973305
wine,P2_Full,,main,clean,0.0,15,0.15,26,0.9213483146067416,0.7692931482044307,0.808298379596206,-0.013037047568616898,1.0,0.13726427378099124,0.2857097056176927,0.6666666666666666,0.021047100002761,0.004601599997840822,0.0829169999997248,,C,0.17636247567121935,0.9416947554406707,2.638211703648099,28.256529869040094,0.9564362907953725,0.2528337796388339,0.3751636669201206,0.3338509316770186,2.4988372093023257,0.7468780858380674,0.4300675491080528
wine,P2_Full,,main,clean,0.0,15,0.2,35,0.8876404494382022,0.7153414517803942,0.744397839461608,-0.011137695151820696,1.0,0.1350136920730056,0.2447417974472046,0.8888888888888888,0.011744100003852509,0.001902100004372187,0.10318199999892386,,C,0.2000961055649466,0.943660832886557,2.5969165866848076,30.203912905033057,0.9589173715518031,0.2707980867826097,0.3809996819068997,0.3341756709654932,2.498109517601043,0.7413405378189387,0.4373045639010788
wine,P2_Full,,main,clean,0.0,16,0.05,8,0.9550561797752809,0.8207929701699325,0.8722713222568403,-0.013238509563703363,1.0,0.13451239564847378,0.3928409397602081,0.6,0.01342040000599809,0.0019477999958326109,0.027204199999687262,,C,0.15420278517884123,0.930744045813893,2.632619237479098,27.17045523709028,0.9480933804497564,0.2505103689603594,0.3762857600963461,0.3351724137931035,2.4958847736625516,0.7373611103865542,0.4409517551965349
wine,P2_Full,,main,clean,0.0,16,0.1,17,0.9325842696629213,0.7687603897791723,0.8218347323357028,-0.03239908293151941,1.0,0.1384555309811066,0.29685863852500916,0.7777777777777778,0.015893099996901583,0.004732000001240522,0.054192700001294725,,C,0.1557925670134249,0.9379918906798514,2.6621029303855126,26.460222145234795,0.9529617855807551,0.24141834132716175,0.37194845477836064,0.33358858336233904,2.49942612687813,0.7497553177420575,0.4239165758228157
wine,P2_Full,,main,clean,0.0,16,0.15,26,0.9044943820224719,0.7145381911563765,0.7621580858634524,-0.0248094436025167,1.0,0.13881800001655545,0.3221626149283515,0.6666666666666666,0.01374789999681525,0.0017683999976725318,0.08163609999610344,,C,0.1690110875362003,0.9413210373986316,2.6489331328422776,27.08945218458402,0.9558659626848462,0.2478729112002991,0.3736199134848694,0.3338509316770186,2.4988372093023257,0.751380972533215,0.4220363714579067
wine,P2_Full,,main,clean,0.0,16,0.2,35,0.8876404494382022,0.6978334399488939,0.7372432212211157,-0.027335800146880793,1.0,0.13541150969657398,0.28375503089692855,0.7777777777777778,0.01533900000504218,0.004438399999344256,0.10807170000043698,,C,0.2014810913010432,0.9440086863187187,2.6016022715944103,30.401765652133065,0.9591676536680348,0.27073784043727456,0.38030154464518345,0.3329557337051237,2.500850562679927,0.7424955716906098,0.4359292329114702
wine,P2_Full,,main,clean,0.0,17,0.05,8,0.9269662921348315,0.7816410769967962,0.7837275561712721,-0.022458598899590905,1.0,0.13845693784145968,0.3192942440509796,0.6,0.014708800001244526,0.0016584000040893443,0.02265120000083698,,C,0.14552623607423587,0.936615288701524,2.6690180129554872,25.48091492600406,0.9517204357941373,0.23830899886068535,0.371075780548056,0.3321510673234811,2.502669566936919,0.7486552377663876,0.4239203671117689
wine,P2_Full,,main,clean,0.0,17,0.1,17,0.9044943820224719,0.7568563282641282,0.7273537062009344,-0.029566212769382674,1.0,0.13669668458200307,0.28548307882414925,0.6666666666666666,0.014856000001600478,0.0018458999984432012,0.050678900006460026,,C,0.14981297409669844,0.940230694265232,2.6394655631018686,25.38404548668929,0.9549867455688537,0.2468834315911757,0.37518921791610255,0.3326139923424991,2.5016220175805777,0.7448399637784676,0.4304359047083715
wine,P2_Full,,main,clean,0.0,17,0.15,26,0.9887640449438202,0.9537059433155869,0.9636510381114426,-0.030293495034010062,1.0,0.13401057530980792,0.2503339582019382,0.7777777777777778,0.012436400000296999,0.0021579000022029504,0.07529860000067856,,C,0.1572124375214952,0.947977920387677,2.573525742830651,25.02139219201682,0.961844630067902,0.26655431277568925,0.38475055742718706,0.33260869565217394,2.5016339869281046,0.736247951107357,0.4406411093777862
wine,P2_Full,,main,clean,0.0,17,0.2,35,0.9887640449438202,0.9537059433155869,0.9636510381114426,-0.01726885207624381,1.0,0.1500962517288132,0.315655208296246,0.7777777777777778,0.012595499996677972,0.004771599997184239,0.09829349999927217,,C,0.13890584526263106,0.9500242762001246,2.694203237576679,20.826981030625106,0.9610868058030939,0.2213580667139198,0.367002792223942,0.33278145695364236,2.5012437810945274,0.7868556753286633,0.36337230881344645
wine,P2_Full,,main,clean,0.0,18,0.05,8,0.9213483146067416,0.7780889306682082,0.7836509457111227,-0.02011436109856467,1.0,0.13707190226194324,0.3235791563987732,0.6,0.013379099997109734,0.0019896000012522563,0.02375670000037644,,C,0.14786788767402137,0.934773737875957,2.656412178700837,25.941932805313257,0.9506103978823346,0.2427957618705866,0.3728639695749297,0.33274220032840723,2.5013324121594946,0.7445052044231786,0.431337077105225
wine,P2_Full,,main,clean,0.0,18,0.1,17,0.9775280898876404,0.9087631994688335,0.9308728982369983,-0.02929959776343654,1.0,0.13455021566700257,0.26724910404947066,0.6666666666666666,0.01390720000199508,0.005341199997928925,0.04885949999879813,,C,0.16042167581635436,0.9314160516074598,2.641070572188301,27.438803346424535,0.948942920466506,0.2555535117157625,0.3749576151692793,0.3305951966585451,2.5062118340703305,0.738447514922335,0.4393121517977764
wine,P2_Full,,main,clean,0.0,18,0.15,26,0.9887640449438202,0.9537059433155869,0.9636510381114426,-0.02760153277763601,1.0,0.14639586440844052,0.3264387316173977,0.8888888888888888,0.01298260000476148,0.001846599996497389,0.06947539999964647,,C,0.14182094726621491,0.9457891252457875,2.6964947359242624,22.623972110181107,0.9580010672373681,0.22526738494718135,0.3669196511749701,0.33175465838509316,2.5035689211326937,0.7740212660123076,0.3841271506424868
wine,P2_Full,,main,clean,0.0,18,0.2,35,0.9887640449438202,0.9537059433155869,0.9636510381114426,-0.02126240565152525,1.0,0.1526759556539119,0.24434173107147217,0.7777777777777778,0.012993199998163618,0.0017099999968195334,0.09193260000029113,,C,0.13732854206675893,0.9560478196361202,2.725538272009416,20.46075697587588,0.9652695578664033,0.20981298661264236,0.36270728772275623,0.33182293482049496,2.5034138655462184,0.7947625561078315,0.3532440497880438
wine,P2_Full,,main,clean,0.0,19,0.05,8,0.9719101123595506,0.8920222215557123,0.9133577991086984,-0.022828515218614946,1.0,0.138909398214885,0.30521329045295714,0.6,0.018815899995388463,0.001924299998790957,0.027482399993459694,,C,0.14438857537752559,0.9369911436906861,2.6713762755288366,25.27157498950244,0.9518364334330617,0.2356063990353864,0.37074312529223763,0.3333333333333333,2.5,0.7507429831944501,0.4210066586281843
wine,P2_Full,,main,clean,0.0,19,0.1,17,0.9887640449438202,0.9537059433155869,0.9636510381114426,-0.024665763844821685,1.0,0.14204913660649957,0.2771041327052646,0.6666666666666666,0.013137100002495572,0.001959000001079403,0.04810189999989234,,C,0.14241865253693037,0.9404267258406254,2.681248259581726,24.126134581878183,0.9541253732993484,0.22994619067059296,0.36925032283310827,0.33358858336233904,2.49942612687813,0.7608276364915972,0.405484118580244
wine,P2_Full,,main,clean,0.0,19,0.15,26,0.9887640449438202,0.9537059433155869,0.9636510381114426,-0.028363206463513577,1.0,0.14730054121342853,0.22570571965641445,0.7777777777777778,0.012440400001651142,0.0017957999953068793,0.06773229999816976,,C,0.1394676110728102,0.9487957936349097,2.6943406277455377,22.178052254842115,0.9601053862047555,0.22087233398770856,0.36721799793535,0.3338509316770186,2.4988372093023257,0.7766785686695179,0.3809578691000393
wine,P2_Full,,main,clean,0.0,19,0.2,35,0.9887640449438202,0.9537059433155869,0.9636510381114426,-0.024205120998608096,1.0,0.15125874623697033,0.3078061706489987,0.8888888888888888,0.011614600000029895,0.0017458000002079643,0.08655459999863524,,C,0.13818948157441222,0.9535979505685888,2.7055311836767415,20.64192432201027,0.96354551176552,0.21437762596316015,0.3654384386563258,0.3341756709654932,2.498109517601043,0.7903922963935512,0.35886488933787364
wine,P2_Full,,main,clean,0.0,21,0.05,8,0.9438202247191011,0.8162476817299315,0.8391713618581365,-0.014908695463615127,1.0,0.13814909617344528,0.31369762420654296,0.8,0.01512409999850206,0.0020667999997385778,0.023671899994951673,,C,0.14774687628738786,0.9349974599952638,2.6721649860207854,25.914500382542073,0.9505202866347187,0.23880338581113644,0.3706320012361975,0.33241379310344826,2.5020746887966805,0.747741286149165,0.42585756151162946
wine,P2_Full,,main,clean,0.0,21,0.1,17,0.9101123595505618,0.7450375258955847,0.7577448645279736,-0.029850410374087834,1.0,0.13804655583348013,0.27153099576632184,0.6666666666666666,0.013537200000428129,0.0022412999969674274,0.04525439999997616,,C,0.15254711729982506,0.9361316003532095,2.6682653369082163,25.96049301485194,0.9515746236048241,0.2417944294364457,0.37107576738271536,0.33198746954403063,2.5030404697001467,0.7490209712976419,0.423833884404464
wine,P2_Full,,main,clean,0.0,21,0.15,26,0.8820224719101124,0.6971646841687938,0.6977672050338136,-0.028080299189586308,1.0,0.13624584582929306,0.2997291816605462,0.6666666666666666,0.012533099994470831,0.00213649999932386,0.06721329999709269,,C,0.16619460522145252,0.9411161623811287,2.6289334670240727,26.64381941009725,0.956246401134575,0.25695062287511927,0.37650978172207805,0.3312111801242236,2.504805438349742,0.743716322694878,0.4301324124061507
wine,P2_Full,,main,clean,0.0,21,0.2,35,0.9887640449438202,0.9537059433155869,0.9636510381114426,-0.02172590732531711,1.0,0.1287736065725994,0.27791453732384575,0.7777777777777778,0.011706899997079745,0.0029617000036523677,0.08761679999588523,,C,0.18540928564497833,0.9446625614065896,2.5121571804176,27.957303412108388,0.960992807289025,0.29510303146521294,0.3940779349930654,0.3312129661903102,2.5048013680610364,0.7227839815949795,0.45488082804192775
wine,P2_Full,,main,clean,0.0,20,0.05,8,0.9382022471910112,0.797940050771874,0.8249943648079151,-0.009652069540643625,1.0,0.1353616693113786,0.3152172267436981,0.8,0.016021099996578414,0.003135499995551072,0.0259342999997898,,C,0.15331589739660434,0.9335758981050083,2.647913760469933,26.932242856897346,0.9500318968756682,0.247741381534595,0.3740791131678982,0.33307060755336615,2.5005915992900807,0.7392421611202491,0.43854425546601783
wine,P2_Full,,main,clean,0.0,20,0.1,17,0.9775280898876404,0.9087631994688335,0.9308728982369983,-0.03325826268587892,1.0,0.13530778047848982,0.2755049996905857,0.5555555555555556,0.013368499996431638,0.002263800000946503,0.047350799999549054,,C,0.15744286864230883,0.9342226961977967,2.641300151474221,26.848400436755142,0.9507371845442784,0.2510666657323295,0.37492450989769366,0.3326139923424991,2.5016220175805777,0.7409433867313114,0.4353989988413925
wine,P2_Full,,main,clean,0.0,20,0.15,26,0.9887640449438202,0.9537059433155869,0.9636510381114426,-0.030082486176887333,1.0,0.14550243784653852,0.24171621600786844,0.7777777777777778,0.01306750000367174,0.001958799999556504,0.06960280000203056,,C,0.14397129016658677,0.9460088938316707,2.6859309606573505,22.961669845876116,0.9583102332696489,0.22784010758412698,0.3683873286354806,0.3327639751552795,2.501283247783481,0.7713034664043478,0.38833448887539795
wine,P2_Full,,main,clean,0.0,20,0.2,35,0.9887640449438202,0.9537059433155869,0.9636510381114426,-0.028945702406822666,1.0,0.1497351808455856,0.26411232683393693,0.7777777777777778,0.01651329999731388,0.0018339999951422215,0.09343600000283914,,C,0.14185014492771336,0.9511972893590314,2.6948269061701615,21.24220926020918,0.9620192737728775,0.2217496584044534,0.36691632345287445,0.3329557337051237,2.500850562679927,0.7858468362165958,0.36495668180112595
wine,P2_Full,,main,clean,0.0,22,0.05,8,0.9382022471910112,0.7932370847331245,0.8252042541307996,-0.02305579271366475,1.0,0.1388331746022788,0.31989866495132446,0.6,0.013642199999594595,0.0018415000013192184,0.02220579999993788,,C,0.14517949047934514,0.9367312307940923,2.6628669014368342,25.417055173179676,0.9517653543318902,0.23762313897508436,0.3719462257522064,0.33385878489326765,2.498819594727523,0.7499057402180795,0.4229281587414204
wine,P2_Full,,main,clean,0.0,22,0.1,17,0.8932584269662921,0.7033424346902223,0.7175387821383805,-0.02506100739661248,1.0,0.13660550915362718,0.2850945724381341,0.6666666666666666,0.013406299993221182,0.0019523000009940006,0.04506799999944633,,C,0.154063707308976,0.9348160911828377,2.6417348671525502,26.255482350849043,0.9509164184655703,0.24699849356830106,0.37486183977631954,0.3344239470936303,2.4975541215653623,0.7447050703547503,0.4297330428085385
wine,P2_Full,,main,clean,0.0,22,0.15,26,0.9887640449438202,0.9537059433155869,0.9636510381114426,-0.015065213764199507,1.0,0.1341704250004931,0.3115391863716973,0.5555555555555556,0.012490699999034405,0.0020850000000791624,0.06701250000332948,,C,0.16869945060423075,0.9384091809240165,2.594017610187838,27.12340515409909,0.9548026586672377,0.2661675553136723,0.3816617844258333,0.33260869565217394,2.5016339869281046,0.7374832583069749,0.4383618164029947
wine,P2_Full,,main,clean,0.0,22,0.2,35,0.9887640449438202,0.9537059433155869,0.9636510381114426,-0.025237789247138934,1.0,0.1516365926027393,0.223233120308982,0.7777777777777778,0.012417600002663676,0.0020938000016030855,0.08734620000177529,,C,0.13556121537254776,0.9498781279986298,2.7035907970068145,20.32862802324381,0.9607002959982719,0.21591707507146535,0.3657054694949772,0.3338271174625305,2.4988906290785695,0.791537793526779,0.356409587793144
wine,P2_Full,,main,clean,0.0,23,0.05,8,0.9438202247191011,0.7885652836139131,0.8408618535164771,-0.015173930049292595,1.0,0.13532388572154,0.3538933515548706,0.6,0.013413100001343992,0.0018653000006452203,0.021795799999381416,,C,0.15303898468278346,0.9329870809379581,2.6393492190362804,26.900565473883248,0.9495128914927218,0.24660633779381771,0.37531162819213987,0.3355665024630542,2.495008807985907,0.7398050097533944,0.4377718093476664
wine,P2_Full,,main,clean,0.0,23,0.1,17,0.9325842696629213,0.7687603897791723,0.8218347323357028,-0.004230649783940161,1.0,0.13735544079433637,0.3193897439373864,0.6666666666666666,0.01329289999557659,0.0018137000006390736,0.04249539999727858,,C,0.1603263832163303,0.936296144734118,2.6537844867651046,27.27957479635885,0.9519472161923237,0.24568483952631295,0.3731328967804643,0.33358858336233904,2.49942612687813,0.7463549721360844,0.4300191701740852
wine,P2_Full,,main,clean,0.0,23,0.15,26,0.9101123595505618,0.7405145246893301,0.7791268534477213,-0.016974887664356415,1.0,0.13862926220343277,0.32552119758394027,0.7777777777777778,0.01232259999960661,0.001770299997588154,0.06395259999408154,,C,0.17051026759281157,0.9435328310212757,2.6487811875399725,27.265678571898647,0.957497583741398,0.24730747038839393,0.37364170443125355,0.3338509316770186,2.4988372093023257,0.7508006152589057,0.4237342980139545
wine,P2_Full,,main,clean,0.0,23,0.2,35,0.8820224719101124,0.6894040562461647,0.7273908011021425,-0.029549082423910484,1.0,0.13575088289366527,0.23883621229065788,0.8888888888888888,0.011349599997629412,0.001720799999020528,0.08309569999983069,,C,0.20041573634100077,0.9451852403261932,2.6057976666679212,30.203369131485545,0.9598468115837139,0.2674748798456682,0.3796785878742292,0.3341756709654932,2.498109517601043,0.7436138154366471,0.43449841269843326
wine,P2_Full,,main,clean,0.0,24,0.05,8,0.9606741573033708,0.8390568221413046,0.8865577538523808,-0.02963582803928714,1.0,0.13719050948821707,0.3169669687747955,0.6,0.014213200003723614,0.0019299999985378236,0.02247429999988526,,C,0.14932203862273744,0.9331071661007436,2.6615078536287626,26.24383807439331,0.9493101063800607,0.2422223627678781,0.3721390875999428,0.3329392446633826,2.5008877490629313,0.7453812889456716,0.42974822134738966
wine,P2_Full,,main,clean,0.0,24,0.1,17,0.949438202247191,0.8207758590448542,0.8644684864896337,-0.022099227358551226,1.0,0.1397591140149287,0.2697390649053786,0.8888888888888888,0.013560400002461392,0.0018353999985265546,0.043467199997394346,,C,0.15078113604922386,0.9423959264636502,2.6685631564021937,25.489390299027647,0.9559891545720625,0.23597685500200805,0.3710336938636658,0.3333797424295162,2.499895594069743,0.7536207077264454,0.4185252428805551
wine,P2_Full,,main,clean,0.0,24,0.15,26,0.9269662921348315,0.7794492890987497,0.8198916466262289,-0.031260190680287896,1.0,0.1402389806660276,0.27374255657196045,0.8888888888888888,0.01217690000339644,0.0017711999971652403,0.06310089999897173,,C,0.16677976203672706,0.944653657675205,2.6549880762948765,26.63750415208174,0.9581268145122388,0.2434335544337827,0.3727535853585659,0.3336180124223602,2.49936001861764,0.7556773046443028,0.4165161358370011
wine,P2_Full,,main,clean,0.0,24,0.2,35,0.9044943820224719,0.7583235831544782,0.7830775604537416,-0.028305135215948365,1.0,0.13885769671054268,0.23882964584562513,1.0,0.011482599998998921,0.0017289000024902634,0.08258129999740049,,C,0.18651817018144423,0.9484053174514122,2.629289661374614,28.01351909465923,0.9615859910819889,0.25546573754309254,0.3762270915884502,0.33391425583827117,2.498695198329854,0.7528594993782629,0.4204250037870353
wine,P2_Full,,main,clean,0.0,25,0.05,8,0.9550561797752809,0.8234745540631672,0.8721652587567043,-0.02001996752860345,1.0,0.1370667953342853,0.31790146231651306,0.6,0.017211899998073932,0.0022353000022121705,0.027973099997325335,,C,0.15121924265543524,0.9362804596797132,2.669348079624455,26.48720072414494,0.9515901976174574,0.2402675515358351,0.3710291861444829,0.33241379310344826,2.5020746887966805,0.7450110287093711,0.4308505311924454
wine,P2_Full,,main,clean,0.0,25,0.1,17,0.9438202247191011,0.8124985450280263,0.8520873274789127,-0.018214278325410022,1.0,0.1381574309448865,0.2647550834549798,0.8888888888888888,0.019400900004256982,0.0018052000013994984,0.05464229999779491,,C,0.15612799521350468,0.9410562069334775,2.6696036065868776,26.43084549624919,0.9551607970533993,0.23928881034180716,0.370886781196817,0.33289244691959624,2.5009933082392304,0.7487512741824365,0.42589743703793714
wine,P2_Full,,main,clean,0.0,25,0.15,26,0.9213483146067416,0.7708495182515108,0.8084413407104599,-0.021236254637880928,1.0,0.1383111779895141,0.2711846066845788,0.8888888888888888,0.014074799997615628,0.0016504000013810582,0.07590119999804301,,C,0.17140816885682042,0.9420323105370779,2.650564205741068,27.45291767035806,0.9564622448285113,0.2489306443835949,0.3733861536236259,0.3330745341614907,2.5005827505827507,0.7498984984075358,0.4247076603684281
wine,P2_Full,,main,clean,0.0,25,0.2,35,0.8932584269662921,0.7242620475661858,0.7552937601657358,-0.018357129126799515,1.0,0.13650466142636222,0.29528551631503636,0.8888888888888888,0.011929599997529294,0.001686600000539329,0.0955513999942923,,C,0.19204878473317244,0.9455835869874234,2.6160488718076786,28.93024696130361,0.9599326496337058,0.263689976091701,0.37816483485917335,0.3333042872080864,2.5000653594771243,0.7460194464204194,0.42987632352035143
wine,P2_Full,,main,clean,0.0,26,0.05,8,0.9325842696629213,0.7768033067514355,0.8086572988173987,-0.01860546598273736,1.0,0.138851655420552,0.31773701310157776,0.6,0.013531599994166754,0.001745699999446515,0.02153090000501834,,C,0.14619145027775202,0.937720393391065,2.6661976426367366,25.56722404292158,0.9524448077515525,0.2364243315302987,0.37147439321100706,0.33385878489326765,2.498819594727523,0.7498698775918026,0.4227084627452031
wine,P2_Full,,main,clean,0.0,26,0.1,17,0.8820224719101124,0.6694645598018873,0.6890637619051594,-0.022801222724262403,1.0,0.13538140573060853,0.2770943211184608,0.7777777777777778,0.018325300006836187,0.0018172999989474192,0.047381900003529154,,C,0.15882232314884975,0.9356315006448862,2.638398023333722,27.042855377207587,0.9516795050900666,0.24931456544676275,0.3753434199017275,0.3342847198050818,2.4978654727197003,0.7410738985616865,0.435831734868001
wine,P2_Full,,main,clean,0.0,26,0.15,26,0.9831460674157303,0.9276465009452134,0.9471317617859916,-0.029658824333746406,1.0,0.12874123721378575,0.3210025197929806,0.5555555555555556,0.014812300003541168,0.0018163999993703328,0.07680940000136616,,C,0.17910827443255614,0.9373120321841477,2.5444969233746453,28.830637716055918,0.9551428602734208,0.28443780697520377,0.3892112759623456,0.33260869565217394,2.5016339869281046,0.7209770480730278,0.4616739548469786
wine,P2_Full,,main,clean,0.0,26,0.2,35,0.9887640449438202,0.9537059433155869,0.9636510381114426,-0.024383019580224208,1.0,0.15161782921514,0.26678476730982464,0.6666666666666666,0.0130457999985083,0.002891999996791128,0.09973560000071302,,C,0.13695372727409086,0.9537754948437199,2.708387245471606,20.45352657065358,0.9636951880406767,0.2145981479611161,0.36504609111395714,0.33278145695364236,2.5012437810945274,0.7913453888291684,0.3571564083364406
wine,P2_Full,,main,clean,0.0,27,0.05,8,0.9719101123595506,0.8920222215557123,0.9133577991086984,-0.022226008048444653,1.0,0.13923878819262037,0.30279051065444945,0.6,0.014784399994823616,0.0015911000009509735,0.022544200000993442,,C,0.1448549819051093,0.9371494065794312,2.674996651858292,25.348926106416414,0.9518924866176813,0.23457344212481773,0.37023357833834386,0.3333333333333333,2.5,0.7516783919285203,0.42005028167639175
wine,P2_Full,,main,clean,0.0,27,0.1,17,0.9887640449438202,0.9537059433155869,0.9636510381114426,-0.01482949805242206,1.0,0.14240105423108798,0.2736036446359422,0.8888888888888888,0.01458279999496881,0.0014624999967054464,0.04382869999972172,,C,0.14300349210051339,0.9403212843495998,2.6858470034690543,24.22792456420153,0.9539758710492764,0.2288016179782662,0.3686079559503013,0.33358858336233904,2.49942612687813,0.7618651944126712,0.4044390183553461
wine,P2_Full,,main,clean,0.0,27,0.15,26,0.9887640449438202,0.9537059433155869,0.9636510381114426,-0.021265224463057477,1.0,0.14764125018184945,0.22613731688923305,0.7777777777777778,0.01234180000028573,0.0014789999986533076,0.0627870999960578,,C,0.13989500621383172,0.9488432272047558,2.6992296657278456,22.244904263380867,0.9600707201391698,0.21947226771618902,0.36654154596452815,0.3338509316770186,2.4988372093023257,0.7777275394389297,0.37990083767366917
wine,P2_Full,,main,clean,0.0,27,0.2,35,0.9887640449438202,0.9537059433155869,0.9636510381114426,-0.020438283011658735,1.0,0.15166361651781585,0.3068678743309445,0.8888888888888888,0.011557400001038332,0.0013902999999118038,0.08084889999736333,,C,0.1385259941506388,0.9536344277062109,2.71132462477768,20.691399083001713,0.9634954751768796,0.21268037862631278,0.3646434349115566,0.3341756709654932,2.498109517601043,0.7916208232557962,0.35755938063330733
wine,P2_Full,,main,clean,0.0,28,0.05,8,0.949438202247191,0.8208537094595312,0.8539573002754074,-0.021306734289036823,1.0,0.13798874018441964,0.31857162714004517,0.6,0.013730999999097548,0.0019046999950660393,0.023337500002526212,,C,0.14729221196753714,0.9353816547483347,2.66299480633592,25.824141930730136,0.9508757732380217,0.23977894248673504,0.3719280849620021,0.3333333333333333,2.5,0.747359077412604,0.42591585407326626
wine,P2_Full,,main,clean,0.0,28,0.1,17,0.9101123595505618,0.7400001765913676,0.7579015713077266,-0.025300098993193847,1.0,0.13681365258720962,0.28050755129920113,0.8888888888888888,0.01411020000523422,0.0019167999998899177,0.045535800003563054,,C,0.15442362705141255,0.9355574505168585,2.650351627455437,26.29596563357415,0.951370801512926,0.24538679991554663,0.37362386013112187,0.3339366515837104,2.4986449864498645,0.7453003708062657,0.42890418293122345
wine,P2_Full,,main,clean,0.0,28,0.15,26,0.9887640449438202,0.9537059433155869,0.9636510381114426,-0.007943967971927443,1.0,0.13499359389164037,0.3110448684957292,0.5555555555555556,0.012203699996462092,0.0018759000013233162,0.06561810000130208,,C,0.16732934834485283,0.9391909454696602,2.6101914226149607,26.88072722192156,0.9551321284933051,0.26215146982249754,0.37925812453130786,0.33206521739130435,2.5028641571194763,0.7401128911578704,0.4348550018105651
wine,P2_Full,,main,clean,0.0,28,0.2,35,0.9887640449438202,0.9537059433155869,0.9636510381114426,-0.03046318666624939,1.0,0.15067589811716603,0.22482954462369284,0.7777777777777778,0.015580500003125053,0.003822599996055942,0.0931990000026417,,C,0.13778807447395391,0.9498380653202836,2.7045150896785732,20.663437163036775,0.9607617268568982,0.2177679470770443,0.36557822301359827,0.3333042872080864,2.5000653594771243,0.788631138088726,0.36071479174137666
wine,P2_Full,,main,clean,0.0,29,0.05,8,0.9438202247191011,0.8056011499679014,0.8301065705611242,-0.023034988333628277,1.0,0.13752597884212225,0.3203610897064209,0.6,0.013448999998217914,0.0022093000006861985,0.022822399994765874,,C,0.1490293180429299,0.9354601228696858,2.669221276983592,26.12650992026225,0.9509603352044406,0.24016488756955345,0.37104708508447026,0.3322167487684729,2.502520759193357,0.7460126087954175,0.42931550991848205
wine,P2_Full,,main,clean,0.0,29,0.1,17,0.9887640449438202,0.9471420581416141,0.9650516223023584,-0.020093882742939176,1.0,0.13688903083640522,0.2751494083139632,0.7777777777777778,0.013937499999883585,0.00231760000315262,0.04530469999735942,,C,0.14865155861071247,0.9422261236580839,2.6515891138358887,25.133916183314973,0.9562413819363774,0.2425881586229175,0.3734467298055782,0.33289244691959624,2.5009933082392304,0.7456049404989543,0.42886759159281385
wine,P2_Full,,main,clean,0.0,29,0.15,26,0.9943820224719101,0.973263736046785,0.9816911130140138,-0.020107432059853412,1.0,0.14695883919447403,0.3189087443881565,0.7777777777777778,0.012348199998086784,0.0019632000039564446,0.06588879999617347,,C,0.1393932928770431,0.948494587823415,2.7012285417998108,22.173273374893995,0.9598520203543323,0.2205094969821542,0.366265684781541,0.3330745341614907,2.5005827505827507,0.7754449463366977,0.3828435907848829
wine,P2_Full,,main,clean,0.0,29,0.2,35,0.9943820224719101,0.973263736046785,0.9816911130140138,-0.02586428047929129,1.0,0.1522872903233653,0.25578002134958905,1.0,0.013547599999583326,0.0017539000036776997,0.09175099999993108,,C,0.1335375663789233,0.9574156291085133,2.7229017771000104,19.867510330605825,0.9662487019600495,0.20742522823795242,0.3630648974452452,0.3333042872080864,2.5000653594771243,0.7934065961467751,0.3548422613727004
seeds,P2_Full,,main,clean,0.0,0,0.05,10,0.9333333333333333,0.7659384378531993,0.8093013081504196,-0.022361018983486095,1.0,0.1733295291219178,0.2546301782131195,0.6666666666666666,0.018243899998196866,0.0025100999991991557,0.02747349999845028,,B,0.057482112322579576,0.9530259329973595,2.8838214672619085,11.841315138451392,0.9591846294134511,0.13110843512326367,0.34357557783551274,0.3303812455600284,2.506701548165138,0.8581571353894422,0.23606387731207393
seeds,P2_Full,,main,clean,0.0,0,0.1,21,0.9476190476190476,0.8168691618483584,0.8478205537835013,-0.03767597421892961,1.0,0.17576363522584484,0.3039508272301067,0.9090909090909091,0.01591099999495782,0.0034574999954202212,0.05291150000266498,,B,0.05442247038173349,0.9577859004761021,2.893808911025899,10.884494076346698,0.963016719867188,0.12391166577234718,0.3422767026988182,0.33025125628140706,2.5069993913572732,0.8669963668131137,0.22324123778349092
seeds,P2_Full,,main,clean,0.0,0,0.15,31,0.9619047619047619,0.8562010477815629,0.8872922511852893,-0.037475809992620214,1.0,0.18177930978002452,0.2699543863534927,0.9,0.014828200000920333,0.001953200000571087,0.0751866999999038,,B,0.04719449662508424,0.9696701866916406,2.9181900552465336,8.919759862140921,0.9728709205172561,0.1055309438628589,0.3391817676949226,0.3301812450748621,2.5071599045346065,0.8849750730998213,0.1982935401381876
seeds,P2_Full,,main,clean,0.0,0,0.2,42,0.9666666666666667,0.8785973984141411,0.9005020118381648,-0.037729597983594654,1.0,0.18670613001846156,0.16506975347345526,0.9090909090909091,0.014151000003039371,0.0016224000064539723,0.09635089999937918,,B,0.0433307882869955,0.9793279601877285,2.9357692285922767,7.756211103372194,0.9812222657972341,0.09163612428712468,0.33692188144110136,0.3298600213420375,2.507897240723121,0.8996160224546544,0.17796559358158404
seeds,P2_Full,,main,clean,0.0,1,0.05,10,0.9047619047619048,0.6970605928459371,0.7369416670073977,-0.026167473842709815,1.0,0.17302830997410276,0.28106587131818134,0.6666666666666666,0.016499199999088887,0.0023743999990983866,0.025514399996609427,,B,0.05826128599418685,0.9556392727243297,2.886056538657375,12.00182491480249,0.9612905633378924,0.12739400277285579,0.3433057221611473,0.331517878285579,2.504107142857143,0.8581853712904914,0.23698331981295967
seeds,P2_Full,,main,clean,0.0,1,0.1,21,0.8857142857142857,0.6711326216427077,0.6961628848392682,-0.03369310371189929,1.0,0.17650201671515522,0.2844002355228771,0.8181818181818182,0.016802300000563264,0.0022148999996716157,0.05080749999615364,,B,0.05369024573299118,0.9592471212741653,2.9007154440877643,10.738049146598236,0.9640927674303794,0.11890316237076684,0.3414497854758017,0.3310050251256281,2.5052755427356916,0.8688291372495726,0.22215804065389916
seeds,P2_Full,,main,clean,0.0,1,0.15,31,0.861904761904762,0.6366984275908973,0.6489076427333531,-0.0261767281749652,1.0,0.18059032730869087,0.2443020761013031,0.7,0.015868100002990104,0.0029132000054232776,0.0755325999998604,,B,0.050219758139606885,0.9697455598187933,2.9156171962826494,9.4915342883857,0.9729877547076512,0.1071642664494541,0.3394857692876388,0.3301812450748621,2.5071599045346065,0.8812710817230603,0.2067589360844585
seeds,P2_Full,,main,clean,0.0,1,0.2,42,0.8285714285714286,0.6109848223836066,0.5918756225369192,-0.03156401414713186,1.0,0.18196033623462246,0.22244792092930188,1.0,0.01394109999819193,0.0019335999968461692,0.09840429999894695,,B,0.05311677813846778,0.9761291116850423,2.917927563250577,9.507903286785734,0.9786402690413297,0.10519748252158082,0.3390163410866702,0.3297344799447618,2.508185798591281,0.8849086310870647,0.20300170507712753
seeds,P2_Full,,main,clean,0.0,2,0.05,10,0.8857142857142857,0.6523693973458197,0.6953394780231145,-0.020165262636248515,1.0,0.1738272476734027,0.3343736529350281,0.5,0.019165800003975164,0.0023942999978316948,0.029524300000048243,,B,0.057677347769374686,0.9547003785809726,2.8929062564867642,11.881533640491185,0.9604519931542577,0.12696827022199472,0.3424813053386613,0.3301444470755387,2.507244297805193,0.8602944301515252,0.23516806532871737
seeds,P2_Full,,main,clean,0.0,2,0.1,21,0.8523809523809524,0.6393754331594993,0.6329789826543266,-0.035459870364200737,1.0,0.17700973566844366,0.2999229376966303,0.7272727272727273,0.02189679999719374,0.003633800006355159,0.06127669999841601,,B,0.05473480257157817,0.9579044559087835,2.8999488631251547,10.946960514315634,0.9629595097195235,0.12008524702249254,0.3415413736669768,0.33025125628140706,2.5069993913572732,0.8694270058750676,0.22368660273084862
seeds,P2_Full,,main,clean,0.0,2,0.15,31,0.8238095238095238,0.6066102944366579,0.5847616077476314,-0.03014264784507444,1.0,0.17623146767728964,0.29254192411899566,0.8,0.015452899999218062,0.0032531000033486634,0.08630279999488266,,B,0.054870025559217786,0.9640270413580507,2.8911979841191067,10.370434830692162,0.9684566387607493,0.12313686641089915,0.34239800999179987,0.32995609591354275,2.507676560900716,0.8686344941501618,0.2247029279964317
seeds,P2_Full,,main,clean,0.0,2,0.2,42,0.9571428571428572,0.8442237549161238,0.873749708919781,-0.02988781844937972,1.0,0.17882075699086886,0.2550845579667525,0.8181818181818182,0.015899600002740044,0.002183699994930066,0.11016409999865573,,B,0.05250440079208464,0.9763534227558065,2.895136077070955,9.39828774178315,0.9790751071062077,0.11509844838409115,0.34172941850363175,0.3299227920406754,2.5077530441400304,0.874768091555014,0.2171116646335589
seeds,P2_Full,,main,clean,0.0,5,0.05,10,0.8952380952380953,0.6703334036134687,0.7155730961897425,-0.019066553337900173,1.0,0.1732753619860072,0.33237739900747937,0.6666666666666666,0.016860199997609016,0.0020729000025312416,0.025868899996567052,,B,0.05755702691929812,0.9542403889534983,2.887276827254078,11.856747545375413,0.9601505860851789,0.129157503670094,0.34315856457610855,0.33028652616623255,2.5069185546314885,0.8587038102572511,0.2364674339627269
seeds,P2_Full,,main,clean,0.0,5,0.1,21,0.8571428571428571,0.6157694523611894,0.6373765598751362,-0.024138339927687727,1.0,0.1763267190857959,0.2789648771286011,0.9090909090909091,0.016254900001513306,0.0019750999999814667,0.049651100001938175,,B,0.05331033221541119,0.9613324633421557,2.8986049637998565,10.662066443082239,0.9659388831182029,0.11912886555996002,0.3417020545774114,0.33040201005025127,2.506653992395437,0.8684032771662422,0.22310400124076837
seeds,P2_Full,,main,clean,0.0,5,0.15,31,0.8380952380952381,0.6102588215930033,0.6076668630160743,-0.02040896137174809,1.0,0.17883798030583248,0.31722408533096313,0.8,0.01637460000347346,0.0016906999953789636,0.07320529999560677,,B,0.055246589501088184,0.9711548023667705,2.9096294800823705,10.441605415705666,0.9743391327902899,0.11039378076061769,0.3401953421074489,0.3305189688168412,2.5063862397820165,0.8757740185662087,0.2170298134800297
seeds,P2_Full,,main,clean,0.0,5,0.2,42,0.8142857142857143,0.6072808286594682,0.5773636204303878,-0.033703851733634355,1.0,0.1795263648601438,0.21169789270921188,1.0,0.01420499999949243,0.0015103999976417981,0.09506059999694116,,B,0.05951663658482427,0.9833411171074664,2.909034678002874,10.653477948683545,0.9851030239340998,0.10576380409175179,0.34006988419876727,0.3306760404243299,2.506026955201215,0.8772934054821219,0.21887636150629516
seeds,P2_Full,,main,clean,0.0,4,0.05,10,0.9285714285714286,0.7275810230790065,0.7949670932529467,-0.01820661334227731,1.0,0.17364158025980206,0.33632203936576843,0.6666666666666666,0.018480899998394307,0.0025785999969230033,0.028439800000342075,,B,0.0587122041550469,0.9547083591625825,2.88775185831628,12.094714055939662,0.9605769748263134,0.1295739247954671,0.34310131304957875,0.33019180677243665,2.507135685599541,0.8591166586896235,0.23623417423741191
seeds,P2_Full,,main,clean,0.0,4,0.1,21,0.9095238095238095,0.6748818596729579,0.7461546383066365,-0.028905557508225863,1.0,0.17656847627563646,0.285831632939252,0.9090909090909091,0.01621050000539981,0.002196099994762335,0.05315669999981765,,B,0.053966238621139695,0.9604923208211836,2.897761950028366,10.793247724227939,0.9652676447267042,0.12087077765076543,0.3418029240735619,0.3301005025125628,2.5073451057999696,0.869212825346759,0.22162853337720037
seeds,P2_Full,,main,clean,0.0,4,0.15,31,0.9,0.6716245730430295,0.7266289370369567,-0.02741875179103534,1.0,0.18193025124582346,0.28313286006450655,0.8,0.015796100000443403,0.0022116999971331097,0.07694240000273567,,B,0.04876589343940501,0.9680304095017672,2.9165398261923254,9.216753860047547,0.9714508317226648,0.10698986654479169,0.3393766923164623,0.329843521332883,2.5079351535836176,0.8839654602120144,0.20322672884871276
seeds,P2_Full,,main,clean,0.0,4,0.2,42,0.8761904761904762,0.6486244145934746,0.6801064519242702,-0.026987313349529838,1.0,0.18456384604473305,0.23397266051986002,0.9090909090909091,0.014539400006469805,0.0019908000031136908,0.10060060000250814,,B,0.04751417125160573,0.9798916001121276,2.926865577908796,8.505036654037426,0.9818209280630441,0.09594636876502927,0.3379639023909017,0.3297344799447618,2.508185798591281,0.8927398790737759,0.1936116663185192
seeds,P2_Full,,main,clean,0.0,3,0.05,10,0.9,0.6819740140479758,0.7249407865789154,-0.024167881902208005,1.0,0.17258523636960585,0.25888586044311523,1.0,0.021417800002382137,0.0039961000002222136,0.03251279999676626,,B,0.057988107567325226,0.9555856682403681,2.8791025791193046,11.945550158868997,0.9612503617595543,0.1275420184152092,0.3441466980515172,0.3332228273739048,2.5002487208641275,0.8568373309616423,0.23893237905008363
seeds,P2_Full,,main,clean,0.0,3,0.1,21,0.8809523809523809,0.648924356744881,0.6826524311060536,-0.02607095140285837,1.0,0.17566448897706502,0.30237622423605487,0.8181818181818182,0.018827199994120747,0.0018218999975943007,0.06468609999865294,,B,0.054865124669411285,0.9576754941955722,2.8920760238137766,10.973024933882257,0.9629230517159724,0.12398390532066722,0.3424848005814807,0.33060301507537687,2.5061939504483965,0.8665384311062908,0.2245260802064342
seeds,P2_Full,,main,clean,0.0,3,0.15,31,0.8476190476190476,0.6140457487330743,0.6194095205897008,-0.044182642307642794,1.0,0.17919440277838006,0.24290728867053984,0.9,0.017041099999914877,0.0017666999992798083,0.09528149999823654,,B,0.05291258747524672,0.9685858985402168,2.9088592784815877,10.00047903282163,0.9721126351581137,0.11226603512476578,0.3402868267028241,0.3302938196555218,2.5069018404907975,0.8769422232731261,0.2127207228547242
seeds,P2_Full,,main,clean,0.0,3,0.2,42,0.8238095238095238,0.6099591112952882,0.5870670549510447,-0.031274313217018276,1.0,0.17761849938747373,0.2364321621981534,1.0,0.020125300005020108,0.003958599998441059,0.1254761999953189,,B,0.06398140699502222,0.9716657069952803,2.9020418313998433,11.452671852108978,0.9750537197800335,0.11957287179139571,0.34090286398680136,0.3299855627393133,2.5076089024158263,0.8716930832475908,0.2244905221423799
seeds,P2_Full,,main,clean,0.0,7,0.05,10,0.8904761904761904,0.6855905080819611,0.7087471242260559,-0.041060564202235195,1.0,0.17261425682140102,0.3287850668032964,0.6666666666666666,0.01670900000317488,0.0021283000023686327,0.025495800000499003,,B,0.05832494557129515,0.9526615163470454,2.875885411981263,12.014938787686802,0.9589731767988772,0.13333043149635931,0.3445371416141129,0.3308548425290078,2.505618379616376,0.8567345714213872,0.23808132564096546
seeds,P2_Full,,main,clean,0.0,7,0.1,21,0.8666666666666667,0.6673074867344746,0.6633918505395394,-0.03188383917052889,1.0,0.1757776655803332,0.2684018449349837,0.7272727272727273,0.016177500001504086,0.0019782000017585233,0.04955270000209566,,B,0.05568625206521176,0.9578787233640637,2.8825006387542937,11.137250413042352,0.9631850312935848,0.12597690177780557,0.34363919455132474,0.33110552763819096,2.5050462892699956,0.865807199209613,0.2263077411718321
seeds,P2_Full,,main,clean,0.0,7,0.15,31,0.8476190476190476,0.6474176414496982,0.6318222155941542,-0.03750810650484917,1.0,0.17805795062497634,0.20821995735168458,0.8,0.01505639999959385,0.0018745999987004325,0.07337700000061886,,B,0.05124741172498397,0.9678179405687772,2.8849448099981294,9.68576081602197,0.9715975388285085,0.11744426324887064,0.3431516937129209,0.331306990881459,2.5045871559633026,0.8739840761433004,0.21668994790959498
seeds,P2_Full,,main,clean,0.0,7,0.2,42,0.819047619047619,0.6134227894796559,0.5850694810664278,-0.02826934300233924,1.0,0.1798489982252875,0.23935824090784247,1.0,0.016635400002996903,0.001984099995752331,0.10130750000098487,,B,0.04877558357116639,0.974472992451786,2.8802907005484766,8.730829459238784,0.9773851151027164,0.11408006384728893,0.3435196901860044,0.3314920595066223,2.5041658776746827,0.8778629041024368,0.21169926896569083
seeds,P2_Full,,main,clean,0.0,8,0.05,10,0.8857142857142857,0.6481043150916098,0.6928110693990657,-0.028011430227376104,1.0,0.17308572594776972,0.32523531715075177,0.8333333333333334,0.017419200004951563,0.002384799998253584,0.02770800000143936,,B,0.05916983586872959,0.9546969452223106,2.889831604208846,12.188986188958296,0.9605515047382263,0.1292310097993405,0.3428508802397881,0.3300970873786408,2.5073529411764706,0.8588452461744142,0.23673930426758838
seeds,P2_Full,,main,clean,0.0,8,0.1,21,0.8571428571428571,0.6186476380229188,0.6321300194702651,-0.019730349120248618,1.0,0.17638219623438925,0.2948262176730416,0.8181818181818182,0.021524700001464225,0.0022078999973018654,0.05874500000209082,,B,0.05651177957747919,0.9622529626183566,2.900061143960165,11.302355915495838,0.9667853784348411,0.1200734184953206,0.34152795575128614,0.3302010050251256,2.5071145944300715,0.8678362585066065,0.22515782371931875
seeds,P2_Full,,main,clean,0.0,8,0.15,31,0.8142857142857143,0.5526948632752553,0.5458546284009674,-0.030901491814845212,1.0,0.17981893811806493,0.26773964464664457,0.8,0.017036200006259605,0.0019184000047971494,0.08377710000058869,,B,0.05326906842715107,0.9721347500323053,2.9071257378359245,10.067853932731552,0.975164665566592,0.10873455424944603,0.3404929141101752,0.3306878306878307,2.5060000000000002,0.8778996750317357,0.21462347233300666
seeds,P2_Full,,main,clean,0.0,8,0.2,42,0.7714285714285715,0.5250623282089736,0.4764950895088334,-0.042587379498018024,1.0,0.1798899607591701,0.2060547498139468,0.9090909090909091,0.014834300003712997,0.0019863999987137504,0.10691460000089137,,B,0.05621700342020723,0.9791966819366226,2.8924300246975827,10.062843612217094,0.9814899943850908,0.1102378207880895,0.3420543840991312,0.33086435252024354,2.505596660975147,0.8777212085061573,0.21730758703663666
seeds,P2_Full,,main,clean,0.0,6,0.05,10,0.8809523809523809,0.6493197501754057,0.6822257825155047,-0.03998107138716756,1.0,0.17384787525306292,0.2762375622987747,0.8333333333333334,0.0212963999947533,0.0024473000012221746,0.0352366000006441,,B,0.05900216638911636,0.9538830390736646,2.8909342959199305,12.15444627615797,0.9598052980620952,0.12841824069653213,0.34271824567653425,0.3303812455600284,2.506701548165138,0.859876026609144,0.23504747163453413
seeds,P2_Full,,main,clean,0.0,6,0.1,21,0.8809523809523809,0.653324839404021,0.6862119922139097,-0.03850897183220953,1.0,0.1755167257781313,0.24138326536525379,0.9090909090909091,0.020221200000378303,0.0023218999995151535,0.06717049999861047,,B,0.057827899295674424,0.9662357575030885,2.8979390905458815,11.565579859134886,0.9702112222350414,0.11774186055903609,0.3417817237314244,0.33130653266331656,2.5045881996056423,0.865321968001797,0.22918233597106377
seeds,P2_Full,,main,clean,0.0,6,0.15,31,0.8571428571428571,0.6233481375532773,0.6392388495354014,-0.02921628487913176,1.0,0.1792641065438424,0.2464109778404236,0.8,0.01667470000393223,0.0020364999945741147,0.09172899999975925,,B,0.05614367213785409,0.9665188134778515,2.9100110974153055,10.611154034054422,0.9703150189789009,0.11338324281124615,0.3401500315178503,0.3301812450748621,2.5071599045346065,0.8770632380124371,0.21329108348471854
seeds,P2_Full,,main,clean,0.0,6,0.2,42,0.9619047619047619,0.8588647467642706,0.8880166730030907,-0.02952907990449123,1.0,0.1797379559232346,0.2208981757814234,0.9090909090909091,0.024714099999982864,0.0023177000039140694,0.12744499999826076,,B,0.06095983122572347,0.977648073205552,2.9096918059217165,10.9118097894045,0.9801195255231874,0.11056998979833932,0.3399918136812357,0.33011110413658906,2.507320783418901,0.8778996167070579,0.2159473749380291
seeds,P2_Full,,main,clean,0.0,9,0.05,10,0.9380952380952381,0.7784724371926749,0.821585830388884,-0.040723328075640844,1.0,0.17343341493919098,0.2557581961154938,0.8333333333333334,0.016453299998829607,0.0025639000014052726,0.0266604999997071,,B,0.05914973766245513,0.9536756517775098,2.883377044587897,12.184845958465758,0.9597336282669631,0.1307730539533453,0.3436292859319965,0.3308548425290078,2.505618379616376,0.8585056409048583,0.23612369924346346
seeds,P2_Full,,main,clean,0.0,9,0.1,21,0.9571428571428572,0.8398224937846243,0.8742879747225176,-0.028619367077797265,1.0,0.17588506641989707,0.3052436384287747,0.9090909090909091,0.016104200003610458,0.002290300006279722,0.0508960000006482,,B,0.056058989326696035,0.9585234709555395,2.893703327743202,11.211797865339207,0.9636366054523823,0.12327778178742553,0.34228937478816823,0.3308040201005025,2.505734467567978,0.8673688601044365,0.22329406010938374
seeds,P2_Full,,main,clean,0.0,9,0.15,31,0.9619047619047619,0.8562010477815629,0.8872922511852893,-0.032268463373829714,1.0,0.18194719768478804,0.2655711591243744,1.0,0.01585499999782769,0.0019107000043732114,0.07423199999902863,,B,0.04855661970862122,0.9717486552938489,2.918411412565321,9.177201124929411,0.9746960238908517,0.10432666578030737,0.3391556377946293,0.3305189688168412,2.5063862397820165,0.8854409202237085,0.19819552721923595
seeds,P2_Full,,main,clean,0.0,9,0.2,42,0.9666666666666667,0.8785973984141411,0.9005020118381648,-0.03375761898918565,1.0,0.1869079938623667,0.1995702548460527,1.0,0.023049399998853914,0.0022909000035724603,0.1052997000006144,,B,0.04383037041120193,0.9812876254280427,2.9381238061994663,7.845636303605144,0.9829578337852033,0.08925688991196183,0.3366473740565599,0.3301738748352269,2.50717680608365,0.9002105578988561,0.17741678217397616
seeds,P2_Full,,main,clean,0.0,10,0.05,10,0.9333333333333333,0.7659384378531993,0.8093013081504196,-0.029603171831170023,1.0,0.17273637410669174,0.25639598071575165,0.6666666666666666,0.016134099998453166,0.002195599998231046,0.025083900000026915,,B,0.05959335426257212,0.9522158548552293,2.8787026741351185,12.276230978089856,0.9585915567803064,0.13342714211504225,0.3441951840369287,0.3308548425290078,2.505618379616376,0.8563599189267566,0.23868199206707685
seeds,P2_Full,,main,clean,0.0,10,0.1,21,0.9476190476190476,0.8168691618483584,0.8478205537835013,-0.027144392774848605,1.0,0.17513721937806562,0.3039799657734958,0.9090909090909091,0.016364600000088103,0.002090000001771841,0.05512810000072932,,B,0.05651264048017886,0.9572427586170277,2.8888926443206424,11.302528096035772,0.9626402717841976,0.12623623490638547,0.3428677348434828,0.33060301507537687,2.5061939504483965,0.8651397391731085,0.2259765170365077
seeds,P2_Full,,main,clean,0.0,10,0.15,31,0.9619047619047619,0.8562010477815629,0.8872922511852893,-0.027387100324203485,1.0,0.18129285524004954,0.27010040581226347,0.9,0.015901799997664057,0.0018433000004733913,0.07830459999968298,,B,0.04898285671486299,0.9689630201772049,2.91482979557471,9.257759919109105,0.9722822264529797,0.10694359743524343,0.3395789135381616,0.3308566925588202,2.505614154474311,0.8835608453307509,0.2004124551573453
seeds,P2_Full,,main,clean,0.0,10,0.2,42,0.9666666666666667,0.8785973984141411,0.9005020118381648,-0.03076996917377236,1.0,0.1862435563547142,0.16525663841854443,0.9090909090909091,0.014451800001552328,0.0015062999955262057,0.10007739999855403,,B,0.04506927371881476,0.9786727693283832,2.9333231810587037,8.067399995667841,0.9806533527668951,0.09286641425732824,0.33720751951282574,0.3304877283284163,2.506457739791073,0.8981827347729988,0.18013853563164903
seeds,P2_Full,,main,clean,0.0,11,0.05,10,0.8904761904761904,0.6574977980556201,0.7029956855348143,-0.01883866039876515,1.0,0.17295194031845482,0.3307015796502431,0.6666666666666666,0.01698710000346182,0.002217599998402875,0.02600700000039069,,B,0.05900663050398222,0.9540698463468148,2.887460277805334,12.155365883820338,0.9600475818172975,0.1301483882597077,0.3431364525806403,0.33019180677243665,2.507135685599541,0.8584556205615272,0.23661788185736607
seeds,P2_Full,,main,clean,0.0,11,0.1,21,0.8571428571428571,0.6252985186045807,0.6324895819456113,-0.024653381915173942,1.0,0.17634592334105575,0.29070494120771234,0.9090909090909091,0.016424399997049477,0.002205700002377853,0.052479899997706525,,B,0.054559741750301566,0.9609408213255194,2.8956215257945876,10.911948350060314,0.9656709129482386,0.12110064223674073,0.34205929706841726,0.33040201005025127,2.506653992395437,0.86757917592269,0.2243496451802922
seeds,P2_Full,,main,clean,0.0,11,0.15,31,0.8142857142857143,0.557160161557427,0.5449528539102915,-0.04714823595212815,1.0,0.17991119408600767,0.22562726140022277,0.9,0.0152791000000434,0.00179309999657562,0.07542880000255536,,B,0.05076847595148758,0.9711127863241422,2.9009232742651605,9.595241954831152,0.9742444590861882,0.10841034366229717,0.34123229482472345,0.33153214004277837,2.504074702886248,0.8783437558859586,0.2130887335707808
seeds,P2_Full,,main,clean,0.0,11,0.2,42,0.7666666666666667,0.5148565112072786,0.4655219186556185,-0.02522390144493908,1.0,0.1789567894592614,0.24910289320078763,0.9090909090909091,0.014262500000768341,0.0014710999967064708,0.09750099999655504,,B,0.05719810759541514,0.9790752721766045,2.881926942121321,10.23846125957931,0.9814463009515333,0.11331228749736726,0.3433214639373754,0.33117820601343295,2.5048805913570886,0.8748399785642137,0.22233026618876392
seeds,P2_Full,,main,clean,0.0,12,0.05,10,0.9380952380952381,0.7778259383757717,0.8225408638410754,-0.038914525140278995,1.0,0.17410633038745477,0.3365467886130015,0.6666666666666666,0.017889099995954894,0.003675299994938541,0.028849399997852743,,B,0.057643727299977326,0.954878490816402,2.8883020662240124,11.87460782379533,0.9606802463957856,0.12858070761278012,0.34303502462398583,0.3303812455600284,2.506701548165138,0.8605500724017954,0.23300490695402495
seeds,P2_Full,,main,clean,0.0,12,0.1,21,0.9571428571428572,0.8398224937846243,0.8742879747225176,-0.03167491981524957,1.0,0.17746615958295198,0.25272007151083514,0.9090909090909091,0.018475899996701628,0.0020425999973667786,0.05506559999776073,,B,0.05212903137139627,0.961759534755273,2.9034658655889762,10.425806274279253,0.9662394220191609,0.11715043829142663,0.3411215735769035,0.33030150753768844,2.5068842233378974,0.8722716523489293,0.2161145750422015
seeds,P2_Full,,main,clean,0.0,12,0.15,31,0.9619047619047619,0.8562010477815629,0.8872922511852893,-0.027768580849823605,1.0,0.18260665511017693,0.22559808194637299,0.8,0.02307440000004135,0.004313100005674642,0.08803379999881145,,B,0.04697463726476062,0.9721667235976393,2.9232343989381646,8.878206443039758,0.9750155906303283,0.10235471352726831,0.33858729568604073,0.33001238320387255,2.5075473307180625,0.8874768066240674,0.19512514782992932
seeds,P2_Full,,main,clean,0.0,12,0.2,42,0.9666666666666667,0.8785973984141411,0.9005020118381648,-0.031323070401450596,1.0,0.18684342794061992,0.1956862753087824,1.0,0.0159981999968295,0.001617699999769684,0.11123650000081398,,B,0.04269596959002422,0.9802385830176318,2.937428549165794,7.642578556614335,0.9820224622873591,0.09027081769080303,0.3367283845012699,0.3298600213420375,2.507897240723121,0.8999693776376166,0.17720406976290087
seeds,P2_Full,,main,clean,0.0,13,0.05,10,0.861904761904762,0.5795866858610691,0.6316164478607766,-0.014507921456661015,1.0,0.17247846567027533,0.3426364064216614,0.5,0.024389600002905354,0.0021620999978040345,0.03358670000307029,,B,0.06112163441686612,0.9493723915467426,2.874976454574632,12.59105668987442,0.9561923429815002,0.13470814923154617,0.3446476133102526,0.33199147525455835,2.5030313837375178,0.8554130469916499,0.24334270471574226
seeds,P2_Full,,main,clean,0.0,13,0.1,21,0.8285714285714286,0.524708939106226,0.5603148302797283,-0.037460376650050344,1.0,0.17584291256240125,0.23368999361991882,0.7272727272727273,0.02134669999941252,0.002072700001008343,0.06709750000300119,,B,0.055930504704107945,0.956757614862811,2.8894795281494585,11.18610094082159,0.9620422086001447,0.1222086552480405,0.3427970741269135,0.33246231155778894,2.5019649334945586,0.8659608990970298,0.22979810480789287
seeds,P2_Full,,main,clean,0.0,13,0.15,31,0.8,0.4883296245923024,0.5074849747156153,-0.0349229487756106,1.0,0.17498554852292558,0.2888017207384109,0.9,0.015116000002308283,0.0023457999996026047,0.09086609999940265,,B,0.05914482760893491,0.9684732342194627,2.8824061386519495,11.1783724180887,0.97237310411853,0.12370028458405244,0.34345860845729,0.3305189688168412,2.5063862397820165,0.8635019200173542,0.23851821967991213
seeds,P2_Full,,main,clean,0.0,13,0.2,42,0.8,0.5564415334352308,0.5492439657833325,-0.03168339237380117,1.0,0.17464704635718736,0.2338515818119049,0.9090909090909091,0.014209399996616412,0.0024292000016430393,0.11470659999758936,,B,0.0670482232549343,0.9754526383438633,2.878626010661084,12.00163196263324,0.9785425673726441,0.12587621725157855,0.34372159412996894,0.33061326972569205,2.506170495538257,0.8618716791571364,0.24340171032931282
seeds,P2_Full,,main,clean,0.0,14,0.05,10,0.9285714285714286,0.7352259324319046,0.7957623522906863,-0.021471249523666205,1.0,0.1722599613159694,0.32334356506665546,1.0,0.016668100004608277,0.0028300000049057417,0.02722679999715183,,B,0.05932114519522071,0.9545826198843423,2.8709601301336423,12.220155910215468,0.9606386339370325,0.1333413340282561,0.3451365815981344,0.33170731707317075,2.503676470588235,0.8550102109772837,0.24012792330294155
seeds,P2_Full,,main,clean,0.0,14,0.1,21,0.8904761904761904,0.6231773465662085,0.69680298086777,-0.032950976198758725,1.0,0.17554528622189902,0.2686156793074174,0.8181818181818182,0.01902469999913592,0.0021143000049050897,0.05452009999862639,,B,0.057871445837896045,0.9556650571805787,2.8933293022343944,11.57428916757921,0.9612838587588333,0.12673528420100358,0.3423342727134178,0.3301005025125628,2.5073451057999696,0.8657421683259829,0.22771707212349374
seeds,P2_Full,,main,clean,0.0,14,0.15,31,0.8761904761904762,0.6018515557534839,0.6661020934394981,-0.029039223061656506,1.0,0.1795382011793845,0.2690809011459351,0.9,0.020314600005804095,0.0045436999935191125,0.08498859999963315,,B,0.05647812235486553,0.9674263156559263,2.9098548389506877,10.674365125069585,0.9710982145569389,0.11272593122185881,0.3401685831249572,0.3308566925588202,2.505614154474311,0.8762339357555986,0.21716298264502396
seeds,P2_Full,,main,clean,0.0,14,0.2,42,0.861904761904762,0.6012715556912305,0.6430998616626017,-0.030793855214777118,1.0,0.18189648665452626,0.1981390335343101,1.0,0.014915100000507664,0.0016854999994393438,0.10723890000372194,,B,0.0554016940470747,0.9806418743001526,2.918455948636524,9.916903234426371,0.9826048733329444,0.10140439540628284,0.3389539451688778,0.33061326972569205,2.506170495538257,0.8843137287696972,0.20948409187506412
seeds,P2_Full,,main,clean,0.0,15,0.05,10,0.861904761904762,0.6298813489327506,0.6382035659728571,-0.023596200898024944,1.0,0.1706409417137354,0.3301052351792653,0.5,0.016349800003808923,0.0021053999953437597,0.02500599999621045,,B,0.062319720931726,0.9485005064376703,2.866746536321441,12.837862511935555,0.9557505331454353,0.14077860200684097,0.3456510391764579,0.3308548425290078,2.505618379616376,0.8511895233171755,0.2484736904289213
seeds,P2_Full,,main,clean,0.0,15,0.1,21,0.8285714285714286,0.5753428061672458,0.5708503217566439,-0.03293291019539796,1.0,0.17457720226610218,0.26170570200139825,1.0,0.02166600000055041,0.005195500001718756,0.0576840999929118,,B,0.05677380137524381,0.9606872718078887,2.8753770456857524,11.354760275048761,0.9656227723531284,0.12554459515302657,0.344502991783832,0.3325125628140704,2.501851292126341,0.8622521075315276,0.23208516883419322
seeds,P2_Full,,main,clean,0.0,15,0.15,31,0.7904761904761904,0.5497453474205805,0.5076634217524691,-0.026652276935046987,1.0,0.17567936692401365,0.2079449027776718,0.8,0.01539319999574218,0.00204719999601366,0.08119559999613557,,B,0.0587210104169163,0.9709504150767011,2.867984126336193,11.09827096879718,0.9745065315466424,0.12241539696111349,0.3452124804771524,0.3325453112687155,2.501777251184834,0.8651450811753134,0.23295199366761082
seeds,P2_Full,,main,clean,0.0,15,0.2,42,0.8380952380952381,0.6352594272830123,0.6154177473388116,-0.023438054989339537,1.0,0.1725468286547393,0.22374894944104282,1.0,0.01451239999732934,0.002143199999409262,0.105011799998465,,B,0.06604102546861215,0.9679877668699769,2.8061097515317823,11.821343558881576,0.9724684935295732,0.13996919994294638,0.3527493233157738,0.33569769631536,2.494717651458489,0.8559730781989824,0.2472609406118603
seeds,P2_Full,,main,clean,0.0,16,0.05,10,0.9,0.7004707429666068,0.7304277679034453,-0.02491879675976934,1.0,0.1729061569347846,0.3314494291941325,0.6666666666666666,0.016654700004437473,0.0019098999982816167,0.025297599997429643,,B,0.059406609569707274,0.9529885655314329,2.881389931815319,12.237761571359698,0.9592094472640429,0.13232699242073592,0.34386962944416666,0.33057068434762016,2.5062679083094554,0.8576820882943,0.2377873750413132
seeds,P2_Full,,main,clean,0.0,16,0.1,21,0.8809523809523809,0.6880796990493676,0.6931974593507437,-0.031285497987836405,1.0,0.17628885312524784,0.306775919415734,0.7272727272727273,0.016848699997353833,0.0016271999993477948,0.0506667000008747,,B,0.05458850303178032,0.9576180653133928,2.890532425243312,10.917700606356064,0.9628648896073517,0.12379860270081008,0.34267037740484885,0.3308040201005025,2.505734467567978,0.8673478511463665,0.22462711974528884
seeds,P2_Full,,main,clean,0.0,16,0.15,31,0.8523809523809524,0.6492646382642199,0.6386541402579577,-0.03182478294883557,1.0,0.17956172434593692,0.23324031829833985,0.9,0.016870499996002764,0.0015474999963771552,0.07961369999975432,,B,0.049936952565184364,0.9715151828730273,2.9029751807075943,9.438084034819845,0.9746673117554503,0.11065996556594225,0.3409873422860957,0.3305189688168412,2.5063862397820165,0.8787540679692459,0.2102516358348901
seeds,P2_Full,,main,clean,0.0,16,0.2,42,0.8238095238095238,0.6151108429933334,0.5905705854216553,-0.02669388120404377,1.0,0.18185471214803783,0.2290672172199596,1.0,0.014571899999282323,0.001757099998940248,0.1014941999965231,,B,0.04726263078678862,0.9793680513163308,2.9047840802513876,8.460010910835162,0.9815400957610431,0.10527577777621083,0.3405757324846217,0.3304877283284163,2.506457739791073,0.8838724951331179,0.20390848989275118
seeds,P2_Full,,main,clean,0.0,17,0.05,10,0.8761904761904762,0.6367911782859348,0.6689916981213818,-0.02705304198593467,1.0,0.17404030035539297,0.2574143310387929,0.8333333333333334,0.016513599999598227,0.0021763999975519255,0.025647700000263285,,B,0.05561066555749793,0.9545276000891024,2.884251926475757,11.455797104844574,0.9603505395765827,0.12805436921935484,0.3435235729905826,0.3310442813165996,2.5051859799713876,0.8613150636083373,0.23153434296929015
seeds,P2_Full,,main,clean,0.0,17,0.1,21,0.8571428571428571,0.6038391645691352,0.6300968774306176,-0.030445475338975923,1.0,0.17534643165679312,0.25356391885063867,1.0,0.01588389999960782,0.0022741000066162087,0.050129900002502836,,B,0.05200947642129524,0.9610522438359138,2.8796759752367556,10.401895284259048,0.9658417335462874,0.122972160198282,0.3439811980939272,0.3318592964824121,2.5033313143549365,0.8653640790728575,0.22590612151754147
seeds,P2_Full,,main,clean,0.0,17,0.15,31,0.8285714285714286,0.5698492761118126,0.5814751962598771,-0.03297596269317223,1.0,0.17729878080578085,0.25801007747650145,0.9,0.01870259999850532,0.002066299995931331,0.07731630000489531,,B,0.05410171249410557,0.9721980252538104,2.8860694697462512,10.225223661385954,0.9754300388673703,0.11625122470852421,0.34301589963927515,0.33153214004277837,2.504074702886248,0.8710236919843483,0.222412012529043
seeds,P2_Full,,main,clean,0.0,17,0.2,42,0.8047619047619048,0.5523789776153296,0.5496690601683253,-0.03771220656036255,1.0,0.17610677916882192,0.2099015550179915,0.9090909090909091,0.014337000000523403,0.0035231000001658686,0.10193390000495128,,B,0.06335219334737809,0.9765368310014689,2.8739201411090303,11.340042609180678,0.9793942386159913,0.12178268053651406,0.344293616445439,0.3318686836984496,2.5033100056742956,0.8672438307643313,0.23144172508856542
seeds,P2_Full,,main,clean,0.0,19,0.05,10,0.9095238095238095,0.6888614931940843,0.7439160487336373,-0.023993022953019333,1.0,0.17284851318244465,0.32870832085609436,0.8333333333333334,0.016779500001575798,0.0029493999973055907,0.026837500001420267,,B,0.057757373811068866,0.9569765625639707,2.874660389639016,11.898019005080187,0.9625734288355476,0.13008877498221266,0.3446860431735795,0.33170731707317075,2.503676470588235,0.8568107831007423,0.23811514547560067
seeds,P2_Full,,main,clean,0.0,19,0.1,21,0.8904761904761904,0.6404571385522737,0.6962119616669258,-0.03479138511765785,1.0,0.17572888515593846,0.2800554253838279,0.8181818181818182,0.016078399996331427,0.002267000003485009,0.05126790000213077,,B,0.05396092266444121,0.9559854789081157,2.8850208265644515,10.792184532888243,0.961526122831926,0.12588218129747744,0.34333462150926475,0.3310050251256281,2.5052755427356916,0.8663893344485624,0.22694521998779552
seeds,P2_Full,,main,clean,0.0,19,0.15,31,0.8809523809523809,0.6294654850772283,0.6791610532430463,-0.027685610043111698,1.0,0.17869791959526474,0.2822944611310959,0.8,0.015104199999768753,0.002081699996779207,0.0742379000002984,,B,0.05236527034771959,0.9651613581966442,2.8977062328395182,9.897036095719002,0.9692317787484962,0.11683637309477399,0.3416170371902746,0.3309692671394799,2.505357142857143,0.8739040106779455,0.21943662583637338
seeds,P2_Full,,main,clean,0.0,19,0.2,42,0.8523809523809524,0.5885661575986705,0.6220570219592526,-0.02677462974318258,1.0,0.18058965210400726,0.2441489208828319,0.8181818181818182,0.014240899996366352,0.0019648999950732104,0.09624100000655744,,B,0.04913773037206959,0.973287645015375,2.901115381190221,8.795653736600457,0.9762238579000955,0.1099196565188831,0.34101352291072473,0.3309898939175193,2.5053100701687843,0.8808546162495293,0.21145253582413828
seeds,P2_Full,,main,clean,0.0,18,0.05,10,0.8761904761904762,0.6429774800014862,0.6726273929310819,-0.02450034858662127,1.0,0.1720681057050462,0.31788240373134613,0.8333333333333334,0.01690229999803705,0.004537400003755465,0.02864440000121249,,B,0.05939090515645904,0.9526904494547461,2.8792534001164816,12.234526462230562,0.9589793738596958,0.13293139191702874,0.34412841544382633,0.3307601231352119,2.5058347651775486,0.8555680397682052,0.24132124355195161
seeds,P2_Full,,main,clean,0.0,18,0.1,21,0.8428571428571429,0.6102761638815702,0.6047150007281835,-0.03163492639374401,1.0,0.17488055981922074,0.30128956653855066,0.8181818181818182,0.016060299996752292,0.0022038000024622306,0.053481399998418055,,B,0.05512096765997228,0.9595150809061661,2.879029350318313,11.024193531994456,0.964628519076992,0.12630476447228006,0.34405958429919037,0.33105527638190957,2.5051608986035214,0.8633037028663361,0.23077967081877165
seeds,P2_Full,,main,clean,0.0,18,0.15,31,0.8095238095238095,0.5897378309258776,0.54804385037642,-0.04361724582331528,1.0,0.17732996726154354,0.28092567920684813,0.7,0.015234699996653944,0.0022857999938423745,0.07758250000188127,,B,0.05219507702607238,0.9710276900270349,2.8657501593138837,9.86486955792768,0.9744422789364392,0.11785697835590295,0.34548573392105114,0.33322075875267365,2.5002533783783782,0.870567428644483,0.22289972960494275
seeds,P2_Full,,main,clean,0.0,18,0.2,42,0.7428571428571429,0.5140242619499232,0.44669819853242493,-0.030824244010153823,1.0,0.1771460293464695,0.25060501965609466,1.0,0.01439340000069933,0.0025719000041135587,0.10380530000111321,,B,0.0541010774760587,0.9688284801910327,2.8215490756708013,9.684092868214506,0.9726604988717225,0.12293332837712129,0.35078836188282825,0.3385223777540644,2.488503615798257,0.870120466639946,0.22330658175984608
seeds,P2_Full,,main,clean,0.0,20,0.05,10,0.8952380952380953,0.6731183467647609,0.7148619635228036,-0.029038882101705635,1.0,0.17289411802521326,0.262830525636673,0.6666666666666666,0.016127099996083416,0.0024039999989327043,0.025758800002222415,,B,0.05716291978353362,0.954559276883575,2.8877953452824467,11.775561475407926,0.9604288008401589,0.1291688061729448,0.3430960728698134,0.33019180677243665,2.507135685599541,0.8576816099529357,0.23800090371735297
seeds,P2_Full,,main,clean,0.0,20,0.1,21,0.8714285714285714,0.6349868104951386,0.6648005467294532,-0.035990869480278014,1.0,0.17518484509059534,0.26294424858960236,0.9090909090909091,0.01758450000488665,0.0023999000040930696,0.05184490000101505,,B,0.053821547180608886,0.9600370943697328,2.895834059102755,10.764309436121778,0.9649239407135937,0.12228456031384276,0.34203382357820217,0.33,2.5075757575757573,0.8650220291450723,0.22771436777004103
seeds,P2_Full,,main,clean,0.0,20,0.15,31,0.8476190476190476,0.6201082115129674,0.6234434277568981,-0.032817499294784544,1.0,0.1778897304728785,0.2877009272575378,1.0,0.01712260000203969,0.0031060000037541613,0.08076760000403738,,B,0.05556755605018526,0.9693654349028903,2.9041000489817805,10.502268093485014,0.9728924910153569,0.11513321965844883,0.3408532046260459,0.329843521332883,2.5079351535836176,0.8729309998457203,0.2196581973722112
seeds,P2_Full,,main,clean,0.0,20,0.2,42,0.8095238095238095,0.5839685386442007,0.5662962678981835,-0.03199618791677985,1.0,0.1783985853167284,0.21417971361767163,0.8181818181818182,0.014774499999475665,0.0018598000024212524,0.10379780000221217,,B,0.06173796986687226,0.9771173744240114,2.9039784500836867,11.051096606170134,0.9797272906497086,0.11405667662700218,0.3406717745529251,0.3299227920406754,2.5077530441400304,0.8741797440749592,0.22177695613532403
seeds,P2_Full,,main,clean,0.0,21,0.05,10,0.9285714285714286,0.7291017455606242,0.7952688706113769,-0.03554345599718565,1.0,0.17334480643034053,0.25866643091042835,0.6666666666666666,0.016708100003597792,0.00231280000298284,0.026378499998827465,,B,0.05777318482789522,0.9543137132262295,2.8874434805543663,11.901276074546416,0.9602401407701953,0.12972005305032194,0.3431384771005864,0.33019180677243665,2.507135685599541,0.8583892456471206,0.2357487950830961
seeds,P2_Full,,main,clean,0.0,21,0.1,21,0.9095238095238095,0.6749518015286159,0.7463605980321485,-0.03456804380737248,1.0,0.17602551981140663,0.30104182254184375,0.7272727272727273,0.02437400000053458,0.002133399997546803,0.06510770000022603,,B,0.055131645153994595,0.9582755243455718,2.8994934326646122,11.02632903079892,0.9633710435160759,0.1221230246895471,0.34159580970694314,0.33,2.5075757575757573,0.8675468520656339,0.22373682784607546
seeds,P2_Full,,main,clean,0.0,21,0.15,31,0.9047619047619048,0.6858975782094343,0.7396367946067443,-0.025946379077979732,1.0,0.1814295475709068,0.2859332084655762,0.8,0.017204399999172892,0.0019365999978617765,0.09341139999742154,,B,0.049925723947736485,0.9674059978475794,2.912981159832617,9.435961826122195,0.9709531158685861,0.10882732364129886,0.3397977927037602,0.329843521332883,2.5079351535836176,0.8824234455268638,0.2056232444646709
seeds,P2_Full,,main,clean,0.0,21,0.2,42,0.8809523809523809,0.6560462135452511,0.6898735642203438,-0.03170662098769555,1.0,0.18431054394646723,0.20037257400425998,0.8181818181818182,0.017259499996725935,0.00418070000159787,0.12066780000168364,,B,0.04800636855902451,0.9784955547430371,2.924527306396394,8.593139972065387,0.9805818590804961,0.09701735211158209,0.3382386092538655,0.3299855627393133,2.5076089024158263,0.8920712570619299,0.19457452280781667
seeds,P2_Full,,main,clean,0.0,23,0.05,10,0.8857142857142857,0.6454753949317019,0.6916400362767735,-0.02418894027116324,1.0,0.17322886251916028,0.28451185425122577,0.6666666666666666,0.018309400002181064,0.0022422000038204715,0.02749510000285227,,B,0.06012627426378914,0.951380250028786,2.885589585956511,12.386012498340563,0.9578201623240182,0.13245465678135124,0.34336206605462044,0.33019180677243665,2.507135685599541,0.8578258906115226,0.23938538803259937
seeds,P2_Full,,main,clean,0.0,23,0.1,21,0.8428571428571429,0.5642246545350775,0.5946533632125733,-0.026105840586175346,1.0,0.17557704839861724,0.2813905856826089,0.9090909090909091,0.017411600005289074,0.0021330000017769635,0.05287430000316817,,B,0.05791890403654407,0.9607724082200784,2.8992686255398676,11.583780807308813,0.9655588695553001,0.12201772064100334,0.3416226864354954,0.3302010050251256,2.5071145944300715,0.865144594143004,0.2307551791572824
seeds,P2_Full,,main,clean,0.0,23,0.15,31,0.819047619047619,0.5535642552199337,0.5506468990624872,-0.020514909301876168,1.0,0.17712950371686195,0.25318303108215334,0.9,0.01542669999616919,0.00344579999364214,0.07745950000389712,,B,0.058599607861948406,0.9750510177842227,2.9068477730840354,11.07532588590825,0.977877504100908,0.1132906461770575,0.3405259820833918,0.32995609591354275,2.507676560900716,0.8705831923941943,0.22742317527137926
seeds,P2_Full,,main,clean,0.0,23,0.2,42,0.7666666666666667,0.48920986946688644,0.45911882008821725,-0.03861790320739194,1.0,0.1773702456789036,0.1984838436950337,0.9090909090909091,0.01425589999416843,0.001792799994291272,0.1004252999991877,,B,0.06167511783999697,0.9813052147140768,2.900779331692778,11.039846093359458,0.9834416305675673,0.11427870504076412,0.34105367947839177,0.3298600213420375,2.507897240723121,0.8703638903394477,0.22945217487500788
seeds,P2_Full,,main,clean,0.0,22,0.05,10,0.9285714285714286,0.736871391862801,0.7945599993696407,-0.007686490624352065,1.0,0.17329464035121941,0.3356840858856837,0.6666666666666666,0.016918100001930725,0.002670499998203013,0.026861799997277558,,B,0.058837596680326266,0.953262252056031,2.8845570630398587,12.12054491614721,0.959396500019261,0.1312482572028083,0.34348671808652925,0.3303812455600284,2.506701548165138,0.8581716344469594,0.23682499061119036
seeds,P2_Full,,main,clean,0.0,22,0.1,21,0.9095238095238095,0.6845712262803997,0.7457731455125314,-0.033898406496010704,1.0,0.17624232192772812,0.2532283663749695,0.8181818181818182,0.016335100001015235,0.0023977000018930994,0.05567689999588765,,B,0.054007055096815575,0.9592424263258043,2.8953154378013735,10.801411019363115,0.9642246822909871,0.12224123067309045,0.3420959902635807,0.33030150753768844,2.5068842233378974,0.8682814879368583,0.22238735616114405
seeds,P2_Full,,main,clean,0.0,22,0.15,31,0.8857142857142857,0.6253731034214394,0.6893697786059998,-0.04026650503314355,1.0,0.18061466167215431,0.2801426351070404,1.0,0.015232099998684134,0.002547500000218861,0.07944080000015674,,B,0.05008687855957926,0.9647866072497427,2.9069093334560505,9.46642004776048,0.9687504586975512,0.11256658726187262,0.340518658031458,0.3301812450748621,2.5071599045346065,0.8798855413914898,0.2088462336510973
seeds,P2_Full,,main,clean,0.0,22,0.2,42,0.9714285714285714,0.8838257764162951,0.9151416244385184,-0.02914264370686127,1.0,0.1828419048961254,0.24552757089788263,0.8181818181818182,0.014805200000409968,0.0022115999963716604,0.10639660000015283,,B,0.04739091339296158,0.9751718749134869,2.9098114622428595,8.482973497340122,0.9777579569605688,0.10415937724136297,0.3399776016277388,0.3301738748352269,2.50717680608365,0.8875937437952064,0.20077197029029775
seeds,P2_Full,,main,clean,0.0,24,0.05,10,0.8952380952380953,0.6834971314532258,0.7136602796825353,-0.04568324367924317,1.0,0.17234662466410974,0.2605161766211192,0.6666666666666666,0.01654729999427218,0.002327900001546368,0.02551270000549266,,B,0.0593785039692118,0.9530168691557467,2.879253720000563,12.23197181765763,0.9592398698816098,0.13245181012930116,0.3441283766693302,0.33109164101349753,2.505077957373766,0.855946972546333,0.239743596792642
seeds,P2_Full,,main,clean,0.0,24,0.1,21,0.8714285714285714,0.661716108238441,0.6665415491226748,-0.03406426630811643,1.0,0.17427600305756646,0.29976720972494647,0.9090909090909091,0.01602229999843985,0.0020676000058301724,0.04940230000647716,,B,0.057923692458990386,0.955018904790343,2.884306804588869,11.584738491798078,0.9608351042596378,0.12930319820327446,0.34342085939299777,0.33105527638190957,2.5051608986035214,0.8613705837607208,0.23298375560311488
seeds,P2_Full,,main,clean,0.0,24,0.15,31,0.8571428571428571,0.6483280494267865,0.6431747755507082,-0.029895678601384368,1.0,0.17608043719249392,0.23233150243759154,0.9,0.016402900000684895,0.002154299996618647,0.07495800000469899,,B,0.052921816426030395,0.9633696183366611,2.8864749453251637,10.002223304519745,0.9678846210928101,0.12325841422143248,0.34296696751335964,0.3308566925588202,2.505614154474311,0.8681063832761413,0.22519879790906952
seeds,P2_Full,,main,clean,0.0,24,0.2,42,0.8238095238095238,0.6095378163801589,0.5864779850968762,-0.02803052589341132,1.0,0.17794869768323657,0.24494057080962442,0.9090909090909091,0.014390299998922274,0.0017938000019057654,0.09721560000616591,,B,0.05181969995223506,0.9697442496432319,2.885895624342343,9.275726291450075,0.9734030668473035,0.12092964679202413,0.34284160259177565,0.3304877283284163,2.506457739791073,0.8720451045609761,0.22051155714000237
seeds,P2_Full,,main,clean,0.0,25,0.05,10,0.9095238095238095,0.6775878911346593,0.7439204801761854,-0.01654311387203194,1.0,0.17240318561056844,0.29539017379283905,0.6666666666666666,0.01631930000439752,0.002421700002742,0.026864899999054614,,B,0.06083242889922537,0.9494074533641736,2.8777959176105306,12.531480353240426,0.9562934789393356,0.13610751055345563,0.3443051725282874,0.33057068434762016,2.5062679083094554,0.855206473987107,0.24251248650864754
seeds,P2_Full,,main,clean,0.0,25,0.1,21,0.8809523809523809,0.5997436376447894,0.6721465254594686,-0.03085687299501527,1.0,0.17490793765469184,0.25880987264893274,0.7272727272727273,0.017719099996611476,0.0021665999956894666,0.052709600000525825,,B,0.05593312523701144,0.9552712595771555,2.886419124264023,11.186625047402288,0.9609877600712515,0.12780374408165493,0.3431658620145154,0.33060301507537687,2.5061939504483965,0.8639073777972829,0.23047606513658409
seeds,P2_Full,,main,clean,0.0,25,0.15,31,0.8761904761904762,0.6023471940312632,0.6650065064549651,-0.026172951872264687,1.0,0.1787099822865954,0.29327352344989777,0.8,0.015180000002146699,0.002289700001711026,0.07601579999754904,,B,0.05219634824665395,0.9616192356735712,2.89572763159799,9.865109818617597,0.9661817218395221,0.11887429148484063,0.34185409276176904,0.3305189688168412,2.5063862397820165,0.8736286478790077,0.21957045977179357
seeds,P2_Full,,main,clean,0.0,25,0.2,42,0.8714285714285714,0.6228580838317359,0.6643470603792039,-0.01625568295316684,1.0,0.1809232045788911,0.2526868690143932,0.9090909090909091,0.015551600001344923,0.0018274000030942261,0.09953749999840511,,B,0.052588143161950575,0.9756120627670222,2.9050469145817113,9.413277625989153,0.9782449224354042,0.10795745631253355,0.34054441058359597,0.33086435252024354,2.505596660975147,0.8814057970424956,0.21214223940783553
seeds,P2_Full,,main,clean,0.0,26,0.05,10,0.9142857142857143,0.6994443851371177,0.7560304880689446,-0.015022936965547623,1.0,0.17177368225037978,0.33560370405515033,0.6666666666666666,0.01681770000141114,0.0018696000042837113,0.025202000004355796,,B,0.06098280915479434,0.9485849513798811,2.867605742913584,12.562458685887634,0.955749104079813,0.13933960760913403,0.34554601187141265,0.3309022022259058,2.5055102332903965,0.8533647204229553,0.2446454175161275
seeds,P2_Full,,main,clean,0.0,26,0.1,21,0.9,0.6617155722408834,0.7208500083939412,-0.04249611700270824,1.0,0.17452118208848574,0.2642426138574427,0.8181818181818182,0.01628770000388613,0.0015130999963730574,0.04862380000122357,,B,0.0571531045033479,0.9547946135192577,2.8811209550464656,11.430620900669581,0.9606815095196587,0.13022554298720232,0.34380615959359756,0.3308542713567839,2.5056196840826246,0.8629622438685092,0.23052857976004815
seeds,P2_Full,,main,clean,0.0,26,0.15,31,0.8809523809523809,0.6249653419751899,0.6780672123338097,-0.03098462371304182,1.0,0.17878951906160734,0.255683034658432,0.7,0.01700159999745665,0.0015897999983280897,0.0727134999979171,,B,0.05304026405025703,0.9620936421612384,2.896478798175893,10.024609905498579,0.966618966166095,0.11938166215033115,0.34176405760043105,0.3305189688168412,2.5063862397820165,0.8741687806628842,0.2175453929763896
seeds,P2_Full,,main,clean,0.0,26,0.2,42,0.861904761904762,0.6080197164620584,0.6452021824983489,-0.03433034141547934,1.0,0.17982576819665494,0.24695405634966763,0.9090909090909091,0.01562549999653129,0.002241999995021615,0.0962811999997939,,B,0.05097601961283094,0.9710154865838293,2.8966474158417426,9.124707510696739,0.9743221034295506,0.11408219272974024,0.3415481884430852,0.3304877283284163,2.506457739791073,0.8782678901679863,0.21468623020917532
seeds,P2_Full,,main,clean,0.0,27,0.05,10,0.9380952380952381,0.7785509297174396,0.8217792663756577,-0.02152056766414318,1.0,0.17354541212689867,0.32507120569547016,0.8333333333333334,0.017159900002297945,0.002311399999598507,0.025982800005294848,,B,0.0594313442140217,0.9543697585094499,2.887395995737823,12.24285690808847,0.9603053739420792,0.13008073678195378,0.34314420042392346,0.33019180677243665,2.507135685599541,0.8584633388476857,0.23738959915243607
seeds,P2_Full,,main,clean,0.0,27,0.1,21,0.9571428571428572,0.8398224937846243,0.8742879747225176,-0.024065087060395538,1.0,0.17664529764886572,0.3067210154099898,0.8181818181818182,0.015730400002212264,0.002019999999902211,0.04934670000511687,,B,0.05582577088472277,0.9602226040364854,2.9009295694413377,11.165154176944554,0.9650069708165058,0.12027853166679749,0.3414242112379346,0.33045226130653266,2.5065389294403895,0.8697857524082936,0.22005464095329055
seeds,P2_Full,,main,clean,0.0,27,0.15,31,0.9619047619047619,0.8562010477815629,0.8872922511852893,-0.03426176793148589,1.0,0.1827252359157894,0.21364306211471557,1.0,0.015161700001044665,0.0017690000022412278,0.07200720000400906,,B,0.04947833149490724,0.974533115368416,2.926552676226607,9.351404652537468,0.9770976319168962,0.10070004971474615,0.3381973567131978,0.3301812450748621,2.5071599045346065,0.8879261142783088,0.19489074569608641
seeds,P2_Full,,main,clean,0.0,27,0.2,42,0.9666666666666667,0.8785973984141411,0.9005020118381648,-0.03156548133542179,1.0,0.1868728492571613,0.20154289223931052,1.0,0.014552000000549015,0.0016586999990977347,0.09409859999868786,,B,0.045465238164792074,0.9822645290030008,2.940751384934749,8.13827763149778,0.983845655098812,0.08915049936248073,0.33634155794294524,0.3298600213420375,2.507897240723121,0.9001076009558295,0.17769703968820114
seeds,P2_Full,,main,clean,0.0,28,0.05,10,0.8952380952380953,0.674994512704728,0.7153403468120395,-0.02650111183461738,1.0,0.1739740285514417,0.32646723091602325,0.8333333333333334,0.028202499997860286,0.002457099995808676,0.039046600002620835,,B,0.0564627924929385,0.9587353826473671,2.8940397560363245,11.63133525354533,0.9638769627790417,0.12460021348886849,0.34234525618086775,0.33019180677243665,2.507135685599541,0.8616087812500677,0.23225958478651773
seeds,P2_Full,,main,clean,0.0,28,0.1,21,0.8523809523809524,0.6182310590299374,0.6233157914380622,-0.039741900055532665,1.0,0.17698004597024952,0.24252822453325446,0.8181818181818182,0.017900800005008932,0.006132700000307523,0.07451600000058534,,B,0.05177595991569092,0.9632240229238291,2.899388661718408,10.355191983138184,0.9675619441948521,0.1179552962532622,0.34160833503817883,0.3302010050251256,2.5071145944300715,0.8697546862985107,0.22069124380159194
seeds,P2_Full,,main,clean,0.0,28,0.15,31,0.8142857142857143,0.5571620174186168,0.5465345057486269,-0.0330739751706164,1.0,0.1788380902295255,0.2340085744857788,1.0,0.016316399996867403,0.0024355999994440936,0.1008157000032952,,B,0.049653618076105126,0.9716645701489555,2.8912822446784348,9.384533816383868,0.9748188787411574,0.11132030143123504,0.3423878764801536,0.3319824383654171,2.5030518819938963,0.8752538267736879,0.21663048868247906
seeds,P2_Full,,main,clean,0.0,28,0.2,42,0.7523809523809524,0.516238279391849,0.4552886442846665,-0.029736008888897582,1.0,0.1788035583428095,0.19064814394170587,1.0,0.01717579999967711,0.0024278999990201555,0.1282266000052914,,B,0.05232886391433192,0.9770932737000477,2.86841691505099,9.366866640665414,0.979742461231702,0.1156510754511363,0.3449649423576038,0.3316176009038981,2.503880371001325,0.8745505496057179,0.2198399594871475
seeds,P2_Full,,main,clean,0.0,29,0.05,10,0.8904761904761904,0.643988123850053,0.6996161436533582,-0.030685437754388926,1.0,0.17247390455918857,0.25651097297668457,0.8333333333333334,0.018612300002132542,0.0023347000023932196,0.028003999999782536,,B,0.05957461570526072,0.9520355151348758,2.882416054839357,12.27237083528371,0.9584223450837641,0.13315748030752408,0.343745477338642,0.3303812455600284,2.506701548165138,0.8559021692593496,0.24075279594043825
seeds,P2_Full,,main,clean,0.0,29,0.1,21,0.8428571428571429,0.5663802044248696,0.5949442836914363,-0.03573778882620931,1.0,0.17446734676857167,0.31199041550809686,0.7272727272727273,0.016055299995059613,0.001952099999471102,0.052094999999098945,,B,0.05648169524455241,0.9542577542396479,2.8890927948210625,11.296339048910482,0.9601298679892716,0.12837397141339013,0.34284363353035063,0.3302010050251256,2.5071145944300715,0.8622491689819267,0.23285354776476494
seeds,P2_Full,,main,clean,0.0,29,0.15,31,0.8095238095238095,0.5244635849339031,0.5297725546636163,-0.019725077862973166,1.0,0.17588542854308342,0.26113846004009245,0.8,0.020281299999624025,0.0018339000016567297,0.08132640000258107,,B,0.05833620544142465,0.9702311404263507,2.896576169487038,11.02554282842926,0.9737769791059752,0.11911234526307375,0.34175239005056546,0.3301812450748621,2.5071599045346065,0.8669310235072197,0.23117580918943312
seeds,P2_Full,,main,clean,0.0,29,0.2,42,0.819047619047619,0.575677893466978,0.5755730215650636,-0.025538427284971063,1.0,0.17543130196731854,0.20682800357991998,0.8181818181818182,0.014171299997542519,0.0021909000060986727,0.10440419999940787,,B,0.06300113086342592,0.9778762283153748,2.8845416326147144,11.277202424553238,0.9805868667617318,0.12252153407643133,0.3430051680551964,0.3299855627393133,2.5076089024158263,0.864683016569395,0.2360271574143633
seeds,P2_Full,,main,clean,0.0,0,0.05,10,0.9333333333333333,0.7659384378531993,0.8093013081504196,-0.022361018983486095,1.0,0.1733295291219178,0.2546301782131195,0.6666666666666666,0.016567200000281446,0.0026495000056456774,0.026397699999506585,,C,0.05845753824124079,0.9530259329973595,2.8838214672619085,11.841315138451392,0.9591846294134511,0.13110843512326367,0.34357557783551274,0.3303812455600284,2.506701548165138,0.8581571353894422,0.23606387731207393
seeds,P2_Full,,main,clean,0.0,0,0.1,21,0.9476190476190476,0.8168691618483584,0.8478205537835013,-0.03767597421892961,1.0,0.17576363522584484,0.3039508272301067,0.9090909090909091,0.016004099998099264,0.00222609999764245,0.05068490000121528,,C,0.05562240669445575,0.9577859004761021,2.893808911025899,10.884494076346698,0.963016719867188,0.12391166577234718,0.3422767026988182,0.33025125628140706,2.5069993913572732,0.8669963668131137,0.22324123778349092
seeds,P2_Full,,main,clean,0.0,0,0.15,31,0.9619047619047619,0.8562010477815629,0.8872922511852893,-0.037475809992620214,1.0,0.18177930978002452,0.2699543863534927,0.9,0.015006599998741876,0.0019694000002346,0.07364959999540588,,C,0.048833571303085646,0.9696701866916406,2.9181900552465336,8.919759862140921,0.9728709205172561,0.1055309438628589,0.3391817676949226,0.3301812450748621,2.5071599045346065,0.8849750730998213,0.1982935401381876
seeds,P2_Full,,main,clean,0.0,0,0.2,42,0.9666666666666667,0.8785973984141411,0.9005020118381648,-0.037729597983594654,1.0,0.18670613001846156,0.16506975347345526,0.9090909090909091,0.015950299995893147,0.0016591999956290238,0.09702969999489142,,C,0.04528223235434851,0.9793279601877285,2.9357692285922767,7.756211103372194,0.9812222657972341,0.09163612428712468,0.33692188144110136,0.3298600213420375,2.507897240723121,0.8996160224546544,0.17796559358158404
seeds,P2_Full,,main,clean,0.0,1,0.05,10,0.9047619047619048,0.6970605928459371,0.7369416670073977,-0.026167473842709815,1.0,0.17302830997410276,0.28106587131818134,0.6666666666666666,0.016458700003568083,0.0028972000000067055,0.026583599996229168,,C,0.059412406058257976,0.9556392727243297,2.886056538657375,12.00182491480249,0.9612905633378924,0.12739400277285579,0.3433057221611473,0.331517878285579,2.504107142857143,0.8581853712904914,0.23698331981295967
seeds,P2_Full,,main,clean,0.0,1,0.1,21,0.8857142857142857,0.6711326216427077,0.6961628848392682,-0.03369310371189929,1.0,0.17650201671515522,0.2844002355228771,0.8181818181818182,0.016567099999519996,0.0024754000041866675,0.051577400001406204,,C,0.054957754685383595,0.9592471212741653,2.9007154440877643,10.738049146598236,0.9640927674303794,0.11890316237076684,0.3414497854758017,0.3310050251256281,2.5052755427356916,0.8688291372495726,0.22215804065389916
seeds,P2_Full,,main,clean,0.0,1,0.15,31,0.861904761904762,0.6366984275908973,0.6489076427333531,-0.0261767281749652,1.0,0.18059032730869087,0.2443020761013031,0.7,0.01649349999934202,0.0020647999990615062,0.07626650000020163,,C,0.051967939968428085,0.9697455598187933,2.9156171962826494,9.4915342883857,0.9729877547076512,0.1071642664494541,0.3394857692876388,0.3301812450748621,2.5071599045346065,0.8812710817230603,0.2067589360844585
seeds,P2_Full,,main,clean,0.0,1,0.2,42,0.8285714285714286,0.6109848223836066,0.5918756225369192,-0.03156401414713186,1.0,0.18196033623462246,0.22244792092930188,1.0,0.014994799996202346,0.0019896000012522563,0.09899639999639476,,C,0.05532763094086427,0.9761291116850423,2.917927563250577,9.507903286785734,0.9786402690413297,0.10519748252158082,0.3390163410866702,0.3297344799447618,2.508185798591281,0.8849086310870647,0.20300170507712753
seeds,P2_Full,,main,clean,0.0,2,0.05,10,0.8857142857142857,0.6523693973458197,0.6953394780231145,-0.020165262636248515,1.0,0.1738272476734027,0.3343736529350281,0.5,0.01670639999792911,0.0024039999989327043,0.026068799998029135,,C,0.05875914413192965,0.9547003785809726,2.8929062564867642,11.881533640491185,0.9604519931542577,0.12696827022199472,0.3424813053386613,0.3301444470755387,2.507244297805193,0.8602944301515252,0.23516806532871737
seeds,P2_Full,,main,clean,0.0,2,0.1,21,0.8523809523809524,0.6393754331594993,0.6329789826543266,-0.035459870364200737,1.0,0.17700973566844366,0.2999229376966303,0.7272727272727273,0.016921100002946332,0.002187099998991471,0.05753990000084741,,C,0.055948549849705896,0.9579044559087835,2.8999488631251547,10.946960514315634,0.9629595097195235,0.12008524702249254,0.3415413736669768,0.33025125628140706,2.5069993913572732,0.8694270058750676,0.22368660273084862
seeds,P2_Full,,main,clean,0.0,2,0.15,31,0.8238095238095238,0.6066102944366579,0.5847616077476314,-0.03014264784507444,1.0,0.17623146767728964,0.29254192411899566,0.8,0.015229899996484164,0.002267000003485009,0.08127790000435198,,C,0.056445258159730505,0.9640270413580507,2.8911979841191067,10.370434830692162,0.9684566387607493,0.12313686641089915,0.34239800999179987,0.32995609591354275,2.507676560900716,0.8686344941501618,0.2247029279964317
seeds,P2_Full,,main,clean,0.0,2,0.2,42,0.9571428571428572,0.8442237549161238,0.873749708919781,-0.02988781844937972,1.0,0.17882075699086886,0.2550845579667525,0.8181818181818182,0.01497910000034608,0.0020491999966907315,0.1049639000048046,,C,0.05470233243932704,0.9763534227558065,2.895136077070955,9.39828774178315,0.9790751071062077,0.11509844838409115,0.34172941850363175,0.3299227920406754,2.5077530441400304,0.874768091555014,0.2171116646335589
seeds,P2_Full,,main,clean,0.0,3,0.05,10,0.9,0.6819740140479758,0.7249407865789154,-0.024167881902208005,1.0,0.17258523636960585,0.25888586044311523,1.0,0.019131900000502355,0.0020373000006657094,0.029378899998846464,,C,0.059130513219967214,0.9555856682403681,2.8791025791193046,11.945550158868997,0.9612503617595543,0.1275420184152092,0.3441466980515172,0.3332228273739048,2.5002487208641275,0.8568373309616423,0.23893237905008363
seeds,P2_Full,,main,clean,0.0,3,0.1,21,0.8809523809523809,0.648924356744881,0.6826524311060536,-0.02607095140285837,1.0,0.17566448897706502,0.30237622423605487,0.8181818181818182,0.022474099998362362,0.004585399998177309,0.0622531999979401,,C,0.05606835698607737,0.9576754941955722,2.8920760238137766,10.973024933882257,0.9629230517159724,0.12398390532066722,0.3424848005814807,0.33060301507537687,2.5061939504483965,0.8665384311062908,0.2245260802064342
seeds,P2_Full,,main,clean,0.0,3,0.15,31,0.8476190476190476,0.6140457487330743,0.6194095205897008,-0.044182642307642794,1.0,0.17919440277838006,0.24290728867053984,0.9,0.014891099999658763,0.0018433000004733913,0.08453929999814136,,C,0.0546890307380922,0.9685858985402168,2.9088592784815877,10.00047903282163,0.9721126351581137,0.11226603512476578,0.3402868267028241,0.3302938196555218,2.5069018404907975,0.8769422232731261,0.2127207228547242
seeds,P2_Full,,main,clean,0.0,3,0.2,42,0.8238095238095238,0.6099591112952882,0.5870670549510447,-0.031274313217018276,1.0,0.17761849938747373,0.2364321621981534,1.0,0.013953500005300157,0.0016905000011320226,0.10597409999900265,,C,0.06633973719076083,0.9716657069952803,2.9020418313998433,11.452671852108978,0.9750537197800335,0.11957287179139571,0.34090286398680136,0.3299855627393133,2.5076089024158263,0.8716930832475908,0.2244905221423799
seeds,P2_Full,,main,clean,0.0,5,0.05,10,0.8952380952380953,0.6703334036134687,0.7155730961897425,-0.019066553337900173,1.0,0.1732753619860072,0.33237739900747937,0.6666666666666666,0.01667530000122497,0.0017951999980141409,0.02563930000178516,,C,0.0586083145258047,0.9542403889534983,2.887276827254078,11.856747545375413,0.9601505860851789,0.129157503670094,0.34315856457610855,0.33028652616623255,2.5069185546314885,0.8587038102572511,0.2364674339627269
seeds,P2_Full,,main,clean,0.0,5,0.1,21,0.8571428571428571,0.6157694523611894,0.6373765598751362,-0.024138339927687727,1.0,0.1763267190857959,0.2789648771286011,0.9090909090909091,0.016260700002021622,0.0020128999967710115,0.049750400001357775,,C,0.054687501491109396,0.9613324633421557,2.8986049637998565,10.662066443082239,0.9659388831182029,0.11912886555996002,0.3417020545774114,0.33040201005025127,2.506653992395437,0.8684032771662422,0.22310400124076837
seeds,P2_Full,,main,clean,0.0,5,0.15,31,0.8380952380952381,0.6102588215930033,0.6076668630160743,-0.02040896137174809,1.0,0.17883798030583248,0.31722408533096313,0.8,0.016052599996328354,0.001703400004771538,0.07302019999769982,,C,0.0572528381199453,0.9711548023667705,2.9096294800823705,10.441605415705666,0.9743391327902899,0.11039378076061769,0.3401953421074489,0.3305189688168412,2.5063862397820165,0.8757740185662087,0.2170298134800297
seeds,P2_Full,,main,clean,0.0,5,0.2,42,0.8142857142857143,0.6072808286594682,0.5773636204303878,-0.033703851733634355,1.0,0.1795263648601438,0.21169789270921188,1.0,0.018118599997251295,0.0015550000025541522,0.0986921000003349,,C,0.06245190124129986,0.9833411171074664,2.909034678002874,10.653477948683545,0.9851030239340998,0.10576380409175179,0.34006988419876727,0.3306760404243299,2.506026955201215,0.8772934054821219,0.21887636150629516
seeds,P2_Full,,main,clean,0.0,4,0.05,10,0.9285714285714286,0.7275810230790065,0.7949670932529467,-0.01820661334227731,1.0,0.17364158025980206,0.33632203936576843,0.6666666666666666,0.017513599996163975,0.002640900005644653,0.02962149999802932,,C,0.05981391027987488,0.9547083591625825,2.88775185831628,12.094714055939662,0.9605769748263134,0.1295739247954671,0.34310131304957875,0.33019180677243665,2.507135685599541,0.8591166586896235,0.23623417423741191
seeds,P2_Full,,main,clean,0.0,4,0.1,21,0.9095238095238095,0.6748818596729579,0.7461546383066365,-0.028905557508225863,1.0,0.17656847627563646,0.285831632939252,0.9090909090909091,0.016779799996584188,0.005561800004215911,0.05797249999886844,,C,0.05531197059540423,0.9604923208211836,2.897761950028366,10.793247724227939,0.9652676447267042,0.12087077765076543,0.3418029240735619,0.3301005025125628,2.5073451057999696,0.869212825346759,0.22162853337720037
seeds,P2_Full,,main,clean,0.0,4,0.15,31,0.9,0.6716245730430295,0.7266289370369567,-0.02741875179103534,1.0,0.18193025124582346,0.28313286006450655,0.8,0.015725500001281034,0.002069199996185489,0.08266010000079405,,C,0.05037421259063044,0.9680304095017672,2.9165398261923254,9.216753860047547,0.9714508317226648,0.10698986654479169,0.3393766923164623,0.329843521332883,2.5079351535836176,0.8839654602120144,0.20322672884871276
seeds,P2_Full,,main,clean,0.0,4,0.2,42,0.8761904761904762,0.6486244145934746,0.6801064519242702,-0.026987313349529838,1.0,0.18456384604473305,0.23397266051986002,0.9090909090909091,0.015390900000056718,0.002227099997980986,0.10961350000434322,,C,0.0496825957745951,0.9798916001121276,2.926865577908796,8.505036654037426,0.9818209280630441,0.09594636876502927,0.3379639023909017,0.3297344799447618,2.508185798591281,0.8927398790737759,0.1936116663185192
seeds,P2_Full,,main,clean,0.0,6,0.05,10,0.8809523809523809,0.6493197501754057,0.6822257825155047,-0.03998107138716756,1.0,0.17384787525306292,0.2762375622987747,0.8333333333333334,0.017254799997317605,0.0024510000002919696,0.026388400001451373,,C,0.060057350605671196,0.9538830390736646,2.8909342959199305,12.15444627615797,0.9598052980620952,0.12841824069653213,0.34271824567653425,0.3303812455600284,2.506701548165138,0.859876026609144,0.23504747163453413
seeds,P2_Full,,main,clean,0.0,6,0.1,21,0.8809523809523809,0.653324839404021,0.6862119922139097,-0.03850897183220953,1.0,0.1755167257781313,0.24138326536525379,0.9090909090909091,0.015758900000946596,0.0024871999994502403,0.050691600001300685,,C,0.05962434297566744,0.9662357575030885,2.8979390905458815,11.565579859134886,0.9702112222350414,0.11774186055903609,0.3417817237314244,0.33130653266331656,2.5045881996056423,0.865321968001797,0.22918233597106377
seeds,P2_Full,,main,clean,0.0,6,0.15,31,0.8571428571428571,0.6233481375532773,0.6392388495354014,-0.02921628487913176,1.0,0.1792641065438424,0.2464109778404236,0.8,0.01505860000179382,0.0019911999988835305,0.07366309999633813,,C,0.05790475278132012,0.9665188134778515,2.9100110974153055,10.611154034054422,0.9703150189789009,0.11338324281124615,0.3401500315178503,0.3301812450748621,2.5071599045346065,0.8770632380124371,0.21329108348471854
seeds,P2_Full,,main,clean,0.0,6,0.2,42,0.9619047619047619,0.8588647467642706,0.8880166730030907,-0.02952907990449123,1.0,0.1797379559232346,0.2208981757814234,0.9090909090909091,0.014371700002811849,0.0021492000014404766,0.09619109999766806,,C,0.06359593980384176,0.977648073205552,2.9096918059217165,10.9118097894045,0.9801195255231874,0.11056998979833932,0.3399918136812357,0.33011110413658906,2.507320783418901,0.8778996167070579,0.2159473749380291
seeds,P2_Full,,main,clean,0.0,7,0.05,10,0.8904761904761904,0.6855905080819611,0.7087471242260559,-0.041060564202235195,1.0,0.17261425682140102,0.3287850668032964,0.6666666666666666,0.016451399998913985,0.0020838999989791773,0.024895299997297116,,C,0.05929199304521256,0.9526615163470454,2.875885411981263,12.014938787686802,0.9589731767988772,0.13333043149635931,0.3445371416141129,0.3308548425290078,2.505618379616376,0.8567345714213872,0.23808132564096546
seeds,P2_Full,,main,clean,0.0,7,0.1,21,0.8666666666666667,0.6673074867344746,0.6633918505395394,-0.03188383917052889,1.0,0.1757776655803332,0.2684018449349837,0.7272727272727273,0.0171252000000095,0.001847200001066085,0.05026309999811929,,C,0.05691956869586737,0.9578787233640637,2.8825006387542937,11.137250413042352,0.9631850312935848,0.12597690177780557,0.34363919455132474,0.33110552763819096,2.5050462892699956,0.865807199209613,0.2263077411718321
seeds,P2_Full,,main,clean,0.0,7,0.15,31,0.8476190476190476,0.6474176414496982,0.6318222155941542,-0.03750810650484917,1.0,0.17805795062497634,0.20821995735168458,0.8,0.016540999997232575,0.0018423000001348555,0.07451800000126241,,C,0.05292595332061466,0.9678179405687772,2.8849448099981294,9.68576081602197,0.9715975388285085,0.11744426324887064,0.3431516937129209,0.331306990881459,2.5045871559633026,0.8739840761433004,0.21668994790959498
seeds,P2_Full,,main,clean,0.0,7,0.2,42,0.819047619047619,0.6134227894796559,0.5850694810664278,-0.02826934300233924,1.0,0.1798489982252875,0.23935824090784247,1.0,0.014368299998750445,0.0022529000052600168,0.09698070000013104,,C,0.050719547032659226,0.974472992451786,2.8802907005484766,8.730829459238784,0.9773851151027164,0.11408006384728893,0.3435196901860044,0.3314920595066223,2.5041658776746827,0.8778629041024368,0.21169926896569083
seeds,P2_Full,,main,clean,0.0,8,0.05,10,0.8857142857142857,0.6481043150916098,0.6928110693990657,-0.028011430227376104,1.0,0.17308572594776972,0.32523531715075177,0.8333333333333334,0.016720499996154103,0.002311599993845448,0.025892699995893054,,C,0.060279408557092365,0.9546969452223106,2.889831604208846,12.188986188958296,0.9605515047382263,0.1292310097993405,0.3428508802397881,0.3300970873786408,2.5073529411764706,0.8588452461744142,0.23673930426758838
seeds,P2_Full,,main,clean,0.0,8,0.1,21,0.8571428571428571,0.6186476380229188,0.6321300194702651,-0.019730349120248618,1.0,0.17638219623438925,0.2948262176730416,0.8181818181818182,0.01602899999852525,0.002082600003632251,0.05078530000173487,,C,0.058027161321385155,0.9622529626183566,2.900061143960165,11.302355915495838,0.9667853784348411,0.1200734184953206,0.34152795575128614,0.3302010050251256,2.5071145944300715,0.8678362585066065,0.22515782371931875
seeds,P2_Full,,main,clean,0.0,8,0.15,31,0.8142857142857143,0.5526948632752553,0.5458546284009674,-0.030901491814845212,1.0,0.17981893811806493,0.26773964464664457,0.8,0.015653299997211434,0.0019444999998086132,0.07429779999802122,,C,0.05525920780640377,0.9721347500323053,2.9071257378359245,10.067853932731552,0.975164665566592,0.10873455424944603,0.3404929141101752,0.3306878306878307,2.5060000000000002,0.8778996750317357,0.21462347233300666
seeds,P2_Full,,main,clean,0.0,8,0.2,42,0.7714285714285715,0.5250623282089736,0.4764950895088334,-0.042587379498018024,1.0,0.1798899607591701,0.2060547498139468,0.9090909090909091,0.014278399998147506,0.0019262999994680285,0.09679589999723248,,C,0.05874091544586395,0.9791966819366226,2.8924300246975827,10.062843612217094,0.9814899943850908,0.1102378207880895,0.3420543840991312,0.33086435252024354,2.505596660975147,0.8777212085061573,0.21730758703663666
seeds,P2_Full,,main,clean,0.0,9,0.05,10,0.9380952380952381,0.7784724371926749,0.821585830388884,-0.040723328075640844,1.0,0.17343341493919098,0.2557581961154938,0.8333333333333334,0.01920300000347197,0.005223299995122943,0.0316716000015731,,C,0.0601944710652359,0.9536756517775098,2.883377044587897,12.184845958465758,0.9597336282669631,0.1307730539533453,0.3436292859319965,0.3308548425290078,2.505618379616376,0.8585056409048583,0.23612369924346346
seeds,P2_Full,,main,clean,0.0,9,0.1,21,0.9571428571428572,0.8398224937846243,0.8742879747225176,-0.028619367077797265,1.0,0.17588506641989707,0.3052436384287747,0.9090909090909091,0.016847600003529806,0.002261200002976693,0.056752700002107304,,C,0.05733913016495669,0.9585234709555395,2.893703327743202,11.211797865339207,0.9636366054523823,0.12327778178742553,0.34228937478816823,0.3308040201005025,2.505734467567978,0.8673688601044365,0.22329406010938374
seeds,P2_Full,,main,clean,0.0,9,0.15,31,0.9619047619047619,0.8562010477815629,0.8872922511852893,-0.032268463373829714,1.0,0.18194719768478804,0.2655711591243744,1.0,0.01667240000097081,0.0026130999976885505,0.08280210000521038,,C,0.050350696070108995,0.9717486552938489,2.918411412565321,9.177201124929411,0.9746960238908517,0.10432666578030737,0.3391556377946293,0.3305189688168412,2.5063862397820165,0.8854409202237085,0.19819552721923595
seeds,P2_Full,,main,clean,0.0,9,0.2,42,0.9666666666666667,0.8785973984141411,0.9005020118381648,-0.03375761898918565,1.0,0.1869079938623667,0.1995702548460527,1.0,0.017755500004568603,0.0018836000017472543,0.10802490000060061,,C,0.04589596947831307,0.9812876254280427,2.9381238061994663,7.845636303605144,0.9829578337852033,0.08925688991196183,0.3366473740565599,0.3301738748352269,2.50717680608365,0.9002105578988561,0.17741678217397616
seeds,P2_Full,,main,clean,0.0,11,0.05,10,0.8904761904761904,0.6574977980556201,0.7029956855348143,-0.01883866039876515,1.0,0.17295194031845482,0.3307015796502431,0.6666666666666666,0.016379100001358893,0.0024316999988514,0.025601499997719657,,C,0.06007365700302423,0.9540698463468148,2.887460277805334,12.155365883820338,0.9600475818172975,0.1301483882597077,0.3431364525806403,0.33019180677243665,2.507135685599541,0.8584556205615272,0.23661788185736607
seeds,P2_Full,,main,clean,0.0,11,0.1,21,0.8571428571428571,0.6252985186045807,0.6324895819456113,-0.024653381915173942,1.0,0.17634592334105575,0.29070494120771234,0.9090909090909091,0.01632899999822257,0.0021033000011811964,0.05017989999760175,,C,0.055946385538005135,0.9609408213255194,2.8956215257945876,10.911948350060314,0.9656709129482386,0.12110064223674073,0.34205929706841726,0.33040201005025127,2.506653992395437,0.86757917592269,0.2243496451802922
seeds,P2_Full,,main,clean,0.0,11,0.15,31,0.8142857142857143,0.557160161557427,0.5449528539102915,-0.04714823595212815,1.0,0.17991119408600767,0.22562726140022277,0.9,0.016473600000608712,0.0020701999965240248,0.07441180000023451,,C,0.052609828202003994,0.9711127863241422,2.9009232742651605,9.595241954831152,0.9742444590861882,0.10841034366229717,0.34123229482472345,0.33153214004277837,2.504074702886248,0.8783437558859586,0.2130887335707808
seeds,P2_Full,,main,clean,0.0,11,0.2,42,0.7666666666666667,0.5148565112072786,0.4655219186556185,-0.02522390144493908,1.0,0.1789567894592614,0.24910289320078763,0.9090909090909091,0.01440069999807747,0.0014441999956034124,0.09641060000285506,,C,0.05975865681603201,0.9790752721766045,2.881926942121321,10.23846125957931,0.9814463009515333,0.11331228749736726,0.3433214639373754,0.33117820601343295,2.5048805913570886,0.8748399785642137,0.22233026618876392
seeds,P2_Full,,main,clean,0.0,10,0.05,10,0.9333333333333333,0.7659384378531993,0.8093013081504196,-0.029603171831170023,1.0,0.17273637410669174,0.25639598071575165,0.6666666666666666,0.022619099996518344,0.002187500002037268,0.03263600000354927,,C,0.06055309198159837,0.9522158548552293,2.8787026741351185,12.276230978089856,0.9585915567803064,0.13342714211504225,0.3441951840369287,0.3308548425290078,2.505618379616376,0.8563599189267566,0.23868199206707685
seeds,P2_Full,,main,clean,0.0,10,0.1,21,0.9476190476190476,0.8168691618483584,0.8478205537835013,-0.027144392774848605,1.0,0.17513721937806562,0.3039799657734958,0.9090909090909091,0.01898810000420781,0.005125600000610575,0.06248830000549788,,C,0.05772590818327493,0.9572427586170277,2.8888926443206424,11.302528096035772,0.9626402717841976,0.12623623490638547,0.3428677348434828,0.33060301507537687,2.5061939504483965,0.8651397391731085,0.2259765170365077
seeds,P2_Full,,main,clean,0.0,10,0.15,31,0.9619047619047619,0.8562010477815629,0.8872922511852893,-0.027387100324203485,1.0,0.18129285524004954,0.27010040581226347,0.9,0.015418899994983803,0.0017844000030891038,0.08500810000259662,,C,0.050647078368350806,0.9689630201772049,2.91482979557471,9.257759919109105,0.9722822264529797,0.10694359743524343,0.3395789135381616,0.3308566925588202,2.505614154474311,0.8835608453307509,0.2004124551573453
seeds,P2_Full,,main,clean,0.0,10,0.2,42,0.9666666666666667,0.8785973984141411,0.9005020118381648,-0.03076996917377236,1.0,0.1862435563547142,0.16525663841854443,0.9090909090909091,0.014394999998330604,0.0014799999989918433,0.10625600000639679,,C,0.04706750194052371,0.9786727693283832,2.9333231810587037,8.067399995667841,0.9806533527668951,0.09286641425732824,0.33720751951282574,0.3304877283284163,2.506457739791073,0.8981827347729988,0.18013853563164903
seeds,P2_Full,,main,clean,0.0,12,0.05,10,0.9380952380952381,0.7778259383757717,0.8225408638410754,-0.038914525140278995,1.0,0.17410633038745477,0.3365467886130015,0.6666666666666666,0.016553699999349192,0.0022295999951893464,0.025352099997689947,,C,0.05873584899804957,0.954878490816402,2.8883020662240124,11.87460782379533,0.9606802463957856,0.12858070761278012,0.34303502462398583,0.3303812455600284,2.506701548165138,0.8605500724017954,0.23300490695402495
seeds,P2_Full,,main,clean,0.0,12,0.1,21,0.9571428571428572,0.8398224937846243,0.8742879747225176,-0.03167491981524957,1.0,0.17746615958295198,0.25272007151083514,0.9090909090909091,0.01755649999540765,0.002159299998311326,0.05110989999957383,,C,0.053499440568581004,0.961759534755273,2.9034658655889762,10.425806274279253,0.9662394220191609,0.11715043829142663,0.3411215735769035,0.33030150753768844,2.5068842233378974,0.8722716523489293,0.2161145750422015
seeds,P2_Full,,main,clean,0.0,12,0.15,31,0.9619047619047619,0.8562010477815629,0.8872922511852893,-0.027768580849823605,1.0,0.18260665511017693,0.22559808194637299,0.8,0.015328800000133924,0.001782799998181872,0.07536439999967115,,C,0.04873121859041937,0.9721667235976393,2.9232343989381646,8.878206443039758,0.9750155906303283,0.10235471352726831,0.33858729568604073,0.33001238320387255,2.5075473307180625,0.8874768066240674,0.19512514782992932
seeds,P2_Full,,main,clean,0.0,12,0.2,42,0.9666666666666667,0.8785973984141411,0.9005020118381648,-0.031323070401450596,1.0,0.18684342794061992,0.1956862753087824,1.0,0.01406449999922188,0.001670199999352917,0.10114189999876544,,C,0.0446603125549885,0.9802385830176318,2.937428549165794,7.642578556614335,0.9820224622873591,0.09027081769080303,0.3367283845012699,0.3298600213420375,2.507897240723121,0.8999693776376166,0.17720406976290087
seeds,P2_Full,,main,clean,0.0,13,0.05,10,0.861904761904762,0.5795866858610691,0.6316164478607766,-0.014507921456661015,1.0,0.17247846567027533,0.3426364064216614,0.5,0.0225328999949852,0.0021722000019508414,0.0313568000055966,,C,0.06192052670503508,0.9493723915467426,2.874976454574632,12.59105668987442,0.9561923429815002,0.13470814923154617,0.3446476133102526,0.33199147525455835,2.5030313837375178,0.8554130469916499,0.24334270471574226
seeds,P2_Full,,main,clean,0.0,13,0.1,21,0.8285714285714286,0.524708939106226,0.5603148302797283,-0.037460376650050344,1.0,0.17584291256240125,0.23368999361991882,0.7272727272727273,0.019106100000499282,0.0022914000001037493,0.05905920000077458,,C,0.057102319643399985,0.956757614862811,2.8894795281494585,11.18610094082159,0.9620422086001447,0.1222086552480405,0.3427970741269135,0.33246231155778894,2.5019649334945586,0.8659608990970298,0.22979810480789287
seeds,P2_Full,,main,clean,0.0,13,0.15,31,0.8,0.4883296245923024,0.5074849747156153,-0.0349229487756106,1.0,0.17498554852292558,0.2888017207384109,0.9,0.016359499997633975,0.002121500001521781,0.0849753000002238,,C,0.06112339632539265,0.9684732342194627,2.8824061386519495,11.1783724180887,0.97237310411853,0.12370028458405244,0.34345860845729,0.3305189688168412,2.5063862397820165,0.8635019200173542,0.23851821967991213
seeds,P2_Full,,main,clean,0.0,13,0.2,42,0.8,0.5564415334352308,0.5492439657833325,-0.03168339237380117,1.0,0.17464704635718736,0.2338515818119049,0.9090909090909091,0.014416799996979535,0.0027413999996497296,0.10964990000502439,,C,0.06979053803519941,0.9754526383438633,2.878626010661084,12.00163196263324,0.9785425673726441,0.12587621725157855,0.34372159412996894,0.33061326972569205,2.506170495538257,0.8618716791571364,0.24340171032931282
seeds,P2_Full,,main,clean,0.0,15,0.05,10,0.861904761904762,0.6298813489327506,0.6382035659728571,-0.023596200898024944,1.0,0.1706409417137354,0.3301052351792653,0.5,0.016514199996890966,0.0020769000038853846,0.025122699997154996,,C,0.06307629156198989,0.9485005064376703,2.866746536321441,12.837862511935555,0.9557505331454353,0.14077860200684097,0.3456510391764579,0.3308548425290078,2.505618379616376,0.8511895233171755,0.2484736904289213
seeds,P2_Full,,main,clean,0.0,15,0.1,21,0.8285714285714286,0.5753428061672458,0.5708503217566439,-0.03293291019539796,1.0,0.17457720226610218,0.26170570200139825,1.0,0.01609180000377819,0.002087799999571871,0.049092300003394485,,C,0.05820135501051368,0.9606872718078887,2.8753770456857524,11.354760275048761,0.9656227723531284,0.12554459515302657,0.344502991783832,0.3325125628140704,2.501851292126341,0.8622521075315276,0.23208516883419322
seeds,P2_Full,,main,clean,0.0,15,0.15,31,0.7904761904761904,0.5497453474205805,0.5076634217524691,-0.026652276935046987,1.0,0.17567936692401365,0.2079449027776718,0.8,0.015267900002072565,0.0019316000034450553,0.07220970000344096,,C,0.060840623573372665,0.9709504150767011,2.867984126336193,11.09827096879718,0.9745065315466424,0.12241539696111349,0.3452124804771524,0.3325453112687155,2.501777251184834,0.8651450811753134,0.23295199366761082
seeds,P2_Full,,main,clean,0.0,15,0.2,42,0.8380952380952381,0.6352594272830123,0.6154177473388116,-0.023438054989339537,1.0,0.1725468286547393,0.22374894944104282,1.0,0.014288099999248516,0.0020719999956781976,0.09579759999905946,,C,0.06821608044038391,0.9679877668699769,2.8061097515317823,11.821343558881576,0.9724684935295732,0.13996919994294638,0.3527493233157738,0.33569769631536,2.494717651458489,0.8559730781989824,0.2472609406118603
seeds,P2_Full,,main,clean,0.0,14,0.05,10,0.9285714285714286,0.7352259324319046,0.7957623522906863,-0.021471249523666205,1.0,0.1722599613159694,0.32334356506665546,1.0,0.017014799996104557,0.004566999996313825,0.028727999997499865,,C,0.06042631834480633,0.9545826198843423,2.8709601301336423,12.220155910215468,0.9606386339370325,0.1333413340282561,0.3451365815981344,0.33170731707317075,2.503676470588235,0.8550102109772837,0.24012792330294155
seeds,P2_Full,,main,clean,0.0,14,0.1,21,0.8904761904761904,0.6231773465662085,0.69680298086777,-0.032950976198758725,1.0,0.17554528622189902,0.2686156793074174,0.8181818181818182,0.015744800002721604,0.0021380000034696423,0.05302149999624817,,C,0.0590164557849806,0.9556650571805787,2.8933293022343944,11.57428916757921,0.9612838587588333,0.12673528420100358,0.3423342727134178,0.3301005025125628,2.5073451057999696,0.8657421683259829,0.22771707212349374
seeds,P2_Full,,main,clean,0.0,14,0.15,31,0.8761904761904762,0.6018515557534839,0.6661020934394981,-0.029039223061656506,1.0,0.1795382011793845,0.2690809011459351,0.9,0.01656630000070436,0.001875800000561867,0.08283229999506148,,C,0.05830438673727598,0.9674263156559263,2.9098548389506877,10.674365125069585,0.9710982145569389,0.11272593122185881,0.3401685831249572,0.3308566925588202,2.505614154474311,0.8762339357555986,0.21716298264502396
seeds,P2_Full,,main,clean,0.0,14,0.2,42,0.861904761904762,0.6012715556912305,0.6430998616626017,-0.030793855214777118,1.0,0.18189648665452626,0.1981390335343101,1.0,0.015079600001627114,0.0017684000049484894,0.10565949999727309,,C,0.057974440178742155,0.9806418743001526,2.918455948636524,9.916903234426371,0.9826048733329444,0.10140439540628284,0.3389539451688778,0.33061326972569205,2.506170495538257,0.8843137287696972,0.20948409187506412
seeds,P2_Full,,main,clean,0.0,16,0.05,10,0.9,0.7004707429666068,0.7304277679034453,-0.02491879675976934,1.0,0.1729061569347846,0.3314494291941325,0.6666666666666666,0.0219303999983822,0.004120700003113598,0.03267709999636281,,C,0.06041232386546045,0.9529885655314329,2.881389931815319,12.237761571359698,0.9592094472640429,0.13232699242073592,0.34386962944416666,0.33057068434762016,2.5062679083094554,0.8576820882943,0.2377873750413132
seeds,P2_Full,,main,clean,0.0,16,0.1,21,0.8809523809523809,0.6880796990493676,0.6931974593507437,-0.031285497987836405,1.0,0.17628885312524784,0.306775919415734,0.7272727272727273,0.016922700000577606,0.0024484000023221597,0.05759659999603173,,C,0.055782323536961,0.9576180653133928,2.890532425243312,10.917700606356064,0.9628648896073517,0.12379860270081008,0.34267037740484885,0.3308040201005025,2.505734467567978,0.8673478511463665,0.22462711974528884
seeds,P2_Full,,main,clean,0.0,16,0.15,31,0.8523809523809524,0.6492646382642199,0.6386541402579577,-0.03182478294883557,1.0,0.17956172434593692,0.23324031829833985,0.9,0.015807700001460034,0.0016023999996832572,0.08050659999571508,,C,0.05176958849114272,0.9715151828730273,2.9029751807075943,9.438084034819845,0.9746673117554503,0.11065996556594225,0.3409873422860957,0.3305189688168412,2.5063862397820165,0.8787540679692459,0.2102516358348901
seeds,P2_Full,,main,clean,0.0,16,0.2,42,0.8238095238095238,0.6151108429933334,0.5905705854216553,-0.02669388120404377,1.0,0.18185471214803783,0.2290672172199596,1.0,0.015366899999207817,0.0017765000011422671,0.10322269999596756,,C,0.049393171138369295,0.9793680513163308,2.9047840802513876,8.460010910835162,0.9815400957610431,0.10527577777621083,0.3405757324846217,0.3304877283284163,2.506457739791073,0.8838724951331179,0.20390848989275118
seeds,P2_Full,,main,clean,0.0,17,0.05,10,0.8761904761904762,0.6367911782859348,0.6689916981213818,-0.02705304198593467,1.0,0.17404030035539297,0.2574143310387929,0.8333333333333334,0.018079900000884663,0.0021674000017810613,0.03301210000063293,,C,0.05664344622986899,0.9545276000891024,2.884251926475757,11.455797104844574,0.9603505395765827,0.12805436921935484,0.3435235729905826,0.3310442813165996,2.5051859799713876,0.8613150636083373,0.23153434296929015
seeds,P2_Full,,main,clean,0.0,17,0.1,21,0.8571428571428571,0.6038391645691352,0.6300968774306176,-0.030445475338975923,1.0,0.17534643165679312,0.25356391885063867,1.0,0.017445500001485925,0.00227719999384135,0.0589828000011039,,C,0.05333748868773123,0.9610522438359138,2.8796759752367556,10.401895284259048,0.9658417335462874,0.122972160198282,0.3439811980939272,0.3318592964824121,2.5033313143549365,0.8653640790728575,0.22590612151754147
seeds,P2_Full,,main,clean,0.0,17,0.15,31,0.8285714285714286,0.5698492761118126,0.5814751962598771,-0.03297596269317223,1.0,0.17729878080578085,0.25801007747650145,0.9,0.01509010000154376,0.0020351999992271885,0.0821938000008231,,C,0.05612661254885801,0.9721980252538104,2.8860694697462512,10.225223661385954,0.9754300388673703,0.11625122470852421,0.34301589963927515,0.33153214004277837,2.504074702886248,0.8710236919843483,0.222412012529043
seeds,P2_Full,,main,clean,0.0,17,0.2,42,0.8047619047619048,0.5523789776153296,0.5496690601683253,-0.03771220656036255,1.0,0.17610677916882192,0.2099015550179915,0.9090909090909091,0.014428700000280514,0.002032899996265769,0.10538489999453304,,C,0.06601663263330868,0.9765368310014689,2.8739201411090303,11.340042609180678,0.9793942386159913,0.12178268053651406,0.344293616445439,0.3318686836984496,2.5033100056742956,0.8672438307643313,0.23144172508856542
seeds,P2_Full,,main,clean,0.0,18,0.05,10,0.8761904761904762,0.6429774800014862,0.6726273929310819,-0.02450034858662127,1.0,0.1720681057050462,0.31788240373134613,0.8333333333333334,0.01675970000360394,0.0022950000056880526,0.026016699994215742,,C,0.06037746026061431,0.9526904494547461,2.8792534001164816,12.234526462230562,0.9589793738596958,0.13293139191702874,0.34412841544382633,0.3307601231352119,2.5058347651775486,0.8555680397682052,0.24132124355195161
seeds,P2_Full,,main,clean,0.0,18,0.1,21,0.8428571428571429,0.6102761638815702,0.6047150007281835,-0.03163492639374401,1.0,0.17488055981922074,0.30128956653855066,0.8181818181818182,0.019401099998503923,0.002384199993684888,0.055487499994342215,,C,0.056438014019700396,0.9595150809061661,2.879029350318313,11.024193531994456,0.964628519076992,0.12630476447228006,0.34405958429919037,0.33105527638190957,2.5051608986035214,0.8633037028663361,0.23077967081877165
seeds,P2_Full,,main,clean,0.0,18,0.15,31,0.8095238095238095,0.5897378309258776,0.54804385037642,-0.04361724582331528,1.0,0.17732996726154354,0.28092567920684813,0.7,0.015363699996669311,0.002289899995957967,0.07967389999976149,,C,0.05408343190764488,0.9710276900270349,2.8657501593138837,9.86486955792768,0.9744422789364392,0.11785697835590295,0.34548573392105114,0.33322075875267365,2.5002533783783782,0.870567428644483,0.22289972960494275
seeds,P2_Full,,main,clean,0.0,18,0.2,42,0.7428571428571429,0.5140242619499232,0.44669819853242493,-0.030824244010153823,1.0,0.1771460293464695,0.25060501965609466,1.0,0.014287599995441269,0.0025136000040220097,0.10379180000018096,,C,0.05593142659371512,0.9688284801910327,2.8215490756708013,9.684092868214506,0.9726604988717225,0.12293332837712129,0.35078836188282825,0.3385223777540644,2.488503615798257,0.870120466639946,0.22330658175984608
seeds,P2_Full,,main,clean,0.0,19,0.05,10,0.9095238095238095,0.6888614931940843,0.7439160487336373,-0.023993022953019333,1.0,0.17284851318244465,0.32870832085609436,0.8333333333333334,0.016878700000233948,0.0029138999962015077,0.027072500000940636,,C,0.05898095828999238,0.9569765625639707,2.874660389639016,11.898019005080187,0.9625734288355476,0.13008877498221266,0.3446860431735795,0.33170731707317075,2.503676470588235,0.8568107831007423,0.23811514547560067
seeds,P2_Full,,main,clean,0.0,19,0.1,21,0.8904761904761904,0.6404571385522737,0.6962119616669258,-0.03479138511765785,1.0,0.17572888515593846,0.2800554253838279,0.8181818181818182,0.016265099999145605,0.002289500000188127,0.05167010000150185,,C,0.055047011671457924,0.9559854789081157,2.8850208265644515,10.792184532888243,0.961526122831926,0.12588218129747744,0.34333462150926475,0.3310050251256281,2.5052755427356916,0.8663893344485624,0.22694521998779552
seeds,P2_Full,,main,clean,0.0,19,0.15,31,0.8809523809523809,0.6294654850772283,0.6791610532430463,-0.027685610043111698,1.0,0.17869791959526474,0.2822944611310959,0.8,0.020121900000958703,0.0025357999984407797,0.08263240000087535,,C,0.05393197951523369,0.9651613581966442,2.8977062328395182,9.897036095719002,0.9692317787484962,0.11683637309477399,0.3416170371902746,0.3309692671394799,2.505357142857143,0.8739040106779455,0.21943662583637338
seeds,P2_Full,,main,clean,0.0,19,0.2,42,0.8523809523809524,0.5885661575986705,0.6220570219592526,-0.02677462974318258,1.0,0.18058965210400726,0.2441489208828319,0.8181818181818182,0.01664110000274377,0.0021267999982228503,0.11102519999985816,,C,0.05103397403773077,0.973287645015375,2.901115381190221,8.795653736600457,0.9762238579000955,0.1099196565188831,0.34101352291072473,0.3309898939175193,2.5053100701687843,0.8808546162495293,0.21145253582413828
seeds,P2_Full,,main,clean,0.0,20,0.05,10,0.8952380952380953,0.6731183467647609,0.7148619635228036,-0.029038882101705635,1.0,0.17289411802521326,0.262830525636673,0.6666666666666666,0.01680090000445489,0.002440500000375323,0.026907799998298287,,C,0.058226460575683384,0.954559276883575,2.8877953452824467,11.775561475407926,0.9604288008401589,0.1291688061729448,0.3430960728698134,0.33019180677243665,2.507135685599541,0.8576816099529357,0.23800090371735297
seeds,P2_Full,,main,clean,0.0,20,0.1,21,0.8714285714285714,0.6349868104951386,0.6648005467294532,-0.035990869480278014,1.0,0.17518484509059534,0.26294424858960236,0.9090909090909091,0.018996700004208833,0.0023685999985900708,0.056616699999722186,,C,0.055137526163096966,0.9600370943697328,2.895834059102755,10.764309436121778,0.9649239407135937,0.12228456031384276,0.34203382357820217,0.33,2.5075757575757573,0.8650220291450723,0.22771436777004103
seeds,P2_Full,,main,clean,0.0,20,0.15,31,0.8476190476190476,0.6201082115129674,0.6234434277568981,-0.032817499294784544,1.0,0.1778897304728785,0.2877009272575378,1.0,0.018663399998331442,0.004982300000847317,0.0860675000003539,,C,0.05747935830273586,0.9693654349028903,2.9041000489817805,10.502268093485014,0.9728924910153569,0.11513321965844883,0.3408532046260459,0.329843521332883,2.5079351535836176,0.8729309998457203,0.2196581973722112
seeds,P2_Full,,main,clean,0.0,20,0.2,42,0.8095238095238095,0.5839685386442007,0.5662962678981835,-0.03199618791677985,1.0,0.1783985853167284,0.21417971361767163,0.8181818181818182,0.014744000000064261,0.0018591000043670647,0.10900910000054864,,C,0.06437276519891905,0.9771173744240114,2.9039784500836867,11.051096606170134,0.9797272906497086,0.11405667662700218,0.3406717745529251,0.3299227920406754,2.5077530441400304,0.8741797440749592,0.22177695613532403
seeds,P2_Full,,main,clean,0.0,21,0.05,10,0.9285714285714286,0.7291017455606242,0.7952688706113769,-0.03554345599718565,1.0,0.17334480643034053,0.25866643091042835,0.6666666666666666,0.016719200000807177,0.002333200005523395,0.026939499999571126,,C,0.05883294099360199,0.9543137132262295,2.8874434805543663,11.901276074546416,0.9602401407701953,0.12972005305032194,0.3431384771005864,0.33019180677243665,2.507135685599541,0.8583892456471206,0.2357487950830961
seeds,P2_Full,,main,clean,0.0,21,0.1,21,0.9095238095238095,0.6749518015286159,0.7463605980321485,-0.03456804380737248,1.0,0.17602551981140663,0.30104182254184375,0.7272727272727273,0.015995699999621138,0.0022213999982341193,0.051075900002615526,,C,0.05637602265531867,0.9582755243455718,2.8994934326646122,11.02632903079892,0.9633710435160759,0.1221230246895471,0.34159580970694314,0.33,2.5075757575757573,0.8675468520656339,0.22373682784607546
seeds,P2_Full,,main,clean,0.0,21,0.15,31,0.9047619047619048,0.6858975782094343,0.7396367946067443,-0.025946379077979732,1.0,0.1814295475709068,0.2859332084655762,0.8,0.022557399999641348,0.0018109999946318567,0.08305280000058701,,C,0.05153902894737105,0.9674059978475794,2.912981159832617,9.435961826122195,0.9709531158685861,0.10882732364129886,0.3397977927037602,0.329843521332883,2.5079351535836176,0.8824234455268638,0.2056232444646709
seeds,P2_Full,,main,clean,0.0,21,0.2,42,0.8809523809523809,0.6560462135452511,0.6898735642203438,-0.03170662098769555,1.0,0.18431054394646723,0.20037257400425998,0.8181818181818182,0.016119399995659478,0.0016915000014705583,0.10789360000489978,,C,0.05012573998779586,0.9784955547430371,2.924527306396394,8.593139972065387,0.9805818590804961,0.09701735211158209,0.3382386092538655,0.3299855627393133,2.5076089024158263,0.8920712570619299,0.19457452280781667
seeds,P2_Full,,main,clean,0.0,22,0.05,10,0.9285714285714286,0.736871391862801,0.7945599993696407,-0.007686490624352065,1.0,0.17329464035121941,0.3356840858856837,0.6666666666666666,0.016729300004953984,0.002774599997792393,0.02697999999509193,,C,0.05985086145918689,0.953262252056031,2.8845570630398587,12.12054491614721,0.959396500019261,0.1312482572028083,0.34348671808652925,0.3303812455600284,2.506701548165138,0.8581716344469594,0.23682499061119036
seeds,P2_Full,,main,clean,0.0,22,0.1,21,0.9095238095238095,0.6845712262803997,0.7457731455125314,-0.033898406496010704,1.0,0.17624232192772812,0.2532283663749695,0.8181818181818182,0.016842400000314228,0.0023236999986693263,0.052331899998534936,,C,0.05528177265052021,0.9592424263258043,2.8953154378013735,10.801411019363115,0.9642246822909871,0.12224123067309045,0.3420959902635807,0.33030150753768844,2.5068842233378974,0.8682814879368583,0.22238735616114405
seeds,P2_Full,,main,clean,0.0,22,0.15,31,0.8857142857142857,0.6253731034214394,0.6893697786059998,-0.04026650503314355,1.0,0.18061466167215431,0.2801426351070404,1.0,0.015733200001704972,0.002065799999400042,0.07630349999817554,,C,0.05156539135786767,0.9647866072497427,2.9069093334560505,9.46642004776048,0.9687504586975512,0.11256658726187262,0.340518658031458,0.3301812450748621,2.5071599045346065,0.8798855413914898,0.2088462336510973
seeds,P2_Full,,main,clean,0.0,22,0.2,42,0.9714285714285714,0.8838257764162951,0.9151416244385184,-0.02914264370686127,1.0,0.1828419048961254,0.24552757089788263,0.8181818181818182,0.014865700002701487,0.00198610000370536,0.10265299999446142,,C,0.04931503337754197,0.9751718749134869,2.9098114622428595,8.482973497340122,0.9777579569605688,0.10415937724136297,0.3399776016277388,0.3301738748352269,2.50717680608365,0.8875937437952064,0.20077197029029775
seeds,P2_Full,,main,clean,0.0,23,0.05,10,0.8857142857142857,0.6454753949317019,0.6916400362767735,-0.02418894027116324,1.0,0.17322886251916028,0.28451185425122577,0.6666666666666666,0.01633859999856213,0.002187500002037268,0.02561730000161333,,C,0.06104098176205775,0.951380250028786,2.885589585956511,12.386012498340563,0.9578201623240182,0.13245465678135124,0.34336206605462044,0.33019180677243665,2.507135685599541,0.8578258906115226,0.23938538803259937
seeds,P2_Full,,main,clean,0.0,23,0.1,21,0.8428571428571429,0.5642246545350775,0.5946533632125733,-0.026105840586175346,1.0,0.17557704839861724,0.2813905856826089,0.9090909090909091,0.01589929999317974,0.002159600000595674,0.049365999999281485,,C,0.05938051265587285,0.9607724082200784,2.8992686255398676,11.583780807308813,0.9655588695553001,0.12201772064100334,0.3416226864354954,0.3302010050251256,2.5071145944300715,0.865144594143004,0.2307551791572824
seeds,P2_Full,,main,clean,0.0,23,0.15,31,0.819047619047619,0.5535642552199337,0.5506468990624872,-0.020514909301876168,1.0,0.17712950371686195,0.25318303108215334,0.9,0.014896299995598383,0.0017604000022402033,0.07175650000135647,,C,0.06097125504850723,0.9750510177842227,2.9068477730840354,11.07532588590825,0.977877504100908,0.1132906461770575,0.3405259820833918,0.32995609591354275,2.507676560900716,0.8705831923941943,0.22742317527137926
seeds,P2_Full,,main,clean,0.0,23,0.2,42,0.7666666666666667,0.48920986946688644,0.45911882008821725,-0.03861790320739194,1.0,0.1773702456789036,0.1984838436950337,0.9090909090909091,0.014956099999835715,0.0017992000066442415,0.09524260000034701,,C,0.064582846043947,0.9813052147140768,2.900779331692778,11.039846093359458,0.9834416305675673,0.11427870504076412,0.34105367947839177,0.3298600213420375,2.507897240723121,0.8703638903394477,0.22945217487500788
seeds,P2_Full,,main,clean,0.0,24,0.05,10,0.8952380952380953,0.6834971314532258,0.7136602796825353,-0.04568324367924317,1.0,0.17234662466410974,0.2605161766211192,0.6666666666666666,0.02566119999391958,0.0026743999987957068,0.03925610000442248,,C,0.060385535844413994,0.9530168691557467,2.879253720000563,12.23197181765763,0.9592398698816098,0.13245181012930116,0.3441283766693302,0.33109164101349753,2.505077957373766,0.855946972546333,0.239743596792642
seeds,P2_Full,,main,clean,0.0,24,0.1,21,0.8714285714285714,0.661716108238441,0.6665415491226748,-0.03406426630811643,1.0,0.17427600305756646,0.29976720972494647,0.9090909090909091,0.01891099999920698,0.0021227000033832155,0.06634710000071209,,C,0.059029797393975375,0.955018904790343,2.884306804588869,11.584738491798078,0.9608351042596378,0.12930319820327446,0.34342085939299777,0.33105527638190957,2.5051608986035214,0.8613705837607208,0.23298375560311488
seeds,P2_Full,,main,clean,0.0,24,0.15,31,0.8571428571428571,0.6483280494267865,0.6431747755507082,-0.029895678601384368,1.0,0.17608043719249392,0.23233150243759154,0.9,0.018400500004645437,0.002020799998717848,0.09788660000049276,,C,0.05440399259885235,0.9633696183366611,2.8864749453251637,10.002223304519745,0.9678846210928101,0.12325841422143248,0.34296696751335964,0.3308566925588202,2.505614154474311,0.8681063832761413,0.22519879790906952
seeds,P2_Full,,main,clean,0.0,24,0.2,42,0.8238095238095238,0.6095378163801589,0.5864779850968762,-0.02803052589341132,1.0,0.17794869768323657,0.24494057080962442,0.9090909090909091,0.017962600002647378,0.002793800005747471,0.13095760000578593,,C,0.053623504328385536,0.9697442496432319,2.885895624342343,9.275726291450075,0.9734030668473035,0.12092964679202413,0.34284160259177565,0.3304877283284163,2.506457739791073,0.8720451045609761,0.22051155714000237
seeds,P2_Full,,main,clean,0.0,26,0.05,10,0.9142857142857143,0.6994443851371177,0.7560304880689446,-0.015022936965547623,1.0,0.17177368225037978,0.33560370405515033,0.6666666666666666,0.01671939999505412,0.0019955999960075133,0.025564400006260257,,C,0.06172864468656589,0.9485849513798811,2.867605742913584,12.562458685887634,0.955749104079813,0.13933960760913403,0.34554601187141265,0.3309022022259058,2.5055102332903965,0.8533647204229553,0.2446454175161275
seeds,P2_Full,,main,clean,0.0,26,0.1,21,0.9,0.6617155722408834,0.7208500083939412,-0.04249611700270824,1.0,0.17452118208848574,0.2642426138574427,0.8181818181818182,0.01776129999780096,0.0016794000039226376,0.051717200003622565,,C,0.05823081533977263,0.9547946135192577,2.8811209550464656,11.430620900669581,0.9606815095196587,0.13022554298720232,0.34380615959359756,0.3308542713567839,2.5056196840826246,0.8629622438685092,0.23052857976004815
seeds,P2_Full,,main,clean,0.0,26,0.15,31,0.8809523809523809,0.6249653419751899,0.6780672123338097,-0.03098462371304182,1.0,0.17878951906160734,0.255683034658432,0.7,0.016024600001401268,0.002228500001365319,0.07556090000434779,,C,0.05445353859791108,0.9620936421612384,2.896478798175893,10.024609905498579,0.966618966166095,0.11938166215033115,0.34176405760043105,0.3305189688168412,2.5063862397820165,0.8741687806628842,0.2175453929763896
seeds,P2_Full,,main,clean,0.0,26,0.2,42,0.861904761904762,0.6080197164620584,0.6452021824983489,-0.03433034141547934,1.0,0.17982576819665494,0.24695405634966763,0.9090909090909091,0.017651800000749063,0.0015806000010343269,0.10213840000506025,,C,0.052819606647113077,0.9710154865838293,2.8966474158417426,9.124707510696739,0.9743221034295506,0.11408219272974024,0.3415481884430852,0.3304877283284163,2.506457739791073,0.8782678901679863,0.21468623020917532
seeds,P2_Full,,main,clean,0.0,25,0.05,10,0.9095238095238095,0.6775878911346593,0.7439204801761854,-0.01654311387203194,1.0,0.17240318561056844,0.29539017379283905,0.6666666666666666,0.01697450000210665,0.0023126000014599413,0.025989499998104293,,C,0.06162981711951644,0.9494074533641736,2.8777959176105306,12.531480353240426,0.9562934789393356,0.13610751055345563,0.3443051725282874,0.33057068434762016,2.5062679083094554,0.855206473987107,0.24251248650864754
seeds,P2_Full,,main,clean,0.0,25,0.1,21,0.8809523809523809,0.5997436376447894,0.6721465254594686,-0.03085687299501527,1.0,0.17490793765469184,0.25880987264893274,0.7272727272727273,0.017673800000920892,0.002135000002454035,0.0583489999989979,,C,0.05701628054022696,0.9552712595771555,2.886419124264023,11.186625047402288,0.9609877600712515,0.12780374408165493,0.3431658620145154,0.33060301507537687,2.5061939504483965,0.8639073777972829,0.23047606513658409
seeds,P2_Full,,main,clean,0.0,25,0.15,31,0.8761904761904762,0.6023471940312632,0.6650065064549651,-0.026172951872264687,1.0,0.1787099822865954,0.29327352344989777,0.8,0.02420880000136094,0.006022800000209827,0.0943563000037102,,C,0.0535607126799822,0.9616192356735712,2.89572763159799,9.865109818617597,0.9661817218395221,0.11887429148484063,0.34185409276176904,0.3305189688168412,2.5063862397820165,0.8736286478790077,0.21957045977179357
seeds,P2_Full,,main,clean,0.0,25,0.2,42,0.8714285714285714,0.6228580838317359,0.6643470603792039,-0.01625568295316684,1.0,0.1809232045788911,0.2526868690143932,0.9090909090909091,0.021019699997850694,0.0018511000016587786,0.12773829999787267,,C,0.05474797785929697,0.9756120627670222,2.9050469145817113,9.413277625989153,0.9782449224354042,0.10795745631253355,0.34054441058359597,0.33086435252024354,2.505596660975147,0.8814057970424956,0.21214223940783553
seeds,P2_Full,,main,clean,0.0,27,0.05,10,0.9380952380952381,0.7785509297174396,0.8217792663756577,-0.02152056766414318,1.0,0.17354541212689867,0.32507120569547016,0.8333333333333334,0.01883589999488322,0.0043488000010256656,0.030411899999307934,,C,0.06052507097670596,0.9543697585094499,2.887395995737823,12.24285690808847,0.9603053739420792,0.13008073678195378,0.34314420042392346,0.33019180677243665,2.507135685599541,0.8584633388476857,0.23738959915243607
seeds,P2_Full,,main,clean,0.0,27,0.1,21,0.9571428571428572,0.8398224937846243,0.8742879747225176,-0.024065087060395538,1.0,0.17664529764886572,0.3067210154099898,0.8181818181818182,0.01886190000368515,0.002470899999025278,0.05778269999427721,,C,0.057201805777261645,0.9602226040364854,2.9009295694413377,11.165154176944554,0.9650069708165058,0.12027853166679749,0.3414242112379346,0.33045226130653266,2.5065389294403895,0.8697857524082936,0.22005464095329055
seeds,P2_Full,,main,clean,0.0,27,0.15,31,0.9619047619047619,0.8562010477815629,0.8872922511852893,-0.03426176793148589,1.0,0.1827252359157894,0.21364306211471557,1.0,0.015289700000721496,0.002169500003219582,0.08092570000007981,,C,0.05145347753069652,0.974533115368416,2.926552676226607,9.351404652537468,0.9770976319168962,0.10070004971474615,0.3381973567131978,0.3301812450748621,2.5071599045346065,0.8879261142783088,0.19489074569608641
seeds,P2_Full,,main,clean,0.0,27,0.2,42,0.9666666666666667,0.8785973984141411,0.9005020118381648,-0.03156548133542179,1.0,0.1868728492571613,0.20154289223931052,1.0,0.01742229999945266,0.0018272000015713274,0.11167369999748189,,C,0.047655279026950735,0.9822645290030008,2.940751384934749,8.13827763149778,0.983845655098812,0.08915049936248073,0.33634155794294524,0.3298600213420375,2.507897240723121,0.9001076009558295,0.17769703968820114
seeds,P2_Full,,main,clean,0.0,28,0.05,10,0.8952380952380953,0.674994512704728,0.7153403468120395,-0.02650111183461738,1.0,0.1739740285514417,0.32646723091602325,0.8333333333333334,0.02201220000279136,0.0027755999981309287,0.03779209999629529,,C,0.05776492234609382,0.9587353826473671,2.8940397560363245,11.63133525354533,0.9638769627790417,0.12460021348886849,0.34234525618086775,0.33019180677243665,2.507135685599541,0.8616087812500677,0.23225958478651773
seeds,P2_Full,,main,clean,0.0,28,0.1,21,0.8523809523809524,0.6182310590299374,0.6233157914380622,-0.039741900055532665,1.0,0.17698004597024952,0.24252822453325446,0.8181818181818182,0.017740100003720727,0.002624900000228081,0.06748089999746298,,C,0.05321800006918202,0.9632240229238291,2.899388661718408,10.355191983138184,0.9675619441948521,0.1179552962532622,0.34160833503817883,0.3302010050251256,2.5071145944300715,0.8697546862985107,0.22069124380159194
seeds,P2_Full,,main,clean,0.0,28,0.15,31,0.8142857142857143,0.5571620174186168,0.5465345057486269,-0.0330739751706164,1.0,0.1788380902295255,0.2340085744857788,1.0,0.016657000000122935,0.002343699998164084,0.09535170000162907,,C,0.051483771215203554,0.9716645701489555,2.8912822446784348,9.384533816383868,0.9748188787411574,0.11132030143123504,0.3423878764801536,0.3319824383654171,2.5030518819938963,0.8752538267736879,0.21663048868247906
seeds,P2_Full,,main,clean,0.0,28,0.2,42,0.7523809523809524,0.516238279391849,0.4552886442846665,-0.029736008888897582,1.0,0.1788035583428095,0.19064814394170587,1.0,0.01564440000220202,0.006063200002245139,0.12431050000304822,,C,0.05456076044197016,0.9770932737000477,2.86841691505099,9.366866640665414,0.979742461231702,0.1156510754511363,0.3449649423576038,0.3316176009038981,2.503880371001325,0.8745505496057179,0.2198399594871475
seeds,P2_Full,,main,clean,0.0,29,0.05,10,0.8904761904761904,0.643988123850053,0.6996161436533582,-0.030685437754388926,1.0,0.17247390455918857,0.25651097297668457,0.8333333333333334,0.01863479999883566,0.002067500005068723,0.02767320000566542,,C,0.060522587127944234,0.9520355151348758,2.882416054839357,12.27237083528371,0.9584223450837641,0.13315748030752408,0.343745477338642,0.3303812455600284,2.506701548165138,0.8559021692593496,0.24075279594043825
seeds,P2_Full,,main,clean,0.0,29,0.1,21,0.8428571428571429,0.5663802044248696,0.5949442836914363,-0.03573778882620931,1.0,0.17446734676857167,0.31199041550809686,0.7272727272727273,0.016733500000555068,0.002926199995272327,0.05522760000167182,,C,0.057514388388003344,0.9542577542396479,2.8890927948210625,11.296339048910482,0.9601298679892716,0.12837397141339013,0.34284363353035063,0.3302010050251256,2.5071145944300715,0.8622491689819267,0.23285354776476494
seeds,P2_Full,,main,clean,0.0,29,0.15,31,0.8095238095238095,0.5244635849339031,0.5297725546636163,-0.019725077862973166,1.0,0.17588542854308342,0.26113846004009245,0.8,0.01757200000429293,0.004613099998096004,0.0839715000038268,,C,0.06039715350582683,0.9702311404263507,2.896576169487038,11.02554282842926,0.9737769791059752,0.11911234526307375,0.34175239005056546,0.3301812450748621,2.5071599045346065,0.8669310235072197,0.23117580918943312
seeds,P2_Full,,main,clean,0.0,29,0.2,42,0.819047619047619,0.575677893466978,0.5755730215650636,-0.025538427284971063,1.0,0.17543130196731854,0.20682800357991998,0.8181818181818182,0.017323000000033062,0.005607799997960683,0.11410109999997076,,C,0.06574085057391009,0.9778762283153748,2.8845416326147144,11.277202424553238,0.9805868667617318,0.12252153407643133,0.3430051680551964,0.3299855627393133,2.5076089024158263,0.864683016569395,0.2360271574143633
glass,P2_Full,,main,clean,0.0,1,0.05,10,0.4439252336448598,0.33304104867397444,0.16313783952180727,-0.07249130085696623,1.0,0.09476655728805965,0.07929457724094391,1.0,0.022025199999916367,0.007527200003096368,0.039559600001666695,,B,0.03566734530614188,0.8918838305388822,3.436202302643732,7.418807823677511,0.9114358792700646,0.18084296575281447,0.28759392483678625,0.27657004830917875,2.653930131004367,0.7497029360762771,0.2918705201888709
glass,P2_Full,,main,clean,0.0,1,0.1,21,0.4532710280373832,0.28664635511545666,0.16608152856462818,-0.026662936877548796,1.0,0.095089134586937,0.382564288648692,0.45454545454545453,0.0209337999986019,0.004315600002883002,0.07325600000331178,,B,0.029215563913256148,0.8910059552048227,3.342766385047419,5.959975038304254,0.9112279696377797,0.18553320478158664,0.2957009748910019,0.2845552013909012,2.628564154786151,0.7523779155337932,0.2885830954275128
glass,P2_Full,,main,clean,0.0,1,0.15,32,0.4719626168224299,0.32260034658316067,0.18823627964676767,-0.0351671276259799,1.0,0.09601132187048278,0.4021970710971139,0.45454545454545453,0.02174160000140546,0.004181699994660448,0.1079022999983863,,B,0.07207697492316448,0.8997064324836543,2.8024691987334593,13.910856160170745,0.922509142614147,0.22735964723536495,0.3534783326209703,0.33452072538860106,2.4973378509196515,0.7590513418013359,0.2741632541353141
glass,P2_Full,,main,clean,0.0,1,0.2,42,0.5327102803738317,0.4461797609123571,0.27158517667074106,-0.04041294535841243,1.0,0.09840466041045304,0.45269920229911803,0.5,0.024757499995757826,0.006501900003058836,0.14869940000062343,,B,0.0704152796039737,0.9104953809920795,2.5560174444678676,12.815580887923215,0.9325790363883918,0.24673201943195835,0.38787028652116645,0.3596624370105033,2.4450962187711007,0.7752881651587312,0.2549108659894235
glass,P2_Full,,main,clean,0.0,0,0.05,10,0.4439252336448598,0.3347153125104542,0.18487132297126116,-0.06586755489436111,1.0,0.09524188781454057,0.0759042352437973,1.0,0.026002999999036547,0.012048999997205101,0.049642099998891354,,B,0.03563032752453039,0.8989601955313488,3.3689866152093755,7.411108125102321,0.9165024762656641,0.17361752456437013,0.2934281827519054,0.28567447045707917,2.625121951219512,0.7537479527321123,0.28751811616952144
glass,P2_Full,,main,clean,0.0,0,0.1,21,0.4485981308411215,0.3221294745839829,0.1745442732484674,-0.04113061288717641,1.0,0.09174033704795571,0.38343111222440546,0.45454545454545453,0.02341829999932088,0.00586979999934556,0.09087549999821931,,B,0.03442349462267786,0.9008558899966455,3.4773320733705853,7.022392903026283,0.9207347199153568,0.20050439625751632,0.28406731738155955,0.2578962619530571,2.71938202247191,0.7317737968853081,0.31127120167389194
glass,P2_Full,,main,clean,0.0,0,0.15,32,0.43457943925233644,0.34355492644864893,0.15885334418260702,-0.042977846986331704,1.0,0.09684501023480915,0.3271246715025468,0.5454545454545454,0.027282400005788077,0.004102100007003173,0.1294415999946068,,B,0.03250330835287084,0.9130074446894015,3.1642628483392916,6.273138512104072,0.9301821249720378,0.1974270122462282,0.3124670247238835,0.2902094127806563,2.6114469034777756,0.7636408234781594,0.272694028477619
glass,P2_Full,,main,clean,0.0,0,0.2,42,0.43457943925233644,0.36170713687868217,0.16015415779086106,-0.017398470360755845,1.0,0.0963463486272563,0.5205529883503914,0.3,0.020835699993767776,0.004785099998116493,0.17076559999986785,,B,0.07138517863994778,0.911167801242034,3.2089760759793924,12.992102512470495,0.9290755002477586,0.2015901807689836,0.30782271007923534,0.2863214133932366,2.6231446140797288,0.7596560305385196,0.28265133328915176
glass,P2_Full,,main,clean,0.0,3,0.05,10,0.37383177570093457,0.2520552796302607,0.12874257299163455,-0.055585764112450656,1.0,0.09266514723685139,0.331414632499218,0.5,0.022378300003765617,0.0032219999993685633,0.03355580000061309,,B,0.004807692307692308,0.8941296690069476,3.0979101973039778,0.9307194282706884,0.917836783009165,0.22392594582303893,0.3195267470924165,0.28808992939427724,2.617784585617543,0.7399543433197523,0.29309712548265854
glass,P2_Full,,main,clean,0.0,3,0.1,21,0.397196261682243,0.26942808142253377,0.12490028169781121,-0.04387269123477163,1.0,0.09381427154083938,0.34418655796484515,0.5454545454545454,0.023481999996874947,0.002943899999081623,0.06922160000249278,,B,0.004901960784313725,0.8995155039580891,3.068092212305081,0.8620539165770359,0.9213520046219363,0.21731213793160223,0.3226149297808463,0.29440741813966964,2.5991633858267718,0.7470105778175937,0.2857404858184266
glass,P2_Full,,main,clean,0.0,3,0.15,32,0.5093457943925234,0.3961557389789017,0.20592358843968667,-0.040422978201488734,1.0,0.09355876206575771,0.40582851659167896,0.45454545454545453,0.030037099997571204,0.007720299996435642,0.1194852999979048,,B,0.05224578350097213,0.9085896868625181,2.881574561093129,10.083436215687621,0.9292844748237175,0.2263944543114546,0.343631619276467,0.3176273747841105,2.537085811384877,0.7442087368005658,0.28817809404761485
glass,P2_Full,,main,clean,0.0,3,0.2,42,0.5327102803738317,0.42171991936025754,0.226346435440246,-0.017174519425485563,1.0,0.09375132194183929,0.4811252564191818,0.5,0.021708400003262796,0.016915100000915118,0.16866350000054808,,B,0.05698963003494519,0.9188891786789595,2.8255220950034605,10.372112666360024,0.9381870260806708,0.23791951662441607,0.35034737272788136,0.31558496751866916,2.542179684494036,0.7444418014883856,0.2948928572650763
glass,P2_Full,,main,clean,0.0,2,0.05,10,0.4392523364485981,0.3002952113688095,0.16370845152335625,-0.025197878846598992,1.0,0.08214666011120117,0.29383591562509537,0.5,0.023401800004648976,0.02353430000221124,0.056346299999859184,,B,0.015744797905191246,0.8644722016034474,3.5072755297406437,3.274917964279779,0.8976407547426137,0.24473616137492035,0.2816680780994678,0.23323114083983648,2.821898028281219,0.6732561538173337,0.3622004591615149
glass,P2_Full,,main,clean,0.0,2,0.1,21,0.4252336448598131,0.3036951640864892,0.16634112786872,-0.042584432191074204,1.0,0.09590708813217667,0.33256449753587897,0.5454545454545454,0.02412039999762783,0.00392920000012964,0.09432640000159154,,B,0.0053634986510170055,0.8984007084781824,3.2744063037603186,1.094153724807469,0.9175985880036144,0.18895682477578502,0.30197719413280005,0.28668018931710615,2.6220518867924527,0.7583978252781783,0.27744403658999817
glass,P2_Full,,main,clean,0.0,2,0.15,32,0.4252336448598131,0.32949180755441515,0.17939000588421034,-0.04398200229251961,1.0,0.0961354507181852,0.3939734561876817,0.5454545454545454,0.030253999997512437,0.009240400002454408,0.14325219999591354,,B,0.030858144639566407,0.8951932192678241,3.2355972081349935,5.955621915436317,0.9160348088841362,0.19885726353499006,0.3054633197407951,0.28977763385146804,2.6127304898491337,0.7590870873113548,0.27587986920007557
glass,P2_Full,,main,clean,0.0,2,0.2,42,0.46261682242990654,0.3536734229458893,0.19376309488507065,-0.056419618562564014,1.0,0.09487668813352922,0.3615424185991287,0.5,0.033372600002621766,0.005134899998665787,0.19450259999575792,,B,0.05912296019737623,0.9073600557647379,3.0731030937799244,10.760378755922474,0.9278862616803699,0.22156971363783434,0.32167693747337245,0.292817679558011,2.6037735849056602,0.7521205284347977,0.28334960952850263
glass,P2_Full,,main,clean,0.0,5,0.05,10,0.45794392523364486,0.33061915490779115,0.18089616174298773,-0.052246876362435954,1.0,0.09464245390781909,0.17048779129981995,0.75,0.03620000000228174,0.009361500000522938,0.0566605000058189,,B,0.05931473176212348,0.9175656271300391,3.2899168195733077,12.337464206521684,0.9325269373281386,0.18149358910876648,0.30059653606491643,0.2816796729840208,2.637532981530343,0.7488743376402762,0.29589054526530056
glass,P2_Full,,main,clean,0.0,5,0.1,21,0.43457943925233644,0.3553774604740163,0.18396304900471996,-0.025365874940085773,1.0,0.09576233421776974,0.36837098544294183,0.5454545454545454,0.04219320000265725,0.005897499999264255,0.11267280000174651,,B,0.05905492473731823,0.9151115635479644,3.2974764129304996,12.047204646412919,0.9317103991879448,0.19553706410129695,0.2998300088896348,0.2726262918960688,2.667006200177148,0.7575251832635097,0.2798701307310323
glass,P2_Full,,main,clean,0.0,5,0.15,32,0.4719626168224299,0.4045553240345776,0.20581753250291723,-0.03260425082132535,1.0,0.09741707835076654,0.39638480273160065,0.45454545454545453,0.020371000005980022,0.0032514999984414317,0.1447351000024355,,B,0.05750459756971382,0.912434506797112,3.2508023583040426,11.098387330954768,0.9283403137112122,0.18164469053176552,0.30401019875169777,0.2914507772020725,2.6077777777777778,0.7662007337574097,0.27358908734977777
glass,P2_Full,,main,clean,0.0,5,0.2,42,0.5747663551401869,0.5127425203204378,0.2873104511476322,-0.01875642213999293,1.0,0.09694610578591065,0.45340518057346346,0.3,0.022914399996807333,0.004106699998374097,0.18002450000494719,,B,0.055713913298513336,0.9161679513102446,3.197160263212624,10.139932220329428,0.9328898113124806,0.19946858347837884,0.3089807553245034,0.2872321049116629,2.6203762418093426,0.7635199339376544,0.2785346751481581
glass,P2_Full,,main,clean,0.0,4,0.05,10,0.46261682242990654,0.29938048948984286,0.16381006202876575,-0.0850573257817221,1.0,0.08251430337604139,0.07818332314491272,1.0,0.036504000003333203,0.021379199999500997,0.0816045999963535,,B,0.053412969139251816,0.8668043946120094,3.765656528741331,11.109897580964377,0.8973578217239875,0.22938765151431087,0.2620099132542624,0.21599777034559645,2.9074193548387095,0.6746419671530258,0.36496932704783036
glass,P2_Full,,main,clean,0.0,4,0.1,21,0.514018691588785,0.33447801933205235,0.2090351418172859,-0.028365675894008277,1.0,0.09220087179402807,0.37304668670350855,0.45454545454545453,0.037865999998757616,0.02033079999819165,0.15656049999961397,,B,0.03013742585185051,0.8988783969676886,3.3375458030468685,6.148034873777504,0.919539653828955,0.20432089921146265,0.296171215131103,0.26929392446633826,2.6783536585365852,0.735055027676071,0.30879908005702617
glass,P2_Full,,main,clean,0.0,4,0.15,32,0.5700934579439252,0.40275452658855965,0.25110611335785854,-0.03856099183229967,1.0,0.09527463934989217,0.3377120088447224,0.5454545454545454,0.03577279999444727,0.005536700002267025,0.21154869999736547,,B,0.031675789643668774,0.9256355816739359,3.1192313400841276,6.113427401228073,0.9415482959333811,0.21398290496501932,0.3170532188688904,0.27952288428324695,2.6443811546630624,0.7521472070028983,0.28673145132902833
glass,P2_Full,,main,clean,0.0,4,0.2,42,0.5841121495327103,0.3892995264146807,0.24585006707649865,-0.03235013919407852,1.0,0.09511951945819203,0.41619732081890104,0.5,0.02328950000082841,0.00820699999894714,0.259720499998366,,B,0.05800579574818612,0.9379646278917664,3.083931132004207,10.557054826169875,0.9508798264322531,0.20819087726198307,0.32052809418252604,0.2883249347337745,2.6170772794272477,0.750010446608839,0.2959342277614537
glass,P2_Full,,main,clean,0.0,6,0.05,10,0.4252336448598131,0.3141262047568887,0.15952499852736673,-0.06878060085522694,1.0,0.0930516055284791,0.17082343250513077,0.75,0.023487099999329075,0.005436899999040179,0.04739010000048438,,B,0.054115107862339945,0.91272070536688,3.4181525738288303,11.255942435366709,0.929126530216661,0.18796926486107995,0.2891380891172487,0.26662950575994054,2.687630662020906,0.738573157861669,0.30752693925992985
glass,P2_Full,,main,clean,0.0,6,0.1,21,0.4392523364485981,0.3082387937114461,0.1604460376243867,-0.03739936166167462,1.0,0.09205850481106806,0.361579030752182,0.5454545454545454,0.02639170000475133,0.00998789999721339,0.09193899999809219,,B,0.04415502151049979,0.9014434211824353,3.405071124877777,9.007624388141958,0.9211749070445389,0.20020465501981272,0.29020021102385024,0.26489906307350525,2.6937556973564267,0.7339043843725578,0.3115060573886666
glass,P2_Full,,main,clean,0.0,6,0.15,32,0.4672897196261682,0.32579388952607385,0.1699235491303861,-0.042886626653776065,1.0,0.0941094184508077,0.3783410706303336,0.45454545454545453,0.02017860000341898,0.0039034000001265667,0.12763180000183638,,B,0.031570036066823674,0.9256802043710666,3.085718501405121,6.0930169608969695,0.9415215718346337,0.21315138624250882,0.3205531814890975,0.28945379965457685,2.6136956927093045,0.7446272399761532,0.2988970760862583
glass,P2_Full,,main,clean,0.0,6,0.2,42,0.5654205607476636,0.47434918697808887,0.2814354037780787,-0.02153665271220346,1.0,0.09331636075718248,0.48595881164073945,0.3,0.023717600000964012,0.005583199999819044,0.18340139999781968,,B,0.07718781589500504,0.9347113555022264,2.917168430793902,14.048182492890916,0.9501638402925283,0.23667951615734445,0.3391672207808953,0.2965818711675065,2.592937563971341,0.7394838224659892,0.30640923179938667
glass,P2_Full,,main,clean,0.0,7,0.05,10,0.45794392523364486,0.3282048292005057,0.1711099501974932,-0.0503400789380198,1.0,0.09479196493611619,0.2924436405301094,0.5,0.02107619999878807,0.004252899998391513,0.035659599998325575,,B,0.004807692307692308,0.9050392402706279,2.87038360861037,0.6257381666319574,0.9254731196629474,0.21518234953631296,0.34523759382563474,0.3246934225195095,2.5199570815450643,0.7518724549574082,0.27974808396286494
glass,P2_Full,,main,clean,0.0,7,0.1,21,0.4532710280373832,0.31397232696394606,0.15794778677337948,-0.049239425786499605,1.0,0.09609955905353659,0.3478482013398951,0.5454545454545454,0.04153960000257939,0.007585999999719206,0.10145729999931064,,B,0.015318980072770747,0.9134614126930289,3.197850516749926,3.1250719348452325,0.930002967615703,0.1911465790861313,0.30932438679751695,0.28846711098232397,2.6166499246609742,0.7596573386013938,0.27486464265274607
glass,P2_Full,,main,clean,0.0,7,0.15,32,0.46261682242990654,0.3331886067244817,0.1635548822378019,-0.032506480689612656,1.0,0.09717772114940207,0.3730862221934579,0.5454545454545454,0.03876290000334848,0.008491599997796584,0.1662369999976363,,B,0.05614680338296174,0.9239758353936609,3.2110729807861085,10.836333052911616,0.9383593758117289,0.18919695458078942,0.3078360413501865,0.28470423143350604,2.6281042654028437,0.7658838956127916,0.27193650077312903
glass,P2_Full,,main,clean,0.0,7,0.2,42,0.4672897196261682,0.33903422774102054,0.16541607219520174,-0.047875907492074904,1.0,0.09803918072588674,0.39599249958992006,0.4,0.022529699999722652,0.008891599994967692,0.21407370000088122,,B,0.05660146171990404,0.9400752135548468,3.1641766750431755,10.301466033022535,0.951999547180902,0.19898833743811517,0.31225918280190057,0.28146439196162953,2.638211820534944,0.7708255384788668,0.2648456368696981
glass,P2_Full,,main,clean,0.0,8,0.05,10,0.4439252336448598,0.2768979656181424,0.13665532826776677,-0.0628549514581828,1.0,0.09413253224901667,0.22974590957164764,0.75,0.03764079999382375,0.004371099996205885,0.05192229999374831,,B,0.04856718357266284,0.890496701257425,3.182743092113189,10.101974183113871,0.9128158749369676,0.20382192989465425,0.3108813117316813,0.29199182460052026,2.606188355074769,0.7483279428814564,0.2906076435442298
glass,P2_Full,,main,clean,0.0,8,0.1,21,0.45794392523364486,0.3477629129976673,0.1841408176625763,-0.040208797835212445,1.0,0.09360447225518286,0.42014212093570014,0.45454545454545453,0.030723199997737538,0.003501300001516938,0.10231179999391316,,B,0.02675034683471619,0.9076558374913055,3.3513013444998765,5.457070754282102,0.9262605347403308,0.20147128679924525,0.29493534992857,0.26615473775717186,2.6893032117583013,0.7437965093005674,0.2979966438359891
glass,P2_Full,,main,clean,0.0,8,0.15,32,0.46261682242990654,0.38357597385448006,0.19577046697519784,-0.03431147732951747,1.0,0.09756651183903745,0.35906112600456586,0.5454545454545454,0.03283430000010412,0.010774800000945106,0.15419829999882495,,B,0.0316418815523193,0.9159589381756218,3.2511515386273695,6.106883139597624,0.9326593849410091,0.19871770302339198,0.30397698804905,0.27790371329879104,2.649592153816275,0.7680336859230538,0.2668912727504147
glass,P2_Full,,main,clean,0.0,8,0.2,42,0.4719626168224299,0.4031409622314069,0.2045404728406053,-0.02658473517865741,1.0,0.09896794818268656,0.4097183167934418,0.5,0.019166199999745004,0.0038420999990194105,0.18703559999994468,,B,0.05142867758469323,0.9320521589704529,3.249885815084079,9.360019320414168,0.9449550625615648,0.1898942393990279,0.3038782738290822,0.2795215833889867,2.644385317115552,0.777651382672078,0.2577002598042103
glass,P2_Full,,main,clean,0.0,9,0.05,10,0.4252336448598131,0.30007876139326495,0.14825398346758345,-0.04690408315743796,1.0,0.09328189793575031,0.2023942843079567,0.75,0.023929399998451117,0.0046276999928522855,0.043266499997116625,,B,0.05327701579004389,0.8944425612513295,3.143087616072774,11.081619284329129,0.9158534683523221,0.2028365537740208,0.3148645665072682,0.29570791527313267,2.5954288407163055,0.7429746180654497,0.2972336182749425
glass,P2_Full,,main,clean,0.0,9,0.1,21,0.4766355140186916,0.3727453034913416,0.21050061118221644,-0.04207503149960596,1.0,0.09413070932364447,0.3964418443766507,0.5454545454545454,0.029702899999392685,0.01846030000160681,0.1002165999962017,,B,0.05034706212819402,0.9009148671910052,3.190861094531143,10.27080067415158,0.919798625378123,0.19058114625046482,0.3100127368472833,0.2966772916062977,2.5926664496174507,0.7469859825682925,0.29466610640474433
glass,P2_Full,,main,clean,0.0,9,0.15,32,0.48598130841121495,0.3533061579034501,0.202771355870126,-0.05022430763788999,1.0,0.09678657930700399,0.33088455958799884,0.5454545454545454,0.019483799995214213,0.004663600004278123,0.1332429999965825,,B,0.03347754431937889,0.9149467873260804,3.1051255037493677,6.461166053640126,0.9319346988928693,0.19973274415768133,0.31851717538429086,0.29603842832469773,2.5944849589790335,0.7623219668413083,0.2763018028500423
glass,P2_Full,,main,clean,0.0,9,0.2,42,0.5373831775700935,0.3707371066918154,0.2098747571117728,-0.03733592869683431,1.0,0.09667690248297214,0.47010165005922316,0.6,0.020000500000605825,0.0050312999956076965,0.16565109999646666,,B,0.0701018630921979,0.905826838890375,2.5862076514392465,12.758539082780018,0.9282954915195724,0.23858870578892638,0.3832779712269513,0.36203023495841175,2.4405500586952877,0.7637398602207168,0.2718303171441383
glass,P2_Full,,main,clean,0.0,10,0.05,10,0.48598130841121495,0.3251535149242279,0.17515817937100595,-0.08016851874807158,1.0,0.09421755604392651,0.23717041313648224,0.75,0.035095799998089205,0.024986800002807286,0.07667229999788105,,B,0.004807692307692308,0.9238911812694229,2.5345961438461933,0.8095442251258835,0.9414986627597104,0.2313461407490422,0.3916152458720647,0.3643162393162393,2.436217008797654,0.749635020553946,0.2807186319421412
glass,P2_Full,,main,clean,0.0,10,0.1,21,0.4439252336448598,0.3007465966447002,0.1623166405396002,-0.05097994387528257,1.0,0.095440343850268,0.34134901653636585,0.5454545454545454,0.022212699994270224,0.009698399997432716,0.11928369999805,,B,0.004901960784313725,0.9297515216054681,2.5634248783385867,0.5408087086607363,0.9452784814434089,0.22102912679101339,0.3870986850440597,0.3628416883994977,2.4390057234127513,0.7553968482660616,0.2743912344256179
glass,P2_Full,,main,clean,0.0,10,0.15,32,0.43457943925233644,0.32611326548816216,0.16179906148119236,-0.04873888236988637,1.0,0.09372483894467205,0.45153263346715405,0.36363636363636365,0.023298899999645073,0.004865900002187118,0.16626499999983935,,B,0.0666844549050375,0.9079204676488254,2.808508396713752,12.870099796672235,0.9284044804616611,0.2224600004994968,0.35270704071701026,0.3283678756476684,2.5113412228796843,0.7436668475580334,0.2957112794996061
glass,P2_Full,,main,clean,0.0,10,0.2,42,0.5233644859813084,0.3887593402522101,0.22354949609579117,-0.049580010146052386,1.0,0.0972989080121886,0.36491734981536866,0.7,0.022357499998179264,0.012079200001608115,0.21470769999723416,,B,0.05075004162534224,0.9035535626570118,2.7665761085462153,9.236507575812288,0.9243625029870611,0.21575644371442604,0.3579297558247403,0.34381640458988527,2.477132262051916,0.7676221195088431,0.26531427022602333
glass,P2_Full,,main,clean,0.0,11,0.05,10,0.38317757009345793,0.23586308680025156,0.12088914289464078,-0.06732468169635547,1.0,0.08448059679680378,0.22156938910484314,0.75,0.029163799998059403,0.0062790999945718795,0.04986820000340231,,B,0.05002729113970138,0.8736833464365668,3.647770915151893,10.405676557057886,0.9014416022746913,0.21975135546307917,0.27063345235252506,0.23123374210330733,2.831157091201286,0.686812217714182,0.3583390885464792
glass,P2_Full,,main,clean,0.0,11,0.1,21,0.4672897196261682,0.34057738618259575,0.1966670336151891,-0.030835562756390177,1.0,0.08440475892489284,0.40737834166396747,0.5454545454545454,0.02047339999990072,0.009381299998494796,0.09434019999753218,,B,0.048881500797317054,0.8843176017853479,3.7330484726117317,9.971826162652679,0.9099115491494058,0.22124322938540344,0.26427106807463024,0.22172317202743166,2.877532128076672,0.6862791898918637,0.3577945491406569
glass,P2_Full,,main,clean,0.0,11,0.15,32,0.4392523364485981,0.35336053958101094,0.18317849216956317,-0.03963831985383227,1.0,0.09665465671622955,0.38514595004645263,0.45454545454545453,0.01987080000253627,0.012981899999431334,0.1367926000020816,,B,0.06267162450697529,0.9180694044531428,3.227857658669238,12.09562352984623,0.9342463695095345,0.19744718012137397,0.3062082282469424,0.28270725388601037,2.634306987399771,0.7622754101660244,0.27571151795162985
glass,P2_Full,,main,clean,0.0,11,0.2,42,0.49065420560747663,0.3841272370431118,0.20351888292018633,-0.028466689047466825,1.0,0.09593720222844382,0.4311044752597809,0.4,0.023583399997733068,0.009330100001534447,0.17701120000128867,,B,0.0601396313404253,0.9288109414506863,3.305891030260598,10.945412903957404,0.9429936943894082,0.19922658380005448,0.2986366645222491,0.26944326391840207,2.677839116719243,0.7581028512571086,0.2831336843259625
glass,P2_Full,,main,clean,0.0,12,0.05,10,0.45794392523364486,0.2984762672357733,0.15872377596841875,-0.0794892738926803,1.0,0.09384799561042592,0.07075434923171997,1.0,0.02365049999934854,0.006062000000383705,0.03849179999815533,,B,0.04131850698070727,0.902930180290357,3.45478549708384,8.594249451987112,0.9215923852014539,0.19225548133209358,0.2860209797969837,0.2612876254180602,2.7068,0.7448346588282893,0.29687238203237587
glass,P2_Full,,main,clean,0.0,12,0.1,21,0.397196261682243,0.2694971624171844,0.13672602401492456,-0.03820144554296905,1.0,0.09306962622090358,0.36830873922868207,0.5454545454545454,0.022959599999012426,0.0036448000028030947,0.08098469999822555,,B,0.0228608504275259,0.8908289558584707,3.4593558816859984,4.663613487215283,0.9122963750418821,0.19664022957938349,0.28556904238316366,0.26567178595576163,2.6910107253226685,0.7400388232287423,0.3010968366980621
glass,P2_Full,,main,clean,0.0,12,0.15,32,0.514018691588785,0.4193158627067869,0.25469522411518286,-0.026563626607769144,1.0,0.09319485284943962,0.40413213724439795,0.45454545454545453,0.025164400001813192,0.014515499999106396,0.1366379999963101,,B,0.05235455200663494,0.9133804978347815,2.9439131204621964,10.104428537280544,0.9334308669383845,0.231476383521102,0.336244791198927,0.30359455958549225,2.5734666666666666,0.7411629691637359,0.29748985148859514
glass,P2_Full,,main,clean,0.0,12,0.2,42,0.5233644859813084,0.4650787296471415,0.2806997031562951,-0.023517083860014935,1.0,0.09362607939910046,0.5072940945625305,0.3,0.03312839999853168,0.005687099997885525,0.18547180000314256,,B,0.063020301838617,0.9197654591737368,2.339391116537415,11.469694934628293,0.9399849906618264,0.25200532438856016,0.4242984604254945,0.39791148078440897,2.3782804394263044,0.7434644241430013,0.2992591694469491
glass,P2_Full,,main,clean,0.0,13,0.05,10,0.4672897196261682,0.31996919789640066,0.17955153626586012,-0.0672079571633728,1.0,0.09436230925262004,0.2124132215976715,0.75,0.023283499998797197,0.00623489999998128,0.05840209999587387,,B,0.008549313499586798,0.8978531710941683,3.270660439241332,1.778257207914054,0.9194176865551693,0.2111129213896708,0.30239477447154434,0.2721571906354515,2.6685867895545314,0.7494197418455171,0.2860373551832227
glass,P2_Full,,main,clean,0.0,13,0.1,21,0.4532710280373832,0.33019049193358063,0.19443753991350005,-0.03240412062257613,1.0,0.09462674838126614,0.40399938550862396,0.45454545454545453,0.03661599999759346,0.018534399998316076,0.13098319999699015,,B,0.007086400925035055,0.9083256134923114,3.4034129266615922,1.4456257887071513,0.926493480618279,0.19817822423544468,0.29034400137398425,0.26359509320969765,2.698424331256871,0.7504349354671217,0.2855976091528165
glass,P2_Full,,main,clean,0.0,13,0.15,32,0.4532710280373832,0.3373941200216971,0.19644739339533723,-0.040285676732729696,1.0,0.093643904566826,0.36144890974868427,0.5454545454545454,0.019596699996327516,0.0058719000007840805,0.17183079999813344,,B,0.03279934226952538,0.926641686839032,3.3373766986705253,6.330273058018399,0.9417088672547974,0.20539158776325572,0.2959888116379752,0.2606325561312608,2.7092048043073103,0.7430640147491536,0.3006152134624642
glass,P2_Full,,main,clean,0.0,13,0.2,42,0.4719626168224299,0.36401690569555695,0.18110862866985813,-0.032864808112971045,1.0,0.09411501996802844,0.40786539316177367,0.5,0.018200500002421904,0.010940399995888583,0.20822599999519298,,B,0.05657253761623174,0.9370186374660672,3.140031530252811,10.296201846154176,0.9501572398083604,0.20861095749102682,0.3147027702936022,0.2816465302653148,2.637637421858159,0.7449365593145444,0.3000607620530195
glass,P2_Full,,main,clean,0.0,15,0.05,10,0.40654205607476634,0.2618988921352973,0.13363537849377463,-0.057160105098943356,1.0,0.09348566962631097,0.21734072268009186,0.75,0.027683100001013372,0.01022049999301089,0.05189869999594521,,B,0.0506597906019421,0.8840878662145661,3.1438371865694275,10.537236445203956,0.9082509974133364,0.20846075738281916,0.3147883429979753,0.2953363062058714,2.5964926077382824,0.7443815444901909,0.2944340849198092
glass,P2_Full,,main,clean,0.0,15,0.1,21,0.4252336448598131,0.2790459903720482,0.1397411891811698,-0.0332347193248387,1.0,0.08251808323163504,0.4087629643353549,0.5454545454545454,0.02074960000027204,0.009158499997283798,0.09028439999383409,,B,0.06156812862221767,0.8912051310390287,3.955437290762237,12.559898238932405,0.9153337806417667,0.22178113575736655,0.24913584091282814,0.2019704433497537,2.9878048780487805,0.6724256563655687,0.37744423061707255
glass,P2_Full,,main,clean,0.0,15,0.15,32,0.49065420560747663,0.3229119876322691,0.1892258050611133,-0.04276800838473912,1.0,0.09434988626605717,0.37634980136697943,0.6363636363636364,0.019141500000841916,0.004184400000667665,0.1233594000004814,,B,0.07138117413025759,0.9047449125341823,2.8644055467783063,13.776566607139713,0.9263671860180347,0.22699337178826795,0.3457225376335677,0.3227547495682211,2.524581939799331,0.7482850441994735,0.290219973089155
glass,P2_Full,,main,clean,0.0,15,0.2,42,0.5,0.36332147913311663,0.197724995188987,-0.02941765817172722,1.0,0.09569234422826903,0.4277257740497589,0.5,0.017564300003868993,0.0055893999960972,0.15468609999516048,,B,0.06696021209524773,0.915703440524895,2.6623558868788813,12.186758601335086,0.9373478376724009,0.256764893873255,0.3721575008868212,0.3308845850282314,2.5055504587155966,0.7578015898024728,0.275906712407327
glass,P2_Full,,main,clean,0.0,14,0.05,10,0.42990654205607476,0.21831301336973236,0.12101904217636299,-0.03509786448957319,1.0,0.09495062168081916,0.30947327613830566,0.5,0.021594400001049507,0.0056068999983835965,0.03803909999987809,,B,0.004833487152555053,0.8980252312519831,2.905665882063157,1.005365327731451,0.9205687001361684,0.22106908562735786,0.340986859756981,0.3171683389074693,2.538224956063269,0.753324980722074,0.2737605262045786
glass,P2_Full,,main,clean,0.0,14,0.1,21,0.4252336448598131,0.2459559613857462,0.14158922084378417,-0.06343118739168675,1.0,0.0944165984930073,0.26596976952119306,0.6363636363636364,0.02199079999991227,0.0033074000020860694,0.07238249999500113,,B,0.004901960784313725,0.8983983013011365,2.937197642399766,0.9392875897514937,0.9211139360703843,0.22357534431165862,0.3372116129242526,0.3111658456486043,2.5534300791556728,0.7506410677321509,0.27756007637381075
glass,P2_Full,,main,clean,0.0,14,0.15,32,0.49065420560747663,0.3659120071488148,0.20564940109061794,-0.028153558021153945,1.0,0.09355862823599029,0.44376741485162213,0.36363636363636365,0.0195635999989463,0.0034872999967774376,0.11146949999965727,,B,0.10898283417960608,0.905641171623909,2.8291148251259455,21.033686996663974,0.9283243912058238,0.24039318813397076,0.35010009190479174,0.31849093264248707,2.5349517031011692,0.742995833241507,0.29527405748333385
glass,P2_Full,,main,clean,0.0,14,0.2,42,0.514018691588785,0.41396542894722854,0.2326288154588889,-0.029590221082821895,1.0,0.0952027528626093,0.4707270383834839,0.4,0.01817759999539703,0.015679600001021754,0.16950419999920996,,B,0.06204983111536888,0.9203428947321916,2.731121888729348,11.293069262997136,0.9405772921958505,0.2540187393909244,0.36264796337259153,0.316859935644466,2.538992144088906,0.7538581304710388,0.28056487937653035
glass,P2_Full,,main,clean,0.0,16,0.05,10,0.4485981308411215,0.28011992162459376,0.149012758943623,-0.04325177282069943,1.0,0.09481060712172794,0.2945597469806671,0.75,0.02429400000255555,0.0063926000002538785,0.03906049999932293,,B,0.008518553048312007,0.9014192414927171,3.303642971405003,1.7718590340488976,0.9199189835944628,0.18766078068245887,0.299327529806484,0.2845596432552954,2.6285504407443683,0.751424191271776,0.2877395162737204
glass,P2_Full,,main,clean,0.0,16,0.1,21,0.4672897196261682,0.3167540072090837,0.16767218409278684,-0.047726228724422365,1.0,0.09502728162031894,0.3643883615732193,0.5454545454545454,0.022911899999598972,0.0035868000049958937,0.07635360000131186,,B,0.007558907783097637,0.9017340493255696,3.3252808416362227,1.542017187751918,0.9208899204893995,0.19493905093633287,0.29728178209657663,0.27677967738819664,2.6532455068923397,0.7521909373072468,0.2865369310191037
glass,P2_Full,,main,clean,0.0,16,0.15,32,0.42990654205607476,0.34875036995339653,0.17254589045211352,-0.01816289645217492,1.0,0.09030096756718023,0.49495709484273737,0.36363636363636365,0.0360313999990467,0.0070321999955922365,0.12748170000122627,,B,0.09500903989493178,0.8980433366543379,3.310523118571186,18.336744699721834,0.9189373305680971,0.20493014608493676,0.2984319970103433,0.27757987910189985,2.6506416488430875,0.7198521626139094,0.3331572801757077
glass,P2_Full,,main,clean,0.0,16,0.2,42,0.4392523364485981,0.35613205789491215,0.16935542095337763,-0.034476282714699054,1.0,0.098163645182842,0.42552849650382996,0.5,0.026523200001975056,0.003821099999186117,0.17032450000260724,,B,0.060735741941664076,0.9353824011076667,3.3041070412416578,11.053905033382861,0.9475485990483394,0.18827994461608286,0.29880089068572074,0.27138607249104485,2.6711968680089484,0.7709278413778515,0.2684656436414931
glass,P2_Full,,main,clean,0.0,17,0.05,10,0.4532710280373832,0.3368053526239366,0.18954493134397626,-0.07338611287152938,1.0,0.09449465907562604,0.20138700306415558,0.75,0.030856500001391396,0.004096000004210509,0.0559923999971943,,B,0.004807692307692308,0.8960237238324494,3.0915203251210537,0.8270459473600216,0.9183105525057558,0.21434532467187642,0.3201971628758251,0.29426793013749536,2.59956590370955,0.7511394621665927,0.2792944848911721
glass,P2_Full,,main,clean,0.0,17,0.1,21,0.48130841121495327,0.30979652558960186,0.18262428839234404,-0.04554686567337828,1.0,0.0906656940310781,0.3793928785757585,0.5454545454545454,0.04116819999762811,0.017377399999531917,0.12788600000203587,,B,0.061155400190154786,0.9359528947550676,3.2640525531516027,12.475701638791577,0.9495841615586199,0.21283189539047687,0.30295070794834283,0.25963488843813387,2.712890625,0.7227936755512432,0.33061943371203983
glass,P2_Full,,main,clean,0.0,17,0.15,32,0.5046728971962616,0.3781104016825173,0.20594635170703432,-0.041677630336341906,1.0,0.09558096830473282,0.3656839579343796,0.45454545454545453,0.02000660000339849,0.006802399999287445,0.16293640000367304,,B,0.060796763479425836,0.8990459633743689,3.0567778993163692,11.733775351529186,0.9194895098360251,0.20250350699167388,0.323637388025141,0.3086139896373057,2.5600734522560336,0.753490596873386,0.28750384775475607
glass,P2_Full,,main,clean,0.0,17,0.2,42,0.5373831775700935,0.45516080663788683,0.25847394389478395,-0.026384846219364787,1.0,0.09612658105973909,0.5001340121030807,0.4,0.018621900002472103,0.004008299998531584,0.1938628999996581,,B,0.056768278352988255,0.9239236458527048,2.858780285382476,10.331826660243863,0.9409131487218294,0.22332172801328443,0.3462072621395787,0.31576710582235445,2.541722745625841,0.7586702673002964,0.28540041077241224
glass,P2_Full,,main,clean,0.0,19,0.05,10,0.4766355140186916,0.30738191693468925,0.17942681627743798,-0.0851631582137074,1.0,0.09509087420523041,0.06188483536243439,1.0,0.04233840000233613,0.006448100000852719,0.060325999998894986,,B,0.004807692307692308,0.901797706350053,3.204744847968714,0.837592888400225,0.9221792575558394,0.20754659029084088,0.30871383078517195,0.2807506503158677,2.6404698874917276,0.7542100315243383,0.2757951457651382
glass,P2_Full,,main,clean,0.0,19,0.1,21,0.48598130841121495,0.3420008993818367,0.19330255449174788,-0.0422185398055752,1.0,0.0943169546538863,0.3864300684495406,0.45454545454545453,0.021520299997064285,0.004231999999319669,0.09346419999928912,,B,0.004901960784313725,0.9237629195364953,3.4114067689777436,0.8320130167271025,0.938728896304478,0.19630836696516768,0.2896521042013968,0.25823432821404424,2.71811296053862,0.748340170199539,0.2895425040792521
glass,P2_Full,,main,clean,0.0,19,0.15,32,0.48598130841121495,0.3705545891231532,0.2026211910034162,-0.04618405746376917,1.0,0.09590533262587403,0.3550083203749223,0.5454545454545454,0.021311500000592787,0.003091499995207414,0.12593460000061896,,B,0.028546411323687546,0.9135076275145564,3.3062071640415227,5.509457385471697,0.9306178409552768,0.19782337966969227,0.2988283720086762,0.2754749568221071,2.657523510971787,0.7575606237768082,0.27833642646451123
glass,P2_Full,,main,clean,0.0,19,0.2,42,0.48130841121495327,0.4002253543852471,0.21117869198412265,-0.02933272432403606,1.0,0.09744741555944023,0.39296060502529145,0.5,0.019904699998733122,0.0026135999942198396,0.15573980000044685,,B,0.05728368877386247,0.9193529730424618,3.2916706202776482,10.42563135684297,0.9349309030410533,0.19316186332316387,0.2999506786219019,0.2790965940137211,2.645747226452034,0.7671844465419528,0.2681533354985641
glass,P2_Full,,main,clean,0.0,18,0.05,10,0.4252336448598131,0.2801711880055975,0.15723562859712897,-0.0615577286654283,1.0,0.09637135172303163,0.06271210312843323,1.0,0.041908999999577645,0.00590090000332566,0.06761720000213245,,B,0.004807692307692308,0.8971434952897603,3.1442044265827485,0.8427570348296787,0.9175470329742073,0.19836895820955996,0.3147510117797415,0.29714790040877,2.5913318743160856,0.7618508759615931,0.2675817879618206
glass,P2_Full,,main,clean,0.0,18,0.1,21,0.46261682242990654,0.36355001327074865,0.22029156733553515,-0.043935456704471236,1.0,0.0940929897693537,0.3681663613427769,0.5454545454545454,0.024476699996739626,0.006259200003114529,0.10928850000345847,,B,0.004901960784313725,0.9219132447659516,3.1163115956359677,0.8291807932514623,0.9383542349462357,0.2105477443774652,0.31754681435313326,0.28846711098232397,2.6166499246609742,0.7482402075031389,0.2826333583187859
glass,P2_Full,,main,clean,0.0,18,0.15,32,0.49065420560747663,0.4355340342413276,0.2527546194918764,-0.04226733546738234,1.0,0.09634350932802156,0.38315813920714636,0.45454545454545453,0.019288700001197867,0.00532779999775812,0.14182609999988927,,B,0.01488041929546529,0.9323329834245981,2.1125824792357575,2.871920924024801,0.9480479839002595,0.2322401854107156,0.4706113533361192,0.4581714162348877,2.295647308281305,0.76051778319285,0.27748673930767703
glass,P2_Full,,main,clean,0.0,18,0.2,42,0.5420560747663551,0.48047974482227374,0.28898228793263353,-0.036563335971701014,1.0,0.09867706386513983,0.37121935486793517,0.5,0.017490399994130712,0.003717399995366577,0.17084500000055414,,B,0.04168652991666587,0.9394807939270924,2.1274302521731965,7.5869484448331885,0.9537503517402447,0.2357856082243002,0.4671227658645937,0.4439317588488859,2.313149617067834,0.7754870332238761,0.26171434136239713
glass,P2_Full,,main,clean,0.0,20,0.05,10,0.411214953271028,0.27391369599090215,0.14261077431096353,-0.057101098758400276,1.0,0.08662481043727899,0.16613732278347015,0.75,0.025248000005376525,0.006085200002416968,0.047474499995587394,,B,0.06089310685293698,0.8927270874551977,3.8707745324638982,12.665766225410891,0.914259988947129,0.20073009095318625,0.2547633595620585,0.21938870308435526,2.8895299597713318,0.6992877372081359,0.3456145087306458
glass,P2_Full,,main,clean,0.0,20,0.1,21,0.3878504672897196,0.3074030046583411,0.16042525685126546,-0.03747960462066347,1.0,0.08654051206158588,0.40255041284994647,0.5454545454545454,0.021742899996752385,0.008486600003379863,0.08576460000040242,,B,0.06130828106185413,0.8969358540947857,3.8855139065183333,12.506889336618244,0.9183398468760278,0.20767641931391723,0.25370791856566133,0.21206413599922727,2.928888635846049,0.6991788666660483,0.345763546071469
glass,P2_Full,,main,clean,0.0,20,0.15,32,0.4439252336448598,0.3751828121797671,0.20084546370505132,-0.03032607111223896,1.0,0.09213647860895445,0.3854988217353821,0.45454545454545453,0.020128500000282656,0.0035157000020262785,0.11689759999717353,,B,0.04871281179708284,0.8923073788361839,3.2781751237737025,9.401572676836988,0.9145542914351386,0.20657787282486012,0.3014282237082497,0.27946891191709844,2.6445538818076475,0.7329065210063285,0.3146379789335362
glass,P2_Full,,main,clean,0.0,20,0.2,42,0.46261682242990654,0.4066789488635168,0.22529669617988948,-0.028801092027367536,1.0,0.09491409725237299,0.42541823983192445,0.5,0.021347300003981218,0.003278600001067389,0.15235849999589846,,B,0.059374650297372406,0.9215042246673705,3.1168223512196676,10.806186354121778,0.9381983643156478,0.2126756449953537,0.31708732084186575,0.2880820836621942,2.617808219178082,0.7519641369655369,0.28795700642183686
glass,P2_Full,,main,clean,0.0,21,0.05,10,0.42990654205607476,0.31260205308512434,0.16412941196648495,-0.0838817954088715,1.0,0.08179463132107571,0.18510587513446808,0.75,0.025016399995365646,0.019504999996570405,0.05625230000441661,,B,0.061689996503687554,0.8832357447550446,4.127907902520642,12.83151927276701,0.9081960345047171,0.21376653066736254,0.23859285552442705,0.19328316610925306,3.0434390771449173,0.6683659280893435,0.376101983795522
glass,P2_Full,,main,clean,0.0,21,0.1,21,0.4532710280373832,0.3481086186988399,0.1877087313630738,-0.04131495559762794,1.0,0.08848223075001216,0.39927949146790936,0.5454545454545454,0.0210877999998047,0.0055522999973618425,0.09122740000020713,,B,0.05936352817097803,0.9021083095137178,3.7422506807868645,12.110159746879518,0.9205364396741066,0.18825019844734486,0.2636091112285643,0.2398821597604559,2.7921783772901145,0.7105166942724983,0.34331590356245856
glass,P2_Full,,main,clean,0.0,21,0.15,32,0.4485981308411215,0.3732766444073419,0.19950621199704274,-0.0417175125232135,1.0,0.0943007041363515,0.41120173172517255,0.45454545454545453,0.021855999999388587,0.003938499998184852,0.12672530000418192,,B,0.06214798442557083,0.9170328014657531,3.386159527140939,11.99456099413517,0.9343001491604169,0.20812258337897557,0.29164960418447416,0.25804188255613125,2.7188349717632296,0.7466041867292534,0.2958385985889356
glass,P2_Full,,main,clean,0.0,21,0.2,42,0.4485981308411215,0.38784295148592673,0.19937784117322693,-0.041377475241844916,1.0,0.09702628576243655,0.4131260454654694,0.4,0.024674200001754798,0.004628000002412591,0.1633633000019472,,B,0.05589398370407567,0.9393107233833387,3.4312383583428634,10.17270503414177,0.9510045317229037,0.19268327110616165,0.28752527246548604,0.25590431667779734,2.726927639383155,0.7649349169918825,0.27500203555448527
glass,P2_Full,,main,clean,0.0,23,0.05,10,0.4392523364485981,0.36176142412250967,0.18136151290299965,-0.045190005203322184,1.0,0.09573446054355492,0.19992654770612717,0.75,0.020815600000787526,0.004270099998393562,0.034752200001094025,,B,0.004807692307692308,0.9087406421858857,3.1969425041221844,0.5698289113403746,0.9277248266281471,0.2080245236979454,0.3094790569151888,0.27759197324414714,2.6506024096385543,0.7583855774572824,0.27219962449916113
glass,P2_Full,,main,clean,0.0,23,0.1,21,0.4672897196261682,0.36186973240778725,0.204025024910016,-0.03370737690176061,1.0,0.09324700609977699,0.40913681956854736,0.45454545454545453,0.022524799998791423,0.004952000002958812,0.07334190000256058,,B,0.029317886426411505,0.9085766563893403,3.4280459372454297,5.980848830987947,0.9259306444224673,0.1898200978847552,0.28822227025611974,0.26446440645223607,2.6953067932797663,0.7407632794376265,0.3031561708283543
glass,P2_Full,,main,clean,0.0,23,0.15,32,0.514018691588785,0.4141296559773808,0.2295357185924774,-0.050759890903906285,1.0,0.09775019703131174,0.34916844964027405,0.5454545454545454,0.01913090000016382,0.005324700003257021,0.10634520000166958,,B,0.05286598826779543,0.9202381487620512,3.341024500139646,10.203135735684517,0.9350938659596096,0.1862509077583998,0.295659958201589,0.27326208981001726,2.6648726051747973,0.7679799637388337,0.2680345858315587
glass,P2_Full,,main,clean,0.0,23,0.2,42,0.5467289719626168,0.4806793928597342,0.29021200894241034,-0.023618701290923815,1.0,0.09651671714033722,0.4596459835767746,0.5,0.01888459999463521,0.004579899999953341,0.14065449999907287,,B,0.052595186559852375,0.9376673972355134,3.040537536484908,9.572323953893132,0.9497397881874401,0.1936769911171564,0.3251814194328824,0.30168174367069395,2.5786878647615215,0.7609501159114116,0.2819388436181012
glass,P2_Full,,main,clean,0.0,22,0.05,10,0.4485981308411215,0.33115337338433337,0.1607534293751712,-0.06699976715301528,1.0,0.09560605738934483,0.06518025696277618,1.0,0.022110800004156772,0.008405900000070687,0.04016060000139987,,B,0.004807692307692308,0.9019656613461748,3.122800356634304,0.5640440395851041,0.9219799319898734,0.20415571644107386,0.316941466882657,0.29264214046822745,2.604285714285714,0.7582124027748782,0.2705774042043525
glass,P2_Full,,main,clean,0.0,22,0.1,21,0.4439252336448598,0.3372638162052661,0.17632444208321668,-0.045287630744406726,1.0,0.09588389948591529,0.3447183831171556,0.5454545454545454,0.0210568999973475,0.004754800000227988,0.07450760000210721,,B,0.004901960784313725,0.9187922831416184,3.2216681543869647,0.5435589323105594,0.934108669090943,0.18860751837211345,0.307001148008608,0.28407224958949095,2.6300578034682083,0.7585373305101948,0.276357648834457
glass,P2_Full,,main,clean,0.0,22,0.15,32,0.4532710280373832,0.3735801822312441,0.19148514034291242,-0.031109288594943288,1.0,0.09633385882096218,0.3651861412958665,0.45454545454545453,0.01942080000299029,0.004599600004439708,0.11673039999732282,,B,0.055665955016850115,0.9222692375392368,3.213846437379257,10.743529318252072,0.9372656365883633,0.1929274662228644,0.3075658931020262,0.28432642487046633,2.629271070615034,0.759991847916825,0.2792616075706553
glass,P2_Full,,main,clean,0.0,22,0.2,42,0.4766355140186916,0.403336645333837,0.19931021519218708,-0.03971569141911602,1.0,0.09105610389670188,0.4312337517738342,0.5,0.017791899997973815,0.015481399997952394,0.15806660000089323,,B,0.05896271229659125,0.9194110633081483,3.016622310872747,10.731213637979607,0.9382503728413392,0.23377041944636723,0.32780319787044604,0.28541072187481026,2.625930653052542,0.7268181911324695,0.3206922285512295
glass,P2_Full,,main,clean,0.0,24,0.05,10,0.4158878504672897,0.2675780352167593,0.13915935966094103,-0.07174107895060698,1.0,0.0825680486441532,0.23881176114082336,0.75,0.02386339999793563,0.017169300001114607,0.05458309999812627,,B,0.04214203410049243,0.8683159974856224,3.7460126280742263,8.765543092902425,0.8992377923401934,0.23481815759051597,0.2634092130701079,0.2129319955406912,2.9240837696335076,0.6747155336209775,0.3696933024802471
glass,P2_Full,,main,clean,0.0,24,0.1,21,0.43457943925233644,0.3313862243814647,0.18316655101443574,-0.026676462707844163,1.0,0.08380434787202613,0.3770200285044583,0.5454545454545454,0.02191389999643434,0.008809899998595938,0.09649189999618102,,B,0.06135289554814489,0.8867698765831804,4.084153613098947,12.515990691821557,0.9099175055891171,0.20442995474557854,0.24112881599264344,0.2043852023568048,2.973180529300567,0.6814318232233502,0.3679237298743239
glass,P2_Full,,main,clean,0.0,24,0.15,32,0.5327102803738317,0.4401420785485191,0.25507371499651765,-0.025687585530890455,1.0,0.08941655728875259,0.4750958640467037,0.45454545454545453,0.022466700000222772,0.005547399996430613,0.13330889999633655,,B,0.07005305185467343,0.8969411084817048,3.430674979238393,13.520239007951972,0.9187557458796584,0.21167157026990724,0.28779766094377207,0.25971502590673573,2.712593516209476,0.7151245925404315,0.33205127823089997
glass,P2_Full,,main,clean,0.0,24,0.2,42,0.46261682242990654,0.4493587876217906,0.23968551574776747,-0.023881505989192135,1.0,0.09732488493945032,0.41426071524620056,0.4,0.03361080000468064,0.004403999999340158,0.18050829999992857,,B,0.06059268035142776,0.9241068412566082,2.3141463624954577,11.027867823959852,0.941177837246051,0.224934582669866,0.4289873531545435,0.41770384311820774,2.3485101744186045,0.7671422490356115,0.26441724097381336
glass,P2_Full,,main,clean,0.0,26,0.05,10,0.4439252336448598,0.310662632660504,0.16141734736183247,-0.03983518650824076,1.0,0.09476680156651218,0.0735069215297699,1.0,0.02298020000307588,0.0040242000031867065,0.038739399999030866,,B,0.035180491817207685,0.9042656749548426,3.451948879616971,7.317542297979198,0.9217185078716027,0.18230486200772547,0.28625998553026044,0.2679301374953549,2.6830790568654646,0.7505877725049016,0.2911641318690912
glass,P2_Full,,main,clean,0.0,26,0.1,21,0.43457943925233644,0.27983322718901377,0.1561206932458343,-0.02936289751058914,1.0,0.09534585199268589,0.38850529762831604,0.45454545454545453,0.020550299996102694,0.004116399999475107,0.07194380000146339,,B,0.026198266400588137,0.8963733235480259,3.3190912973685283,5.34444634571998,0.9153019791056912,0.18266199598167934,0.2978453487323,0.28653530377668307,2.622492836676218,0.7547017080439968,0.2861124118174775
glass,P2_Full,,main,clean,0.0,26,0.15,32,0.5093457943925234,0.4092074218657103,0.25103380765760086,-0.03454717923841243,1.0,0.0959735145309445,0.4181967892430045,0.5454545454545454,0.025350399999297224,0.004704500002844725,0.11063840000133496,,B,0.070027440329745,0.9082556056945215,2.7833890979597085,13.515295983640787,0.9292979366541572,0.22935821985560967,0.355937125657713,0.33068868739205526,2.505998041455851,0.7588450790743371,0.27482615792445925
glass,P2_Full,,main,clean,0.0,26,0.2,42,0.5420560747663551,0.4532140660607871,0.2708807305605365,-0.03116103567023575,1.0,0.09904814399738907,0.456207686662674,0.4,0.017812700003560167,0.00421930000447901,0.14244029999827035,,B,0.06810961870699447,0.9179037657391638,2.204820570014802,12.395950604672993,0.936810906585855,0.23030460552696488,0.4505325949293372,0.4444781737599417,2.3124573145745115,0.7789598792234879,0.2512055983923017
glass,P2_Full,,main,clean,0.0,25,0.05,10,0.4532710280373832,0.27675352713580165,0.1600643699395809,-0.04440897774255674,1.0,0.08114299061123136,0.336892768740654,0.5,0.023453599998902064,0.007827200002793688,0.04342739999992773,,B,0.009474663314359049,0.8554992336806337,3.4805505305962905,1.970729969386682,0.8916638309570518,0.2502727023363291,0.28386792704719954,0.2361111111111111,2.8088235294117645,0.6663496189335241,0.37432506046639186
glass,P2_Full,,main,clean,0.0,25,0.1,21,0.4766355140186916,0.344536362222039,0.19318572706505802,-0.036633253320673576,1.0,0.09325273839811128,0.37714924866502936,0.5454545454545454,0.04048990000592312,0.008958100006566383,0.11844120000023395,,B,0.008492572191823795,0.9094988004150002,3.370372554335391,1.732484727132054,0.9281805379655048,0.20642530304759665,0.2932385877158814,0.26224282816574906,2.703314917127072,0.7414912346736221,0.29864727546207487
glass,P2_Full,,main,clean,0.0,25,0.15,32,0.46261682242990654,0.3610837314209931,0.19149506128243143,-0.03816584585886585,1.0,0.09479585668828137,0.426236323334954,0.5454545454545454,0.02023660000122618,0.02032100000360515,0.1667202000026009,,B,0.06154905189789765,0.90584234407173,3.191580763597072,11.878967016294247,0.9250833036873806,0.20434832861927255,0.30974792433016163,0.2862694300518135,2.6233031674208145,0.7503343477701937,0.29042750798008166
glass,P2_Full,,main,clean,0.0,25,0.2,42,0.5093457943925234,0.4085131375633019,0.2237893285102268,-0.025243847414210634,1.0,0.0979125881577264,0.4029765248298645,0.4,0.018581099997390993,0.003613100001530256,0.1968027000039001,,B,0.056637074920781134,0.9362657669262126,3.2799486431413793,10.307947635582167,0.9486273622637261,0.19395534772030798,0.30104239611233335,0.27247890231315647,2.667502228163993,0.7707013786049214,0.2654202242109882
glass,P2_Full,,main,clean,0.0,27,0.05,10,0.4485981308411215,0.33139723737438803,0.1651853930139203,-0.05305606548567626,1.0,0.09497982926027299,0.18548757582902908,0.75,0.020946499993442558,0.005520700004126411,0.04113179999694694,,B,0.004807692307692308,0.9209666014920371,3.2226867823678873,0.8970204340578204,0.9358512765409002,0.18833398702149132,0.30696820681003595,0.2838628762541806,2.6307069219440353,0.7527454693587904,0.2850222684810327
glass,P2_Full,,main,clean,0.0,27,0.1,21,0.4392523364485981,0.35352263940872797,0.20442506846323505,-0.030746511300003106,1.0,0.09412917530741118,0.36137349768118426,0.5454545454545454,0.03975650000211317,0.016036700006225146,0.11691350000182865,,B,0.059340296685789995,0.8928701622231303,3.372437738558437,12.10542052390116,0.9126484310679269,0.18461960976727013,0.2930560002008638,0.2810296532406066,2.6395858394913216,0.7464669556437712,0.29702316086664476
glass,P2_Full,,main,clean,0.0,27,0.15,32,0.4485981308411215,0.3756327278479128,0.21574657875587744,-0.037786747501375735,1.0,0.09218458899720042,0.4205292978069999,0.45454545454545453,0.024219999999331776,0.011615600000368431,0.16277309999713907,,B,0.060226452120161464,0.9097926003370401,3.3157991978462547,11.623705259191162,0.9288551872638221,0.21131954804157072,0.2979488463855884,0.2673791018998273,2.685002018570852,0.7322603282553773,0.31426270587818006
glass,P2_Full,,main,clean,0.0,27,0.2,42,0.5280373831775701,0.41338906698418665,0.24215477760199716,-0.02413131678784993,1.0,0.0923050490412368,0.44842587411403656,0.4,0.019308199996885378,0.0037031000028946437,0.19509570000082022,,B,0.061276381968710485,0.9326459446167741,3.279634632035075,11.152301518305308,0.9476869126734737,0.22331198873060715,0.30107174862706104,0.25596502944569244,2.726695920303605,0.7342522803976684,0.314044828573514
glass,P2_Full,,main,clean,0.0,28,0.05,10,0.42990654205607476,0.34698620742769715,0.1760454313721437,-0.0749047912283748,1.0,0.09531668139597206,0.15694410353899002,0.75,0.04212620000180323,0.008781999997154344,0.06759569999849191,,B,0.0517619675540197,0.9137253909692757,3.465269452445458,10.766489251236097,0.928723391403037,0.17384025963444338,0.285141025624913,0.2710423634336678,2.6723650385604114,0.7535075363739637,0.2871329912096178
glass,P2_Full,,main,clean,0.0,28,0.1,21,0.4205607476635514,0.31036422476717473,0.16666233300816455,-0.032679060695489745,1.0,0.09455855029226107,0.3659643679857254,0.5454545454545454,0.021697699994547293,0.008089100003417116,0.1059361000006902,,B,0.05434400652658432,0.9145103237232144,3.4252028908396546,11.086177331423201,0.9300050542064626,0.18124680263242252,0.2884655943658983,0.2702598280691587,2.675035739814153,0.7478347887696157,0.29678078271915787
glass,P2_Full,,main,clean,0.0,28,0.15,32,0.4719626168224299,0.4246103196309877,0.2524685296360062,-0.05230530227573902,1.0,0.09331689898042252,0.36427012898705224,0.5454545454545454,0.021035400000982918,0.0042706999956863,0.14946239999699173,,B,0.05740284217988863,0.9053348083930067,2.9592115476980987,11.078748540718506,0.9269140441688299,0.22795322556796155,0.33447955890784875,0.30413428324697755,2.572005323868678,0.7408695925349926,0.3006063678197353
glass,P2_Full,,main,clean,0.0,28,0.2,42,0.5233644859813084,0.4511059440413699,0.27256348173453254,-0.03951863665449455,1.0,0.09414218815268563,0.3920690596103668,0.6,0.018260899996676017,0.01416369999788003,0.19028029999753926,,B,0.055114359301645856,0.9091499601377131,2.344056071257171,10.030813392899546,0.9310652572891241,0.24122495911538383,0.42344306009585664,0.40926476838079046,2.360851505711319,0.7475989797149275,0.2934243565208991
glass,P2_Full,,main,clean,0.0,29,0.05,10,0.4439252336448598,0.31595633538136425,0.15744934249582523,-0.07554196423766109,1.0,0.09631856080669597,0.17197971791028976,0.75,0.020593900000676513,0.00554040000133682,0.03531510000175331,,B,0.004807692307692308,0.9191752593530734,3.244711686510208,0.8204784787203812,0.9336152195049353,0.1786576738296149,0.3048517334539023,0.2883221850613155,2.6170855485741904,0.7611285313896078,0.27470894478212005
glass,P2_Full,,main,clean,0.0,29,0.1,21,0.5,0.42095001336299204,0.2572879063694492,-0.045640330238795476,1.0,0.09595018166482826,0.34743698076768353,0.5454545454545454,0.02226669999799924,0.004590200005623046,0.07326060000195866,,B,0.004901960784313725,0.9125118227294461,3.2967284337700384,0.7707359898506971,0.9285705774284312,0.1835534263026648,0.2998991535672496,0.2836375929682218,2.6314064362336116,0.7591629475741214,0.2754643143734641
glass,P2_Full,,main,clean,0.0,29,0.15,32,0.5186915887850467,0.44432791057373483,0.2713143703508603,-0.04016529553603914,1.0,0.09339444815598005,0.34490742737596686,0.5454545454545454,0.020373100000142585,0.008481199998641387,0.12661660000594566,,B,0.02942305341777715,0.9289775921993235,2.3005167907448523,5.67864930963099,0.9470025164150787,0.25379207455683644,0.4317405893510653,0.39826208981001726,2.377727334327145,0.7418043350626106,0.2951062467434102
glass,P2_Full,,main,clean,0.0,29,0.2,42,0.5514018691588785,0.50170098495223,0.299793212424527,-0.02448328554225158,1.0,0.0951470934645639,0.4948257714509964,0.5,0.03121120000287192,0.01612569999997504,0.18555120000382885,,B,0.057561779215917055,0.9187946608575485,2.261091590351818,10.476243817296904,0.936404388120621,0.2168543035351571,0.4391828475169,0.439196162953069,2.319221730716063,0.7531649690931154,0.2907103710100203
glass,P2_Full,,main,clean,0.0,0,0.05,10,0.4439252336448598,0.3347153125104542,0.18487132297126116,-0.06586755489436111,1.0,0.09524188781454057,0.0759042352437973,1.0,0.02247130000614561,0.004480699994019233,0.03777719999925466,,C,0.03417931556697263,0.8989601955313488,3.3689866152093755,7.411108125102321,0.9165024762656641,0.17361752456437013,0.2934281827519054,0.28567447045707917,2.625121951219512,0.7537479527321123,0.28751811616952144
glass,P2_Full,,main,clean,0.0,0,0.1,21,0.4485981308411215,0.3221294745839829,0.1745442732484674,-0.04113061288717641,1.0,0.09174033704795571,0.38343111222440546,0.45454545454545453,0.029908099997555837,0.00729979999596253,0.0868999000012991,,C,0.03309126462115847,0.9008558899966455,3.4773320733705853,7.022392903026283,0.9207347199153568,0.20050439625751632,0.28406731738155955,0.2578962619530571,2.71938202247191,0.7317737968853081,0.31127120167389194
glass,P2_Full,,main,clean,0.0,0,0.15,32,0.43457943925233644,0.34355492644864893,0.15885334418260702,-0.042977846986331704,1.0,0.09684501023480915,0.3271246715025468,0.5454545454545454,0.03875980000157142,0.010504199999559205,0.14816959999734536,,C,0.031666857788358906,0.9130074446894015,3.1642628483392916,6.273138512104072,0.9301821249720378,0.1974270122462282,0.3124670247238835,0.2902094127806563,2.6114469034777756,0.7636408234781594,0.272694028477619
glass,P2_Full,,main,clean,0.0,0,0.2,42,0.43457943925233644,0.36170713687868217,0.16015415779086106,-0.017398470360755845,1.0,0.0963463486272563,0.5205529883503914,0.3,0.018324299999221694,0.0030011000053491443,0.17636740000307327,,C,0.06940799514047226,0.911167801242034,3.2089760759793924,12.992102512470495,0.9290755002477586,0.2015901807689836,0.30782271007923534,0.2863214133932366,2.6231446140797288,0.7596560305385196,0.28265133328915176
glass,P2_Full,,main,clean,0.0,1,0.05,10,0.4439252336448598,0.33304104867397444,0.16313783952180727,-0.07249130085696623,1.0,0.09476655728805965,0.07929457724094391,1.0,0.02297980000003008,0.0053160000024945475,0.03780769999866607,,C,0.033945496227312986,0.8918838305388822,3.436202302643732,7.418807823677511,0.9114358792700646,0.18084296575281447,0.28759392483678625,0.27657004830917875,2.653930131004367,0.7497029360762771,0.2918705201888709
glass,P2_Full,,main,clean,0.0,1,0.1,21,0.4532710280373832,0.28664635511545666,0.16608152856462818,-0.026662936877548796,1.0,0.095089134586937,0.382564288648692,0.45454545454545453,0.03784849999647122,0.004322599997976795,0.08793899999727728,,C,0.02777780757521667,0.8910059552048227,3.342766385047419,5.959975038304254,0.9112279696377797,0.18553320478158664,0.2957009748910019,0.2845552013909012,2.628564154786151,0.7523779155337932,0.2885830954275128
glass,P2_Full,,main,clean,0.0,1,0.15,32,0.4719626168224299,0.32260034658316067,0.18823627964676767,-0.0351671276259799,1.0,0.09601132187048278,0.4021970710971139,0.45454545454545453,0.031967699993401766,0.009246100002201274,0.14333629999600817,,C,0.06919910244768789,0.8997064324836543,2.8024691987334593,13.910856160170745,0.922509142614147,0.22735964723536495,0.3534783326209703,0.33452072538860106,2.4973378509196515,0.7590513418013359,0.2741632541353141
glass,P2_Full,,main,clean,0.0,1,0.2,42,0.5327102803738317,0.4461797609123571,0.27158517667074106,-0.04041294535841243,1.0,0.09840466041045304,0.45269920229911803,0.5,0.019777100002102088,0.007585599996673409,0.18146979999437463,,C,0.06841443426308857,0.9104953809920795,2.5560174444678676,12.815580887923215,0.9325790363883918,0.24673201943195835,0.38787028652116645,0.3596624370105033,2.4450962187711007,0.7752881651587312,0.2549108659894235
glass,P2_Full,,main,clean,0.0,2,0.05,10,0.4392523364485981,0.3002952113688095,0.16370845152335625,-0.025197878846598992,1.0,0.08214666011120117,0.29383591562509537,0.5,0.022730199998477474,0.013638199998240452,0.04511310000088997,,C,0.014524166135508804,0.8644722016034474,3.5072755297406437,3.274917964279779,0.8976407547426137,0.24473616137492035,0.2816680780994678,0.23323114083983648,2.821898028281219,0.6732561538173337,0.3622004591615149
glass,P2_Full,,main,clean,0.0,2,0.1,21,0.4252336448598131,0.3036951640864892,0.16634112786872,-0.042584432191074204,1.0,0.09590708813217667,0.33256449753587897,0.5454545454545454,0.020944200005033053,0.0037396000043372624,0.07857589999912307,,C,0.005141873008435008,0.8984007084781824,3.2744063037603186,1.094153724807469,0.9175985880036144,0.18895682477578502,0.30197719413280005,0.28668018931710615,2.6220518867924527,0.7583978252781783,0.27744403658999817
glass,P2_Full,,main,clean,0.0,2,0.15,32,0.4252336448598131,0.32949180755441515,0.17939000588421034,-0.04398200229251961,1.0,0.0961354507181852,0.3939734561876817,0.5454545454545454,0.02153820000239648,0.003367899997101631,0.11300789999950211,,C,0.029477434244015666,0.8951932192678241,3.2355972081349935,5.955621915436317,0.9160348088841362,0.19885726353499006,0.3054633197407951,0.28977763385146804,2.6127304898491337,0.7590870873113548,0.27587986920007557
glass,P2_Full,,main,clean,0.0,2,0.2,42,0.46261682242990654,0.3536734229458893,0.19376309488507065,-0.056419618562564014,1.0,0.09487668813352922,0.3615424185991287,0.5,0.019540699999197386,0.007141499998397194,0.1525201000040397,,C,0.057245178248783266,0.9073600557647379,3.0731030937799244,10.760378755922474,0.9278862616803699,0.22156971363783434,0.32167693747337245,0.292817679558011,2.6037735849056602,0.7521205284347977,0.28334960952850263
glass,P2_Full,,main,clean,0.0,3,0.05,10,0.37383177570093457,0.2520552796302607,0.12874257299163455,-0.055585764112450656,1.0,0.09266514723685139,0.331414632499218,0.5,0.021685200001229532,0.007706600001256447,0.03741409999929601,,C,0.004587121630523888,0.8941296690069476,3.0979101973039778,0.9307194282706884,0.917836783009165,0.22392594582303893,0.3195267470924165,0.28808992939427724,2.617784585617543,0.7399543433197523,0.29309712548265854
glass,P2_Full,,main,clean,0.0,3,0.1,21,0.397196261682243,0.26942808142253377,0.12490028169781121,-0.04387269123477163,1.0,0.09381427154083938,0.34418655796484515,0.5454545454545454,0.020412500001839362,0.003003799996804446,0.07017790000099922,,C,0.004705237728902731,0.8995155039580891,3.068092212305081,0.8620539165770359,0.9213520046219363,0.21731213793160223,0.3226149297808463,0.29440741813966964,2.5991633858267718,0.7470105778175937,0.2857404858184266
glass,P2_Full,,main,clean,0.0,3,0.15,32,0.5093457943925234,0.3961557389789017,0.20592358843968667,-0.040422978201488734,1.0,0.09355876206575771,0.40582851659167896,0.45454545454545453,0.02215520000027027,0.005077199995866977,0.10911589999886928,,C,0.05065497838390128,0.9085896868625181,2.881574561093129,10.083436215687621,0.9292844748237175,0.2263944543114546,0.343631619276467,0.3176273747841105,2.537085811384877,0.7442087368005658,0.28817809404761485
glass,P2_Full,,main,clean,0.0,3,0.2,42,0.5327102803738317,0.42171991936025754,0.226346435440246,-0.017174519425485563,1.0,0.09375132194183929,0.4811252564191818,0.5,0.018128099996829405,0.007020400000328664,0.1496936999974423,,C,0.05588072855620437,0.9188891786789595,2.8255220950034605,10.372112666360024,0.9381870260806708,0.23791951662441607,0.35034737272788136,0.31558496751866916,2.542179684494036,0.7444418014883856,0.2948928572650763
glass,P2_Full,,main,clean,0.0,5,0.05,10,0.45794392523364486,0.33061915490779115,0.18089616174298773,-0.052246876362435954,1.0,0.09464245390781909,0.17048779129981995,0.75,0.023467599996365607,0.005672399995091837,0.03802870000072289,,C,0.05807681509364569,0.9175656271300391,3.2899168195733077,12.337464206521684,0.9325269373281386,0.18149358910876648,0.30059653606491643,0.2816796729840208,2.637532981530343,0.7488743376402762,0.29589054526530056
glass,P2_Full,,main,clean,0.0,5,0.1,21,0.43457943925233644,0.3553774604740163,0.18396304900471996,-0.025365874940085773,1.0,0.09576233421776974,0.36837098544294183,0.5454545454545454,0.02418990000296617,0.004219000002194662,0.0736931999999797,,C,0.057667782069078743,0.9151115635479644,3.2974764129304996,12.047204646412919,0.9317103991879448,0.19553706410129695,0.2998300088896348,0.2726262918960688,2.667006200177148,0.7575251832635097,0.2798701307310323
glass,P2_Full,,main,clean,0.0,5,0.15,32,0.4719626168224299,0.4045553240345776,0.20581753250291723,-0.03260425082132535,1.0,0.09741707835076654,0.39638480273160065,0.45454545454545453,0.026104399999894667,0.0031061000045156106,0.11114509999606526,,C,0.05598959869528474,0.912434506797112,3.2508023583040426,11.098387330954768,0.9283403137112122,0.18164469053176552,0.30401019875169777,0.2914507772020725,2.6077777777777778,0.7662007337574097,0.27358908734977777
glass,P2_Full,,main,clean,0.0,5,0.2,42,0.5747663551401869,0.5127425203204378,0.2873104511476322,-0.01875642213999293,1.0,0.09694610578591065,0.45340518057346346,0.3,0.022320299998682458,0.003919399998267181,0.15248399999836693,,C,0.054468052140860895,0.9161679513102446,3.197160263212624,10.139932220329428,0.9328898113124806,0.19946858347837884,0.3089807553245034,0.2872321049116629,2.6203762418093426,0.7635199339376544,0.2785346751481581
glass,P2_Full,,main,clean,0.0,4,0.05,10,0.46261682242990654,0.29938048948984286,0.16381006202876575,-0.0850573257817221,1.0,0.08251430337604139,0.07818332314491272,1.0,0.022794500000600237,0.008106799999950454,0.043631799999275245,,C,0.04940500070324013,0.8668043946120094,3.765656528741331,11.109897580964377,0.8973578217239875,0.22938765151431087,0.2620099132542624,0.21599777034559645,2.9074193548387095,0.6746419671530258,0.36496932704783036
glass,P2_Full,,main,clean,0.0,4,0.1,21,0.514018691588785,0.33447801933205235,0.2090351418172859,-0.028365675894008277,1.0,0.09220087179402807,0.37304668670350855,0.45454545454545453,0.024701200003619306,0.007630100000824314,0.08403700000053504,,C,0.028907476606718358,0.8988783969676886,3.3375458030468685,6.148034873777504,0.919539653828955,0.20432089921146265,0.296171215131103,0.26929392446633826,2.6783536585365852,0.735055027676071,0.30879908005702617
glass,P2_Full,,main,clean,0.0,4,0.15,32,0.5700934579439252,0.40275452658855965,0.25110611335785854,-0.03856099183229967,1.0,0.09527463934989217,0.3377120088447224,0.5454545454545454,0.03828040000371402,0.003302199998870492,0.15216959999816027,,C,0.031287479338516395,0.9256355816739359,3.1192313400841276,6.113427401228073,0.9415482959333811,0.21398290496501932,0.3170532188688904,0.27952288428324695,2.6443811546630624,0.7521472070028983,0.28673145132902833
glass,P2_Full,,main,clean,0.0,4,0.2,42,0.5841121495327103,0.3892995264146807,0.24585006707649865,-0.03235013919407852,1.0,0.09511951945819203,0.41619732081890104,0.5,0.021007399998779874,0.00794280000263825,0.19021970000176225,,C,0.05805784809589491,0.9379646278917664,3.083931132004207,10.557054826169875,0.9508798264322531,0.20819087726198307,0.32052809418252604,0.2883249347337745,2.6170772794272477,0.750010446608839,0.2959342277614537
glass,P2_Full,,main,clean,0.0,6,0.05,10,0.4252336448598131,0.3141262047568887,0.15952499852736673,-0.06878060085522694,1.0,0.0930516055284791,0.17082343250513077,0.75,0.029690500006836373,0.006767699996998999,0.04900330000236863,,C,0.05270593427824555,0.91272070536688,3.4181525738288303,11.255942435366709,0.929126530216661,0.18796926486107995,0.2891380891172487,0.26662950575994054,2.687630662020906,0.738573157861669,0.30752693925992985
glass,P2_Full,,main,clean,0.0,6,0.1,21,0.4392523364485981,0.3082387937114461,0.1604460376243867,-0.03739936166167462,1.0,0.09205850481106806,0.361579030752182,0.5454545454545454,0.036585900001227856,0.010748699998657685,0.11314390000188723,,C,0.042473852956644166,0.9014434211824353,3.405071124877777,9.007624388141958,0.9211749070445389,0.20020465501981272,0.29020021102385024,0.26489906307350525,2.6937556973564267,0.7339043843725578,0.3115060573886666
glass,P2_Full,,main,clean,0.0,6,0.15,32,0.4672897196261682,0.32579388952607385,0.1699235491303861,-0.042886626653776065,1.0,0.0941094184508077,0.3783410706303336,0.45454545454545453,0.039129199998569675,0.009505400004854891,0.18382220000057714,,C,0.031184525443664655,0.9256802043710666,3.085718501405121,6.0930169608969695,0.9415215718346337,0.21315138624250882,0.3205531814890975,0.28945379965457685,2.6136956927093045,0.7446272399761532,0.2988970760862583
glass,P2_Full,,main,clean,0.0,6,0.2,42,0.5654205607476636,0.47434918697808887,0.2814354037780787,-0.02153665271220346,1.0,0.09331636075718248,0.48595881164073945,0.3,0.03602560000581434,0.014215700000931975,0.2593974999981583,,C,0.07698912009221161,0.9347113555022264,2.917168430793902,14.048182492890916,0.9501638402925283,0.23667951615734445,0.3391672207808953,0.2965818711675065,2.592937563971341,0.7394838224659892,0.30640923179938667
glass,P2_Full,,main,clean,0.0,7,0.05,10,0.45794392523364486,0.3282048292005057,0.1711099501974932,-0.0503400789380198,1.0,0.09479196493611619,0.2924436405301094,0.5,0.033071099998778664,0.004349899994849693,0.04932310000003781,,C,0.004643090615848969,0.9050392402706279,2.87038360861037,0.6257381666319574,0.9254731196629474,0.21518234953631296,0.34523759382563474,0.3246934225195095,2.5199570815450643,0.7518724549574082,0.27974808396286494
glass,P2_Full,,main,clean,0.0,7,0.1,21,0.4532710280373832,0.31397232696394606,0.15794778677337948,-0.049239425786499605,1.0,0.09609955905353659,0.3478482013398951,0.5454545454545454,0.03107119999913266,0.006510200000775512,0.10386220000509638,,C,0.014932177452466862,0.9134614126930289,3.197850516749926,3.1250719348452325,0.930002967615703,0.1911465790861313,0.30932438679751695,0.28846711098232397,2.6166499246609742,0.7596573386013938,0.27486464265274607
glass,P2_Full,,main,clean,0.0,7,0.15,32,0.46261682242990654,0.3331886067244817,0.1635548822378019,-0.032506480689612656,1.0,0.09717772114940207,0.3730862221934579,0.5454545454545454,0.03786769999715034,0.008056699996814132,0.16070089999993797,,C,0.055359063398514465,0.9239758353936609,3.2110729807861085,10.836333052911616,0.9383593758117289,0.18919695458078942,0.3078360413501865,0.28470423143350604,2.6281042654028437,0.7658838956127916,0.27193650077312903
glass,P2_Full,,main,clean,0.0,7,0.2,42,0.4672897196261682,0.33903422774102054,0.16541607219520174,-0.047875907492074904,1.0,0.09803918072588674,0.39599249958992006,0.4,0.032284100001561455,0.003391600002942141,0.213393800004269,,C,0.05677973142014889,0.9400752135548468,3.1641766750431755,10.301466033022535,0.951999547180902,0.19898833743811517,0.31225918280190057,0.28146439196162953,2.638211820534944,0.7708255384788668,0.2648456368696981
glass,P2_Full,,main,clean,0.0,8,0.05,10,0.4439252336448598,0.2768979656181424,0.13665532826776677,-0.0628549514581828,1.0,0.09413253224901667,0.22974590957164764,0.75,0.03535530000226572,0.010692299998481758,0.06395799999882001,,C,0.04615070283088728,0.890496701257425,3.182743092113189,10.101974183113871,0.9128158749369676,0.20382192989465425,0.3108813117316813,0.29199182460052026,2.606188355074769,0.7483279428814564,0.2906076435442298
glass,P2_Full,,main,clean,0.0,8,0.1,21,0.45794392523364486,0.3477629129976673,0.1841408176625763,-0.040208797835212445,1.0,0.09360447225518286,0.42014212093570014,0.45454545454545453,0.03280049999739276,0.008989599999040365,0.11469309999665711,,C,0.02590918233653382,0.9076558374913055,3.3513013444998765,5.457070754282102,0.9262605347403308,0.20147128679924525,0.29493534992857,0.26615473775717186,2.6893032117583013,0.7437965093005674,0.2979966438359891
glass,P2_Full,,main,clean,0.0,8,0.15,32,0.46261682242990654,0.38357597385448006,0.19577046697519784,-0.03431147732951747,1.0,0.09756651183903745,0.35906112600456586,0.5454545454545454,0.020723300003737677,0.004148699998040684,0.14771379999729106,,C,0.030927256084955144,0.9159589381756218,3.2511515386273695,6.106883139597624,0.9326593849410091,0.19871770302339198,0.30397698804905,0.27790371329879104,2.649592153816275,0.7680336859230538,0.2668912727504147
glass,P2_Full,,main,clean,0.0,8,0.2,42,0.4719626168224299,0.4031409622314069,0.2045404728406053,-0.02658473517865741,1.0,0.09896794818268656,0.4097183167934418,0.5,0.02166610000131186,0.0037111999990884215,0.19346170000062557,,C,0.05115035579413554,0.9320521589704529,3.249885815084079,9.360019320414168,0.9449550625615648,0.1898942393990279,0.3038782738290822,0.2795215833889867,2.644385317115552,0.777651382672078,0.2577002598042103
glass,P2_Full,,main,clean,0.0,9,0.05,10,0.4252336448598131,0.30007876139326495,0.14825398346758345,-0.04690408315743796,1.0,0.09328189793575031,0.2023942843079567,0.75,0.02253259999997681,0.004741099997772835,0.03956579999794485,,C,0.05085052395672597,0.8944425612513295,3.143087616072774,11.081619284329129,0.9158534683523221,0.2028365537740208,0.3148645665072682,0.29570791527313267,2.5954288407163055,0.7429746180654497,0.2972336182749425
glass,P2_Full,,main,clean,0.0,9,0.1,21,0.4766355140186916,0.3727453034913416,0.21050061118221644,-0.04207503149960596,1.0,0.09413070932364447,0.3964418443766507,0.5454545454545454,0.03051920000143582,0.006809999998949934,0.09778730000107316,,C,0.04840173976524982,0.9009148671910052,3.190861094531143,10.27080067415158,0.919798625378123,0.19058114625046482,0.3100127368472833,0.2966772916062977,2.5926664496174507,0.7469859825682925,0.29466610640474433
glass,P2_Full,,main,clean,0.0,9,0.15,32,0.48598130841121495,0.3533061579034501,0.202771355870126,-0.05022430763788999,1.0,0.09678657930700399,0.33088455958799884,0.5454545454545454,0.03500239999993937,0.0070903000014368445,0.155908200002159,,C,0.032685302987599335,0.9149467873260804,3.1051255037493677,6.461166053640126,0.9319346988928693,0.19973274415768133,0.31851717538429086,0.29603842832469773,2.5944849589790335,0.7623219668413083,0.2763018028500423
glass,P2_Full,,main,clean,0.0,9,0.2,42,0.5373831775700935,0.3707371066918154,0.2098747571117728,-0.03733592869683431,1.0,0.09667690248297214,0.47010165005922316,0.6,0.035434899997198954,0.012293899999349378,0.2110460999974748,,C,0.06776069154531457,0.905826838890375,2.5862076514392465,12.758539082780018,0.9282954915195724,0.23858870578892638,0.3832779712269513,0.36203023495841175,2.4405500586952877,0.7637398602207168,0.2718303171441383
glass,P2_Full,,main,clean,0.0,10,0.05,10,0.48598130841121495,0.3251535149242279,0.17515817937100595,-0.08016851874807158,1.0,0.09421755604392651,0.23717041313648224,0.75,0.03021440000156872,0.01636549999966519,0.07208969999919645,,C,0.004739806058061033,0.9238911812694229,2.5345961438461933,0.8095442251258835,0.9414986627597104,0.2313461407490422,0.3916152458720647,0.3643162393162393,2.436217008797654,0.749635020553946,0.2807186319421412
glass,P2_Full,,main,clean,0.0,10,0.1,21,0.4439252336448598,0.3007465966447002,0.1623166405396002,-0.05097994387528257,1.0,0.095440343850268,0.34134901653636585,0.5454545454545454,0.022415999999793712,0.011827000002085697,0.1156083999958355,,C,0.0048633980389587595,0.9297515216054681,2.5634248783385867,0.5408087086607363,0.9452784814434089,0.22102912679101339,0.3870986850440597,0.3628416883994977,2.4390057234127513,0.7553968482660616,0.2743912344256179
glass,P2_Full,,main,clean,0.0,10,0.15,32,0.43457943925233644,0.32611326548816216,0.16179906148119236,-0.04873888236988637,1.0,0.09372483894467205,0.45153263346715405,0.36363636363636365,0.025674099997559097,0.004867499999818392,0.15688650000083726,,C,0.0646063933388428,0.9079204676488254,2.808508396713752,12.870099796672235,0.9284044804616611,0.2224600004994968,0.35270704071701026,0.3283678756476684,2.5113412228796843,0.7436668475580334,0.2957112794996061
glass,P2_Full,,main,clean,0.0,10,0.2,42,0.5233644859813084,0.3887593402522101,0.22354949609579117,-0.049580010146052386,1.0,0.0972989080121886,0.36491734981536866,0.7,0.020471900003030896,0.0047297999990405515,0.19576669999514706,,C,0.048932047698099765,0.9035535626570118,2.7665761085462153,9.236507575812288,0.9243625029870611,0.21575644371442604,0.3579297558247403,0.34381640458988527,2.477132262051916,0.7676221195088431,0.26531427022602333
glass,P2_Full,,main,clean,0.0,12,0.05,10,0.45794392523364486,0.2984762672357733,0.15872377596841875,-0.0794892738926803,1.0,0.09384799561042592,0.07075434923171997,1.0,0.03009089999977732,0.007919200004835147,0.047141900002316106,,C,0.03981088889762637,0.902930180290357,3.45478549708384,8.594249451987112,0.9215923852014539,0.19225548133209358,0.2860209797969837,0.2612876254180602,2.7068,0.7448346588282893,0.29687238203237587
glass,P2_Full,,main,clean,0.0,12,0.1,21,0.397196261682243,0.2694971624171844,0.13672602401492456,-0.03820144554296905,1.0,0.09306962622090358,0.36830873922868207,0.5454545454545454,0.02166900000156602,0.005311599998094607,0.08617509999749018,,C,0.02173150440520172,0.8908289558584707,3.4593558816859984,4.663613487215283,0.9122963750418821,0.19664022957938349,0.28556904238316366,0.26567178595576163,2.6910107253226685,0.7400388232287423,0.3010968366980621
glass,P2_Full,,main,clean,0.0,12,0.15,32,0.514018691588785,0.4193158627067869,0.25469522411518286,-0.026563626607769144,1.0,0.09319485284943962,0.40413213724439795,0.45454545454545453,0.020078699999430683,0.007381600000371691,0.12205309999990277,,C,0.05102808463425526,0.9133804978347815,2.9439131204621964,10.104428537280544,0.9334308669383845,0.231476383521102,0.336244791198927,0.30359455958549225,2.5734666666666666,0.7411629691637359,0.29748985148859514
glass,P2_Full,,main,clean,0.0,12,0.2,42,0.5233644859813084,0.4650787296471415,0.2806997031562951,-0.023517083860014935,1.0,0.09362607939910046,0.5072940945625305,0.3,0.01777310000034049,0.004114800001843832,0.15154640000400832,,C,0.061852984517541364,0.9197654591737368,2.339391116537415,11.469694934628293,0.9399849906618264,0.25200532438856016,0.4242984604254945,0.39791148078440897,2.3782804394263044,0.7434644241430013,0.2992591694469491
glass,P2_Full,,main,clean,0.0,11,0.05,10,0.38317757009345793,0.23586308680025156,0.12088914289464078,-0.06732468169635547,1.0,0.08448059679680378,0.22156938910484314,0.75,0.028717799999867566,0.012740899997879751,0.056171800002630334,,C,0.0466406001432667,0.8736833464365668,3.647770915151893,10.405676557057886,0.9014416022746913,0.21975135546307917,0.27063345235252506,0.23123374210330733,2.831157091201286,0.686812217714182,0.3583390885464792
glass,P2_Full,,main,clean,0.0,11,0.1,21,0.4672897196261682,0.34057738618259575,0.1966670336151891,-0.030835562756390177,1.0,0.08440475892489284,0.40737834166396747,0.5454545454545454,0.02371560000028694,0.011214900005143136,0.1091288000025088,,C,0.046127071794352256,0.8843176017853479,3.7330484726117317,9.971826162652679,0.9099115491494058,0.22124322938540344,0.26427106807463024,0.22172317202743166,2.877532128076672,0.6862791898918637,0.3577945491406569
glass,P2_Full,,main,clean,0.0,11,0.15,32,0.4392523364485981,0.35336053958101094,0.18317849216956317,-0.03963831985383227,1.0,0.09665465671622955,0.38514595004645263,0.45454545454545453,0.022415999999793712,0.01186030000098981,0.15320639999845298,,C,0.061397339358967976,0.9180694044531428,3.227857658669238,12.09562352984623,0.9342463695095345,0.19744718012137397,0.3062082282469424,0.28270725388601037,2.634306987399771,0.7622754101660244,0.27571151795162985
glass,P2_Full,,main,clean,0.0,11,0.2,42,0.49065420560747663,0.3841272370431118,0.20351888292018633,-0.028466689047466825,1.0,0.09593720222844382,0.4311044752597809,0.4,0.0257800999970641,0.0036000999971292913,0.19195469999976922,,C,0.059606163436274416,0.9288109414506863,3.305891030260598,10.945412903957404,0.9429936943894082,0.19922658380005448,0.2986366645222491,0.26944326391840207,2.677839116719243,0.7581028512571086,0.2831336843259625
glass,P2_Full,,main,clean,0.0,13,0.05,10,0.4672897196261682,0.31996919789640066,0.17955153626586012,-0.0672079571633728,1.0,0.09436230925262004,0.2124132215976715,0.75,0.024252100003650412,0.005343800003174692,0.04328450000321027,,C,0.00819105135079554,0.8978531710941683,3.270660439241332,1.778257207914054,0.9194176865551693,0.2111129213896708,0.30239477447154434,0.2721571906354515,2.6685867895545314,0.7494197418455171,0.2860373551832227
glass,P2_Full,,main,clean,0.0,13,0.1,21,0.4532710280373832,0.33019049193358063,0.19443753991350005,-0.03240412062257613,1.0,0.09462674838126614,0.40399938550862396,0.45454545454545453,0.02179039999464294,0.007153700003982522,0.08241280000220286,,C,0.006868633844169272,0.9083256134923114,3.4034129266615922,1.4456257887071513,0.926493480618279,0.19817822423544468,0.29034400137398425,0.26359509320969765,2.698424331256871,0.7504349354671217,0.2855976091528165
glass,P2_Full,,main,clean,0.0,13,0.15,32,0.4532710280373832,0.3373941200216971,0.19644739339533723,-0.040285676732729696,1.0,0.093643904566826,0.36144890974868427,0.5454545454545454,0.019901200001186226,0.005558999997447245,0.12301170000137063,,C,0.03243247214124484,0.926641686839032,3.3373766986705253,6.330273058018399,0.9417088672547974,0.20539158776325572,0.2959888116379752,0.2606325561312608,2.7092048043073103,0.7430640147491536,0.3006152134624642
glass,P2_Full,,main,clean,0.0,13,0.2,42,0.4719626168224299,0.36401690569555695,0.18110862866985813,-0.032864808112971045,1.0,0.09411501996802844,0.40786539316177367,0.5,0.021831700003531296,0.010900699999183416,0.16410029999678954,,C,0.056566196001475895,0.9370186374660672,3.140031530252811,10.296201846154176,0.9501572398083604,0.20861095749102682,0.3147027702936022,0.2816465302653148,2.637637421858159,0.7449365593145444,0.3000607620530195
glass,P2_Full,,main,clean,0.0,15,0.05,10,0.40654205607476634,0.2618988921352973,0.13363537849377463,-0.057160105098943356,1.0,0.09348566962631097,0.21734072268009186,0.75,0.022270100002060644,0.004020000000309665,0.0398124999992433,,C,0.047792737322036344,0.8840878662145661,3.1438371865694275,10.537236445203956,0.9082509974133364,0.20846075738281916,0.3147883429979753,0.2953363062058714,2.5964926077382824,0.7443815444901909,0.2944340849198092
glass,P2_Full,,main,clean,0.0,15,0.1,21,0.4252336448598131,0.2790459903720482,0.1397411891811698,-0.0332347193248387,1.0,0.08251808323163504,0.4087629643353549,0.5454545454545454,0.023060699997586198,0.008759700001974124,0.08028580000245711,,C,0.05855132352379586,0.8912051310390287,3.955437290762237,12.559898238932405,0.9153337806417667,0.22178113575736655,0.24913584091282814,0.2019704433497537,2.9878048780487805,0.6724256563655687,0.37744423061707255
glass,P2_Full,,main,clean,0.0,15,0.15,32,0.49065420560747663,0.3229119876322691,0.1892258050611133,-0.04276800838473912,1.0,0.09434988626605717,0.37634980136697943,0.6363636363636364,0.019535999999789055,0.00417330000345828,0.11370820000593085,,C,0.06891486693943041,0.9047449125341823,2.8644055467783063,13.776566607139713,0.9263671860180347,0.22699337178826795,0.3457225376335677,0.3227547495682211,2.524581939799331,0.7482850441994735,0.290219973089155
glass,P2_Full,,main,clean,0.0,15,0.2,42,0.5,0.36332147913311663,0.197724995188987,-0.02941765817172722,1.0,0.09569234422826903,0.4277257740497589,0.5,0.01769330000388436,0.005447900002764072,0.1453280000059749,,C,0.06542967325686241,0.915703440524895,2.6623558868788813,12.186758601335086,0.9373478376724009,0.256764893873255,0.3721575008868212,0.3308845850282314,2.5055504587155966,0.7578015898024728,0.275906712407327
glass,P2_Full,,main,clean,0.0,16,0.05,10,0.4485981308411215,0.28011992162459376,0.149012758943623,-0.04325177282069943,1.0,0.09481060712172794,0.2945597469806671,0.75,0.02508980000129668,0.008367399997950997,0.045334800001000986,,C,0.008193995883286955,0.9014192414927171,3.303642971405003,1.7718590340488976,0.9199189835944628,0.18766078068245887,0.299327529806484,0.2845596432552954,2.6285504407443683,0.751424191271776,0.2877395162737204
glass,P2_Full,,main,clean,0.0,16,0.1,21,0.4672897196261682,0.3167540072090837,0.16767218409278684,-0.047726228724422365,1.0,0.09502728162031894,0.3643883615732193,0.5454545454545454,0.025180000004183967,0.006706699998176191,0.08501390000310494,,C,0.007273452398650941,0.9017340493255696,3.3252808416362227,1.542017187751918,0.9208899204893995,0.19493905093633287,0.29728178209657663,0.27677967738819664,2.6532455068923397,0.7521909373072468,0.2865369310191037
glass,P2_Full,,main,clean,0.0,16,0.15,32,0.42990654205607476,0.34875036995339653,0.17254589045211352,-0.01816289645217492,1.0,0.09030096756718023,0.49495709484273737,0.36363636363636365,0.019540499997674488,0.003489499998977408,0.11714719999872614,,C,0.09104693057028476,0.8980433366543379,3.310523118571186,18.336744699721834,0.9189373305680971,0.20493014608493676,0.2984319970103433,0.27757987910189985,2.6506416488430875,0.7198521626139094,0.3331572801757077
glass,P2_Full,,main,clean,0.0,16,0.2,42,0.4392523364485981,0.35613205789491215,0.16935542095337763,-0.034476282714699054,1.0,0.098163645182842,0.42552849650382996,0.5,0.020481599996855948,0.004157899995334446,0.15160240000113845,,C,0.06062288784588185,0.9353824011076667,3.3041070412416578,11.053905033382861,0.9475485990483394,0.18827994461608286,0.29880089068572074,0.27138607249104485,2.6711968680089484,0.7709278413778515,0.2684656436414931
glass,P2_Full,,main,clean,0.0,14,0.05,10,0.42990654205607476,0.21831301336973236,0.12101904217636299,-0.03509786448957319,1.0,0.09495062168081916,0.30947327613830566,0.5,0.032233699996140786,0.005348599996068515,0.04659990000072867,,C,0.004631825533302534,0.8980252312519831,2.905665882063157,1.005365327731451,0.9205687001361684,0.22106908562735786,0.340986859756981,0.3171683389074693,2.538224956063269,0.753324980722074,0.2737605262045786
glass,P2_Full,,main,clean,0.0,14,0.1,21,0.4252336448598131,0.2459559613857462,0.14158922084378417,-0.06343118739168675,1.0,0.0944165984930073,0.26596976952119306,0.6363636363636364,0.023384199994325172,0.003337699999974575,0.08108070000162115,,C,0.0046993938006222365,0.8983983013011365,2.937197642399766,0.9392875897514937,0.9211139360703843,0.22357534431165862,0.3372116129242526,0.3111658456486043,2.5534300791556728,0.7506410677321509,0.27756007637381075
glass,P2_Full,,main,clean,0.0,14,0.15,32,0.49065420560747663,0.3659120071488148,0.20564940109061794,-0.028153558021153945,1.0,0.09355862823599029,0.44376741485162213,0.36363636363636365,0.01984190000075614,0.003488499998638872,0.12705989999813028,,C,0.10532157396019974,0.905641171623909,2.8291148251259455,21.033686996663974,0.9283243912058238,0.24039318813397076,0.35010009190479174,0.31849093264248707,2.5349517031011692,0.742995833241507,0.29527405748333385
glass,P2_Full,,main,clean,0.0,14,0.2,42,0.514018691588785,0.41396542894722854,0.2326288154588889,-0.029590221082821895,1.0,0.0952027528626093,0.4707270383834839,0.4,0.020148199997493066,0.0126419000007445,0.17072039999766275,,C,0.06093872348236117,0.9203428947321916,2.731121888729348,11.293069262997136,0.9405772921958505,0.2540187393909244,0.36264796337259153,0.316859935644466,2.538992144088906,0.7538581304710388,0.28056487937653035
glass,P2_Full,,main,clean,0.0,17,0.05,10,0.4532710280373832,0.3368053526239366,0.18954493134397626,-0.07338611287152938,1.0,0.09449465907562604,0.20138700306415558,0.75,0.027298299995891284,0.008554100000765175,0.0472719999961555,,C,0.004596838632610517,0.8960237238324494,3.0915203251210537,0.8270459473600216,0.9183105525057558,0.21434532467187642,0.3201971628758251,0.29426793013749536,2.59956590370955,0.7511394621665927,0.2792944848911721
glass,P2_Full,,main,clean,0.0,17,0.1,21,0.48130841121495327,0.30979652558960186,0.18262428839234404,-0.04554686567337828,1.0,0.0906656940310781,0.3793928785757585,0.5454545454545454,0.02068429999781074,0.006474800000432879,0.08562089999759337,,C,0.06107899594953253,0.9359528947550676,3.2640525531516027,12.475701638791577,0.9495841615586199,0.21283189539047687,0.30295070794834283,0.25963488843813387,2.712890625,0.7227936755512432,0.33061943371203983
glass,P2_Full,,main,clean,0.0,17,0.15,32,0.5046728971962616,0.3781104016825173,0.20594635170703432,-0.041677630336341906,1.0,0.09558096830473282,0.3656839579343796,0.45454545454545453,0.020085600001038983,0.006800099996326026,0.12071629999991274,,C,0.0583264360865504,0.8990459633743689,3.0567778993163692,11.733775351529186,0.9194895098360251,0.20250350699167388,0.323637388025141,0.3086139896373057,2.5600734522560336,0.753490596873386,0.28750384775475607
glass,P2_Full,,main,clean,0.0,17,0.2,42,0.5373831775700935,0.45516080663788683,0.25847394389478395,-0.026384846219364787,1.0,0.09612658105973909,0.5001340121030807,0.4,0.018209200003184378,0.003991099998529535,0.1513959000003524,,C,0.055968657577584194,0.9239236458527048,2.858780285382476,10.331826660243863,0.9409131487218294,0.22332172801328443,0.3462072621395787,0.31576710582235445,2.541722745625841,0.7586702673002964,0.28540041077241224
glass,P2_Full,,main,clean,0.0,18,0.05,10,0.4252336448598131,0.2801711880055975,0.15723562859712897,-0.0615577286654283,1.0,0.09637135172303163,0.06271210312843323,1.0,0.021031500000390224,0.003548900000168942,0.03382160000182921,,C,0.004602583356279936,0.8971434952897603,3.1442044265827485,0.8427570348296787,0.9175470329742073,0.19836895820955996,0.3147510117797415,0.29714790040877,2.5913318743160856,0.7618508759615931,0.2675817879618206
glass,P2_Full,,main,clean,0.0,18,0.1,21,0.46261682242990654,0.36355001327074865,0.22029156733553515,-0.043935456704471236,1.0,0.0940929897693537,0.3681663613427769,0.5454545454545454,0.020554100003209896,0.004178600000159349,0.0709220999997342,,C,0.0048223971270760935,0.9219132447659516,3.1163115956359677,0.8291807932514623,0.9383542349462357,0.2105477443774652,0.31754681435313326,0.28846711098232397,2.6166499246609742,0.7482402075031389,0.2826333583187859
glass,P2_Full,,main,clean,0.0,18,0.15,32,0.49065420560747663,0.4355340342413276,0.2527546194918764,-0.04226733546738234,1.0,0.09634350932802156,0.38315813920714636,0.45454545454545453,0.019480299997667316,0.0069518999953288585,0.10541999999986729,,C,0.01480434858238862,0.9323329834245981,2.1125824792357575,2.871920924024801,0.9480479839002595,0.2322401854107156,0.4706113533361192,0.4581714162348877,2.295647308281305,0.76051778319285,0.27748673930767703
glass,P2_Full,,main,clean,0.0,18,0.2,42,0.5420560747663551,0.48047974482227374,0.28898228793263353,-0.036563335971701014,1.0,0.09867706386513983,0.37121935486793517,0.5,0.02307909999944968,0.0038186000019777566,0.15068600000086008,,C,0.04179138228601156,0.9394807939270924,2.1274302521731965,7.5869484448331885,0.9537503517402447,0.2357856082243002,0.4671227658645937,0.4439317588488859,2.313149617067834,0.7754870332238761,0.26171434136239713
glass,P2_Full,,main,clean,0.0,19,0.05,10,0.4766355140186916,0.30738191693468925,0.17942681627743798,-0.0851631582137074,1.0,0.09509087420523041,0.06188483536243439,1.0,0.02461040000343928,0.006614899997657631,0.04047779999382328,,C,0.004626460689700047,0.901797706350053,3.204744847968714,0.837592888400225,0.9221792575558394,0.20754659029084088,0.30871383078517195,0.2807506503158677,2.6404698874917276,0.7542100315243383,0.2757951457651382
glass,P2_Full,,main,clean,0.0,19,0.1,21,0.48598130841121495,0.3420008993818367,0.19330255449174788,-0.0422185398055752,1.0,0.0943169546538863,0.3864300684495406,0.45454545454545453,0.02339429999847198,0.004264099996362347,0.07586299999820767,,C,0.004832072512856844,0.9237629195364953,3.4114067689777436,0.8320130167271025,0.938728896304478,0.19630836696516768,0.2896521042013968,0.25823432821404424,2.71811296053862,0.748340170199539,0.2895425040792521
glass,P2_Full,,main,clean,0.0,19,0.15,32,0.48598130841121495,0.3705545891231532,0.2026211910034162,-0.04618405746376917,1.0,0.09590533262587403,0.3550083203749223,0.5454545454545454,0.02556689999619266,0.00345730000117328,0.11627149999549147,,C,0.027827025252300186,0.9135076275145564,3.3062071640415227,5.509457385471697,0.9306178409552768,0.19782337966969227,0.2988283720086762,0.2754749568221071,2.657523510971787,0.7575606237768082,0.27833642646451123
glass,P2_Full,,main,clean,0.0,19,0.2,42,0.48130841121495327,0.4002253543852471,0.21117869198412265,-0.02933272432403606,1.0,0.09744741555944023,0.39296060502529145,0.5,0.03612010000506416,0.006887800002004951,0.1739702999984729,,C,0.056197415936332755,0.9193529730424618,3.2916706202776482,10.42563135684297,0.9349309030410533,0.19316186332316387,0.2999506786219019,0.2790965940137211,2.645747226452034,0.7671844465419528,0.2681533354985641
glass,P2_Full,,main,clean,0.0,20,0.05,10,0.411214953271028,0.27391369599090215,0.14261077431096353,-0.057101098758400276,1.0,0.08662481043727899,0.16613732278347015,0.75,0.030730500002391636,0.005889700005354825,0.058460699998249765,,C,0.0580082722519873,0.8927270874551977,3.8707745324638982,12.665766225410891,0.914259988947129,0.20073009095318625,0.2547633595620585,0.21938870308435526,2.8895299597713318,0.6992877372081359,0.3456145087306458
glass,P2_Full,,main,clean,0.0,20,0.1,21,0.3878504672897196,0.3074030046583411,0.16042525685126546,-0.03747960462066347,1.0,0.08654051206158588,0.40255041284994647,0.5454545454545454,0.022540500001923647,0.008421299993642606,0.09707789999811212,,C,0.05867912234316277,0.8969358540947857,3.8855139065183333,12.506889336618244,0.9183398468760278,0.20767641931391723,0.25370791856566133,0.21206413599922727,2.928888635846049,0.6991788666660483,0.345763546071469
glass,P2_Full,,main,clean,0.0,20,0.15,32,0.4439252336448598,0.3751828121797671,0.20084546370505132,-0.03032607111223896,1.0,0.09213647860895445,0.3854988217353821,0.45454545454545453,0.02684160000353586,0.004895599995506927,0.13861829999950714,,C,0.0463832064510258,0.8923073788361839,3.2781751237737025,9.401572676836988,0.9145542914351386,0.20657787282486012,0.3014282237082497,0.27946891191709844,2.6445538818076475,0.7329065210063285,0.3146379789335362
glass,P2_Full,,main,clean,0.0,20,0.2,42,0.46261682242990654,0.4066789488635168,0.22529669617988948,-0.028801092027367536,1.0,0.09491409725237299,0.42541823983192445,0.5,0.0335655000017141,0.00541009999869857,0.18487540000205627,,C,0.058385026319170516,0.9215042246673705,3.1168223512196676,10.806186354121778,0.9381983643156478,0.2126756449953537,0.31708732084186575,0.2880820836621942,2.617808219178082,0.7519641369655369,0.28795700642183686
glass,P2_Full,,main,clean,0.0,21,0.05,10,0.42990654205607476,0.31260205308512434,0.16412941196648495,-0.0838817954088715,1.0,0.08179463132107571,0.18510587513446808,0.75,0.022244100000534672,0.008716100004676264,0.04234230000292882,,C,0.05814260252321446,0.8832357447550446,4.127907902520642,12.83151927276701,0.9081960345047171,0.21376653066736254,0.23859285552442705,0.19328316610925306,3.0434390771449173,0.6683659280893435,0.376101983795522
glass,P2_Full,,main,clean,0.0,21,0.1,21,0.4532710280373832,0.3481086186988399,0.1877087313630738,-0.04131495559762794,1.0,0.08848223075001216,0.39927949146790936,0.5454545454545454,0.02202699999907054,0.0056274999951710925,0.07848670000385027,,C,0.05714542576365632,0.9021083095137178,3.7422506807868645,12.110159746879518,0.9205364396741066,0.18825019844734486,0.2636091112285643,0.2398821597604559,2.7921783772901145,0.7105166942724983,0.34331590356245856
glass,P2_Full,,main,clean,0.0,21,0.15,32,0.4485981308411215,0.3732766444073419,0.19950621199704274,-0.0417175125232135,1.0,0.0943007041363515,0.41120173172517255,0.45454545454545453,0.023208200000226498,0.0039109999997890554,0.11378750000585569,,C,0.0608156010761927,0.9170328014657531,3.386159527140939,11.99456099413517,0.9343001491604169,0.20812258337897557,0.29164960418447416,0.25804188255613125,2.7188349717632296,0.7466041867292534,0.2958385985889356
glass,P2_Full,,main,clean,0.0,21,0.2,42,0.4485981308411215,0.38784295148592673,0.19937784117322693,-0.041377475241844916,1.0,0.09702628576243655,0.4131260454654694,0.4,0.018612300002132542,0.00415659999998752,0.14411420000396902,,C,0.05602442776239917,0.9393107233833387,3.4312383583428634,10.17270503414177,0.9510045317229037,0.19268327110616165,0.28752527246548604,0.25590431667779734,2.726927639383155,0.7649349169918825,0.27500203555448527
glass,P2_Full,,main,clean,0.0,23,0.05,10,0.4392523364485981,0.36176142412250967,0.18136151290299965,-0.045190005203322184,1.0,0.09573446054355492,0.19992654770612717,0.75,0.027379300001484808,0.004294899998058099,0.041998400003649294,,C,0.004662079786410324,0.9087406421858857,3.1969425041221844,0.5698289113403746,0.9277248266281471,0.2080245236979454,0.3094790569151888,0.27759197324414714,2.6506024096385543,0.7583855774572824,0.27219962449916113
glass,P2_Full,,main,clean,0.0,23,0.1,21,0.4672897196261682,0.36186973240778725,0.204025024910016,-0.03370737690176061,1.0,0.09324700609977699,0.40913681956854736,0.45454545454545453,0.02296320000459673,0.005719900000258349,0.08469280000281287,,C,0.02842479345255211,0.9085766563893403,3.4280459372454297,5.980848830987947,0.9259306444224673,0.1898200978847552,0.28822227025611974,0.26446440645223607,2.6953067932797663,0.7407632794376265,0.3031561708283543
glass,P2_Full,,main,clean,0.0,23,0.15,32,0.514018691588785,0.4141296559773808,0.2295357185924774,-0.050759890903906285,1.0,0.09775019703131174,0.34916844964027405,0.5454545454545454,0.022516199998790398,0.008151699999871198,0.12535780000325758,,C,0.05191342390424827,0.9202381487620512,3.341024500139646,10.203135735684517,0.9350938659596096,0.1862509077583998,0.295659958201589,0.27326208981001726,2.6648726051747973,0.7679799637388337,0.2680345858315587
glass,P2_Full,,main,clean,0.0,23,0.2,42,0.5467289719626168,0.4806793928597342,0.29021200894241034,-0.023618701290923815,1.0,0.09651671714033722,0.4596459835767746,0.5,0.018847100000130013,0.004536399996140972,0.16689920000499114,,C,0.05262570182704589,0.9376673972355134,3.040537536484908,9.572323953893132,0.9497397881874401,0.1936769911171564,0.3251814194328824,0.30168174367069395,2.5786878647615215,0.7609501159114116,0.2819388436181012
glass,P2_Full,,main,clean,0.0,25,0.05,10,0.4532710280373832,0.27675352713580165,0.1600643699395809,-0.04440897774255674,1.0,0.08114299061123136,0.336892768740654,0.5,0.02356560000043828,0.0075597999966703355,0.03967370000464143,,C,0.00864941023642332,0.8554992336806337,3.4805505305962905,1.970729969386682,0.8916638309570518,0.2502727023363291,0.28386792704719954,0.2361111111111111,2.8088235294117645,0.6663496189335241,0.37432506046639186
glass,P2_Full,,main,clean,0.0,25,0.1,21,0.4766355140186916,0.344536362222039,0.19318572706505802,-0.036633253320673576,1.0,0.09325273839811128,0.37714924866502936,0.5454545454545454,0.021152999994228594,0.0036596000063582323,0.07645559999946272,,C,0.008242224942202918,0.9094988004150002,3.370372554335391,1.732484727132054,0.9281805379655048,0.20642530304759665,0.2932385877158814,0.26224282816574906,2.703314917127072,0.7414912346736221,0.29864727546207487
glass,P2_Full,,main,clean,0.0,25,0.15,32,0.46261682242990654,0.3610837314209931,0.19149506128243143,-0.03816584585886585,1.0,0.09479585668828137,0.426236323334954,0.5454545454545454,0.019937600001867395,0.007561600003100466,0.11203930000192486,,C,0.059494534460562735,0.90584234407173,3.191580763597072,11.878967016294247,0.9250833036873806,0.20434832861927255,0.30974792433016163,0.2862694300518135,2.6233031674208145,0.7503343477701937,0.29042750798008166
glass,P2_Full,,main,clean,0.0,25,0.2,42,0.5093457943925234,0.4085131375633019,0.2237893285102268,-0.025243847414210634,1.0,0.0979125881577264,0.4029765248298645,0.4,0.02845299999898998,0.0036229999968782067,0.15176520000386517,,C,0.05658522472976917,0.9362657669262126,3.2799486431413793,10.307947635582167,0.9486273622637261,0.19395534772030798,0.30104239611233335,0.27247890231315647,2.667502228163993,0.7707013786049214,0.2654202242109882
glass,P2_Full,,main,clean,0.0,24,0.05,10,0.4158878504672897,0.2675780352167593,0.13915935966094103,-0.07174107895060698,1.0,0.0825680486441532,0.23881176114082336,0.75,0.02955849999852944,0.009952199994586408,0.05381049999414245,,C,0.039047783032462736,0.8683159974856224,3.7460126280742263,8.765543092902425,0.8992377923401934,0.23481815759051597,0.2634092130701079,0.2129319955406912,2.9240837696335076,0.6747155336209775,0.3696933024802471
glass,P2_Full,,main,clean,0.0,24,0.1,21,0.43457943925233644,0.3313862243814647,0.18316655101443574,-0.026676462707844163,1.0,0.08380434787202613,0.3770200285044583,0.5454545454545454,0.021629300004860852,0.009014499999466352,0.09419749999506166,,C,0.058056263447800155,0.8867698765831804,4.084153613098947,12.515990691821557,0.9099175055891171,0.20442995474557854,0.24112881599264344,0.2043852023568048,2.973180529300567,0.6814318232233502,0.3679237298743239
glass,P2_Full,,main,clean,0.0,24,0.15,32,0.5327102803738317,0.4401420785485191,0.25507371499651765,-0.025687585530890455,1.0,0.08941655728875259,0.4750958640467037,0.45454545454545453,0.01973369999905117,0.005424399998446461,0.1279140999977244,,C,0.06704927311481035,0.8969411084817048,3.430674979238393,13.520239007951972,0.9187557458796584,0.21167157026990724,0.28779766094377207,0.25971502590673573,2.712593516209476,0.7151245925404315,0.33205127823089997
glass,P2_Full,,main,clean,0.0,24,0.2,42,0.46261682242990654,0.4493587876217906,0.23968551574776747,-0.023881505989192135,1.0,0.09732488493945032,0.41426071524620056,0.4,0.02113919999828795,0.004291800003557,0.1707215999995242,,C,0.059751035282990875,0.9241068412566082,2.3141463624954577,11.027867823959852,0.941177837246051,0.224934582669866,0.4289873531545435,0.41770384311820774,2.3485101744186045,0.7671422490356115,0.26441724097381336
glass,P2_Full,,main,clean,0.0,22,0.05,10,0.4485981308411215,0.33115337338433337,0.1607534293751712,-0.06699976715301528,1.0,0.09560605738934483,0.06518025696277618,1.0,0.041865899998811074,0.021056900004623458,0.08215420000487939,,C,0.004627322343241328,0.9019656613461748,3.122800356634304,0.5640440395851041,0.9219799319898734,0.20415571644107386,0.316941466882657,0.29264214046822745,2.604285714285714,0.7582124027748782,0.2705774042043525
glass,P2_Full,,main,clean,0.0,22,0.1,21,0.4439252336448598,0.3372638162052661,0.17632444208321668,-0.045287630744406726,1.0,0.09588389948591529,0.3447183831171556,0.5454545454545454,0.02405249999719672,0.004810500002349727,0.11981250000098953,,C,0.00480607182048532,0.9187922831416184,3.2216681543869647,0.5435589323105594,0.934108669090943,0.18860751837211345,0.307001148008608,0.28407224958949095,2.6300578034682083,0.7585373305101948,0.276357648834457
glass,P2_Full,,main,clean,0.0,22,0.15,32,0.4532710280373832,0.3735801822312441,0.19148514034291242,-0.031109288594943288,1.0,0.09633385882096218,0.3651861412958665,0.45454545454545453,0.020337599999038503,0.004731900000479072,0.16355490000569262,,C,0.0547835879537324,0.9222692375392368,3.213846437379257,10.743529318252072,0.9372656365883633,0.1929274662228644,0.3075658931020262,0.28432642487046633,2.629271070615034,0.759991847916825,0.2792616075706553
glass,P2_Full,,main,clean,0.0,22,0.2,42,0.4766355140186916,0.403336645333837,0.19931021519218708,-0.03971569141911602,1.0,0.09105610389670188,0.4312337517738342,0.5,0.031746900000143796,0.014485499996226281,0.2281527000013739,,C,0.057848255040837626,0.9194110633081483,3.016622310872747,10.731213637979607,0.9382503728413392,0.23377041944636723,0.32780319787044604,0.28541072187481026,2.625930653052542,0.7268181911324695,0.3206922285512295
glass,P2_Full,,main,clean,0.0,27,0.05,10,0.4485981308411215,0.33139723737438803,0.1651853930139203,-0.05305606548567626,1.0,0.09497982926027299,0.18548757582902908,0.75,0.022899100003996864,0.00569299999915529,0.040297799998370465,,C,0.00472480219047666,0.9209666014920371,3.2226867823678873,0.8970204340578204,0.9358512765409002,0.18833398702149132,0.30696820681003595,0.2838628762541806,2.6307069219440353,0.7527454693587904,0.2850222684810327
glass,P2_Full,,main,clean,0.0,27,0.1,21,0.4392523364485981,0.35352263940872797,0.20442506846323505,-0.030746511300003106,1.0,0.09412917530741118,0.36137349768118426,0.5454545454545454,0.02790899999672547,0.006452500005252659,0.08351279999624239,,C,0.056538086812331245,0.8928701622231303,3.372437738558437,12.10542052390116,0.9126484310679269,0.18461960976727013,0.2930560002008638,0.2810296532406066,2.6395858394913216,0.7464669556437712,0.29702316086664476
glass,P2_Full,,main,clean,0.0,27,0.15,32,0.4485981308411215,0.3756327278479128,0.21574657875587744,-0.037786747501375735,1.0,0.09218458899720042,0.4205292978069999,0.45454545454545453,0.01998219999950379,0.004601100001309533,0.11655780000000959,,C,0.05846995576601475,0.9097926003370401,3.3157991978462547,11.623705259191162,0.9288551872638221,0.21131954804157072,0.2979488463855884,0.2673791018998273,2.685002018570852,0.7322603282553773,0.31426270587818006
glass,P2_Full,,main,clean,0.0,27,0.2,42,0.5280373831775701,0.41338906698418665,0.24215477760199716,-0.02413131678784993,1.0,0.0923050490412368,0.44842587411403656,0.4,0.018719800005783327,0.003632400002970826,0.15326849999837577,,C,0.06098359264761664,0.9326459446167741,3.279634632035075,11.152301518305308,0.9476869126734737,0.22331198873060715,0.30107174862706104,0.25596502944569244,2.726695920303605,0.7342522803976684,0.314044828573514
glass,P2_Full,,main,clean,0.0,26,0.05,10,0.4439252336448598,0.310662632660504,0.16141734736183247,-0.03983518650824076,1.0,0.09476680156651218,0.0735069215297699,1.0,0.043246799999906216,0.011167200005729683,0.07103099999949336,,C,0.03394697161584071,0.9042656749548426,3.451948879616971,7.317542297979198,0.9217185078716027,0.18230486200772547,0.28625998553026044,0.2679301374953549,2.6830790568654646,0.7505877725049016,0.2911641318690912
glass,P2_Full,,main,clean,0.0,26,0.1,21,0.43457943925233644,0.27983322718901377,0.1561206932458343,-0.02936289751058914,1.0,0.09534585199268589,0.38850529762831604,0.45454545454545453,0.02168600000004517,0.00416889999905834,0.1056384999974398,,C,0.025059047667622958,0.8963733235480259,3.3190912973685283,5.34444634571998,0.9153019791056912,0.18266199598167934,0.2978453487323,0.28653530377668307,2.622492836676218,0.7547017080439968,0.2861124118174775
glass,P2_Full,,main,clean,0.0,26,0.15,32,0.5093457943925234,0.4092074218657103,0.25103380765760086,-0.03454717923841243,1.0,0.0959735145309445,0.4181967892430045,0.5454545454545454,0.019802299997536466,0.004821399998036213,0.13889149999886286,,C,0.06787024611991582,0.9082556056945215,2.7833890979597085,13.515295983640787,0.9292979366541572,0.22935821985560967,0.355937125657713,0.33068868739205526,2.505998041455851,0.7588450790743371,0.27482615792445925
glass,P2_Full,,main,clean,0.0,26,0.2,42,0.5420560747663551,0.4532140660607871,0.2708807305605365,-0.03116103567023575,1.0,0.09904814399738907,0.456207686662674,0.4,0.01792379999824334,0.005126600000949111,0.17089289999421453,,C,0.06671272576949276,0.9179037657391638,2.204820570014802,12.395950604672993,0.936810906585855,0.23030460552696488,0.4505325949293372,0.4444781737599417,2.3124573145745115,0.7789598792234879,0.2512055983923017
glass,P2_Full,,main,clean,0.0,28,0.05,10,0.42990654205607476,0.34698620742769715,0.1760454313721437,-0.0749047912283748,1.0,0.09531668139597206,0.15694410353899002,0.75,0.03560229999857256,0.007088599995768163,0.05919310000172118,,C,0.05046956419264205,0.9137253909692757,3.465269452445458,10.766489251236097,0.928723391403037,0.17384025963444338,0.285141025624913,0.2710423634336678,2.6723650385604114,0.7535075363739637,0.2871329912096178
glass,P2_Full,,main,clean,0.0,28,0.1,21,0.4205607476635514,0.31036422476717473,0.16666233300816455,-0.032679060695489745,1.0,0.09455855029226107,0.3659643679857254,0.5454545454545454,0.0213616999972146,0.004851400000916328,0.09398409999994328,,C,0.05303265271083809,0.9145103237232144,3.4252028908396546,11.086177331423201,0.9300050542064626,0.18124680263242252,0.2884655943658983,0.2702598280691587,2.675035739814153,0.7478347887696157,0.29678078271915787
glass,P2_Full,,main,clean,0.0,28,0.15,32,0.4719626168224299,0.4246103196309877,0.2524685296360062,-0.05230530227573902,1.0,0.09331689898042252,0.36427012898705224,0.5454545454545454,0.020375500003865454,0.00433109999721637,0.13725890000205254,,C,0.055455637166752066,0.9053348083930067,2.9592115476980987,11.078748540718506,0.9269140441688299,0.22795322556796155,0.33447955890784875,0.30413428324697755,2.572005323868678,0.7408695925349926,0.3006063678197353
glass,P2_Full,,main,clean,0.0,28,0.2,42,0.5233644859813084,0.4511059440413699,0.27256348173453254,-0.03951863665449455,1.0,0.09414218815268563,0.3920690596103668,0.6,0.019067099994572345,0.014247500002966262,0.18020300000353018,,C,0.053469161324436486,0.9091499601377131,2.344056071257171,10.030813392899546,0.9310652572891241,0.24122495911538383,0.42344306009585664,0.40926476838079046,2.360851505711319,0.7475989797149275,0.2934243565208991
glass,P2_Full,,main,clean,0.0,29,0.05,10,0.4439252336448598,0.31595633538136425,0.15744934249582523,-0.07554196423766109,1.0,0.09631856080669597,0.17197971791028976,0.75,0.043455099999846425,0.014401799999177456,0.07771950000460492,,C,0.0047156121316315755,0.9191752593530734,3.244711686510208,0.8204784787203812,0.9336152195049353,0.1786576738296149,0.3048517334539023,0.2883221850613155,2.6170855485741904,0.7611285313896078,0.27470894478212005
glass,P2_Full,,main,clean,0.0,29,0.1,21,0.5,0.42095001336299204,0.2572879063694492,-0.045640330238795476,1.0,0.09595018166482826,0.34743698076768353,0.5454545454545454,0.02254920000268612,0.0063563000003341585,0.11867510000593029,,C,0.004773219624879795,0.9125118227294461,3.2967284337700384,0.7707359898506971,0.9285705774284312,0.1835534263026648,0.2998991535672496,0.2836375929682218,2.6314064362336116,0.7591629475741214,0.2754643143734641
glass,P2_Full,,main,clean,0.0,29,0.15,32,0.5186915887850467,0.44432791057373483,0.2713143703508603,-0.04016529553603914,1.0,0.09339444815598005,0.34490742737596686,0.5454545454545454,0.020545300001685973,0.006657699996139854,0.1649087000041618,,C,0.02916728892853033,0.9289775921993235,2.3005167907448523,5.67864930963099,0.9470025164150787,0.25379207455683644,0.4317405893510653,0.39826208981001726,2.377727334327145,0.7418043350626106,0.2951062467434102
glass,P2_Full,,main,clean,0.0,29,0.2,42,0.5514018691588785,0.50170098495223,0.299793212424527,-0.02448328554225158,1.0,0.0951470934645639,0.4948257714509964,0.5,0.01770329999999376,0.007604299993545283,0.19845940000232076,,C,0.05643593923398388,0.9187946608575485,2.261091590351818,10.476243817296904,0.936404388120621,0.2168543035351571,0.4391828475169,0.439196162953069,2.319221730716063,0.7531649690931154,0.2907103710100203
ecoli,P2_Full,,main,clean,0.0,0,0.05,16,0.5089285714285714,0.5507349039075434,0.3809603658058611,-0.0880852838393442,1.0,0.06814300390224537,0.16402260959148407,0.875,0.048811699998623226,0.02158939999935683,0.08778660000098171,,B,0.003048780487804878,0.925709060980678,4.740767538146267,0.010175476334555027,0.9366670422828542,0.1475009125853993,0.2085232688516485,0.17658685761169537,3.1657338965153117,0.6897460891791283,0.3028880849328274
ecoli,P2_Full,,main,clean,0.0,0,0.1,33,0.6398809523809523,0.6255608951223266,0.5042195871223931,-0.054170752343694055,1.0,0.06663728127946361,0.42096349772285013,0.47058823529411764,0.05172139999922365,0.011653999994450714,0.17185959999915212,,B,0.02096500551305285,0.9216159038503673,4.482711575101857,6.708801764176911,0.9342626101915238,0.1613427590848833,0.22064377604597638,0.18503134796238244,3.101122405760271,0.6764934679458499,0.32365082980768145
ecoli,P2_Full,,main,clean,0.0,0,0.15,50,0.8511904761904762,0.7556915007835154,0.7923398957939278,-0.056074189070634,1.0,0.06865690186609393,0.3345605345333324,0.5882352941176471,0.0461392000070191,0.015346000000135973,0.24628939999820432,,B,0.005767397921073351,0.9238139641024036,4.481497495797859,1.7475215700852254,0.9360620052713076,0.16076490953495642,0.22056731338655236,0.17900465543243066,3.1466117216117215,0.6960731677340617,0.2887462891029792
ecoli,P2_Full,,main,clean,0.0,0,0.2,67,0.7023809523809523,0.7269361594677455,0.5689388604025902,-0.0633159575447013,1.0,0.07902350503713164,0.36463840393459096,0.47058823529411764,0.04397320000134641,0.007226800000353251,0.3335002999956487,,B,0.004558088873902301,0.9559499989940349,3.4315732827825336,1.3036134179360581,0.9605755736271964,0.10500736725375023,0.2889252486300153,0.28386701018279964,2.6306940962918146,0.7821201170256875,0.22629969682016185
ecoli,P2_Full,,main,clean,0.0,2,0.05,16,0.625,0.6204629747979363,0.45808727088591683,-0.08416143962047501,1.0,0.067348781219126,0.18986468762159348,0.75,0.05031569999846397,0.018630799997481517,0.08766929999546846,,B,0.003048780487804878,0.9248762002766157,4.728936879051846,0.008825870322601528,0.9360671890114745,0.14896728834358114,0.20905259439704468,0.17544939210859997,3.1749123179934107,0.6832949974284366,0.3063254273346313
ecoli,P2_Full,,main,clean,0.0,2,0.1,33,0.6369047619047619,0.5917796999558381,0.43745537972022513,-0.05890318406896251,1.0,0.06751112313145152,0.35912130860721364,0.6470588235294118,0.0471560000005411,0.021853400001418777,0.17301210000005085,,B,0.011743312944066941,0.9277448789394128,4.77764968989202,3.7578601421014213,0.9384809466564075,0.14858556126412434,0.20682927843231097,0.17468652037617555,3.181135038133692,0.684541446262539,0.3064674864365542
ecoli,P2_Full,,main,clean,0.0,2,0.15,50,0.6130952380952381,0.6468725521183196,0.5093177464934092,-0.05892369148694258,1.0,0.06749893665811327,0.30013365254682656,0.7647058823529411,0.04439819999970496,0.013094800000544637,0.248273799996241,,B,0.012457911778917901,0.9293640857132598,4.668938717806649,3.774747269012124,0.9404698419844065,0.15722534893600873,0.21157938795194153,0.17703757130679956,3.1621296296296295,0.6849379117965274,0.306744685350278
ecoli,P2_Full,,main,clean,0.0,2,0.2,67,0.7023809523809523,0.7155964945806287,0.5727528933600345,-0.05328541238347122,1.0,0.0663141139106642,0.400510195423575,0.5294117647058824,0.040302499997778796,0.013025000000197906,0.32286739999835845,,B,0.04400738243196455,0.9169903176095272,4.597209350059094,12.586111375541861,0.9312914869802306,0.17228314768669392,0.21477773527849417,0.16555023923444975,3.260115606936416,0.6758715442388356,0.3139915413891192
ecoli,P2_Full,,main,clean,0.0,1,0.05,16,0.5982142857142857,0.624941875865315,0.49472265610701954,-0.0715009662905444,1.0,0.06414538630775203,0.24257970973849297,0.875,0.04555560000153491,0.03900850000354694,0.1116699000049266,,B,0.010881309186589713,0.9203895671989613,5.060389270530956,3.569069413201426,0.9323955370241613,0.15080900081532356,0.19515947383351162,0.15825688073394495,3.329710144927536,0.6557664047821943,0.33955418034620477
ecoli,P2_Full,,main,clean,0.0,1,0.1,33,0.5744047619047619,0.597670795739519,0.4849585263703901,-0.054988249933041224,1.0,0.0634433485787593,0.42484888785025654,0.5294117647058824,0.055045099994458724,0.028522699998575263,0.21745440000086091,,B,0.013286216353429258,0.9161636836352637,4.913462475043645,4.251589233097363,0.9295790287695097,0.1600183037131728,0.20102567132070104,0.1586010971786834,3.326281655342804,0.6493909822175782,0.343845280466096
ecoli,P2_Full,,main,clean,0.0,1,0.15,50,0.6726190476190477,0.6834858745722497,0.5517109329453218,-0.037804880784572184,1.0,0.06274674007117997,0.43703678250312805,0.47058823529411764,0.04551219999848399,0.017588899994734675,0.3035795000032522,,B,0.06268274849499039,0.9047378185801274,4.540189266572734,18.992872793982087,0.9224764879263058,0.1862089349811793,0.21767319839749377,0.16492907568902584,3.265803074476544,0.6456380842056533,0.3452885339013485
ecoli,P2_Full,,main,clean,0.0,1,0.2,67,0.6934523809523809,0.7101060183222044,0.5692079101247149,-0.04422595994547552,1.0,0.070685085170214,0.37287144450580373,0.5882352941176471,0.04180659999838099,0.01649600000382634,0.3855598000009195,,B,0.010054541868888411,0.9333237751912364,4.357415976647995,2.8755989745020853,0.9441094772344447,0.1617623384368729,0.22679028083625727,0.18380566801619433,3.110132158590308,0.7125068019312737,0.2739127874183919
ecoli,P2_Full,,main,clean,0.0,3,0.05,16,0.4880952380952381,0.5885264605715316,0.3732042911045918,-0.05637703966212752,1.0,0.06465670724795729,0.24038661271333694,0.75,0.04790040000079898,0.009822300002269913,0.0894860999978846,,B,0.010793480213579426,0.9170009129639234,5.197739015343144,3.5402615100540515,0.9289733491703638,0.1442478060178712,0.18992159373814763,0.1586857611695383,3.3254406580493536,0.6589506402921776,0.3394566398601806
ecoli,P2_Full,,main,clean,0.0,3,0.1,33,0.6517857142857143,0.6714778236860262,0.5174450115004082,-0.042450730537225784,1.0,0.06446874545474864,0.46645525974385876,0.47058823529411764,0.052830300002824515,0.022436300001572818,0.18980220000230474,,B,0.010842360008225782,0.9226706481269072,4.871462494518774,3.4695552026322503,0.9340199821641495,0.14676618596090052,0.2027858687298102,0.17421630094043888,3.1849977507872245,0.656986715503655,0.34804738460671036
ecoli,P2_Full,,main,clean,0.0,3,0.15,50,0.6845238095238095,0.6894316043596395,0.5519909207130672,-0.058511878691655896,1.0,0.06986548442600449,0.2944459021091461,0.8235294117647058,0.0454466000010143,0.02632429999357555,0.2887799000018276,,B,0.010131300840642501,0.9338676056845173,4.416344241245748,3.069784154714678,0.9440465922524015,0.1539183130029377,0.223870139609247,0.1848403383384696,3.102518623625399,0.7061993097192045,0.2801401628296721
ecoli,P2_Full,,main,clean,0.0,3,0.2,67,0.8214285714285714,0.7549704107140106,0.7722584579427598,-0.07902446590525662,1.0,0.07200512988179825,0.32538870853536267,0.5882352941176471,0.05460790000506677,0.020505500004219357,0.3736888999992516,,B,0.008867424982546245,0.9341072444137591,4.283658997830921,2.5360835450082257,0.9442482028579291,0.15390096155407276,0.23075562036609873,0.19190283400809716,3.0527426160337554,0.7237117551707393,0.2658863215390995
ecoli,P2_Full,,main,clean,0.0,5,0.05,16,0.7351190476190477,0.6419855197757137,0.6028356399564837,-0.08403822570089597,1.0,0.07135740898866222,0.15378034859895706,0.875,0.057618899998487905,0.028584700005012564,0.10616049999953248,,B,0.003048780487804878,0.9376450713336781,4.472532023083698,0.009832047511469875,0.9455297400064262,0.1264482029149781,0.22121264440559144,0.2023196837472962,2.985668202764977,0.7157094023697772,0.2836309157173269
ecoli,P2_Full,,main,clean,0.0,5,0.1,33,0.7738095238095238,0.677715610768076,0.670131191219328,-0.061120735892425164,1.0,0.07206787832530656,0.3278106047826655,0.5882352941176471,0.05404180000186898,0.014190599998983089,0.1890540999957011,,B,0.009138150220462864,0.935756421822215,4.3761140497291064,2.924208070548117,0.9438839217106513,0.12651069755088337,0.2260947861809663,0.20760188087774295,2.9542280105700263,0.7231250885348125,0.2739295346196058
ecoli,P2_Full,,main,clean,0.0,5,0.15,50,0.7619047619047619,0.7254173585483369,0.7194738113333483,-0.06203652916617791,1.0,0.07513462126471653,0.3329799473285675,0.6470588235294118,0.04743790000065928,0.010771000001113862,0.26004299999476643,,B,0.007982909302728814,0.9504993197681058,4.065882759916599,2.4188215187268307,0.956461342860313,0.12044325581541956,0.2434521920036145,0.22518741940419207,2.860186353489275,0.7497509681397017,0.251032090280081
ecoli,P2_Full,,main,clean,0.0,5,0.2,67,0.7857142857142857,0.7453663251089165,0.7401870291319332,-0.08404385610333681,1.0,0.0814760488147198,0.23179689225028544,0.8823529411764706,0.06498740000097314,0.013727600002312101,0.3614109999980428,,B,0.004057520805972208,0.9637524999788742,3.186698568112693,1.1604509505080514,0.9676881040418106,0.10857587587123475,0.3113966860169394,0.30477242056189424,2.5702841961194753,0.8032760225096818,0.20445304934801117
ecoli,P2_Full,,main,clean,0.0,4,0.05,16,0.6636904761904762,0.646082265297132,0.5150284363554801,-0.07836397808595101,1.0,0.06812393559566975,0.22589007392525673,0.875,0.05360579999978654,0.027676700003212318,0.12756610000360524,,B,0.003048780487804878,0.9250437180809284,4.81663283495805,0.010028352210913711,0.9360326549206702,0.14660461482876416,0.2051907159668035,0.1720183486238532,3.203333333333333,0.690518045561009,0.2997081134760458
ecoli,P2_Full,,main,clean,0.0,4,0.1,33,0.5625,0.578022161311733,0.38853769360044743,-0.06359412034630509,1.0,0.0683590369864655,0.3605813752202427,0.5882352941176471,0.07263229999807663,0.04720830000587739,0.26397520000318764,,B,0.011767331700309169,0.928789087233855,4.667031012881551,3.765546144098934,0.9393789876448169,0.1487117634025965,0.21180587877965773,0.17739028213166144,3.1593218466975923,0.6927985939137458,0.296393353880808
ecoli,P2_Full,,main,clean,0.0,4,0.15,50,0.6904761904761905,0.6838167232436724,0.549675594957063,-0.040710545811990365,1.0,0.06709751229442716,0.38849934234338646,0.47058823529411764,0.04805889999988722,0.014056599997275043,0.34580560000176774,,B,0.008353332089176482,0.9290741439582406,4.4924778998801385,2.531059623020474,0.9400536720633212,0.15480289865822963,0.22002011488340384,0.19259939238957008,3.048031093962778,0.6814145461688048,0.31825915822423034
ecoli,P2_Full,,main,clean,0.0,4,0.2,67,0.7202380952380952,0.716834623617159,0.5857852161287479,-0.0506039158116209,1.0,0.07167755787050951,0.3447287117733675,0.5882352941176471,0.041535900003509596,0.014041000002180226,0.4290660000042408,,B,0.007374450483376666,0.9305456790659155,4.494624840534881,2.1090928382457266,0.9411816553240216,0.15313627885297693,0.21975986728554597,0.18078763341921236,3.132837947882736,0.7219505119013728,0.2653740961667194
ecoli,P2_Full,,main,clean,0.0,7,0.05,16,0.5773809523809523,0.5839000449149125,0.41091904687320174,-0.056279977615648374,1.0,0.061853590167219294,0.3142644874751568,0.625,0.06970440000441158,0.021055800003523473,0.1252948000037577,,B,0.003048780487804878,0.8799841437125439,5.265187310187107,0.05792460955412465,0.9006327532775495,0.17204901255338412,0.18744947816400503,0.14725516521220258,3.4477333164492845,0.6370018105846553,0.3621368209258763
ecoli,P2_Full,,main,clean,0.0,7,0.1,33,0.7261904761904762,0.6317653778916777,0.5839134781840544,-0.033495715970090864,1.0,0.06261457986868953,0.43604302932234373,0.5294117647058824,0.05038039999635657,0.01954480000131298,0.2301965000006021,,B,0.05907986969391826,0.8914787313733928,5.122241155559993,18.905558302053844,0.9104035831548472,0.1743884127135457,0.19270424487159873,0.14911833855799372,3.4265208251215347,0.6433565595111388,0.35374379234821357
ecoli,P2_Full,,main,clean,0.0,7,0.15,50,0.7976190476190477,0.7045246183791788,0.7426180112354293,-0.0643224828399277,1.0,0.0710283522408462,0.36987533113535714,0.5294117647058824,0.06665649999922607,0.025035999999090564,0.3353281000017887,,B,0.009776725566920112,0.9342346687116809,4.30507578556603,2.962347846776794,0.9438852175051581,0.14674219082344048,0.22974184188841282,0.19889406159158962,3.0069505494505497,0.715395223008311,0.27755334262711573
ecoli,P2_Full,,main,clean,0.0,7,0.2,67,0.7886904761904762,0.7404990463737391,0.7435881579977813,-0.07548140011164133,1.0,0.07712022951945148,0.2592482409056495,0.7058823529411765,0.044423100000130944,0.008335799997439608,0.39873780000198167,,B,0.008233665053062217,0.9528396931762959,3.7509062488295473,2.354828205175794,0.9583073483241703,0.1159376500308563,0.26402891239458764,0.2509876088823457,2.746065109003813,0.7662194789029144,0.23679344356811596
ecoli,P2_Full,,main,clean,0.0,6,0.05,16,0.6488095238095238,0.5829842824604516,0.5143860291958585,-0.06210673846705786,1.0,0.06253916177441775,0.24427693709731102,0.875,0.0744706999976188,0.023932600000989623,0.14156419999926584,,B,0.003048780487804878,0.8952151206033215,5.185144847478876,0.05739894929407528,0.9127842520236409,0.16766857509859606,0.19039032099242745,0.1509286193779369,3.406412157153447,0.6422535033587968,0.35519978647657446
ecoli,P2_Full,,main,clean,0.0,6,0.1,33,0.7678571428571429,0.6929259800642716,0.6342919303844974,-0.045523944185673015,1.0,0.06345133441379999,0.42794804713305307,0.47058823529411764,0.04896490000101039,0.021733499997935724,0.23466049999842653,,B,0.011105315275729045,0.9123563928806194,4.305215827452329,3.553700888233294,0.9274184012016505,0.17185518506232672,0.22986973511224604,0.19427899686520375,3.036809197256958,0.6514925058562085,0.33769218497331444
ecoli,P2_Full,,main,clean,0.0,6,0.15,50,0.7886904761904762,0.7212584768105773,0.6617703656288536,-0.05380848074397444,1.0,0.07047596548304182,0.40527866342488456,0.5882352941176471,0.0813471999936155,0.018907899997429922,0.37527289999707136,,B,0.008147042043232163,0.9272715224764804,4.442312508458823,2.4685537390993453,0.9380722743877624,0.1485078786062733,0.2225421134438329,0.19045745634166067,3.0626291025935277,0.7116606329360868,0.2786602909821496
ecoli,P2_Full,,main,clean,0.0,6,0.2,67,0.7291666666666666,0.7004217989792173,0.7142178394164119,-0.05642573156424699,1.0,0.07301826614606191,0.3314578866257387,0.5882352941176471,0.045317800002521835,0.02002840000204742,0.45734909999737283,,B,0.006601505382281619,0.9443508396981577,4.36837401361819,1.8880305393325432,0.9521826360545339,0.1407352117066348,0.22621257720407184,0.19511716353821618,3.031281438631791,0.7325558901200463,0.2573227534605295
ecoli,P2_Full,,main,clean,0.0,8,0.05,16,0.5833333333333334,0.6124875182617738,0.4493119616311866,-0.06848407042978179,1.0,0.0684186971907847,0.17820432409644127,0.875,0.05050729999493342,0.02525890000106301,0.10326640000130283,,B,0.003048780487804878,0.93145668491318,4.72076241030745,0.011233981495833559,0.941441367031182,0.1456696704172378,0.20941988512754467,0.17634444693070783,3.1676800253780266,0.692413236182356,0.3000204114180419
ecoli,P2_Full,,main,clean,0.0,8,0.1,33,0.7678571428571429,0.678391940586569,0.6878485342430599,-0.033961461871265176,1.0,0.06298714109365842,0.42086587408009696,0.5882352941176471,0.047558000005665235,0.020172600001387764,0.18427620000147726,,B,0.053274177318871144,0.9017722058467033,4.8856424563722065,17.047736742038765,0.9187528651502199,0.17287020898602484,0.2021882099366924,0.15811128526645768,3.331164807930607,0.6463256990609042,0.3471060304664818
ecoli,P2_Full,,main,clean,0.0,8,0.15,50,0.7976190476190477,0.7183256171051925,0.7270252502693565,-0.04685995429265839,1.0,0.07523203320878279,0.3526357377276701,0.7058823529411765,0.045444099996529985,0.00845580000168411,0.24966029999632156,,B,0.010702360774309774,0.9472145872335567,4.001577990127669,3.2428153146158616,0.9533205475175464,0.11567514515812068,0.24741764435812044,0.23596266911459357,2.8094896257873287,0.7499430586088184,0.25377711714364765
ecoli,P2_Full,,main,clean,0.0,8,0.2,67,0.8363095238095238,0.7550487654512211,0.7590313454331044,-0.06307439829292275,1.0,0.07758801802435127,0.31122028827667236,0.6470588235294118,0.03985959999408806,0.0067412999997031875,0.3094707999989623,,B,0.010044206602292358,0.9567739149621289,3.8122743733204336,2.8726430882556144,0.9616477042592859,0.11275111527881813,0.2597222218708088,0.2468408784198258,2.7627982107355864,0.7705764856442262,0.23482422167890343
ecoli,P2_Full,,main,clean,0.0,9,0.05,16,0.5863095238095238,0.6251231648280742,0.42928173271936426,-0.05876505345408169,1.0,0.06551225309956858,0.2198292836546898,0.875,0.054420100001152605,0.021631700001307763,0.10201309999683872,,B,0.011514111664544779,0.9196376168384629,5.506420856042013,3.7766286259706874,0.9307886837382827,0.13875978363415192,0.17910343619713667,0.14872827627358842,3.4309177532597794,0.6669458389260665,0.33212755353189943
ecoli,P2_Full,,main,clean,0.0,9,0.1,33,0.6666666666666666,0.6763575249651232,0.5391970910373444,-0.04831929694848918,1.0,0.06499955530821129,0.4309966967386358,0.47058823529411764,0.04760800000076415,0.02059249999729218,0.1872094999998808,,B,0.01133431585432243,0.9110399992340875,5.564732328801913,3.6269810733831775,0.9240635141447356,0.14639742354452026,0.17713169942880214,0.144455329153605,3.4806388173063882,0.6616506640024864,0.3378984432462661
ecoli,P2_Full,,main,clean,0.0,9,0.15,50,0.7053571428571429,0.7187552187143943,0.5759378351086699,-0.05865002477829151,1.0,0.07095198880817237,0.3561258596532485,0.5882352941176471,0.04603789999964647,0.012606500000401866,0.27023080000071786,,B,0.011429938371525311,0.9305003430692846,4.534038539924392,3.463271326572169,0.940876121265826,0.14929250955706014,0.2179729785988696,0.1815837212860359,3.1267753972075107,0.7154187343396524,0.27271096050107907
ecoli,P2_Full,,main,clean,0.0,9,0.2,67,0.8422619047619048,0.7542513086443964,0.7497650162063589,-0.06482293582043978,1.0,0.07252464154756809,0.2814621592269224,0.5882352941176471,0.039989800003240816,0.018132199998944998,0.34446130000287667,,B,0.010234190365236375,0.9363857894814908,4.439329698455977,2.9269784444576032,0.945920175103684,0.1498782354521099,0.2225408436864362,0.18432094221567905,3.1063298722044728,0.729051521551838,0.25831541280312437
ecoli,P2_Full,,main,clean,0.0,11,0.05,16,0.5833333333333334,0.5994979433302522,0.4801162859383443,-0.06342261359229592,1.0,0.0650026113912643,0.2178238146007061,0.875,0.0481210999932955,0.014987399998062756,0.0874614999993355,,B,0.01375690409820585,0.9218223591417508,4.706482195613031,4.512264544211519,0.9334312865650015,0.14849421517208364,0.21006457710259527,0.17824643842768703,3.152552568260278,0.6613197834506914,0.33950358553118265
ecoli,P2_Full,,main,clean,0.0,11,0.1,33,0.6607142857142857,0.6309111384419785,0.558277414261121,-0.04146087230567959,1.0,0.06282564535132892,0.41902009792187633,0.47058823529411764,0.046143300001858734,0.019306399997731205,0.1823002999954042,,B,0.02143751243756977,0.9096341688964366,4.7388369299813515,6.860003980022327,0.9246313954605856,0.16596125306435272,0.2085489588814304,0.16516457680250785,3.263641755634638,0.6437327399259406,0.35004584479158674
ecoli,P2_Full,,main,clean,0.0,11,0.15,50,0.6934523809523809,0.6983163613891721,0.5705756378515807,-0.044603904584181675,1.0,0.06599336637077373,0.4518840558388654,0.47058823529411764,0.049034200004825834,0.021549199998844415,0.27706339999713236,,B,0.05067119791030766,0.9195057570537669,4.340374369779844,15.353372966823219,0.9327504447857915,0.1645420498068607,0.22784651125983924,0.1925556794090005,3.048325766174801,0.6717727170441288,0.32518245303462845
ecoli,P2_Full,,main,clean,0.0,11,0.2,67,0.7202380952380952,0.7512780090168005,0.6025271984225467,-0.04194282412798347,1.0,0.07099505763607276,0.41372913998716015,0.47058823529411764,0.03860210000129882,0.025626300004660152,0.37923099999898113,,B,0.007706528740600992,0.9278049901252158,4.253791321409323,2.2040672198118836,0.9398166990150653,0.1663786584513622,0.23240049020984999,0.18908109434425224,3.072184012457825,0.716003909727786,0.2695507423449684
ecoli,P2_Full,,main,clean,0.0,10,0.05,16,0.5922619047619048,0.5900928881957467,0.4442699696824208,-0.0677665846171934,1.0,0.06185311684877733,0.22334636375308037,0.75,0.04919579999841517,0.019061999999394175,0.09352170000056503,,B,0.003048780487804878,0.8855901253102141,5.198894051521563,0.05763560249514635,0.9053750889642044,0.1729305596010465,0.18987871951714008,0.1492317446110241,3.425246782456579,0.6359282564211289,0.36177427696931796
ecoli,P2_Full,,main,clean,0.0,10,0.1,33,0.7559523809523809,0.6719147881348178,0.6620446777371422,-0.04485399616501839,1.0,0.06343477517302751,0.4262351980980705,0.5294117647058824,0.04942069999378873,0.019366499996976927,0.18367679999937536,,B,0.05322724010688558,0.9037869110465528,4.873764050991364,17.032716834203384,0.9201781585085999,0.17036400806108512,0.20268862601671644,0.16114811912225704,3.3013677811550153,0.6499339159357533,0.34570855647643084
ecoli,P2_Full,,main,clean,0.0,10,0.15,50,0.8630952380952381,0.7301915785839592,0.7771062289637711,-0.046745259016748364,1.0,0.07373554577728494,0.3353233565302456,0.5882352941176471,0.07137840000359574,0.02664359999471344,0.29395800000202144,,B,0.00933227576229523,0.9453301938034614,4.048986515455098,2.827679555975455,0.9523421345766736,0.12825984324883433,0.2444819251391064,0.22608353550586846,2.85578596287703,0.7372399851416527,0.2642459230714125
ecoli,P2_Full,,main,clean,0.0,10,0.2,67,0.7976190476190477,0.732700752172012,0.6653688364558742,-0.052502502207062304,1.0,0.08067071952002292,0.3557286139796762,0.5882352941176471,0.07055640000180574,0.0069737000012537464,0.39575219999824185,,B,0.007591026981535531,0.9595022976167606,3.4103325059231246,2.171033716719162,0.9639611334365358,0.11010095776743281,0.29074663283991947,0.2827383143172617,2.634209841187191,0.7961071169037603,0.21295310567892298
ecoli,P2_Full,,main,clean,0.0,12,0.05,16,0.5029761904761905,0.5491868656186402,0.3934226305970993,-0.061767127918885334,1.0,0.06189707118189772,0.3045694902539253,0.75,0.04568049999943469,0.02438350000011269,0.10710939999989932,,B,0.010800710774227076,0.9177496550092157,5.172300910972199,3.542633133946481,0.9306050051621009,0.15629539492296982,0.19087069507165674,0.15344596106511524,3.3792380605176815,0.6361794535843759,0.3610993966498669
ecoli,P2_Full,,main,clean,0.0,12,0.1,33,0.7232142857142857,0.654491640239682,0.6543118097971198,-0.040993815340504364,1.0,0.05890634967388507,0.46382249015219074,0.5294117647058824,0.06400230000144802,0.02102279999962775,0.21803839999483898,,B,0.010975428996059255,0.8921614585838298,5.1459033177170275,3.5121372787389618,0.9114773856878586,0.17911895738171113,0.1918037275355142,0.14657131661442005,3.455654324288197,0.6122110734708672,0.38219303016108613
ecoli,P2_Full,,main,clean,0.0,12,0.15,50,0.7410714285714286,0.6866253616727467,0.6962358641541939,-0.05594501892660153,1.0,0.07502140027704256,0.36691340979407816,0.5882352941176471,0.056725700000242796,0.019543800000974443,0.31231449999904726,,B,0.008927273671314642,0.9483051961804118,3.986547456519891,2.7049639224083366,0.9544923043736391,0.1196853017340003,0.24836297091916568,0.234563853736367,2.815807864330973,0.7480740677482685,0.2558330843748553
ecoli,P2_Full,,main,clean,0.0,12,0.2,67,0.8154761904761905,0.7475816301811884,0.7573648621860338,-0.05280210697147088,1.0,0.07800630255977375,0.3367265936206369,0.6470588235294118,0.06226170000445563,0.007699299996602349,0.39314290000038454,,B,0.006751558327459269,0.9541275879316325,3.6578139444127795,1.930945681653351,0.9590801046044675,0.10796285718426571,0.27083781517930366,0.2639676113360324,2.697085889570552,0.7737064893905581,0.23340025361067512
ecoli,P2_Full,,main,clean,0.0,13,0.05,16,0.8422619047619048,0.7135287356967074,0.7637929043801416,-0.09065463344284169,1.0,0.06795729910099926,0.1814424842596054,0.875,0.08295609999913722,0.034183700001449324,0.13429719999840017,,B,0.003048780487804878,0.9285130921443162,4.725670139951535,0.01016475799058432,0.9390806829740985,0.14782554102236384,0.20919922128623653,0.17446110240918922,3.182984181274049,0.6890498559587969,0.2989234932393199
ecoli,P2_Full,,main,clean,0.0,13,0.1,33,0.7738095238095238,0.6683925455647401,0.6701753635250602,-0.06346106656604411,1.0,0.07851159387965209,0.35680201474358053,0.5882352941176471,0.06227010000293376,0.011797099999967031,0.23086699999839766,,B,0.0037058212412190194,0.9507368213692037,3.5828993459258807,1.1858627971900861,0.9559889501187019,0.10661367973959633,0.2768437070314358,0.2730407523510972,2.665614236509759,0.7784925142129036,0.2262339462930121
ecoli,P2_Full,,main,clean,0.0,13,0.15,50,0.8035714285714286,0.7109571445129509,0.7441992864059215,-0.04471195804273351,1.0,0.07456734171394165,0.34993425362250385,0.5294117647058824,0.048546099998930003,0.013734000000113156,0.30560569999943255,,B,0.006529763123441876,0.938156031587387,4.078794583770897,1.9785182264028882,0.9458157820841896,0.12385606379102211,0.24267103812634053,0.22700150809782965,2.85131426920855,0.7443765357634009,0.2560119343747086
ecoli,P2_Full,,main,clean,0.0,13,0.2,67,0.8988095238095238,0.8070457524902234,0.8350539053555133,-0.057621123126814264,1.0,0.07696359390343677,0.3389958669157589,0.5882352941176471,0.04716569999436615,0.007641600001079496,0.3763972999950056,,B,0.004855002250959514,0.9546634193713173,3.746689410816688,1.3885306437744211,0.959785952847062,0.11298896839396728,0.2643300217082859,0.2528769476137897,2.7386231321560257,0.7656265641130899,0.23733353278352837
ecoli,P2_Full,,main,clean,0.0,15,0.05,16,0.5327380952380952,0.5896741552916178,0.44422164845748946,-0.05183222941154331,1.0,0.058414403946464,0.2686060294508934,0.75,0.04565749999892432,0.01563000000169268,0.0954587999949581,,B,0.050005071588796725,0.8888327086823669,5.221475521263396,16.401663481125325,0.9083447615395157,0.1755197291026723,0.18904431992567536,0.1443089430894309,3.482394366197183,0.6057943496466491,0.39939239974982177
ecoli,P2_Full,,main,clean,0.0,15,0.1,33,0.8720238095238095,0.7306328086255645,0.781688384609933,-0.0381934598107499,1.0,0.05884642533538843,0.45280950998558717,0.47058823529411764,0.060297099997114856,0.03616920000058599,0.21394319999672007,,B,0.05038728105576042,0.9025424638662279,5.06796053710939,16.123929937843336,0.9196986323805812,0.1760373717103256,0.19480178769782572,0.14598354231974922,3.4625218091531336,0.6100656935077184,0.3880549019461962
ecoli,P2_Full,,main,clean,0.0,15,0.15,50,0.9017857142857143,0.7778296465078121,0.8221550426320939,-0.05680411877362308,1.0,0.07898495870105207,0.338278146351085,0.5882352941176471,0.04749189999711234,0.007256700002471916,0.2809209999977611,,B,0.008410243776310625,0.9550826722662725,3.4519475486974143,2.5483038642221194,0.9601271818043835,0.11230653720130371,0.2873395248302892,0.27998164054816077,2.6429156908665106,0.7821485324344234,0.2273906006244395
ecoli,P2_Full,,main,clean,0.0,15,0.2,67,0.8392857142857143,0.7591051978494548,0.7303799505029578,-0.05666922821450844,1.0,0.08080467423289246,0.33398544788360596,0.6470588235294118,0.04054509999696165,0.004950099995767232,0.36697799999819836,,B,0.007952951813383173,0.9654740748406151,3.304984599831684,2.2745442186275877,0.9691436593010831,0.106284898768905,0.30012615937391923,0.29324009324009326,2.602543720190779,0.7972269949142804,0.2133061559557213
ecoli,P2_Full,,main,clean,0.0,14,0.05,16,0.5625,0.6043253381451592,0.4028471995986615,-0.09271572719092332,1.0,0.06411358495088662,0.23181363940238953,0.75,0.04756400000042049,0.017074500006856397,0.09863159999804338,,B,0.013367522186333207,0.9053989708967286,5.636085064118983,4.384547277117292,0.9192706694130809,0.14663369572025678,0.17491261374150313,0.14171701350041024,3.514078947368421,0.6550366647508179,0.34549579589076407
ecoli,P2_Full,,main,clean,0.0,14,0.1,33,0.7767857142857143,0.6436088327637496,0.706244638325645,-0.04666269044425669,1.0,0.06356937308600372,0.4092233303715201,0.5882352941176471,0.06876480000209995,0.018550799999502487,0.23093089999747463,,B,0.01318862697184664,0.9103984080664259,5.563847663170333,4.220360630990925,0.9240384646274364,0.1522300694291517,0.1771603622504494,0.14120297805642634,3.5205009019009292,0.6504675101338447,0.3506365075046641
ecoli,P2_Full,,main,clean,0.0,14,0.15,50,0.7827380952380952,0.6946517591752464,0.6850838190593651,-0.06303330965745685,1.0,0.07209864476977934,0.33037925117156086,0.6470588235294118,0.04395539999677567,0.025453599999309517,0.3428977000003215,,B,0.01181285257769355,0.9440023333576621,3.8439607095241914,3.5792943310411456,0.9513526859458397,0.13126176551471178,0.25769850069057604,0.24345944528227656,2.776865068677619,0.7229872388326611,0.2833840744248167
ecoli,P2_Full,,main,clean,0.0,14,0.2,67,0.8154761904761905,0.7390035873246855,0.7658082969789888,-0.05023775456195914,1.0,0.07564328081388857,0.3392386769547182,0.5294117647058824,0.05818909999652533,0.023080200000549667,0.434075600001961,,B,0.010415158496519571,0.9438360345961664,4.063679762716233,2.9787353300045973,0.9512081048265988,0.13125978868168078,0.24343705808781005,0.2205128205128205,2.883720930232558,0.7539685948184078,0.2454352535255906
ecoli,P2_Full,,main,clean,0.0,16,0.05,16,0.5238095238095238,0.5918984922033325,0.40491422976155034,-0.08600230307715707,1.0,0.06793923144932251,0.18114102259278297,0.875,0.046472100002574734,0.019439599993347656,0.09040660000027856,,B,0.003048780487804878,0.9206293127052277,4.645942623614139,0.010458657067987289,0.9326430029227858,0.1513618015293328,0.21284170048551163,0.17917878720071603,3.1452544489541054,0.6880601627092546,0.30152444960328356
ecoli,P2_Full,,main,clean,0.0,16,0.1,33,0.6339285714285714,0.6741070841699681,0.534468555602778,-0.05595058787750048,1.0,0.06630830709969329,0.3820019057568382,0.6470588235294118,0.0688190000000759,0.02203890000237152,0.2134924999991199,,B,0.009750293642581731,0.9210074927665702,4.47069026628337,3.120093965626154,0.9335616507687547,0.15892846602635188,0.22124549774087363,0.1886167711598746,3.075438869845227,0.6744311217679323,0.32231620404428224
ecoli,P2_Full,,main,clean,0.0,16,0.15,50,0.8452380952380952,0.7940007466112975,0.8039073657775048,-0.05377734867936922,1.0,0.07137977754362364,0.39534438007018147,0.47058823529411764,0.04636059999756981,0.020065899996552616,0.2897281000041403,,B,0.008301798093090009,0.942236796616568,3.8427687332775124,2.5154448222062724,0.9511042284615254,0.15351350558062826,0.25777946247996186,0.2242694468122309,2.8647305330864437,0.7175222951423117,0.2776318875381969
ecoli,P2_Full,,main,clean,0.0,16,0.2,67,0.6726190476190477,0.7397580931870548,0.5754223539283729,-0.053904514734499656,1.0,0.08315020255081713,0.2358939595082227,0.7647058823529411,0.039654599997447804,0.0054801000005682,0.3565392000018619,,B,0.007241104160086635,0.9753279841322676,2.9177246806482664,2.0709557897847777,0.9775521507740955,0.09014936816479759,0.34042661669185403,0.34140596245859406,2.4822660629581716,0.815900177361788,0.20378719895267663
ecoli,P2_Full,,main,clean,0.0,17,0.05,16,0.5446428571428571,0.584468307731592,0.39966914213078647,-0.06580632995705511,1.0,0.062110981434625574,0.33881600573658943,0.625,0.07302740000159247,0.019700699995155446,0.13497990000178106,,B,0.014101946928032204,0.9010965347014985,4.930094836786348,4.625438592394563,0.918313063605781,0.17407407164472052,0.20039804386387888,0.16017751920638473,3.3107683352735737,0.6400123816104324,0.35136857773157115
ecoli,P2_Full,,main,clean,0.0,17,0.1,33,0.6875,0.6721847381064255,0.5499588321365797,-0.06671418325409728,1.0,0.06253659081789475,0.3673944420674268,0.5882352941176471,0.05004529999860097,0.02185299999837298,0.23386970000137808,,B,0.013957507367453428,0.8958447364460624,4.920972577399233,4.466402357585097,0.9145250821375935,0.17935095216630587,0.2007140934803013,0.15846394984326018,3.3276458951533137,0.643683170393845,0.34745288987598805
ecoli,P2_Full,,main,clean,0.0,17,0.15,50,0.8690476190476191,0.7311258577404214,0.7910762632959343,-0.06726283754867314,1.0,0.06949642867519328,0.3386708199977875,0.6470588235294118,0.0445601000028546,0.028664299999945797,0.3196620000016992,,B,0.011562998515582722,0.9310714572425448,4.540788484361157,3.503588550221565,0.9418494400282444,0.15636458213870866,0.2176440365420449,0.17795554389876073,3.154845246868091,0.7028032625543661,0.2856080988240331
ecoli,P2_Full,,main,clean,0.0,17,0.2,67,0.7827380952380952,0.7333888683205094,0.7390925331704561,-0.05965247733971208,1.0,0.08104118245763159,0.24112336249912486,0.7058823529411765,0.04670030000124825,0.008967800000391435,0.3891712999975425,,B,0.0038022958248617018,0.959550847268605,3.3730646519555565,1.0874566059104467,0.9637580967885397,0.10401329164725137,0.2939977615865235,0.2900748374432585,2.611846557266114,0.8003533030232414,0.20466938557865902
ecoli,P2_Full,,main,clean,0.0,18,0.05,16,0.6220238095238095,0.603382881807052,0.42871598046411336,-0.06339297903580438,1.0,0.0615377356843198,0.24975373595952988,0.75,0.05742620000091847,0.019204899996111635,0.0995963999957894,,B,0.003048780487804878,0.904056031420176,4.879785527824325,0.01511169040951679,0.9203905715916947,0.17025082882545775,0.20249562338730517,0.16737525173416873,3.243649732620321,0.6342826922052355,0.3595872870738561
ecoli,P2_Full,,main,clean,0.0,18,0.1,33,0.6964285714285714,0.6443719004577003,0.5470162459890117,-0.0579571837682042,1.0,0.06685654854512227,0.35096720562261696,0.5294117647058824,0.04730460000428138,0.01151920000120299,0.18304129999887664,,B,0.009469548566774311,0.9203973793633782,4.813793967608727,3.0302555413677794,0.9326923075966438,0.15445381238628705,0.2052527672902702,0.17106191222570533,3.211459168480128,0.679524149963603,0.31099380473471655
ecoli,P2_Full,,main,clean,0.0,18,0.15,50,0.8779761904761905,0.7555004590186061,0.7993433391569975,-0.04575572107543213,1.0,0.06931000574388124,0.38659973179592805,0.47058823529411764,0.04379949999565724,0.021067499998025596,0.2607824999940931,,B,0.012179871612129122,0.9284287294723356,4.613218035053878,3.690501098475124,0.9395885156755077,0.1559255008454623,0.2141749413019329,0.1754201910257251,3.1751495140792425,0.7010919350535295,0.2895816337671413
ecoli,P2_Full,,main,clean,0.0,18,0.2,67,0.8541666666666666,0.7466519585891909,0.7640249520093843,-0.07444780480695462,1.0,0.0805265574952389,0.2896500931066625,0.6470588235294118,0.060834399999293964,0.012819399998988956,0.37455519999639364,,B,0.0068802818956823835,0.9563513168988176,3.5419705747856804,1.9677606221651618,0.9611332829702489,0.10955579256185558,0.27981056987203257,0.2715985768617348,2.670476104435812,0.794829056723862,0.21440570268454312
ecoli,P2_Full,,main,clean,0.0,19,0.05,16,0.5625,0.6025355140539591,0.42934178480071084,-0.0775437484901556,1.0,0.06421889588763482,0.22980325669050217,0.75,0.04756869999982882,0.015472999999474268,0.09108709999418352,,B,0.013830526004303461,0.9019993169756407,5.586082870096746,4.536412529411535,0.9163404259886747,0.1463368271573103,0.17650566679218405,0.14445811889311555,3.4806053956370206,0.6550388449807405,0.346443687982541
ecoli,P2_Full,,main,clean,0.0,19,0.1,33,0.7619047619047619,0.6626074119712151,0.7010041380972521,-0.042263547067771204,1.0,0.06566617033205313,0.4554337534834357,0.4117647058823529,0.05216469999868423,0.02058709999982966,0.17818119999719784,,B,0.012771603388182885,0.9102256784469113,5.403188182878645,4.086913084218523,0.9232442472548675,0.14501439367890548,0.1825212946262063,0.14998040752351097,3.416884389288047,0.6676719114680019,0.33076594101655366
ecoli,P2_Full,,main,clean,0.0,19,0.15,50,0.8035714285714286,0.7222812792344778,0.7399182755196871,-0.058640369112618745,1.0,0.07526907918387137,0.36867885905153613,0.5882352941176471,0.04650010000477778,0.009266100001696032,0.2605556999988039,,B,0.014076090312823634,0.9482770649007496,4.017295474462618,4.265055364785561,0.9542205061928538,0.11490920383190811,0.24643667902346778,0.23513212248377155,2.8132320133853876,0.749539058159195,0.256293949355698
ecoli,P2_Full,,main,clean,0.0,19,0.2,67,0.6398809523809523,0.678607948965498,0.5270445141308494,-0.059206383987616525,1.0,0.07804668713758031,0.3084268745254068,0.6470588235294118,0.046445300002233125,0.0071339999994961545,0.3396244999967166,,B,0.006401729755488849,0.9501436489939796,3.7703891878505753,1.8308947100698107,0.9555460431352751,0.10835919661756108,0.26264645023224226,0.25496258127837074,2.7305360408045427,0.7747936894557497,0.23009361083149224
ecoli,P2_Full,,main,clean,0.0,20,0.05,16,0.5892857142857143,0.5975772367013941,0.4855998480825958,-0.07359642785306689,1.0,0.06759459316622533,0.23369302600622177,0.75,0.04784559999825433,0.021148700005142018,0.0964490999976988,,B,0.003048780487804878,0.9226589542266873,4.68345553855046,0.01045504197900308,0.9344809540851886,0.15285544357845496,0.21111241514633186,0.17343551875885732,3.191457907751855,0.6853595819839371,0.3043408998983036
ecoli,P2_Full,,main,clean,0.0,20,0.1,33,0.6279761904761905,0.6406061450563826,0.504102422251902,-0.042074711868953306,1.0,0.06168334060853234,0.4991493549417047,0.47058823529411764,0.07433549999404931,0.02465440000378294,0.24096039999858476,,B,0.053800161767052844,0.9022250922950429,4.624195697130603,17.21605176545691,0.920012931915174,0.18192642711366344,0.21379693890884444,0.16440047021943574,3.270676915743058,0.6355900571183809,0.35454272828455713
ecoli,P2_Full,,main,clean,0.0,20,0.15,50,0.8125,0.739942708293086,0.7829326083129121,-0.06195480979674545,1.0,0.06990203612996891,0.369343613877016,0.5882352941176471,0.07240260000253329,0.03532670000276994,0.3606054999982007,,B,0.00891427941491387,0.9281309416575061,4.527993062109917,2.7010266627189026,0.9392266034442714,0.15438718751383548,0.21826842272309485,0.17922322033527857,3.1449085365853655,0.706654826711055,0.28188588967001976
ecoli,P2_Full,,main,clean,0.0,20,0.2,67,0.8422619047619048,0.7844351625898434,0.8119870412755964,-0.05718598644408383,1.0,0.07724311606821718,0.34860022453700795,0.5294117647058824,0.0493410999988555,0.006204400000569876,0.4269983999984106,,B,0.007846866347588419,0.950688705494757,3.589171730287465,2.2442037754102877,0.9558647496367696,0.10496670578100872,0.2760846405173004,0.2731443994601889,2.665266798418972,0.7671318699627407,0.2413630405010302
ecoli,P2_Full,,main,clean,0.0,21,0.05,16,0.6101190476190477,0.6169389554721276,0.4327790703784453,-0.05496089656983956,1.0,0.06539599306725892,0.23050128296017647,0.75,0.07202479999978095,0.0335893000010401,0.1609454999997979,,B,0.012903704198207053,0.9168298532089517,5.487996875266496,4.2324149770119135,0.9285566908807326,0.14099816008792962,0.17971497822065813,0.14816886700977103,3.4372640322174677,0.6646613709482101,0.3354353484856516
ecoli,P2_Full,,main,clean,0.0,21,0.1,33,0.6101190476190477,0.5919806504281248,0.4563848811911982,-0.04090972253832455,1.0,0.06457707202601493,0.44569894233170676,0.5882352941176471,0.04962679999880493,0.027830799997900613,0.2608907999965595,,B,0.013229129079227731,0.9112846446343533,5.582689816256135,4.233321305352874,0.9242980818671566,0.14668753993226508,0.17655184752212244,0.14390673981191224,3.487236215112321,0.659170107996689,0.3413239445187934
ecoli,P2_Full,,main,clean,0.0,21,0.15,50,0.7678571428571429,0.6842983046393233,0.643971556237841,-0.03250700568257914,1.0,0.0635032624810887,0.4164941486190347,0.5294117647058824,0.05687679999391548,0.03078069999901345,0.3782592999996268,,B,0.047820856175665706,0.9011002293456825,4.8804928987647145,14.48971942122671,0.9187288214168747,0.1782470470311721,0.2022645470943179,0.15474395121631368,3.365572033898305,0.6514464100279207,0.34247092545991487
ecoli,P2_Full,,main,clean,0.0,21,0.2,67,0.8184523809523809,0.7312755296848894,0.7477729032013352,-0.05375384666430413,1.0,0.07042293436378351,0.34527550462414236,0.6470588235294118,0.0402607999931206,0.019964099999924656,0.4494342999969376,,B,0.008359406876352516,0.9328069124996755,4.204500942927039,2.3907903666368195,0.9436563479053848,0.16146654082024234,0.23516611138015842,0.1975953870690713,3.015211722339501,0.7103046326068199,0.2807027548711769
ecoli,P2_Full,,main,clean,0.0,22,0.05,16,0.5952380952380952,0.608914186887363,0.4888363494317289,-0.04661993970995946,1.0,0.06376302719933828,0.28774239122867584,0.75,0.05213419999927282,0.022052199994504917,0.11924240000371356,,B,0.010917461530848141,0.9207692252231804,4.935256318339973,3.5809273821181904,0.9330330167079934,0.15478570693468743,0.20018526157126681,0.16006563735362125,3.31185927306617,0.6520428945439727,0.34083282864841685
ecoli,P2_Full,,main,clean,0.0,22,0.1,33,0.7827380952380952,0.6828769750026976,0.7182979237882829,-0.02941572345496597,1.0,0.06396268046583187,0.4554368993815254,0.5294117647058824,0.08329799999773968,0.04834590000245953,0.2679841999997734,,B,0.010779422846703923,0.9161676288172313,4.8289531773727346,3.4494153109452554,0.9295132966684042,0.1591946841402943,0.20459859014841233,0.16304858934169278,3.2832852679644318,0.6541694319395243,0.3376721353567498
ecoli,P2_Full,,main,clean,0.0,22,0.15,50,0.7827380952380952,0.6850769976016301,0.7225570341264517,-0.06310916399885777,1.0,0.07487302221852053,0.36050883636755104,0.6470588235294118,0.04572170000028564,0.011655300004349556,0.33847030000470113,,B,0.01137173792673491,0.9437387282240944,3.9115826460377843,3.445636591800678,0.950333457992697,0.11721615172280611,0.25318626435363206,0.24265075514173934,2.7802873356152045,0.7465189558446879,0.2568471965528351
ecoli,P2_Full,,main,clean,0.0,22,0.2,67,0.6309523809523809,0.7127128899377989,0.5401981601799513,-0.06287802311626492,1.0,0.07667343764891706,0.3149871510617873,0.7058823529411765,0.043709199999284465,0.007061299998895265,0.42843440000433475,,B,0.010493311599555865,0.9537174467167266,3.677203944017211,3.001087117472977,0.9589215498033203,0.11244200497629907,0.26939117792542544,0.25989449147343885,2.711928814199396,0.7624060286188679,0.24251297747031433
ecoli,P2_Full,,main,clean,0.0,23,0.05,16,0.6101190476190477,0.6289711021688934,0.48877756146554285,-0.06126735690032585,1.0,0.06738797522787512,0.25151099637150764,0.625,0.05455459999939194,0.016983900000923313,0.10644480000337353,,B,0.003048780487804878,0.929592692802283,4.874520900215267,0.010028060857487059,0.9397540556409072,0.14432256030029983,0.2027176275289166,0.17158946818825987,3.206965876983264,0.6837951369282451,0.30869744154355006
ecoli,P2_Full,,main,clean,0.0,23,0.1,33,0.6517857142857143,0.6552701386535025,0.5072323256600144,-0.06573977922681991,1.0,0.06790921383198054,0.32352562686976266,0.6470588235294118,0.0604414999979781,0.019595600002503488,0.22711280000658007,,B,0.011767603249625136,0.9239141164786063,4.552490765108843,3.7656330398800435,0.9357227637414605,0.15520155272342753,0.21721376633907272,0.1779780564263323,3.1546675473359755,0.6883563426335513,0.2989742156548595
ecoli,P2_Full,,main,clean,0.0,23,0.15,50,0.6815476190476191,0.6884402170471112,0.5474048773999882,-0.05650412995281951,1.0,0.07023805447564431,0.2981579145964454,0.7058823529411765,0.051158800000848714,0.023316700004215818,0.3322671000059927,,B,0.008024291120876128,0.9378989262163102,4.499232384478626,2.431360209625467,0.9470255263059715,0.14696364384054028,0.21968483806472194,0.18470919939676086,3.1034788782392617,0.7089948961489746,0.27880134724704286
ecoli,P2_Full,,main,clean,0.0,23,0.2,67,0.6994047619047619,0.709152843917879,0.5658132312524494,-0.06242262744359494,1.0,0.07344667005864097,0.2721467789481668,0.7647058823529411,0.06181749999814201,0.020123200003581587,0.43691190000390634,,B,0.007056646377963958,0.9494376661221519,3.710353004707229,2.018200864097692,0.957194095369633,0.1534033074149538,0.2669530333638225,0.23435161329898171,2.8167731127630615,0.7358061920716961,0.25832984840159445
ecoli,P2_Full,,main,clean,0.0,24,0.05,16,0.8214285714285714,0.6707456121917459,0.7354753385672704,-0.05637154017566717,1.0,0.0682246972582597,0.21803661063313484,0.75,0.048845699995581526,0.020213899995724205,0.08609550000255695,,B,0.003048780487804878,0.9235801630889802,4.028804161289443,0.015693266134348235,0.9366295318821737,0.17075891968191004,0.24591356697669609,0.210058178563437,2.940146471371505,0.6924181725042686,0.2959908635645583
ecoli,P2_Full,,main,clean,0.0,24,0.1,33,0.8035714285714286,0.6857000969511617,0.7562679144837179,-0.05773696553292559,1.0,0.07636699706940123,0.3837305132080527,0.5294117647058824,0.0477074000009452,0.011372000000847038,0.17754950000380632,,B,0.003469141370121454,0.9508652642155832,3.6303916871300386,1.1101252384388653,0.9566333753700622,0.11739375540324727,0.27318106240434187,0.2655564263322884,2.691419507156559,0.759990888442349,0.24625023700096355
ecoli,P2_Full,,main,clean,0.0,24,0.15,50,0.8095238095238095,0.7010440242915688,0.7511631795641703,-0.047678458550697786,1.0,0.07406244187988038,0.3548951587256263,0.6470588235294118,0.07495139999809908,0.013757900000200607,0.2856171000021277,,B,0.0033003300330033004,0.9458701296820509,3.6606450990862918,0.8158550592038759,0.9521899744130541,0.11675336914501401,0.27076919233111313,0.262256026927196,2.703266938911576,0.7397811383473405,0.2643404410354332
ecoli,P2_Full,,main,clean,0.0,24,0.2,67,0.8928571428571429,0.8120038186515792,0.8519269473293087,-0.057462354538889565,1.0,0.07531037567655287,0.35205957644125996,0.5882352941176471,0.04706379999697674,0.018280500000400934,0.36633509999956004,,B,0.0034965034965034965,0.9414530881895897,3.780392862584216,0.6034918294647148,0.9484518053695555,0.11954033037010542,0.2619421503438573,0.2531959268801374,2.7373776528733407,0.7511307529815449,0.2506637862401423
ecoli,P2_Full,,main,clean,0.0,25,0.05,16,0.5982142857142857,0.6167945017460541,0.43607415628934704,-0.05868244842963601,1.0,0.0647484688315614,0.22536814585328102,0.75,0.0691623000020627,0.019086699998297263,0.10799979999865172,,B,0.010755723956360501,0.9046623610846264,5.538875702380717,3.5278774576862446,0.9184038623724694,0.1441351122618075,0.17803606709322545,0.14671440292384574,3.4539908490086426,0.6593734694014163,0.3401424273094368
ecoli,P2_Full,,main,clean,0.0,25,0.1,33,0.6904761904761905,0.6240384838981329,0.5847940008653086,-0.047006300208323776,1.0,0.06549657694483584,0.3963829401661368,0.5294117647058824,0.06867739999870537,0.01372329999867361,0.21416429999953834,,B,0.010460135090918364,0.9216564507796052,5.289401288014112,3.3472432290938765,0.9328381126353156,0.1427260057398511,0.18651517388434152,0.15366379310344827,3.376928471248247,0.6667216721295349,0.3312213133171131
ecoli,P2_Full,,main,clean,0.0,25,0.15,50,0.7708333333333334,0.6691412579990627,0.6929378699783695,-0.04747486424776058,1.0,0.0737801059533151,0.33857908494332256,0.5882352941176471,0.04560910000145668,0.013625799998408183,0.2867407000012463,,B,0.010357656707442013,0.9456802101997155,4.205993835250139,3.13836998235493,0.9528247485890559,0.1315273570757247,0.23523194876829945,0.212182807684742,2.928229295426452,0.7376657798529397,0.26361793890030566
ecoli,P2_Full,,main,clean,0.0,25,0.2,67,0.7976190476190477,0.7346261596545218,0.754804414589816,-0.047856352754463184,1.0,0.07547425435013026,0.3356555419809678,0.5294117647058824,0.039712000005238224,0.008340499996847939,0.34778400000504917,,B,0.009244759860531209,0.942511250552188,3.9791875584496497,2.6440013201119257,0.9497536329990397,0.1259791266363572,0.2486805901420669,0.23246227456753774,2.825443318556048,0.7525721786269626,0.2488422490701601
ecoli,P2_Full,,main,clean,0.0,26,0.05,16,0.5982142857142857,0.5883343047087242,0.4290925298154571,-0.07067807835242305,1.0,0.06762367524956937,0.341577360406518,0.625,0.06959639999695355,0.013168999998015352,0.10379819999798201,,B,0.004664974760652657,0.9246509135486831,4.810930133488654,1.5301117214940714,0.9359267161429418,0.149647502382713,0.20543756653800976,0.17179458491832625,3.2052263106479977,0.6852352473599781,0.30878314562316167
ecoli,P2_Full,,main,clean,0.0,26,0.1,33,0.8422619047619048,0.7049644048891441,0.7453041189879476,-0.05627205169707589,1.0,0.06916885818625837,0.34788887465701385,0.6470588235294118,0.04728649999742629,0.014008799997100141,0.17864520000148332,,B,0.010215046943350436,0.9381562589756665,3.9568727068546576,3.2688150218721397,0.947994405708366,0.15908071810902483,0.2503822791279839,0.21969043887147335,2.887964862213502,0.6984262330091869,0.29770388023886596
ecoli,P2_Full,,main,clean,0.0,26,0.15,50,0.8214285714285714,0.7496830228257833,0.768478372673331,-0.06589545709968775,1.0,0.07935031057334238,0.31671185528530793,0.5882352941176471,0.04284580000239657,0.006909899995662272,0.2398752000008244,,B,0.0033003300330033004,0.9521118740836936,3.491725122050009,0.7261082943948624,0.9576179054902436,0.11497696560882065,0.28402844436405333,0.27740257469455554,2.65121730223763,0.7862078059474051,0.2176229816897583
ecoli,P2_Full,,main,clean,0.0,26,0.2,67,0.7738095238095238,0.728522776593722,0.7316765591796552,-0.07135867597517638,1.0,0.08436367175480357,0.2677527929053587,0.7058823529411765,0.045158699998864904,0.007209200004581362,0.3090946999946027,,B,0.0034965034965034965,0.9723922217615869,2.9123785701490887,0.7863900712408147,0.9750603408402647,0.09664374494885711,0.3410579620159116,0.34037541405962457,2.4844831314878895,0.8280458827839021,0.18573155703088104
ecoli,P2_Full,,main,clean,0.0,27,0.05,16,0.6101190476190477,0.6312370958907311,0.512971852594385,-0.04394704073533451,1.0,0.06409613241495725,0.3118208087980747,0.75,0.046679999999469146,0.017499000001407694,0.09218749999854481,,B,0.010811614198883018,0.9163618737669823,5.059443364272109,3.54620945723363,0.9289017727292198,0.14993041483618477,0.19519653230693715,0.16021481315730587,3.310405027932961,0.6545349186411117,0.34330666044584557
ecoli,P2_Full,,main,clean,0.0,27,0.1,33,0.5654761904761905,0.5981428751902383,0.481206064706981,-0.03187777901931433,1.0,0.06427150383095241,0.4682006248656441,0.35294117647058826,0.05155940000258852,0.019371100002899766,0.190124000000651,,B,0.010655570218394939,0.909698949198085,4.868200000918375,3.4097824698863803,0.9241638774411122,0.1601856026543643,0.20292386939772064,0.16212774294670845,3.2919939577039274,0.6568360997324334,0.3368196920486085
ecoli,P2_Full,,main,clean,0.0,27,0.15,50,0.7916666666666666,0.7011351403500061,0.6539418667095466,-0.04528006819218929,1.0,0.06293243531101514,0.4231686004820992,0.5882352941176471,0.04511549999733688,0.026365899997472297,0.2842506000015419,,B,0.06268286441819435,0.9053629334338625,4.520613084737679,18.992907918712888,0.9226254702994888,0.18240777627614166,0.2186301553025668,0.16973750355167966,3.2228624774658767,0.6470337505679511,0.3440493674971338
ecoli,P2_Full,,main,clean,0.0,27,0.2,67,0.8541666666666666,0.765609925162356,0.8122761639465064,-0.062495201285414276,1.0,0.07313323417410045,0.3541948155445211,0.5882352941176471,0.039220899998326786,0.017953700000362005,0.35422729999845615,,B,0.013944256106104091,0.937746465834109,4.083098724044617,3.98805724634577,0.9466991122643524,0.1438094487356602,0.24226259921541526,0.21479573058520426,2.9138965044551064,0.7332694968512465,0.26015101185566153
ecoli,P2_Full,,main,clean,0.0,28,0.05,16,0.5714285714285714,0.6109902517702006,0.4868937014505072,-0.06219203292874632,1.0,0.06134421762229775,0.2693631947040558,0.625,0.053157499998633284,0.016253200003120583,0.09928090000175871,,B,0.003048780487804878,0.9007052180401518,4.784992908730519,0.05723087972556071,0.918140818655465,0.1755943290389985,0.20656772475775154,0.16278809577086598,3.28573883161512,0.6328023067926997,0.3618341400653103
ecoli,P2_Full,,main,clean,0.0,28,0.1,33,0.6755952380952381,0.6702334983311551,0.5417932478314631,-0.03669211897803495,1.0,0.06201226545241154,0.4618600536795223,0.47058823529411764,0.048317700006009545,0.02014459999918472,0.19211319999885745,,B,0.05657114066979433,0.9023159881186287,4.630716333060544,18.102765014334185,0.9200790414688135,0.18184197196729043,0.2134914715114041,0.16561520376175548,3.2595232461847865,0.6380911132480789,0.3525587013128707
ecoli,P2_Full,,main,clean,0.0,28,0.15,50,0.6845238095238095,0.7012264741384696,0.5696041073153408,-0.05817128867916541,1.0,0.06854406746454152,0.3450571666745579,0.6470588235294118,0.04753279999567894,0.02539740000065649,0.30103199999575736,,B,0.00935890577174006,0.9245278791099126,4.316555890435525,2.835748448837238,0.9371149603124667,0.16677789167850524,0.2291220250487882,0.18459991694533692,3.104280132607151,0.695646969882099,0.28847314845002114
ecoli,P2_Full,,main,clean,0.0,28,0.2,67,0.6964285714285714,0.7371706955812083,0.5870982068835977,-0.05087028247055542,1.0,0.06979655053475076,0.3323196996660793,0.6470588235294118,0.039787100002286024,0.02051779999601422,0.38513049999892246,,B,0.0076340259260868895,0.9295636531420246,4.170323453124257,2.1833314148608505,0.9417177978797203,0.17255501285724978,0.23712214871927564,0.18711814501288185,3.0860542879622344,0.7059251949101456,0.2768284645714022
ecoli,P2_Full,,main,clean,0.0,29,0.05,16,0.6875,0.635191786294196,0.5309647813024645,-0.06704883294380577,1.0,0.0675244564787713,0.3173966072499752,0.5,0.057872999997925945,0.01858399999764515,0.10875000000669388,,B,0.009512455242049791,0.9211129508895403,4.707975199764346,3.1200853193923312,0.9330624977556007,0.15147666189577333,0.20999699113748552,0.17492727679570375,3.179165334186121,0.6845041666447628,0.3042585372221476
ecoli,P2_Full,,main,clean,0.0,29,0.1,33,0.7797619047619048,0.6762277720718604,0.7114689414307206,-0.051560263851613775,1.0,0.0700232316771627,0.35952487237313213,0.5882352941176471,0.053318900005251635,0.0254893000019365,0.22103320000314852,,B,0.009257787898837666,0.9299017304180393,4.525284729008372,2.962492127628053,0.9399727433984252,0.1436699228161498,0.21853850308099235,0.18838166144200627,3.0770930837233488,0.7067161992264414,0.2856864509450057
ecoli,P2_Full,,main,clean,0.0,29,0.15,50,0.7946428571428571,0.7171237883720487,0.720217213473234,-0.05563939542290586,1.0,0.07432353611641844,0.33483609557151794,0.5882352941176471,0.052489399997284636,0.020384600000397768,0.3134297000069637,,B,0.008209458806924221,0.9398696505628537,3.80003444280759,2.487466018498039,0.9466696906947917,0.11308831888705424,0.260715627103679,0.2560269271960309,2.7264597917022364,0.7414706189231236,0.2650395787659455
ecoli,P2_Full,,main,clean,0.0,29,0.2,67,0.7232142857142857,0.7440696088167159,0.5950666229089209,-0.059035562335512166,1.0,0.07725413961235998,0.3137922392171972,0.5294117647058824,0.04982469999958994,0.015042599996377248,0.40284370000154013,,B,0.006555265210209182,0.949319668023583,3.6679501794559144,1.874805850119826,0.9549832516457601,0.1117511153007556,0.27007966925196925,0.2613912403386088,2.7064207265558995,0.767533870186677,0.2363086079383263
ecoli,P2_Full,,main,clean,0.0,0,0.05,16,0.5089285714285714,0.5507349039075434,0.3809603658058611,-0.0880852838393442,1.0,0.06814300390224537,0.16402260959148407,0.875,0.057328200004121754,0.02539779999642633,0.09954309999739053,,C,0.003011644848863343,0.925709060980678,4.740767538146267,0.010175476334555027,0.9366670422828542,0.1475009125853993,0.2085232688516485,0.17658685761169537,3.1657338965153117,0.6897460891791283,0.3028880849328274
ecoli,P2_Full,,main,clean,0.0,0,0.1,33,0.6398809523809523,0.6255608951223266,0.5042195871223931,-0.054170752343694055,1.0,0.06663728127946361,0.42096349772285013,0.47058823529411764,0.050176799995824695,0.011663500001304783,0.1907982999982778,,C,0.02061807079282251,0.9216159038503673,4.482711575101857,6.708801764176911,0.9342626101915238,0.1613427590848833,0.22064377604597638,0.18503134796238244,3.101122405760271,0.6764934679458499,0.32365082980768145
ecoli,P2_Full,,main,clean,0.0,0,0.15,50,0.8511904761904762,0.7556915007835154,0.7923398957939278,-0.056074189070634,1.0,0.06865690186609393,0.3345605345333324,0.5882352941176471,0.04685289999906672,0.015808299998752773,0.2654564999975264,,C,0.005685485079596178,0.9238139641024036,4.481497495797859,1.7475215700852254,0.9360620052713076,0.16076490953495642,0.22056731338655236,0.17900465543243066,3.1466117216117215,0.6960731677340617,0.2887462891029792
ecoli,P2_Full,,main,clean,0.0,0,0.2,67,0.7023809523809523,0.7269361594677455,0.5689388604025902,-0.0633159575447013,1.0,0.07902350503713164,0.36463840393459096,0.47058823529411764,0.050135799996496644,0.007140399997297209,0.363695000000007,,C,0.0046496584370480445,0.9559499989940349,3.4315732827825336,1.3036134179360581,0.9605755736271964,0.10500736725375023,0.2889252486300153,0.28386701018279964,2.6306940962918146,0.7821201170256875,0.22629969682016185
ecoli,P2_Full,,main,clean,0.0,1,0.05,16,0.5982142857142857,0.624941875865315,0.49472265610701954,-0.0715009662905444,1.0,0.06414538630775203,0.24257970973849297,0.875,0.04689150000194786,0.019372099995962344,0.09081980000337353,,C,0.010687002793269229,0.9203895671989613,5.060389270530956,3.569069413201426,0.9323955370241613,0.15080900081532356,0.19515947383351162,0.15825688073394495,3.329710144927536,0.6557664047821943,0.33955418034620477
ecoli,P2_Full,,main,clean,0.0,1,0.1,33,0.5744047619047619,0.597670795739519,0.4849585263703901,-0.054988249933041224,1.0,0.0634433485787593,0.42484888785025654,0.5294117647058824,0.0492658000002848,0.020781300001544878,0.1858189000049606,,C,0.012989052666447343,0.9161636836352637,4.913462475043645,4.251589233097363,0.9295790287695097,0.1600183037131728,0.20102567132070104,0.1586010971786834,3.326281655342804,0.6493909822175782,0.343845280466096
ecoli,P2_Full,,main,clean,0.0,1,0.15,50,0.6726190476190477,0.6834858745722497,0.5517109329453218,-0.037804880784572184,1.0,0.06274674007117997,0.43703678250312805,0.47058823529411764,0.0544235999986995,0.017184700001962483,0.28492950000509154,,C,0.06051650808412188,0.9047378185801274,4.540189266572734,18.992872793982087,0.9224764879263058,0.1862089349811793,0.21767319839749377,0.16492907568902584,3.265803074476544,0.6456380842056533,0.3452885339013485
ecoli,P2_Full,,main,clean,0.0,1,0.2,67,0.6934523809523809,0.7101060183222044,0.5692079101247149,-0.04422595994547552,1.0,0.070685085170214,0.37287144450580373,0.5882352941176471,0.042037200000777375,0.023115900003176648,0.37393670000165,,C,0.010013772047789476,0.9333237751912364,4.357415976647995,2.8755989745020853,0.9441094772344447,0.1617623384368729,0.22679028083625727,0.18380566801619433,3.110132158590308,0.7125068019312737,0.2739127874183919
ecoli,P2_Full,,main,clean,0.0,2,0.05,16,0.625,0.6204629747979363,0.45808727088591683,-0.08416143962047501,1.0,0.067348781219126,0.18986468762159348,0.75,0.04705839999951422,0.017828799995186273,0.09434020000480814,,C,0.0030089352711407777,0.9248762002766157,4.728936879051846,0.008825870322601528,0.9360671890114745,0.14896728834358114,0.20905259439704468,0.17544939210859997,3.1749123179934107,0.6832949974284366,0.3063254273346313
ecoli,P2_Full,,main,clean,0.0,2,0.1,33,0.6369047619047619,0.5917796999558381,0.43745537972022513,-0.05890318406896251,1.0,0.06751112313145152,0.35912130860721364,0.6470588235294118,0.04937860000063665,0.026039300006232224,0.18733240000437945,,C,0.011625784947351309,0.9277448789394128,4.77764968989202,3.7578601421014213,0.9384809466564075,0.14858556126412434,0.20682927843231097,0.17468652037617555,3.181135038133692,0.684541446262539,0.3064674864365542
ecoli,P2_Full,,main,clean,0.0,2,0.15,50,0.6130952380952381,0.6468725521183196,0.5093177464934092,-0.05892369148694258,1.0,0.06749893665811327,0.30013365254682656,0.7647058823529411,0.05105129999719793,0.011701900002663024,0.27080190000560833,,C,0.012354757392161367,0.9293640857132598,4.668938717806649,3.774747269012124,0.9404698419844065,0.15722534893600873,0.21157938795194153,0.17703757130679956,3.1621296296296295,0.6849379117965274,0.306744685350278
ecoli,P2_Full,,main,clean,0.0,2,0.2,67,0.7023809523809523,0.7155964945806287,0.5727528933600345,-0.05328541238347122,1.0,0.0663141139106642,0.400510195423575,0.5294117647058824,0.03999849999672733,0.013985099998535588,0.3453058000013698,,C,0.0430619182768537,0.9169903176095272,4.597209350059094,12.586111375541861,0.9312914869802306,0.17228314768669392,0.21477773527849417,0.16555023923444975,3.260115606936416,0.6758715442388356,0.3139915413891192
ecoli,P2_Full,,main,clean,0.0,3,0.05,16,0.4880952380952381,0.5885264605715316,0.3732042911045918,-0.05637703966212752,1.0,0.06465670724795729,0.24038661271333694,0.75,0.056636399996932596,0.009889599998132326,0.09532639999815729,,C,0.01056171277593931,0.9170009129639234,5.197739015343144,3.5402615100540515,0.9289733491703638,0.1442478060178712,0.18992159373814763,0.1586857611695383,3.3254406580493536,0.6589506402921776,0.3394566398601806
ecoli,P2_Full,,main,clean,0.0,3,0.1,33,0.6517857142857143,0.6714778236860262,0.5174450115004082,-0.042450730537225784,1.0,0.06446874545474864,0.46645525974385876,0.47058823529411764,0.05035430000134511,0.021192500003962778,0.19266739999875426,,C,0.010675140840624864,0.9226706481269072,4.871462494518774,3.4695552026322503,0.9340199821641495,0.14676618596090052,0.2027858687298102,0.17421630094043888,3.1849977507872245,0.656986715503655,0.34804738460671036
ecoli,P2_Full,,main,clean,0.0,3,0.15,50,0.6845238095238095,0.6894316043596395,0.5519909207130672,-0.058511878691655896,1.0,0.06986548442600449,0.2944459021091461,0.8235294117647058,0.04594159999396652,0.019826700001431163,0.28983039999729954,,C,0.010096099156538772,0.9338676056845173,4.416344241245748,3.069784154714678,0.9440465922524015,0.1539183130029377,0.223870139609247,0.1848403383384696,3.102518623625399,0.7061993097192045,0.2801401628296721
ecoli,P2_Full,,main,clean,0.0,3,0.2,67,0.8214285714285714,0.7549704107140106,0.7722584579427598,-0.07902446590525662,1.0,0.07200512988179825,0.32538870853536267,0.5882352941176471,0.04256429999804823,0.020099699999263976,0.3623706999933347,,C,0.008838882248791933,0.9341072444137591,4.283658997830921,2.5360835450082257,0.9442482028579291,0.15390096155407276,0.23075562036609873,0.19190283400809716,3.0527426160337554,0.7237117551707393,0.2658863215390995
ecoli,P2_Full,,main,clean,0.0,4,0.05,16,0.6636904761904762,0.646082265297132,0.5150284363554801,-0.07836397808595101,1.0,0.06812393559566975,0.22589007392525673,0.875,0.055356699995172676,0.044435699994210154,0.13341329999821028,,C,0.003009480263248684,0.9250437180809284,4.81663283495805,0.010028352210913711,0.9360326549206702,0.14660461482876416,0.2051907159668035,0.1720183486238532,3.203333333333333,0.690518045561009,0.2997081134760458
ecoli,P2_Full,,main,clean,0.0,4,0.1,33,0.5625,0.578022161311733,0.38853769360044743,-0.06359412034630509,1.0,0.0683590369864655,0.3605813752202427,0.5882352941176471,0.049888599998666905,0.030523100002028514,0.24003349999838974,,C,0.01166267530021897,0.928789087233855,4.667031012881551,3.765546144098934,0.9393789876448169,0.1487117634025965,0.21180587877965773,0.17739028213166144,3.1593218466975923,0.6927985939137458,0.296393353880808
ecoli,P2_Full,,main,clean,0.0,4,0.15,50,0.6904761904761905,0.6838167232436724,0.549675594957063,-0.040710545811990365,1.0,0.06709751229442716,0.38849934234338646,0.47058823529411764,0.04660190000140574,0.01572630000009667,0.3295100999966962,,C,0.008281580087728922,0.9290741439582406,4.4924778998801385,2.531059623020474,0.9400536720633212,0.15480289865822963,0.22002011488340384,0.19259939238957008,3.048031093962778,0.6814145461688048,0.31825915822423034
ecoli,P2_Full,,main,clean,0.0,4,0.2,67,0.7202380952380952,0.716834623617159,0.5857852161287479,-0.0506039158116209,1.0,0.07167755787050951,0.3447287117733675,0.5882352941176471,0.040849299999536015,0.014402000000700355,0.4094247999964864,,C,0.0073226865709768675,0.9305456790659155,4.494624840534881,2.1090928382457266,0.9411816553240216,0.15313627885297693,0.21975986728554597,0.18078763341921236,3.132837947882736,0.7219505119013728,0.2653740961667194
ecoli,P2_Full,,main,clean,0.0,5,0.05,16,0.7351190476190477,0.6419855197757137,0.6028356399564837,-0.08403822570089597,1.0,0.07135740898866222,0.15378034859895706,0.875,0.046416899996984284,0.01950839999335585,0.10143329999846173,,C,0.0030504767298622296,0.9376450713336781,4.472532023083698,0.009832047511469875,0.9455297400064262,0.1264482029149781,0.22121264440559144,0.2023196837472962,2.985668202764977,0.7157094023697772,0.2836309157173269
ecoli,P2_Full,,main,clean,0.0,5,0.1,33,0.7738095238095238,0.677715610768076,0.670131191219328,-0.061120735892425164,1.0,0.07206787832530656,0.3278106047826655,0.5882352941176471,0.05110720000084257,0.01563180000084685,0.1841530000019702,,C,0.009124817649644764,0.935756421822215,4.3761140497291064,2.924208070548117,0.9438839217106513,0.12651069755088337,0.2260947861809663,0.20760188087774295,2.9542280105700263,0.7231250885348125,0.2739295346196058
ecoli,P2_Full,,main,clean,0.0,5,0.15,50,0.7619047619047619,0.7254173585483369,0.7194738113333483,-0.06203652916617791,1.0,0.07513462126471653,0.3329799473285675,0.6470588235294118,0.05669789999956265,0.009136800006672274,0.2630871000001207,,C,0.008096849939006064,0.9504993197681058,4.065882759916599,2.4188215187268307,0.956461342860313,0.12044325581541956,0.2434521920036145,0.22518741940419207,2.860186353489275,0.7497509681397017,0.251032090280081
ecoli,P2_Full,,main,clean,0.0,5,0.2,67,0.7857142857142857,0.7453663251089165,0.7401870291319332,-0.08404385610333681,1.0,0.0814760488147198,0.23179689225028544,0.8823529411764706,0.0405968999984907,0.006838299996161368,0.3215557000003173,,C,0.0041728171827965805,0.9637524999788742,3.186698568112693,1.1604509505080514,0.9676881040418106,0.10857587587123475,0.3113966860169394,0.30477242056189424,2.5702841961194753,0.8032760225096818,0.20445304934801117
ecoli,P2_Full,,main,clean,0.0,6,0.05,16,0.6488095238095238,0.5829842824604516,0.5143860291958585,-0.06210673846705786,1.0,0.06253916177441775,0.24427693709731102,0.875,0.06287860000156797,0.019160900003043935,0.10917750000226079,,C,0.002912437741220126,0.8952151206033215,5.185144847478876,0.05739894929407528,0.9127842520236409,0.16766857509859606,0.19039032099242745,0.1509286193779369,3.406412157153447,0.6422535033587968,0.35519978647657446
ecoli,P2_Full,,main,clean,0.0,6,0.1,33,0.7678571428571429,0.6929259800642716,0.6342919303844974,-0.045523944185673015,1.0,0.06345133441379999,0.42794804713305307,0.47058823529411764,0.057030299998587,0.02561520000017481,0.21569610000005923,,C,0.01081181228819127,0.9123563928806194,4.305215827452329,3.553700888233294,0.9274184012016505,0.17185518506232672,0.22986973511224604,0.19427899686520375,3.036809197256958,0.6514925058562085,0.33769218497331444
ecoli,P2_Full,,main,clean,0.0,6,0.15,50,0.7886904761904762,0.7212584768105773,0.6617703656288536,-0.05380848074397444,1.0,0.07047596548304182,0.40527866342488456,0.5882352941176471,0.046953500001109205,0.019076399999903515,0.30891040000278736,,C,0.008061390603815518,0.9272715224764804,4.442312508458823,2.4685537390993453,0.9380722743877624,0.1485078786062733,0.2225421134438329,0.19045745634166067,3.0626291025935277,0.7116606329360868,0.2786602909821496
ecoli,P2_Full,,main,clean,0.0,6,0.2,67,0.7291666666666666,0.7004217989792173,0.7142178394164119,-0.05642573156424699,1.0,0.07301826614606191,0.3314578866257387,0.5882352941176471,0.04462020000210032,0.019536200001311954,0.38963170000351965,,C,0.006652416583177882,0.9443508396981577,4.36837401361819,1.8880305393325432,0.9521826360545339,0.1407352117066348,0.22621257720407184,0.19511716353821618,3.031281438631791,0.7325558901200463,0.2573227534605295
ecoli,P2_Full,,main,clean,0.0,7,0.05,16,0.5773809523809523,0.5839000449149125,0.41091904687320174,-0.056279977615648374,1.0,0.061853590167219294,0.3142644874751568,0.625,0.04823780000151601,0.01906990000134101,0.09177210000052582,,C,0.002862886219008954,0.8799841437125439,5.265187310187107,0.05792460955412465,0.9006327532775495,0.17204901255338412,0.18744947816400503,0.14725516521220258,3.4477333164492845,0.6370018105846553,0.3621368209258763
ecoli,P2_Full,,main,clean,0.0,7,0.1,33,0.7261904761904762,0.6317653778916777,0.5839134781840544,-0.033495715970090864,1.0,0.06261457986868953,0.43604302932234373,0.5294117647058824,0.048533500004850794,0.019144099998811726,0.180355900003633,,C,0.05620223675498909,0.8914787313733928,5.122241155559993,18.905558302053844,0.9104035831548472,0.1743884127135457,0.19270424487159873,0.14911833855799372,3.4265208251215347,0.6433565595111388,0.35374379234821357
ecoli,P2_Full,,main,clean,0.0,7,0.15,50,0.7976190476190477,0.7045246183791788,0.7426180112354293,-0.0643224828399277,1.0,0.0710283522408462,0.36987533113535714,0.5294117647058824,0.04493110000476008,0.016238999996858183,0.2550741000013659,,C,0.009746585327977359,0.9342346687116809,4.30507578556603,2.962347846776794,0.9438852175051581,0.14674219082344048,0.22974184188841282,0.19889406159158962,3.0069505494505497,0.715395223008311,0.27755334262711573
ecoli,P2_Full,,main,clean,0.0,7,0.2,67,0.7886904761904762,0.7404990463737391,0.7435881579977813,-0.07548140011164133,1.0,0.07712022951945148,0.2592482409056495,0.7058823529411765,0.04008420000172919,0.008488800005579833,0.3144023000058951,,C,0.00837174750550277,0.9528396931762959,3.7509062488295473,2.354828205175794,0.9583073483241703,0.1159376500308563,0.26402891239458764,0.2509876088823457,2.746065109003813,0.7662194789029144,0.23679344356811596
ecoli,P2_Full,,main,clean,0.0,8,0.05,16,0.5833333333333334,0.6124875182617738,0.4493119616311866,-0.06848407042978179,1.0,0.0684186971907847,0.17820432409644127,0.875,0.046864399999321904,0.014852899999823421,0.08627800000249408,,C,0.0030303438145958222,0.93145668491318,4.72076241030745,0.011233981495833559,0.941441367031182,0.1456696704172378,0.20941988512754467,0.17634444693070783,3.1676800253780266,0.692413236182356,0.3000204114180419
ecoli,P2_Full,,main,clean,0.0,8,0.1,33,0.7678571428571429,0.678391940586569,0.6878485342430599,-0.033961461871265176,1.0,0.06298714109365842,0.42086587408009696,0.5882352941176471,0.04957289999583736,0.019211200000427198,0.17312170000514016,,C,0.051264494857383366,0.9017722058467033,4.8856424563722065,17.047736742038765,0.9187528651502199,0.17287020898602484,0.2021882099366924,0.15811128526645768,3.331164807930607,0.6463256990609042,0.3471060304664818
ecoli,P2_Full,,main,clean,0.0,8,0.15,50,0.7976190476190477,0.7183256171051925,0.7270252502693565,-0.04685995429265839,1.0,0.07523203320878279,0.3526357377276701,0.7058823529411765,0.04332609999983106,0.010366600006818771,0.24185650000436,,C,0.010817603259624133,0.9472145872335567,4.001577990127669,3.2428153146158616,0.9533205475175464,0.11567514515812068,0.24741764435812044,0.23596266911459357,2.8094896257873287,0.7499430586088184,0.25377711714364765
ecoli,P2_Full,,main,clean,0.0,8,0.2,67,0.8363095238095238,0.7550487654512211,0.7590313454331044,-0.06307439829292275,1.0,0.07758801802435127,0.31122028827667236,0.6470588235294118,0.04059930000221357,0.009282599996367935,0.3016358000022592,,C,0.01025482016340548,0.9567739149621289,3.8122743733204336,2.8726430882556144,0.9616477042592859,0.11275111527881813,0.2597222218708088,0.2468408784198258,2.7627982107355864,0.7705764856442262,0.23482422167890343
ecoli,P2_Full,,main,clean,0.0,9,0.05,16,0.5863095238095238,0.6251231648280742,0.42928173271936426,-0.05876505345408169,1.0,0.06551225309956858,0.2198292836546898,0.875,0.04855410000163829,0.0196728999944753,0.1034667999992962,,C,0.011299266432313961,0.9196376168384629,5.506420856042013,3.7766286259706874,0.9307886837382827,0.13875978363415192,0.17910343619713667,0.14872827627358842,3.4309177532597794,0.6669458389260665,0.33212755353189943
ecoli,P2_Full,,main,clean,0.0,9,0.1,33,0.6666666666666666,0.6763575249651232,0.5391970910373444,-0.04831929694848918,1.0,0.06499955530821129,0.4309966967386358,0.47058823529411764,0.04947659999743337,0.019708199994056486,0.19024940000235802,,C,0.011018839090861135,0.9110399992340875,5.564732328801913,3.6269810733831775,0.9240635141447356,0.14639742354452026,0.17713169942880214,0.144455329153605,3.4806388173063882,0.6616506640024864,0.3378984432462661
ecoli,P2_Full,,main,clean,0.0,9,0.15,50,0.7053571428571429,0.7187552187143943,0.5759378351086699,-0.05865002477829151,1.0,0.07095198880817237,0.3561258596532485,0.5882352941176471,0.04932160000316799,0.013177699998777825,0.27686930000345455,,C,0.011349154579904458,0.9305003430692846,4.534038539924392,3.463271326572169,0.940876121265826,0.14929250955706014,0.2179729785988696,0.1815837212860359,3.1267753972075107,0.7154187343396524,0.27271096050107907
ecoli,P2_Full,,main,clean,0.0,9,0.2,67,0.8422619047619048,0.7542513086443964,0.7497650162063589,-0.06482293582043978,1.0,0.07252464154756809,0.2814621592269224,0.5882352941176471,0.04503590000240365,0.01819650000106776,0.3528894000046421,,C,0.010226131902611424,0.9363857894814908,4.439329698455977,2.9269784444576032,0.945920175103684,0.1498782354521099,0.2225408436864362,0.18432094221567905,3.1063298722044728,0.729051521551838,0.25831541280312437
ecoli,P2_Full,,main,clean,0.0,10,0.05,16,0.5922619047619048,0.5900928881957467,0.4442699696824208,-0.0677665846171934,1.0,0.06185311684877733,0.22334636375308037,0.75,0.048207399995590094,0.020569100001011975,0.09607889999460895,,C,0.0028811243742923867,0.8855901253102141,5.198894051521563,0.05763560249514635,0.9053750889642044,0.1729305596010465,0.18987871951714008,0.1492317446110241,3.425246782456579,0.6359282564211289,0.36177427696931796
ecoli,P2_Full,,main,clean,0.0,10,0.1,33,0.7559523809523809,0.6719147881348178,0.6620446777371422,-0.04485399616501839,1.0,0.06343477517302751,0.4262351980980705,0.5294117647058824,0.054949600002146326,0.019519999994372483,0.1927769999965676,,C,0.05133376055323494,0.9037869110465528,4.873764050991364,17.032716834203384,0.9201781585085999,0.17036400806108512,0.20268862601671644,0.16114811912225704,3.3013677811550153,0.6499339159357533,0.34570855647643084
ecoli,P2_Full,,main,clean,0.0,10,0.15,50,0.8630952380952381,0.7301915785839592,0.7771062289637711,-0.046745259016748364,1.0,0.07373554577728494,0.3353233565302456,0.5882352941176471,0.04707829999824753,0.018299000003025867,0.2672346999970614,,C,0.009413999650477978,0.9453301938034614,4.048986515455098,2.827679555975455,0.9523421345766736,0.12825984324883433,0.2444819251391064,0.22608353550586846,2.85578596287703,0.7372399851416527,0.2642459230714125
ecoli,P2_Full,,main,clean,0.0,10,0.2,67,0.7976190476190477,0.732700752172012,0.6653688364558742,-0.052502502207062304,1.0,0.08067071952002292,0.3557286139796762,0.5882352941176471,0.04068869999900926,0.004198399998131208,0.3296665999951074,,C,0.007772301497411649,0.9595022976167606,3.4103325059231246,2.171033716719162,0.9639611334365358,0.11010095776743281,0.29074663283991947,0.2827383143172617,2.634209841187191,0.7961071169037603,0.21295310567892298
ecoli,P2_Full,,main,clean,0.0,12,0.05,16,0.5029761904761905,0.5491868656186402,0.3934226305970993,-0.061767127918885334,1.0,0.06189707118189772,0.3045694902539253,0.75,0.04812140000285581,0.019066600005317014,0.097771400003694,,C,0.010577417615339353,0.9177496550092157,5.172300910972199,3.542633133946481,0.9306050051621009,0.15629539492296982,0.19087069507165674,0.15344596106511524,3.3792380605176815,0.6361794535843759,0.3610993966498669
ecoli,P2_Full,,main,clean,0.0,12,0.1,33,0.7232142857142857,0.654491640239682,0.6543118097971198,-0.040993815340504364,1.0,0.05890634967388507,0.46382249015219074,0.5294117647058824,0.04727279999497114,0.02096929999970598,0.19020889999956125,,C,0.010448839235602346,0.8921614585838298,5.1459033177170275,3.5121372787389618,0.9114773856878586,0.17911895738171113,0.1918037275355142,0.14657131661442005,3.455654324288197,0.6122110734708672,0.38219303016108613
ecoli,P2_Full,,main,clean,0.0,12,0.15,50,0.7410714285714286,0.6866253616727467,0.6962358641541939,-0.05594501892660153,1.0,0.07502140027704256,0.36691340979407816,0.5882352941176471,0.04462990000320133,0.02094270000088727,0.2682189000042854,,C,0.009033791520018788,0.9483051961804118,3.986547456519891,2.7049639224083366,0.9544923043736391,0.1196853017340003,0.24836297091916568,0.234563853736367,2.815807864330973,0.7480740677482685,0.2558330843748553
ecoli,P2_Full,,main,clean,0.0,12,0.2,67,0.8154761904761905,0.7475816301811884,0.7573648621860338,-0.05280210697147088,1.0,0.07800630255977375,0.3367265936206369,0.6470588235294118,0.038599100000283215,0.007780300002195872,0.3279758999997284,,C,0.006874063857462122,0.9541275879316325,3.6578139444127795,1.930945681653351,0.9590801046044675,0.10796285718426571,0.27083781517930366,0.2639676113360324,2.697085889570552,0.7737064893905581,0.23340025361067512
ecoli,P2_Full,,main,clean,0.0,11,0.05,16,0.5833333333333334,0.5994979433302522,0.4801162859383443,-0.06342261359229592,1.0,0.0650026113912643,0.2178238146007061,0.875,0.04861420000088401,0.01712009999755537,0.09005889999389183,,C,0.013532281785314772,0.9218223591417508,4.706482195613031,4.512264544211519,0.9334312865650015,0.14849421517208364,0.21006457710259527,0.17824643842768703,3.152552568260278,0.6613197834506914,0.33950358553118265
ecoli,P2_Full,,main,clean,0.0,11,0.1,33,0.6607142857142857,0.6309111384419785,0.558277414261121,-0.04146087230567959,1.0,0.06282564535132892,0.41902009792187633,0.47058823529411764,0.04768070000136504,0.018265600003360305,0.1803031999952509,,C,0.020808666022494527,0.9096341688964366,4.7388369299813515,6.860003980022327,0.9246313954605856,0.16596125306435272,0.2085489588814304,0.16516457680250785,3.263641755634638,0.6437327399259406,0.35004584479158674
ecoli,P2_Full,,main,clean,0.0,11,0.15,50,0.6934523809523809,0.6983163613891721,0.5705756378515807,-0.044603904584181675,1.0,0.06599336637077373,0.4518840558388654,0.47058823529411764,0.044894999999087304,0.021389499997894745,0.27305109999724664,,C,0.049718579177954934,0.9195057570537669,4.340374369779844,15.353372966823219,0.9327504447857915,0.1645420498068607,0.22784651125983924,0.1925556794090005,3.048325766174801,0.6717727170441288,0.32518245303462845
ecoli,P2_Full,,main,clean,0.0,11,0.2,67,0.7202380952380952,0.7512780090168005,0.6025271984225467,-0.04194282412798347,1.0,0.07099505763607276,0.41372913998716015,0.47058823529411764,0.04565800000273157,0.025606199997127987,0.37317590000020573,,C,0.007629895526954981,0.9278049901252158,4.253791321409323,2.2040672198118836,0.9398166990150653,0.1663786584513622,0.23240049020984999,0.18908109434425224,3.072184012457825,0.716003909727786,0.2695507423449684
ecoli,P2_Full,,main,clean,0.0,13,0.05,16,0.8422619047619048,0.7135287356967074,0.7637929043801416,-0.09065463344284169,1.0,0.06795729910099926,0.1814424842596054,0.875,0.04795200000080513,0.01923740000347607,0.08453169999847887,,C,0.0030207673111638383,0.9285130921443162,4.725670139951535,0.01016475799058432,0.9390806829740985,0.14782554102236384,0.20919922128623653,0.17446110240918922,3.182984181274049,0.6890498559587969,0.2989234932393199
ecoli,P2_Full,,main,clean,0.0,13,0.1,33,0.7738095238095238,0.6683925455647401,0.6701753635250602,-0.06346106656604411,1.0,0.07851159387965209,0.35680201474358053,0.5882352941176471,0.05269219999900088,0.012088700001186226,0.16984199999569682,,C,0.00375965388460467,0.9507368213692037,3.5828993459258807,1.1858627971900861,0.9559889501187019,0.10661367973959633,0.2768437070314358,0.2730407523510972,2.665614236509759,0.7784925142129036,0.2262339462930121
ecoli,P2_Full,,main,clean,0.0,13,0.15,50,0.8035714285714286,0.7109571445129509,0.7441992864059215,-0.04471195804273351,1.0,0.07456734171394165,0.34993425362250385,0.5294117647058824,0.04683339999610325,0.012700100000074599,0.24400239999522455,,C,0.0065369563792357956,0.938156031587387,4.078794583770897,1.9785182264028882,0.9458157820841896,0.12385606379102211,0.24267103812634053,0.22700150809782965,2.85131426920855,0.7443765357634009,0.2560119343747086
ecoli,P2_Full,,main,clean,0.0,13,0.2,67,0.8988095238095238,0.8070457524902234,0.8350539053555133,-0.057621123126814264,1.0,0.07696359390343677,0.3389958669157589,0.5882352941176471,0.05228300000453601,0.016811699999379925,0.3361511999974027,,C,0.00494587119914328,0.9546634193713173,3.746689410816688,1.3885306437744211,0.959785952847062,0.11298896839396728,0.2643300217082859,0.2528769476137897,2.7386231321560257,0.7656265641130899,0.23733353278352837
ecoli,P2_Full,,main,clean,0.0,15,0.05,16,0.5327380952380952,0.5896741552916178,0.44422164845748946,-0.05183222941154331,1.0,0.058414403946464,0.2686060294508934,0.75,0.048625399998854846,0.025487800005066674,0.1004837000000407,,C,0.04742825720801696,0.8888327086823669,5.221475521263396,16.401663481125325,0.9083447615395157,0.1755197291026723,0.18904431992567536,0.1443089430894309,3.482394366197183,0.6057943496466491,0.39939239974982177
ecoli,P2_Full,,main,clean,0.0,15,0.1,33,0.8720238095238095,0.7306328086255645,0.781688384609933,-0.0381934598107499,1.0,0.05884642533538843,0.45280950998558717,0.47058823529411764,0.04985710000619292,0.028028500004438683,0.19036890000279527,,C,0.048527917347397594,0.9025424638662279,5.06796053710939,16.123929937843336,0.9196986323805812,0.1760373717103256,0.19480178769782572,0.14598354231974922,3.4625218091531336,0.6100656935077184,0.3880549019461962
ecoli,P2_Full,,main,clean,0.0,15,0.15,50,0.9017857142857143,0.7778296465078121,0.8221550426320939,-0.05680411877362308,1.0,0.07898495870105207,0.338278146351085,0.5882352941176471,0.04162280000309693,0.008634300000267103,0.24992219999694498,,C,0.008571417218428464,0.9550826722662725,3.4519475486974143,2.5483038642221194,0.9601271818043835,0.11230653720130371,0.2873395248302892,0.27998164054816077,2.6429156908665106,0.7821485324344234,0.2273906006244395
ecoli,P2_Full,,main,clean,0.0,15,0.2,67,0.8392857142857143,0.7591051978494548,0.7303799505029578,-0.05666922821450844,1.0,0.08080467423289246,0.33398544788360596,0.6470588235294118,0.038564900001802016,0.004810600003111176,0.31152019999717595,,C,0.0081935489485302,0.9654740748406151,3.304984599831684,2.2745442186275877,0.9691436593010831,0.106284898768905,0.30012615937391923,0.29324009324009326,2.602543720190779,0.7972269949142804,0.2133061559557213
ecoli,P2_Full,,main,clean,0.0,14,0.05,16,0.5625,0.6043253381451592,0.4028471995986615,-0.09271572719092332,1.0,0.06411358495088662,0.23181363940238953,0.75,0.08227489999990212,0.0208271999945282,0.1528353999965475,,C,0.012914987645997546,0.9053989708967286,5.636085064118983,4.384547277117292,0.9192706694130809,0.14663369572025678,0.17491261374150313,0.14171701350041024,3.514078947368421,0.6550366647508179,0.34549579589076407
ecoli,P2_Full,,main,clean,0.0,14,0.1,33,0.7767857142857143,0.6436088327637496,0.706244638325645,-0.04666269044425669,1.0,0.06356937308600372,0.4092233303715201,0.5882352941176471,0.04706799999985378,0.01662670000223443,0.24061839999922086,,C,0.012812508290709406,0.9103984080664259,5.563847663170333,4.220360630990925,0.9240384646274364,0.1522300694291517,0.1771603622504494,0.14120297805642634,3.5205009019009292,0.6504675101338447,0.3506365075046641
ecoli,P2_Full,,main,clean,0.0,14,0.15,50,0.7827380952380952,0.6946517591752464,0.6850838190593651,-0.06303330965745685,1.0,0.07209864476977934,0.33037925117156086,0.6470588235294118,0.0467038999995566,0.021224299998721108,0.3356139000024996,,C,0.01189956092278633,0.9440023333576621,3.8439607095241914,3.5792943310411456,0.9513526859458397,0.13126176551471178,0.25769850069057604,0.24345944528227656,2.776865068677619,0.7229872388326611,0.2833840744248167
ecoli,P2_Full,,main,clean,0.0,14,0.2,67,0.8154761904761905,0.7390035873246855,0.7658082969789888,-0.05023775456195914,1.0,0.07564328081388857,0.3392386769547182,0.5294117647058824,0.04115579999779584,0.02516240000113612,0.4127107000022079,,C,0.010489759291193687,0.9438360345961664,4.063679762716233,2.9787353300045973,0.9512081048265988,0.13125978868168078,0.24343705808781005,0.2205128205128205,2.883720930232558,0.7539685948184078,0.2454352535255906
ecoli,P2_Full,,main,clean,0.0,16,0.05,16,0.5238095238095238,0.5918984922033325,0.40491422976155034,-0.08600230307715707,1.0,0.06793923144932251,0.18114102259278297,0.875,0.06377010000142036,0.04656500000419328,0.13673950000520563,,C,0.002995118708662149,0.9206293127052277,4.645942623614139,0.010458657067987289,0.9326430029227858,0.1513618015293328,0.21284170048551163,0.17917878720071603,3.1452544489541054,0.6880601627092546,0.30152444960328356
ecoli,P2_Full,,main,clean,0.0,16,0.1,33,0.6339285714285714,0.6741070841699681,0.534468555602778,-0.05595058787750048,1.0,0.06630830709969329,0.3820019057568382,0.6470588235294118,0.05060389999562176,0.02773910000541946,0.23881640000035986,,C,0.009582612874974635,0.9210074927665702,4.47069026628337,3.120093965626154,0.9335616507687547,0.15892846602635188,0.22124549774087363,0.1886167711598746,3.075438869845227,0.6744311217679323,0.32231620404428224
ecoli,P2_Full,,main,clean,0.0,16,0.15,50,0.8452380952380952,0.7940007466112975,0.8039073657775048,-0.05377734867936922,1.0,0.07137977754362364,0.39534438007018147,0.47058823529411764,0.0485151999964728,0.01919359999737935,0.3171049000011408,,C,0.008347094152029768,0.942236796616568,3.8427687332775124,2.5154448222062724,0.9511042284615254,0.15351350558062826,0.25777946247996186,0.2242694468122309,2.8647305330864437,0.7175222951423117,0.2776318875381969
ecoli,P2_Full,,main,clean,0.0,16,0.2,67,0.6726190476190477,0.7397580931870548,0.5754223539283729,-0.053904514734499656,1.0,0.08315020255081713,0.2358939595082227,0.7647058823529411,0.03993790000095032,0.005336399997759145,0.38212880000355653,,C,0.00753630670830818,0.9753279841322676,2.9177246806482664,2.0709557897847777,0.9775521507740955,0.09014936816479759,0.34042661669185403,0.34140596245859406,2.4822660629581716,0.815900177361788,0.20378719895267663
ecoli,P2_Full,,main,clean,0.0,17,0.05,16,0.5446428571428571,0.584468307731592,0.39966914213078647,-0.06580632995705511,1.0,0.062110981434625574,0.33881600573658943,0.625,0.050389799995173234,0.021711100001994055,0.09132839999801945,,C,0.013559806133997066,0.9010965347014985,4.930094836786348,4.625438592394563,0.918313063605781,0.17407407164472052,0.20039804386387888,0.16017751920638473,3.3107683352735737,0.6400123816104324,0.35136857773157115
ecoli,P2_Full,,main,clean,0.0,17,0.1,33,0.6875,0.6721847381064255,0.5499588321365797,-0.06671418325409728,1.0,0.06253659081789475,0.3673944420674268,0.5882352941176471,0.05163880000327481,0.014089600001170766,0.1895689999946626,,C,0.013342699253299348,0.8958447364460624,4.920972577399233,4.466402357585097,0.9145250821375935,0.17935095216630587,0.2007140934803013,0.15846394984326018,3.3276458951533137,0.643683170393845,0.34745288987598805
ecoli,P2_Full,,main,clean,0.0,17,0.15,50,0.8690476190476191,0.7311258577404214,0.7910762632959343,-0.06726283754867314,1.0,0.06949642867519328,0.3386708199977875,0.6470588235294118,0.0435871000008774,0.028441700000257697,0.27479449999373173,,C,0.011488321163721194,0.9310714572425448,4.540788484361157,3.503588550221565,0.9418494400282444,0.15636458213870866,0.2176440365420449,0.17795554389876073,3.154845246868091,0.7028032625543661,0.2856080988240331
ecoli,P2_Full,,main,clean,0.0,17,0.2,67,0.7827380952380952,0.7333888683205094,0.7390925331704561,-0.05965247733971208,1.0,0.08104118245763159,0.24112336249912486,0.7058823529411765,0.04187320000346517,0.0078295999992406,0.3350445999967633,,C,0.003893292031529953,0.959550847268605,3.3730646519555565,1.0874566059104467,0.9637580967885397,0.10401329164725137,0.2939977615865235,0.2900748374432585,2.611846557266114,0.8003533030232414,0.20466938557865902
ecoli,P2_Full,,main,clean,0.0,19,0.05,16,0.5625,0.6025355140539591,0.42934178480071084,-0.0775437484901556,1.0,0.06421889588763482,0.22980325669050217,0.75,0.046552100000553764,0.015311700000893325,0.08645339999930002,,C,0.013312143521794245,0.9019993169756407,5.586082870096746,4.536412529411535,0.9163404259886747,0.1463368271573103,0.17650566679218405,0.14445811889311555,3.4806053956370206,0.6550388449807405,0.346443687982541
ecoli,P2_Full,,main,clean,0.0,19,0.1,33,0.7619047619047619,0.6626074119712151,0.7010041380972521,-0.042263547067771204,1.0,0.06566617033205313,0.4554337534834357,0.4117647058823529,0.04944470000191359,0.01988320000236854,0.1695666000014171,,C,0.01240502350883659,0.9102256784469113,5.403188182878645,4.086913084218523,0.9232442472548675,0.14501439367890548,0.1825212946262063,0.14998040752351097,3.416884389288047,0.6676719114680019,0.33076594101655366
ecoli,P2_Full,,main,clean,0.0,19,0.15,50,0.8035714285714286,0.7222812792344778,0.7399182755196871,-0.058640369112618745,1.0,0.07526907918387137,0.36867885905153613,0.5882352941176471,0.04487839999637799,0.007420000001729932,0.2336555000001681,,C,0.01424361992199214,0.9482770649007496,4.017295474462618,4.265055364785561,0.9542205061928538,0.11490920383190811,0.24643667902346778,0.23513212248377155,2.8132320133853876,0.749539058159195,0.256293949355698
ecoli,P2_Full,,main,clean,0.0,19,0.2,67,0.6398809523809523,0.678607948965498,0.5270445141308494,-0.059206383987616525,1.0,0.07804668713758031,0.3084268745254068,0.6470588235294118,0.039128700002038386,0.006760700001905207,0.2966336000026786,,C,0.006490672425499622,0.9501436489939796,3.7703891878505753,1.8308947100698107,0.9555460431352751,0.10835919661756108,0.26264645023224226,0.25496258127837074,2.7305360408045427,0.7747936894557497,0.23009361083149224
ecoli,P2_Full,,main,clean,0.0,18,0.05,16,0.6220238095238095,0.603382881807052,0.42871598046411336,-0.06339297903580438,1.0,0.0615377356843198,0.24975373595952988,0.75,0.046481100005621556,0.019960199999331962,0.08618790000036824,,C,0.002941200216000953,0.904056031420176,4.879785527824325,0.01511169040951679,0.9203905715916947,0.17025082882545775,0.20249562338730517,0.16737525173416873,3.243649732620321,0.6342826922052355,0.3595872870738561
ecoli,P2_Full,,main,clean,0.0,18,0.1,33,0.6964285714285714,0.6443719004577003,0.5470162459890117,-0.0579571837682042,1.0,0.06685654854512227,0.35096720562261696,0.5294117647058824,0.06471980000060285,0.0207111999989138,0.19825489999493584,,C,0.009300530775512439,0.9203973793633782,4.813793967608727,3.0302555413677794,0.9326923075966438,0.15445381238628705,0.2052527672902702,0.17106191222570533,3.211459168480128,0.679524149963603,0.31099380473471655
ecoli,P2_Full,,main,clean,0.0,18,0.15,50,0.8779761904761905,0.7555004590186061,0.7993433391569975,-0.04575572107543213,1.0,0.06931000574388124,0.38659973179592805,0.47058823529411764,0.04345620000094641,0.0271056999990833,0.2788414999959059,,C,0.012066862562185185,0.9284287294723356,4.613218035053878,3.690501098475124,0.9395885156755077,0.1559255008454623,0.2141749413019329,0.1754201910257251,3.1751495140792425,0.7010919350535295,0.2895816337671413
ecoli,P2_Full,,main,clean,0.0,18,0.2,67,0.8541666666666666,0.7466519585891909,0.7640249520093843,-0.07444780480695462,1.0,0.0805265574952389,0.2896500931066625,0.6470588235294118,0.03717940000205999,0.005280899997160304,0.3459919000015361,,C,0.007021449514058093,0.9563513168988176,3.5419705747856804,1.9677606221651618,0.9611332829702489,0.10955579256185558,0.27981056987203257,0.2715985768617348,2.670476104435812,0.794829056723862,0.21440570268454312
ecoli,P2_Full,,main,clean,0.0,20,0.05,16,0.5892857142857143,0.5975772367013941,0.4855998480825958,-0.07359642785306689,1.0,0.06759459316622533,0.23369302600622177,0.75,0.04930400000012014,0.018963100003020372,0.09979409999505151,,C,0.00300172181939185,0.9226589542266873,4.68345553855046,0.01045504197900308,0.9344809540851886,0.15285544357845496,0.21111241514633186,0.17343551875885732,3.191457907751855,0.6853595819839371,0.3043408998983036
ecoli,P2_Full,,main,clean,0.0,20,0.1,33,0.6279761904761905,0.6406061450563826,0.504102422251902,-0.042074711868953306,1.0,0.06168334060853234,0.4991493549417047,0.47058823529411764,0.052022399999259505,0.026678100002754945,0.19820069999695988,,C,0.05179663754843591,0.9022250922950429,4.624195697130603,17.21605176545691,0.920012931915174,0.18192642711366344,0.21379693890884444,0.16440047021943574,3.270676915743058,0.6355900571183809,0.35454272828455713
ecoli,P2_Full,,main,clean,0.0,20,0.15,50,0.8125,0.739942708293086,0.7829326083129121,-0.06195480979674545,1.0,0.06990203612996891,0.369343613877016,0.5882352941176471,0.046094999997876585,0.01555730000109179,0.271982799997204,,C,0.008828736984010812,0.9281309416575061,4.527993062109917,2.7010266627189026,0.9392266034442714,0.15438718751383548,0.21826842272309485,0.17922322033527857,3.1449085365853655,0.706654826711055,0.28188588967001976
ecoli,P2_Full,,main,clean,0.0,20,0.2,67,0.8422619047619048,0.7844351625898434,0.8119870412755964,-0.05718598644408383,1.0,0.07724311606821718,0.34860022453700795,0.5294117647058824,0.04187850000016624,0.006040100000973325,0.3299706999969203,,C,0.007960451026346179,0.950688705494757,3.589171730287465,2.2442037754102877,0.9558647496367696,0.10496670578100872,0.2760846405173004,0.2731443994601889,2.665266798418972,0.7671318699627407,0.2413630405010302
ecoli,P2_Full,,main,clean,0.0,21,0.05,16,0.6101190476190477,0.6169389554721276,0.4327790703784453,-0.05496089656983956,1.0,0.06539599306725892,0.23050128296017647,0.75,0.04942280000250321,0.022381199996743817,0.09643830000277376,,C,0.012624268705645258,0.9168298532089517,5.487996875266496,4.2324149770119135,0.9285566908807326,0.14099816008792962,0.17971497822065813,0.14816886700977103,3.4372640322174677,0.6646613709482101,0.3354353484856516
ecoli,P2_Full,,main,clean,0.0,21,0.1,33,0.6101190476190477,0.5919806504281248,0.4563848811911982,-0.04090972253832455,1.0,0.06457707202601493,0.44569894233170676,0.5882352941176471,0.04860170000029029,0.018951300000480842,0.18831520000094315,,C,0.012864366111343917,0.9112846446343533,5.582689816256135,4.233321305352874,0.9242980818671566,0.14668753993226508,0.17655184752212244,0.14390673981191224,3.487236215112321,0.659170107996689,0.3413239445187934
ecoli,P2_Full,,main,clean,0.0,21,0.15,50,0.7678571428571429,0.6842983046393233,0.643971556237841,-0.03250700568257914,1.0,0.0635032624810887,0.4164941486190347,0.5294117647058824,0.04415729999891482,0.018454999997629784,0.27507400000467896,,C,0.04598260090823942,0.9011002293456825,4.8804928987647145,14.48971942122671,0.9187288214168747,0.1782470470311721,0.2022645470943179,0.15474395121631368,3.365572033898305,0.6514464100279207,0.34247092545991487
ecoli,P2_Full,,main,clean,0.0,21,0.2,67,0.8184523809523809,0.7312755296848894,0.7477729032013352,-0.05375384666430413,1.0,0.07042293436378351,0.34527550462414236,0.6470588235294118,0.04400549999991199,0.02133740000135731,0.35575900000549154,,C,0.00832090004009837,0.9328069124996755,4.204500942927039,2.3907903666368195,0.9436563479053848,0.16146654082024234,0.23516611138015842,0.1975953870690713,3.015211722339501,0.7103046326068199,0.2807027548711769
ecoli,P2_Full,,main,clean,0.0,22,0.05,16,0.5952380952380952,0.608914186887363,0.4888363494317289,-0.04661993970995946,1.0,0.06376302719933828,0.28774239122867584,0.75,0.045601099998748396,0.01939439999841852,0.09192939999775263,,C,0.010726932572985376,0.9207692252231804,4.935256318339973,3.5809273821181904,0.9330330167079934,0.15478570693468743,0.20018526157126681,0.16006563735362125,3.31185927306617,0.6520428945439727,0.34083282864841685
ecoli,P2_Full,,main,clean,0.0,22,0.1,33,0.7827380952380952,0.6828769750026976,0.7182979237882829,-0.02941572345496597,1.0,0.06396268046583187,0.4554368993815254,0.5294117647058824,0.04961069999990286,0.02181650000420632,0.1781849000035436,,C,0.010538372270573986,0.9161676288172313,4.8289531773727346,3.4494153109452554,0.9295132966684042,0.1591946841402943,0.20459859014841233,0.16304858934169278,3.2832852679644318,0.6541694319395243,0.3376721353567498
ecoli,P2_Full,,main,clean,0.0,22,0.15,50,0.7827380952380952,0.6850769976016301,0.7225570341264517,-0.06310916399885777,1.0,0.07487302221852053,0.36050883636755104,0.6470588235294118,0.04660719999810681,0.017217699998582248,0.2528154000028735,,C,0.01145200963961712,0.9437387282240944,3.9115826460377843,3.445636591800678,0.950333457992697,0.11721615172280611,0.25318626435363206,0.24265075514173934,2.7802873356152045,0.7465189558446879,0.2568471965528351
ecoli,P2_Full,,main,clean,0.0,22,0.2,67,0.6309523809523809,0.7127128899377989,0.5401981601799513,-0.06287802311626492,1.0,0.07667343764891706,0.3149871510617873,0.7058823529411765,0.04105200000049081,0.006188899998960551,0.324489700004051,,C,0.010679117914698536,0.9537174467167266,3.677203944017211,3.001087117472977,0.9589215498033203,0.11244200497629907,0.26939117792542544,0.25989449147343885,2.711928814199396,0.7624060286188679,0.24251297747031433
ecoli,P2_Full,,main,clean,0.0,23,0.05,16,0.6101190476190477,0.6289711021688934,0.48877756146554285,-0.06126735690032585,1.0,0.06738797522787512,0.25151099637150764,0.625,0.052867099999275524,0.01634639999974752,0.09470639999926789,,C,0.003024279617456866,0.929592692802283,4.874520900215267,0.010028060857487059,0.9397540556409072,0.14432256030029983,0.2027176275289166,0.17158946818825987,3.206965876983264,0.6837951369282451,0.30869744154355006
ecoli,P2_Full,,main,clean,0.0,23,0.1,33,0.6517857142857143,0.6552701386535025,0.5072323256600144,-0.06573977922681991,1.0,0.06790921383198054,0.32352562686976266,0.6470588235294118,0.046479500000714324,0.019207199999073055,0.18567110000003595,,C,0.01160172869253336,0.9239141164786063,4.552490765108843,3.7656330398800435,0.9357227637414605,0.15520155272342753,0.21721376633907272,0.1779780564263323,3.1546675473359755,0.6883563426335513,0.2989742156548595
ecoli,P2_Full,,main,clean,0.0,23,0.15,50,0.6815476190476191,0.6884402170471112,0.5474048773999882,-0.05650412995281951,1.0,0.07023805447564431,0.2981579145964454,0.7058823529411765,0.04349509999883594,0.0196903999967617,0.2803920000005746,,C,0.00803092925318568,0.9378989262163102,4.499232384478626,2.431360209625467,0.9470255263059715,0.14696364384054028,0.21968483806472194,0.18470919939676086,3.1034788782392617,0.7089948961489746,0.27880134724704286
ecoli,P2_Full,,main,clean,0.0,23,0.2,67,0.6994047619047619,0.709152843917879,0.5658132312524494,-0.06242262744359494,1.0,0.07344667005864097,0.2721467789481668,0.7647058823529411,0.050137600002926774,0.020298499999626074,0.37330410000140546,,C,0.007149372026239682,0.9494376661221519,3.710353004707229,2.018200864097692,0.957194095369633,0.1534033074149538,0.2669530333638225,0.23435161329898171,2.8167731127630615,0.7358061920716961,0.25832984840159445
ecoli,P2_Full,,main,clean,0.0,25,0.05,16,0.5982142857142857,0.6167945017460541,0.43607415628934704,-0.05868244842963601,1.0,0.0647484688315614,0.22536814585328102,0.75,0.04691209999873536,0.02155829999537673,0.0873277999999118,,C,0.010383153016084258,0.9046623610846264,5.538875702380717,3.5278774576862446,0.9184038623724694,0.1441351122618075,0.17803606709322545,0.14671440292384574,3.4539908490086426,0.6593734694014163,0.3401424273094368
ecoli,P2_Full,,main,clean,0.0,25,0.1,33,0.6904761904761905,0.6240384838981329,0.5847940008653086,-0.047006300208323776,1.0,0.06549657694483584,0.3963829401661368,0.5294117647058824,0.051504800001566764,0.012725999993563164,0.17368169999826932,,C,0.010287490460246625,0.9216564507796052,5.289401288014112,3.3472432290938765,0.9328381126353156,0.1427260057398511,0.18651517388434152,0.15366379310344827,3.376928471248247,0.6667216721295349,0.3312213133171131
ecoli,P2_Full,,main,clean,0.0,25,0.15,50,0.7708333333333334,0.6691412579990627,0.6929378699783695,-0.04747486424776058,1.0,0.0737801059533151,0.33857908494332256,0.5882352941176471,0.04600899999786634,0.01364830000238726,0.2481707999977516,,C,0.010452228575354727,0.9456802101997155,4.205993835250139,3.13836998235493,0.9528247485890559,0.1315273570757247,0.23523194876829945,0.212182807684742,2.928229295426452,0.7376657798529397,0.26361793890030566
ecoli,P2_Full,,main,clean,0.0,25,0.2,67,0.7976190476190477,0.7346261596545218,0.754804414589816,-0.047856352754463184,1.0,0.07547425435013026,0.3356555419809678,0.5294117647058824,0.04414030000043567,0.008218399998440873,0.3135462999998708,,C,0.009297908381643438,0.942511250552188,3.9791875584496497,2.6440013201119257,0.9497536329990397,0.1259791266363572,0.2486805901420669,0.23246227456753774,2.825443318556048,0.7525721786269626,0.2488422490701601
ecoli,P2_Full,,main,clean,0.0,24,0.05,16,0.8214285714285714,0.6707456121917459,0.7354753385672704,-0.05637154017566717,1.0,0.0682246972582597,0.21803661063313484,0.75,0.06531170000380371,0.019913799995265435,0.1062238000013167,,C,0.003004718823571449,0.9235801630889802,4.028804161289443,0.015693266134348235,0.9366295318821737,0.17075891968191004,0.24591356697669609,0.210058178563437,2.940146471371505,0.6924181725042686,0.2959908635645583
ecoli,P2_Full,,main,clean,0.0,24,0.1,33,0.8035714285714286,0.6857000969511617,0.7562679144837179,-0.05773696553292559,1.0,0.07636699706940123,0.3837305132080527,0.5294117647058824,0.0539959000016097,0.01704030000109924,0.19523590000608237,,C,0.0035200113643827856,0.9508652642155832,3.6303916871300386,1.1101252384388653,0.9566333753700622,0.11739375540324727,0.27318106240434187,0.2655564263322884,2.691419507156559,0.759990888442349,0.24625023700096355
ecoli,P2_Full,,main,clean,0.0,24,0.15,50,0.8095238095238095,0.7010440242915688,0.7511631795641703,-0.047678458550697786,1.0,0.07406244187988038,0.3548951587256263,0.6470588235294118,0.04308840000157943,0.014867700003378559,0.2709885000003851,,C,0.0033311329572048446,0.9458701296820509,3.6606450990862918,0.8158550592038759,0.9521899744130541,0.11675336914501401,0.27076919233111313,0.262256026927196,2.703266938911576,0.7397811383473405,0.2643404410354332
ecoli,P2_Full,,main,clean,0.0,24,0.2,67,0.8928571428571429,0.8120038186515792,0.8519269473293087,-0.057462354538889565,1.0,0.07531037567655287,0.35205957644125996,0.5882352941176471,0.047577800003637094,0.013449899997795,0.3499879000009969,,C,0.003512656934061784,0.9414530881895897,3.780392862584216,0.6034918294647148,0.9484518053695555,0.11954033037010542,0.2619421503438573,0.2531959268801374,2.7373776528733407,0.7511307529815449,0.2506637862401423
ecoli,P2_Full,,main,clean,0.0,26,0.05,16,0.5982142857142857,0.5883343047087242,0.4290925298154571,-0.07067807835242305,1.0,0.06762367524956937,0.341577360406518,0.625,0.04602490000252146,0.012863500000094064,0.07971680000628112,,C,0.004602885656736545,0.9246509135486831,4.810930133488654,1.5301117214940714,0.9359267161429418,0.149647502382713,0.20543756653800976,0.17179458491832625,3.2052263106479977,0.6852352473599781,0.30878314562316167
ecoli,P2_Full,,main,clean,0.0,26,0.1,33,0.8422619047619048,0.7049644048891441,0.7453041189879476,-0.05627205169707589,1.0,0.06916885818625837,0.34788887465701385,0.6470588235294118,0.04679480000049807,0.012117899997974746,0.14976890000252752,,C,0.010226302425223405,0.9381562589756665,3.9568727068546576,3.2688150218721397,0.947994405708366,0.15908071810902483,0.2503822791279839,0.21969043887147335,2.887964862213502,0.6984262330091869,0.29770388023886596
ecoli,P2_Full,,main,clean,0.0,26,0.15,50,0.8214285714285714,0.7496830228257833,0.768478372673331,-0.06589545709968775,1.0,0.07935031057334238,0.31671185528530793,0.5882352941176471,0.04181020000396529,0.006621900000027381,0.2092391000041971,,C,0.0033531149184004585,0.9521118740836936,3.491725122050009,0.7261082943948624,0.9576179054902436,0.11497696560882065,0.28402844436405333,0.27740257469455554,2.65121730223763,0.7862078059474051,0.2176229816897583
ecoli,P2_Full,,main,clean,0.0,26,0.2,67,0.7738095238095238,0.728522776593722,0.7316765591796552,-0.07135867597517638,1.0,0.08436367175480357,0.2677527929053587,0.7058823529411765,0.03916480000043521,0.006809699996665586,0.26774240000668215,,C,0.003628093978603778,0.9723922217615869,2.9123785701490887,0.7863900712408147,0.9750603408402647,0.09664374494885711,0.3410579620159116,0.34037541405962457,2.4844831314878895,0.8280458827839021,0.18573155703088104
ecoli,P2_Full,,main,clean,0.0,27,0.05,16,0.6101190476190477,0.6312370958907311,0.512971852594385,-0.04394704073533451,1.0,0.06409613241495725,0.3118208087980747,0.75,0.056396899999526795,0.017284099994867574,0.1043264999971143,,C,0.010572084764147685,0.9163618737669823,5.059443364272109,3.54620945723363,0.9289017727292198,0.14993041483618477,0.19519653230693715,0.16021481315730587,3.310405027932961,0.6545349186411117,0.34330666044584557
ecoli,P2_Full,,main,clean,0.0,27,0.1,33,0.5654761904761905,0.5981428751902383,0.481206064706981,-0.03187777901931433,1.0,0.06427150383095241,0.4682006248656441,0.35294117647058826,0.048811300002853386,0.019671599999128375,0.19702320000214968,,C,0.010343737089140487,0.909698949198085,4.868200000918375,3.4097824698863803,0.9241638774411122,0.1601856026543643,0.20292386939772064,0.16212774294670845,3.2919939577039274,0.6568360997324334,0.3368196920486085
ecoli,P2_Full,,main,clean,0.0,27,0.15,50,0.7916666666666666,0.7011351403500061,0.6539418667095466,-0.04528006819218929,1.0,0.06293243531101514,0.4231686004820992,0.5882352941176471,0.042363900000054855,0.019349800000782125,0.2808789999980945,,C,0.06055843304056552,0.9053629334338625,4.520613084737679,18.992907918712888,0.9226254702994888,0.18240777627614166,0.2186301553025668,0.16973750355167966,3.2228624774658767,0.6470337505679511,0.3440493674971338
ecoli,P2_Full,,main,clean,0.0,27,0.2,67,0.8541666666666666,0.765609925162356,0.8122761639465064,-0.062495201285414276,1.0,0.07313323417410045,0.3541948155445211,0.5882352941176471,0.041577899995900225,0.01847540000017034,0.35380219999933615,,C,0.013953522970094995,0.937746465834109,4.083098724044617,3.98805724634577,0.9466991122643524,0.1438094487356602,0.24226259921541526,0.21479573058520426,2.9138965044551064,0.7332694968512465,0.26015101185566153
ecoli,P2_Full,,main,clean,0.0,28,0.05,16,0.5714285714285714,0.6109902517702006,0.4868937014505072,-0.06219203292874632,1.0,0.06134421762229775,0.2693631947040558,0.625,0.04695309999806341,0.01504150000255322,0.08686999999918044,,C,0.0029302988861114503,0.9007052180401518,4.784992908730519,0.05723087972556071,0.918140818655465,0.1755943290389985,0.20656772475775154,0.16278809577086598,3.28573883161512,0.6328023067926997,0.3618341400653103
ecoli,P2_Full,,main,clean,0.0,28,0.1,33,0.6755952380952381,0.6702334983311551,0.5417932478314631,-0.03669211897803495,1.0,0.06201226545241154,0.4618600536795223,0.47058823529411764,0.04716040000494104,0.027295899999444373,0.18547399999806657,,C,0.05446991196610425,0.9023159881186287,4.630716333060544,18.102765014334185,0.9200790414688135,0.18184197196729043,0.2134914715114041,0.16561520376175548,3.2595232461847865,0.6380911132480789,0.3525587013128707
ecoli,P2_Full,,main,clean,0.0,28,0.15,50,0.6845238095238095,0.7012264741384696,0.5696041073153408,-0.05817128867916541,1.0,0.06854406746454152,0.3450571666745579,0.6470588235294118,0.04359989999647951,0.019374300005438272,0.27311159999953816,,C,0.009233113441383967,0.9245278791099126,4.316555890435525,2.835748448837238,0.9371149603124667,0.16677789167850524,0.2291220250487882,0.18459991694533692,3.104280132607151,0.695646969882099,0.28847314845002114
ecoli,P2_Full,,main,clean,0.0,28,0.2,67,0.6964285714285714,0.7371706955812083,0.5870982068835977,-0.05087028247055542,1.0,0.06979655053475076,0.3323196996660793,0.6470588235294118,0.03889490000437945,0.020363000003271736,0.3570278999977745,,C,0.007572440150650213,0.9295636531420246,4.170323453124257,2.1833314148608505,0.9417177978797203,0.17255501285724978,0.23712214871927564,0.18711814501288185,3.0860542879622344,0.7059251949101456,0.2768284645714022
ecoli,P2_Full,,main,clean,0.0,29,0.05,16,0.6875,0.635191786294196,0.5309647813024645,-0.06704883294380577,1.0,0.0675244564787713,0.3173966072499752,0.5,0.050619200002984144,0.0170771999983117,0.09709190000285162,,C,0.0093499351756724,0.9211129508895403,4.707975199764346,3.1200853193923312,0.9330624977556007,0.15147666189577333,0.20999699113748552,0.17492727679570375,3.179165334186121,0.6845041666447628,0.3042585372221476
ecoli,P2_Full,,main,clean,0.0,29,0.1,33,0.7797619047619048,0.6762277720718604,0.7114689414307206,-0.051560263851613775,1.0,0.0700232316771627,0.35952487237313213,0.5882352941176471,0.05705850000231294,0.030616600000939798,0.21147410000412492,,C,0.009186442636233237,0.9299017304180393,4.525284729008372,2.962492127628053,0.9399727433984252,0.1436699228161498,0.21853850308099235,0.18838166144200627,3.0770930837233488,0.7067161992264414,0.2856864509450057
ecoli,P2_Full,,main,clean,0.0,29,0.15,50,0.7946428571428571,0.7171237883720487,0.720217213473234,-0.05563939542290586,1.0,0.07432353611641844,0.33483609557151794,0.5882352941176471,0.04854409999825293,0.020363700001325924,0.2932497000001604,,C,0.008233514202257784,0.9398696505628537,3.80003444280759,2.487466018498039,0.9466696906947917,0.11308831888705424,0.260715627103679,0.2560269271960309,2.7264597917022364,0.7414706189231236,0.2650395787659455
ecoli,P2_Full,,main,clean,0.0,29,0.2,67,0.7232142857142857,0.7440696088167159,0.5950666229089209,-0.059035562335512166,1.0,0.07725413961235998,0.3137922392171972,0.5294117647058824,0.04143859999749111,0.008133299998007715,0.36813139999867417,,C,0.006640577209112549,0.949319668023583,3.6679501794559144,1.874805850119826,0.9549832516457601,0.1117511153007556,0.27007966925196925,0.2613912403386088,2.7064207265558995,0.767533870186677,0.2363086079383263
segment,P2_Full,,main,clean,0.0,0,0.05,115,0.5783549783549784,0.5881889706040616,0.4692323099227673,-0.04948775184000341,1.0,0.07226191870395485,0.39153282063594763,0.43478260869565216,4.275191199994879,0.08638090000022203,4.449786700002733,,B,0.03516557765187197,0.9120111505223566,4.687288892161009,79.61486780383814,0.9269022029390569,0.16923794895720193,0.21299532461227758,0.1747461467235244,3.180646710599799,0.6609907798795859,0.3683485751123952
segment,P2_Full,,main,clean,0.0,0,0.1,231,0.7112554112554113,0.6873617089992969,0.5703765385162439,-0.04334325753932842,1.0,0.07732794116185746,0.3590375719399288,0.5172413793103449,3.569896400003927,0.07353119999606861,8.228247699997155,,B,0.02415130895555215,0.9287484184050881,4.359765634745005,53.012123157436974,0.9407347801246565,0.16822590392048622,0.22901888336754941,0.19273853105279878,3.047094040482829,0.6992085318467289,0.32603427097425447
segment,P2_Full,,main,clean,0.0,0,0.15,346,0.7588744588744589,0.7135038095156541,0.6137137348139414,-0.05174191102692051,1.0,0.07464119485201558,0.3808877214141514,0.5130434782608696,2.9784966000006534,0.12539339999784715,11.422237400001904,,B,0.031064476527207455,0.9155937722055398,4.438628090785122,64.5830467000643,0.9309312575339589,0.1817103515841012,0.22492202587509033,0.1770382684723397,3.1621240687521737,0.6808773736702752,0.34120092715501094
segment,P2_Full,,main,clean,0.0,0,0.2,462,0.7545454545454545,0.7254915549146294,0.6353324398072501,-0.053039018200944345,1.0,0.07617318289375521,0.3690629243079958,0.5,2.7022427000047173,0.05355010000494076,14.252411100002064,,B,0.029149194654346813,0.9195118554746836,4.436653908133134,57.24901830113714,0.9340595071696236,0.1807427886521128,0.22500048583574483,0.17617004190559982,3.169083501915506,0.6927081185556341,0.32744309435233065
segment,P2_Full,,main,clean,0.0,2,0.05,115,0.5796536796536796,0.5788418390765528,0.46727804839296144,-0.047587290264992574,1.0,0.07252412398228969,0.3921764445477638,0.463768115942029,4.408759099998861,0.11633489999803714,4.589148099999875,,B,0.03745751614713758,0.9104162657265114,5.024318051517395,84.80381655711949,0.9253305291523196,0.16648405591439996,0.198678045189494,0.16031207206419448,3.309458353828097,0.6631569890611231,0.3710444210554279
segment,P2_Full,,main,clean,0.0,2,0.1,231,0.706060606060606,0.6856607058436861,0.5628839740754688,-0.04500858896493044,1.0,0.07606144909959649,0.3814845123681529,0.5,3.7658775999952923,0.070853299999726,8.491016200001468,,B,0.03376147496393647,0.92693288406451,4.306077120444733,74.10643754584055,0.9396684993307652,0.17430023209756,0.23187999194927347,0.19145484786630756,3.055790909899416,0.689600389791102,0.33689737733117614
segment,P2_Full,,main,clean,0.0,2,0.15,346,0.7606060606060606,0.7171790060716278,0.6151368415722954,-0.044296031569289,1.0,0.07436324597603013,0.39672926016475846,0.4782608695652174,3.259439999994356,0.08546210000349674,11.935869799999637,,B,0.030984316899407366,0.9139141906240336,4.456662138442912,64.41639483386791,0.9294458759114277,0.18042097065687004,0.22400992328179667,0.177407699063137,3.1591834870764455,0.6785800339193535,0.34444979024858274
segment,P2_Full,,main,clean,0.0,2,0.2,462,0.7740259740259741,0.734685934007006,0.6453642793862008,-0.04731662505230195,1.0,0.07599164746038578,0.391287750982005,0.47413793103448276,2.450828900000488,0.0926746999975876,14.616448300002958,,B,0.028645915167329342,0.9201989617957198,4.460427419782513,56.26057738863483,0.9345416392983658,0.1797304624775761,0.22379854665541304,0.17467289457821011,3.181246677417726,0.6909351098824615,0.3310383324434363
segment,P2_Full,,main,clean,0.0,1,0.05,115,0.664069264069264,0.6179157682865856,0.5171548484852508,-0.046675560288860274,1.0,0.07030799093526273,0.40310828495716705,0.463768115942029,4.388696499998332,0.09735899999941466,4.5982571999993525,,B,0.03852371507264031,0.8903520404981836,5.048683584372845,87.21769092445766,0.9094366522562514,0.1740535058269975,0.19771706926903837,0.15846916676165507,3.3275939579212372,0.6471684384755461,0.39059219139667467
segment,P2_Full,,main,clean,0.0,1,0.1,231,0.7112554112554113,0.6910270707401341,0.5739868922442637,-0.04496908224756129,1.0,0.07202555822313852,0.379336125377951,0.5,3.8254185000041616,0.1359593000015593,8.683893499997794,,B,0.0362966498224926,0.9110811721448797,4.6510561271672675,79.67114636037127,0.9273331859105641,0.1827735942736963,0.21464713889850073,0.16935896823600502,3.2261544818318693,0.6609098974583905,0.3660018829111865
segment,P2_Full,,main,clean,0.0,1,0.15,346,0.7588744588744589,0.7167030040946681,0.6184263828586584,-0.047010753743842094,1.0,0.07367698888265144,0.408146995306015,0.4782608695652174,3.37766919999558,0.07455969999864465,12.217972499995085,,B,0.03151561796950655,0.90946297017638,4.49583868504076,65.52096975860411,0.9261034118539145,0.18379707960325758,0.22205371692742826,0.17383283312060982,3.1881632946552934,0.673422612451832,0.35162869600223023
segment,P2_Full,,main,clean,0.0,1,0.2,462,0.7878787878787878,0.739572055315411,0.6402373178741457,-0.04608917380386624,1.0,0.07579454455631286,0.39138848450163316,0.46551724137931033,2.556549200002337,0.06584860000293702,15.020235999996657,,B,0.029475422362062926,0.9172785447104923,4.479812383506371,57.88972951909159,0.9322596573860981,0.1811031082948802,0.22282792523007602,0.1731897538266484,3.1935034086960687,0.689361630725403,0.33334839541869726
segment,P2_Full,,main,clean,0.0,3,0.05,115,0.6519480519480519,0.6259018183759739,0.5113454711396648,-0.054359847221066085,1.0,0.07235898315840207,0.3840524327495824,0.4782608695652174,4.431547500003944,0.07628919999842765,4.665880500004278,,B,0.0368775132670123,0.9122128894840346,5.0148129959763645,83.49069003651584,0.9268078165213397,0.16625364420270744,0.19905545628281446,0.16006809498008367,3.311835292855244,0.6617004737950108,0.3715679574735697
segment,P2_Full,,main,clean,0.0,3,0.1,231,0.7532467532467533,0.716311980733495,0.6317059300390407,-0.04041342294227864,1.0,0.0709624534563136,0.38691163063049316,0.49137931034482757,3.7699006000038935,0.11129339999752119,8.68259460000263,,B,0.04133410575500213,0.9074974702751009,4.5612315782441595,90.72836213222968,0.9250702106005169,0.18997037570407047,0.21888317100856455,0.16873934503501992,3.231575028918806,0.6538043070293876,0.36894980822554657
segment,P2_Full,,main,clean,0.0,3,0.15,346,0.7831168831168831,0.7342692496371871,0.6489386581311501,-0.04642058080838623,1.0,0.07345518015217409,0.39957945333874745,0.48695652173913045,3.403904499995406,0.11027220000687521,12.268720699998084,,B,0.031353335147269776,0.9082363758532981,4.507492162202329,65.18358377117386,0.9253479088871163,0.18647403252580907,0.22147838460268576,0.17025889306928768,3.218352081311026,0.6724525584846777,0.347743075946365
segment,P2_Full,,main,clean,0.0,3,0.2,462,0.7852813852813852,0.7424907191739215,0.652736111860195,-0.0516010468666056,1.0,0.07573687042781625,0.3523149820494241,0.5517241379310345,2.6345619999992778,0.06412069999350933,15.111023500001465,,B,0.02878890816877727,0.920475442836401,4.504739165121793,56.54141564347856,0.9348231264574608,0.18041827748305989,0.2215920975527123,0.1716765248751599,3.206227053651019,0.6891048637488355,0.33235411029228706
segment,P2_Full,,main,clean,0.0,4,0.05,115,0.5376623376623376,0.5589060965318811,0.4092435503509177,-0.04216956778633425,1.0,0.06906176553041192,0.41271160434985504,0.463768115942029,3.7760015000021667,0.14883910000207834,4.041742100002011,,B,0.037225941373838854,0.8849074581293319,5.062035713529583,84.27953127037117,0.9057425089014748,0.1810286786050448,0.19719438547446527,0.1522873729952891,3.391633151080317,0.637525137352545,0.39908617403011337
segment,P2_Full,,main,clean,0.0,4,0.1,231,0.687012987012987,0.6559414017981274,0.5438354804001081,-0.046140238658980356,1.0,0.0754101307601606,0.38185540817934893,0.47413793103448276,3.9432337999969604,0.10987759999989066,8.20392620000348,,B,0.04103045420771653,0.914580798355086,4.261720327876746,90.06184698593779,0.930037349241445,0.18094937190599816,0.2342981867690332,0.19363141971373574,3.0411127768912682,0.6857116831444129,0.34022450654800235
segment,P2_Full,,main,clean,0.0,4,0.15,346,0.7415584415584415,0.711466692164838,0.6064607508513971,-0.05046536327590606,1.0,0.07361520744260851,0.3772468653709992,0.4956521739130435,3.0027002999995602,0.10725039999670116,11.43002030000207,,B,0.03367747012683453,0.9063068548004445,4.6040094333249835,70.01546039368898,0.9236261433584015,0.18485118117306243,0.21682528021623554,0.1685524755784621,3.2332176100767125,0.6739418751941356,0.34758641048292516
segment,P2_Full,,main,clean,0.0,4,0.2,462,0.7757575757575758,0.734843598813875,0.635626573031328,-0.051566843901883104,1.0,0.0763083955616541,0.36780496031559745,0.49137931034482757,2.775332099998195,0.15653049999673385,14.490593599999556,,B,0.028896317544538117,0.9157728613183649,4.430305605600681,56.75236765747286,0.9310980741321442,0.18195100835261835,0.22532362497362252,0.17511747367023126,3.1776131031377384,0.6935855763890274,0.3264362802857961
segment,P2_Full,,main,clean,0.0,5,0.05,115,0.6363636363636364,0.6008495889627153,0.47880473436864585,-0.04488852658247307,1.0,0.07091456919263225,0.4193066891984663,0.4492753623188406,3.9875755999964895,0.07139219999953639,4.239446900006442,,B,0.03748459977351091,0.9097232719863216,4.951210967887456,84.8651338872287,0.9248440047799092,0.16749314165768783,0.20161814973025285,0.16443743178400727,3.270335104286847,0.6504344608818087,0.3913611352521402
segment,P2_Full,,main,clean,0.0,5,0.1,231,0.729004329004329,0.7258254200925747,0.6113751522062939,-0.04873591147270352,1.0,0.07170351907907062,0.3752624933318845,0.4827586206896552,3.7573585999998613,0.1637754000039422,8.253893799999787,,B,0.03943087756474623,0.912125733085337,4.6876543608489465,86.55077625461797,0.9280692552074974,0.18143562025551357,0.21296775159793296,0.1671126264839083,3.2459970725136866,0.6587859510471877,0.36606143274128755
segment,P2_Full,,main,clean,0.0,5,0.15,346,0.7584415584415585,0.7248821209612641,0.6243785586375389,-0.04479223681638558,1.0,0.07203165403522684,0.3865872113601021,0.5217391304347826,2.9931731000033324,0.08512200000404846,11.489720400000806,,B,0.03223535582852903,0.9132138695945208,4.445893899864486,67.01730476751186,0.9296196696531142,0.18903711897215347,0.2245536551775122,0.1716000464797385,3.2068760622656267,0.6613592065242825,0.3629959102336101
segment,P2_Full,,main,clean,0.0,5,0.2,462,0.7874458874458874,0.7427253588067184,0.6477588083044843,-0.04390118457001712,1.0,0.07587964172984439,0.3979901968148248,0.45689655172413796,2.774321199998667,0.11278869999659946,14.530710400002135,,B,0.02996291557145271,0.9202903971815345,4.529619762817046,58.847166182333126,0.9345473035854506,0.17886058768082785,0.22037212349234214,0.1713953558344651,3.2086159513064745,0.689753455970989,0.3343595686153852
segment,P2_Full,,main,clean,0.0,6,0.05,115,0.7796536796536796,0.6867327706973416,0.605497733235419,-0.04441930235426632,1.0,0.07028015675461685,0.4070276730302451,0.4492753623188406,4.089895500001148,0.14759179999964545,4.3575156000006245,,B,0.037422699322591235,0.9037943163570268,5.080783108089254,84.72499126634656,0.920539765047751,0.17405882954761698,0.19646513465208756,0.1534100579455334,3.379619357087785,0.6466133946949346,0.39102248638770937
segment,P2_Full,,main,clean,0.0,6,0.1,231,0.7363636363636363,0.6884701853214396,0.6046970346902181,-0.04559928180857894,1.0,0.06917924780138907,0.3878381811082363,0.5,4.051419100003841,0.12015189999510767,8.633271000006062,,B,0.034065120460191015,0.8951875107643785,5.120915608307107,74.77293941011928,0.9140011707403667,0.1794982650750193,0.19491079532318242,0.14816096083125857,3.43735406815245,0.6397068909666507,0.3950877615626298
segment,P2_Full,,main,clean,0.0,6,0.15,346,0.7722943722943723,0.7185371125428641,0.6282417128676404,-0.04539851619638387,1.0,0.07318927423778263,0.4107711346253105,0.43478260869565216,3.303352499999164,0.0864304999995511,12.127264500006277,,B,0.03342359720873264,0.9044740840742778,4.520896683133925,69.48765859695516,0.9227055319502622,0.1908534212868532,0.2208202712825561,0.16742844365558512,3.2431752009489605,0.6707073700923522,0.3491318573431301
segment,P2_Full,,main,clean,0.0,6,0.2,462,0.7662337662337663,0.7323297052742644,0.6440718223285603,-0.04606987793267087,1.0,0.07571844497438412,0.3886027776732527,0.49137931034482757,2.8306357999972533,0.09532110000145622,15.173820600000909,,B,0.030413791100182577,0.9162159685041495,4.500055549426601,59.73268572075858,0.9315565358411918,0.183096552686202,0.22182325873783246,0.1713927620241266,3.2086380255941496,0.6889872676077641,0.3321958643966043
segment,P2_Full,,main,clean,0.0,7,0.05,115,0.6376623376623377,0.5947076136116574,0.5011321092754828,-0.04067988835935014,1.0,0.07510264080009804,0.39975080628325976,0.463768115942029,4.107531599998765,0.026712199993198738,4.265746500001114,,B,0.03420378685495073,0.9276680771757327,4.790494341815789,77.43737343960845,0.939002766515033,0.1567038300203674,0.20839707602476357,0.1754663670758195,3.174774469126464,0.6804756124024438,0.3580541652919261
segment,P2_Full,,main,clean,0.0,7,0.1,231,0.6956709956709957,0.6668826789926491,0.5560245259578432,-0.04814228464444797,1.0,0.0721514466264677,0.37034599650008926,0.49137931034482757,4.006213000000571,0.11076770000363467,8.565575599997828,,B,0.033233218315823335,0.9152636100331621,5.032119394947285,72.94691420323223,0.9294217680136011,0.16708474347302024,0.1983582121072946,0.16162198416472343,3.2968192727123227,0.6600497146091698,0.37826352939143104
segment,P2_Full,,main,clean,0.0,7,0.15,346,0.7480519480519481,0.7136791797116706,0.6115128175641542,-0.040871811854968514,1.0,0.07295922960934961,0.40395423666290614,0.48695652173913045,3.386660900003335,0.1443444000033196,12.157933599999524,,B,0.0319258614945545,0.9188642033381849,4.531790839423107,66.37386604717881,0.9338419705642689,0.18460122217710348,0.22028827559945555,0.17198151365620085,3.203644607988285,0.6678975834181312,0.3585279200477398
segment,P2_Full,,main,clean,0.0,7,0.2,462,0.7861471861471861,0.7395924176521095,0.6422630869870009,-0.046241614074882205,1.0,0.07645527945103187,0.39504868357345974,0.4827586206896552,2.9266973000048893,0.06259619999764254,15.207106699999713,,B,0.0290744969605106,0.9236089680787771,4.531190023993041,57.10231203044282,0.9369770012497964,0.17499479761976355,0.22029557809979963,0.17372511628051748,3.1890550160652644,0.6939573039100052,0.32992725307985926
segment,P2_Full,,main,clean,0.0,8,0.05,115,0.5575757575757576,0.5968234551768136,0.44770186667264783,-0.04576693088808857,1.0,0.07170805171417592,0.3814967859914337,0.5072463768115942,4.634753099999216,0.17872840000200085,4.907971299995552,,B,0.01944516373769086,0.9077778733528392,4.188736371511072,44.02385070213211,0.9255895185908155,0.19313852201785847,0.23839908664291648,0.19171524087759922,3.0540173481022967,0.6595304980806481,0.3523976618751923
segment,P2_Full,,main,clean,0.0,8,0.1,231,0.7125541125541126,0.6806595127529594,0.5736244526304839,-0.04732546485313849,1.0,0.07536992381506362,0.394148167993488,0.46551724137931033,4.2746574000047985,0.08097310000448488,9.373857999999018,,B,0.036734671264315816,0.9165235003677035,4.3147813039398,80.63260342517322,0.9313039363173625,0.17706104130821299,0.23141130231631873,0.19298189512503555,3.045458311454666,0.684917152649259,0.3438998471423796
segment,P2_Full,,main,clean,0.0,8,0.15,346,0.7471861471861472,0.7126893155257135,0.6052995365978291,-0.04381299247354537,1.0,0.07360552203729336,0.3977928787469864,0.45217391304347826,3.813926900002116,0.10472480000316864,13.374137099999643,,B,0.03175992304620451,0.9162060365229845,4.4442699396469605,66.02888001305917,0.9318473790404446,0.1866643117048707,0.2246358841395733,0.1731203598383579,3.1940820261315563,0.6733591022519981,0.348355066153119
segment,P2_Full,,main,clean,0.0,8,0.2,462,0.7792207792207793,0.7369656237948378,0.6360354795266833,-0.04840116035284452,1.0,0.07640820982952258,0.3636361590490259,0.5086206896551724,2.6275703999999678,0.055172899999888614,16.168572499998845,,B,0.0289163782424087,0.9231750900741463,4.428015786387237,56.79176686809069,0.9369271100728568,0.1790047005845233,0.22544040794828185,0.17720237842032802,3.160816278137048,0.6943099462372665,0.32565635442317065
segment,P2_Full,,main,clean,0.0,9,0.05,115,0.6471861471861472,0.6237084057801358,0.4995954141849476,-0.04735379539305052,1.0,0.07216910307193693,0.40924084856026416,0.43478260869565216,4.755230799994024,0.1925325000047451,5.1184701999955,,B,0.03829528499849454,0.9110801165631681,4.977181034003416,86.70052523659164,0.9261296057903878,0.16924773903815032,0.2005638355333285,0.16088434471268478,3.303911292279323,0.6606405648145441,0.372545653249479
segment,P2_Full,,main,clean,0.0,9,0.1,231,0.7142857142857143,0.7114267590623268,0.5963868364796712,-0.04884228952802888,1.0,0.07184580614293869,0.37366225634669437,0.49137931034482757,3.840185000000929,0.152034900005674,9.257885699997132,,B,0.03106662876133843,0.910671696856241,4.6082805200094565,68.19125013113785,0.9271022437042964,0.18393438887575325,0.21664379649812943,0.16876094048170304,3.231385439583426,0.6604707874155328,0.36215476404553504
segment,P2_Full,,main,clean,0.0,9,0.15,346,0.7653679653679654,0.7215283174811393,0.6289723926287164,-0.043574054612648155,1.0,0.07220410826856619,0.3878506742093874,0.5391304347826087,3.6516807000007248,0.10892379999859259,13.106830999997328,,B,0.03140792793733971,0.9065825547842628,4.396090701972188,65.29708218172925,0.9243604404720059,0.19030584326821542,0.22710306959506363,0.17481288896110841,3.1801005005164056,0.66295567267421,0.3582415914039181
segment,P2_Full,,main,clean,0.0,9,0.2,462,0.7887445887445887,0.7354151135748019,0.6424210004122093,-0.04515946657507266,1.0,0.07564110247661097,0.3992742208828186,0.46551724137931033,3.0247925000003306,0.10527000000001863,16.38995900000009,,B,0.02947288114162314,0.9159823627102867,4.4941121624224865,57.884738562147845,0.9313258856440093,0.18262264244368595,0.22211728993498545,0.1715738099857548,3.2070988428872487,0.6880918672354553,0.33478838962979335
segment,P2_Full,,main,clean,0.0,10,0.05,115,0.5623376623376624,0.5831855316147014,0.43601915715038114,-0.048455309042885704,1.0,0.07274360602264433,0.3860231935977936,0.4782608695652174,4.568808700001682,0.1228938999993261,4.737108599998464,,B,0.037299942692796316,0.9113336386558839,5.05411486611529,84.44707025649086,0.9259707715884694,0.16508101506250503,0.19750412255668176,0.16009073605348914,3.3116144079471943,0.6643919760981928,0.3705450903247041
segment,P2_Full,,main,clean,0.0,10,0.1,231,0.7186147186147186,0.699255624251443,0.5863599365019562,-0.04519375897267802,1.0,0.07533661271022238,0.3868484251714986,0.5,3.9497030999991694,0.037118200001714285,8.859538299999258,,B,0.040540065719581256,0.9154383077068899,4.239228628405863,88.98544425448085,0.9308465101941809,0.1822125606697015,0.23554370012169462,0.19357203223535716,3.041508887482434,0.6853282092164453,0.34071589099025645
segment,P2_Full,,main,clean,0.0,10,0.15,346,0.7610389610389611,0.7223501197806887,0.6235256718588784,-0.04165602892924981,1.0,0.07385918344194806,0.3930759258892225,0.46956521739130436,3.5476248000049964,0.11474579999776324,12.583403399999952,,B,0.03115959154644145,0.9132028917536966,4.468987055105685,64.78079082505178,0.9290760020077836,0.18287602634230637,0.22339080428554733,0.1744712351064613,3.1829009584155896,0.6750211236162257,0.34648525000576547
segment,P2_Full,,main,clean,0.0,10,0.2,462,0.770995670995671,0.7345838204925434,0.6450044928567734,-0.04559844877014722,1.0,0.07619055718005294,0.3788479759261526,0.47413793103448276,2.872276399997645,0.058615499998268206,15.579911499997252,,B,0.029023885239615754,0.9217601229067195,4.473856058452346,57.00291061060534,0.9357097502601992,0.17829306322718838,0.22312526824545822,0.17443685783740545,3.1831833484012177,0.6925136729350443,0.3283065857993037
segment,P2_Full,,main,clean,0.0,11,0.05,115,0.5225108225108225,0.5534008635575697,0.4089960838691264,-0.05163639052942368,1.0,0.07268782549668627,0.3872620748436969,0.463768115942029,4.585772500002349,0.09822830000484828,4.785134899997502,,B,0.03335480191704542,0.9134766693173786,4.75455507179055,75.51527154019084,0.92782948170639,0.1658837249534387,0.20997567169248843,0.17273070082710185,3.1973396958554714,0.664240563411203,0.36580648308577113
segment,P2_Full,,main,clean,0.0,11,0.1,231,0.7108225108225108,0.6838364226757381,0.565987175279815,-0.051211662903476375,1.0,0.0722383476558796,0.36047247270571775,0.5517241379310345,4.0080071999982465,0.08239310000499245,8.951901499996893,,B,0.03632164738629743,0.9158882980727788,4.509872285664782,79.72601601292286,0.9307255766226584,0.17639969480962153,0.22138104524593266,0.18194579127585483,3.1240356303211523,0.6608612785158184,0.36522530936906933
segment,P2_Full,,main,clean,0.0,11,0.15,346,0.7562770562770563,0.7082501758772255,0.6076430419628099,-0.04182393053720646,1.0,0.07483153345095149,0.38199606758096943,0.5043478260869565,3.8426642999984324,0.08376080000016373,12.980169299997215,,B,0.03132409475446782,0.9156722982933873,4.461907236222018,65.1227929945386,0.9309436369152998,0.18109515986862407,0.2237460275983104,0.17636838618551803,3.167487597448618,0.6822737349847889,0.33999235967101415
segment,P2_Full,,main,clean,0.0,11,0.2,462,0.7597402597402597,0.730465067301688,0.6396399180649586,-0.052262220956012684,1.0,0.07618389663303521,0.36656910232428846,0.5258620689655172,2.9927150000003166,0.09063790000072913,16.196610599996347,,B,0.029207924880310116,0.9195286647018032,4.436309440743747,57.36436446492907,0.9341613032207224,0.18183665605518004,0.22501799606831094,0.17567306784474074,3.1730980483641873,0.6927973054591322,0.3269577391068058
segment,P2_Full,,main,clean,0.0,12,0.05,115,0.5714285714285714,0.5504455906212574,0.44550684427178383,-0.04318697748218124,1.0,0.0750681099275042,0.38297536170137103,0.4927536231884058,4.82518490000075,0.08772370000224328,5.041011799999978,,B,0.03905823139826946,0.913696916544138,4.3105536054337925,88.42783588568206,0.9292333224133711,0.18002144589861463,0.23164938580563044,0.19058865229400918,3.061725525055609,0.6829518231170075,0.3432623919686763
segment,P2_Full,,main,clean,0.0,12,0.1,231,0.5800865800865801,0.6033255276691508,0.4532196468760178,-0.03882564142174561,1.0,0.07510569392897096,0.42241775051786984,0.4224137931034483,4.310678699999698,0.15345350000279723,9.577843000006396,,B,0.03880583808613504,0.9247380033970926,4.710398700413852,85.17881459906641,0.9372796961794929,0.16664044735050076,0.21193722790425362,0.17626286642177985,3.168336176388817,0.6813419236681072,0.35729896760089264
segment,P2_Full,,main,clean,0.0,12,0.15,346,0.7329004329004329,0.6916146520199716,0.5830686049477187,-0.043853204147088855,1.0,0.07716655208259894,0.3873790204524994,0.4782608695652174,2.6278419000009308,0.06672880000405712,12.328311600002053,,B,0.03304787077701359,0.9257416006372889,4.311597006565096,68.70652334541126,0.9384883117827033,0.17165345947134936,0.23156300372741082,0.19245898649171025,3.048978055310336,0.6975136567146513,0.3343019817381179
segment,P2_Full,,main,clean,0.0,12,0.2,462,0.7701298701298701,0.7250813972982735,0.6246110217970534,-0.04186273751995819,1.0,0.07725097873754247,0.4057806272958887,0.4396551724137931,2.1924365000013495,0.04223980000097072,14.62767580000218,,B,0.029302814866298304,0.923416483468962,4.538111371331732,57.55072839740987,0.9366170045432731,0.1723676539319159,0.21995881507416445,0.17461634951283053,3.181710150266487,0.6995977178694581,0.3243186250997956
segment,P2_Full,,main,clean,0.0,13,0.05,115,0.7324675324675325,0.6842025703876585,0.5811797967210985,-0.050297568517070415,1.0,0.06788586357322217,0.3857344004555025,0.5217391304347826,4.5056342000025325,0.13331250000192085,4.801292399999511,,B,0.03823772542981029,0.8845123017040561,4.823640195743819,86.5702103730905,0.9060301168694225,0.18632127475798949,0.2069620299549177,0.16284787228560854,3.2851751084689695,0.630362146522468,0.39608771568535894
segment,P2_Full,,main,clean,0.0,13,0.1,231,0.5571428571428572,0.613530550937124,0.4550017043820272,-0.04231864962697999,1.0,0.06965108199451367,0.37544021922452697,0.5344827586206896,4.210291299998062,0.12010410000220872,9.17618119999679,,B,0.035088512447358985,0.9013379874528132,4.387056601680197,77.01928482195298,0.9203818883891881,0.1930216143449007,0.2275913691475623,0.1788821449262121,3.1475682151123783,0.6443683330774002,0.37737711438002103
segment,P2_Full,,main,clean,0.0,13,0.15,346,0.7393939393939394,0.7081344178250791,0.600776614969134,-0.04467645425751809,1.0,0.07632886347144925,0.384071340509083,0.46956521739130436,2.635851200000616,0.0343321999971522,11.940956600003119,,B,0.03541601107661411,0.9184734361510073,4.239228807963578,73.62988702828073,0.933124734499426,0.1797119571426629,0.23552424858887475,0.19471306863029672,3.0339405272518047,0.6922384088638686,0.3358363151056768
segment,P2_Full,,main,clean,0.0,13,0.2,462,0.7770562770562771,0.731643728179021,0.6333488979266615,-0.04554711225224755,1.0,0.0763573608698757,0.37588255544160976,0.49137931034482757,2.15715619999537,0.1199890999996569,14.332257000001846,,B,0.02955590521347699,0.9167472173725543,4.486361940313234,58.04779783926881,0.9316703147248796,0.17925043321501732,0.22250187916477127,0.17497688914988385,3.1787601134904846,0.693367706737994,0.3297210501156768
segment,P2_Full,,main,clean,0.0,14,0.05,115,0.5943722943722943,0.565079392480992,0.4618540268889176,-0.04927116286025553,1.0,0.07181267028363637,0.3890768362992052,0.5217391304347826,4.634780300002603,0.0664838000011514,4.762783999998646,,B,0.03460466444666196,0.9092339558315863,4.520944029280048,78.34496030724267,0.9253335630340146,0.17737478095394307,0.22084859246602737,0.18020264541424577,3.1373270252237733,0.6579295462090565,0.3661795750758037
segment,P2_Full,,main,clean,0.0,14,0.1,231,0.548051948051948,0.6048341527633171,0.4477568923751601,-0.04301794636523358,1.0,0.07445320468194823,0.4211471665265231,0.4224137931034483,4.215279699994426,0.047591000002285,9.079677000001539,,B,0.03683014318901625,0.9116164966730265,4.589095116341253,80.84216429989067,0.9270786802645996,0.17494422612295665,0.21755141402817973,0.17962303486626396,3.141803674768853,0.677785376507473,0.35416039109939196
segment,P2_Full,,main,clean,0.0,14,0.15,346,0.7454545454545455,0.7046824642050626,0.5982102038608481,-0.04659591821103576,1.0,0.07602356515178191,0.37935555136722066,0.4782608695652174,2.722242900003039,0.047461800000746734,11.914119000000937,,B,0.034275960695655555,0.9191475214093664,4.2542930827856775,71.2597222862679,0.9336059414656976,0.1788246978739644,0.23468856300040356,0.1943079912281067,3.0366171814133676,0.689629945388932,0.33880159396851794
segment,P2_Full,,main,clean,0.0,14,0.2,462,0.7753246753246753,0.7311749765435509,0.6287373066593152,-0.04195633514890147,1.0,0.0762030426638793,0.3835380932894246,0.4827586206896552,2.194057000000612,0.07225260000268463,14.25980310000159,,B,0.03024000601097492,0.9180727269357197,4.498314003826315,59.39137180555474,0.9326953802274313,0.17848333948865272,0.22190933598937668,0.17392432091451526,3.1874067909851225,0.6920303634035182,0.33216649061801684
segment,P2_Full,,main,clean,0.0,15,0.05,115,0.6774891774891775,0.6367223954408429,0.547255036919427,-0.04671370028136724,1.0,0.06800972061359459,0.3796650134566901,0.5072463768115942,4.338556500006234,0.12707439999940107,4.586331300000893,,B,0.03902044621576578,0.888289902015367,4.801146493260458,88.34229023249372,0.9090158446265602,0.18553329542369854,0.20793373163180273,0.16310238917975295,3.282779508977507,0.6311804716617971,0.39488066140751443
segment,P2_Full,,main,clean,0.0,15,0.1,231,0.6562770562770562,0.6280370170072356,0.5224847113576021,-0.0419243209474066,1.0,0.07094123218666001,0.41097038329161445,0.46551724137931033,3.972457100004249,0.133980699996755,8.740909599997394,,B,0.036843316592271774,0.8968095334096444,4.598995243802864,80.87107992003655,0.9167514682473928,0.1932536550775924,0.21708211606671166,0.16601748815884282,3.255865452926285,0.6535812526139718,0.37187886398650494
segment,P2_Full,,main,clean,0.0,15,0.15,346,0.6428571428571429,0.6208993672499444,0.515218828758273,-0.04764462455459847,1.0,0.07485531682706478,0.3720828941334849,0.4956521739130435,2.6692368000003626,0.04108789999736473,11.58187889999681,,B,0.0350811678563379,0.9129431772796437,4.719188573295058,72.93374797332649,0.9281007198761453,0.1741109096663287,0.21152157666785934,0.17348469802752767,3.1910492847059704,0.68173364929969,0.3492679476723398
segment,P2_Full,,main,clean,0.0,15,0.2,462,0.787012987012987,0.7327989133533668,0.640111214394923,-0.048088506219796635,1.0,0.07391184109348826,0.3730823532517614,0.5172413793103449,2.145302199998696,0.1276268000001437,13.948124900001858,,B,0.03242869528816744,0.9186503925383702,4.602765300501934,63.68995754596085,0.9335550487779573,0.1832173098882776,0.21686195112272946,0.1748456423467551,3.179832603458302,0.6745551021863664,0.3570824399623942
segment,P2_Full,,main,clean,0.0,16,0.05,115,0.5783549783549784,0.5748114920870638,0.4564979215598941,-0.04120754393170323,1.0,0.07202598343554267,0.3916402815476708,0.4782608695652174,3.5079048999978113,0.113036299997475,3.6568383000048925,,B,0.03671440060068413,0.9127070205919355,4.976793389082342,83.12140295994887,0.9273454195250597,0.1676927403828746,0.2005794919697163,0.16090737614942485,3.303688873578053,0.6599237286524381,0.37108578508831097
segment,P2_Full,,main,clean,0.0,16,0.1,231,0.5683982683982683,0.581626794341638,0.4419652948439104,-0.04716389489700166,1.0,0.07834486172107862,0.374599897912864,0.46551724137931033,3.1171631999968668,0.023539999994682148,6.846176200000627,,B,0.036664924991289524,0.9292343867548992,4.351386034940373,80.4795103558805,0.9410985778716046,0.16765474886246023,0.22946078990037078,0.1916504527776105,3.0544581756876816,0.7065424565736121,0.31920123921543786
segment,P2_Full,,main,clean,0.0,16,0.15,346,0.770995670995671,0.7251768303025735,0.6417641351138911,-0.051848678901615104,1.0,0.07762329226151447,0.3433222437682359,0.5391304347826087,2.7661717000009958,0.06011179999768501,9.792539000001852,,B,0.03941610190208619,0.9246180500117919,4.247530211499269,81.9460758544372,0.9375187500235437,0.17113778581968062,0.23506299778356782,0.19860597820174336,3.008773790515262,0.7013714520343276,0.32566201629173697
segment,P2_Full,,main,clean,0.0,16,0.2,462,0.780952380952381,0.7248286905290864,0.6352873622295473,-0.04557163851674577,1.0,0.07494056009112057,0.37245762540862476,0.5431034482758621,2.167871700003161,0.12527720000070985,12.193093000001682,,B,0.029357555702763927,0.9196547320920785,4.514115577548642,57.658239400228354,0.9344547654295516,0.1842054139944432,0.2211307634476768,0.1697368735040199,3.2228679445958996,0.6836186483384629,0.3362179098641893
segment,P2_Full,,main,clean,0.0,17,0.05,115,0.558008658008658,0.5872903861978819,0.4412559475955572,-0.045244818471203,1.0,0.07000075480298926,0.40810376945613086,0.43478260869565216,3.5740317000017967,0.1291443000009167,3.757122299997718,,B,0.037850014066682036,0.9066093825166941,4.85661835440021,85.69243184696813,0.9234550830611371,0.18037893953805706,0.2055536838750302,0.1591636231338681,3.3207106628864054,0.6447540784172137,0.3876524666890265
segment,P2_Full,,main,clean,0.0,17,0.1,231,0.5497835497835498,0.6024848309871547,0.4447976939369822,-0.04937975514371869,1.0,0.07573231925722655,0.37604713054566546,0.5086206896551724,3.168264799998724,0.04130440000153612,7.030062400001043,,B,0.03700303723799359,0.9164014178327035,4.244470000673535,81.22166673739594,0.9313946475109873,0.17934789430136003,0.23525227123311152,0.19432911876042136,3.036477299926484,0.6881393814092329,0.33739113020701106
segment,P2_Full,,main,clean,0.0,17,0.15,346,0.7458874458874459,0.7016560787204941,0.5978326347131482,-0.05193270191199855,1.0,0.07504777108238496,0.33147248146326647,0.6,2.606265300004452,0.04652389999682782,9.755518699996173,,B,0.0341678677609673,0.9229086751620369,4.18103026543259,71.03499707505102,0.9366696610410747,0.1785023919093598,0.2388093659223863,0.20013230985319533,2.999173610115151,0.6827247898374156,0.3426417845490601
segment,P2_Full,,main,clean,0.0,17,0.2,462,0.7727272727272727,0.7272622540987025,0.6259441220808323,-0.047123061986871946,1.0,0.07622320205484082,0.3807289817466818,0.4827586206896552,2.1818593999996665,0.06636019999859855,12.064935800000967,,B,0.02981722900307019,0.9169245939673817,4.4491229549589635,58.561037762029855,0.9319279420458636,0.18059915437056176,0.22436847506457328,0.17518076264249097,3.1770973377950193,0.6925673389384028,0.32940572358995135
segment,P2_Full,,main,clean,0.0,18,0.05,115,0.6614718614718614,0.6101881261692146,0.5125040828206093,-0.05017961185892441,1.0,0.06908863258466692,0.3904979293761046,0.5072463768115942,3.5811063000001013,0.1319519999960903,3.824499800000922,,B,0.03773409775957044,0.8989232338395796,5.09756221568007,85.42999732766748,0.9169305607207571,0.17815495652678223,0.19581699657471666,0.15019931951863516,3.4144549442781105,0.6382872200034816,0.39938137118235123
segment,P2_Full,,main,clean,0.0,18,0.1,231,0.7212121212121212,0.696354759973662,0.5842855562599958,-0.0465092856830588,1.0,0.07311194326868076,0.38466206462732677,0.47413793103448276,3.2185471999982838,0.08032809999713209,7.252916199999163,,B,0.03717539880090463,0.9114924884771227,4.7580054243590215,81.60000036798567,0.927130589520271,0.17668671024725688,0.20981210722895005,0.16852297527113705,3.233477250492251,0.6692275888395434,0.35951452820618174
segment,P2_Full,,main,clean,0.0,18,0.15,346,0.758008658008658,0.7159545841029377,0.617405734986813,-0.045988912985052775,1.0,0.07383679216480751,0.4024609210698501,0.46956521739130436,2.6533268000057433,0.13205390000075568,10.087937000003876,,B,0.031723999345110075,0.9154813001970757,4.522225749508968,65.95419463848384,0.930916406366349,0.1826235638416578,0.22075523154261614,0.1718083720008648,3.205109533304592,0.6746202101566098,0.35063320256532393
segment,P2_Full,,main,clean,0.0,18,0.2,462,0.78008658008658,0.7343145992746788,0.6387484303466782,-0.04451778104716343,1.0,0.07594141016310271,0.39074329505192823,0.47413793103448276,2.1422433000043384,0.04260689999500755,12.328080600003887,,B,0.03025484677570773,0.9198278910894608,4.519059973215171,59.42051906748998,0.9341129346042226,0.17817971497671167,0.22088826239865925,0.17331840681943864,3.192431906614786,0.6903678401985178,0.33317736348957216
segment,P2_Full,,main,clean,0.0,19,0.05,115,0.5632034632034632,0.5875319149285422,0.44591029096119095,-0.04867492618640415,1.0,0.06848290992080644,0.38707112380559894,0.5072463768115942,3.5528119999944465,0.12973870000132592,3.7819291000050725,,B,0.038267543374183276,0.8879948912200544,5.056471475315703,86.63771819915094,0.9080873692707119,0.17938894278592968,0.19741186822484094,0.15419195570469169,3.3713556592978158,0.6345689523243526,0.40076489180394514
segment,P2_Full,,main,clean,0.0,19,0.1,231,0.719047619047619,0.6918730614492827,0.584374280532965,-0.04889019124050242,1.0,0.07517539348582535,0.3950700604453169,0.46551724137931033,3.2359298000010313,0.09855309999693418,7.247446700006549,,B,0.03820677925640856,0.9155904679673633,4.303888463755433,83.86388046781678,0.9308727464303994,0.181049202560763,0.23199814167930413,0.19101670947687108,3.058786025498313,0.6839340645989747,0.34446765670102286
segment,P2_Full,,main,clean,0.0,19,0.15,346,0.7558441558441559,0.7120619530512905,0.6125658849834233,-0.045900508390604326,1.0,0.07343869870905755,0.41727849361689195,0.4434782608695652,2.6610029000003124,0.13243700000020908,10.103695100006007,,B,0.03188893480266785,0.9131584879962703,4.534292352366776,66.29709545474645,0.9291437009874166,0.1840734070873819,0.220166479795878,0.17066443341708018,3.2148629183857818,0.6715017427402988,0.35453454577797805
segment,P2_Full,,main,clean,0.0,19,0.2,462,0.7831168831168831,0.7353947305701414,0.6365024440431084,-0.042275124783157335,1.0,0.07599936136071904,0.403798533153945,0.4396551724137931,2.1305309000017587,0.05183549999492243,12.367124800002784,,B,0.02968493084225765,0.9207882368885034,4.519426195451356,58.30120417419403,0.9349001085243895,0.17815373729306566,0.22087032190081266,0.17279393836899132,3.196810011738604,0.6906534302669601,0.333176267282024
segment,P2_Full,,main,clean,0.0,20,0.05,115,0.6471861471861472,0.578796890553132,0.49084784401044274,-0.049541430851105135,1.0,0.06986885292884387,0.38890696327755414,0.4927536231884058,3.43880530000024,0.0982612000007066,3.6705715999996755,,B,0.03953012925913785,0.9014086936574324,5.076353535918681,89.49621264268808,0.9187567602007983,0.17595939426025958,0.1966369536312333,0.1532105822815644,3.3817410734759807,0.6435122744726764,0.39657201062949965
segment,P2_Full,,main,clean,0.0,20,0.1,231,0.7311688311688311,0.6907720652270093,0.583133578961054,-0.037877671745130924,1.0,0.07064031360184683,0.409606591509334,0.45689655172413796,3.137780599994585,0.09010779999516672,6.965241999998398,,B,0.04393137846942328,0.9102584903743582,4.731902298122868,96.4293757403841,0.9270121365548925,0.18668781314714156,0.21097203173292162,0.16529985485368046,3.262403021897957,0.6498195954714884,0.38554593291100314
segment,P2_Full,,main,clean,0.0,20,0.15,346,0.7735930735930736,0.7174463171781204,0.6234575743843426,-0.04302522370266358,1.0,0.07261241158317407,0.40430011347584105,0.4782608695652174,2.6278137999979663,0.08012199999939185,9.750062099999923,,B,0.03254858319843458,0.9145201330288627,4.599530858269496,67.6685044695455,0.9300630712884335,0.18183156818457477,0.2170368721274083,0.16851868054947938,3.233515057113188,0.6647377931089168,0.3679499889924567
segment,P2_Full,,main,clean,0.0,20,0.2,462,0.7818181818181819,0.7362027874547318,0.6460625554545539,-0.04408134317999121,1.0,0.07549790635153197,0.40155671267160054,0.46551724137931033,2.1462733000007574,0.10746559999824967,12.13606979999895,,B,0.029935655110115665,0.9229845116521559,4.5631141324082956,58.79362663626716,0.9367965635971719,0.17934122397086266,0.21875079911064618,0.16951224952870467,3.224819670525733,0.6867400969296885,0.3385539048352182
segment,P2_Full,,main,clean,0.0,21,0.05,115,0.6575757575757576,0.6210463553630681,0.5250133712192524,-0.04808506793092152,1.0,0.07095769333749516,0.38850699257159577,0.4782608695652174,3.3707511000029626,0.12489849999838043,3.574769400001969,,B,0.020661092727431406,0.9060789680952434,4.530427686419431,46.776713934904706,0.9236021482639897,0.18657354815390237,0.2203853595835147,0.17266121615354707,3.197922153969284,0.6533339027126656,0.3679418005952107
segment,P2_Full,,main,clean,0.0,21,0.1,231,0.5714285714285714,0.6021657281330091,0.4483498944036399,-0.04825725328443706,1.0,0.07243115956065478,0.40014204652658825,0.4482758620689655,3.1165707999971346,0.10866929999610875,6.893565600003058,,B,0.036850158702499934,0.9100319381686538,4.7195532440845245,80.88609835198736,0.9262891191642713,0.18069946895258374,0.21152524798929342,0.1679286851902995,3.2387271922405394,0.6640644982976437,0.3658594852266819
segment,P2_Full,,main,clean,0.0,21,0.15,346,0.7601731601731602,0.7091588850059014,0.6163816312738508,-0.046941156686645336,1.0,0.07281774481493038,0.37680697972359867,0.48695652173913045,2.64442670000426,0.09725710000202525,9.73304939999798,,B,0.03481462868800434,0.9205745068515947,4.085559997439608,72.37961304236103,0.9359725841376251,0.19386819868098668,0.24440104430227974,0.1960949612537678,3.0248925235079005,0.6668195222144846,0.35770643557615145
segment,P2_Full,,main,clean,0.0,21,0.2,462,0.7844155844155845,0.7346152423294365,0.6394990552186559,-0.04558897143080746,1.0,0.07625704370675172,0.376108195118863,0.4827586206896552,2.1487452000001213,0.0961167999994359,12.086389100004453,,B,0.028694931392556494,0.9186097920520376,4.503508650613426,56.35684525498095,0.933124139492796,0.17833038895831668,0.22165278337930555,0.17306058207179045,3.194580834105209,0.6927003727905513,0.3282096783057707
segment,P2_Full,,main,clean,0.0,22,0.05,115,0.6437229437229437,0.5996308786587506,0.5044668085817173,-0.04614940942949638,1.0,0.07023936633935202,0.3900005929711936,0.5072463768115942,3.3886602999991737,0.09927359999710461,3.590901899995515,,B,0.037266352389130564,0.9022039279390333,4.5169499626646,84.3710218089916,0.9204876949591994,0.18695809182160095,0.22104426630364146,0.17605464462102746,3.170013658476016,0.6473960275002715,0.3790109958436233
segment,P2_Full,,main,clean,0.0,22,0.1,231,0.7346320346320346,0.7017882899810794,0.6025948713656595,-0.04414891000423606,1.0,0.07343823069764327,0.3737678865677324,0.47413793103448276,3.070154499997443,0.09483659999386873,6.93710309999733,,B,0.0342994705198097,0.9104941446210864,4.948546470806121,75.28733779098229,0.9256234612168633,0.1690315849362991,0.20171585813328594,0.16278813828561225,3.28573843053217,0.670081520575479,0.3643525613823723
segment,P2_Full,,main,clean,0.0,22,0.15,346,0.7675324675324675,0.7205280859972232,0.6246140392267411,-0.04383691357141349,1.0,0.07330932145542739,0.40769037993057916,0.4608695652173913,2.5351627999989432,0.13219479999679606,9.688828099999228,,B,0.032105167571962016,0.9114646843094673,4.482170067404626,66.74664338210903,0.9281493430061408,0.18845201563400185,0.2227323491705585,0.17017648875204217,3.219063099334866,0.67113620655152,0.3508551491243874
segment,P2_Full,,main,clean,0.0,22,0.2,462,0.7770562770562771,0.7405465047308769,0.6505023479663116,-0.04573296796684259,1.0,0.07568794394576585,0.39645904932042647,0.46551724137931033,2.143926900003862,0.09352750000107335,12.036165400000755,,B,0.029342575194580597,0.9205637933157975,4.473207491043696,57.628817682156296,0.9349889318821437,0.18159400062610118,0.2231576928922808,0.17304657549596247,3.1946977600306976,0.6886394201971832,0.3330674476917598
segment,P2_Full,,main,clean,0.0,23,0.05,115,0.6675324675324675,0.642284014853997,0.535150705992813,-0.04567180494958993,1.0,0.07518405058160044,0.40907848097275995,0.42028985507246375,3.3552096000057645,0.03808030000072904,3.494848099995579,,B,0.03443431843575132,0.9195929611976585,4.9816923213489295,77.959296938541,0.93201625718415,0.1545050802956535,0.2003818101224196,0.1687985709579048,3.231055192477579,0.6813032329907999,0.3562572585844654
segment,P2_Full,,main,clean,0.0,23,0.1,231,0.7437229437229437,0.7154847013196043,0.6253965028396821,-0.043461885051691955,1.0,0.07345701249459742,0.37734439480921317,0.5344827586206896,3.0812621000004583,0.09510130000126082,6.815860899994732,,B,0.03612133925033884,0.9097159382741512,4.686776567668075,79.28633965449376,0.9257822704656613,0.17795313906341664,0.21300772400230153,0.17002012114214995,3.220414197570067,0.6719435934586526,0.35423311679993047
segment,P2_Full,,main,clean,0.0,23,0.15,346,0.7692640692640693,0.7264557441862719,0.632867751821811,-0.04315465510545235,1.0,0.07342009179429324,0.41708235248275427,0.4608695652173913,2.625492799998028,0.14853759999823524,9.669446499996411,,B,0.031180449343626227,0.9068944885013378,4.494325251768338,64.82415418539892,0.924351498008628,0.1874970581901707,0.2221286540485859,0.17012232411654934,3.219530829056433,0.6720708247652302,0.34892976283890564
segment,P2_Full,,main,clean,0.0,23,0.2,462,0.7857142857142857,0.7418929753633242,0.6531310140999634,-0.046990178020462514,1.0,0.07595460852969621,0.37797171121527406,0.5,2.1913312999968184,0.09053829999902518,12.052774499999941,,B,0.02858883554808866,0.9206639971793206,4.485548591334624,56.14847301644613,0.9348848868775596,0.17924888061706185,0.2225423170314534,0.17297498633061953,3.1952956771573726,0.6904344980474241,0.33158558151627904
segment,P2_Full,,main,clean,0.0,24,0.05,115,0.654978354978355,0.610812725862494,0.5069567168611839,-0.03948167671721764,1.0,0.0720940442480643,0.39823142709075543,0.463768115942029,3.344699799999944,0.08241510000516428,3.4942969999974594,,B,0.03517178142578442,0.9176734436208713,4.760620998819782,79.62891314797594,0.9314278136285213,0.1670708774008305,0.20970756011984573,0.17248828519632933,3.1993737920546046,0.6588017169193509,0.38126823858551806
segment,P2_Full,,main,clean,0.0,24,0.1,231,0.7138528138528139,0.6601197979744824,0.5608013937477135,-0.047837950861838424,1.0,0.07301052138944664,0.3708860266568332,0.5086206896551724,3.0183315000031143,0.08645160000014585,6.738904400001047,,B,0.03947073550842717,0.9093303880143238,4.700259240703496,86.63826444099763,0.9255691808357702,0.1790985145498567,0.2123954048520453,0.17072612612986754,3.214333583073458,0.6682778382543594,0.35953902470185584
segment,P2_Full,,main,clean,0.0,24,0.15,346,0.7675324675324675,0.723132477110818,0.628558064611901,-0.041274941102530244,1.0,0.07203730518695599,0.3954336873863054,0.4608695652173913,2.5423702000043704,0.1623126000049524,9.517651800000749,,B,0.04318682912260159,0.9075661115883066,4.462627259846346,89.78541774588871,0.9255970369324362,0.1950683418598741,0.2237098495994109,0.1711662664501933,3.210568166758174,0.6607875938891182,0.3647267707033171
segment,P2_Full,,main,clean,0.0,24,0.2,462,0.78008658008658,0.7403843897411846,0.6516799211381948,-0.04701484083430454,1.0,0.0760717802967281,0.3748836337492384,0.5,2.17275669999799,0.06213399999978719,11.862250899997889,,B,0.029370596263986998,0.920645010748338,4.473629224009138,57.68385106247047,0.9349340995774256,0.18006541193990838,0.22313660759622622,0.17348181687076494,3.1910732174095062,0.6917215065416729,0.32862689509952586
segment,P2_Full,,main,clean,0.0,25,0.05,115,0.7082251082251082,0.6308393480330797,0.5537855936416624,-0.04557328866261926,1.0,0.07255213537417639,0.3994165948335675,0.4492753623188406,3.429940900001384,0.11042689999885624,3.707955799996853,,B,0.037008407966242225,0.9125661685583484,5.011658201506593,83.7870356355724,0.9271429503551323,0.16671786603005737,0.1991810380969698,0.1601914497938101,3.3106326075566876,0.663248343211079,0.36993429786101345
segment,P2_Full,,main,clean,0.0,25,0.1,231,0.7350649350649351,0.6725276033123033,0.597973690729344,-0.045284693710163804,1.0,0.07021435211421989,0.42092729925081646,0.4396551724137931,3.151775499994983,0.09701970000605797,7.068392499997572,,B,0.04060696446590068,0.8942496126274511,4.546212945853651,89.13228700265199,0.9152502000605047,0.19858638776490292,0.2196077677754169,0.16466735744409583,3.268212254574343,0.648372259329742,0.37470221608104165
segment,P2_Full,,main,clean,0.0,25,0.15,346,0.7627705627705628,0.724407505941599,0.6348270303971578,-0.03839362402472982,1.0,0.07086257414208143,0.4123948119256807,0.45217391304347826,2.5438212000008207,0.13448349999816855,9.828061599997454,,B,0.04003981112720973,0.9117612021164482,4.470481395283359,83.24276733346903,0.9292812483308089,0.19855263936711695,0.22331597096250447,0.16728261579079673,3.244476869686504,0.6521578619865807,0.3743006821839735
segment,P2_Full,,main,clean,0.0,25,0.2,462,0.7787878787878788,0.7370167132513683,0.641245787046108,-0.047072665292315914,1.0,0.0748390642007862,0.347877922500002,0.5517241379310345,2.151110000006156,0.07621410000137985,12.134515199999441,,B,0.029981078629099264,0.9178208986927812,4.518425423549508,58.88283842755095,0.9329640245014093,0.1842697908318195,0.22091935460776665,0.16954545030103763,3.2245308680127405,0.6828704857846748,0.3396201987366125
segment,P2_Full,,main,clean,0.0,26,0.05,115,0.564069264069264,0.5596302892603351,0.43953094350798916,-0.04401577397753094,1.0,0.07264545178776222,0.3948794128238291,0.463768115942029,3.356549399999494,0.09588670000084676,3.5306858999974793,,B,0.03742332443020933,0.9104753314133057,5.000966579973496,84.72640650999392,0.9254155931015349,0.1668843004290073,0.19960781415640824,0.16054238643159507,3.307221152349829,0.6641450825772666,0.3690257421305063
segment,P2_Full,,main,clean,0.0,26,0.1,231,0.7389610389610389,0.6973281936531343,0.6002660207646724,-0.04811075795788994,1.0,0.07789311137947133,0.3588223611486369,0.49137931034482757,3.0810639999981504,0.08217919999879086,6.8184477999966475,,B,0.02605575846439841,0.9312793442240269,4.418154875621005,57.19238982935451,0.9426068940248724,0.16483471633002003,0.2259862029231915,0.19099096105967195,3.0589624692861337,0.7027096627850706,0.32592926559141233
segment,P2_Full,,main,clean,0.0,26,0.15,346,0.7636363636363637,0.7241409217635085,0.6347582535842026,-0.043959095299053015,1.0,0.07365004001089953,0.4009220771167589,0.4782608695652174,2.581509499999811,0.13136249999661231,9.643152600001486,,B,0.031528237409306326,0.9108143952060426,4.504334992619058,65.54720557394785,0.9272979302233516,0.18482282040235692,0.22163396009857025,0.17070285790208792,3.2145331839927103,0.6735892602493923,0.34804667627531644
segment,P2_Full,,main,clean,0.0,26,0.2,462,0.78008658008658,0.7341233031510342,0.6395258807564591,-0.046157760442366996,1.0,0.07489255064588478,0.35917330083662063,0.5431034482758621,2.200870799999393,0.10758199999690987,12.024230800001533,,B,0.02918392738757102,0.9194462898011349,4.482523453333262,57.31723338918948,0.9343841210414146,0.18543939445374055,0.22269284882591006,0.1701373578202863,3.2194009781442094,0.6834555834115272,0.33678990465268854
segment,P2_Full,,main,clean,0.0,27,0.05,115,0.5575757575757576,0.5939374936792876,0.45206770554840614,-0.03741009557808577,1.0,0.07227830653465914,0.4391316501558691,0.37681159420289856,3.3074364000058267,0.04425539999647299,3.389876199995342,,B,0.03842855473839678,0.9070309081483128,5.0055337184376185,87.00224792773031,0.9224741965473199,0.1661120711348197,0.19942528522824682,0.1626234133682266,3.287294014570506,0.6601806028310131,0.38102689358762415
segment,P2_Full,,main,clean,0.0,27,0.1,231,0.7467532467532467,0.7345251017020631,0.643931423247786,-0.047415484474459334,1.0,0.07418758537969265,0.38856939175005617,0.46551724137931033,3.0923942000008537,0.029698300000745803,6.618193299997074,,B,0.03680810400114311,0.91888006777583,4.408402728443289,80.79378828250913,0.9333599903132247,0.1785001804165757,0.22648713166399456,0.1852640147181275,3.099425577224838,0.675801698838246,0.35907011997171157
segment,P2_Full,,main,clean,0.0,27,0.15,346,0.7554112554112554,0.714757505121552,0.6144739633108207,-0.04686914377188045,1.0,0.07209689046384925,0.38528436266857646,0.5130434782608696,2.5883348999996088,0.0980109000010998,9.375069900001108,,B,0.03179155554237489,0.9188422128651323,4.508391552338674,66.0946439725974,0.9336879843331601,0.1829247936905569,0.22143410533202343,0.17313609998884302,3.193950741735029,0.6621457882797087,0.3618807250357559
segment,P2_Full,,main,clean,0.0,27,0.2,462,0.780952380952381,0.739848976919855,0.640722186095389,-0.041785262218766286,1.0,0.0758245028523614,0.4069715405589548,0.4396551724137931,2.2207624000002397,0.05761429999984102,11.706293999995978,,B,0.029266630922819992,0.9225653004044025,4.585899143531343,57.479663132418466,0.9361863550145653,0.17590375737619812,0.21766140606600182,0.17018923402705655,3.218953082897448,0.6887333669563809,0.3391279869070281
segment,P2_Full,,main,clean,0.0,28,0.05,115,0.6177489177489177,0.57799253988343,0.4616128728684576,-0.03493739467226109,1.0,0.07463353417161502,0.4300918650367986,0.37681159420289856,3.516764300002251,0.04921000000467757,3.6629982000013115,,B,0.037005128472595065,0.9153118532654111,4.931621200467109,83.77961086195523,0.9287093958629169,0.15819855687116943,0.2024207882638553,0.17025813946588927,3.2183585805898387,0.6771891973847946,0.36011594983908995
segment,P2_Full,,main,clean,0.0,28,0.1,231,0.7073593073593074,0.6766049452313324,0.5630217343556001,-0.045227157231714755,1.0,0.07149617742498471,0.3713000972980055,0.5258620689655172,3.108953199996904,0.07169219999923371,6.906529500003671,,B,0.04762588253880569,0.8951953300816542,4.833815959874493,104.53881217267849,0.9139403882552198,0.1788570889843942,0.206514397529136,0.16571681309348543,3.258597681388961,0.6555776004466269,0.3818366111840764
segment,P2_Full,,main,clean,0.0,28,0.15,346,0.745021645021645,0.7024901631584809,0.5973433294011593,-0.04114076571702706,1.0,0.07414108223638542,0.40472733443197995,0.46956521739130436,2.6206449000019347,0.05676400000083959,9.669403200001398,,B,0.03205791695611464,0.9104650959352893,4.516906765376404,66.64840935176233,0.9267464649119942,0.18184381998039115,0.2210157534661374,0.1734740502786701,3.191137735577154,0.6770120532830309,0.3472365139174008
segment,P2_Full,,main,clean,0.0,28,0.2,462,0.7857142857142857,0.7354273471012925,0.6378515884281375,-0.04667882536949429,1.0,0.07614697001093088,0.3866044434493986,0.47413793103448276,2.205821499999729,0.061671499999647494,12.049974100002146,,B,0.0297119996654571,0.9179614781300942,4.502202152869177,58.354367342957744,0.9325582356698006,0.17792565257152573,0.22171725281301843,0.1740680180072689,3.1862201791115945,0.6919083460855625,0.3316334747716945
segment,P2_Full,,main,clean,0.0,29,0.05,115,0.5753246753246753,0.5661784329608008,0.4521813791210177,-0.048461953697926295,1.0,0.07176881255637686,0.40358672863331396,0.4492753623188406,3.541964200005168,0.07870270000421442,3.667304399998102,,B,0.03531263184579789,0.9104282493598032,4.705657355362633,79.94779849888641,0.9257403215007421,0.1709475591522865,0.21216217562794337,0.17305196985145893,3.1946527260833277,0.6574289605762141,0.37229875787267785
segment,P2_Full,,main,clean,0.0,29,0.1,231,0.7285714285714285,0.6914816173664351,0.5904996015622795,-0.04819747752605303,1.0,0.0757873219533413,0.3718310186061366,0.4827586206896552,3.0322360999998637,0.09111739999934798,6.921621200002846,,B,0.03416103716274035,0.9238067808291425,4.260664920572552,74.98347657221507,0.9373870743676183,0.17823493594650494,0.2343563375658739,0.1924449160373186,3.0490730290402706,0.6879761440194655,0.33475083342707157
segment,P2_Full,,main,clean,0.0,29,0.15,346,0.7658008658008658,0.7194379560034758,0.6200825307252412,-0.044394829396068695,1.0,0.07412506939894824,0.3904487854760626,0.4782608695652174,2.5285475999990012,0.13118569999642204,9.669230100000277,,B,0.03161485523983717,0.9127523807106898,4.454435053936535,65.72728404362147,0.928868952968544,0.18472220089366764,0.2241221621555461,0.17371200431835657,3.189163637429644,0.6772929274123373,0.34329655500370426
segment,P2_Full,,main,clean,0.0,29,0.2,462,0.7610389610389611,0.7310997120684776,0.6429192751332587,-0.049341411649065296,1.0,0.07595138927765704,0.36280780131446905,0.5431034482758621,2.115495699996245,0.07522679999965476,11.946247300002142,,B,0.02858574473660003,0.9214333718944012,4.443147009684175,56.14240266268246,0.9356902400258632,0.18146213570855832,0.22467093141307684,0.17473877736080837,3.1807070461171243,0.6910985112001147,0.3284239256702736
segment,P2_Full,,main,clean,0.0,0,0.05,115,0.5783549783549784,0.5881889706040616,0.4692323099227673,-0.04948775184000341,1.0,0.07226191870395485,0.39153282063594763,0.43478260869565216,3.6153569000016432,0.07982669999910286,3.744891300004383,,C,0.034223229444481154,0.9120111505223566,4.687288892161009,79.61486780383814,0.9269022029390569,0.16923794895720193,0.21299532461227758,0.1747461467235244,3.180646710599799,0.6609907798795859,0.3683485751123952
segment,P2_Full,,main,clean,0.0,0,0.1,231,0.7112554112554113,0.6873617089992969,0.5703765385162439,-0.04334325753932842,1.0,0.07732794116185746,0.3590375719399288,0.5172413793103449,3.0717666999989888,0.04033550000167452,6.965260900004068,,C,0.023935463721088287,0.9287484184050881,4.359765634745005,53.012123157436974,0.9407347801246565,0.16822590392048622,0.22901888336754941,0.19273853105279878,3.047094040482829,0.6992085318467289,0.32603427097425447
segment,P2_Full,,main,clean,0.0,0,0.15,346,0.7588744588744589,0.7135038095156541,0.6137137348139414,-0.05174191102692051,1.0,0.07464119485201558,0.3808877214141514,0.5130434782608696,2.589109100001224,0.08559859999513719,9.700721499997599,,C,0.030350786840478743,0.9155937722055398,4.438628090785122,64.5830467000643,0.9309312575339589,0.1817103515841012,0.22492202587509033,0.1770382684723397,3.1621240687521737,0.6808773736702752,0.34120092715501094
segment,P2_Full,,main,clean,0.0,0,0.2,462,0.7545454545454545,0.7254915549146294,0.6353324398072501,-0.053039018200944345,1.0,0.07617318289375521,0.3690629243079958,0.5,2.22105890000239,0.067503599995689,12.06479550000222,,C,0.02860137936423522,0.9195118554746836,4.436653908133134,57.24901830113714,0.9340595071696236,0.1807427886521128,0.22500048583574483,0.17617004190559982,3.169083501915506,0.6927081185556341,0.32744309435233065
segment,P2_Full,,main,clean,0.0,1,0.05,115,0.664069264069264,0.6179157682865856,0.5171548484852508,-0.046675560288860274,1.0,0.07030799093526273,0.40310828495716705,0.463768115942029,3.6270982999994885,0.09981709999556188,3.8060180000029504,,C,0.03660100456859379,0.8903520404981836,5.048683584372845,87.21769092445766,0.9094366522562514,0.1740535058269975,0.19771706926903837,0.15846916676165507,3.3275939579212372,0.6471684384755461,0.39059219139667467
segment,P2_Full,,main,clean,0.0,1,0.1,231,0.7112554112554113,0.6910270707401341,0.5739868922442637,-0.04496908224756129,1.0,0.07202555822313852,0.379336125377951,0.5,3.1093294999955106,0.07235190000210423,7.058299700001953,,C,0.035287971854432984,0.9110811721448797,4.6510561271672675,79.67114636037127,0.9273331859105641,0.1827735942736963,0.21464713889850073,0.16935896823600502,3.2261544818318693,0.6609098974583905,0.3660018829111865
segment,P2_Full,,main,clean,0.0,1,0.15,346,0.7588744588744589,0.7167030040946681,0.6184263828586584,-0.047010753743842094,1.0,0.07367698888265144,0.408146995306015,0.4782608695652174,2.637526499995147,0.06605770000169287,9.821889300001203,,C,0.03058538370701437,0.90946297017638,4.49583868504076,65.52096975860411,0.9261034118539145,0.18379707960325758,0.22205371692742826,0.17383283312060982,3.1881632946552934,0.673422612451832,0.35162869600223023
segment,P2_Full,,main,clean,0.0,1,0.2,462,0.7878787878787878,0.739572055315411,0.6402373178741457,-0.04608917380386624,1.0,0.07579454455631286,0.39138848450163316,0.46551724137931033,2.1728656999985105,0.05507249999936903,12.172323400001915,,C,0.028851231619833446,0.9172785447104923,4.479812383506371,57.88972951909159,0.9322596573860981,0.1811031082948802,0.22282792523007602,0.1731897538266484,3.1935034086960687,0.689361630725403,0.33334839541869726
segment,P2_Full,,main,clean,0.0,2,0.05,115,0.5796536796536796,0.5788418390765528,0.46727804839296144,-0.047587290264992574,1.0,0.07252412398228969,0.3921764445477638,0.463768115942029,3.8552335999993375,0.13516669999808073,4.05513339999743,,C,0.03639000109986756,0.9104162657265114,5.024318051517395,84.80381655711949,0.9253305291523196,0.16648405591439996,0.198678045189494,0.16031207206419448,3.309458353828097,0.6631569890611231,0.3710444210554279
segment,P2_Full,,main,clean,0.0,2,0.1,231,0.706060606060606,0.6856607058436861,0.5628839740754688,-0.04500858896493044,1.0,0.07606144909959649,0.3814845123681529,0.5,3.017950800000108,0.05303480000293348,7.234474799995951,,C,0.0333943339786482,0.92693288406451,4.306077120444733,74.10643754584055,0.9396684993307652,0.17430023209756,0.23187999194927347,0.19145484786630756,3.055790909899416,0.689600389791102,0.33689737733117614
segment,P2_Full,,main,clean,0.0,2,0.15,346,0.7606060606060606,0.7171790060716278,0.6151368415722954,-0.044296031569289,1.0,0.07436324597603013,0.39672926016475846,0.4782608695652174,2.6709553000036976,0.0734493999989354,10.07223339999473,,C,0.030216936479193802,0.9139141906240336,4.456662138442912,64.41639483386791,0.9294458759114277,0.18042097065687004,0.22400992328179667,0.177407699063137,3.1591834870764455,0.6785800339193535,0.34444979024858274
segment,P2_Full,,main,clean,0.0,2,0.2,462,0.7740259740259741,0.734685934007006,0.6453642793862008,-0.04731662505230195,1.0,0.07599164746038578,0.391287750982005,0.47413793103448276,2.2931441999971867,0.05459529999643564,12.529094099998474,,C,0.02812856166467394,0.9201989617957198,4.460427419782513,56.26057738863483,0.9345416392983658,0.1797304624775761,0.22379854665541304,0.17467289457821011,3.181246677417726,0.6909351098824615,0.3310383324434363
segment,P2_Full,,main,clean,0.0,3,0.05,115,0.6519480519480519,0.6259018183759739,0.5113454711396648,-0.054359847221066085,1.0,0.07235898315840207,0.3840524327495824,0.4782608695652174,3.8759454999963054,0.13021840000146767,4.1138798000029055,,C,0.0358972283244631,0.9122128894840346,5.0148129959763645,83.49069003651584,0.9268078165213397,0.16625364420270744,0.19905545628281446,0.16006809498008367,3.311835292855244,0.6617004737950108,0.3715679574735697
segment,P2_Full,,main,clean,0.0,3,0.1,231,0.7532467532467533,0.716311980733495,0.6317059300390407,-0.04041342294227864,1.0,0.0709624534563136,0.38691163063049316,0.49137931034482757,3.0090840000048047,0.09870900000532856,7.393594799999846,,C,0.04002736987479286,0.9074974702751009,4.5612315782441595,90.72836213222968,0.9250702106005169,0.18997037570407047,0.21888317100856455,0.16873934503501992,3.231575028918806,0.6538043070293876,0.36894980822554657
segment,P2_Full,,main,clean,0.0,3,0.15,346,0.7831168831168831,0.7342692496371871,0.6489386581311501,-0.04642058080838623,1.0,0.07345518015217409,0.39957945333874745,0.48695652173913045,2.6077783000000636,0.12583749999612337,10.22227749999729,,C,0.03038685277332091,0.9082363758532981,4.507492162202329,65.18358377117386,0.9253479088871163,0.18647403252580907,0.22147838460268576,0.17025889306928768,3.218352081311026,0.6724525584846777,0.347743075946365
segment,P2_Full,,main,clean,0.0,3,0.2,462,0.7852813852813852,0.7424907191739215,0.652736111860195,-0.0516010468666056,1.0,0.07573687042781625,0.3523149820494241,0.5517241379310345,2.168381199997384,0.09594289999949979,12.595871500001522,,C,0.02827746580701023,0.920475442836401,4.504739165121793,56.54141564347856,0.9348231264574608,0.18041827748305989,0.2215920975527123,0.1716765248751599,3.206227053651019,0.6891048637488355,0.33235411029228706
segment,P2_Full,,main,clean,0.0,4,0.05,115,0.5376623376623376,0.5589060965318811,0.4092435503509177,-0.04216956778633425,1.0,0.06906176553041192,0.41271160434985504,0.463768115942029,3.783962599998631,0.13921389999450184,3.9860640999977477,,C,0.03515172398290412,0.8849074581293319,5.062035713529583,84.27953127037117,0.9057425089014748,0.1810286786050448,0.19719438547446527,0.1522873729952891,3.391633151080317,0.637525137352545,0.39908617403011337
segment,P2_Full,,main,clean,0.0,4,0.1,231,0.687012987012987,0.6559414017981274,0.5438354804001081,-0.046140238658980356,1.0,0.0754101307601606,0.38185540817934893,0.47413793103448276,3.091071299997566,0.05590970000048401,7.236899700001231,,C,0.04004345009732703,0.914580798355086,4.261720327876746,90.06184698593779,0.930037349241445,0.18094937190599816,0.2342981867690332,0.19363141971373574,3.0411127768912682,0.6857116831444129,0.34022450654800235
segment,P2_Full,,main,clean,0.0,4,0.15,346,0.7415584415584415,0.711466692164838,0.6064607508513971,-0.05046536327590606,1.0,0.07361520744260851,0.3772468653709992,0.4956521739130435,2.7120348999960697,0.09938900000270223,10.216457399998035,,C,0.032570003805775266,0.9063068548004445,4.6040094333249835,70.01546039368898,0.9236261433584015,0.18485118117306243,0.21682528021623554,0.1685524755784621,3.2332176100767125,0.6739418751941356,0.34758641048292516
segment,P2_Full,,main,clean,0.0,4,0.2,462,0.7757575757575758,0.734843598813875,0.635626573031328,-0.051566843901883104,1.0,0.0763083955616541,0.36780496031559745,0.49137931034482757,2.2818918000048143,0.08191190000070492,12.687980499998957,,C,0.028237962381103494,0.9157728613183649,4.430305605600681,56.75236765747286,0.9310980741321442,0.18195100835261835,0.22532362497362252,0.17511747367023126,3.1776131031377384,0.6935855763890274,0.3264362802857961
segment,P2_Full,,main,clean,0.0,5,0.05,115,0.6363636363636364,0.6008495889627153,0.47880473436864585,-0.04488852658247307,1.0,0.07091456919263225,0.4193066891984663,0.4492753623188406,3.8699377000011737,0.04023709999455605,4.014066299998376,,C,0.036388593367856555,0.9097232719863216,4.951210967887456,84.8651338872287,0.9248440047799092,0.16749314165768783,0.20161814973025285,0.16443743178400727,3.270335104286847,0.6504344608818087,0.3913611352521402
segment,P2_Full,,main,clean,0.0,5,0.1,231,0.729004329004329,0.7258254200925747,0.6113751522062939,-0.04873591147270352,1.0,0.07170351907907062,0.3752624933318845,0.4827586206896552,3.0701490999999805,0.09522060000017518,7.28090869999869,,C,0.03837905138019342,0.912125733085337,4.6876543608489465,86.55077625461797,0.9280692552074974,0.18143562025551357,0.21296775159793296,0.1671126264839083,3.2459970725136866,0.6587859510471877,0.36606143274128755
segment,P2_Full,,main,clean,0.0,5,0.15,346,0.7584415584415585,0.7248821209612641,0.6243785586375389,-0.04479223681638558,1.0,0.07203165403522684,0.3865872113601021,0.5217391304347826,2.7543920000025537,0.12133410000387812,10.236661700000695,,C,0.03141290148273364,0.9132138695945208,4.445893899864486,67.01730476751186,0.9296196696531142,0.18903711897215347,0.2245536551775122,0.1716000464797385,3.2068760622656267,0.6613592065242825,0.3629959102336101
segment,P2_Full,,main,clean,0.0,5,0.2,462,0.7874458874458874,0.7427253588067184,0.6477588083044843,-0.04390118457001712,1.0,0.07587964172984439,0.3979901968148248,0.45689655172413796,2.2830822999967495,0.0795222000015201,12.6766529000015,,C,0.029424700150020758,0.9202903971815345,4.529619762817046,58.847166182333126,0.9345473035854506,0.17886058768082785,0.22037212349234214,0.1713953558344651,3.2086159513064745,0.689753455970989,0.3343595686153852
segment,P2_Full,,main,clean,0.0,6,0.05,115,0.7796536796536796,0.6867327706973416,0.605497733235419,-0.04441930235426632,1.0,0.07028015675461685,0.4070276730302451,0.4492753623188406,3.501821799996833,0.1188354000041727,3.7352788999996847,,C,0.036091738418359436,0.9037943163570268,5.080783108089254,84.72499126634656,0.920539765047751,0.17405882954761698,0.19646513465208756,0.1534100579455334,3.379619357087785,0.6466133946949346,0.39102248638770937
segment,P2_Full,,main,clean,0.0,6,0.1,231,0.7363636363636363,0.6884701853214396,0.6046970346902181,-0.04559928180857894,1.0,0.06917924780138907,0.3878381811082363,0.5,3.1768943999995827,0.11149329999898328,7.109590500003833,,C,0.03254071029837337,0.8951875107643785,5.120915608307107,74.77293941011928,0.9140011707403667,0.1794982650750193,0.19491079532318242,0.14816096083125857,3.43735406815245,0.6397068909666507,0.3950877615626298
segment,P2_Full,,main,clean,0.0,6,0.15,346,0.7722943722943723,0.7185371125428641,0.6282417128676404,-0.04539851619638387,1.0,0.07318927423778263,0.4107711346253105,0.43478260869565216,2.808982599999581,0.09945549999974901,10.107602800002496,,C,0.032259111486308875,0.9044740840742778,4.520896683133925,69.48765859695516,0.9227055319502622,0.1908534212868532,0.2208202712825561,0.16742844365558512,3.2431752009489605,0.6707073700923522,0.3491318573431301
segment,P2_Full,,main,clean,0.0,6,0.2,462,0.7662337662337663,0.7323297052742644,0.6440718223285603,-0.04606987793267087,1.0,0.07571844497438412,0.3886027776732527,0.49137931034482757,2.2236349000013433,0.0977610000045388,12.52946840000368,,C,0.02973524357244355,0.9162159685041495,4.500055549426601,59.73268572075858,0.9315565358411918,0.183096552686202,0.22182325873783246,0.1713927620241266,3.2086380255941496,0.6889872676077641,0.3321958643966043
segment,P2_Full,,main,clean,0.0,7,0.05,115,0.6376623376623377,0.5947076136116574,0.5011321092754828,-0.04067988835935014,1.0,0.07510264080009804,0.39975080628325976,0.463768115942029,3.3972428000051877,0.026267999994161073,3.527591800004302,,C,0.03385866951049188,0.9276680771757327,4.790494341815789,77.43737343960845,0.939002766515033,0.1567038300203674,0.20839707602476357,0.1754663670758195,3.174774469126464,0.6804756124024438,0.3580541652919261
segment,P2_Full,,main,clean,0.0,7,0.1,231,0.6956709956709957,0.6668826789926491,0.5560245259578432,-0.04814228464444797,1.0,0.0721514466264677,0.37034599650008926,0.49137931034482757,3.5418254999967758,0.10090340000169817,7.2858273000019835,,C,0.03245799440822767,0.9152636100331621,5.032119394947285,72.94691420323223,0.9294217680136011,0.16708474347302024,0.1983582121072946,0.16162198416472343,3.2968192727123227,0.6600497146091698,0.37826352939143104
segment,P2_Full,,main,clean,0.0,7,0.15,346,0.7480519480519481,0.7136791797116706,0.6115128175641542,-0.040871811854968514,1.0,0.07295922960934961,0.40395423666290614,0.48695652173913045,2.5366531000036048,0.10097610000229906,10.005360200004361,,C,0.031303798759852716,0.9188642033381849,4.531790839423107,66.37386604717881,0.9338419705642689,0.18460122217710348,0.22028827559945555,0.17198151365620085,3.203644607988285,0.6678975834181312,0.3585279200477398
segment,P2_Full,,main,clean,0.0,7,0.2,462,0.7861471861471861,0.7395924176521095,0.6422630869870009,-0.046241614074882205,1.0,0.07645527945103187,0.39504868357345974,0.4827586206896552,2.1680478999987827,0.045556500001112,12.276098200003617,,C,0.02865519944544172,0.9236089680787771,4.531190023993041,57.10231203044282,0.9369770012497964,0.17499479761976355,0.22029557809979963,0.17372511628051748,3.1890550160652644,0.6939573039100052,0.32992725307985926
segment,P2_Full,,main,clean,0.0,8,0.05,115,0.5575757575757576,0.5968234551768136,0.44770186667264783,-0.04576693088808857,1.0,0.07170805171417592,0.3814967859914337,0.5072463768115942,3.319673400001193,0.11710319999838248,3.5069575000015902,,C,0.01883624290307183,0.9077778733528392,4.188736371511072,44.02385070213211,0.9255895185908155,0.19313852201785847,0.23839908664291648,0.19171524087759922,3.0540173481022967,0.6595304980806481,0.3523976618751923
segment,P2_Full,,main,clean,0.0,8,0.1,231,0.7125541125541126,0.6806595127529594,0.5736244526304839,-0.04732546485313849,1.0,0.07536992381506362,0.394148167993488,0.46551724137931033,3.4794997999997577,0.03964730000006966,7.109578700001293,,C,0.03592715666599521,0.9165235003677035,4.3147813039398,80.63260342517322,0.9313039363173625,0.17706104130821299,0.23141130231631873,0.19298189512503555,3.045458311454666,0.684917152649259,0.3438998471423796
segment,P2_Full,,main,clean,0.0,8,0.15,346,0.7471861471861472,0.7126893155257135,0.6052995365978291,-0.04381299247354537,1.0,0.07360552203729336,0.3977928787469864,0.45217391304347826,2.556702400004724,0.0806737000020803,9.823338099995453,,C,0.03105100600996074,0.9162060365229845,4.4442699396469605,66.02888001305917,0.9318473790404446,0.1866643117048707,0.2246358841395733,0.1731203598383579,3.1940820261315563,0.6733591022519981,0.348355066153119
segment,P2_Full,,main,clean,0.0,8,0.2,462,0.7792207792207793,0.7369656237948378,0.6360354795266833,-0.04840116035284452,1.0,0.07640820982952258,0.3636361590490259,0.5086206896551724,2.163096199998108,0.04772709999815561,12.110894099998404,,C,0.02848597306809525,0.9231750900741463,4.428015786387237,56.79176686809069,0.9369271100728568,0.1790047005845233,0.22544040794828185,0.17720237842032802,3.160816278137048,0.6943099462372665,0.32565635442317065
segment,P2_Full,,main,clean,0.0,9,0.05,115,0.6471861471861472,0.6237084057801358,0.4995954141849476,-0.04735379539305052,1.0,0.07216910307193693,0.40924084856026416,0.43478260869565216,3.366835300003004,0.146197400004894,3.679530099994736,,C,0.03723102214941319,0.9110801165631681,4.977181034003416,86.70052523659164,0.9261296057903878,0.16924773903815032,0.2005638355333285,0.16088434471268478,3.303911292279323,0.6606405648145441,0.372545653249479
segment,P2_Full,,main,clean,0.0,9,0.1,231,0.7142857142857143,0.7114267590623268,0.5963868364796712,-0.04884228952802888,1.0,0.07184580614293869,0.37366225634669437,0.49137931034482757,3.3982852999979514,0.10366320000321139,7.273952600000484,,C,0.03018971769063558,0.910671696856241,4.6082805200094565,68.19125013113785,0.9271022437042964,0.18393438887575325,0.21664379649812943,0.16876094048170304,3.231385439583426,0.6604707874155328,0.36215476404553504
segment,P2_Full,,main,clean,0.0,9,0.15,346,0.7653679653679654,0.7215283174811393,0.6289723926287164,-0.043574054612648155,1.0,0.07220410826856619,0.3878506742093874,0.5391304347826087,2.5973932999986573,0.09240259999933187,10.061228899998241,,C,0.030384334498314892,0.9065825547842628,4.396090701972188,65.29708218172925,0.9243604404720059,0.19030584326821542,0.22710306959506363,0.17481288896110841,3.1801005005164056,0.66295567267421,0.3582415914039181
segment,P2_Full,,main,clean,0.0,9,0.2,462,0.7887445887445887,0.7354151135748019,0.6424210004122093,-0.04515946657507266,1.0,0.07564110247661097,0.3992742208828186,0.46551724137931033,2.1853665999951772,0.11158170000271639,12.449061899998924,,C,0.028807978818084178,0.9159823627102867,4.4941121624224865,57.884738562147845,0.9313258856440093,0.18262264244368595,0.22211728993498545,0.1715738099857548,3.2070988428872487,0.6880918672354553,0.33478838962979335
segment,P2_Full,,main,clean,0.0,10,0.05,115,0.5623376623376624,0.5831855316147014,0.43601915715038114,-0.048455309042885704,1.0,0.07274360602264433,0.3860231935977936,0.4782608695652174,3.416913900000509,0.1264636000050814,3.590148199997202,,C,0.036273432198893216,0.9113336386558839,5.05411486611529,84.44707025649086,0.9259707715884694,0.16508101506250503,0.19750412255668176,0.16009073605348914,3.3116144079471943,0.6643919760981928,0.3705450903247041
segment,P2_Full,,main,clean,0.0,10,0.1,231,0.7186147186147186,0.699255624251443,0.5863599365019562,-0.04519375897267802,1.0,0.07533661271022238,0.3868484251714986,0.5,3.115349400002742,0.05626720000145724,6.871327699998801,,C,0.03960195404342564,0.9154383077068899,4.239228628405863,88.98544425448085,0.9308465101941809,0.1822125606697015,0.23554370012169462,0.19357203223535716,3.041508887482434,0.6853282092164453,0.34071589099025645
segment,P2_Full,,main,clean,0.0,10,0.15,346,0.7610389610389611,0.7223501197806887,0.6235256718588784,-0.04165602892924981,1.0,0.07385918344194806,0.3930759258892225,0.46956521739130436,2.5778195000020787,0.11832969999522902,9.623748899997736,,C,0.030364219283946434,0.9132028917536966,4.468987055105685,64.78079082505178,0.9290760020077836,0.18287602634230637,0.22339080428554733,0.1744712351064613,3.1829009584155896,0.6750211236162257,0.34648525000576547
segment,P2_Full,,main,clean,0.0,10,0.2,462,0.770995670995671,0.7345838204925434,0.6450044928567734,-0.04559844877014722,1.0,0.07619055718005294,0.3788479759261526,0.47413793103448276,2.1355000999974436,0.06477730000187876,11.923004099997343,,C,0.028548056588122993,0.9217601229067195,4.473856058452346,57.00291061060534,0.9357097502601992,0.17829306322718838,0.22312526824545822,0.17443685783740545,3.1831833484012177,0.6925136729350443,0.3283065857993037
segment,P2_Full,,main,clean,0.0,11,0.05,115,0.5225108225108225,0.5534008635575697,0.4089960838691264,-0.05163639052942368,1.0,0.07268782549668627,0.3872620748436969,0.463768115942029,3.486313199995493,0.08119109999825014,3.65725139999995,,C,0.03251313973527473,0.9134766693173786,4.75455507179055,75.51527154019084,0.92782948170639,0.1658837249534387,0.20997567169248843,0.17273070082710185,3.1973396958554714,0.664240563411203,0.36580648308577113
segment,P2_Full,,main,clean,0.0,11,0.1,231,0.7108225108225108,0.6838364226757381,0.565987175279815,-0.051211662903476375,1.0,0.0722383476558796,0.36047247270571775,0.5517241379310345,3.1276015999974334,0.09476819999690633,6.968225199998415,,C,0.03549859244328227,0.9158882980727788,4.509872285664782,79.72601601292286,0.9307255766226584,0.17639969480962153,0.22138104524593266,0.18194579127585483,3.1240356303211523,0.6608612785158184,0.36522530936906933
segment,P2_Full,,main,clean,0.0,11,0.15,346,0.7562770562770563,0.7082501758772255,0.6076430419628099,-0.04182393053720646,1.0,0.07483153345095149,0.38199606758096943,0.5043478260869565,2.6142413999987184,0.08655469999939669,9.73490789999778,,C,0.03060706527433527,0.9156722982933873,4.461907236222018,65.1227929945386,0.9309436369152998,0.18109515986862407,0.2237460275983104,0.17636838618551803,3.167487597448618,0.6822737349847889,0.33999235967101415
segment,P2_Full,,main,clean,0.0,11,0.2,462,0.7597402597402597,0.730465067301688,0.6396399180649586,-0.052262220956012684,1.0,0.07618389663303521,0.36656910232428846,0.5258620689655172,2.1866125000015018,0.061525700002675876,12.072550400000182,,C,0.028659529747679147,0.9195286647018032,4.436309440743747,57.36436446492907,0.9341613032207224,0.18183665605518004,0.22501799606831094,0.17567306784474074,3.1730980483641873,0.6927973054591322,0.3269577391068058
segment,P2_Full,,main,clean,0.0,12,0.05,115,0.5714285714285714,0.5504455906212574,0.44550684427178383,-0.04318697748218124,1.0,0.0750681099275042,0.38297536170137103,0.4927536231884058,3.424893700001121,0.03367119999893475,3.562741800000367,,C,0.03808183073071353,0.913696916544138,4.3105536054337925,88.42783588568206,0.9292333224133711,0.18002144589861463,0.23164938580563044,0.19058865229400918,3.061725525055609,0.6829518231170075,0.3432623919686763
segment,P2_Full,,main,clean,0.0,12,0.1,231,0.5800865800865801,0.6033255276691508,0.4532196468760178,-0.03882564142174561,1.0,0.07510569392897096,0.42241775051786984,0.4224137931034483,3.062652500004333,0.10080290000041714,6.807152200002747,,C,0.03829295295561927,0.9247380033970926,4.710398700413852,85.17881459906641,0.9372796961794929,0.16664044735050076,0.21193722790425362,0.17626286642177985,3.168336176388817,0.6813419236681072,0.35729896760089264
segment,P2_Full,,main,clean,0.0,12,0.15,346,0.7329004329004329,0.6916146520199716,0.5830686049477187,-0.043853204147088855,1.0,0.07716655208259894,0.3873790204524994,0.4782608695652174,2.6689901999998256,0.05214500000147382,9.595098400001007,,C,0.03264647904968335,0.9257416006372889,4.311597006565096,68.70652334541126,0.9384883117827033,0.17165345947134936,0.23156300372741082,0.19245898649171025,3.048978055310336,0.6975136567146513,0.3343019817381179
segment,P2_Full,,main,clean,0.0,12,0.2,462,0.7701298701298701,0.7250813972982735,0.6246110217970534,-0.04186273751995819,1.0,0.07725097873754247,0.4057806272958887,0.4396551724137931,2.21145930000057,0.040730799999437295,11.910691199998837,,C,0.028874205887685665,0.923416483468962,4.538111371331732,57.55072839740987,0.9366170045432731,0.1723676539319159,0.21995881507416445,0.17461634951283053,3.181710150266487,0.6995977178694581,0.3243186250997956
segment,P2_Full,,main,clean,0.0,13,0.05,115,0.7324675324675325,0.6842025703876585,0.5811797967210985,-0.050297568517070415,1.0,0.06788586357322217,0.3857344004555025,0.5217391304347826,3.296318800006702,0.0964931999988039,3.493539899995085,,C,0.03609100807864364,0.8845123017040561,4.823640195743819,86.5702103730905,0.9060301168694225,0.18632127475798949,0.2069620299549177,0.16284787228560854,3.2851751084689695,0.630362146522468,0.39608771568535894
segment,P2_Full,,main,clean,0.0,13,0.1,231,0.5571428571428572,0.613530550937124,0.4550017043820272,-0.04231864962697999,1.0,0.06965108199451367,0.37544021922452697,0.5344827586206896,2.9749373999948148,0.10748710000189021,6.618869199999608,,C,0.033748596535753815,0.9013379874528132,4.387056601680197,77.01928482195298,0.9203818883891881,0.1930216143449007,0.2275913691475623,0.1788821449262121,3.1475682151123783,0.6443683330774002,0.37737711438002103
segment,P2_Full,,main,clean,0.0,13,0.15,346,0.7393939393939394,0.7081344178250791,0.600776614969134,-0.04467645425751809,1.0,0.07632886347144925,0.384071340509083,0.46956521739130436,2.6199361000035424,0.03398909999668831,9.399100899994664,,C,0.03471117619252787,0.9184734361510073,4.239228807963578,73.62988702828073,0.933124734499426,0.1797119571426629,0.23552424858887475,0.19471306863029672,3.0339405272518047,0.6922384088638686,0.3358363151056768
segment,P2_Full,,main,clean,0.0,13,0.2,462,0.7770562770562771,0.731643728179021,0.6333488979266615,-0.04554711225224755,1.0,0.0763573608698757,0.37588255544160976,0.49137931034482757,2.2007024999984424,0.08601089999865508,11.77050159999635,,C,0.028913252603011426,0.9167472173725543,4.486361940313234,58.04779783926881,0.9316703147248796,0.17925043321501732,0.22250187916477127,0.17497688914988385,3.1787601134904846,0.693367706737994,0.3297210501156768
segment,P2_Full,,main,clean,0.0,14,0.05,115,0.5943722943722943,0.565079392480992,0.4618540268889176,-0.04927116286025553,1.0,0.07181267028363637,0.3890768362992052,0.5217391304347826,3.38107840000157,0.07285279999632621,3.5288269000011496,,C,0.033574795308297115,0.9092339558315863,4.520944029280048,78.34496030724267,0.9253335630340146,0.17737478095394307,0.22084859246602737,0.18020264541424577,3.1373270252237733,0.6579295462090565,0.3661795750758037
segment,P2_Full,,main,clean,0.0,14,0.1,231,0.548051948051948,0.6048341527633171,0.4477568923751601,-0.04301794636523358,1.0,0.07445320468194823,0.4211471665265231,0.4224137931034483,3.029464499995811,0.05730599999515107,6.669616700004553,,C,0.035827678456814754,0.9116164966730265,4.589095116341253,80.84216429989067,0.9270786802645996,0.17494422612295665,0.21755141402817973,0.17962303486626396,3.141803674768853,0.677785376507473,0.35416039109939196
segment,P2_Full,,main,clean,0.0,14,0.15,346,0.7454545454545455,0.7046824642050626,0.5982102038608481,-0.04659591821103576,1.0,0.07602356515178191,0.37935555136722066,0.4782608695652174,2.6054124999936903,0.062157600004866254,9.417950100003509,,C,0.033618469769708365,0.9191475214093664,4.2542930827856775,71.2597222862679,0.9336059414656976,0.1788246978739644,0.23468856300040356,0.1943079912281067,3.0366171814133676,0.689629945388932,0.33880159396851794
segment,P2_Full,,main,clean,0.0,14,0.2,462,0.7753246753246753,0.7311749765435509,0.6287373066593152,-0.04195633514890147,1.0,0.0762030426638793,0.3835380932894246,0.4827586206896552,2.2315023000046494,0.09758270000020275,11.80386290000024,,C,0.02962525138123273,0.9180727269357197,4.498314003826315,59.39137180555474,0.9326953802274313,0.17848333948865272,0.22190933598937668,0.17392432091451526,3.1874067909851225,0.6920303634035182,0.33216649061801684
segment,P2_Full,,main,clean,0.0,16,0.05,115,0.5783549783549784,0.5748114920870638,0.4564979215598941,-0.04120754393170323,1.0,0.07202598343554267,0.3916402815476708,0.4782608695652174,3.455751200002851,0.1584547999955248,3.665226099998108,,C,0.035757810496131394,0.9127070205919355,4.976793389082342,83.12140295994887,0.9273454195250597,0.1676927403828746,0.2005794919697163,0.16090737614942485,3.303688873578053,0.6599237286524381,0.37108578508831097
segment,P2_Full,,main,clean,0.0,16,0.1,231,0.5683982683982683,0.581626794341638,0.4419652948439104,-0.04716389489700166,1.0,0.07834486172107862,0.374599897912864,0.46551724137931033,3.1061180000033346,0.023845899995649233,6.840116699997452,,C,0.03635625647806841,0.9292343867548992,4.351386034940373,80.4795103558805,0.9410985778716046,0.16765474886246023,0.22946078990037078,0.1916504527776105,3.0544581756876816,0.7065424565736121,0.31920123921543786
segment,P2_Full,,main,clean,0.0,16,0.15,346,0.770995670995671,0.7251768303025735,0.6417641351138911,-0.051848678901615104,1.0,0.07762329226151447,0.3433222437682359,0.5391304347826087,2.5519410999986576,0.04940120000537718,9.570058799996332,,C,0.038890105771249385,0.9246180500117919,4.247530211499269,81.9460758544372,0.9375187500235437,0.17113778581968062,0.23506299778356782,0.19860597820174336,3.008773790515262,0.7013714520343276,0.32566201629173697
segment,P2_Full,,main,clean,0.0,16,0.2,462,0.780952380952381,0.7248286905290864,0.6352873622295473,-0.04557163851674577,1.0,0.07494056009112057,0.37245762540862476,0.5431034482758621,2.091571800003294,0.12043529999937164,11.857748599999468,,C,0.02881030051878612,0.9196547320920785,4.514115577548642,57.658239400228354,0.9344547654295516,0.1842054139944432,0.2211307634476768,0.1697368735040199,3.2228679445958996,0.6836186483384629,0.3362179098641893
segment,P2_Full,,main,clean,0.0,15,0.05,115,0.6774891774891775,0.6367223954408429,0.547255036919427,-0.04671370028136724,1.0,0.06800972061359459,0.3796650134566901,0.5072463768115942,3.450804899999639,0.11787829999957466,3.6818214999948395,,C,0.036987079564246406,0.888289902015367,4.801146493260458,88.34229023249372,0.9090158446265602,0.18553329542369854,0.20793373163180273,0.16310238917975295,3.282779508977507,0.6311804716617971,0.39488066140751443
segment,P2_Full,,main,clean,0.0,15,0.1,231,0.6562770562770562,0.6280370170072356,0.5224847113576021,-0.0419243209474066,1.0,0.07094123218666001,0.41097038329161445,0.46551724137931033,3.188003799994476,0.1328644000022905,7.066969899999094,,C,0.035258352815626885,0.8968095334096444,4.598995243802864,80.87107992003655,0.9167514682473928,0.1932536550775924,0.21708211606671166,0.16601748815884282,3.255865452926285,0.6535812526139718,0.37187886398650494
segment,P2_Full,,main,clean,0.0,15,0.15,346,0.6428571428571429,0.6208993672499444,0.515218828758273,-0.04764462455459847,1.0,0.07485531682706478,0.3720828941334849,0.4956521739130435,2.692550100000517,0.04288760000054026,9.943891999995685,,C,0.0341759719818108,0.9129431772796437,4.719188573295058,72.93374797332649,0.9281007198761453,0.1741109096663287,0.21152157666785934,0.17348469802752767,3.1910492847059704,0.68173364929969,0.3492679476723398
segment,P2_Full,,main,clean,0.0,15,0.2,462,0.787012987012987,0.7327989133533668,0.640111214394923,-0.048088506219796635,1.0,0.07391184109348826,0.3730823532517614,0.5172413793103449,2.2317438000027323,0.13929239999561105,12.405188899996574,,C,0.03178943622113034,0.9186503925383702,4.602765300501934,63.68995754596085,0.9335550487779573,0.1832173098882776,0.21686195112272946,0.1748456423467551,3.179832603458302,0.6745551021863664,0.3570824399623942
segment,P2_Full,,main,clean,0.0,17,0.05,115,0.558008658008658,0.5872903861978819,0.4412559475955572,-0.045244818471203,1.0,0.07000075480298926,0.40810376945613086,0.43478260869565216,3.4114123999970616,0.09814509999705479,3.5471524000022328,,C,0.03661755474118477,0.9066093825166941,4.85661835440021,85.69243184696813,0.9234550830611371,0.18037893953805706,0.2055536838750302,0.1591636231338681,3.3207106628864054,0.6447540784172137,0.3876524666890265
segment,P2_Full,,main,clean,0.0,17,0.1,231,0.5497835497835498,0.6024848309871547,0.4447976939369822,-0.04937975514371869,1.0,0.07573231925722655,0.37604713054566546,0.5086206896551724,3.103023399999074,0.032364499995310325,6.720972499999334,,C,0.03618480280227752,0.9164014178327035,4.244470000673535,81.22166673739594,0.9313946475109873,0.17934789430136003,0.23525227123311152,0.19432911876042136,3.036477299926484,0.6881393814092329,0.33739113020701106
segment,P2_Full,,main,clean,0.0,17,0.15,346,0.7458874458874459,0.7016560787204941,0.5978326347131482,-0.05193270191199855,1.0,0.07504777108238496,0.33147248146326647,0.6,2.759297399999923,0.03154940000240458,9.580781199998455,,C,0.033649583326516866,0.9229086751620369,4.18103026543259,71.03499707505102,0.9366696610410747,0.1785023919093598,0.2388093659223863,0.20013230985319533,2.999173610115151,0.6827247898374156,0.3426417845490601
segment,P2_Full,,main,clean,0.0,17,0.2,462,0.7727272727272727,0.7272622540987025,0.6259441220808323,-0.047123061986871946,1.0,0.07622320205484082,0.3807289817466818,0.4827586206896552,2.1876753000033204,0.06232010000530863,11.88403620000463,,C,0.029174538001169738,0.9169245939673817,4.4491229549589635,58.561037762029855,0.9319279420458636,0.18059915437056176,0.22436847506457328,0.17518076264249097,3.1770973377950193,0.6925673389384028,0.32940572358995135
segment,P2_Full,,main,clean,0.0,18,0.05,115,0.6614718614718614,0.6101881261692146,0.5125040828206093,-0.05017961185892441,1.0,0.06908863258466692,0.3904979293761046,0.5072463768115942,3.4183315000045695,0.09898490000341553,3.58706009999878,,C,0.03619592342081586,0.8989232338395796,5.09756221568007,85.42999732766748,0.9169305607207571,0.17815495652678223,0.19581699657471666,0.15019931951863516,3.4144549442781105,0.6382872200034816,0.39938137118235123
segment,P2_Full,,main,clean,0.0,18,0.1,231,0.7212121212121212,0.696354759973662,0.5842855562599958,-0.0465092856830588,1.0,0.07311194326868076,0.38466206462732677,0.47413793103448276,3.1677707999988343,0.0639216000054148,6.962472899998829,,C,0.03615861733049063,0.9114924884771227,4.7580054243590215,81.60000036798567,0.927130589520271,0.17668671024725688,0.20981210722895005,0.16852297527113705,3.233477250492251,0.6692275888395434,0.35951452820618174
segment,P2_Full,,main,clean,0.0,18,0.15,346,0.758008658008658,0.7159545841029377,0.617405734986813,-0.045988912985052775,1.0,0.07383679216480751,0.4024609210698501,0.46956521739130436,2.683501999999862,0.11099060000560712,9.811678899997787,,C,0.03099135001433864,0.9154813001970757,4.522225749508968,65.95419463848384,0.930916406366349,0.1826235638416578,0.22075523154261614,0.1718083720008648,3.205109533304592,0.6746202101566098,0.35063320256532393
segment,P2_Full,,main,clean,0.0,18,0.2,462,0.78008658008658,0.7343145992746788,0.6387484303466782,-0.04451778104716343,1.0,0.07594141016310271,0.39074329505192823,0.47413793103448276,2.233569099997112,0.06843519999529235,12.185641800002486,,C,0.02969645556149556,0.9198278910894608,4.519059973215171,59.42051906748998,0.9341129346042226,0.17817971497671167,0.22088826239865925,0.17331840681943864,3.192431906614786,0.6903678401985178,0.33317736348957216
segment,P2_Full,,main,clean,0.0,19,0.05,115,0.5632034632034632,0.5875319149285422,0.44591029096119095,-0.04867492618640415,1.0,0.06848290992080644,0.38707112380559894,0.5072463768115942,3.3206665000034263,0.11737200000061421,3.5241594999970403,,C,0.0362613639092628,0.8879948912200544,5.056471475315703,86.63771819915094,0.9080873692707119,0.17938894278592968,0.19741186822484094,0.15419195570469169,3.3713556592978158,0.6345689523243526,0.40076489180394514
segment,P2_Full,,main,clean,0.0,19,0.1,231,0.719047619047619,0.6918730614492827,0.584374280532965,-0.04889019124050242,1.0,0.07517539348582535,0.3950700604453169,0.46551724137931033,3.0128244000006816,0.07748130000254605,6.683950300001015,,C,0.037328864280602614,0.9155904679673633,4.303888463755433,83.86388046781678,0.9308727464303994,0.181049202560763,0.23199814167930413,0.19101670947687108,3.058786025498313,0.6839340645989747,0.34446765670102286
segment,P2_Full,,main,clean,0.0,19,0.15,346,0.7558441558441559,0.7120619530512905,0.6125658849834233,-0.045900508390604326,1.0,0.07343869870905755,0.41727849361689195,0.4434782608695652,2.60849700000108,0.06441820000327425,9.409660299999814,,C,0.03107343450481765,0.9131584879962703,4.534292352366776,66.29709545474645,0.9291437009874166,0.1840734070873819,0.220166479795878,0.17066443341708018,3.2148629183857818,0.6715017427402988,0.35453454577797805
segment,P2_Full,,main,clean,0.0,19,0.2,462,0.7831168831168831,0.7353947305701414,0.6365024440431084,-0.042275124783157335,1.0,0.07599936136071904,0.403798533153945,0.4396551724137931,2.253225600004953,0.0543208999952185,11.831600899997284,,C,0.02916747867210793,0.9207882368885034,4.519426195451356,58.30120417419403,0.9349001085243895,0.17815373729306566,0.22087032190081266,0.17279393836899132,3.196810011738604,0.6906534302669601,0.333176267282024
segment,P2_Full,,main,clean,0.0,20,0.05,115,0.6471861471861472,0.578796890553132,0.49084784401044274,-0.049541430851105135,1.0,0.06986885292884387,0.38890696327755414,0.4927536231884058,3.477784500006237,0.08676470000500558,3.6836986999987857,,C,0.03802358503756002,0.9014086936574324,5.076353535918681,89.49621264268808,0.9187567602007983,0.17595939426025958,0.1966369536312333,0.1532105822815644,3.3817410734759807,0.6435122744726764,0.39657201062949965
segment,P2_Full,,main,clean,0.0,20,0.1,231,0.7311688311688311,0.6907720652270093,0.583133578961054,-0.037877671745130924,1.0,0.07064031360184683,0.409606591509334,0.45689655172413796,3.1166878000003635,0.10481879999861121,6.985208699996292,,C,0.042671966178573155,0.9102584903743582,4.731902298122868,96.4293757403841,0.9270121365548925,0.18668781314714156,0.21097203173292162,0.16529985485368046,3.262403021897957,0.6498195954714884,0.38554593291100314
segment,P2_Full,,main,clean,0.0,20,0.15,346,0.7735930735930736,0.7174463171781204,0.6234575743843426,-0.04302522370266358,1.0,0.07261241158317407,0.40430011347584105,0.4782608695652174,2.5423193000024185,0.057996499999717344,9.675876100001915,,C,0.031763506858971606,0.9145201330288627,4.599530858269496,67.6685044695455,0.9300630712884335,0.18183156818457477,0.2170368721274083,0.16851868054947938,3.233515057113188,0.6647377931089168,0.3679499889924567
segment,P2_Full,,main,clean,0.0,20,0.2,462,0.7818181818181819,0.7362027874547318,0.6460625554545539,-0.04408134317999121,1.0,0.07549790635153197,0.40155671267160054,0.46551724137931033,2.1399361999938264,0.09667549999721814,12.025263299998187,,C,0.029483990659526116,0.9229845116521559,4.5631141324082956,58.79362663626716,0.9367965635971719,0.17934122397086266,0.21875079911064618,0.16951224952870467,3.224819670525733,0.6867400969296885,0.3385539048352182
segment,P2_Full,,main,clean,0.0,21,0.05,115,0.6575757575757576,0.6210463553630681,0.5250133712192524,-0.04808506793092152,1.0,0.07095769333749516,0.38850699257159577,0.4782608695652174,3.46570800000336,0.14469629999803146,3.6812097000001813,,C,0.01997663899917992,0.9060789680952434,4.530427686419431,46.776713934904706,0.9236021482639897,0.18657354815390237,0.2203853595835147,0.17266121615354707,3.197922153969284,0.6533339027126656,0.3679418005952107
segment,P2_Full,,main,clean,0.0,21,0.1,231,0.5714285714285714,0.6021657281330091,0.4483498944036399,-0.04825725328443706,1.0,0.07243115956065478,0.40014204652658825,0.4482758620689655,3.2388905999978306,0.06138920000375947,7.110070099995937,,C,0.03578484018405887,0.9100319381686538,4.7195532440845245,80.88609835198736,0.9262891191642713,0.18069946895258374,0.21152524798929342,0.1679286851902995,3.2387271922405394,0.6640644982976437,0.3658594852266819
segment,P2_Full,,main,clean,0.0,21,0.15,346,0.7601731601731602,0.7091588850059014,0.6163816312738508,-0.046941156686645336,1.0,0.07281774481493038,0.37680697972359867,0.48695652173913045,2.7324626999979955,0.07528699999966193,10.021846999996342,,C,0.03419981812993699,0.9205745068515947,4.085559997439608,72.37961304236103,0.9359725841376251,0.19386819868098668,0.24440104430227974,0.1960949612537678,3.0248925235079005,0.6668195222144846,0.35770643557615145
segment,P2_Full,,main,clean,0.0,21,0.2,462,0.7844155844155845,0.7346152423294365,0.6394990552186559,-0.04558897143080746,1.0,0.07625704370675172,0.376108195118863,0.4827586206896552,2.1686121999955503,0.060732699996151496,12.37844369999948,,C,0.02812803191901903,0.9186097920520376,4.503508650613426,56.35684525498095,0.933124139492796,0.17833038895831668,0.22165278337930555,0.17306058207179045,3.194580834105209,0.6927003727905513,0.3282096783057707
segment,P2_Full,,main,clean,0.0,22,0.05,115,0.6437229437229437,0.5996308786587506,0.5044668085817173,-0.04614940942949638,1.0,0.07023936633935202,0.3900005929711936,0.5072463768115942,3.5260187000021688,0.11841280000226106,3.7466993000052753,,C,0.035877707498000844,0.9022039279390333,4.5169499626646,84.3710218089916,0.9204876949591994,0.18695809182160095,0.22104426630364146,0.17605464462102746,3.170013658476016,0.6473960275002715,0.3790109958436233
segment,P2_Full,,main,clean,0.0,22,0.1,231,0.7346320346320346,0.7017882899810794,0.6025948713656595,-0.04414891000423606,1.0,0.07343823069764327,0.3737678865677324,0.47413793103448276,3.1377378000033787,0.12848749999830034,7.151106600002095,,C,0.033324808165078774,0.9104941446210864,4.948546470806121,75.28733779098229,0.9256234612168633,0.1690315849362991,0.20171585813328594,0.16278813828561225,3.28573843053217,0.670081520575479,0.3643525613823723
segment,P2_Full,,main,clean,0.0,22,0.15,346,0.7675324675324675,0.7205280859972232,0.6246140392267411,-0.04383691357141349,1.0,0.07330932145542739,0.40769037993057916,0.4608695652173913,2.7147930999999517,0.1508488999970723,10.08359819999896,,C,0.03122610905521196,0.9114646843094673,4.482170067404626,66.74664338210903,0.9281493430061408,0.18845201563400185,0.2227323491705585,0.17017648875204217,3.219063099334866,0.67113620655152,0.3508551491243874
segment,P2_Full,,main,clean,0.0,22,0.2,462,0.7770562770562771,0.7405465047308769,0.6505023479663116,-0.04573296796684259,1.0,0.07568794394576585,0.39645904932042647,0.46551724137931033,2.2546493000045302,0.07369710000057239,12.54654510000546,,C,0.02882406316534225,0.9205637933157975,4.473207491043696,57.628817682156296,0.9349889318821437,0.18159400062610118,0.2231576928922808,0.17304657549596247,3.1946977600306976,0.6886394201971832,0.3330674476917598
segment,P2_Full,,main,clean,0.0,23,0.05,115,0.6675324675324675,0.642284014853997,0.535150705992813,-0.04567180494958993,1.0,0.07518405058160044,0.40907848097275995,0.42028985507246375,3.4394920999984606,0.036142800003290176,3.5859905000033905,,C,0.03379015739448655,0.9195929611976585,4.9816923213489295,77.959296938541,0.93201625718415,0.1545050802956535,0.2003818101224196,0.1687985709579048,3.231055192477579,0.6813032329907999,0.3562572585844654
segment,P2_Full,,main,clean,0.0,23,0.1,231,0.7437229437229437,0.7154847013196043,0.6253965028396821,-0.043461885051691955,1.0,0.07345701249459742,0.37734439480921317,0.5344827586206896,3.0949154999980237,0.12547729999641888,6.948806400003377,,C,0.03506491033071891,0.9097159382741512,4.686776567668075,79.28633965449376,0.9257822704656613,0.17795313906341664,0.21300772400230153,0.17002012114214995,3.220414197570067,0.6719435934586526,0.35423311679993047
segment,P2_Full,,main,clean,0.0,23,0.15,346,0.7692640692640693,0.7264557441862719,0.632867751821811,-0.04315465510545235,1.0,0.07342009179429324,0.41708235248275427,0.4608695652173913,2.7551479999965522,0.14120920000277692,9.938849100006337,,C,0.030174648312742254,0.9068944885013378,4.494325251768338,64.82415418539892,0.924351498008628,0.1874970581901707,0.2221286540485859,0.17012232411654934,3.219530829056433,0.6720708247652302,0.34892976283890564
segment,P2_Full,,main,clean,0.0,23,0.2,462,0.7857142857142857,0.7418929753633242,0.6531310140999634,-0.046990178020462514,1.0,0.07595460852969621,0.37797171121527406,0.5,2.3049916999952984,0.06519970000226749,12.405957100003434,,C,0.028086699755905716,0.9206639971793206,4.485548591334624,56.14847301644613,0.9348848868775596,0.17924888061706185,0.2225423170314534,0.17297498633061953,3.1952956771573726,0.6904344980474241,0.33158558151627904
segment,P2_Full,,main,clean,0.0,24,0.05,115,0.654978354978355,0.610812725862494,0.5069567168611839,-0.03948167671721764,1.0,0.0720940442480643,0.39823142709075543,0.463768115942029,3.273149000000558,0.053207600001769606,3.3960465999989538,,C,0.034441782074420994,0.9176734436208713,4.760620998819782,79.62891314797594,0.9314278136285213,0.1670708774008305,0.20970756011984573,0.17248828519632933,3.1993737920546046,0.6588017169193509,0.38126823858551806
segment,P2_Full,,main,clean,0.0,24,0.1,231,0.7138528138528139,0.6601197979744824,0.5608013937477135,-0.047837950861838424,1.0,0.07301052138944664,0.3708860266568332,0.5086206896551724,3.060849800000142,0.09430910000082804,6.657349400004023,,C,0.038300108898067106,0.9093303880143238,4.700259240703496,86.63826444099763,0.9255691808357702,0.1790985145498567,0.2123954048520453,0.17072612612986754,3.214333583073458,0.6682778382543594,0.35953902470185584
segment,P2_Full,,main,clean,0.0,24,0.15,346,0.7675324675324675,0.723132477110818,0.628558064611901,-0.041274941102530244,1.0,0.07203730518695599,0.3954336873863054,0.4608695652173913,2.658403100002033,0.0992848999958369,9.516171800001757,,C,0.04182468456714122,0.9075661115883066,4.462627259846346,89.78541774588871,0.9255970369324362,0.1950683418598741,0.2237098495994109,0.1711662664501933,3.210568166758174,0.6607875938891182,0.3647267707033171
segment,P2_Full,,main,clean,0.0,24,0.2,462,0.78008658008658,0.7403843897411846,0.6516799211381948,-0.04701484083430454,1.0,0.0760717802967281,0.3748836337492384,0.5,2.209919599998102,0.0656003000040073,11.866392500000075,,C,0.028854134528150766,0.920645010748338,4.473629224009138,57.68385106247047,0.9349340995774256,0.18006541193990838,0.22313660759622622,0.17348181687076494,3.1910732174095062,0.6917215065416729,0.32862689509952586
segment,P2_Full,,main,clean,0.0,25,0.05,115,0.7082251082251082,0.6308393480330797,0.5537855936416624,-0.04557328866261926,1.0,0.07255213537417639,0.3994165948335675,0.4492753623188406,3.323410099998,0.09435200000007171,3.5723412000006647,,C,0.03603859507236609,0.9125661685583484,5.011658201506593,83.7870356355724,0.9271429503551323,0.16671786603005737,0.1991810380969698,0.1601914497938101,3.3106326075566876,0.663248343211079,0.36993429786101345
segment,P2_Full,,main,clean,0.0,25,0.1,231,0.7350649350649351,0.6725276033123033,0.597973690729344,-0.045284693710163804,1.0,0.07021435211421989,0.42092729925081646,0.4396551724137931,3.065511600005266,0.142379400000209,6.881851600002847,,C,0.038749167026343255,0.8942496126274511,4.546212945853651,89.13228700265199,0.9152502000605047,0.19858638776490292,0.2196077677754169,0.16466735744409583,3.268212254574343,0.648372259329742,0.37470221608104165
segment,P2_Full,,main,clean,0.0,25,0.15,346,0.7627705627705628,0.724407505941599,0.6348270303971578,-0.03839362402472982,1.0,0.07086257414208143,0.4123948119256807,0.45217391304347826,2.79438260000461,0.15961839999363292,9.926229800003057,,C,0.03895616647059388,0.9117612021164482,4.470481395283359,83.24276733346903,0.9292812483308089,0.19855263936711695,0.22331597096250447,0.16728261579079673,3.244476869686504,0.6521578619865807,0.3743006821839735
segment,P2_Full,,main,clean,0.0,25,0.2,462,0.7787878787878788,0.7370167132513683,0.641245787046108,-0.047072665292315914,1.0,0.0748390642007862,0.347877922500002,0.5517241379310345,2.210262699998566,0.10731459999806248,12.29954269999871,,C,0.02936353112647558,0.9178208986927812,4.518425423549508,58.88283842755095,0.9329640245014093,0.1842697908318195,0.22091935460776665,0.16954545030103763,3.2245308680127405,0.6828704857846748,0.3396201987366125
segment,P2_Full,,main,clean,0.0,26,0.05,115,0.564069264069264,0.5596302892603351,0.43953094350798916,-0.04401577397753094,1.0,0.07264545178776222,0.3948794128238291,0.463768115942029,3.6408663999973214,0.09400250000180677,3.8426603999978397,,C,0.03635914256826847,0.9104753314133057,5.000966579973496,84.72640650999392,0.9254155931015349,0.1668843004290073,0.19960781415640824,0.16054238643159507,3.307221152349829,0.6641450825772666,0.3690257421305063
segment,P2_Full,,main,clean,0.0,26,0.1,231,0.7389610389610389,0.6973281936531343,0.6002660207646724,-0.04811075795788994,1.0,0.07789311137947133,0.3588223611486369,0.49137931034482757,3.2329085000019404,0.08887390000018058,7.326160500000697,,C,0.02589326255595287,0.9312793442240269,4.418154875621005,57.19238982935451,0.9426068940248724,0.16483471633002003,0.2259862029231915,0.19099096105967195,3.0589624692861337,0.7027096627850706,0.32592926559141233
segment,P2_Full,,main,clean,0.0,26,0.15,346,0.7636363636363637,0.7241409217635085,0.6347582535842026,-0.043959095299053015,1.0,0.07365004001089953,0.4009220771167589,0.4782608695652174,2.5635031999991043,0.11119189999590162,10.155802699999185,,C,0.03064309749994349,0.9108143952060426,4.504334992619058,65.54720557394785,0.9272979302233516,0.18482282040235692,0.22163396009857025,0.17070285790208792,3.2145331839927103,0.6735892602493923,0.34804667627531644
segment,P2_Full,,main,clean,0.0,26,0.2,462,0.78008658008658,0.7341233031510342,0.6395258807564591,-0.046157760442366996,1.0,0.07489255064588478,0.35917330083662063,0.5431034482758621,2.1977146999997785,0.1286448999962886,12.540318899998965,,C,0.028633417500242907,0.9194462898011349,4.482523453333262,57.31723338918948,0.9343841210414146,0.18543939445374055,0.22269284882591006,0.1701373578202863,3.2194009781442094,0.6834555834115272,0.33678990465268854
segment,P2_Full,,main,clean,0.0,27,0.05,115,0.5575757575757576,0.5939374936792876,0.45206770554840614,-0.03741009557808577,1.0,0.07227830653465914,0.4391316501558691,0.37681159420289856,3.644448699997156,0.04409470000246074,3.767513000006147,,C,0.03719454263496506,0.9070309081483128,5.0055337184376185,87.00224792773031,0.9224741965473199,0.1661120711348197,0.19942528522824682,0.1626234133682266,3.287294014570506,0.6601806028310131,0.38102689358762415
segment,P2_Full,,main,clean,0.0,27,0.1,231,0.7467532467532467,0.7345251017020631,0.643931423247786,-0.047415484474459334,1.0,0.07418758537969265,0.38856939175005617,0.46551724137931033,3.2670068000006722,0.03704190000280505,7.235071200004313,,C,0.03609153582906571,0.91888006777583,4.408402728443289,80.79378828250913,0.9333599903132247,0.1785001804165757,0.22648713166399456,0.1852640147181275,3.099425577224838,0.675801698838246,0.35907011997171157
segment,P2_Full,,main,clean,0.0,27,0.15,346,0.7554112554112554,0.714757505121552,0.6144739633108207,-0.04686914377188045,1.0,0.07209689046384925,0.38528436266857646,0.5130434782608696,2.6434414999966975,0.10079340000083903,10.104545000001963,,C,0.031171363687602472,0.9188422128651323,4.508391552338674,66.0946439725974,0.9336879843331601,0.1829247936905569,0.22143410533202343,0.17313609998884302,3.193950741735029,0.6621457882797087,0.3618807250357559
segment,P2_Full,,main,clean,0.0,27,0.2,462,0.780952380952381,0.739848976919855,0.640722186095389,-0.041785262218766286,1.0,0.0758245028523614,0.4069715405589548,0.4396551724137931,2.2891701999978977,0.057405799998377915,12.51086260000011,,C,0.028811968521052493,0.9225653004044025,4.585899143531343,57.479663132418466,0.9361863550145653,0.17590375737619812,0.21766140606600182,0.17018923402705655,3.218953082897448,0.6887333669563809,0.3391279869070281
segment,P2_Full,,main,clean,0.0,28,0.05,115,0.6177489177489177,0.57799253988343,0.4616128728684576,-0.03493739467226109,1.0,0.07463353417161502,0.4300918650367986,0.37681159420289856,3.6964526000010665,0.03922970000712667,3.81334649999917,,C,0.03614382308209683,0.9153118532654111,4.931621200467109,83.77961086195523,0.9287093958629169,0.15819855687116943,0.2024207882638553,0.17025813946588927,3.2183585805898387,0.6771891973847946,0.36011594983908995
segment,P2_Full,,main,clean,0.0,28,0.1,231,0.7073593073593074,0.6766049452313324,0.5630217343556001,-0.045227157231714755,1.0,0.07149617742498471,0.3713000972980055,0.5258620689655172,3.3633848000026774,0.07259970000450267,7.311186399994767,,C,0.04549502724604569,0.8951953300816542,4.833815959874493,104.53881217267849,0.9139403882552198,0.1788570889843942,0.206514397529136,0.16571681309348543,3.258597681388961,0.6555776004466269,0.3818366111840764
segment,P2_Full,,main,clean,0.0,28,0.15,346,0.745021645021645,0.7024901631584809,0.5973433294011593,-0.04114076571702706,1.0,0.07414108223638542,0.40472733443197995,0.46956521739130436,2.7384739000044647,0.05610230000456795,10.156641099994886,,C,0.031145957427580563,0.9104650959352893,4.516906765376404,66.64840935176233,0.9267464649119942,0.18184381998039115,0.2210157534661374,0.1734740502786701,3.191137735577154,0.6770120532830309,0.3472365139174008
segment,P2_Full,,main,clean,0.0,28,0.2,462,0.7857142857142857,0.7354273471012925,0.6378515884281375,-0.04667882536949429,1.0,0.07614697001093088,0.3866044434493986,0.47413793103448276,2.3889730000009877,0.0450213999938569,12.671142499995767,,C,0.029104451771645275,0.9179614781300942,4.502202152869177,58.354367342957744,0.9325582356698006,0.17792565257152573,0.22171725281301843,0.1740680180072689,3.1862201791115945,0.6919083460855625,0.3316334747716945
segment,P2_Full,,main,clean,0.0,29,0.05,115,0.5753246753246753,0.5661784329608008,0.4521813791210177,-0.048461953697926295,1.0,0.07176881255637686,0.40358672863331396,0.4492753623188406,3.2946666999996523,0.059631400006765034,3.404451100002916,,C,0.034306696183969226,0.9104282493598032,4.705657355362633,79.94779849888641,0.9257403215007421,0.1709475591522865,0.21216217562794337,0.17305196985145893,3.1946527260833277,0.6574289605762141,0.37229875787267785
segment,P2_Full,,main,clean,0.0,29,0.1,231,0.7285714285714285,0.6914816173664351,0.5904996015622795,-0.04819747752605303,1.0,0.0757873219533413,0.3718310186061366,0.4827586206896552,3.1633423999955994,0.04079900000215275,6.720335400001204,,C,0.03367559505054754,0.9238067808291425,4.260664920572552,74.98347657221507,0.9373870743676183,0.17823493594650494,0.2343563375658739,0.1924449160373186,3.0490730290402706,0.6879761440194655,0.33475083342707157
segment,P2_Full,,main,clean,0.0,29,0.15,346,0.7658008658008658,0.7194379560034758,0.6200825307252412,-0.044394829396068695,1.0,0.07412506939894824,0.3904487854760626,0.4782608695652174,2.6157991999934893,0.09279719999904046,9.499299100003554,,C,0.030792663560612873,0.9127523807106898,4.454435053936535,65.72728404362147,0.928868952968544,0.18472220089366764,0.2241221621555461,0.17371200431835657,3.189163637429644,0.6772929274123373,0.34329655500370426
segment,P2_Full,,main,clean,0.0,29,0.2,462,0.7610389610389611,0.7310997120684776,0.6429192751332587,-0.049341411649065296,1.0,0.07595138927765704,0.36280780131446905,0.5431034482758621,2.2842243000050075,0.060611599998082966,11.92682930000592,,C,0.028107132011149054,0.9214333718944012,4.443147009684175,56.14240266268246,0.9356902400258632,0.18146213570855832,0.22467093141307684,0.17473877736080837,3.1807070461171243,0.6910985112001147,0.3284239256702736
balance,P2_Full,,main,clean,0.0,0,0.05,31,0.664,0.36140414518607905,0.3827207410257003,-0.0257792942778851,1.0,0.08192614044183094,0.35427819584545334,0.5789473684210527,0.11177070000121603,0.02071799999976065,0.17322589999821503,,B,0.3639424245957601,0.8382095908648535,2.100269421800928,223.09670627720095,0.9162640284133527,0.4824416846816861,0.47527339292091914,0.332832208467944,2.5011292286007176,0.5791490662562052,0.6609372810312968
balance,P2_Full,,main,clean,0.0,0,0.1,62,0.6768,0.4014823504964615,0.4154029494439283,-0.01904820930344616,1.0,0.08516123228938813,0.3462855556318837,0.4838709677419355,0.15204699999594595,0.05247909999889089,0.40236369999911403,,B,0.36952903075517146,0.8389401871464689,2.0883456139343615,219.50024426857186,0.9173537183113959,0.48685969377250465,0.47796910238409845,0.3323680878486949,2.502178109571724,0.5889815725149716,0.6453815626247089
balance,P2_Full,,main,clean,0.0,0,0.15,93,0.704,0.4067445395271708,0.44307899568140263,-0.02033878673850278,1.0,0.09012259939748204,0.37381594027242354,0.41935483870967744,0.09884450000390643,0.03041240000311518,0.5566266999958316,,B,0.3794011344069227,0.8349549024536225,2.0687037777534036,213.6028386710975,0.9166111364803512,0.49475104223428007,0.48247525942958275,0.3324905343135086,2.501901104541739,0.6051208949282667,0.6200196182955006
balance,P2_Full,,main,clean,0.0,0,0.2,125,0.7344,0.4294695960315741,0.4873882616920896,-0.01732947697727876,1.0,0.09551526106820729,0.3597308425232768,0.4375,0.08067949999531265,0.020554900002025533,0.6832912999961991,,B,0.3863639321650551,0.8491901618762309,2.062140103634245,205.54561191180932,0.9239060805787344,0.4954313301575485,0.48396310919539737,0.3326536680684763,2.5015323713446556,0.6216665895997786,0.5937571608773664
balance,P2_Full,,main,clean,0.0,1,0.05,31,0.648,0.31637720610743075,0.3520829171163959,-0.018879349869024637,1.0,0.0824816015092295,0.38690024457479777,0.3684210526315789,0.18717230000038398,0.04332539999450091,0.25576519999594893,,B,0.36097718348261937,0.8496451487641103,2.12278476298859,221.27901347484567,0.9207996722674798,0.4732439486886668,0.4702150692701043,0.33307743978504945,2.5005762028233938,0.580860427130579,0.6588509336797189
balance,P2_Full,,main,clean,0.0,1,0.1,62,0.6864,0.3706203640022181,0.40662889307100153,-0.02165753359966427,1.0,0.08445257291858523,0.3506488723139609,0.4838709677419355,0.10990799999854062,0.026103000003786292,0.42117639999923995,,B,0.3720117247621863,0.836150621223859,2.0790617314537396,220.97496450873865,0.9164684121854241,0.4901928317427383,0.48011096507959433,0.3328961339079383,2.500984990619137,0.587078695909374,0.6485109936606572
balance,P2_Full,,main,clean,0.0,1,0.15,93,0.7072,0.4173861587278749,0.4426775187516954,-0.023538404607924602,1.0,0.09051657545626127,0.34740562400510233,0.41935483870967744,0.090311500003736,0.02018790000147419,0.5563508999985061,,B,0.37473836615172007,0.8410719389339467,2.075390036440579,210.9777001434184,0.9191051283437108,0.49099692581873366,0.4809151422490493,0.3328697938724297,2.5010444161713603,0.6062139890309487,0.6182999012515873
balance,P2_Full,,main,clean,0.0,1,0.2,125,0.728,0.45424863775896374,0.476027381694255,-0.01921128623058923,1.0,0.09365440633407258,0.36377250868827105,0.4375,0.08271629999944707,0.02074939999874914,0.6851016999935382,,B,0.3894047275465467,0.842748733121037,2.031560895112637,207.16331505476285,0.9225197508596573,0.5072837842382563,0.49127610524287507,0.332391713747646,2.5021246458923514,0.6163900015870385,0.6010258401377887
balance,P2_Full,,main,clean,0.0,2,0.05,31,0.6192,0.23285550441636882,0.2744554603061095,-0.02965706339865877,1.0,0.08156110106255303,0.36784282326698303,0.3684210526315789,0.112300700006017,0.035746699999435805,0.19443309999769554,,B,0.3648575339239474,0.8373942527166017,2.095946013416092,223.65766829537975,0.9161392085538183,0.4842692042119245,0.47625713265067915,0.3326136327287848,2.5016228302158967,0.5783617465979416,0.6619754012132806
balance,P2_Full,,main,clean,0.0,2,0.1,62,0.6592,0.317095825105375,0.36308902252604724,-0.02115312639683489,1.0,0.08532579360781208,0.3500582614252644,0.41935483870967744,0.11559689999558032,0.03778559999773279,0.3726113000011537,,B,0.36317905722294413,0.8494297455737781,2.1016376215266486,215.72835999042883,0.9216469379860327,0.4796245625502375,0.4749354757849812,0.3339181585387319,2.498686447883013,0.5895953833415448,0.6451064821207659
balance,P2_Full,,main,clean,0.0,2,0.15,93,0.6992,0.3824575153868317,0.43045417218528714,-0.01988734546893393,1.0,0.0891617656207448,0.3619829329752153,0.41935483870967744,0.09440470000117784,0.02070139999705134,0.5129662999970606,,B,0.37855637506487877,0.8313636088919796,2.050189906751876,213.12723916152675,0.9158998412067869,0.5012929401498961,0.4868482336189229,0.3331099915930798,2.500502855841667,0.6021468702369553,0.6235613025568794
balance,P2_Full,,main,clean,0.0,2,0.2,125,0.7312,0.4107036366754862,0.4781255786437109,-0.024708443474357085,1.0,0.09512221687636385,0.34098375402390957,0.5,0.08535750000010012,0.025076599995372817,0.6498751000035554,,B,0.38936605315369394,0.8339529159284691,2.0351439827069138,207.14274027776517,0.9180088456774984,0.5062174395836974,0.49040784572709284,0.33282358438469056,2.501148691767709,0.6203711487713618,0.5954846194007781
balance,P2_Full,,main,clean,0.0,3,0.05,31,0.6496,0.34612174538113083,0.3624461767876477,-0.022673316284787706,1.0,0.0822285122670973,0.3614370650366733,0.42105263157894735,0.12511100000119768,0.04628629999933764,0.19654040000023087,,B,0.3620588020794597,0.8372875626235137,2.1020245047262214,221.94204567470877,0.9156436977172575,0.4815620511690961,0.4748751996565507,0.3330987642474064,2.5005281521078073,0.5802014875905249,0.659957549994496
balance,P2_Full,,main,clean,0.0,3,0.1,62,0.6672,0.35961568834017354,0.38072380570854736,-0.02314678289495478,1.0,0.08524387428114369,0.3538300318102683,0.41935483870967744,0.10009709999576444,0.02050030000100378,0.3417133999973885,,B,0.36654587579854314,0.8418636239340659,2.0941247099036944,217.72825022433463,0.9184925711120633,0.4845750806003512,0.4766454109991755,0.3322261399833069,2.5024994872846595,0.5893411327938523,0.6449520930159811
balance,P2_Full,,main,clean,0.0,3,0.15,93,0.7072,0.4021709048085397,0.43741145388224995,-0.020172806678917497,1.0,0.08931867995871233,0.37250727703494413,0.41935483870967744,0.08935460000066087,0.020271100001991726,0.47616269999707583,,B,0.37733879960337835,0.8501201836530425,2.0759184198897467,212.441744176702,0.9236151576124624,0.4903593809408331,0.4807922820329407,0.33256638622529283,2.501729610552525,0.6027486855637432,0.6236398155781002
balance,P2_Full,,main,clean,0.0,3,0.2,125,0.728,0.42018803742880584,0.4643550198504543,-0.021542041675652386,1.0,0.09382150120801537,0.3661326849833131,0.5,0.08035910000035074,0.020949300000211224,0.602578199999698,,B,0.38860540591932385,0.8447562774997467,2.0417979488829743,206.7380759490803,0.9229758686022054,0.5038502674549759,0.4888035301632132,0.33273154638007446,2.501356469561887,0.61676867678365,0.6002266075850454
balance,P2_Full,,main,clean,0.0,4,0.05,31,0.6592,0.35178478348970554,0.37629980520439843,-0.028452044794839426,1.0,0.08240968341722021,0.3392206226524554,0.42105263157894735,0.10629049999988638,0.01946730000054231,0.15095039999869186,,B,0.3600046725280289,0.8445124558650805,2.119279413814979,220.68286425968174,0.9184231437422874,0.47534796622083847,0.470995521195618,0.33297081747326446,2.5008165487207403,0.5806858924902303,0.6594476648401174
balance,P2_Full,,main,clean,0.0,4,0.1,62,0.6736,0.3480986817038132,0.39203267952466536,-0.019672877550619687,1.0,0.08500154360938827,0.3565354501047442,0.45161290322580644,0.09918380000453908,0.02026810000097612,0.2957693999996991,,B,0.36768698390692856,0.8515778878998077,2.100948484812318,218.40606844071556,0.9227489047667609,0.4795176127052357,0.4750918135509589,0.3340657843187354,2.4983555986130943,0.5887813285069456,0.6464269698879654
balance,P2_Full,,main,clean,0.0,4,0.15,93,0.7136,0.4175612493336845,0.45552965258960454,-0.020750372734137056,1.0,0.08926880694380389,0.3670523099360927,0.41935483870967744,0.08887859999958891,0.021077799996419344,0.43123210000339895,,B,0.38119899410748664,0.836119032829329,2.0575218726945605,214.615033682515,0.9177673527367993,0.4982172202000685,0.48510701233790515,0.3330088557107008,2.5007307860220562,0.6026492259362465,0.6233627456145001
balance,P2_Full,,main,clean,0.0,4,0.2,125,0.7248,0.4498750723468103,0.47318428517459254,-0.02297561435106042,1.0,0.0945747275496756,0.35239603463560343,0.4375,0.08453089999966323,0.02066480000212323,0.562658000002557,,B,0.38580301356156366,0.8442229219408529,2.044206645324081,205.24720321475186,0.9223065450920044,0.501252328802212,0.48822535208239254,0.33438115061665463,2.497649798856659,0.6191447954356559,0.5970048354526409
balance,P2_Full,,main,clean,0.0,5,0.05,31,0.672,0.3728305952276992,0.39089625260957434,-0.01846585169917532,1.0,0.08248609132312873,0.37860580965092305,0.3684210526315789,0.11530979999952251,0.02093089999834774,0.16087980000156676,,B,0.3637941019776042,0.8473510872053018,2.119786856539621,223.0057845122714,0.9198591195543533,0.47499868175654514,0.4708823813275182,0.33240571922080414,2.5020929561200926,0.5807708741774171,0.6592312647992414
balance,P2_Full,,main,clean,0.0,5,0.1,62,0.6816,0.38373791197845386,0.404869340247233,-0.0215701046648938,1.0,0.08579048515256575,0.3419949566164324,0.45161290322580644,0.09986010000284296,0.019897300000593532,0.30524789999617497,,B,0.3674410425764612,0.8433625988785718,2.101116429444845,218.25997929041796,0.9188094011816664,0.481665309580864,0.47505370412932935,0.33243054490946566,2.5020367903258864,0.5908859832775888,0.643514658084156
balance,P2_Full,,main,clean,0.0,5,0.15,93,0.6976,0.40534721780778804,0.4268603271616187,-0.026652388792711555,1.0,0.08957797187704826,0.3580283849470077,0.4838709677419355,0.08916660000249976,0.02072279999993043,0.44003610000072513,,B,0.37783604561889034,0.8395317390639173,2.0680014939356663,212.72169368343526,0.9188413143403149,0.49423839215150456,0.4826397100760099,0.33299621372540344,2.5007592870294792,0.6035920943022615,0.6221579875525318
balance,P2_Full,,main,clean,0.0,5,0.2,125,0.712,0.3995254604377797,0.43989224882479505,-0.021152536632472102,1.0,0.09306253615049057,0.35292076505720615,0.4375,0.0807316999998875,0.02051000000210479,0.5673563000018476,,B,0.38960771419309836,0.842177237524013,2.024966645740229,207.27130395072834,0.9226939607031405,0.510171802317668,0.49288206537275764,0.3322217974314317,2.5025093233883857,0.6143615824309903,0.6039748458378208
balance,P2_Full,,main,clean,0.0,6,0.05,31,0.624,0.33604987034498,0.33416479318740383,-0.02991739709771908,1.0,0.0823042453375181,0.33708372084718,0.42105263157894735,0.10447660000500036,0.019789799996942747,0.1499007000020356,,B,0.36607933647603697,0.8335634045003855,2.0982260580728997,224.40663325981066,0.914135422316013,0.48410037211926826,0.4757378306004833,0.3322457857531267,2.502454991816694,0.580083857031852,0.6595677141733725
balance,P2_Full,,main,clean,0.0,6,0.1,62,0.6832,0.3786173538216162,0.4099281676753287,-0.018377985966391903,1.0,0.08520052417362374,0.35082938113520223,0.4838709677419355,0.0991892000020016,0.01993650000076741,0.2939549000002444,,B,0.3675879210944463,0.8524300324321611,2.1062952465431732,218.34722513010112,0.9230147257833758,0.47831340288644125,0.4738815277692651,0.3334412137110282,2.4997573476824577,0.5889579435953,0.6460231505804297
balance,P2_Full,,main,clean,0.0,6,0.15,93,0.7216,0.4412689379070228,0.47163875669386773,-0.016788208538971987,1.0,0.08989936725327674,0.3714728586135372,0.4838709677419355,0.08892090000153985,0.02077619999909075,0.4285483999992721,,B,0.3757069872985377,0.8456210858508558,2.0801700950645965,211.5230338490767,0.921233036172645,0.489781591861315,0.47980595025508993,0.33256638622529283,2.501729610552525,0.6042626215921818,0.6212321435142135
balance,P2_Full,,main,clean,0.0,6,0.2,125,0.7232,0.4080724580791785,0.4569175960721429,-0.02206002378839647,1.0,0.09468847753826096,0.3456007558852434,0.53125,0.07889990000694524,0.020618299997295253,0.5535774000018137,,B,0.38884361361465736,0.8366260032170504,2.0370708801188004,206.86480244299773,0.9190637324222983,0.5045951670924139,0.48994217984052807,0.33438115061665463,2.497649798856659,0.6192363136858228,0.5974709858242252
balance,P2_Full,,main,clean,0.0,7,0.05,31,0.6544,0.355485952476717,0.37577115403769346,-0.016034375521518995,1.0,0.08250984319408007,0.39763563087112025,0.42105263157894735,0.10374720000254456,0.019464900004095398,0.14805179999530083,,B,0.3649360715387492,0.8428567350546665,2.112365993546446,223.70581185325324,0.9179422411944487,0.4778156172706648,0.4725423584534379,0.3323790636428579,2.502153271207917,0.5810274559002503,0.6587506169552833
balance,P2_Full,,main,clean,0.0,7,0.1,62,0.672,0.3565086165273706,0.3773209149378183,-0.02421219222895549,1.0,0.08586986922913223,0.36063189083530056,0.41935483870967744,0.0971780999971088,0.0211942000023555,0.2919555999978911,,B,0.3684857155273036,0.8410475477822087,2.1136691179653004,218.88051502321832,0.9172186278049761,0.47920669961354434,0.4722224335031169,0.3322829191294621,2.5023709032500596,0.5909556372161084,0.6432536470877526
balance,P2_Full,,main,clean,0.0,7,0.15,93,0.6944,0.42383971548238597,0.4194835596358546,-0.02544259581252177,1.0,0.08827616720717764,0.32819167740883365,0.5483870967741935,0.09047049999935552,0.020221300001139753,0.42771150000044145,,B,0.383300305919074,0.8335284726465948,2.0486253017609,215.79807223243864,0.9171870468823201,0.5025398370865254,0.48722141517152623,0.33285715188713233,2.5010729409977404,0.5994232425963146,0.6277819318755395
balance,P2_Full,,main,clean,0.0,7,0.2,125,0.7232,0.4286838682463929,0.4608762118253374,-0.019758138661589354,1.0,0.091087812759882,0.35636700224131346,0.46875,0.07899969999562018,0.020546099993225653,0.5533297000001767,,B,0.39749702487562316,0.8385396620300049,1.9983364126614283,211.46841723383153,0.9225414404190101,0.5202626195704831,0.4994754073625413,0.33271738668705664,2.501388445579317,0.6084434396883703,0.612280815264006
balance,P2_Full,,main,clean,0.0,8,0.05,31,0.656,0.33546182592241475,0.3699539827615816,-0.028675176506895234,1.0,0.08285245010902152,0.3544261973155172,0.3684210526315789,0.10457190000306582,0.0222081000028993,0.15133039999636821,,B,0.3576062910395368,0.8436829841101456,2.112615277314215,219.21265640723604,0.9181174000786219,0.47617602949204785,0.4724864067298879,0.33380247150518716,2.49894592263711,0.5821224133669289,0.6572014123173956
balance,P2_Full,,main,clean,0.0,8,0.1,62,0.6832,0.37965174099831356,0.41353364581375995,-0.017906726544002792,1.0,0.0859231894463641,0.3638579893496729,0.3870967741935484,0.0993162000013399,0.01984000000084052,0.29649249999783933,,B,0.3663394461236181,0.8475576908618485,2.1129529094297816,217.60563099742913,0.9203549519915947,0.4775397430104087,0.4723830700736644,0.3325895265187002,2.5016773081125376,0.5912959213636987,0.6425354533915588
balance,P2_Full,,main,clean,0.0,8,0.15,93,0.7056,0.4060416929987169,0.44979934581729025,-0.026852711329537086,1.0,0.09033066078673821,0.36430241600159674,0.4838709677419355,0.08959009999671252,0.02105419999861624,0.43250309999712044,,B,0.3774688114431776,0.8534448511977445,2.092913385487394,212.514940842509,0.9243985789116541,0.48414353431994667,0.47687368296336513,0.332503176298806,2.5018725167766096,0.6055906742916048,0.6199269751709257
balance,P2_Full,,main,clean,0.0,8,0.2,125,0.728,0.44556964239382046,0.4902955443985008,-0.018981417207048677,1.0,0.09463567314932204,0.3578493958339095,0.5,0.08567469999979949,0.020347099998616613,0.569088099997316,,B,0.38633597323245994,0.8368600132727105,2.0382736804615633,205.53073775966868,0.9192868681054014,0.5052523080713406,0.48965195003074463,0.3328873030032709,2.501004912907548,0.6194279399469348,0.5962992968090114
balance,P2_Full,,main,clean,0.0,9,0.05,31,0.6624,0.3607133097766402,0.39336635978356355,-0.022050231449586614,1.0,0.08213973707239898,0.375539431446477,0.42105263157894735,0.10530740000103833,0.020126499999605585,0.15064900000288617,,B,0.3584368204432117,0.8518020941068382,2.117018414770449,219.72177093168875,0.9221166813068098,0.47446410781716775,0.4715002947293902,0.3331520754032989,2.5004080522306857,0.5795933133099638,0.6609260756595442
balance,P2_Full,,main,clean,0.0,9,0.1,62,0.6944,0.4057159672429917,0.42915400576343493,-0.02151218633989898,1.0,0.08531217466053369,0.3327877925288293,0.4838709677419355,0.09851880000496749,0.019650200003525242,0.29395389999990584,,B,0.3670417374265336,0.8407217416192936,2.0899945250532306,218.02279203136098,0.9179675305520485,0.4849738421180012,0.4775906759414695,0.3336399407225714,2.4993107673456887,0.5895627144956656,0.6449639819304158
balance,P2_Full,,main,clean,0.0,9,0.15,93,0.7184,0.4014330963581392,0.4579250252346577,-0.018217377097710378,1.0,0.088781604990469,0.35059042803702817,0.5161290322580645,0.08863720000226749,0.020017599999846425,0.4277536000008695,,B,0.38126678893690547,0.8430728714703425,2.064007483581259,214.65320217147777,0.9207802703512852,0.4951814234353806,0.483577097558794,0.3334892511520009,2.4996493489262495,0.6010680758442468,0.6260107639162554
balance,P2_Full,,main,clean,0.0,9,0.2,125,0.7248,0.42158798968301603,0.4717080174013774,-0.016568485730035547,1.0,0.09269484151931247,0.38796146772801876,0.34375,0.08149840000260156,0.020430700002179947,0.5550565000012284,,B,0.39383562119854276,0.8332563090645653,2.0126377464004865,209.52055047762474,0.9189699547690746,0.5140443109040855,0.49591286992138095,0.33494753833736884,2.496385542168675,0.6134739004246207,0.6053167855569623
balance,P2_Full,,main,clean,0.0,10,0.05,31,0.64,0.3106693819366966,0.3456045695794271,-0.020911788780884604,1.0,0.08256572652072489,0.3715886159947044,0.47368421052631576,0.10630610000225715,0.02009570000518579,0.15108560000226134,,B,0.35896752332296344,0.8511416114948348,2.1265726600294004,220.0470917969766,0.92127694603461,0.47115473467147934,0.46937460156482597,0.33359988911279576,2.499400728713884,0.5814058972979529,0.6586650604417941
balance,P2_Full,,main,clean,0.0,10,0.1,62,0.6896,0.3899911735977295,0.420519595645352,-0.02313457826285589,1.0,0.08570315418844766,0.3428433181778077,0.5161290322580645,0.1052512000023853,0.02034480000293115,0.3012407999995048,,B,0.3682461918902966,0.8372906587908692,2.095017244903499,218.73823798283618,0.9161133028438944,0.48443834550171366,0.4764416285096065,0.3328734222494762,2.5010362296591957,0.5906829346796085,0.643369572035961
balance,P2_Full,,main,clean,0.0,10,0.15,93,0.7056,0.42490753945881865,0.44057687796123357,-0.02977028666430791,1.0,0.08964773248377991,0.3499447511088464,0.45161290322580644,0.09381020000000717,0.02052650000405265,0.4408504000020912,,B,0.38054248068284036,0.8424307645260561,2.0703484523518916,214.24541662443912,0.9201489611922562,0.493232047692786,0.4820905699489617,0.3324399663723191,2.502015477344894,0.6038460723325715,0.621829954789026
balance,P2_Full,,main,clean,0.0,10,0.2,125,0.7264,0.4511063666460002,0.48184232144103173,-0.019952862428618025,1.0,0.09446554103437367,0.34333079494535923,0.46875,0.08000080000056187,0.02142160000221338,0.5687228000024334,,B,0.3863406235221419,0.8402852291634373,2.0424446752833525,205.53321171377948,0.9207252613276715,0.5036480454681871,0.48864815749051105,0.3329581014683602,2.5008452231601774,0.6186888132038971,0.598076324256312
balance,P2_Full,,main,clean,0.0,11,0.05,31,0.6816,0.38272984628054546,0.41518709675697385,-0.022585703168323285,1.0,0.08192814325535237,0.34300529172545985,0.42105263157894735,0.10950850000517676,0.02014929999859305,0.15499509999790462,,B,0.3655850088645305,0.8393045369493761,2.10121384669423,224.1036104339572,0.9167643011780959,0.48202832088867154,0.4750590391072712,0.3326776061158558,2.5014782943127734,0.5792783354358838,0.6609628776861244
balance,P2_Full,,main,clean,0.0,11,0.1,62,0.6928,0.4013735361919374,0.4338649325607481,-0.02471511856284106,1.0,0.08499029921204283,0.32414733786736766,0.4838709677419355,0.09900309999648016,0.019961899997724686,0.29959239999880083,,B,0.36897263991403073,0.8351517417885337,2.0792118792657983,219.16974810893424,0.9159096766156567,0.4898925575757509,0.480076172660394,0.3330948609194815,2.50053694707236,0.5884493210307643,0.6459622045331912
balance,P2_Full,,main,clean,0.0,11,0.15,93,0.7008,0.40187463332603557,0.4426960079415354,-0.02086045415278029,1.0,0.09051774022645095,0.37200375814591685,0.3870967741935484,0.08982329999707872,0.021261599998979364,0.43560340000112774,,B,0.3735099397363965,0.8339546540120198,2.0720291287132624,210.28609607159123,0.9159018405672055,0.4935229353619924,0.4816980905474818,0.33271809004886127,2.501386857153713,0.6062435320244781,0.6181818320995466
balance,P2_Full,,main,clean,0.0,11,0.2,125,0.7136,0.4229714021254876,0.455635045919875,-0.023235719591952662,1.0,0.09433896388377411,0.3608801206573844,0.46875,0.0798681000014767,0.02195159999973839,0.5624062999995658,,B,0.3907188155745585,0.8519983121668393,2.0495047925390772,207.86240988566513,0.9259563073613198,0.4997104849091445,0.48695837896905814,0.33258994944989595,2.501676352257488,0.6183335054861793,0.5984822490545864
balance,P2_Full,,main,clean,0.0,12,0.05,31,0.6592,0.3333604177911433,0.36901483780895544,-0.027548894933608986,1.0,0.08269936146005073,0.3386278466174477,0.47368421052631576,0.12774849999550497,0.02035020000039367,0.17334730000584386,,B,0.3640187821425751,0.8452272689802492,2.117241341732916,223.14351345339853,0.9188944109940874,0.47596977535039686,0.47145047783503335,0.33225111686871595,2.5024429183447525,0.5812592848799987,0.6585695802601591
balance,P2_Full,,main,clean,0.0,12,0.1,62,0.6736,0.36218783409888816,0.3941310381792457,-0.021900521581144305,1.0,0.08598675409158238,0.33981879391977865,0.45161290322580644,0.0965686999988975,0.019831100005831104,0.31503950000478653,,B,0.36434372569835105,0.8381292337788747,2.097573167423028,216.42017306482052,0.9163550433975249,0.48326088425249714,0.47585902282864734,0.3327257964694727,2.5013694539249145,0.59167638081248,0.64203953455025
balance,P2_Full,,main,clean,0.0,12,0.15,93,0.68,0.3430635846722353,0.3878546956412501,-0.020167867986346462,1.0,0.08932050183391818,0.34916756806835053,0.45161290322580644,0.08708009999827482,0.020085500000277534,0.4468507000055979,,B,0.38126504529381877,0.8466343437049167,2.0696980336626223,214.65222050041996,0.922239810520119,0.49297521128024596,0.4822426298340876,0.3324399663723191,2.502015477344894,0.6026689844009802,0.623271412156543
balance,P2_Full,,main,clean,0.0,12,0.2,125,0.7072,0.3901482628252328,0.43345225640772117,-0.01778533507949711,1.0,0.0933687554701573,0.3584446767345071,0.46875,0.07891499999823282,0.020487000001594424,0.5713854000059655,,B,0.3949679036524765,0.8438970160305986,2.0328507995043155,210.12292474311752,0.9230927353192628,0.5073299515157752,0.4909631809474411,0.3322288772779406,2.502493287303414,0.6151075324786424,0.603274548336283
balance,P2_Full,,main,clean,0.0,13,0.05,31,0.6624,0.3640871400916031,0.37877934232838345,-0.015565771988453728,1.0,0.08196490621757081,0.3784697918515456,0.3684210526315789,0.1059400000012829,0.020622899995942134,0.15143679999891901,,B,0.36431654986571593,0.8418079013439358,2.1079537800288546,223.32604506768388,0.917670270033713,0.47955851988988785,0.47353486943761414,0.3325230037637676,2.501827684612178,0.5797725867501126,0.6605166234894858
balance,P2_Full,,main,clean,0.0,13,0.1,62,0.6736,0.3642481511806063,0.399723640596747,-0.025590461917394253,1.0,0.08582486450030513,0.35610960760424215,0.41935483870967744,0.10831390000385,0.019870199997967575,0.3144276000020909,,B,0.3661105508576976,0.8505801404239807,2.1141504090642838,217.4696672094724,0.9217644780477575,0.4764047953582827,0.4721145471040471,0.33275986395716584,2.5012925297751085,0.5910744832009417,0.6431693962860285
balance,P2_Full,,main,clean,0.0,13,0.15,93,0.7008,0.39760975440740903,0.4348568393007882,-0.019413407564022503,1.0,0.08960442017050785,0.34993047002823124,0.4838709677419355,0.09078880000015488,0.024036099996010307,0.45427570000174455,,B,0.3804693937961292,0.8434728640109761,2.068715279008096,214.20426870722073,0.9207206201622845,0.4935103147656469,0.48247256716169845,0.33256006523264414,2.5017438987303278,0.6036030095498411,0.6224798480665094
balance,P2_Full,,main,clean,0.0,13,0.2,125,0.7184,0.41674519596315557,0.4585573480077416,-0.018025056060104377,1.0,0.09335617255075644,0.36722903698682785,0.5,0.07641699999658158,0.020385299998451956,0.5774407999997493,,B,0.3965256367253941,0.8442220661305303,2.0232933285576853,210.95163873790966,0.9236199299698657,0.509686204375165,0.49329124938663,0.33254747037084237,2.501772370185859,0.6152463131777489,0.6022721829547437
balance,P2_Full,,main,clean,0.0,14,0.05,31,0.648,0.3747924221323345,0.36820900680826624,-0.029121581400255985,1.0,0.08254407889929802,0.35942045011018453,0.42105263157894735,0.12818000000697793,0.03060340000229189,0.18466210000042338,,B,0.3639400142870959,0.8387752732424575,2.1155888289185456,223.09522875798976,0.9157581283196095,0.47748789298878797,0.47182001000953444,0.33329068440861936,2.5000959723599605,0.5809271765660207,0.6588115514233265
balance,P2_Full,,main,clean,0.0,14,0.1,62,0.6656,0.36694188240995224,0.38743574900835076,-0.0207962674977499,1.0,0.08544373989094256,0.3454897182603036,0.41935483870967744,0.09617219999927329,0.02041800000006333,0.32567679999920074,,B,0.3667000167808287,0.8511969096006144,2.1121405888363105,217.81980996781226,0.9222522263923356,0.47751237290172965,0.47256539522147584,0.33245325656792774,2.501985414674136,0.5899059259088899,0.6445744051375787
balance,P2_Full,,main,clean,0.0,14,0.15,93,0.656,0.37668760745516455,0.3730444818097724,-0.015782044865264702,1.0,0.08848942006236543,0.36054256558418274,0.45161290322580644,0.08619719999842346,0.020213699994201306,0.457827800004452,,B,0.38568469712518816,0.8496034681779515,2.0619731810253548,217.14048448148094,0.9241305002773871,0.49553690631388425,0.4840559407804538,0.3322250526222638,2.502501950189311,0.6001865201416061,0.6270301920341778
balance,P2_Full,,main,clean,0.0,14,0.2,125,0.6944,0.398857659120021,0.4237374714149756,-0.019365366331163612,1.0,0.09334790137159016,0.35529183130711317,0.4375,0.07938050000666408,0.02088530000037281,0.5838996000020416,,B,0.3824833779801624,0.8489270394931844,2.024813186973071,203.4811570854464,0.9255114766470076,0.5069367602044718,0.4929195631894236,0.33457230647239566,2.497222633683899,0.6153057828758485,0.6016646653630765
balance,P2_Full,,main,clean,0.0,15,0.05,31,0.6496,0.37929148176045996,0.36514596115110975,-0.021020184495086924,1.0,0.08208587465111906,0.34785232889024836,0.42105263157894735,0.10261200000240933,0.019356799995875917,0.14706780000415165,,B,0.36362802624420765,0.8403043173762715,2.1026611122437022,222.9039800876993,0.917165678279964,0.4812989283172515,0.4747309304119434,0.3324217125675719,2.502056771710368,0.5798854810018801,0.6602704382631911
balance,P2_Full,,main,clean,0.0,15,0.1,62,0.672,0.3881079120369687,0.40111243824649323,-0.03134661171752932,1.0,0.08421844580713898,0.34809022757314867,0.4838709677419355,0.09674029999587219,0.019681899997522123,0.2891375000035623,,B,0.3724188369259585,0.8514849314733922,2.096812293998327,221.21678913401936,0.9231458807656326,0.48251635341232535,0.47603231043154476,0.3328393547617831,2.5011131013306036,0.5863558440618656,0.649391386987914
balance,P2_Full,,main,clean,0.0,15,0.15,93,0.6848,0.37818690610158423,0.4074298480772264,-0.026560438088408415,1.0,0.09022270595217198,0.33707525845496883,0.45161290322580644,0.08835720000206493,0.020763200001965743,0.4232428000032087,,B,0.3773690202322629,0.8495420288013485,2.0847817293717106,212.458758390764,0.9229015726140949,0.4875749900674179,0.47874066111490826,0.3321744846810743,2.5026165058704875,0.6053224375068781,0.6193575123503404
balance,P2_Full,,main,clean,0.0,15,0.2,125,0.7184,0.41868156600758916,0.45153730014152516,-0.018545072440905,1.0,0.0936692499690352,0.35316559951752424,0.53125,0.07625949999783188,0.02140450000297278,0.5473467999981949,,B,0.38909267132522735,0.8418061622199353,2.028157589153505,206.99730114502094,0.9222692438531309,0.5086360048048306,0.49210364061025613,0.33216515865936025,2.502637636677537,0.6162476133062915,0.6014878795132081
balance,P2_Full,,main,clean,0.0,16,0.05,31,0.6688,0.3739426417240446,0.397256929711571,-0.02360936572429195,1.0,0.0826758746882183,0.35335476147501094,0.42105263157894735,0.10443300000042655,0.023987100001249928,0.15284140000585467,,B,0.36338836334417285,0.8406472867020911,2.1086806499591497,222.75706672997796,0.91700395318295,0.4791676583385852,0.4733710769954007,0.3323790636428579,2.502153271207917,0.5813788014632684,0.6580922762980906
balance,P2_Full,,main,clean,0.0,16,0.1,62,0.6992,0.39330669177280025,0.4344831086317142,-0.017462370064689352,1.0,0.08574142799900526,0.35298518692293473,0.45161290322580644,0.09674219999578781,0.019710599997779354,0.2943492000049446,,B,0.3683648646586265,0.8455819329896328,2.102501531341858,218.80872960722414,0.9198083666427397,0.4806849035878912,0.4747396337086663,0.3327257964694727,2.5013694539249145,0.590657098710111,0.64374560938909
balance,P2_Full,,main,clean,0.0,16,0.15,93,0.7152,0.4187587976623372,0.4595465626144366,-0.019084573582823883,1.0,0.08989263059177574,0.3478260040283203,0.4838709677419355,0.08925409999937983,0.019952799993916415,0.42930290000367677,,B,0.37915083182434106,0.8474948534731721,2.080463748297804,213.46191831710402,0.9218403058148182,0.48749471106253905,0.4797379754665985,0.3349873264097394,2.4962968903313456,0.6044076883875459,0.622024663428052
balance,P2_Full,,main,clean,0.0,16,0.2,125,0.7248,0.44621346209182666,0.4768368435016327,-0.0185689939555201,1.0,0.09232168451952459,0.3689296003431082,0.46875,0.07691530000010971,0.020967600001313258,0.5521207000056165,,B,0.4010700301511885,0.8485095565269501,2.019678407111921,213.36925604043228,0.9257600992469833,0.509936738905752,0.4941775374569388,0.33402007844469933,2.4984580003815258,0.6122551395192323,0.6073656585107484
balance,P2_Full,,main,clean,0.0,17,0.05,31,0.6512,0.3565177200148257,0.3774858753963413,-0.017241813427451676,1.0,0.08282090536693731,0.35863029172545985,0.47368421052631576,0.10247900000103982,0.019472300002234988,0.14676289999624714,,B,0.3546341625045399,0.8531875927019303,2.1251558923263314,217.39074161528296,0.9221021266728185,0.469405380915611,0.4696886066495609,0.33527919052340893,2.4956472309233435,0.5821803181332184,0.6576164665964103
balance,P2_Full,,main,clean,0.0,17,0.1,62,0.6672,0.3540343729473415,0.38051200590385803,-0.020661799440753987,1.0,0.08598202806406416,0.36394927866997256,0.45161290322580644,0.09672879999561701,0.020474299999477807,0.2886182999936864,,B,0.36500058943452357,0.8353448618530133,2.0961258582077917,216.810350124107,0.9151090688575352,0.48443193393282913,0.4761887529364728,0.3325554590310071,2.501754311080758,0.5915025296143954,0.6421083708958295
balance,P2_Full,,main,clean,0.0,17,0.15,93,0.6736,0.35374217446020445,0.38844654327416545,-0.01975318547635765,1.0,0.08965106990575185,0.36485719969195707,0.3870967741935484,0.0885578000015812,0.023990800000319723,0.4263448999990942,,B,0.3773338379489388,0.8387075046051334,2.0675047532727886,212.43895076525254,0.918532298320419,0.49490705392004364,0.4827560970634238,0.3324083614090757,2.5020869780177986,0.60378964249561,0.6213953864279225
balance,P2_Full,,main,clean,0.0,17,0.2,125,0.7184,0.4132609999148386,0.46435217681239055,-0.017590819952423505,1.0,0.09536637632985105,0.3535280516371131,0.46875,0.07761069999833126,0.02037410000048112,0.5530588999972679,,B,0.386403455776224,0.8300046534369461,2.0394731081640045,205.56663847295115,0.915990738935961,0.5058143486717226,0.48936287491605274,0.33256870991036913,2.5017243581555757,0.6210247177887908,0.5947244893981105
balance,P2_Full,,main,clean,0.0,18,0.05,31,0.6208,0.32493525512493415,0.34128600680638055,-0.021373840998299806,1.0,0.08226728779257773,0.34619465313459696,0.3684210526315789,0.10822639999969397,0.019693200003530364,0.1529956000013044,,B,0.36569918932899237,0.8386285681397133,2.1032345928283687,224.1736030586723,0.9163233443599913,0.48146549438530845,0.47460104189059527,0.3324217125675719,2.502056771710368,0.5801728144432613,0.6598036193256608
balance,P2_Full,,main,clean,0.0,18,0.1,62,0.6656,0.32463055708427846,0.372813214088412,-0.028124948636314172,1.0,0.08565384255415572,0.3428265731180868,0.45161290322580644,0.09519419999560341,0.01995840000017779,0.292638300001272,,B,0.3686699236921725,0.8357634812891224,2.092433464142061,218.98993467315046,0.91558054182644,0.4859885070860992,0.4770320309617594,0.3322829191294621,2.5023709032500596,0.5903640278231954,0.6437051338248866
balance,P2_Full,,main,clean,0.0,18,0.15,93,0.696,0.40897163460025654,0.42530619068052344,-0.01892415926279308,1.0,0.08822331594436773,0.35961930213436005,0.5483870967741935,0.08490380000148434,0.020762100000865757,0.42386509999778355,,B,0.3865568199719964,0.8381081532781791,2.0504599521854696,217.631489644234,0.9191038617665603,0.5003075209065737,0.486783881398783,0.33386851071092205,2.4987977811014974,0.599288683399958,0.6285544269174714
balance,P2_Full,,main,clean,0.0,18,0.2,125,0.7024,0.38626502347930486,0.4195951915596972,-0.018061695923108093,1.0,0.09437405396719742,0.34675889927893877,0.46875,0.0744944000034593,0.021356599994760472,0.5442700999992667,,B,0.3852545679119136,0.8392122596494876,2.037033603442086,204.95543012913802,0.9205680297906674,0.5059824210715734,0.4899511799950241,0.3321439191198335,2.502685765443151,0.6185436807827429,0.5974570784827185
balance,P2_Full,,main,clean,0.0,19,0.05,31,0.648,0.3187094198881753,0.3498506223263802,-0.019910134540498257,1.0,0.08251591039354994,0.37034581836901215,0.47368421052631576,0.1062443999981042,0.01933659999485826,0.15212700000120094,,B,0.36179093258216827,0.8525292266037184,2.1207468922055046,221.77784167286916,0.9223346359703575,0.4733508054444036,0.4706684790613372,0.3327362483873375,2.5013458518922036,0.5806728934147574,0.6593385277608491
balance,P2_Full,,main,clean,0.0,19,0.1,62,0.6832,0.3967018135040544,0.4065174087237808,-0.0241996137733287,1.0,0.08501767753023062,0.33738422489935355,0.4838709677419355,0.09879679999721702,0.019787600002018735,0.297465600000578,,B,0.370969632107291,0.835518277299002,2.0848386856968024,220.35596147173086,0.9158966983139734,0.48867691616464154,0.4787759356556524,0.33243054490946566,2.5020367903258864,0.5885147579978333,0.6461427984687631
balance,P2_Full,,main,clean,0.0,19,0.15,93,0.6928,0.4078476505138598,0.4131574746926423,-0.017796529989413844,1.0,0.08821912660005905,0.36567743074509407,0.45161290322580644,0.08186310000019148,0.019705200000316836,0.4255087999990792,,B,0.3800490873550966,0.8451369696053441,2.0569642319244443,213.9676361809194,0.9222468604972492,0.49792316923798324,0.48523900670469977,0.3323388304899401,2.50224432736748,0.5995308340764647,0.6280174426301348
balance,P2_Full,,main,clean,0.0,19,0.2,125,0.7312,0.4541829604642499,0.4859306504419217,-0.020814202866307585,1.0,0.09181764388755136,0.34708651062101126,0.53125,0.07251779999933206,0.020484799999394454,0.5429145000016433,,B,0.38920874605181843,0.8453222115887193,2.006807075080972,207.0590528995674,0.9250914268342065,0.5157121527583829,0.4973591900646046,0.3324058734406638,2.5020926071862153,0.6110292801449208,0.6079411377296123
balance,P2_Full,,main,clean,0.0,20,0.05,31,0.6304,0.31537460668873424,0.3426030095182993,-0.021907756881109675,1.0,0.0830003657052043,0.3637666843439403,0.42105263157894735,0.1025898000007146,0.01933139999891864,0.14666820000275038,,B,0.36246310133632764,0.8388353570180169,2.110435992681214,222.18988111916883,0.9160057261261173,0.4788293988075745,0.47297599432774656,0.3323790636428579,2.502153271207917,0.5822012619958592,0.6568453496306883
balance,P2_Full,,main,clean,0.0,20,0.1,62,0.696,0.3922634713152492,0.42248341042209137,-0.0282698162406683,1.0,0.0855252691757778,0.33998428525463226,0.4838709677419355,0.09592229999543633,0.020820500001718756,0.2864303000023938,,B,0.36622159032466983,0.8368823633190476,2.0934059664419764,217.53562465285387,0.9160238797348826,0.48518062194973255,0.4768096399277897,0.33265766149408643,2.5015233494913636,0.5902657601498396,0.6441701329898488
balance,P2_Full,,main,clean,0.0,20,0.15,93,0.704,0.39886424010741933,0.4410355104707284,-0.0218650995667136,1.0,0.0879349320858579,0.3621440414459475,0.41935483870967744,0.08358769999904325,0.0190433000025223,0.41250679999939166,,B,0.38422699015015305,0.8448808983097177,2.0456852380991974,216.31979545453618,0.9224993392622924,0.5003796444589474,0.48792420824114235,0.33377369582119176,2.499010491629422,0.5986865735704989,0.6291412291563111
balance,P2_Full,,main,clean,0.0,20,0.2,125,0.7136,0.42043207460480053,0.44335043112769595,-0.018872782515654392,1.0,0.09447041487326525,0.3482156079262495,0.46875,0.07204239999555284,0.019734999994398095,0.527271799997834,,B,0.38660344533697316,0.8359187446626631,2.037081982236736,205.67303291926973,0.9189443964483313,0.5060032702393369,0.48993949938689235,0.33302182008694053,2.5007015604404947,0.6186159994773116,0.5974326117083427
balance,P2_Full,,main,clean,0.0,21,0.05,31,0.6624,0.37926997987078137,0.38670918463548903,-0.014182045256259114,1.0,0.08159767443321338,0.381710465017118,0.3684210526315789,0.09748910000053002,0.018418899999232963,0.13946919999580132,,B,0.3679238145453735,0.8415739266515608,2.1017723663757892,225.53729831631395,0.9179111470108633,0.48184758194068117,0.47493236390620647,0.33258697715083857,2.501683069919533,0.5780780547988225,0.6629245788399477
balance,P2_Full,,main,clean,0.0,21,0.1,62,0.6816,0.3933469628376608,0.41168964841415334,-0.0218902906675809,1.0,0.08528377343329838,0.33859475197330596,0.5483870967741935,0.09409750000486383,0.019095600000582635,0.27679349999380065,,B,0.3701818087570298,0.8508128579607015,2.107468875341848,219.88799440167568,0.922265426998128,0.4789458934644955,0.4736166886759714,0.3323680878486949,2.502178109571724,0.5895451098270065,0.645350296311873
balance,P2_Full,,main,clean,0.0,21,0.15,93,0.6864,0.3781646421700676,0.4098234752697451,-0.02151547518356529,1.0,0.0907822305508782,0.3518858551979065,0.41935483870967744,0.08433050000166986,0.020089999998162966,0.403780699998606,,B,0.376499320015226,0.8513747976831106,2.092601370247819,211.96911716857224,0.9233454115335263,0.48424232719942345,0.47694505204771115,0.33230090453404804,2.5023301820395276,0.6071884195832181,0.6172713798039655
balance,P2_Full,,main,clean,0.0,21,0.2,125,0.7232,0.4272855434064281,0.4609181673433896,-0.02259118271186285,1.0,0.09470484063224935,0.3571903295814991,0.46875,0.07398000000102911,0.018984300004376564,0.5198484999928041,,B,0.38697882433713904,0.843295909492821,2.0453511855901394,205.87273454735796,0.9220437520150735,0.5025257622017525,0.48795109648199336,0.3322288772779406,2.502493287303414,0.619212470441792,0.597129042103211
balance,P2_Full,,main,clean,0.0,22,0.05,31,0.656,0.3372097897823154,0.36724246968481405,-0.015091716954507187,1.0,0.08259894940637644,0.35290813132336263,0.42105263157894735,0.09886879999976372,0.018706799994106404,0.14100259999395348,,B,0.36220777324185666,0.8461338670825932,2.1221114595833144,222.03336499725813,0.9191652746566289,0.4746425102737714,0.4703647775122796,0.3322777724466622,2.5023825567963036,0.5813352140664825,0.6581900709833819
balance,P2_Full,,main,clean,0.0,22,0.1,62,0.7056,0.40959419083633014,0.44930631818642774,-0.022577133662524604,1.0,0.08586697003169132,0.35011398119311177,0.45161290322580644,0.0903046000021277,0.0187625000035041,0.27429470000060974,,B,0.3657748552363115,0.8541742281506242,2.1159446003471714,217.27026401036903,0.9234831545664139,0.47528585336328144,0.47171279300213137,0.33248732405562087,2.501908364356706,0.5910601378973491,0.6428552795944658
balance,P2_Full,,main,clean,0.0,22,0.15,93,0.7168,0.40646999493757113,0.45277866261709654,-0.02163770482144603,1.0,0.09002127034131502,0.3604258827624782,0.45161290322580644,0.08764800000062678,0.019440599993686192,0.4166826000000583,,B,0.3723213336713126,0.8352372220224648,2.06228438326712,209.616910856949,0.9169187318573505,0.4957522010585585,0.48398262740244397,0.333628312990272,2.499336882590326,0.6048233254381686,0.6202859599727503
balance,P2_Full,,main,clean,0.0,22,0.2,125,0.736,0.4727637251565281,0.49954722755550635,-0.019484493022045697,1.0,0.09247680835236043,0.36384644731879234,0.4375,0.0783815999966464,0.02121350000379607,0.5506505999946967,,B,0.398901703617436,0.8312153687954773,2.0066677495662457,212.21570632447595,0.9184815434898439,0.5170267818319483,0.4973938531065763,0.33402007844469933,2.4984580003815258,0.612723397985128,0.6058414138932358
balance,P2_Full,,main,clean,0.0,23,0.05,31,0.68,0.3957152107094337,0.4177995039746371,-0.01749697045459376,1.0,0.08234611233409839,0.3791345295153166,0.3684210526315789,0.09951030000229366,0.01888100000360282,0.14126150000083726,,B,0.36313309670443356,0.8350295452085991,2.1073031771212767,222.60058827981777,0.9143159767636627,0.4806098865116088,0.4736815717455204,0.3334399556451183,2.4997601765100885,0.5802988107947009,0.6597084102592283
balance,P2_Full,,main,clean,0.0,23,0.1,62,0.7104,0.4239336594277123,0.4642036336022248,-0.02279112395531153,1.0,0.08544373138959015,0.35559130099511915,0.4838709677419355,0.08829180000611814,0.018650399993930478,0.2702980999965803,,B,0.36727414709304684,0.8419754147329862,2.093854140639744,218.1608433732698,0.918424120572457,0.4837772914277591,0.47670722135523286,0.33316867380948323,2.500370667030233,0.5897061839695094,0.6453322378961324
balance,P2_Full,,main,clean,0.0,23,0.15,93,0.696,0.4086071473773919,0.4293553059981816,-0.019239714479238335,1.0,0.0895302687444999,0.3500629682694712,0.41935483870967744,0.09617979999893578,0.018641799993929453,0.4097013999999035,,B,0.3753584534249025,0.8424968188590333,2.062736570518175,211.3268092782201,0.9203207904761156,0.49411047480640524,0.4838761400396694,0.334412116078709,2.497580568944334,0.6031255033737998,0.6236669682638113
balance,P2_Full,,main,clean,0.0,23,0.2,125,0.7184,0.4235251371713526,0.46119401076558564,-0.021205994121928133,1.0,0.09437007432820592,0.34222176391631365,0.4375,0.08413869999640156,0.020518199999060016,0.538905599998543,,B,0.38956194254303006,0.846858654320661,2.0425997142623364,207.24695343289198,0.9238871506882901,0.5029895488114503,0.48861092479809126,0.33223595712444953,2.5024772519018903,0.6182423357716618,0.5982009190993396
balance,P2_Full,,main,clean,0.0,24,0.05,31,0.664,0.33530614757725913,0.36520117146952474,-0.023021607524031845,1.0,0.08214129584238343,0.34734286603174713,0.47368421052631576,0.09589650000270922,0.01803199999994831,0.1361786999987089,,B,0.3669685275064784,0.829410315804966,2.097379760602304,224.95170736147125,0.9121794019726782,0.48519397030527855,0.4759304512070597,0.33289085073942576,2.5009969091811732,0.5794033780747254,0.6606289628366603
balance,P2_Full,,main,clean,0.0,24,0.1,62,0.6832,0.35624796540111614,0.40026396484722626,-0.020058339489173335,1.0,0.08527682023779357,0.3527067149839094,0.4838709677419355,0.10232790000009118,0.01802049999969313,0.2807549999997718,,B,0.3642178837386916,0.8504885469255529,2.1009545551037947,216.34542294078278,0.9220981232547165,0.4789571290803164,0.47509043599504813,0.33497425065721864,2.4963260221031933,0.5892775577816072,0.6457951193409377
balance,P2_Full,,main,clean,0.0,24,0.15,93,0.6976,0.3888809129655665,0.4298588884799556,-0.011484879378178495,1.0,0.09036363420662658,0.3494428425065933,0.45161290322580644,0.09321679999993648,0.020141499997407664,0.41879769999650307,,B,0.37581180165284356,0.8405588145969604,2.0770960718190743,211.58204433055093,0.9188063803886819,0.4907613148630658,0.4805186782106049,0.3330088557107008,2.5007307860220562,0.605876479296017,0.6185287527040133
balance,P2_Full,,main,clean,0.0,24,0.2,125,0.7056,0.4173476782334472,0.43857551570565695,-0.019831817091906692,1.0,0.09551949050425251,0.3597614513710141,0.46875,0.07885169999644859,0.020972900005290285,0.5429991999990307,,B,0.3867128686443929,0.8451177994906683,2.0618208370472906,205.73124611881704,0.9220221609908146,0.49653453558411137,0.484038341001498,0.3324766719057531,2.501932454589979,0.621707885198134,0.593784587967624
balance,P2_Full,,main,clean,0.0,25,0.05,31,0.6608,0.3141313812787371,0.35303330411199885,-0.026214106875368074,1.0,0.08265376319145396,0.34450415404219376,0.5263157894736842,0.11621870000089984,0.020106900003156625,0.16086649999488145,,B,0.3629337702089791,0.8488586237587226,2.1217971157799607,222.4784011381042,0.920485019470881,0.473903291695692,0.4704347040314972,0.33230975914019767,2.5023101357204736,0.5814625207649107,0.6584054909617953
balance,P2_Full,,main,clean,0.0,25,0.1,62,0.6768,0.3820422421124425,0.4064928392966299,-0.021193239015995926,1.0,0.08507987174792309,0.36014560345680485,0.5806451612903226,0.10473700000147801,0.01990980000118725,0.3110847999996622,,B,0.367605621692763,0.8432862471927932,2.0916707040665314,218.35773928550122,0.919180118886207,0.48428341695562815,0.4772066030206264,0.3334866370279524,2.499655225252835,0.5887229275429215,0.6461343063972358
balance,P2_Full,,main,clean,0.0,25,0.15,93,0.704,0.42129781061380367,0.4436837023524157,-0.017797068621318905,1.0,0.08985953507141084,0.36216926959253126,0.45161290322580644,0.08355540000047768,0.020331899999291636,0.4384498999934294,,B,0.3782865900052538,0.8437114486271481,2.0732676675259527,212.9753501729579,0.9206247063491266,0.49212342840448603,0.48140926841600423,0.3323135465193454,2.5023015616381032,0.6042617908155857,0.621533727406968
balance,P2_Full,,main,clean,0.0,25,0.2,125,0.7296,0.42686459627210344,0.4763348568904062,-0.019260529772104452,1.0,0.09372358564289304,0.36889425199478865,0.40625,0.07626080000045476,0.020092099999601487,0.5587271999975201,,B,0.3909644136379961,0.8467596451000452,2.031536311162097,207.99306805541394,0.924314677294715,0.5061005780448804,0.49128207304412236,0.33318465655664586,2.500334672021419,0.6162433542851279,0.6009780001556358
balance,P2_Full,,main,clean,0.0,26,0.05,31,0.6016,0.22342173799303744,0.2637046691520178,-0.020534682073469302,1.0,0.08324174085423428,0.3655902994306464,0.47368421052631576,0.10719719999906374,0.025079699997149874,0.1562017999967793,,B,0.358724920647634,0.8504105598074918,2.1299538858796336,219.89837635699965,0.9207753086493083,0.47038580230839483,0.46862689222442566,0.33275757284969454,2.5012977025857923,0.5833601359254744,0.6558815996318255
balance,P2_Full,,main,clean,0.0,26,0.1,62,0.688,0.38506340549259843,0.4150880393807466,-0.022361720974576067,1.0,0.08491482888905505,0.3625636043087129,0.41935483870967744,0.09148370000184514,0.018844000005628914,0.2900638999999501,,B,0.37217301417874293,0.8464458697498242,2.097512455794294,221.0707704221733,0.920501958022858,0.48228001521273955,0.47587284518127765,0.3334071462233351,2.4998339577656674,0.5882656177491012,0.6469956122026583
balance,P2_Full,,main,clean,0.0,26,0.15,93,0.7104,0.39076891436959865,0.4417447931810961,-0.01927903133080704,1.0,0.09006087907692531,0.3587793006050971,0.45161290322580644,0.0850265999979456,0.019248700002208352,0.4181670999969356,,B,0.375233247797155,0.8454395527388374,2.07872051457928,211.25631850979826,0.9211187125847902,0.4896411804378176,0.4801417802341752,0.3327812999753481,2.501244135468308,0.6050332814450698,0.6201108960439365
balance,P2_Full,,main,clean,0.0,26,0.2,125,0.7184,0.38101070700291556,0.4428740857937098,-0.018762678531814764,1.0,0.0945425725168799,0.3686358127743006,0.40625,0.0725901999976486,0.019547899995814078,0.532757799999672,,B,0.3871798138310486,0.8405018937156614,2.04433674426946,205.97966095811785,0.9205260044976368,0.5017245197840514,0.4881941622057628,0.334636025090976,2.497080353742648,0.6190286051700313,0.5980271451175648
balance,P2_Full,,main,clean,0.0,27,0.05,31,0.6496,0.32124734189554943,0.34619151279476285,-0.021391515619557742,1.0,0.08210177928366837,0.36880549631620707,0.3157894736842105,0.10131170000386192,0.01937329999782378,0.14502559999527875,,B,0.3623202639771242,0.8400893730950161,2.105377539233448,222.10232181797713,0.9169341713742551,0.48054841486487926,0.47411630880877875,0.3327788973120515,2.501249559450194,0.579742456211781,0.6600335686014156
balance,P2_Full,,main,clean,0.0,27,0.1,62,0.6464,0.3068116031124427,0.335639546012601,-0.018446415049471095,1.0,0.08498800942654935,0.3588078502685793,0.45161290322580644,0.0938185000049998,0.018788200002745725,0.2814199999993434,,B,0.3715911914328292,0.8459146221696467,2.0959951518292677,220.72516771110054,0.9203149592564109,0.48285137846550424,0.4762185532548628,0.3332481646141005,2.5001916785933345,0.5883086747263413,0.6470608102286401
balance,P2_Full,,main,clean,0.0,27,0.15,93,0.6896,0.3761434613964994,0.413152241908667,-0.017934311450360726,1.0,0.08944309091316065,0.3566417684478144,0.45161290322580644,0.08295350000116741,0.019659099998534657,0.4075421999950777,,B,0.37587545693450264,0.8409122821189942,2.063641714327822,211.617882254125,0.9197777801871929,0.49573593184100145,0.4836631243471126,0.3323577934678862,2.5022014073792316,0.6030998510421041,0.6229397706004814
balance,P2_Full,,main,clean,0.0,27,0.2,125,0.728,0.4257641131668772,0.4678266173554497,-0.016023389762518422,1.0,0.09513301953297128,0.37068520579487085,0.46875,0.08092490000126418,0.019545400005881675,0.5432596999962698,,B,0.3844534215451313,0.8469662265057893,2.0527968776155836,204.52922026200986,0.9233056299042226,0.4988402341220532,0.48617442015978485,0.3324766719057531,2.501932454589979,0.6204707465028414,0.5962568934366789
balance,P2_Full,,main,clean,0.0,28,0.05,31,0.6352,0.2691085916490171,0.3133320843403814,-0.020863666591599956,1.0,0.08246027984142151,0.379353592270299,0.3684210526315789,0.1001237000018591,0.019177700000000186,0.1438001999995322,,B,0.36339363616623915,0.8368628568114753,2.1084662888208285,222.7602989699046,0.9151438125817425,0.47984753343267755,0.47341936926677863,0.33297081747326446,2.5008165487207403,0.5811131583262679,0.6584572826074813
balance,P2_Full,,main,clean,0.0,28,0.1,62,0.6624,0.3681440767231197,0.38694183073221816,-0.018244403477191928,1.0,0.08596003299986983,0.3538197009794174,0.41935483870967744,0.09199549999902956,0.019143600002280436,0.2839109999986249,,B,0.3663346750765698,0.843284603195883,2.108046503342677,217.60279699548246,0.9184132758957257,0.47939560650666757,0.47348645040173176,0.33296426888332453,2.500831315439446,0.5913633571620474,0.6430193066304093
balance,P2_Full,,main,clean,0.0,28,0.15,93,0.672,0.3567169506062118,0.38919650559679014,-0.019336079676631455,1.0,0.09046369968955058,0.3580474555492401,0.45161290322580644,0.09561650000250665,0.019647000000986736,0.4298860000053537,,B,0.3769003735153319,0.8477534188905418,2.083498171818863,212.19491028913185,0.9220285552645954,0.4878607836891469,0.4790366897411907,0.33245892935026516,2.5019725834664235,0.6060219864753676,0.6182424584277776
balance,P2_Full,,main,clean,0.0,28,0.2,125,0.7216,0.4175767166164741,0.46590833503152823,-0.016841890334180785,1.0,0.09426844657603389,0.3676890330389142,0.375,0.07594149999931687,0.021839000000909436,0.5527090000032331,,B,0.39010275087377144,0.8388072021947994,2.03492206625991,207.5346634648464,0.9204774809008818,0.5066620830341305,0.4904615320526105,0.3324766719057531,2.501932454589979,0.6180456279824876,0.5983349144213489
balance,P2_Full,,main,clean,0.0,29,0.05,31,0.6864,0.40959345302023126,0.42489641365628555,-0.01634459685163689,1.0,0.08211369643697392,0.3951275536888524,0.3684210526315789,0.10631370000191964,0.018693700003495906,0.14931069999875035,,B,0.3652227147256703,0.8356593012117182,2.099142655492025,223.8815241268359,0.9150859820062675,0.48330499614629113,0.4755293846548182,0.3324217125675719,2.502056771710368,0.5799180574434224,0.6600665995144592
balance,P2_Full,,main,clean,0.0,29,0.1,62,0.6752,0.35147335812558894,0.3890181522683297,-0.021900144534088443,1.0,0.08587219338929997,0.3558426441684846,0.45161290322580644,0.1036759999988135,0.01903880000463687,0.303157000002102,,B,0.3637036050996947,0.8524602523649742,2.10962814920472,216.03994142921863,0.9226713039658017,0.47587889179877785,0.4731302003777685,0.3343723917079735,2.497669383596536,0.5911138688972284,0.643430691480477
balance,P2_Full,,main,clean,0.0,29,0.15,93,0.7024,0.41384615465889074,0.4423283211951564,-0.020216516555692378,1.0,0.09163356490469687,0.3579890151177683,0.45161290322580644,0.08761729999969248,0.020206199995300267,0.43525709999812534,,B,0.37042460264864707,0.8477013238775681,2.100957400856322,208.5490512911883,0.9210944608441354,0.4819026588751633,0.47504104588665325,0.3322503365928585,2.5024446854251092,0.6097887567950584,0.6133667589059445
balance,P2_Full,,main,clean,0.0,29,0.2,125,0.7376,0.4154095730854055,0.47715227837271906,-0.018796399096752535,1.0,0.09478584796002214,0.3562562568113208,0.4375,0.07650850000209175,0.019722899996850174,0.5555418000003556,,B,0.3869868125439574,0.8464096261234325,2.044065009657595,205.87698427338535,0.9233924713832393,0.5012218104350332,0.48825931228260366,0.3334749302635119,2.499681542185045,0.6194989868166116,0.5968966597831233
balance,P2_Full,,main,clean,0.0,0,0.05,31,0.664,0.36140414518607905,0.3827207410257003,-0.0257792942778851,1.0,0.08192614044183094,0.35427819584545334,0.5789473684210527,0.10990070000116248,0.0313077999962843,0.1659938999946462,,C,0.3255280335865605,0.8382095908648535,2.100269421800928,223.09670627720095,0.9162640284133527,0.4824416846816861,0.47527339292091914,0.332832208467944,2.5011292286007176,0.5791490662562052,0.6609372810312968
balance,P2_Full,,main,clean,0.0,0,0.1,62,0.6768,0.4014823504964615,0.4154029494439283,-0.01904820930344616,1.0,0.08516123228938813,0.3462855556318837,0.4838709677419355,0.0943738000059966,0.019059400001424365,0.30436399999598507,,C,0.33081305996203986,0.8389401871464689,2.0883456139343615,219.50024426857186,0.9173537183113959,0.48685969377250465,0.47796910238409845,0.3323680878486949,2.502178109571724,0.5889815725149716,0.6453815626247089
balance,P2_Full,,main,clean,0.0,0,0.15,93,0.704,0.4067445395271708,0.44307899568140263,-0.02033878673850278,1.0,0.09012259939748204,0.37381594027242354,0.41935483870967744,0.08696390000113752,0.019989000000350643,0.43615809999755584,,C,0.3380373816294152,0.8349549024536225,2.0687037777534036,213.6028386710975,0.9166111364803512,0.49475104223428007,0.48247525942958275,0.3324905343135086,2.501901104541739,0.6051208949282667,0.6200196182955006
balance,P2_Full,,main,clean,0.0,0,0.2,125,0.7344,0.4294695960315741,0.4873882616920896,-0.01732947697727876,1.0,0.09551526106820729,0.3597308425232768,0.4375,0.08297909999964759,0.020139000000199303,0.5656980999992811,,C,0.35011008141773103,0.8491901618762309,2.062140103634245,205.54561191180932,0.9239060805787344,0.4954313301575485,0.48396310919539737,0.3326536680684763,2.5015323713446556,0.6216665895997786,0.5937571608773664
balance,P2_Full,,main,clean,0.0,1,0.05,31,0.648,0.31637720610743075,0.3520829171163959,-0.018879349869024637,1.0,0.0824816015092295,0.38690024457479777,0.3684210526315789,0.1015043000006699,0.019686500003444962,0.144754599998123,,C,0.3272807178542081,0.8496451487641103,2.12278476298859,221.27901347484567,0.9207996722674798,0.4732439486886668,0.4702150692701043,0.33307743978504945,2.5005762028233938,0.580860427130579,0.6588509336797189
balance,P2_Full,,main,clean,0.0,1,0.1,62,0.6864,0.3706203640022181,0.40662889307100153,-0.02165753359966427,1.0,0.08445257291858523,0.3506488723139609,0.4838709677419355,0.09076560000539757,0.018881099997088313,0.2776270999966073,,C,0.3319282601858486,0.836150621223859,2.0790617314537396,220.97496450873865,0.9164684121854241,0.4901928317427383,0.48011096507959433,0.3328961339079383,2.500984990619137,0.587078695909374,0.6485109936606572
balance,P2_Full,,main,clean,0.0,1,0.15,93,0.7072,0.4173861587278749,0.4426775187516954,-0.023538404607924602,1.0,0.09051657545626127,0.34740562400510233,0.41935483870967744,0.08617460000095889,0.019156199996359646,0.40676479999820003,,C,0.3363290554171817,0.8410719389339467,2.075390036440579,210.9777001434184,0.9191051283437108,0.49099692581873366,0.4809151422490493,0.3328697938724297,2.5010444161713603,0.6062139890309487,0.6182999012515873
balance,P2_Full,,main,clean,0.0,1,0.2,125,0.728,0.45424863775896374,0.476027381694255,-0.01921128623058923,1.0,0.09365440633407258,0.36377250868827105,0.4375,0.07882420000532875,0.020014900001115166,0.530468999997538,,C,0.3501889298279219,0.842748733121037,2.031560895112637,207.16331505476285,0.9225197508596573,0.5072837842382563,0.49127610524287507,0.332391713747646,2.5021246458923514,0.6163900015870385,0.6010258401377887
balance,P2_Full,,main,clean,0.0,2,0.05,31,0.6192,0.23285550441636882,0.2744554603061095,-0.02965706339865877,1.0,0.08156110106255303,0.36784282326698303,0.3684210526315789,0.09794030000193743,0.01903649999439949,0.1411934000061592,,C,0.32602911061232687,0.8373942527166017,2.095946013416092,223.65766829537975,0.9161392085538183,0.4842692042119245,0.47625713265067915,0.3326136327287848,2.5016228302158967,0.5783617465979416,0.6619754012132806
balance,P2_Full,,main,clean,0.0,2,0.1,62,0.6592,0.317095825105375,0.36308902252604724,-0.02115312639683489,1.0,0.08532579360781208,0.3500582614252644,0.41935483870967744,0.09007050000218442,0.019439200004853774,0.2749009000035585,,C,0.3291935725182555,0.8494297455737781,2.1016376215266486,215.72835999042883,0.9216469379860327,0.4796245625502375,0.4749354757849812,0.3339181585387319,2.498686447883013,0.5895953833415448,0.6451064821207659
balance,P2_Full,,main,clean,0.0,2,0.15,93,0.6992,0.3824575153868317,0.43045417218528714,-0.01988734546893393,1.0,0.0891617656207448,0.3619829329752153,0.41935483870967744,0.08611129999917466,0.02568780000001425,0.4118503000063356,,C,0.33583399796002816,0.8313636088919796,2.050189906751876,213.12723916152675,0.9158998412067869,0.5012929401498961,0.4868482336189229,0.3331099915930798,2.500502855841667,0.6021468702369553,0.6235613025568794
balance,P2_Full,,main,clean,0.0,2,0.2,125,0.7312,0.4107036366754862,0.4781255786437109,-0.024708443474357085,1.0,0.09512221687636385,0.34098375402390957,0.5,0.07220799999777228,0.020307700004195794,0.5283460000064224,,C,0.34649957113304697,0.8339529159284691,2.0351439827069138,207.14274027776517,0.9180088456774984,0.5062174395836974,0.49040784572709284,0.33282358438469056,2.501148691767709,0.6203711487713618,0.5954846194007781
balance,P2_Full,,main,clean,0.0,3,0.05,31,0.6496,0.34612174538113083,0.3624461767876477,-0.022673316284787706,1.0,0.0822285122670973,0.3614370650366733,0.42105263157894735,0.09762570000020787,0.019086799999058712,0.14033190000191098,,C,0.3234870021546387,0.8372875626235137,2.1020245047262214,221.94204567470877,0.9156436977172575,0.4815620511690961,0.4748751996565507,0.3330987642474064,2.5005281521078073,0.5802014875905249,0.659957549994496
balance,P2_Full,,main,clean,0.0,3,0.1,62,0.6672,0.35961568834017354,0.38072380570854736,-0.02314678289495478,1.0,0.08524387428114369,0.3538300318102683,0.41935483870967744,0.09619620000012219,0.01975020000099903,0.27991219999967143,,C,0.3292859244292204,0.8418636239340659,2.0941247099036944,217.72825022433463,0.9184925711120633,0.4845750806003512,0.4766454109991755,0.3322261399833069,2.5024994872846595,0.5893411327938523,0.6449520930159811
balance,P2_Full,,main,clean,0.0,3,0.15,93,0.7072,0.4021709048085397,0.43741145388224995,-0.020172806678917497,1.0,0.08931867995871233,0.37250727703494413,0.41935483870967744,0.08178839999891352,0.019233900005929172,0.4053377000018372,,C,0.34230628711897854,0.8501201836530425,2.0759184198897467,212.441744176702,0.9236151576124624,0.4903593809408331,0.4807922820329407,0.33256638622529283,2.501729610552525,0.6027486855637432,0.6236398155781002
balance,P2_Full,,main,clean,0.0,3,0.2,125,0.728,0.42018803742880584,0.4643550198504543,-0.021542041675652386,1.0,0.09382150120801537,0.3661326849833131,0.5,0.07237990000430727,0.019608299997344147,0.5215604999975767,,C,0.35030259178210343,0.8447562774997467,2.0417979488829743,206.7380759490803,0.9229758686022054,0.5038502674549759,0.4888035301632132,0.33273154638007446,2.501356469561887,0.61676867678365,0.6002266075850454
balance,P2_Full,,main,clean,0.0,4,0.05,31,0.6592,0.35178478348970554,0.37629980520439843,-0.028452044794839426,1.0,0.08240968341722021,0.3392206226524554,0.42105263157894735,0.09960059999866644,0.01993429999856744,0.14319180000165943,,C,0.324427217638421,0.8445124558650805,2.119279413814979,220.68286425968174,0.9184231437422874,0.47534796622083847,0.470995521195618,0.33297081747326446,2.5008165487207403,0.5806858924902303,0.6594476648401174
balance,P2_Full,,main,clean,0.0,4,0.1,62,0.6736,0.3480986817038132,0.39203267952466536,-0.019672877550619687,1.0,0.08500154360938827,0.3565354501047442,0.45161290322580644,0.09534310000162804,0.01878469999792287,0.28163479999784613,,C,0.33412249604967204,0.8515778878998077,2.100948484812318,218.40606844071556,0.9227489047667609,0.4795176127052357,0.4750918135509589,0.3340657843187354,2.4983555986130943,0.5887813285069456,0.6464269698879654
balance,P2_Full,,main,clean,0.0,4,0.15,93,0.7136,0.4175612493336845,0.45552965258960454,-0.020750372734137056,1.0,0.08926880694380389,0.3670523099360927,0.41935483870967744,0.08345890000055078,0.02037400000699563,0.4100786999988486,,C,0.3401127715994208,0.836119032829329,2.0575218726945605,214.615033682515,0.9177673527367993,0.4982172202000685,0.48510701233790515,0.3330088557107008,2.5007307860220562,0.6026492259362465,0.6233627456145001
balance,P2_Full,,main,clean,0.0,4,0.2,125,0.7248,0.4498750723468103,0.47318428517459254,-0.02297561435106042,1.0,0.0945747275496756,0.35239603463560343,0.4375,0.072874800003774,0.02102730000478914,0.5280841999992845,,C,0.3475568403345025,0.8442229219408529,2.044206645324081,205.24720321475186,0.9223065450920044,0.501252328802212,0.48822535208239254,0.33438115061665463,2.497649798856659,0.6191447954356559,0.5970048354526409
balance,P2_Full,,main,clean,0.0,5,0.05,31,0.672,0.3728305952276992,0.39089625260957434,-0.01846585169917532,1.0,0.08248609132312873,0.37860580965092305,0.3684210526315789,0.10131460000411607,0.018426199996611103,0.1431287000013981,,C,0.3289441216203263,0.8473510872053018,2.119786856539621,223.0057845122714,0.9198591195543533,0.47499868175654514,0.4708823813275182,0.33240571922080414,2.5020929561200926,0.5807708741774171,0.6592312647992414
balance,P2_Full,,main,clean,0.0,5,0.1,62,0.6816,0.38373791197845386,0.404869340247233,-0.0215701046648938,1.0,0.08579048515256575,0.3419949566164324,0.45161290322580644,0.09339030000410276,0.018926899996586144,0.27899100000649923,,C,0.3306778359593632,0.8433625988785718,2.101116429444845,218.25997929041796,0.9188094011816664,0.481665309580864,0.47505370412932935,0.33243054490946566,2.5020367903258864,0.5908859832775888,0.643514658084156
balance,P2_Full,,main,clean,0.0,5,0.15,93,0.6976,0.40534721780778804,0.4268603271616187,-0.026652388792711555,1.0,0.08957797187704826,0.3580283849470077,0.4838709677419355,0.0872488999957568,0.019165999998222105,0.40995070000644773,,C,0.3384882455827281,0.8395317390639173,2.0680014939356663,212.72169368343526,0.9188413143403149,0.49423839215150456,0.4826397100760099,0.33299621372540344,2.5007592870294792,0.6035920943022615,0.6221579875525318
balance,P2_Full,,main,clean,0.0,5,0.2,125,0.712,0.3995254604377797,0.43989224882479505,-0.021152536632472102,1.0,0.09306253615049057,0.35292076505720615,0.4375,0.07539839999662945,0.02185989999998128,0.5329289000001154,,C,0.3501338758849238,0.842177237524013,2.024966645740229,207.27130395072834,0.9226939607031405,0.510171802317668,0.49288206537275764,0.3322217974314317,2.5025093233883857,0.6143615824309903,0.6039748458378208
balance,P2_Full,,main,clean,0.0,6,0.05,31,0.624,0.33604987034498,0.33416479318740383,-0.02991739709771908,1.0,0.0823042453375181,0.33708372084718,0.42105263157894735,0.1011480000015581,0.019185999997716863,0.14367180000408553,,C,0.32562439996034426,0.8335634045003855,2.0982260580728997,224.40663325981066,0.914135422316013,0.48410037211926826,0.4757378306004833,0.3322457857531267,2.502454991816694,0.580083857031852,0.6595677141733725
balance,P2_Full,,main,clean,0.0,6,0.1,62,0.6832,0.3786173538216162,0.4099281676753287,-0.018377985966391903,1.0,0.08520052417362374,0.35082938113520223,0.4838709677419355,0.09305179999500979,0.018669899996893946,0.27836820000084117,,C,0.3343667309781561,0.8524300324321611,2.1062952465431732,218.34722513010112,0.9230147257833758,0.47831340288644125,0.4738815277692651,0.3334412137110282,2.4997573476824577,0.5889579435953,0.6460231505804297
balance,P2_Full,,main,clean,0.0,6,0.15,93,0.7216,0.4412689379070228,0.47163875669386773,-0.016788208538971987,1.0,0.08989936725327674,0.3714728586135372,0.4838709677419355,0.08390100000542589,0.01904379999905359,0.40471960000286344,,C,0.33902221789504294,0.8456210858508558,2.0801700950645965,211.5230338490767,0.921233036172645,0.489781591861315,0.47980595025508993,0.33256638622529283,2.501729610552525,0.6042626215921818,0.6212321435142135
balance,P2_Full,,main,clean,0.0,6,0.2,125,0.7232,0.4080724580791785,0.4569175960721429,-0.02206002378839647,1.0,0.09468847753826096,0.3456007558852434,0.53125,0.07636720000300556,0.019425499995122664,0.5272637000016402,,C,0.3471438008677863,0.8366260032170504,2.0370708801188004,206.86480244299773,0.9190637324222983,0.5045951670924139,0.48994217984052807,0.33438115061665463,2.497649798856659,0.6192363136858228,0.5974709858242252
balance,P2_Full,,main,clean,0.0,7,0.05,31,0.6544,0.355485952476717,0.37577115403769346,-0.016034375521518995,1.0,0.08250984319408007,0.39763563087112025,0.42105263157894735,0.09851760000310605,0.0185910000000149,0.14043369999853894,,C,0.32822649802524895,0.8428567350546665,2.112365993546446,223.70581185325324,0.9179422411944487,0.4778156172706648,0.4725423584534379,0.3323790636428579,2.502153271207917,0.5810274559002503,0.6587506169552833
balance,P2_Full,,main,clean,0.0,7,0.1,62,0.672,0.3565086165273706,0.3773209149378183,-0.02421219222895549,1.0,0.08586986922913223,0.36063189083530056,0.41935483870967744,0.09321519999502925,0.01887440000427887,0.27618199999415083,,C,0.33070768776599746,0.8410475477822087,2.1136691179653004,218.88051502321832,0.9172186278049761,0.47920669961354434,0.4722224335031169,0.3322829191294621,2.5023709032500596,0.5909556372161084,0.6432536470877526
balance,P2_Full,,main,clean,0.0,7,0.15,93,0.6944,0.42383971548238597,0.4194835596358546,-0.02544259581252177,1.0,0.08827616720717764,0.32819167740883365,0.5483870967741935,0.08399379999900702,0.019108300002699252,0.4035317999951076,,C,0.34092801541432705,0.8335284726465948,2.0486253017609,215.79807223243864,0.9171870468823201,0.5025398370865254,0.48722141517152623,0.33285715188713233,2.5010729409977404,0.5994232425963146,0.6277819318755395
balance,P2_Full,,main,clean,0.0,7,0.2,125,0.7232,0.4286838682463929,0.4608762118253374,-0.019758138661589354,1.0,0.091087812759882,0.35636700224131346,0.46875,0.07559249999758322,0.019506399999954738,0.5225093999979435,,C,0.35568092641423094,0.8385396620300049,1.9983364126614283,211.46841723383153,0.9225414404190101,0.5202626195704831,0.4994754073625413,0.33271738668705664,2.501388445579317,0.6084434396883703,0.612280815264006
balance,P2_Full,,main,clean,0.0,8,0.05,31,0.656,0.33546182592241475,0.3699539827615816,-0.028675176506895234,1.0,0.08285245010902152,0.3544261973155172,0.3684210526315789,0.09769810000580037,0.018501200000173412,0.14047560000472004,,C,0.3219493298283333,0.8436829841101456,2.112615277314215,219.21265640723604,0.9181174000786219,0.47617602949204785,0.4724864067298879,0.33380247150518716,2.49894592263711,0.5821224133669289,0.6572014123173956
balance,P2_Full,,main,clean,0.0,8,0.1,62,0.6832,0.37965174099831356,0.41353364581375995,-0.017906726544002792,1.0,0.0859231894463641,0.3638579893496729,0.3870967741935484,0.09124789999623317,0.01892740000039339,0.27412910000566626,,C,0.33132639754745546,0.8475576908618485,2.1129529094297816,217.60563099742913,0.9203549519915947,0.4775397430104087,0.4723830700736644,0.3325895265187002,2.5016773081125376,0.5912959213636987,0.6425354533915588
balance,P2_Full,,main,clean,0.0,8,0.15,93,0.7056,0.4060416929987169,0.44979934581729025,-0.026852711329537086,1.0,0.09033066078673821,0.36430241600159674,0.4838709677419355,0.08396979999815812,0.01968279999709921,0.4109634000051301,,C,0.3437633882633376,0.8534448511977445,2.092913385487394,212.514940842509,0.9243985789116541,0.48414353431994667,0.47687368296336513,0.332503176298806,2.5018725167766096,0.6055906742916048,0.6199269751709257
balance,P2_Full,,main,clean,0.0,8,0.2,125,0.728,0.44556964239382046,0.4902955443985008,-0.018981417207048677,1.0,0.09463567314932204,0.3578493958339095,0.5,0.07451710000168532,0.020601799995347392,0.531844800003455,,C,0.345001553609204,0.8368600132727105,2.0382736804615633,205.53073775966868,0.9192868681054014,0.5052523080713406,0.48965195003074463,0.3328873030032709,2.501004912907548,0.6194279399469348,0.5962992968090114
balance,P2_Full,,main,clean,0.0,9,0.05,31,0.6624,0.3607133097766402,0.39336635978356355,-0.022050231449586614,1.0,0.08213973707239898,0.375539431446477,0.42105263157894735,0.09805629999755183,0.019654600000649225,0.14281209999899147,,C,0.3258024940911001,0.8518020941068382,2.117018414770449,219.72177093168875,0.9221166813068098,0.47446410781716775,0.4715002947293902,0.3331520754032989,2.5004080522306857,0.5795933133099638,0.6609260756595442
balance,P2_Full,,main,clean,0.0,9,0.1,62,0.6944,0.4057159672429917,0.42915400576343493,-0.02151218633989898,1.0,0.08531217466053369,0.3327877925288293,0.4838709677419355,0.09269209999911254,0.019059899997955654,0.2776988999976311,,C,0.3292841417385626,0.8407217416192936,2.0899945250532306,218.02279203136098,0.9179675305520485,0.4849738421180012,0.4775906759414695,0.3336399407225714,2.4993107673456887,0.5895627144956656,0.6449639819304158
balance,P2_Full,,main,clean,0.0,9,0.15,93,0.7184,0.4014330963581392,0.4579250252346577,-0.018217377097710378,1.0,0.088781604990469,0.35059042803702817,0.5161290322580645,0.08939129999635043,0.019219499998143874,0.41183409999939613,,C,0.34300241393407166,0.8430728714703425,2.064007483581259,214.65320217147777,0.9207802703512852,0.4951814234353806,0.483577097558794,0.3334892511520009,2.4996493489262495,0.6010680758442468,0.6260107639162554
balance,P2_Full,,main,clean,0.0,9,0.2,125,0.7248,0.42158798968301603,0.4717080174013774,-0.016568485730035547,1.0,0.09269484151931247,0.38796146772801876,0.34375,0.0759911999994074,0.019908599999325816,0.5316899999961606,,C,0.3501843149481465,0.8332563090645653,2.0126377464004865,209.52055047762474,0.9189699547690746,0.5140443109040855,0.49591286992138095,0.33494753833736884,2.496385542168675,0.6134739004246207,0.6053167855569623
balance,P2_Full,,main,clean,0.0,10,0.05,31,0.64,0.3106693819366966,0.3456045695794271,-0.020911788780884604,1.0,0.08256572652072489,0.3715886159947044,0.47368421052631576,0.09793270000227494,0.018979399996169377,0.14072630000009667,,C,0.32603187898451585,0.8511416114948348,2.1265726600294004,220.0470917969766,0.92127694603461,0.47115473467147934,0.46937460156482597,0.33359988911279576,2.499400728713884,0.5814058972979529,0.6586650604417941
balance,P2_Full,,main,clean,0.0,10,0.1,62,0.6896,0.3899911735977295,0.420519595645352,-0.02313457826285589,1.0,0.08570315418844766,0.3428433181778077,0.5161290322580645,0.09454839999671094,0.01906799999414943,0.28630949999933364,,C,0.3290164373417714,0.8372906587908692,2.095017244903499,218.73823798283618,0.9161133028438944,0.48443834550171366,0.4764416285096065,0.3328734222494762,2.5010362296591957,0.5906829346796085,0.643369572035961
balance,P2_Full,,main,clean,0.0,10,0.15,93,0.7056,0.42490753945881865,0.44057687796123357,-0.02977028666430791,1.0,0.08964773248377991,0.3499447511088464,0.45161290322580644,0.08177539999451255,0.019253000005846843,0.4117866000015056,,C,0.34209005452884733,0.8424307645260561,2.0703484523518916,214.24541662443912,0.9201489611922562,0.493232047692786,0.4820905699489617,0.3324399663723191,2.502015477344894,0.6038460723325715,0.621829954789026
balance,P2_Full,,main,clean,0.0,10,0.2,125,0.7264,0.4511063666460002,0.48184232144103173,-0.019952862428618025,1.0,0.09446554103437367,0.34333079494535923,0.46875,0.07626149999850895,0.019538799999281764,0.5327214999997523,,C,0.34641779321967553,0.8402852291634373,2.0424446752833525,205.53321171377948,0.9207252613276715,0.5036480454681871,0.48864815749051105,0.3329581014683602,2.5008452231601774,0.6186888132038971,0.598076324256312
balance,P2_Full,,main,clean,0.0,11,0.05,31,0.6816,0.38272984628054546,0.41518709675697385,-0.022585703168323285,1.0,0.08192814325535237,0.34300529172545985,0.42105263157894735,0.1042922000051476,0.01861799999460345,0.1479923000006238,,C,0.3274243956014589,0.8393045369493761,2.10121384669423,224.1036104339572,0.9167643011780959,0.48202832088867154,0.4750590391072712,0.3326776061158558,2.5014782943127734,0.5792783354358838,0.6609628776861244
balance,P2_Full,,main,clean,0.0,11,0.1,62,0.6928,0.4013735361919374,0.4338649325607481,-0.02471511856284106,1.0,0.08499029921204283,0.32414733786736766,0.4838709677419355,0.09009530000184895,0.01939000000129454,0.281049899997015,,C,0.32882334254415796,0.8351517417885337,2.0792118792657983,219.16974810893424,0.9159096766156567,0.4898925575757509,0.480076172660394,0.3330948609194815,2.50053694707236,0.5884493210307643,0.6459622045331912
balance,P2_Full,,main,clean,0.0,11,0.15,93,0.7008,0.40187463332603557,0.4426960079415354,-0.02086045415278029,1.0,0.09051774022645095,0.37200375814591685,0.3870967741935484,0.09010880000278121,0.019301799999084324,0.41573829999833833,,C,0.3323897977681258,0.8339546540120198,2.0720291287132624,210.28609607159123,0.9159018405672055,0.4935229353619924,0.4816980905474818,0.33271809004886127,2.501386857153713,0.6062435320244781,0.6181818320995466
balance,P2_Full,,main,clean,0.0,11,0.2,125,0.7136,0.4229714021254876,0.455635045919875,-0.023235719591952662,1.0,0.09433896388377411,0.3608801206573844,0.46875,0.07935890000226209,0.020370400001411326,0.5418424999952549,,C,0.355227144803524,0.8519983121668393,2.0495047925390772,207.86240988566513,0.9259563073613198,0.4997104849091445,0.48695837896905814,0.33258994944989595,2.501676352257488,0.6183335054861793,0.5984822490545864
balance,P2_Full,,main,clean,0.0,12,0.05,31,0.6592,0.3333604177911433,0.36901483780895544,-0.027548894933608986,1.0,0.08269936146005073,0.3386278466174477,0.47368421052631576,0.10237939999933587,0.018879300005210098,0.14578869999968447,,C,0.32832229682787667,0.8452272689802492,2.117241341732916,223.14351345339853,0.9188944109940874,0.47596977535039686,0.47145047783503335,0.33225111686871595,2.5024429183447525,0.5812592848799987,0.6585695802601591
balance,P2_Full,,main,clean,0.0,12,0.1,62,0.6736,0.36218783409888816,0.3941310381792457,-0.021900521581144305,1.0,0.08598675409158238,0.33981879391977865,0.45161290322580644,0.09718450000218581,0.020590799998899456,0.2878074000036577,,C,0.3258557350814902,0.8381292337788747,2.097573167423028,216.42017306482052,0.9163550433975249,0.48326088425249714,0.47585902282864734,0.3327257964694727,2.5013694539249145,0.59167638081248,0.64203953455025
balance,P2_Full,,main,clean,0.0,12,0.15,93,0.68,0.3430635846722353,0.3878546956412501,-0.020167867986346462,1.0,0.08932050183391818,0.34916756806835053,0.45161290322580644,0.08526680000068154,0.020142699999269098,0.4182005000038771,,C,0.3444498161014877,0.8466343437049167,2.0696980336626223,214.65222050041996,0.922239810520119,0.49297521128024596,0.4822426298340876,0.3324399663723191,2.502015477344894,0.6026689844009802,0.623271412156543
balance,P2_Full,,main,clean,0.0,12,0.2,125,0.7072,0.3901482628252328,0.43345225640772117,-0.01778533507949711,1.0,0.0933687554701573,0.3584446767345071,0.46875,0.0768244000064442,0.0208173999999417,0.540723700003582,,C,0.35567581974899376,0.8438970160305986,2.0328507995043155,210.12292474311752,0.9230927353192628,0.5073299515157752,0.4909631809474411,0.3322288772779406,2.502493287303414,0.6151075324786424,0.603274548336283
balance,P2_Full,,main,clean,0.0,13,0.05,31,0.6624,0.3640871400916031,0.37877934232838345,-0.015565771988453728,1.0,0.08196490621757081,0.3784697918515456,0.3684210526315789,0.1051445999983116,0.018994600002770312,0.1484375,,C,0.32726155016750763,0.8418079013439358,2.1079537800288546,223.32604506768388,0.917670270033713,0.47955851988988785,0.47353486943761414,0.3325230037637676,2.501827684612178,0.5797725867501126,0.6605166234894858
balance,P2_Full,,main,clean,0.0,13,0.1,62,0.6736,0.3642481511806063,0.399723640596747,-0.025590461917394253,1.0,0.08582486450030513,0.35610960760424215,0.41935483870967744,0.09621530000003986,0.01976229999854695,0.2891124000016134,,C,0.33230017373566767,0.8505801404239807,2.1141504090642838,217.4696672094724,0.9217644780477575,0.4764047953582827,0.4721145471040471,0.33275986395716584,2.5012925297751085,0.5910744832009417,0.6431693962860285
balance,P2_Full,,main,clean,0.0,13,0.15,93,0.7008,0.39760975440740903,0.4348568393007882,-0.019413407564022503,1.0,0.08960442017050785,0.34993047002823124,0.4838709677419355,0.08753849999629892,0.026383999997051433,0.42822200000227895,,C,0.3424474420566207,0.8434728640109761,2.068715279008096,214.20426870722073,0.9207206201622845,0.4935103147656469,0.48247256716169845,0.33256006523264414,2.5017438987303278,0.6036030095498411,0.6224798480665094
balance,P2_Full,,main,clean,0.0,13,0.2,125,0.7184,0.41674519596315557,0.4585573480077416,-0.018025056060104377,1.0,0.09335617255075644,0.36722903698682785,0.5,0.07245049999619368,0.02025339999818243,0.545714300002146,,C,0.35721612548557813,0.8442220661305303,2.0232933285576853,210.95163873790966,0.9236199299698657,0.509686204375165,0.49329124938663,0.33254747037084237,2.501772370185859,0.6152463131777489,0.6022721829547437
balance,P2_Full,,main,clean,0.0,14,0.05,31,0.648,0.3747924221323345,0.36820900680826624,-0.029121581400255985,1.0,0.08254407889929802,0.35942045011018453,0.42105263157894735,0.10158330000558635,0.01929329999984475,0.1451803999952972,,C,0.3257455652867348,0.8387752732424575,2.1155888289185456,223.09522875798976,0.9157581283196095,0.47748789298878797,0.47182001000953444,0.33329068440861936,2.5000959723599605,0.5809271765660207,0.6588115514233265
balance,P2_Full,,main,clean,0.0,14,0.1,62,0.6656,0.36694188240995224,0.38743574900835076,-0.0207962674977499,1.0,0.08544373989094256,0.3454897182603036,0.41935483870967744,0.11127409999608062,0.02297760000510607,0.3036236999978428,,C,0.3330765464661335,0.8511969096006144,2.1121405888363105,217.81980996781226,0.9222522263923356,0.47751237290172965,0.47256539522147584,0.33245325656792774,2.501985414674136,0.5899059259088899,0.6445744051375787
balance,P2_Full,,main,clean,0.0,14,0.15,93,0.656,0.37668760745516455,0.3730444818097724,-0.015782044865264702,1.0,0.08848942006236543,0.36054256558418274,0.45161290322580644,0.08408620000409428,0.019207500001357403,0.43037299999559764,,C,0.34966468258321964,0.8496034681779515,2.0619731810253548,217.14048448148094,0.9241305002773871,0.49553690631388425,0.4840559407804538,0.3322250526222638,2.502501950189311,0.6001865201416061,0.6270301920341778
balance,P2_Full,,main,clean,0.0,14,0.2,125,0.6944,0.398857659120021,0.4237374714149756,-0.019365366331163612,1.0,0.09334790137159016,0.35529183130711317,0.4375,0.07325570000102744,0.019613399999798276,0.5475709999955143,,C,0.3464862605453271,0.8489270394931844,2.024813186973071,203.4811570854464,0.9255114766470076,0.5069367602044718,0.4929195631894236,0.33457230647239566,2.497222633683899,0.6153057828758485,0.6016646653630765
balance,P2_Full,,main,clean,0.0,15,0.05,31,0.6496,0.37929148176045996,0.36514596115110975,-0.021020184495086924,1.0,0.08208587465111906,0.34785232889024836,0.42105263157894735,0.12494110000261571,0.023177899995062035,0.17256649999762885,,C,0.3260596278259805,0.8403043173762715,2.1026611122437022,222.9039800876993,0.917165678279964,0.4812989283172515,0.4747309304119434,0.3324217125675719,2.502056771710368,0.5798854810018801,0.6602704382631911
balance,P2_Full,,main,clean,0.0,15,0.1,62,0.672,0.3881079120369687,0.40111243824649323,-0.03134661171752932,1.0,0.08421844580713898,0.34809022757314867,0.4838709677419355,0.09414129999640863,0.019090999994659796,0.30961959999694955,,C,0.33838545806217807,0.8514849314733922,2.096812293998327,221.21678913401936,0.9231458807656326,0.48251635341232535,0.47603231043154476,0.3328393547617831,2.5011131013306036,0.5863558440618656,0.649391386987914
balance,P2_Full,,main,clean,0.0,15,0.15,93,0.6848,0.37818690610158423,0.4074298480772264,-0.026560438088408415,1.0,0.09022270595217198,0.33707525845496883,0.45161290322580644,0.0862182999990182,0.019584599998779595,0.4403383000026224,,C,0.3421008856696618,0.8495420288013485,2.0847817293717106,212.458758390764,0.9229015726140949,0.4875749900674179,0.47874066111490826,0.3321744846810743,2.5026165058704875,0.6053224375068781,0.6193575123503404
balance,P2_Full,,main,clean,0.0,15,0.2,125,0.7184,0.41868156600758916,0.45153730014152516,-0.018545072440905,1.0,0.0936692499690352,0.35316559951752424,0.53125,0.08184199999959674,0.02745609999692533,0.5781168000030448,,C,0.3495169455165348,0.8418061622199353,2.028157589153505,206.99730114502094,0.9222692438531309,0.5086360048048306,0.49210364061025613,0.33216515865936025,2.502637636677537,0.6162476133062915,0.6014878795132081
balance,P2_Full,,main,clean,0.0,16,0.05,31,0.6688,0.3739426417240446,0.397256929711571,-0.02360936572429195,1.0,0.0826758746882183,0.35335476147501094,0.42105263157894735,0.10437939999974333,0.019862799999827985,0.14926980000018375,,C,0.32597771899286493,0.8406472867020911,2.1086806499591497,222.75706672997796,0.91700395318295,0.4791676583385852,0.4733710769954007,0.3323790636428579,2.502153271207917,0.5813788014632684,0.6580922762980906
balance,P2_Full,,main,clean,0.0,16,0.1,62,0.6992,0.39330669177280025,0.4344831086317142,-0.017462370064689352,1.0,0.08574142799900526,0.35298518692293473,0.45161290322580644,0.10561479999887524,0.019197699999494944,0.29940679999708664,,C,0.3323816043358996,0.8455819329896328,2.102501531341858,218.80872960722414,0.9198083666427397,0.4806849035878912,0.4747396337086663,0.3327257964694727,2.5013694539249145,0.590657098710111,0.64374560938909
balance,P2_Full,,main,clean,0.0,16,0.15,93,0.7152,0.4187587976623372,0.4595465626144366,-0.019084573582823883,1.0,0.08989263059177574,0.3478260040283203,0.4838709677419355,0.08657769999990705,0.020637000001443084,0.4312461000008625,,C,0.3428879062274745,0.8474948534731721,2.080463748297804,213.46191831710402,0.9218403058148182,0.48749471106253905,0.4797379754665985,0.3349873264097394,2.4962968903313456,0.6044076883875459,0.622024663428052
balance,P2_Full,,main,clean,0.0,16,0.2,125,0.7248,0.44621346209182666,0.4768368435016327,-0.0185689939555201,1.0,0.09232168451952459,0.3689296003431082,0.46875,0.0736105999967549,0.01966779999929713,0.5496046999978716,,C,0.36314497051553934,0.8485095565269501,2.019678407111921,213.36925604043228,0.9257600992469833,0.509936738905752,0.4941775374569388,0.33402007844469933,2.4984580003815258,0.6122551395192323,0.6073656585107484
balance,P2_Full,,main,clean,0.0,17,0.05,31,0.6512,0.3565177200148257,0.3774858753963413,-0.017241813427451676,1.0,0.08282090536693731,0.35863029172545985,0.47368421052631576,0.09680529999604914,0.018488899993826635,0.1392312000025413,,C,0.32287036581212286,0.8531875927019303,2.1251558923263314,217.39074161528296,0.9221021266728185,0.469405380915611,0.4696886066495609,0.33527919052340893,2.4956472309233435,0.5821803181332184,0.6576164665964103
balance,P2_Full,,main,clean,0.0,17,0.1,62,0.6672,0.3540343729473415,0.38051200590385803,-0.020661799440753987,1.0,0.08598202806406416,0.36394927866997256,0.45161290322580644,0.11778269999922486,0.020702000001620036,0.3021447999999509,,C,0.3253587241734606,0.8353448618530133,2.0961258582077917,216.810350124107,0.9151090688575352,0.48443193393282913,0.4761887529364728,0.3325554590310071,2.501754311080758,0.5915025296143954,0.6421083708958295
balance,P2_Full,,main,clean,0.0,17,0.15,93,0.6736,0.35374217446020445,0.38844654327416545,-0.01975318547635765,1.0,0.08965106990575185,0.36485719969195707,0.3870967741935484,0.09138949999760371,0.019991200002550613,0.43696559999807505,,C,0.33770645888694556,0.8387075046051334,2.0675047532727886,212.43895076525254,0.918532298320419,0.49490705392004364,0.4827560970634238,0.3324083614090757,2.5020869780177986,0.60378964249561,0.6213953864279225
balance,P2_Full,,main,clean,0.0,17,0.2,125,0.7184,0.4132609999148386,0.46435217681239055,-0.017590819952423505,1.0,0.09536637632985105,0.3535280516371131,0.46875,0.07654570000158856,0.019444300000031944,0.5575870999964536,,C,0.34223515113038255,0.8300046534369461,2.0394731081640045,205.56663847295115,0.915990738935961,0.5058143486717226,0.48936287491605274,0.33256870991036913,2.5017243581555757,0.6210247177887908,0.5947244893981105
balance,P2_Full,,main,clean,0.0,18,0.05,31,0.6208,0.32493525512493415,0.34128600680638055,-0.021373840998299806,1.0,0.08226728779257773,0.34619465313459696,0.3684210526315789,0.12152400000195485,0.018754199998511467,0.16549269999813987,,C,0.32726287043026825,0.8386285681397133,2.1032345928283687,224.1736030586723,0.9163233443599913,0.48146549438530845,0.47460104189059527,0.3324217125675719,2.502056771710368,0.5801728144432613,0.6598036193256608
balance,P2_Full,,main,clean,0.0,18,0.1,62,0.6656,0.32463055708427846,0.372813214088412,-0.028124948636314172,1.0,0.08565384255415572,0.3428265731180868,0.45161290322580644,0.09625159999995958,0.01976029999786988,0.3054312000022037,,C,0.3287942278975528,0.8357634812891224,2.092433464142061,218.98993467315046,0.91558054182644,0.4859885070860992,0.4770320309617594,0.3322829191294621,2.5023709032500596,0.5903640278231954,0.6437051338248866
balance,P2_Full,,main,clean,0.0,18,0.15,93,0.696,0.40897163460025654,0.42530619068052344,-0.01892415926279308,1.0,0.08822331594436773,0.35961930213436005,0.5483870967741935,0.08052360000147019,0.020020399999339134,0.43051440000272123,,C,0.34571362059305083,0.8381081532781791,2.0504599521854696,217.631489644234,0.9191038617665603,0.5003075209065737,0.486783881398783,0.33386851071092205,2.4987977811014974,0.599288683399958,0.6285544269174714
balance,P2_Full,,main,clean,0.0,18,0.2,125,0.7024,0.38626502347930486,0.4195951915596972,-0.018061695923108093,1.0,0.09437405396719742,0.34675889927893877,0.46875,0.08715019999362994,0.020334699998784345,0.5630240000027698,,C,0.34500286484551146,0.8392122596494876,2.037033603442086,204.95543012913802,0.9205680297906674,0.5059824210715734,0.4899511799950241,0.3321439191198335,2.502685765443151,0.6185436807827429,0.5974570784827185
balance,P2_Full,,main,clean,0.0,19,0.05,31,0.648,0.3187094198881753,0.3498506223263802,-0.019910134540498257,1.0,0.08251591039354994,0.37034581836901215,0.47368421052631576,0.10299919999670237,0.0194645000010496,0.14585790000273846,,C,0.3291319475386053,0.8525292266037184,2.1207468922055046,221.77784167286916,0.9223346359703575,0.4733508054444036,0.4706684790613372,0.3327362483873375,2.5013458518922036,0.5806728934147574,0.6593385277608491
balance,P2_Full,,main,clean,0.0,19,0.1,62,0.6832,0.3967018135040544,0.4065174087237808,-0.0241996137733287,1.0,0.08501767753023062,0.33738422489935355,0.4838709677419355,0.09036850000120467,0.01932910000323318,0.2787674000064726,,C,0.33074813121233476,0.835518277299002,2.0848386856968024,220.35596147173086,0.9158966983139734,0.48867691616464154,0.4787759356556524,0.33243054490946566,2.5020367903258864,0.5885147579978333,0.6461427984687631
balance,P2_Full,,main,clean,0.0,19,0.15,93,0.6928,0.4078476505138598,0.4131574746926423,-0.017796529989413844,1.0,0.08821912660005905,0.36567743074509407,0.45161290322580644,0.09756930000003194,0.01978370000142604,0.4206740000008722,,C,0.3427440141515257,0.8451369696053441,2.0569642319244443,213.9676361809194,0.9222468604972492,0.49792316923798324,0.48523900670469977,0.3323388304899401,2.50224432736748,0.5995308340764647,0.6280174426301348
balance,P2_Full,,main,clean,0.0,19,0.2,125,0.7312,0.4541829604642499,0.4859306504419217,-0.020814202866307585,1.0,0.09181764388755136,0.34708651062101126,0.53125,0.07954520000203047,0.021711300003516953,0.5468409000022803,,C,0.3510815090928108,0.8453222115887193,2.006807075080972,207.0590528995674,0.9250914268342065,0.5157121527583829,0.4973591900646046,0.3324058734406638,2.5020926071862153,0.6110292801449208,0.6079411377296123
balance,P2_Full,,main,clean,0.0,20,0.05,31,0.6304,0.31537460668873424,0.3426030095182993,-0.021907756881109675,1.0,0.0830003657052043,0.3637666843439403,0.42105263157894735,0.11904250000225147,0.01860060000035446,0.16262950000236742,,C,0.3244468894235187,0.8388353570180169,2.110435992681214,222.18988111916883,0.9160057261261173,0.4788293988075745,0.47297599432774656,0.3323790636428579,2.502153271207917,0.5822012619958592,0.6568453496306883
balance,P2_Full,,main,clean,0.0,20,0.1,62,0.696,0.3922634713152492,0.42248341042209137,-0.0282698162406683,1.0,0.0855252691757778,0.33998428525463226,0.4838709677419355,0.09513639999931911,0.020104800001718104,0.30229179999878397,,C,0.32704796015704835,0.8368823633190476,2.0934059664419764,217.53562465285387,0.9160238797348826,0.48518062194973255,0.4768096399277897,0.33265766149408643,2.5015233494913636,0.5902657601498396,0.6441701329898488
balance,P2_Full,,main,clean,0.0,20,0.15,93,0.704,0.39886424010741933,0.4410355104707284,-0.0218650995667136,1.0,0.0879349320858579,0.3621440414459475,0.41935483870967744,0.08593390000169165,0.020780099999683443,0.43427800000063144,,C,0.346406829054861,0.8448808983097177,2.0456852380991974,216.31979545453618,0.9224993392622924,0.5003796444589474,0.48792420824114235,0.33377369582119176,2.499010491629422,0.5986865735704989,0.6291412291563111
balance,P2_Full,,main,clean,0.0,20,0.2,125,0.7136,0.42043207460480053,0.44335043112769595,-0.018872782515654392,1.0,0.09447041487326525,0.3482156079262495,0.46875,0.07769769999868004,0.021012600001995452,0.5582178000040585,,C,0.3448520952391394,0.8359187446626631,2.037081982236736,205.67303291926973,0.9189443964483313,0.5060032702393369,0.48993949938689235,0.33302182008694053,2.5007015604404947,0.6186159994773116,0.5974326117083427
balance,P2_Full,,main,clean,0.0,21,0.05,31,0.6624,0.37926997987078137,0.38670918463548903,-0.014182045256259114,1.0,0.08159767443321338,0.381710465017118,0.3684210526315789,0.11391500000172528,0.018524500002968125,0.15772870000364492,,C,0.3304100556331988,0.8415739266515608,2.1017723663757892,225.53729831631395,0.9179111470108633,0.48184758194068117,0.47493236390620647,0.33258697715083857,2.501683069919533,0.5780780547988225,0.6629245788399477
balance,P2_Full,,main,clean,0.0,21,0.1,62,0.6816,0.3933469628376608,0.41168964841415334,-0.0218902906675809,1.0,0.08528377343329838,0.33859475197330596,0.5483870967741935,0.09649379999609664,0.019725199999811593,0.2979854000004707,,C,0.33608737809981754,0.8508128579607015,2.107468875341848,219.88799440167568,0.922265426998128,0.4789458934644955,0.4736166886759714,0.3323680878486949,2.502178109571724,0.5895451098270065,0.645350296311873
balance,P2_Full,,main,clean,0.0,21,0.15,93,0.6864,0.3781646421700676,0.4098234752697451,-0.02151547518356529,1.0,0.0907822305508782,0.3518858551979065,0.41935483870967744,0.08466649999900255,0.019903600004909094,0.4274120000045514,,C,0.3420488000700584,0.8513747976831106,2.092601370247819,211.96911716857224,0.9233454115335263,0.48424232719942345,0.47694505204771115,0.33230090453404804,2.5023301820395276,0.6071884195832181,0.6172713798039655
balance,P2_Full,,main,clean,0.0,21,0.2,125,0.7232,0.4272855434064281,0.4609181673433896,-0.02259118271186285,1.0,0.09470484063224935,0.3571903295814991,0.46875,0.07782980000047246,0.021483199998328928,0.551799500004563,,C,0.3482332848963125,0.843295909492821,2.0453511855901394,205.87273454735796,0.9220437520150735,0.5025257622017525,0.48795109648199336,0.3322288772779406,2.502493287303414,0.619212470441792,0.597129042103211
balance,P2_Full,,main,clean,0.0,22,0.05,31,0.656,0.3372097897823154,0.36724246968481405,-0.015091716954507187,1.0,0.08259894940637644,0.35290813132336263,0.42105263157894735,0.10432120000041323,0.019232800004829187,0.14799340000172378,,C,0.3270392887842279,0.8461338670825932,2.1221114595833144,222.03336499725813,0.9191652746566289,0.4746425102737714,0.4703647775122796,0.3322777724466622,2.5023825567963036,0.5813352140664825,0.6581900709833819
balance,P2_Full,,main,clean,0.0,22,0.1,62,0.7056,0.40959419083633014,0.44930631818642774,-0.022577133662524604,1.0,0.08586697003169132,0.35011398119311177,0.45161290322580644,0.09593730000051437,0.019886800000676885,0.28822539999964647,,C,0.3333983114780159,0.8541742281506242,2.1159446003471714,217.27026401036903,0.9234831545664139,0.47528585336328144,0.47171279300213137,0.33248732405562087,2.501908364356706,0.5910601378973491,0.6428552795944658
balance,P2_Full,,main,clean,0.0,22,0.15,93,0.7168,0.40646999493757113,0.45277866261709654,-0.02163770482144603,1.0,0.09002127034131502,0.3604258827624782,0.45161290322580644,0.08553309999842895,0.020407199997862335,0.4198069000049145,,C,0.33184161385695454,0.8352372220224648,2.06228438326712,209.616910856949,0.9169187318573505,0.4957522010585585,0.48398262740244397,0.333628312990272,2.499336882590326,0.6048233254381686,0.6202859599727503
balance,P2_Full,,main,clean,0.0,22,0.2,125,0.736,0.4727637251565281,0.49954722755550635,-0.019484493022045697,1.0,0.09247680835236043,0.36384644731879234,0.4375,0.07688530000450555,0.021414299997559283,0.543706900003599,,C,0.35382013232997556,0.8312153687954773,2.0066677495662457,212.21570632447595,0.9184815434898439,0.5170267818319483,0.4973938531065763,0.33402007844469933,2.4984580003815258,0.612723397985128,0.6058414138932358
balance,P2_Full,,main,clean,0.0,23,0.05,31,0.68,0.3957152107094337,0.4177995039746371,-0.01749697045459376,1.0,0.08234611233409839,0.3791345295153166,0.3684210526315789,0.10565130000031786,0.019267199997557327,0.14956169999641133,,C,0.3235718710710461,0.8350295452085991,2.1073031771212767,222.60058827981777,0.9143159767636627,0.4806098865116088,0.4736815717455204,0.3334399556451183,2.4997601765100885,0.5802988107947009,0.6597084102592283
balance,P2_Full,,main,clean,0.0,23,0.1,62,0.7104,0.4239336594277123,0.4642036336022248,-0.02279112395531153,1.0,0.08544373138959015,0.35559130099511915,0.4838709677419355,0.09436370000184979,0.019876899998052977,0.2882675000000745,,C,0.3299839784759901,0.8419754147329862,2.093854140639744,218.1608433732698,0.918424120572457,0.4837772914277591,0.47670722135523286,0.33316867380948323,2.500370667030233,0.5897061839695094,0.6453322378961324
balance,P2_Full,,main,clean,0.0,23,0.15,93,0.696,0.4086071473773919,0.4293553059981816,-0.019239714479238335,1.0,0.0895302687444999,0.3500629682694712,0.41935483870967744,0.08461350000288803,0.020680900001025293,0.4184756999966339,,C,0.3374563118782424,0.8424968188590333,2.062736570518175,211.3268092782201,0.9203207904761156,0.49411047480640524,0.4838761400396694,0.334412116078709,2.497580568944334,0.6031255033737998,0.6236669682638113
balance,P2_Full,,main,clean,0.0,23,0.2,125,0.7184,0.4235251371713526,0.46119401076558564,-0.021205994121928133,1.0,0.09437007432820592,0.34222176391631365,0.4375,0.08307920000515878,0.022421099994971883,0.5497553999957745,,C,0.35203880477051225,0.846858654320661,2.0425997142623364,207.24695343289198,0.9238871506882901,0.5029895488114503,0.48861092479809126,0.33223595712444953,2.5024772519018903,0.6182423357716618,0.5982009190993396
balance,P2_Full,,main,clean,0.0,24,0.05,31,0.664,0.33530614757725913,0.36520117146952474,-0.023021607524031845,1.0,0.08214129584238343,0.34734286603174713,0.47368421052631576,0.10238540000136709,0.019561900000553578,0.14735250000376254,,C,0.3247890185138544,0.829410315804966,2.097379760602304,224.95170736147125,0.9121794019726782,0.48519397030527855,0.4759304512070597,0.33289085073942576,2.5009969091811732,0.5794033780747254,0.6606289628366603
balance,P2_Full,,main,clean,0.0,24,0.1,62,0.6832,0.35624796540111614,0.40026396484722626,-0.020058339489173335,1.0,0.08527682023779357,0.3527067149839094,0.4838709677419355,0.10268590000487166,0.020866099999693688,0.29570740000053775,,C,0.3305466964966464,0.8504885469255529,2.1009545551037947,216.34542294078278,0.9220981232547165,0.4789571290803164,0.47509043599504813,0.33497425065721864,2.4963260221031933,0.5892775577816072,0.6457951193409377
balance,P2_Full,,main,clean,0.0,24,0.15,93,0.6976,0.3888809129655665,0.4298588884799556,-0.011484879378178495,1.0,0.09036363420662658,0.3494428425065933,0.45161290322580644,0.0864371999996365,0.020513600000413135,0.42802510000183247,,C,0.3370866910495942,0.8405588145969604,2.0770960718190743,211.58204433055093,0.9188063803886819,0.4907613148630658,0.4805186782106049,0.3330088557107008,2.5007307860220562,0.605876479296017,0.6185287527040133
balance,P2_Full,,main,clean,0.0,24,0.2,125,0.7056,0.4173476782334472,0.43857551570565695,-0.019831817091906692,1.0,0.09551949050425251,0.3597614513710141,0.46875,0.07292629999574274,0.019702800003869925,0.5447714999972959,,C,0.3487457775017813,0.8451177994906683,2.0618208370472906,205.73124611881704,0.9220221609908146,0.49653453558411137,0.484038341001498,0.3324766719057531,2.501932454589979,0.621707885198134,0.593784587967624
balance,P2_Full,,main,clean,0.0,25,0.05,31,0.6608,0.3141313812787371,0.35303330411199885,-0.026214106875368074,1.0,0.08265376319145396,0.34450415404219376,0.5263157894736842,0.10227339999983087,0.019622899999376386,0.1465284999940195,,C,0.3287500521105001,0.8488586237587226,2.1217971157799607,222.4784011381042,0.920485019470881,0.473903291695692,0.4704347040314972,0.33230975914019767,2.5023101357204736,0.5814625207649107,0.6584054909617953
balance,P2_Full,,main,clean,0.0,25,0.1,62,0.6768,0.3820422421124425,0.4064928392966299,-0.021193239015995926,1.0,0.08507987174792309,0.36014560345680485,0.5806451612903226,0.09843759999785107,0.01983759999711765,0.289684399998805,,C,0.33079599812296007,0.8432862471927932,2.0916707040665314,218.35773928550122,0.919180118886207,0.48428341695562815,0.4772066030206264,0.3334866370279524,2.499655225252835,0.5887229275429215,0.6461343063972358
balance,P2_Full,,main,clean,0.0,25,0.15,93,0.704,0.42129781061380367,0.4436837023524157,-0.017797068621318905,1.0,0.08985953507141084,0.36216926959253126,0.45161290322580644,0.08711000000039348,0.020043899996380787,0.42033089999313233,,C,0.34057908419752775,0.8437114486271481,2.0732676675259527,212.9753501729579,0.9206247063491266,0.49212342840448603,0.48140926841600423,0.3323135465193454,2.5023015616381032,0.6042617908155857,0.621533727406968
balance,P2_Full,,main,clean,0.0,25,0.2,125,0.7296,0.42686459627210344,0.4763348568904062,-0.019260529772104452,1.0,0.09372358564289304,0.36889425199478865,0.40625,0.07126569999672938,0.01952049999817973,0.536037399993802,,C,0.3532648816685334,0.8467596451000452,2.031536311162097,207.99306805541394,0.924314677294715,0.5061005780448804,0.49128207304412236,0.33318465655664586,2.500334672021419,0.6162433542851279,0.6009780001556358
balance,P2_Full,,main,clean,0.0,26,0.05,31,0.6016,0.22342173799303744,0.2637046691520178,-0.020534682073469302,1.0,0.08324174085423428,0.3655902994306464,0.47368421052631576,0.11193650000495836,0.01931950000289362,0.15567010000086157,,C,0.3255316934727932,0.8504105598074918,2.1299538858796336,219.89837635699965,0.9207753086493083,0.47038580230839483,0.46862689222442566,0.33275757284969454,2.5012977025857923,0.5833601359254744,0.6558815996318255
balance,P2_Full,,main,clean,0.0,26,0.1,62,0.688,0.38506340549259843,0.4150880393807466,-0.022361720974576067,1.0,0.08491482888905505,0.3625636043087129,0.41935483870967744,0.10008859999652486,0.020353100000647828,0.2996809999967809,,C,0.3361608668092786,0.8464458697498242,2.097512455794294,221.0707704221733,0.920501958022858,0.48228001521273955,0.47587284518127765,0.3334071462233351,2.4998339577656674,0.5882656177491012,0.6469956122026583
balance,P2_Full,,main,clean,0.0,26,0.15,93,0.7104,0.39076891436959865,0.4417447931810961,-0.01927903133080704,1.0,0.09006087907692531,0.3587793006050971,0.45161290322580644,0.08572260000073584,0.019045200002437923,0.4279291999991983,,C,0.3385220476638958,0.8454395527388374,2.07872051457928,211.25631850979826,0.9211187125847902,0.4896411804378176,0.4801417802341752,0.3327812999753481,2.501244135468308,0.6050332814450698,0.6201108960439365
balance,P2_Full,,main,clean,0.0,26,0.2,125,0.7184,0.38101070700291556,0.4428740857937098,-0.018762678531814764,1.0,0.0945425725168799,0.3686358127743006,0.40625,0.07208040000114124,0.019439200004853774,0.5419067999973777,,C,0.34725978171445593,0.8405018937156614,2.04433674426946,205.97966095811785,0.9205260044976368,0.5017245197840514,0.4881941622057628,0.334636025090976,2.497080353742648,0.6190286051700313,0.5980271451175648
balance,P2_Full,,main,clean,0.0,27,0.05,31,0.6496,0.32124734189554943,0.34619151279476285,-0.021391515619557742,1.0,0.08210177928366837,0.36880549631620707,0.3157894736842105,0.1004386999993585,0.02006229999824427,0.14486249999754364,,C,0.3248038736869072,0.8400893730950161,2.105377539233448,222.10232181797713,0.9169341713742551,0.48054841486487926,0.47411630880877875,0.3327788973120515,2.501249559450194,0.579742456211781,0.6600335686014156
balance,P2_Full,,main,clean,0.0,27,0.1,62,0.6464,0.3068116031124427,0.335639546012601,-0.018446415049471095,1.0,0.08498800942654935,0.3588078502685793,0.45161290322580644,0.09694039999885717,0.019826700001431163,0.2853453999996418,,C,0.3354246903668548,0.8459146221696467,2.0959951518292677,220.72516771110054,0.9203149592564109,0.48285137846550424,0.4762185532548628,0.3332481646141005,2.5001916785933345,0.5883086747263413,0.6470608102286401
balance,P2_Full,,main,clean,0.0,27,0.15,93,0.6896,0.3761434613964994,0.413152241908667,-0.017934311450360726,1.0,0.08944309091316065,0.3566417684478144,0.45161290322580644,0.08033949999662582,0.01940949999698205,0.40883889999531675,,C,0.33728556103568114,0.8409122821189942,2.063641714327822,211.617882254125,0.9197777801871929,0.49573593184100145,0.4836631243471126,0.3323577934678862,2.5022014073792316,0.6030998510421041,0.6229397706004814
balance,P2_Full,,main,clean,0.0,27,0.2,125,0.728,0.4257641131668772,0.4678266173554497,-0.016023389762518422,1.0,0.09513301953297128,0.37068520579487085,0.46875,0.0696479000034742,0.019506699994963128,0.5223465999952168,,C,0.34746647479316456,0.8469662265057893,2.0527968776155836,204.52922026200986,0.9233056299042226,0.4988402341220532,0.48617442015978485,0.3324766719057531,2.501932454589979,0.6204707465028414,0.5962568934366789
balance,P2_Full,,main,clean,0.0,28,0.05,31,0.6352,0.2691085916490171,0.3133320843403814,-0.020863666591599956,1.0,0.08246027984142151,0.379353592270299,0.3684210526315789,0.10087340000609402,0.018710800002736505,0.1427481999999145,,C,0.3245149396657727,0.8368628568114753,2.1084662888208285,222.7602989699046,0.9151438125817425,0.47984753343267755,0.47341936926677863,0.33297081747326446,2.5008165487207403,0.5811131583262679,0.6584572826074813
balance,P2_Full,,main,clean,0.0,28,0.1,62,0.6624,0.3681440767231197,0.38694183073221816,-0.018244403477191928,1.0,0.08596003299986983,0.3538197009794174,0.41935483870967744,0.09058080000249902,0.018822599995473865,0.27483240000583464,,C,0.32965167313028537,0.843284603195883,2.108046503342677,217.60279699548246,0.9184132758957257,0.47939560650666757,0.47348645040173176,0.33296426888332453,2.500831315439446,0.5913633571620474,0.6430193066304093
balance,P2_Full,,main,clean,0.0,28,0.15,93,0.672,0.3567169506062118,0.38919650559679014,-0.019336079676631455,1.0,0.09046369968955058,0.3580474555492401,0.45161290322580644,0.08174529999814695,0.018438099999912083,0.39778730000398355,,C,0.34095667936919244,0.8477534188905418,2.083498171818863,212.19491028913185,0.9220285552645954,0.4878607836891469,0.4790366897411907,0.33245892935026516,2.5019725834664235,0.6060219864753676,0.6182424584277776
balance,P2_Full,,main,clean,0.0,28,0.2,125,0.7216,0.4175767166164741,0.46590833503152823,-0.016841890334180785,1.0,0.09426844657603389,0.3676890330389142,0.375,0.07163649999711197,0.01895150000200374,0.5124496999997064,,C,0.3491758898245786,0.8388072021947994,2.03492206625991,207.5346634648464,0.9204774809008818,0.5066620830341305,0.4904615320526105,0.3324766719057531,2.501932454589979,0.6180456279824876,0.5983349144213489
balance,P2_Full,,main,clean,0.0,29,0.05,31,0.6864,0.40959345302023126,0.42489641365628555,-0.01634459685163689,1.0,0.08211369643697392,0.3951275536888524,0.3684210526315789,0.10199830000055954,0.019404500002565328,0.14423230000102194,,C,0.325679270565843,0.8356593012117182,2.099142655492025,223.8815241268359,0.9150859820062675,0.48330499614629113,0.4755293846548182,0.3324217125675719,2.502056771710368,0.5799180574434224,0.6600665995144592
balance,P2_Full,,main,clean,0.0,29,0.1,62,0.6752,0.35147335812558894,0.3890181522683297,-0.021900144534088443,1.0,0.08587219338929997,0.3558426441684846,0.45161290322580644,0.09221319999778643,0.01788700000179233,0.27678990000276826,,C,0.33084519314998617,0.8524602523649742,2.10962814920472,216.03994142921863,0.9226713039658017,0.47587889179877785,0.4731302003777685,0.3343723917079735,2.497669383596536,0.5911138688972284,0.643430691480477
balance,P2_Full,,main,clean,0.0,29,0.15,93,0.7024,0.41384615465889074,0.4423283211951564,-0.020216516555692378,1.0,0.09163356490469687,0.3579890151177683,0.45161290322580644,0.07816399999865098,0.01838090000092052,0.39752900000166846,,C,0.3350778885037155,0.8477013238775681,2.100957400856322,208.5490512911883,0.9210944608441354,0.4819026588751633,0.47504104588665325,0.3322503365928585,2.5024446854251092,0.6097887567950584,0.6133667589059445
balance,P2_Full,,main,clean,0.0,29,0.2,125,0.7376,0.4154095730854055,0.47715227837271906,-0.018796399096752535,1.0,0.09478584796002214,0.3562562568113208,0.4375,0.07361519999540178,0.01983450000261655,0.5153812999997172,,C,0.34952628785198725,0.8464096261234325,2.044065009657595,205.87698427338535,0.9233924713832393,0.5012218104350332,0.48825931228260366,0.3334749302635119,2.499681542185045,0.6194989868166116,0.5968966597831233
aggregation,P2_Full,,main,clean,0.0,0,0.05,39,0.9619289340101523,0.9235168315390532,0.9147948060109417,-0.07519306541088311,1.0,0.11082033058704562,0.16057269523541132,1.0,0.1691181999995024,0.011306799999147188,0.19175869999889983,,B,0.0014247782791631278,0.9952142815086534,5.613229342782535,1.1013536097930978,0.9952598404265885,0.009519765531018956,0.17708599695840552,0.17670538712639672,3.164784257942153,0.9567658815496868,0.049785708354741165
aggregation,P2_Full,,main,clean,0.0,0,0.1,78,0.9428934010152284,0.9088989581314925,0.8815866451202213,-0.0787796620354102,1.0,0.11055431467055649,0.1197815797267816,0.9743589743589743,0.17184899999847403,0.006142300000647083,0.3832431999981054,,B,0.0016539374082142973,0.9935789541359118,6.932611148942255,1.2387991187525087,0.9936548490127834,0.011819706396450405,0.1431017376221804,0.1424216245546647,3.505351413675556,0.9548721488868478,0.05261569143736489
aggregation,P2_Full,,main,clean,0.0,0,0.15,118,1.0,1.0,1.0,-0.08508358041860974,1.0,0.11045836162561357,0.09268961101770401,0.975,0.15434320000349544,0.008670499999425374,0.5567496000003302,,B,0.001764373295301416,0.9969143705193266,6.946844450158505,1.2527050396640054,0.9969519632942676,0.012183178562556062,0.14274284623299557,0.14237469953713822,3.505929956746198,0.9517622016272271,0.060932324591515236
aggregation,P2_Full,,main,clean,0.0,0,0.2,157,1.0,1.0,1.0,-0.08819932038125709,1.0,0.11316361678402548,0.04604304906649467,1.0,0.14809999999852153,0.006208900005731266,0.7205140000005485,,B,0.0014925373134328358,0.9992907532160098,6.957788009052368,0.7260375421921399,0.9992949360189881,0.005897528297208481,0.14244390400964843,0.14229748120384625,3.506882819604277,0.9749968640927386,0.032962189569851655
aggregation,P2_Full,,main,clean,0.0,1,0.05,39,0.9454314720812182,0.8933855194343575,0.8808245981931233,-0.07128900796566941,1.0,0.11040566340606207,0.17529339094956717,0.9583333333333334,0.18112819999805652,0.0034270000032847747,0.19438110000191955,,B,0.0014598582232123933,0.9942722048403236,6.928643890572416,1.12847040654318,0.9943389133239083,0.01164645063676563,0.14322000454062722,0.1426211047731401,3.502896251909294,0.9535228604076946,0.05449799450201959
aggregation,P2_Full,,main,clean,0.0,1,0.1,78,0.9682741116751269,0.9479438494478275,0.9322749293510817,-0.0803352677578337,1.0,0.11060811428657955,0.1184294132085947,0.9487179487179487,0.16816480000125011,0.00472750000335509,0.3897034999972675,,B,0.001545492206249223,0.993369903038811,6.901366222355545,1.157573662480668,0.9934489551860732,0.011923226421124927,0.1437556624297127,0.14281430499132533,3.500524921261811,0.9548371717545425,0.05243546399767532
aggregation,P2_Full,,main,clean,0.0,1,0.15,118,1.0,1.0,1.0,-0.08300313265978024,1.0,0.11248681932089916,0.05974708199501037,1.0,0.1612909999967087,0.01763070000015432,0.5823801000005915,,B,0.0014084507042253522,0.9986442271366217,6.937592509535913,0.7535787827975589,0.9986536477894838,0.0069485480323543325,0.14293508837136984,0.14268459842269413,3.5021162253223066,0.9692917863355521,0.03903914935211331
aggregation,P2_Full,,main,clean,0.0,1,0.2,157,1.0,1.0,1.0,-0.08601015626569852,1.0,0.11335023050889115,0.0410952430505019,1.0,0.14082620000408497,0.008001599999261089,0.7424627000000328,,B,0.0014925373134328358,0.9991380100240753,6.942764518141932,0.6073141391703805,0.999142622742954,0.005351244222611929,0.14275537378939065,0.14264105481560807,3.502651088588588,0.9763557996531212,0.031582341345417146
aggregation,P2_Full,,main,clean,0.0,2,0.05,39,0.9441624365482234,0.8882136221689598,0.8757049316701458,-0.08785932258786633,1.0,0.11080466461018493,0.1600426845252514,0.9166666666666666,0.18889860000490444,0.006456900002376642,0.20536400000128197,,B,0.001447808017343585,0.9946452371884655,6.936569819524652,1.1191555974065912,0.9947040215741196,0.010977962558384265,0.1430548770557641,0.14261105041256392,3.5030198345553676,0.9563555471602863,0.051826880392753474
aggregation,P2_Full,,main,clean,0.0,2,0.1,78,0.9708121827411168,0.9472412005305482,0.9434473570137267,-0.08580634398216101,1.0,0.11125156855334126,0.09735425466146225,1.0,0.17154749999463093,0.0043884999977308325,0.39398800000344636,,B,0.0014570992916091152,0.9959526572943196,6.934461506940591,1.0913673694152273,0.9959920045968333,0.009721761999192828,0.14306319631869824,0.14263938370590376,3.5026716219936436,0.9602705541927229,0.04834720800989266
aggregation,P2_Full,,main,clean,0.0,2,0.15,118,0.9606598984771574,0.9410775026271915,0.9297280314467278,-0.0848423800224463,1.0,0.11228871889969085,0.07863964140415192,1.0,0.15669229999912204,0.008360300002095755,0.5695454000015161,,B,0.0019421182229717095,0.9984197687804129,6.943119879054985,1.3789039383099138,0.9984315493248774,0.007454949831665478,0.14282017590084478,0.14262897554579948,3.502799520878019,0.9669814095423611,0.043180233013465616
aggregation,P2_Full,,main,clean,0.0,2,0.2,157,0.9479695431472082,0.9337496384698061,0.9140003295383574,-0.08708275757843759,1.0,0.11251455536255006,0.05391483581983126,1.0,0.14116469999862602,0.006048399998690002,0.7282476000036695,,B,0.0026667085772190693,0.9992690460789968,6.944284920773896,1.7866947467367764,0.9992743242518815,0.007220937918232217,0.14272379122931245,0.14257858688619682,3.5034189772798396,0.9678155384564057,0.04423528855425555
aggregation,P2_Full,,main,clean,0.0,3,0.05,39,0.9619289340101523,0.9179800135204501,0.9130944823856211,-0.08256801102307107,1.0,0.11121583205887597,0.15679155538479486,1.0,0.19075549999979557,0.009644899997510947,0.2121192000049632,,B,0.00129366106080207,0.996515454239014,5.546796636907165,0.778452921374131,0.9965471328249202,0.009091166562046319,0.17922242911089376,0.17878999121919176,3.148288563555589,0.9599057111211229,0.04709251611858099
aggregation,P2_Full,,main,clean,0.0,3,0.1,78,0.934010152284264,0.8839574257604098,0.8583491323621151,-0.08521512043413705,1.0,0.11075034393765307,0.09725106526643802,0.9487179487179487,0.17212459999427665,0.006434900002204813,0.4028485000017099,,B,0.0014297845942349429,0.9948214536209268,6.914921157583256,1.0709086610819722,0.9948793230871339,0.01117484752884016,0.14347124555507418,0.14292139965586914,3.4992132081126988,0.9565038147941168,0.051067152336624975
aggregation,P2_Full,,main,clean,0.0,3,0.15,118,1.0,1.0,1.0,-0.07506179776645683,1.0,0.11107426486240746,0.09294387549161912,1.0,0.15836269999999786,0.00995130000228528,0.5824025000038091,,B,0.0014726596001333706,0.9975252936475117,6.92207238091046,1.045588316094693,0.997551425840462,0.01055971466028103,0.14325872860519726,0.14290708993027276,3.4993883622007838,0.9568208936439223,0.054077279798075896
aggregation,P2_Full,,main,clean,0.0,3,0.2,157,1.0,1.0,1.0,-0.08454647773238443,1.0,0.11316409020548882,0.04967905924870418,1.0,0.14592699999775505,0.0062060999989626,0.743579599999066,,B,0.0014925373134328358,0.9992498494430913,6.930168470704475,0.6367557165416629,0.9992543024441578,0.005936143118935409,0.14301755812739575,0.14286415456350535,3.499914110812668,0.9749383580242277,0.032993262611702906
aggregation,P2_Full,,main,clean,0.0,4,0.05,39,0.949238578680203,0.9034066616246849,0.8897648338365792,-0.07598555798765201,1.0,0.11014522849241734,0.1408207193017006,0.9583333333333334,0.18661430000065593,0.017825199996877927,0.22065139999904204,,B,0.0018251086984085545,0.9962045822177857,5.709737880836766,1.4108090238698126,0.9962415949722969,0.009751957922686376,0.1740709160395833,0.1731629007500553,3.1937272586513896,0.9508965827964044,0.05683551827304184
aggregation,P2_Full,,main,clean,0.0,4,0.1,78,0.9467005076142132,0.9087571559980034,0.8928988166944636,-0.08564722905608649,1.0,0.10938625794065628,0.14487662376501623,0.9487179487179487,0.1770394999985001,0.010748799999419134,0.422946899998351,,B,0.0017523167938863261,0.9900966754790637,6.895764083509349,1.3124852786208583,0.9902457973675687,0.015057760471224922,0.14387353604914785,0.14270007068247859,3.501926252063842,0.9463383469886508,0.05970262484075532
aggregation,P2_Full,,main,clean,0.0,4,0.15,118,0.9581218274111675,0.9391394361882248,0.926109432344544,-0.08210588654135058,1.0,0.11195636664811343,0.07947554886341095,0.975,0.156685900001321,0.01010849999875063,0.6020942999966792,,B,0.002276637380578765,0.9974068449950133,6.9367078203702865,1.616412540210923,0.9974290839538436,0.008576023719183873,0.14295349781370442,0.1426925445479648,3.502018655158012,0.9641109653492049,0.04638282010641848
aggregation,P2_Full,,main,clean,0.0,4,0.2,157,0.9454314720812182,0.9321674711441709,0.9109599029289838,-0.07976649330142756,1.0,0.11219615564207647,0.05994583398867876,1.0,0.14264340000227094,0.007063800003379583,0.7635306000011042,,B,0.003061999406601785,0.9990805226198706,6.939824221104677,2.0515396024231958,0.9990879705237622,0.00810014912015294,0.1428164903612127,0.14264105481560807,3.502651088588588,0.9650676700762996,0.04763249168480721
aggregation,P2_Full,,main,clean,0.0,5,0.05,39,0.9708121827411168,0.9423391832161303,0.9332005500424252,-0.07155016815927229,1.0,0.11093506417923951,0.16459573060274124,1.0,0.18935419999615988,0.01566070000262698,0.21923190000234172,,B,0.00129366106080207,0.9963316140298119,5.559297726592943,0.867774907350681,0.9963667108545544,0.009567375142029518,0.1788165021589016,0.17819008103814624,3.1529961631056276,0.9574455311871244,0.049112181642716426
aggregation,P2_Full,,main,clean,0.0,5,0.1,78,0.998730964467005,0.9962537380545686,0.9970053803965649,-0.07497064347439085,1.0,0.110588416788734,0.1106339326271644,0.9487179487179487,0.175485400002799,0.008913099998608232,0.41670710000471445,,B,0.0013718784998089347,0.9939274285795955,6.906294222691712,1.027536996356892,0.9939982709144652,0.011665953344204788,0.14365213133684762,0.14296780734383813,3.4986454093735175,0.9553247871261521,0.05201449472518298
aggregation,P2_Full,,main,clean,0.0,5,0.15,118,1.0,1.0,1.0,-0.08045374653595594,1.0,0.11255855507154447,0.06275777071714402,1.0,0.1647002000026987,0.008609500000602566,0.6009846000015386,,B,0.0014084507042253522,0.998754863791137,6.926260287806607,0.8128713360904595,0.9987635020497158,0.006937601297980758,0.14317125557182728,0.14296668586980274,3.498659126278346,0.9697715154922626,0.03882851508100472
aggregation,P2_Full,,main,clean,0.0,5,0.2,157,1.0,1.0,1.0,-0.07887001884857228,1.0,0.11319271534923168,0.04810387507463113,1.0,0.1452463000023272,0.006442799996875692,0.7612187999984599,,B,0.0014925373134328358,0.9994258467340823,6.927692075837334,0.6705050192493502,0.9994291560094436,0.005763749085390281,0.1430692159637304,0.14293108448787453,3.49909468360753,0.974990065309186,0.03341291039905111
aggregation,P2_Full,,main,clean,0.0,6,0.05,39,0.9657360406091371,0.9262046124889664,0.9238473485935422,-0.0767645648820915,1.0,0.11100032380748157,0.14571343859036764,1.0,0.19109340000431985,0.011586000000534113,0.21309759999712696,,B,0.001319907236094113,0.9960359034599265,5.628504395151605,1.0202882935007493,0.9960724907161806,0.00922965822963401,0.17660189247463157,0.17606861095657186,3.169901018368707,0.9578267639113953,0.04854472430112405
aggregation,P2_Full,,main,clean,0.0,6,0.1,78,0.949238578680203,0.9123969245739245,0.8922251178888738,-0.08522121681936234,1.0,0.11062549068851871,0.10983740060757367,0.9743589743589743,0.17377450000640238,0.0056621000039740466,0.4044815999950515,,B,0.0013351134846461949,0.9948909891626355,6.929766178251832,0.9836503044682224,0.9949484249909603,0.0112420642964112,0.1431610359701283,0.1425822665514804,3.5033737262462132,0.9546903762608359,0.05358426671371761
aggregation,P2_Full,,main,clean,0.0,6,0.15,118,0.9225888324873096,0.8837994772660488,0.8441168687975431,-0.0830507831013331,1.0,0.11185621326823272,0.07643789798021317,1.0,0.16832959999737795,0.01358079999772599,0.5983093999966513,,B,0.0016429939792243014,0.9982532852045722,6.938639976589942,1.166525725249254,0.99826786315351,0.0083459240031562,0.14291329776355913,0.1426329486084348,3.50275069637883,0.9639073440741669,0.045501697475876776
aggregation,P2_Full,,main,clean,0.0,6,0.2,157,0.949238578680203,0.932080260458279,0.9049582084339994,-0.07700079503936462,1.0,0.11144980189607542,0.0657888650894165,1.0,0.14506569999502972,0.007391600003757048,0.7621794000006048,,B,0.0016876754742481525,0.9985846529121554,6.9368497698972,1.1307425677462621,0.9985983065337349,0.009646836240290457,0.1428783695732251,0.14257412489123888,3.5034738522204485,0.9599982701635277,0.05103995304875624
aggregation,P2_Full,,main,clean,0.0,7,0.05,39,0.751269035532995,0.8249759593582916,0.7179917179238826,-0.07321304464352456,1.0,0.11027835293678159,0.13903814430038133,0.875,0.18836870000086492,0.01086619999841787,0.2152803999997559,,B,0.0014411205540699177,0.9957521294542169,5.718409754450197,1.1139861882960465,0.9957890700436531,0.00869626064120217,0.17380497602376074,0.17344777429971378,3.1913560566537207,0.9519204757650462,0.05589505475271901
aggregation,P2_Full,,main,clean,0.0,7,0.1,78,0.9200507614213198,0.8673660969292363,0.836630161760712,-0.08252890217216782,1.0,0.11024573381310646,0.11406889481422229,1.0,0.17889909999939846,0.010375500001828186,0.4203272000013385,,B,0.0016602394468053906,0.9965459779843039,5.642503548028257,1.2435193456572375,0.9965772501463901,0.009053839826166527,0.1761263304480834,0.1755245853651571,3.174301897537066,0.9516767341582368,0.05751254382619353
aggregation,P2_Full,,main,clean,0.0,7,0.15,118,0.9593908629441624,0.9362776196577618,0.9188441472522603,-0.08949468564383668,1.0,0.10690664360536932,0.14635502621531488,0.95,0.16076109999994515,0.011118499998701736,0.6032927000051131,,B,0.0031123669144344467,0.9885021536698049,6.850792809898169,2.209780509248457,0.9887522896975115,0.021755033118661386,0.14476394944108867,0.14268459842269413,3.5021162253223066,0.9243707538002361,0.08542822269814092
aggregation,P2_Full,,main,clean,0.0,7,0.2,157,0.9479695431472082,0.9310369442503655,0.9031644957355794,-0.08679554521788588,1.0,0.11152384214738746,0.0730323287156912,1.0,0.14622270000108983,0.006257100001676008,0.7671874000006937,,B,0.0014925373134328358,0.9977630388864065,6.932595016332108,0.8680537195389344,0.9977847947805248,0.009725646988744657,0.1429669759495775,0.14272583271980901,3.5016100290743117,0.9610988438726489,0.04939790580032714
aggregation,P2_Full,,main,clean,0.0,8,0.05,39,0.7639593908629442,0.8788641251152333,0.7521800549651313,-0.07264092910599779,1.0,0.11104311763858318,0.162481019894282,1.0,0.1932202999960282,0.008220799994887784,0.2235715999995591,,B,0.00129366106080207,0.9959081615575017,5.533231198606108,0.7677328272681021,0.995947341657945,0.009575182645602037,0.1796649919693113,0.17917205692108668,3.1453068592057765,0.9586694650598211,0.048021091373203775
aggregation,P2_Full,,main,clean,0.0,8,0.1,78,0.7614213197969543,0.8598983815270942,0.7307595690328867,-0.08250754926239211,1.0,0.10996997016915117,0.09922370925927773,0.9743589743589743,0.18585020000318764,0.016410199998063035,0.4406768999979249,,B,0.0015501052013016864,0.9961803635892299,5.629756213694099,1.1610287957749632,0.9962159907897705,0.009327380072139258,0.17652815657060505,0.1759029865132119,3.171237950279046,0.9494867186636746,0.057949542299179806
aggregation,P2_Full,,main,clean,0.0,8,0.15,118,0.9974619289340102,0.9934128487254016,0.9940373138098214,-0.08866256261926402,1.0,0.10987743175244807,0.10301334857940674,1.0,0.16156110000156332,0.0104907999993884,0.6246132000014768,,B,0.0016597020751238684,0.9968878354111416,5.510708135812699,1.1783884733379466,0.9969162098140065,0.00911725651225397,0.1803103892999125,0.17963408093128588,3.1417180899298875,0.9489657303676181,0.058948631864706495
aggregation,P2_Full,,main,clean,0.0,8,0.2,157,1.0,1.0,1.0,-0.09078060278180716,1.0,0.11258633906399702,0.07057769176287529,1.0,0.14768529999855673,0.007097299996530637,0.7894393999958993,,B,0.0014925373134328358,0.9977120153160156,6.907371844169354,0.7337136303129144,0.9977302281563188,0.00796021076134006,0.14349449691248758,0.14319880418535127,3.4958246346555324,0.9706205091457365,0.03669808309440515
aggregation,P2_Full,,main,clean,0.0,9,0.05,39,0.9771573604060914,0.9489569543668942,0.9489451001483251,-0.1015850414031576,1.0,0.11068944404409972,0.16865324104825655,0.9583333333333334,0.19063289999758126,0.03092839999590069,0.2384442999973544,,B,0.00129366106080207,0.9957878913444108,5.556828631156091,0.9130808998611681,0.9958282552720727,0.00958283153696057,0.1788965322172648,0.1784347371455,3.151072481734002,0.955783174764952,0.05107709485307554
aggregation,P2_Full,,main,clean,0.0,9,0.1,78,1.0,1.0,1.0,-0.08360411323495893,1.0,0.11142898664568009,0.10344043832558852,0.9230769230769231,0.17850589999579825,0.010872200000449084,0.4392412000015611,,B,0.0014427098974381038,0.9951312341695862,6.919453180538619,1.0805897131811397,0.9951788808510112,0.009786192863803209,0.1433764008013942,0.1429963659210498,3.4982961779464263,0.961557247576817,0.04693734503280893
aggregation,P2_Full,,main,clean,0.0,9,0.15,118,1.0,1.0,1.0,-0.08212280641382498,1.0,0.11251240424638445,0.06064726561307907,1.0,0.16247629999998026,0.0060938999959034845,0.6167244000025676,,B,0.0014084507042253522,0.9985227892177767,6.924525063612515,0.7871957426430369,0.9985333235579951,0.0071312370212702775,0.14320748645395673,0.1429984703708854,3.4982704489886642,0.9695451895627542,0.03888640372759747
aggregation,P2_Full,,main,clean,0.0,9,0.2,157,1.0,1.0,1.0,-0.08675926493097351,1.0,0.11314113698998056,0.05033754843931932,1.0,0.15597420000267448,0.004447999999683816,0.7860108999957447,,B,0.0014925373134328358,0.999228593894521,6.925317651492342,0.6517871870157581,0.999233182181094,0.0059479521103970616,0.14311878137876907,0.14296231845258014,3.4987125468164795,0.9746787817161258,0.03346129283173352
aggregation,P2_Full,,main,clean,0.0,10,0.05,39,0.9454314720812182,0.8900652471372315,0.8785370787378398,-0.08273938017415992,1.0,0.11093307646694842,0.1791892151037852,0.9583333333333334,0.1866433000031975,0.00716199999442324,0.20441430000209948,,B,0.0015503173464724766,0.9947469144152866,5.726666400744856,1.1983953088232244,0.9947958337770132,0.009312500422396421,0.17355251826774773,0.1732734987163933,3.1928057484381345,0.9573786797636724,0.049824874544444446
aggregation,P2_Full,,main,clean,0.0,10,0.1,78,0.9974619289340102,0.9934128487254016,0.9940373138098214,-0.07060772654322144,1.0,0.11107219443321698,0.11132002640993167,0.9743589743589743,0.17853359999571694,0.0045039999968139455,0.40220850000332575,,B,0.001548643322830095,0.9954273031110592,6.944258923999573,1.1599338487997413,0.9954747348364426,0.010372812048410427,0.14285946717110204,0.14239663579960446,3.5056594549875904,0.958085901741744,0.051675750451745286
aggregation,P2_Full,,main,clean,0.0,10,0.15,118,1.0,1.0,1.0,-0.09152173550682843,1.0,0.11260472425657708,0.059684811532497405,1.0,0.1609517999968375,0.010187300002144184,0.5840202000035788,,B,0.0014084507042253522,0.9985824237477038,6.955638877227933,0.7879423170356182,0.9985920863848038,0.006816308529676173,0.14256058468079896,0.14235880728659686,3.5061259802963916,0.9702892100662288,0.03804234280470683
aggregation,P2_Full,,main,clean,0.0,10,0.2,157,1.0,1.0,1.0,-0.095120690421794,1.0,0.1132128778042741,0.04561627369660597,1.0,0.14226229999621864,0.0061947999929543585,0.7424792000019806,,B,0.0014925373134328358,0.9993529414600231,6.958679123803186,0.6331460868448874,0.9993566298744422,0.005700279327563655,0.14242547150660634,0.1422840952189724,3.507048105870547,0.9752178235700697,0.03299060468179463
aggregation,P2_Full,,main,clean,0.0,11,0.05,39,0.9479695431472082,0.8940644252849848,0.8837869622990838,-0.07815114116911279,1.0,0.11078744698838293,0.16772491857409477,0.875,0.19185129999823403,0.007683200004976243,0.2099034999992,,B,0.0013705580703735924,0.9942083565172773,6.938456483371614,1.059441388398787,0.9942727897733856,0.011125211056320253,0.14301562620358796,0.14255072424910684,3.5037616965251326,0.9560982951664121,0.05242491831752119
aggregation,P2_Full,,main,clean,0.0,11,0.1,78,0.9581218274111675,0.9284295169694052,0.9157658639092882,-0.10196832858706824,1.0,0.11091067555945146,0.09637844791779152,0.9743589743589743,0.1787945000032778,0.005004099999496248,0.40673550000065006,,B,0.0014404810372328262,0.9956879825724185,6.935866144965437,1.0789202968873868,0.9957326006765569,0.010347384927742969,0.14303395269438543,0.14250730028629974,3.5042960921843687,0.9567937630869534,0.05213939949928102
aggregation,P2_Full,,main,clean,0.0,11,0.15,118,0.9390862944162437,0.9118234870776988,0.884894750931537,-0.09304871795073377,1.0,0.11172012922089898,0.07503819018602371,1.0,0.17625029999908293,0.008351099997526035,0.6088141000000178,,B,0.0024336217193811557,0.99867537264117,6.9488095871748765,1.7278714207606205,0.9986868002064359,0.008627003805750249,0.14270207940094734,0.1424740261030215,3.5047058003346345,0.961648227235824,0.05023302479732198
aggregation,P2_Full,,main,clean,0.0,11,0.2,157,1.0,1.0,1.0,-0.07906598827299757,1.0,0.10848766173401149,0.09237488569357456,1.0,0.14509030000044731,0.01275799999712035,0.7772045000019716,,B,0.005870500629183306,0.9980735264240457,6.9307084151105265,3.933235421552815,0.9981052394342309,0.016461689680610334,0.14300629973682552,0.14240456908283694,3.5055616481278395,0.9358388167381217,0.08086138960404048
aggregation,P2_Full,,main,clean,0.0,12,0.05,39,0.9467005076142132,0.8905448952325267,0.8811466848891131,-0.07286095911845288,1.0,0.11065543553540122,0.1699271077911059,0.9583333333333334,0.2173627999945893,0.003970999998273328,0.2317756999982521,,B,0.0013429129470966506,0.994209430656323,6.943917977682394,1.038071708105711,0.9942742994164516,0.011202483949097891,0.14290212349432607,0.14242672046866725,3.5052886086076667,0.9556097208865928,0.05243955366621346
aggregation,P2_Full,,main,clean,0.0,12,0.1,78,0.9974619289340102,0.9924878983912899,0.9939181862639,-0.07243221873935761,1.0,0.11052196122207034,0.08772476208515656,1.0,0.17251519999990705,0.005043099998147227,0.4220822999996017,,B,0.0016384749536380683,0.9955141955260407,6.939709772351025,1.2272177402749131,0.9955641569896643,0.01113768197290964,0.14295399146039528,0.14239663579960446,3.5056594549875904,0.9544962752853745,0.05372717389562628
aggregation,P2_Full,,main,clean,0.0,12,0.15,118,1.0,1.0,1.0,-0.09105442856678884,1.0,0.11256825373613248,0.06371187567710876,1.0,0.16188689999398775,0.008605600000009872,0.6038275000028079,,B,0.0014084507042253522,0.9985083341308222,6.955145665120351,0.8312756014915748,0.9985186578631431,0.006920941568933915,0.14257079413644075,0.14235483422396153,3.506174993022607,0.9699770960420017,0.03838866920634443
aggregation,P2_Full,,main,clean,0.0,12,0.2,157,1.0,1.0,1.0,-0.0854311431948395,1.0,0.11321813991501876,0.048671869131234974,1.0,0.15497809999942547,0.00615309999557212,0.7739749000029406,,B,0.0014925373134328358,0.9993481697651941,6.958253781080166,0.6594953704538838,0.9993518636892064,0.005667003178125881,0.14243426903377734,0.14227963322401446,3.5071032082039704,0.9753295983459698,0.0326938664863876
aggregation,P2_Full,,main,clean,0.0,13,0.05,39,0.9619289340101523,0.9198821672377703,0.9160854753143952,-0.08283141741864207,1.0,0.11111136713593231,0.15178341418504715,1.0,0.1876027999969665,0.007936100002552848,0.20491110000148183,,B,0.0013634774792915972,0.9962530370227118,5.592912980743394,1.0539680914924046,0.9962864967422786,0.00892982390529756,0.17773397052242942,0.17733546038917078,3.1597575265057736,0.9586262001398941,0.0482547646789068
aggregation,P2_Full,,main,clean,0.0,13,0.1,78,0.9758883248730964,0.9574312705986714,0.9476178973170072,-0.08358362623707143,1.0,0.11094751257050907,0.12314847264534388,0.9743589743589743,0.17968899999686982,0.004083200001332443,0.4051214999999502,,B,0.002032265264160099,0.9949535082408925,6.92860089853039,1.522166682855914,0.9950082084361829,0.010839251880619623,0.14318533820880142,0.14265009317235816,3.50254004004004,0.9573054338453841,0.05139628370740133
aggregation,P2_Full,,main,clean,0.0,13,0.15,118,0.998730964467005,0.9962537380545686,0.9970053803965649,-0.0993674840871798,1.0,0.11246893837860966,0.057934272289276126,1.0,0.1657035000025644,0.012171599999419414,0.5944221000027028,,B,0.0014084507042253522,0.9987526980947643,6.936948939300299,0.7473737904680947,0.9987614315311494,0.007001862458791647,0.1429484799192589,0.14271638292377678,3.5017260098549596,0.9691473871948283,0.03935313843373177
aggregation,P2_Full,,main,clean,0.0,13,0.2,157,1.0,1.0,1.0,-0.08677266714048147,1.0,0.11323482024965635,0.043040954149686374,1.0,0.15269319999788422,0.006722300000546966,0.7637275000015507,,B,0.0014925373134328358,0.9991954589505526,6.940108064992168,0.6359937024418598,0.9992000695076897,0.005730667366554404,0.14281058816656578,0.1426633647903978,3.5023770055984738,0.9753818703629904,0.03269597835638163
aggregation,P2_Full,,main,clean,0.0,14,0.05,39,0.7677664974619289,0.8409634217220224,0.7258182761417978,-0.08049484820127623,1.0,0.11096870591688746,0.16328118120630583,0.9583333333333334,0.18931370000063907,0.00741579999885289,0.2093968999979552,,B,0.0015890622723305809,0.9954702181673961,5.6502672706651484,1.228345136511539,0.9955120731178411,0.009239948410689175,0.17591669386911823,0.17561616473064368,3.1735591603053432,0.9578303804019878,0.049450939778180276
aggregation,P2_Full,,main,clean,0.0,14,0.1,78,0.7969543147208121,0.9179127828488142,0.8123626383483266,-0.08315858767895035,1.0,0.11133968795760621,0.11322593077635154,1.0,0.176712000000407,0.0067989999952260405,0.41316070000175387,,B,0.0017776252895571082,0.9976201319196665,5.572053323292786,1.331441341878274,0.9976394586410723,0.008120921308862971,0.17837008578008373,0.17791993602878706,3.155126404494382,0.9598208581242467,0.04922929155384019
aggregation,P2_Full,,main,clean,0.0,14,0.15,118,0.9974619289340102,0.9934128487254016,0.9940373138098214,-0.0921574160186294,1.0,0.11185817537381372,0.08916887044906616,1.0,0.15756880000117235,0.015720900002634153,0.5987438000011025,,B,0.0014084507042253522,0.998476298210364,5.432795437179135,0.8306513312284508,0.9984869678262882,0.007002430525942895,0.1829164804286907,0.18245098233973658,3.120231043944079,0.9646994194357569,0.04182455546870888
aggregation,P2_Full,,main,clean,0.0,14,0.2,157,0.9670050761421319,0.9471582643343976,0.9307141388210887,-0.08914251859924684,1.0,0.1127960687432405,0.05685447271053608,1.0,0.14254150000488153,0.007368200000200886,0.7630568000022322,,B,0.0014925373134328358,0.9982171853053599,6.908123557275705,0.7324607061239272,0.9982300293732221,0.007204376260117549,0.14347871978718793,0.14324342413493074,3.4952808148771144,0.9721293411387352,0.03545549544989483
aggregation,P2_Full,,main,clean,0.0,15,0.05,39,0.9568527918781726,0.9127214776131354,0.9054995859111492,-0.08164544425171284,1.0,0.1111734209927748,0.14443577080965042,0.9166666666666666,0.19051060000492726,0.0038761000032536685,0.2040015000020503,,B,0.00129366106080207,0.9954119083579246,6.939091914232806,0.9993028186304369,0.9954580496588195,0.010056752239159267,0.1430024112699012,0.1426378620407671,3.502690319548872,0.9591279331150654,0.049392718313381545
aggregation,P2_Full,,main,clean,0.0,15,0.1,78,0.9720812182741116,0.9510778133736261,0.9418868663619605,-0.08385909430075426,1.0,0.11158780030811441,0.08272335926691692,1.0,0.17625490000500577,0.0035539000018616207,0.3966179999988526,,B,0.0015295181245593681,0.9966890636242087,6.935715049917713,1.1456090752949668,0.9967188161742598,0.008986143698990664,0.14303709782368765,0.14263224406160085,3.502759354273558,0.9625449107827884,0.046334191562124566
aggregation,P2_Full,,main,clean,0.0,15,0.15,118,0.9593908629441624,0.9405112964752598,0.9206352359382464,-0.08275657920480668,1.0,0.1122914365761688,0.07357816100120544,1.0,0.16196949999721255,0.008051600001635961,0.5763350999986869,,B,0.0014084507042253522,0.9985048862857979,6.944588220689003,0.825507165440754,0.99851599384419,0.00742923985415692,0.14278968023898,0.14261308329525815,3.502994846078841,0.9672832234815216,0.04233392672989994
aggregation,P2_Full,,main,clean,0.0,15,0.2,157,0.9454314720812182,0.9291577718895087,0.8995755521247438,-0.09181155020558261,1.0,0.11213830297199302,0.06031382236725245,1.0,0.14507440000306815,0.005209499999182299,0.7370407999987947,,B,0.0014925373134328358,0.9991433690625349,6.944269294741492,0.8142254452256867,0.9991502837318688,0.008071935102331059,0.1427241157506968,0.14256073890636503,3.5036384976525823,0.965245947562804,0.046174724933063384
aggregation,P2_Full,,main,clean,0.0,16,0.05,39,0.9682741116751269,0.9313689354730869,0.9273218352004996,-0.07977741847219309,1.0,0.10987103735868277,0.1646354223291079,0.9583333333333334,0.18044519999966724,0.03343199999653734,0.22586299999966286,,B,0.0015066825601595688,0.9958479544826714,5.68700586145255,1.1646656190033466,0.9958845578658351,0.00881574708440701,0.17477188754475168,0.17444650745028117,3.183104071007281,0.9484823816879264,0.05980939216263278
aggregation,P2_Full,,main,clean,0.0,16,0.1,78,0.9708121827411168,0.9477194954854729,0.936456976146687,-0.07821051875945881,1.0,0.11062676822212607,0.11786714960367252,0.8974358974358975,0.18778960000054212,0.006821499999205116,0.43501600000308827,,B,0.0013351134846461949,0.9935740875557734,6.930124617972411,0.9285227618011569,0.9936497969912427,0.011781896520747478,0.14315356225182257,0.14252157957490558,3.5041203286243867,0.9555939196575801,0.051362659036432466
aggregation,P2_Full,,main,clean,0.0,16,0.15,118,0.998730964467005,0.9962537380545686,0.9970053803965649,-0.07598095522424893,1.0,0.1122094063274137,0.0774106502532959,1.0,0.16467389999888837,0.009669999999459833,0.6202400999973179,,B,0.0014084507042253522,0.997858959851901,6.944680503291573,0.7801424933405511,0.9978757403946258,0.007837565652241679,0.1427877640727683,0.1424859452909275,3.5045590162563087,0.9673392550004603,0.04067359070891198
aggregation,P2_Full,,main,clean,0.0,16,0.2,157,0.9467005076142132,0.9290990473458727,0.8969768772734364,-0.08639051684640207,1.0,0.11330518780223146,0.048608677509503484,1.0,0.1377243000024464,0.006236499997612555,0.7743953000026522,,B,0.0014925373134328358,0.9992265061498399,6.9523317435436,0.586687492694807,0.9992307735286188,0.00551701707522425,0.14255686864397987,0.14241795506771077,3.5053966413935713,0.9761131485505486,0.03169857242353369
aggregation,P2_Full,,main,clean,0.0,17,0.05,39,0.9543147208121827,0.9087162329718236,0.8968397078706356,-0.0812846061657081,1.0,0.1101191566305106,0.15086057782173157,1.0,0.19344960000307765,0.00922300000092946,0.21553050000511575,,B,0.0014882026737244897,0.9962314159578166,5.724260606861204,1.1503806667890306,0.9962668073712394,0.009391170006210115,0.173626003374236,0.1728847301074476,3.196050208393913,0.9506836494135176,0.05700920747505171
aggregation,P2_Full,,main,clean,0.0,17,0.1,78,0.9695431472081218,0.9482054170842982,0.9372204682896385,-0.08199442300546347,1.0,0.11077815619960463,0.10456751860105075,0.9743589743589743,0.17786550000164425,0.007325400001718663,0.4140123000033782,,B,0.0013845867969377414,0.9951540728519749,6.939913511294394,1.0370555109063684,0.9952073536933811,0.010994973671427282,0.14294975543160482,0.14241805473251323,3.5053954129590172,0.9562837729983114,0.05175094521012633
aggregation,P2_Full,,main,clean,0.0,17,0.15,118,0.9568527918781726,0.9382711793632404,0.9165436781646119,-0.07980174374739259,1.0,0.11176811656861284,0.07732016891241074,1.0,0.16065160000289325,0.008895500002836343,0.5942390000054729,,B,0.0014559491154830825,0.9981365428556958,6.95275546571798,1.0337238719929887,0.9981526847541418,0.008662339509845962,0.1426202916133583,0.14237469953713822,3.505929956746198,0.963095966512977,0.04672729897627062
aggregation,P2_Full,,main,clean,0.0,17,0.2,157,0.9428934010152284,0.9273796814580124,0.8960607916048451,-0.08725410972096265,1.0,0.11126022951294308,0.06748695709766486,1.0,0.13893180000013672,0.006280299996433314,0.7529549000028055,,B,0.001631866267740226,0.9985838264782703,6.952477315532869,1.0933503993859515,0.9985981910613215,0.010143236567299613,0.14255385246968727,0.14229748120384625,3.506882819604277,0.9584615650019443,0.053594207605342996
aggregation,P2_Full,,main,clean,0.0,18,0.05,39,0.75,0.8498734615446641,0.7272247285392144,-0.08576816848229114,1.0,0.11051186348379505,0.17447450136144957,0.9583333333333334,0.1858501000024262,0.009294199997384567,0.21218300000327872,,B,0.0015336530390376137,0.9950320580907115,5.664586124555488,1.1855137991760754,0.9950810109146853,0.009853743233649953,0.17546874001710006,0.17502630891017434,3.178356694240196,0.953985434081595,0.053027708212856524
aggregation,P2_Full,,main,clean,0.0,18,0.1,78,0.7296954314720813,0.8119357692860204,0.6778407402114216,-0.08800482253592556,1.0,0.1099776211597605,0.10949989618399204,1.0,0.1796154000039678,0.011299799996777438,0.4138965000020107,,B,0.0017054854559020575,0.9969599394285593,5.6228215858037505,1.2774086064706411,0.996987726287884,0.00914023213409146,0.17674751760706442,0.17609932673154224,3.1696533549564156,0.948914030243726,0.060157314652073725
aggregation,P2_Full,,main,clean,0.0,18,0.15,118,0.9771573604060914,0.9591437282758145,0.9501407005083194,-0.09319210359271553,1.0,0.10916398450802967,0.10073187202215195,1.0,0.1538786999954027,0.00622750000184169,0.5858762999996543,,B,0.001953879129250148,0.9972466423127166,5.500306124695416,1.387254181767605,0.9972755477348947,0.010498244493075792,0.1806540541823773,0.18004727944536045,3.138524174150981,0.9417263593244175,0.07034831718700023
aggregation,P2_Full,,main,clean,0.0,18,0.2,157,0.9644670050761421,0.9449089062845794,0.926148299120743,-0.092645307516883,1.0,0.11232796032331967,0.07417751581240924,1.0,0.13763379999727476,0.007241799998155329,0.741288600002008,,B,0.0014925373134328358,0.9975332744045668,6.920656566076949,0.79120963147627,0.9975542973198646,0.008522599893811175,0.1432161790896497,0.1428596925685474,3.4999687665927475,0.9685779849084762,0.03874092589344269
aggregation,P2_Full,,main,clean,0.0,19,0.05,39,0.9428934010152284,0.8817769903399728,0.8717135339477956,-0.07510086713641743,1.0,0.11007410762699656,0.17645548656582832,0.9583333333333334,0.18761200000153622,0.012532100001408253,0.21229370000219205,,B,0.0015436133152548779,0.9954074366571823,5.688726285848835,1.1932130926920206,0.9954566065115815,0.010706407452408945,0.17471864006317026,0.17375610802405003,3.188798341209374,0.9509738556061964,0.055073932562303175
aggregation,P2_Full,,main,clean,0.0,19,0.1,78,0.9390862944162437,0.8960582612961321,0.8664678530350083,-0.09434050018350106,1.0,0.1096059309517788,0.10842362733987662,0.9743589743589743,0.1748063000050024,0.006335099998977967,0.40502099999866914,,B,0.0014937375309908958,0.9922056921228173,6.912015965685303,1.1188094107121809,0.9923159373988527,0.014144331706233141,0.14353210991775103,0.1423645074002413,3.506055667001003,0.9475761329647363,0.05830214036203061
aggregation,P2_Full,,main,clean,0.0,19,0.15,118,0.9124365482233503,0.8728380609383093,0.818314372050612,-0.0843957056110116,1.0,0.11169843663053453,0.08297746255993843,0.975,0.16085620000376366,0.007748299998638686,0.5843258000022615,,B,0.0014084507042253522,0.996963820009871,6.948809469305202,0.8007591174134627,0.9969916132052699,0.009154001241407833,0.14270208184546615,0.1423151035976082,3.506665270798437,0.9627941829058,0.04595129169936511
aggregation,P2_Full,,main,clean,0.0,19,0.2,157,0.9352791878172588,0.9191804653979554,0.872898337831508,-0.09193290959308066,1.0,0.11148860410061198,0.06356643254940327,1.0,0.13914319999457803,0.0062835000062477775,0.7405064000049606,,B,0.0014925373134328358,0.99848937439765,6.949734898407731,0.7374632236800907,0.9985038428055956,0.009577758991452716,0.1426106951277535,0.142235013274435,3.5076544216833456,0.9609127902609379,0.04880134543278037
aggregation,P2_Full,,main,clean,0.0,20,0.05,39,0.949238578680203,0.9025737752641217,0.8877614617367988,-0.10259171978673891,1.0,0.11078290259606978,0.14419648051261902,1.0,0.18167689999972936,0.009227100003045052,0.20071610000013607,,B,0.0014587089984562985,0.9962582990320819,5.650908553675651,1.1275820558067187,0.9962944274279442,0.00965560748228561,0.17589658328629115,0.1752743164710535,3.1763356151286857,0.9557779301721615,0.05155096759445394
aggregation,P2_Full,,main,clean,0.0,20,0.1,78,0.9631979695431472,0.9395707870467827,0.9251069860751445,-0.0832493312153285,1.0,0.11033092031282664,0.1143282285103431,0.9743589743589743,0.17208100000425475,0.004169600004388485,0.38867699999536853,,B,0.0016048763067730276,0.994172214892332,6.934652527770252,1.2020523537729977,0.9942420480174378,0.01198278999922639,0.14305921869677915,0.1423859263331501,3.505791505791506,0.9531376000292823,0.05446620221442937
aggregation,P2_Full,,main,clean,0.0,20,0.15,118,0.9010152284263959,0.8642337515615593,0.803164528535944,-0.08109409091928896,1.0,0.11153379203997003,0.07700522541999817,1.0,0.15615279999474296,0.007186699993326329,0.5629661999992095,,B,0.0016648610960037446,0.9981263526065431,6.953622366249214,1.1820513781626587,0.9981436136773516,0.00921255027427579,0.14260233545917322,0.14234688809869087,3.5062730266830413,0.9607628781355291,0.050159296378586286
aggregation,P2_Full,,main,clean,0.0,20,0.2,157,0.9352791878172588,0.919348190299576,0.8729366673420867,-0.0890903605838324,1.0,0.11005953300719089,0.08474045074903049,1.0,0.1444844999932684,0.006507400001282804,0.7230596999943373,,B,0.0022657680268900345,0.9987025755811559,6.950728490714127,1.518064578016323,0.9987192438418481,0.012847192059899709,0.14259009554887866,0.14227070923409857,3.507213423239768,0.9476359558616628,0.06812142974639608
aggregation,P2_Full,,main,clean,0.0,21,0.05,39,0.9695431472081218,0.936710554628857,0.9309278210358964,-0.06985321703510287,1.0,0.11047057381974848,0.1586525390545527,1.0,0.184102699997311,0.01847260000067763,0.21528860000398709,,B,0.001447886708804201,0.9954648452406878,5.575492148988131,1.1192164259056474,0.9955077974821644,0.009470953860717028,0.17829335422499187,0.17791526184906395,3.155163319896018,0.9540720704721404,0.05194629768095775
aggregation,P2_Full,,main,clean,0.0,21,0.1,78,0.9746192893401016,0.9518529652532217,0.945949694410409,-0.08983298260212856,1.0,0.11107500264940187,0.09060879395558284,1.0,0.18912450000061654,0.008407299996179063,0.42912230000365525,,B,0.0013351134846461949,0.995663181188434,6.925179691771266,0.9208927169216601,0.995708046446853,0.010345200103646712,0.14325673569951236,0.14276075765905344,3.501181515841064,0.9585109879911083,0.049156230316614535
aggregation,P2_Full,,main,clean,0.0,21,0.15,118,0.9631979695431472,0.9440840812652708,0.926914857866109,-0.08973210677351073,1.0,0.11198513379086424,0.06819017827510834,1.0,0.17732919999980368,0.01113160000386415,0.6271386000007624,,B,0.0016040192120158683,0.9982182285814817,6.930191044504544,1.1388536405312666,0.9982329288475359,0.008250365844569809,0.14308924983002996,0.14283557480283676,3.5002642485605406,0.9650267830849892,0.044157507524501476
aggregation,P2_Full,,main,clean,0.0,21,0.2,157,0.949238578680203,0.9320169415369637,0.9049833147984196,-0.08384852250037475,1.0,0.11179271154619697,0.06412413639900012,1.0,0.15106509999895934,0.0051300000050105155,0.7933689999990747,,B,0.0016561678272991186,0.9987485657474078,6.930086216024831,1.1096324442904095,0.9987597860549351,0.008965958462540084,0.14301927337519285,0.14278830064922027,3.5008437236336363,0.9629731720754422,0.04786890213634539
aggregation,P2_Full,,main,clean,0.0,22,0.05,39,0.9530456852791879,0.9061037938829196,0.8978153096418966,-0.08087603138195597,1.0,0.11032983842527384,0.1152963067094485,1.0,0.18407030000525992,0.010421300001326017,0.21092339999449905,,B,0.0014794202868359363,0.9963853204293751,5.698601717833918,1.1435918817241788,0.9964172798978491,0.00884157719918544,0.1744136154022305,0.1739471408749975,3.1872182189511,0.9522709839906475,0.05566879217657516
aggregation,P2_Full,,main,clean,0.0,22,0.1,78,0.9137055837563451,0.8570983491075149,0.8218623376450114,-0.08616572553109972,1.0,0.10929328233188737,0.12342110734719497,0.9743589743589743,0.18231630000082077,0.010439199999382254,0.41593469999497756,,B,0.0016614432358545246,0.9928807763132206,6.903701556076898,1.2444209836550388,0.9929853550760406,0.014689630136806478,0.1437065815783374,0.14250730028629974,3.5042960921843687,0.9444331443278596,0.06335717306018222
aggregation,P2_Full,,main,clean,0.0,22,0.15,118,1.0,1.0,1.0,-0.07860122188782404,1.0,0.11003497489959772,0.09024874046444893,0.975,0.15761139999813167,0.012334800005191937,0.598456100000476,,B,0.0029415756501851376,0.9968557248910936,6.928433693132724,2.0885187116314476,0.9968958528095814,0.012762216122285489,0.14312590121972918,0.14246607997775085,3.504803670031792,0.9478119282160608,0.06488139265344278
aggregation,P2_Full,,main,clean,0.0,22,0.2,157,0.949238578680203,0.9308477621816195,0.9007940449228079,-0.09380475074222835,1.0,0.11321436889996712,0.04925432571998009,1.0,0.14788039999984903,0.0070553999976255,0.7641898000001675,,B,0.0014925373134328358,0.9994131312010488,6.949289901947118,0.7405251311012458,0.999416472310346,0.005693111140418525,0.14261992289376846,0.1424893469870379,3.504517129078725,0.9752463202224658,0.03291968976808624
aggregation,P2_Full,,main,clean,0.0,23,0.05,39,0.9555837563451777,0.9090275374565281,0.9029136286109668,-0.09471671463556343,1.0,0.11056125481976103,0.145809272925059,1.0,0.18730280000454513,0.008424299994658213,0.20672149999882095,,B,0.0014192798736449145,0.9966434572700578,5.719606140670908,1.097103342327519,0.9966723585872289,0.008610442200928822,0.1737683497952518,0.1732667958093425,3.192861564053463,0.9539148458033931,0.0542425005908023
aggregation,P2_Full,,main,clean,0.0,23,0.1,78,0.9111675126903553,0.8516995607629934,0.8145559044414353,-0.0816851530418179,1.0,0.11080189552682708,0.1215170178657923,0.9487179487179487,0.18089290000352776,0.0057080999977188185,0.4053032000010717,,B,0.0016286297908814013,0.995286588105761,6.936119243238838,1.2198437133701696,0.9953383456675422,0.01098091211686006,0.14302868461696935,0.14260725530654061,3.5030664864323624,0.955971373994854,0.0541978902990333
aggregation,P2_Full,,main,clean,0.0,23,0.15,118,0.9073604060913706,0.872726392902103,0.8243258041439981,-0.09072763838653225,1.0,0.10822761638033317,0.11382620856165886,0.975,0.16079270000045653,0.007548599998699501,0.5877151000022423,,B,0.002911012090694671,0.9934776713694052,6.8859417206004,2.0668185843932165,0.9935882014368383,0.016946411886480217,0.14401781032566754,0.14266076004688213,3.50240900103044,0.9341438111730422,0.07709902560041008
aggregation,P2_Full,,main,clean,0.0,23,0.2,157,1.0,1.0,1.0,-0.0829664696811539,1.0,0.10710132008600255,0.11483453023128021,1.0,0.14593600000080187,0.009372399996209424,0.7535206000029575,,B,0.006830680274898403,0.9946165107399146,6.911592398893836,4.57655578418193,0.9947266947536891,0.02046702583609962,0.14340595941012624,0.142645516810566,3.5025962651318467,0.924922304753519,0.09105955547149296
aggregation,P2_Full,,main,clean,0.0,24,0.05,39,0.7779187817258884,0.8613884450636317,0.7526199243264319,-0.09547997804171947,1.0,0.11082330665518308,0.14574074248472849,1.0,0.18725690000428585,0.008558399997127708,0.21048829999926966,,B,0.001496977276430214,0.9961430132824765,5.698457582598266,1.1571634346805555,0.9961795465516465,0.009471971734862314,0.17441805973666008,0.17384994872276105,3.1880217068609875,0.9566680698463615,0.05012963236364797
aggregation,P2_Full,,main,clean,0.0,24,0.1,78,0.9809644670050761,0.9640587328375106,0.957854238712626,-0.07847627980313865,1.0,0.1107093574534362,0.12529862691194582,0.9743589743589743,0.17724530000123195,0.009382099997310434,0.4149723000009544,,B,0.0015492833153912672,0.9958003019607932,5.644721046893381,1.1604132032280592,0.9958353686993482,0.008349823779614912,0.17605661495544994,0.17551744572085418,3.1743598348485778,0.9550603448433428,0.0523828171937985
aggregation,P2_Full,,main,clean,0.0,24,0.15,118,0.9682741116751269,0.948805226189795,0.933064954431135,-0.07785096486125717,1.0,0.1121848207738174,0.07081121355295181,1.0,0.16878609999548644,0.014065299998037517,0.6110696000032476,,B,0.0014084507042253522,0.9979883616553911,6.942912304110107,0.7921188937534731,0.998004316435636,0.007931236888432112,0.14282448801948605,0.14252567591728083,3.5040699133052717,0.9671621978506864,0.040871466459866494
aggregation,P2_Full,,main,clean,0.0,24,0.2,157,0.9530456852791879,0.9341585027996356,0.9067921247221342,-0.08966536327355853,1.0,0.1127119085796054,0.0603330502143273,1.0,0.14398229999642354,0.007885899998655077,0.7733098000026075,,B,0.0014925373134328358,0.9988025834680154,6.943798788592299,0.6594476124109783,0.9988109446011904,0.006982643843290741,0.1427338879047938,0.14246703701224817,3.5047918819881616,0.9712639225780189,0.036540193886381904
aggregation,P2_Full,,main,clean,0.0,25,0.05,39,0.9581218274111675,0.9129646107198285,0.9072145753838365,-0.0641637549958959,1.0,0.11081428192220256,0.15486050521334013,0.9166666666666666,0.1963404000052833,0.006126699998276308,0.2128452000033576,,B,0.001340452102489789,0.9945049609022979,6.940543841938404,1.036169475224607,0.9945655862474367,0.011032741361963859,0.1429722248892614,0.14253061552795449,3.5040091234010533,0.9563369626437999,0.051951050331887044
aggregation,P2_Full,,main,clean,0.0,25,0.1,78,0.8984771573604061,0.8321626448234327,0.7868724349809322,-0.0750090459305946,1.0,0.11146081037060111,0.09471236589627388,1.0,0.17651440000190632,0.004741999997349922,0.40312290000292705,,B,0.0017183304261569716,0.9971467903633038,6.946510507131307,1.2870294891915717,0.9971727535227,0.009099632590013163,0.1428127285814124,0.1425108701084512,3.5042521479922843,0.9611451593645151,0.04816834065400442
aggregation,P2_Full,,main,clean,0.0,25,0.15,118,0.8908629441624365,0.8440341066708453,0.7850513901901259,-0.0783882894407898,1.0,0.11070131870295497,0.08172521740198135,1.0,0.16437389999919105,0.00439850000111619,0.5837959999989835,,B,0.0040438058647036795,0.9983234042398347,6.945161765651614,2.871102163939612,0.9983415599009513,0.010828884068523389,0.14277777191289975,0.1424740261030215,3.5047058003346345,0.9530203928603875,0.06050783476847626
aggregation,P2_Full,,main,clean,0.0,25,0.2,157,1.0,1.0,1.0,-0.07030840902846922,1.0,0.10681827460050172,0.10339925380853507,1.0,0.15036040000268258,0.006800499999371823,0.7502230000027339,,B,0.010231271647909886,0.9974341524086836,6.930854923748873,6.854952004099623,0.9974862582901974,0.020307473323902352,0.14300324518512125,0.14240456908283694,3.5055616481278395,0.9210363861478927,0.0998063105047534
aggregation,P2_Full,,main,clean,0.0,26,0.05,39,0.9302030456852792,0.8636208003096062,0.8467129071783613,-0.06143945785454016,1.0,0.11060613144611395,0.18309934064745903,0.9166666666666666,0.19984459999977844,0.004495799999858718,0.22026710000500316,,B,0.0015114753134116501,0.9932030170659601,6.928779726085557,1.1683704172672056,0.9932830423681094,0.01177365059260473,0.14321717138438297,0.1426378620407671,3.502690319548872,0.9549451707216375,0.05281116236997225
aggregation,P2_Full,,main,clean,0.0,26,0.1,78,0.9974619289340102,0.9934128487254016,0.9940373138098214,-0.07920189241203228,1.0,0.10926448110225193,0.1227196202828334,0.9487179487179487,0.18223109999962617,0.010409499998786487,0.4290469000043231,,B,0.0016254621264345137,0.9897248634459891,6.836830266274878,1.2174711326994507,0.9898842475647377,0.015511630226108132,0.1451252572226757,0.1433033706260754,3.4945507311361883,0.9448852494353852,0.06092973019868036
aggregation,P2_Full,,main,clean,0.0,26,0.15,118,1.0,1.0,1.0,-0.08002285982574163,1.0,0.11258206469581171,0.076553675532341,1.0,0.1746486999982153,0.011230500000237953,0.627205500000855,,B,0.0014084507042253522,0.9983184717590761,6.9431502224876285,0.7237696277840249,0.9983300325692379,0.006875180493835139,0.14281954557429924,0.14259719104471683,3.503190214817085,0.9701754761289588,0.037875868418602396
aggregation,P2_Full,,main,clean,0.0,26,0.2,157,1.0,1.0,1.0,-0.0857743222740905,1.0,0.11336145738881484,0.04445173037357819,1.0,0.14413369999965653,0.007680100003199186,0.7896540000001551,,B,0.0014925373134328358,0.9993954736412519,6.946968064219894,0.5996964784617066,0.9993987187984797,0.005368098811313119,0.1426680893635137,0.1425384289315753,3.5039129754265144,0.9763925087743115,0.031629328979142605
aggregation,P2_Full,,main,clean,0.0,27,0.05,39,0.950507614213198,0.9019794747868659,0.8907660510783793,-0.07434797898968541,1.0,0.11065414682552054,0.1685593736668428,0.9166666666666666,0.1928637999953935,0.0034574999954202212,0.20628040000156034,,B,0.001350585688916276,0.9937886514480065,6.939246049928665,1.0440027375322813,0.9938605514874876,0.011575592462608633,0.1429992061041458,0.14248034372507357,3.5046279961423563,0.9553904697882636,0.05270355341294639
aggregation,P2_Full,,main,clean,0.0,27,0.1,78,0.9961928934010152,0.9896441640470827,0.990936988248635,-0.07878482795975676,1.0,0.11025441509605723,0.1254182205750392,0.9487179487179487,0.1796881999980542,0.004542299997410737,0.4040322000000742,,B,0.001606828083327799,0.9927372505069388,6.91158372273194,1.2035142344125214,0.9928308918496872,0.012893373623555544,0.14354116986848245,0.14256798726287456,3.503549340210832,0.9522546969789719,0.05492915647563244
aggregation,P2_Full,,main,clean,0.0,27,0.15,118,0.998730964467005,0.9962537380545686,0.9970053803965649,-0.07594022047700563,1.0,0.1125724250052384,0.06982322037220001,1.0,0.16644250000535976,0.00889409999945201,0.591083899998921,,B,0.0014084507042253522,0.9982374858711667,6.9488413012964685,0.7773970361266367,0.9982497707445558,0.006970085055273035,0.14270142167951186,0.1424859452909275,3.5045590162563087,0.970062487076134,0.03803198203706817
aggregation,P2_Full,,main,clean,0.0,27,0.2,157,1.0,1.0,1.0,-0.0845869890880255,1.0,0.11326706197698377,0.050603353060208835,1.0,0.14673389999370556,0.007587399995827582,0.7560685999997077,,B,0.0014925373134328358,0.99922896525198,6.9519889924217235,0.6223444936719726,0.9992332789384901,0.005594671992694093,0.1425639707639959,0.14242241706266873,3.5053416460415425,0.975783607360167,0.032125996423526405
aggregation,P2_Full,,main,clean,0.0,28,0.05,39,0.9517766497461929,0.9041225235381353,0.8902430834699943,-0.08783371271019084,1.0,0.11047912348427831,0.162709412475427,0.9583333333333334,0.1965208999972674,0.010412499999802094,0.21750930000416702,,B,0.0015045828354901382,0.9957579967535465,5.7105737202030005,1.1630425318338768,0.995798525838123,0.00955423233361547,0.17404524821270567,0.17341761121798524,3.1916067563388992,0.953826315182022,0.05260539352615959
aggregation,P2_Full,,main,clean,0.0,28,0.1,78,1.0,1.0,1.0,-0.08823530867280513,1.0,0.11105030042482884,0.0944084922472636,1.0,0.18148460000520572,0.005166700000700075,0.41749520000303164,,B,0.001399243723414872,0.9966785018657015,6.94890595801454,1.048033548837739,0.9967116269249842,0.009972927258526826,0.14276303682369593,0.14232523935657526,3.5065401690536504,0.9576627000980747,0.05202499179037246
aggregation,P2_Full,,main,clean,0.0,28,0.15,118,1.0,1.0,1.0,-0.07008394541577119,1.0,0.1128125397965374,0.051440344750881196,1.0,0.1592993000012939,0.008198299998184666,0.5956120000046212,,B,0.0014084507042253522,0.9989002760113714,6.960342540800788,0.7350785601284378,0.998907234472464,0.006327461403545031,0.14246329187554332,0.1422872921591609,3.5070086281517883,0.9718722986297837,0.0365532191786277
aggregation,P2_Full,,main,clean,0.0,28,0.2,157,0.9276649746192893,0.9140816509901059,0.8623926119672659,-0.09313171342451686,1.0,0.11334480611436487,0.04453443869566306,1.0,0.14478510000481037,0.005810999995446764,0.7565251999985776,,B,0.0014925373134328358,0.9993864907377907,6.962765282342425,0.5769906070059789,0.9993898177501958,0.005422921233579537,0.14234101067918326,0.14220824130468732,3.507985315804336,0.9763272479853021,0.03170107247624612
aggregation,P2_Full,,main,clean,0.0,29,0.05,39,0.7918781725888325,0.9129327826890118,0.8052173993252504,-0.07576248338734996,1.0,0.10994645009916437,0.1605930688480536,0.9583333333333334,0.18707770000037272,0.01980119999643648,0.22441279999475228,,B,0.0015131026749392019,0.9946434763694874,5.684800523879995,1.169628367728003,0.9946966510546671,0.00992708869551543,0.17484019032221673,0.1742186086105544,3.1849787430506127,0.9494674212040386,0.05758941605131829
aggregation,P2_Full,,main,clean,0.0,29,0.1,78,0.8185279187817259,0.9166367945847698,0.8141571969334943,-0.08362096651368704,1.0,0.1114088875421085,0.1091202696164449,1.0,0.17547479999484494,0.011956199996348005,0.428897899997537,,B,0.0013351134846461949,0.9970373497334443,5.5549524506004175,0.8350996485864048,0.9970625106222859,0.00849269626107702,0.17892331216422455,0.17844469988505174,3.150994258507212,0.9614328880848542,0.04517391785930084
aggregation,P2_Full,,main,clean,0.0,29,0.15,118,0.9758883248730964,0.9576879265394465,0.947625799812027,-0.07521374419769564,1.0,0.1121724606489881,0.0941587507724762,1.0,0.1597031999990577,0.012364000001980457,0.6127654000010807,,B,0.0014084507042253522,0.9985282431235728,5.408663708079563,0.8793962353127764,0.9985387189900597,0.00711793276101152,0.1837388882327085,0.18310653767456644,3.115325362900601,0.9668571306218676,0.040180678228951786
aggregation,P2_Full,,main,clean,0.0,29,0.2,157,0.9631979695431472,0.9433540119224948,0.923873806450881,-0.08322926467668228,1.0,0.11268172851659047,0.05925918389589359,1.0,0.14697629999864148,0.00931480000144802,0.7790410999950836,,B,0.0014925373134328358,0.9980047052915463,6.883664258519322,0.6319464233907282,0.9980196776516966,0.007503833938376968,0.14399384512218052,0.14370747161055708,3.4896451082062905,0.9710812548526255,0.036220642223391324
aggregation,P2_Full,,main,clean,0.0,0,0.05,39,0.9619289340101523,0.9235168315390532,0.9147948060109417,-0.07519306541088311,1.0,0.11082033058704562,0.16057269523541132,1.0,0.19266299999435432,0.011193799997272436,0.21641749999980675,,C,0.0015130976969013846,0.9952142815086534,5.613229342782535,1.1013536097930978,0.9952598404265885,0.009519765531018956,0.17708599695840552,0.17670538712639672,3.164784257942153,0.9567658815496868,0.049785708354741165
aggregation,P2_Full,,main,clean,0.0,0,0.1,78,0.9428934010152284,0.9088989581314925,0.8815866451202213,-0.0787796620354102,1.0,0.11055431467055649,0.1197815797267816,0.9743589743589743,0.17988949999562465,0.007601400000567082,0.41920589999790536,,C,0.0017535757812302548,0.9935789541359118,6.932611148942255,1.2387991187525087,0.9936548490127834,0.011819706396450405,0.1431017376221804,0.1424216245546647,3.505351413675556,0.9548721488868478,0.05261569143736489
aggregation,P2_Full,,main,clean,0.0,0,0.15,118,1.0,1.0,1.0,-0.08508358041860974,1.0,0.11045836162561357,0.09268961101770401,0.975,0.16267350000271108,0.00960050000139745,0.6031562999996822,,C,0.0018769444405444774,0.9969143705193266,6.946844450158505,1.2527050396640054,0.9969519632942676,0.012183178562556062,0.14274284623299557,0.14237469953713822,3.505929956746198,0.9517622016272271,0.060932324591515236
aggregation,P2_Full,,main,clean,0.0,0,0.2,157,1.0,1.0,1.0,-0.08819932038125709,1.0,0.11316361678402548,0.04604304906649467,1.0,0.15273480000178097,0.006914400000823662,0.7726843999989796,,C,0.0015915495019448325,0.9992907532160098,6.957788009052368,0.7260375421921399,0.9992949360189881,0.005897528297208481,0.14244390400964843,0.14229748120384625,3.506882819604277,0.9749968640927386,0.032962189569851655
aggregation,P2_Full,,main,clean,0.0,1,0.05,39,0.9454314720812182,0.8933855194343575,0.8808245981931233,-0.07128900796566941,1.0,0.11040566340606207,0.17529339094956717,0.9583333333333334,0.19729470000311267,0.003877199997077696,0.21177000000170665,,C,0.00154888460895212,0.9942722048403236,6.928643890572416,1.12847040654318,0.9943389133239083,0.01164645063676563,0.14322000454062722,0.1426211047731401,3.502896251909294,0.9535228604076946,0.05449799450201959
aggregation,P2_Full,,main,clean,0.0,1,0.1,78,0.9682741116751269,0.9479438494478275,0.9322749293510817,-0.0803352677578337,1.0,0.11060811428657955,0.1184294132085947,0.9487179487179487,0.18047759999899426,0.004878200001257937,0.4204637000002549,,C,0.001638252736071745,0.993369903038811,6.901366222355545,1.157573662480668,0.9934489551860732,0.011923226421124927,0.1437556624297127,0.14281430499132533,3.500524921261811,0.9548371717545425,0.05243546399767532
aggregation,P2_Full,,main,clean,0.0,1,0.15,118,1.0,1.0,1.0,-0.08300313265978024,1.0,0.11248681932089916,0.05974708199501037,1.0,0.16113619999669027,0.018431099997542333,0.6128046000012546,,C,0.0015009130444455679,0.9986442271366217,6.937592509535913,0.7535787827975589,0.9986536477894838,0.0069485480323543325,0.14293508837136984,0.14268459842269413,3.5021162253223066,0.9692917863355521,0.03903914935211331
aggregation,P2_Full,,main,clean,0.0,1,0.2,157,1.0,1.0,1.0,-0.08601015626569852,1.0,0.11335023050889115,0.0410952430505019,1.0,0.14961120000225492,0.00839059999998426,0.7810334000023431,,C,0.0015913062310546875,0.9991380100240753,6.942764518141932,0.6073141391703805,0.999142622742954,0.005351244222611929,0.14275537378939065,0.14264105481560807,3.502651088588588,0.9763557996531212,0.031582341345417146
aggregation,P2_Full,,main,clean,0.0,2,0.05,39,0.9441624365482234,0.8882136221689598,0.8757049316701458,-0.08785932258786633,1.0,0.11080466461018493,0.1600426845252514,0.9166666666666666,0.19016849999752594,0.006951399998797569,0.2071709000010742,,C,0.0015366758624427521,0.9946452371884655,6.936569819524652,1.1191555974065912,0.9947040215741196,0.010977962558384265,0.1430548770557641,0.14261105041256392,3.5030198345553676,0.9563555471602863,0.051826880392753474
aggregation,P2_Full,,main,clean,0.0,2,0.1,78,0.9708121827411168,0.9472412005305482,0.9434473570137267,-0.08580634398216101,1.0,0.11125156855334126,0.09735425466146225,1.0,0.18477880000136793,0.004505600001721177,0.4104756000015186,,C,0.0015485703036664782,0.9959526572943196,6.934461506940591,1.0913673694152273,0.9959920045968333,0.009721761999192828,0.14306319631869824,0.14263938370590376,3.5026716219936436,0.9602705541927229,0.04834720800989266
aggregation,P2_Full,,main,clean,0.0,2,0.15,118,0.9606598984771574,0.9410775026271915,0.9297280314467278,-0.0848423800224463,1.0,0.11228871889969085,0.07863964140415192,1.0,0.16085810000367928,0.008870799996657297,0.5910215999974753,,C,0.002069149735017501,0.9984197687804129,6.943119879054985,1.3789039383099138,0.9984315493248774,0.007454949831665478,0.14282017590084478,0.14262897554579948,3.502799520878019,0.9669814095423611,0.043180233013465616
aggregation,P2_Full,,main,clean,0.0,2,0.2,157,0.9479695431472082,0.9337496384698061,0.9140003295383574,-0.08708275757843759,1.0,0.11251455536255006,0.05391483581983126,1.0,0.14787790000264067,0.006192100001499057,0.755794299999252,,C,0.0028435513637859113,0.9992690460789968,6.944284920773896,1.7866947467367764,0.9992743242518815,0.007220937918232217,0.14272379122931245,0.14257858688619682,3.5034189772798396,0.9678155384564057,0.04423528855425555
aggregation,P2_Full,,main,clean,0.0,3,0.05,39,0.9619289340101523,0.9179800135204501,0.9130944823856211,-0.08256801102307107,1.0,0.11121583205887597,0.15679155538479486,1.0,0.19882170000346377,0.006019899999955669,0.2168383000025642,,C,0.0013756489762499103,0.996515454239014,5.546796636907165,0.778452921374131,0.9965471328249202,0.009091166562046319,0.17922242911089376,0.17878999121919176,3.148288563555589,0.9599057111211229,0.04709251611858099
aggregation,P2_Full,,main,clean,0.0,3,0.1,78,0.934010152284264,0.8839574257604098,0.8583491323621151,-0.08521512043413705,1.0,0.11075034393765307,0.09725106526643802,0.9487179487179487,0.17964119999669492,0.006750100001227111,0.41587989999970887,,C,0.001517815000561419,0.9948214536209268,6.914921157583256,1.0709086610819722,0.9948793230871339,0.01117484752884016,0.14347124555507418,0.14292139965586914,3.4992132081126988,0.9565038147941168,0.051067152336624975
aggregation,P2_Full,,main,clean,0.0,3,0.15,118,1.0,1.0,1.0,-0.07506179776645683,1.0,0.11107426486240746,0.09294387549161912,1.0,0.1615684999997029,0.007853100003558211,0.596235600001819,,C,0.0015675787749142866,0.9975252936475117,6.92207238091046,1.045588316094693,0.997551425840462,0.01055971466028103,0.14325872860519726,0.14290708993027276,3.4993883622007838,0.9568208936439223,0.054077279798075896
aggregation,P2_Full,,main,clean,0.0,3,0.2,157,1.0,1.0,1.0,-0.08454647773238443,1.0,0.11316409020548882,0.04967905924870418,1.0,0.14701749999949243,0.006272200000239536,0.7591132000015932,,C,0.001591484355360411,0.9992498494430913,6.930168470704475,0.6367557165416629,0.9992543024441578,0.005936143118935409,0.14301755812739575,0.14286415456350535,3.499914110812668,0.9749383580242277,0.032993262611702906
aggregation,P2_Full,,main,clean,0.0,4,0.05,39,0.949238578680203,0.9034066616246849,0.8897648338365792,-0.07598555798765201,1.0,0.11014522849241734,0.1408207193017006,0.9583333333333334,0.19212179999885848,0.018408899995847605,0.22774290000234032,,C,0.0019401725460995477,0.9962045822177857,5.709737880836766,1.4108090238698126,0.9962415949722969,0.009751957922686376,0.1740709160395833,0.1731629007500553,3.1937272586513896,0.9508965827964044,0.05683551827304184
aggregation,P2_Full,,main,clean,0.0,4,0.1,78,0.9467005076142132,0.9087571559980034,0.8928988166944636,-0.08564722905608649,1.0,0.10938625794065628,0.14487662376501623,0.9487179487179487,0.17570189999969443,0.011203300004126504,0.42938690000300994,,C,0.001851370376645894,0.9900966754790637,6.895764083509349,1.3124852786208583,0.9902457973675687,0.015057760471224922,0.14387353604914785,0.14270007068247859,3.501926252063842,0.9463383469886508,0.05970262484075532
aggregation,P2_Full,,main,clean,0.0,4,0.15,118,0.9581218274111675,0.9391394361882248,0.926109432344544,-0.08210588654135058,1.0,0.11195636664811343,0.07947554886341095,0.975,0.16109599999617785,0.010320899993530475,0.6130723000023863,,C,0.0024230885850293105,0.9974068449950133,6.9367078203702865,1.616412540210923,0.9974290839538436,0.008576023719183873,0.14295349781370442,0.1426925445479648,3.502018655158012,0.9641109653492049,0.04638282010641848
aggregation,P2_Full,,main,clean,0.0,4,0.2,157,0.9454314720812182,0.9321674711441709,0.9109599029289838,-0.07976649330142756,1.0,0.11219615564207647,0.05994583398867876,1.0,0.14473980000184383,0.0077777000042260624,0.7766031000064686,,C,0.0032644399157027815,0.9990805226198706,6.939824221104677,2.0515396024231958,0.9990879705237622,0.00810014912015294,0.1428164903612127,0.14264105481560807,3.502651088588588,0.9650676700762996,0.04763249168480721
aggregation,P2_Full,,main,clean,0.0,5,0.05,39,0.9708121827411168,0.9423391832161303,0.9332005500424252,-0.07155016815927229,1.0,0.11093506417923951,0.16459573060274124,1.0,0.189309500005038,0.015779000001202803,0.21941440000227885,,C,0.0013753951923326545,0.9963316140298119,5.559297726592943,0.867774907350681,0.9963667108545544,0.009567375142029518,0.1788165021589016,0.17819008103814624,3.1529961631056276,0.9574455311871244,0.049112181642716426
aggregation,P2_Full,,main,clean,0.0,5,0.1,78,0.998730964467005,0.9962537380545686,0.9970053803965649,-0.07497064347439085,1.0,0.110588416788734,0.1106339326271644,0.9487179487179487,0.1777903999973205,0.009111599996685982,0.42075089999707416,,C,0.0014550349005331379,0.9939274285795955,6.906294222691712,1.027536996356892,0.9939982709144652,0.011665953344204788,0.14365213133684762,0.14296780734383813,3.4986454093735175,0.9553247871261521,0.05201449472518298
aggregation,P2_Full,,main,clean,0.0,5,0.15,118,1.0,1.0,1.0,-0.08045374653595594,1.0,0.11255855507154447,0.06275777071714402,1.0,0.16049029999703635,0.008998999997857027,0.6009476999970502,,C,0.001501079325883385,0.998754863791137,6.926260287806607,0.8128713360904595,0.9987635020497158,0.006937601297980758,0.14317125557182728,0.14296668586980274,3.498659126278346,0.9697715154922626,0.03882851508100472
aggregation,P2_Full,,main,clean,0.0,5,0.2,157,1.0,1.0,1.0,-0.07887001884857228,1.0,0.11319271534923168,0.04810387507463113,1.0,0.14759220000269124,0.0061960000020917505,0.7627748000013526,,C,0.0015917646625682172,0.9994258467340823,6.927692075837334,0.6705050192493502,0.9994291560094436,0.005763749085390281,0.1430692159637304,0.14293108448787453,3.49909468360753,0.974990065309186,0.03341291039905111
aggregation,P2_Full,,main,clean,0.0,6,0.05,39,0.9657360406091371,0.9262046124889664,0.9238473485935422,-0.0767645648820915,1.0,0.11100032380748157,0.14571343859036764,1.0,0.19316080000135116,0.011692799998854753,0.21509990000049584,,C,0.0014028831152688328,0.9960359034599265,5.628504395151605,1.0202882935007493,0.9960724907161806,0.00922965822963401,0.17660189247463157,0.17606861095657186,3.169901018368707,0.9578267639113953,0.04854472430112405
aggregation,P2_Full,,main,clean,0.0,6,0.1,78,0.949238578680203,0.9123969245739245,0.8922251178888738,-0.08522121681936234,1.0,0.11062549068851871,0.10983740060757367,0.9743589743589743,0.1734786000015447,0.004918099999486003,0.40501619999849936,,C,0.0014174141523104172,0.9948909891626355,6.929766178251832,0.9836503044682224,0.9949484249909603,0.0112420642964112,0.1431610359701283,0.1425822665514804,3.5033737262462132,0.9546903762608359,0.05358426671371761
aggregation,P2_Full,,main,clean,0.0,6,0.15,118,0.9225888324873096,0.8837994772660488,0.8441168687975431,-0.0830507831013331,1.0,0.11185621326823272,0.07643789798021317,1.0,0.16880659999878844,0.006826000004366506,0.5925535999995191,,C,0.0017501682663262814,0.9982532852045722,6.938639976589942,1.166525725249254,0.99826786315351,0.0083459240031562,0.14291329776355913,0.1426329486084348,3.50275069637883,0.9639073440741669,0.045501697475876776
aggregation,P2_Full,,main,clean,0.0,6,0.2,157,0.949238578680203,0.932080260458279,0.9049582084339994,-0.07700079503936462,1.0,0.11144980189607542,0.0657888650894165,1.0,0.14446269999461947,0.0065377999999327585,0.7549321000042255,,C,0.0017983611473836678,0.9985846529121554,6.9368497698972,1.1307425677462621,0.9985983065337349,0.009646836240290457,0.1428783695732251,0.14257412489123888,3.5034738522204485,0.9599982701635277,0.05103995304875624
aggregation,P2_Full,,main,clean,0.0,7,0.05,39,0.751269035532995,0.8249759593582916,0.7179917179238826,-0.07321304464352456,1.0,0.11027835293678159,0.13903814430038133,0.875,0.19267109999782406,0.012329499993938953,0.21989079999912065,,C,0.0015312801090616396,0.9957521294542169,5.718409754450197,1.1139861882960465,0.9957890700436531,0.00869626064120217,0.17380497602376074,0.17344777429971378,3.1913560566537207,0.9519204757650462,0.05589505475271901
aggregation,P2_Full,,main,clean,0.0,7,0.1,78,0.9200507614213198,0.8673660969292363,0.836630161760712,-0.08252890217216782,1.0,0.11024573381310646,0.11406889481422229,1.0,0.1795401999988826,0.009587700005795341,0.42351249999774154,,C,0.0017655139523691235,0.9965459779843039,5.642503548028257,1.2435193456572375,0.9965772501463901,0.009053839826166527,0.1761263304480834,0.1755245853651571,3.174301897537066,0.9516767341582368,0.05751254382619353
aggregation,P2_Full,,main,clean,0.0,7,0.15,118,0.9593908629441624,0.9362776196577618,0.9188441472522603,-0.08949468564383668,1.0,0.10690664360536932,0.14635502621531488,0.95,0.15219729999807896,0.010261900002660695,0.5966055000026245,,C,0.003283004626823148,0.9885021536698049,6.850792809898169,2.209780509248457,0.9887522896975115,0.021755033118661386,0.14476394944108867,0.14268459842269413,3.5021162253223066,0.9243707538002361,0.08542822269814092
aggregation,P2_Full,,main,clean,0.0,7,0.2,157,0.9479695431472082,0.9310369442503655,0.9031644957355794,-0.08679554521788588,1.0,0.11152384214738746,0.0730323287156912,1.0,0.1386138999951072,0.006019500004185829,0.7522144000031403,,C,0.0015891163432544626,0.9977630388864065,6.932595016332108,0.8680537195389344,0.9977847947805248,0.009725646988744657,0.1429669759495775,0.14272583271980901,3.5016100290743117,0.9610988438726489,0.04939790580032714
aggregation,P2_Full,,main,clean,0.0,9,0.05,39,0.9771573604060914,0.9489569543668942,0.9489451001483251,-0.1015850414031576,1.0,0.11068944404409972,0.16865324104825655,0.9583333333333334,0.18436500000098022,0.02942320000147447,0.2285379999957513,,C,0.0013746446053223339,0.9957878913444108,5.556828631156091,0.9130808998611681,0.9958282552720727,0.00958283153696057,0.1788965322172648,0.1784347371455,3.151072481734002,0.955783174764952,0.05107709485307554
aggregation,P2_Full,,main,clean,0.0,9,0.1,78,1.0,1.0,1.0,-0.08360411323495893,1.0,0.11142898664568009,0.10344043832558852,0.9230769230769231,0.16597059999912744,0.010541800002101809,0.4150475999995251,,C,0.001532013011538611,0.9951312341695862,6.919453180538619,1.0805897131811397,0.9951788808510112,0.009786192863803209,0.1433764008013942,0.1429963659210498,3.4982961779464263,0.961557247576817,0.04693734503280893
aggregation,P2_Full,,main,clean,0.0,9,0.15,118,1.0,1.0,1.0,-0.08212280641382498,1.0,0.11251240424638445,0.06064726561307907,1.0,0.15451300000131596,0.006046700000297278,0.5845705999963684,,C,0.0015007305292399204,0.9985227892177767,6.924525063612515,0.7871957426430369,0.9985333235579951,0.0071312370212702775,0.14320748645395673,0.1429984703708854,3.4982704489886642,0.9695451895627542,0.03888640372759747
aggregation,P2_Full,,main,clean,0.0,9,0.2,157,1.0,1.0,1.0,-0.08675926493097351,1.0,0.11314113698998056,0.05033754843931932,1.0,0.13898219999828143,0.004898300001514144,0.7370521999982884,,C,0.001591450502092349,0.999228593894521,6.925317651492342,0.6517871870157581,0.999233182181094,0.0059479521103970616,0.14311878137876907,0.14296231845258014,3.4987125468164795,0.9746787817161258,0.03346129283173352
aggregation,P2_Full,,main,clean,0.0,8,0.05,39,0.7639593908629442,0.8788641251152333,0.7521800549651313,-0.07264092910599779,1.0,0.11104311763858318,0.162481019894282,1.0,0.21315820000017993,0.007656499998120125,0.2416014999980689,,C,0.0013748106334504555,0.9959081615575017,5.533231198606108,0.7677328272681021,0.995947341657945,0.009575182645602037,0.1796649919693113,0.17917205692108668,3.1453068592057765,0.9586694650598211,0.048021091373203775
aggregation,P2_Full,,main,clean,0.0,8,0.1,78,0.7614213197969543,0.8598983815270942,0.7307595690328867,-0.08250754926239211,1.0,0.10996997016915117,0.09922370925927773,0.9743589743589743,0.16679319999821018,0.015273299999535084,0.43879110000125365,,C,0.0016477914128720545,0.9961803635892299,5.629756213694099,1.1610287957749632,0.9962159907897705,0.009327380072139258,0.17652815657060505,0.1759029865132119,3.171237950279046,0.9494867186636746,0.057949542299179806
aggregation,P2_Full,,main,clean,0.0,8,0.15,118,0.9974619289340102,0.9934128487254016,0.9940373138098214,-0.08866256261926402,1.0,0.10987743175244807,0.10301334857940674,1.0,0.15335890000278596,0.009810600000491831,0.6141943999973591,,C,0.0017655479563040172,0.9968878354111416,5.510708135812699,1.1783884733379466,0.9969162098140065,0.00911725651225397,0.1803103892999125,0.17963408093128588,3.1417180899298875,0.9489657303676181,0.058948631864706495
aggregation,P2_Full,,main,clean,0.0,8,0.2,157,1.0,1.0,1.0,-0.09078060278180716,1.0,0.11258633906399702,0.07057769176287529,1.0,0.1433080000060727,0.006842500006314367,0.7749887999962084,,C,0.001589035079080065,0.9977120153160156,6.907371844169354,0.7337136303129144,0.9977302281563188,0.00796021076134006,0.14349449691248758,0.14319880418535127,3.4958246346555324,0.9706205091457365,0.03669808309440515
aggregation,P2_Full,,main,clean,0.0,10,0.05,39,0.9454314720812182,0.8900652471372315,0.8785370787378398,-0.08273938017415992,1.0,0.11093307646694842,0.1791892151037852,0.9583333333333334,0.18196750000061002,0.006947100002435036,0.19865240000217455,,C,0.001645645520824139,0.9947469144152866,5.726666400744856,1.1983953088232244,0.9947958337770132,0.009312500422396421,0.17355251826774773,0.1732734987163933,3.1928057484381345,0.9573786797636724,0.049824874544444446
aggregation,P2_Full,,main,clean,0.0,10,0.1,78,0.9974619289340102,0.9934128487254016,0.9940373138098214,-0.07060772654322144,1.0,0.11107219443321698,0.11132002640993167,0.9743589743589743,0.17415500000061002,0.0042267000026186,0.3919235000066692,,C,0.0016449929384049346,0.9954273031110592,6.944258923999573,1.1599338487997413,0.9954747348364426,0.010372812048410427,0.14285946717110204,0.14239663579960446,3.5056594549875904,0.958085901741744,0.051675750451745286
aggregation,P2_Full,,main,clean,0.0,10,0.15,118,1.0,1.0,1.0,-0.09152173550682843,1.0,0.11260472425657708,0.059684811532497405,1.0,0.16208399999595713,0.011137600005895365,0.5757076000008965,,C,0.0015008201569986703,0.9985824237477038,6.955638877227933,0.7879423170356182,0.9985920863848038,0.006816308529676173,0.14256058468079896,0.14235880728659686,3.5061259802963916,0.9702892100662288,0.03804234280470683
aggregation,P2_Full,,main,clean,0.0,10,0.2,157,1.0,1.0,1.0,-0.095120690421794,1.0,0.1132128778042741,0.04561627369660597,1.0,0.14860359999875072,0.006077099998947233,0.7403144000054453,,C,0.001591648547861617,0.9993529414600231,6.958679123803186,0.6331460868448874,0.9993566298744422,0.005700279327563655,0.14242547150660634,0.1422840952189724,3.507048105870547,0.9752178235700697,0.03299060468179463
aggregation,P2_Full,,main,clean,0.0,11,0.05,39,0.9479695431472082,0.8940644252849848,0.8837869622990838,-0.07815114116911279,1.0,0.11078744698838293,0.16772491857409477,0.875,0.18582949999836273,0.007180100001278333,0.20459040000423556,,C,0.0014540452947909132,0.9942083565172773,6.938456483371614,1.059441388398787,0.9942727897733856,0.011125211056320253,0.14301562620358796,0.14255072424910684,3.5037616965251326,0.9560982951664121,0.05242491831752119
aggregation,P2_Full,,main,clean,0.0,11,0.1,78,0.9581218274111675,0.9284295169694052,0.9157658639092882,-0.10196832858706824,1.0,0.11091067555945146,0.09637844791779152,0.9743589743589743,0.17883730000176,0.0052794000002904795,0.4018787000022712,,C,0.0015305019805927215,0.9956879825724185,6.935866144965437,1.0789202968873868,0.9957326006765569,0.010347384927742969,0.14303395269438543,0.14250730028629974,3.5042960921843687,0.9567937630869534,0.05213939949928102
aggregation,P2_Full,,main,clean,0.0,11,0.15,118,0.9390862944162437,0.9118234870776988,0.884894750931537,-0.09304871795073377,1.0,0.11172012922089898,0.07503819018602371,1.0,0.16379890000098385,0.008937999999034218,0.5926280999992741,,C,0.0025934656364785115,0.99867537264117,6.9488095871748765,1.7278714207606205,0.9986868002064359,0.008627003805750249,0.14270207940094734,0.1424740261030215,3.5047058003346345,0.961648227235824,0.05023302479732198
aggregation,P2_Full,,main,clean,0.0,11,0.2,157,1.0,1.0,1.0,-0.07906598827299757,1.0,0.10848766173401149,0.09237488569357456,1.0,0.14585290000104578,0.013328200002433732,0.761536400001205,,C,0.0062523137027582385,0.9980735264240457,6.9307084151105265,3.933235421552815,0.9981052394342309,0.016461689680610334,0.14300629973682552,0.14240456908283694,3.5055616481278395,0.9358388167381217,0.08086138960404048
aggregation,P2_Full,,main,clean,0.0,12,0.05,39,0.9467005076142132,0.8905448952325267,0.8811466848891131,-0.07286095911845288,1.0,0.11065543553540122,0.1699271077911059,0.9583333333333334,0.19186460000491934,0.003926199999114033,0.20625519999885,,C,0.001424717714551154,0.994209430656323,6.943917977682394,1.038071708105711,0.9942742994164516,0.011202483949097891,0.14290212349432607,0.14242672046866725,3.5052886086076667,0.9556097208865928,0.05243955366621346
aggregation,P2_Full,,main,clean,0.0,12,0.1,78,0.9974619289340102,0.9924878983912899,0.9939181862639,-0.07243221873935761,1.0,0.11052196122207034,0.08772476208515656,1.0,0.18583550000039395,0.0049636000039754435,0.40989889999764273,,C,0.0017405654122918857,0.9955141955260407,6.939709772351025,1.2272177402749131,0.9955641569896643,0.01113768197290964,0.14295399146039528,0.14239663579960446,3.5056594549875904,0.9544962752853745,0.05372717389562628
aggregation,P2_Full,,main,clean,0.0,12,0.15,118,1.0,1.0,1.0,-0.09105442856678884,1.0,0.11256825373613248,0.06371187567710876,1.0,0.16261569999915082,0.008217499998863786,0.5913970000037807,,C,0.0015007088039568023,0.9985083341308222,6.955145665120351,0.8312756014915748,0.9985186578631431,0.006920941568933915,0.14257079413644075,0.14235483422396153,3.506174993022607,0.9699770960420017,0.03838866920634443
aggregation,P2_Full,,main,clean,0.0,12,0.2,157,1.0,1.0,1.0,-0.0854311431948395,1.0,0.11321813991501876,0.048671869131234974,1.0,0.14287570000306005,0.006178800002089702,0.7504916000034427,,C,0.0015916409480829696,0.9993481697651941,6.958253781080166,0.6594953704538838,0.9993518636892064,0.005667003178125881,0.14243426903377734,0.14227963322401446,3.5071032082039704,0.9753295983459698,0.0326938664863876
aggregation,P2_Full,,main,clean,0.0,13,0.05,39,0.9619289340101523,0.9198821672377703,0.9160854753143952,-0.08283141741864207,1.0,0.11111136713593231,0.15178341418504715,1.0,0.190404100001615,0.007655800000065938,0.20753720000357134,,C,0.0014495083195083661,0.9962530370227118,5.592912980743394,1.0539680914924046,0.9962864967422786,0.00892982390529756,0.17773397052242942,0.17733546038917078,3.1597575265057736,0.9586262001398941,0.0482547646789068
aggregation,P2_Full,,main,clean,0.0,13,0.1,78,0.9758883248730964,0.9574312705986714,0.9476178973170072,-0.08358362623707143,1.0,0.11094751257050907,0.12314847264534388,0.9743589743589743,0.17798659999971278,0.0041768000010051765,0.40601949999836506,,C,0.0021576761785852454,0.9949535082408925,6.92860089853039,1.522166682855914,0.9950082084361829,0.010839251880619623,0.14318533820880142,0.14265009317235816,3.50254004004004,0.9573054338453841,0.05139628370740133
aggregation,P2_Full,,main,clean,0.0,13,0.15,118,0.998730964467005,0.9962537380545686,0.9970053803965649,-0.0993674840871798,1.0,0.11246893837860966,0.057934272289276126,1.0,0.16546229999948991,0.011648800005787052,0.5945839999985765,,C,0.0015010760709484965,0.9987526980947643,6.936948939300299,0.7473737904680947,0.9987614315311494,0.007001862458791647,0.1429484799192589,0.14271638292377678,3.5017260098549596,0.9691473871948283,0.03935313843373177
aggregation,P2_Full,,main,clean,0.0,13,0.2,157,1.0,1.0,1.0,-0.08677266714048147,1.0,0.11323482024965635,0.043040954149686374,1.0,0.15160710000054678,0.006856599997263402,0.7639000999988639,,C,0.0015913977287594625,0.9991954589505526,6.940108064992168,0.6359937024418598,0.9992000695076897,0.005730667366554404,0.14281058816656578,0.1426633647903978,3.5023770055984738,0.9753818703629904,0.03269597835638163
aggregation,P2_Full,,main,clean,0.0,14,0.05,39,0.7677664974619289,0.8409634217220224,0.7258182761417978,-0.08049484820127623,1.0,0.11096870591688746,0.16328118120630583,0.9583333333333334,0.19108499999856576,0.007426500000292435,0.21100599999772385,,C,0.0016879993431978982,0.9954702181673961,5.6502672706651484,1.228345136511539,0.9955120731178411,0.009239948410689175,0.17591669386911823,0.17561616473064368,3.1735591603053432,0.9578303804019878,0.049450939778180276
aggregation,P2_Full,,main,clean,0.0,14,0.1,78,0.7969543147208121,0.9179127828488142,0.8123626383483266,-0.08315858767895035,1.0,0.11133968795760621,0.11322593077635154,1.0,0.17993239999486832,0.006808999998611398,0.41799539999919944,,C,0.001892380698358809,0.9976201319196665,5.572053323292786,1.331441341878274,0.9976394586410723,0.008120921308862971,0.17837008578008373,0.17791993602878706,3.155126404494382,0.9598208581242467,0.04922929155384019
aggregation,P2_Full,,main,clean,0.0,14,0.15,118,0.9974619289340102,0.9934128487254016,0.9940373138098214,-0.0921574160186294,1.0,0.11185817537381372,0.08916887044906616,1.0,0.15854119999858085,0.01615019999735523,0.6049079000003985,,C,0.0015006606555475889,0.998476298210364,5.432795437179135,0.8306513312284508,0.9984869678262882,0.007002430525942895,0.1829164804286907,0.18245098233973658,3.120231043944079,0.9646994194357569,0.04182455546870888
aggregation,P2_Full,,main,clean,0.0,14,0.2,157,0.9670050761421319,0.9471582643343976,0.9307141388210887,-0.08914251859924684,1.0,0.1127960687432405,0.05685447271053608,1.0,0.13935930000297958,0.007552900002337992,0.7616233000007924,,C,0.0015898396527663028,0.9982171853053599,6.908123557275705,0.7324607061239272,0.9982300293732221,0.007204376260117549,0.14347871978718793,0.14324342413493074,3.4952808148771144,0.9721293411387352,0.03545549544989483
aggregation,P2_Full,,main,clean,0.0,15,0.05,39,0.9568527918781726,0.9127214776131354,0.9054995859111492,-0.08164544425171284,1.0,0.1111734209927748,0.14443577080965042,0.9166666666666666,0.19027099999948405,0.004098099998373073,0.20331209999858402,,C,0.0013741255761309178,0.9954119083579246,6.939091914232806,0.9993028186304369,0.9954580496588195,0.010056752239159267,0.1430024112699012,0.1426378620407671,3.502690319548872,0.9591279331150654,0.049392718313381545
aggregation,P2_Full,,main,clean,0.0,15,0.1,78,0.9720812182741116,0.9510778133736261,0.9418868663619605,-0.08385909430075426,1.0,0.11158780030811441,0.08272335926691692,1.0,0.1758741999947233,0.003536800002621021,0.3952233999953023,,C,0.0016267372276454752,0.9966890636242087,6.935715049917713,1.1456090752949668,0.9967188161742598,0.008986143698990664,0.14303709782368765,0.14263224406160085,3.502759354273558,0.9625449107827884,0.046334191562124566
aggregation,P2_Full,,main,clean,0.0,15,0.15,118,0.9593908629441624,0.9405112964752598,0.9206352359382464,-0.08275657920480668,1.0,0.1122914365761688,0.07357816100120544,1.0,0.1590901000017766,0.008058799998252653,0.5723442999951658,,C,0.0015007036220156952,0.9985048862857979,6.944588220689003,0.825507165440754,0.99851599384419,0.00742923985415692,0.14278968023898,0.14261308329525815,3.502994846078841,0.9672832234815216,0.04233392672989994
aggregation,P2_Full,,main,clean,0.0,15,0.2,157,0.9454314720812182,0.9291577718895087,0.8995755521247438,-0.09181155020558261,1.0,0.11213830297199302,0.06031382236725245,1.0,0.13955759999953443,0.005273599999782164,0.7278063999983715,,C,0.001591314766283262,0.9991433690625349,6.944269294741492,0.8142254452256867,0.9991502837318688,0.008071935102331059,0.1427241157506968,0.14256073890636503,3.5036384976525823,0.965245947562804,0.046174724933063384
aggregation,P2_Full,,main,clean,0.0,16,0.05,39,0.9682741116751269,0.9313689354730869,0.9273218352004996,-0.07977741847219309,1.0,0.10987103735868277,0.1646354223291079,0.9583333333333334,0.18853479999961564,0.04841350000060629,0.24931300000025658,,C,0.0016010978780849566,0.9958479544826714,5.68700586145255,1.1646656190033466,0.9958845578658351,0.00881574708440701,0.17477188754475168,0.17444650745028117,3.183104071007281,0.9484823816879264,0.05980939216263278
aggregation,P2_Full,,main,clean,0.0,16,0.1,78,0.9708121827411168,0.9477194954854729,0.936456976146687,-0.07821051875945881,1.0,0.11062676822212607,0.11786714960367252,0.8974358974358975,0.16871920000266982,0.007059099996695295,0.438517899994622,,C,0.0014155379719096501,0.9935740875557734,6.930124617972411,0.9285227618011569,0.9936497969912427,0.011781896520747478,0.14315356225182257,0.14252157957490558,3.5041203286243867,0.9555939196575801,0.051362659036432466
aggregation,P2_Full,,main,clean,0.0,16,0.15,118,0.998730964467005,0.9962537380545686,0.9970053803965649,-0.07598095522424893,1.0,0.1122094063274137,0.0774106502532959,1.0,0.15662650000012945,0.008988299996417481,0.6144735999987461,,C,0.0014997328264269919,0.997858959851901,6.944680503291573,0.7801424933405511,0.9978757403946258,0.007837565652241679,0.1427877640727683,0.1424859452909275,3.5045590162563087,0.9673392550004603,0.04067359070891198
aggregation,P2_Full,,main,clean,0.0,16,0.2,157,0.9467005076142132,0.9290990473458727,0.8969768772734364,-0.08639051684640207,1.0,0.11330518780223146,0.048608677509503484,1.0,0.157449500002258,0.006280200002947822,0.7894486999939545,,C,0.0015914471769850197,0.9992265061498399,6.9523317435436,0.586687492694807,0.9992307735286188,0.00551701707522425,0.14255686864397987,0.14241795506771077,3.5053966413935713,0.9761131485505486,0.03169857242353369
aggregation,P2_Full,,main,clean,0.0,17,0.05,39,0.9543147208121827,0.9087162329718236,0.8968397078706356,-0.0812846061657081,1.0,0.1101191566305106,0.15086057782173157,1.0,0.18775459999596933,0.00975549999566283,0.21053930000198307,,C,0.001582068918541903,0.9962314159578166,5.724260606861204,1.1503806667890306,0.9962668073712394,0.009391170006210115,0.173626003374236,0.1728847301074476,3.196050208393913,0.9506836494135176,0.05700920747505171
aggregation,P2_Full,,main,clean,0.0,17,0.1,78,0.9695431472081218,0.9482054170842982,0.9372204682896385,-0.08199442300546347,1.0,0.11077815619960463,0.10456751860105075,0.9743589743589743,0.168357599999581,0.006852900005469564,0.39881420000165235,,C,0.0014703258602654392,0.9951540728519749,6.939913511294394,1.0370555109063684,0.9952073536933811,0.010994973671427282,0.14294975543160482,0.14241805473251323,3.5053954129590172,0.9562837729983114,0.05175094521012633
aggregation,P2_Full,,main,clean,0.0,17,0.15,118,0.9568527918781726,0.9382711793632404,0.9165436781646119,-0.07980174374739259,1.0,0.11176811656861284,0.07732016891241074,1.0,0.15657610000198474,0.008287500000733417,0.5738022000005003,,C,0.0015507408872427189,0.9981365428556958,6.95275546571798,1.0337238719929887,0.9981526847541418,0.008662339509845962,0.1426202916133583,0.14237469953713822,3.505929956746198,0.963095966512977,0.04672729897627062
aggregation,P2_Full,,main,clean,0.0,17,0.2,157,0.9428934010152284,0.9273796814580124,0.8960607916048451,-0.08725410972096265,1.0,0.11126022951294308,0.06748695709766486,1.0,0.14996709999832092,0.0058282000027247705,0.744118200003868,,C,0.0017388902722407695,0.9985838264782703,6.952477315532869,1.0933503993859515,0.9985981910613215,0.010143236567299613,0.14255385246968727,0.14229748120384625,3.506882819604277,0.9584615650019443,0.053594207605342996
aggregation,P2_Full,,main,clean,0.0,18,0.05,39,0.75,0.8498734615446641,0.7272247285392144,-0.08576816848229114,1.0,0.11051186348379505,0.17447450136144957,0.9583333333333334,0.18141160000232048,0.0077192999960971065,0.20438419999845792,,C,0.0016284231870236096,0.9950320580907115,5.664586124555488,1.1855137991760754,0.9950810109146853,0.009853743233649953,0.17546874001710006,0.17502630891017434,3.178356694240196,0.953985434081595,0.053027708212856524
aggregation,P2_Full,,main,clean,0.0,18,0.1,78,0.7296954314720813,0.8119357692860204,0.6778407402114216,-0.08800482253592556,1.0,0.1099776211597605,0.10949989618399204,1.0,0.1879287999981898,0.010018499997386243,0.4133358999970369,,C,0.0018143823507231322,0.9969599394285593,5.6228215858037505,1.2774086064706411,0.996987726287884,0.00914023213409146,0.17674751760706442,0.17609932673154224,3.1696533549564156,0.948914030243726,0.060157314652073725
aggregation,P2_Full,,main,clean,0.0,18,0.15,118,0.9771573604060914,0.9591437282758145,0.9501407005083194,-0.09319210359271553,1.0,0.10916398450802967,0.10073187202215195,1.0,0.1601063999987673,0.006453899994085077,0.592615499997919,,C,0.002079233968448395,0.9972466423127166,5.500306124695416,1.387254181767605,0.9972755477348947,0.010498244493075792,0.1806540541823773,0.18004727944536045,3.138524174150981,0.9417263593244175,0.07034831718700023
aggregation,P2_Full,,main,clean,0.0,18,0.2,157,0.9644670050761421,0.9449089062845794,0.926148299120743,-0.092645307516883,1.0,0.11232796032331967,0.07417751581240924,1.0,0.14542470000014873,0.008665400004247203,0.7579067999977269,,C,0.0015887504021652853,0.9975332744045668,6.920656566076949,0.79120963147627,0.9975542973198646,0.008522599893811175,0.1432161790896497,0.1428596925685474,3.4999687665927475,0.9685779849084762,0.03874092589344269
aggregation,P2_Full,,main,clean,0.0,19,0.05,39,0.9428934010152284,0.8817769903399728,0.8717135339477956,-0.07510086713641743,1.0,0.11007410762699656,0.17645548656582832,0.9583333333333334,0.19826260000263574,0.013018399993597995,0.22317739999562036,,C,0.0016396172627371787,0.9954074366571823,5.688726285848835,1.1932130926920206,0.9954566065115815,0.010706407452408945,0.17471864006317026,0.17375610802405003,3.188798341209374,0.9509738556061964,0.055073932562303175
aggregation,P2_Full,,main,clean,0.0,19,0.1,78,0.9390862944162437,0.8960582612961321,0.8664678530350083,-0.09434050018350106,1.0,0.1096059309517788,0.10842362733987662,0.9743589743589743,0.17932600000494858,0.006305900002189446,0.4224794999972801,,C,0.0015815360368130302,0.9922056921228173,6.912015965685303,1.1188094107121809,0.9923159373988527,0.014144331706233141,0.14353210991775103,0.1423645074002413,3.506055667001003,0.9475761329647363,0.05830214036203061
aggregation,P2_Full,,main,clean,0.0,19,0.15,118,0.9124365482233503,0.8728380609383093,0.818314372050612,-0.0843957056110116,1.0,0.11169843663053453,0.08297746255993843,0.975,0.16083100000105333,0.008553899999242276,0.6032744999974966,,C,0.0014983874753710328,0.996963820009871,6.948809469305202,0.8007591174134627,0.9969916132052699,0.009154001241407833,0.14270208184546615,0.1423151035976082,3.506665270798437,0.9627941829058,0.04595129169936511
aggregation,P2_Full,,main,clean,0.0,19,0.2,157,0.9352791878172588,0.9191804653979554,0.872898337831508,-0.09193290959308066,1.0,0.11148860410061198,0.06356643254940327,1.0,0.14482539999880828,0.006759399999282323,0.7657101000004332,,C,0.00159027316264606,0.99848937439765,6.949734898407731,0.7374632236800907,0.9985038428055956,0.009577758991452716,0.1426106951277535,0.142235013274435,3.5076544216833456,0.9609127902609379,0.04880134543278037
aggregation,P2_Full,,main,clean,0.0,20,0.05,39,0.949238578680203,0.9025737752641217,0.8877614617367988,-0.10259171978673891,1.0,0.11078290259606978,0.14419648051261902,1.0,0.1893469999995432,0.00922599999466911,0.20971280000230763,,C,0.0015507568177788797,0.9962582990320819,5.650908553675651,1.1275820558067187,0.9962944274279442,0.00965560748228561,0.17589658328629115,0.1752743164710535,3.1763356151286857,0.9557779301721615,0.05155096759445394
aggregation,P2_Full,,main,clean,0.0,20,0.1,78,0.9631979695431472,0.9395707870467827,0.9251069860751445,-0.0832493312153285,1.0,0.11033092031282664,0.1143282285103431,0.9743589743589743,0.17593009999836795,0.004761600001074839,0.4026337000032072,,C,0.0017025750772385526,0.994172214892332,6.934652527770252,1.2020523537729977,0.9942420480174378,0.01198278999922639,0.14305921869677915,0.1423859263331501,3.505791505791506,0.9531376000292823,0.05446620221442937
aggregation,P2_Full,,main,clean,0.0,20,0.15,118,0.9010152284263959,0.8642337515615593,0.803164528535944,-0.08109409091928896,1.0,0.11153379203997003,0.07700522541999817,1.0,0.15896629999770084,0.007413600003928877,0.5805246000018087,,C,0.0017732362949499179,0.9981263526065431,6.953622366249214,1.1820513781626587,0.9981436136773516,0.00921255027427579,0.14260233545917322,0.14234688809869087,3.5062730266830413,0.9607628781355291,0.050159296378586286
aggregation,P2_Full,,main,clean,0.0,20,0.2,157,0.9352791878172588,0.919348190299576,0.8729366673420867,-0.0890903605838324,1.0,0.11005953300719089,0.08474045074903049,1.0,0.143896900000982,0.0064359999960288405,0.7400753000038094,,C,0.002414652833215445,0.9987025755811559,6.950728490714127,1.518064578016323,0.9987192438418481,0.012847192059899709,0.14259009554887866,0.14227070923409857,3.507213423239768,0.9476359558616628,0.06812142974639608
aggregation,P2_Full,,main,clean,0.0,21,0.05,39,0.9695431472081218,0.936710554628857,0.9309278210358964,-0.06985321703510287,1.0,0.11047057381974848,0.1586525390545527,1.0,0.1899775000056252,0.01874610000231769,0.22220659999584313,,C,0.0015380257052759708,0.9954648452406878,5.575492148988131,1.1192164259056474,0.9955077974821644,0.009470953860717028,0.17829335422499187,0.17791526184906395,3.155163319896018,0.9540720704721404,0.05194629768095775
aggregation,P2_Full,,main,clean,0.0,21,0.1,78,0.9746192893401016,0.9518529652532217,0.945949694410409,-0.08983298260212856,1.0,0.11107500264940187,0.09060879395558284,1.0,0.1812659999995958,0.008516299996699672,0.42790750000131084,,C,0.0014185142888254632,0.995663181188434,6.925179691771266,0.9208927169216601,0.995708046446853,0.010345200103646712,0.14325673569951236,0.14276075765905344,3.501181515841064,0.9585109879911083,0.049156230316614535
aggregation,P2_Full,,main,clean,0.0,21,0.15,118,0.9631979695431472,0.9440840812652708,0.926914857866109,-0.08973210677351073,1.0,0.11198513379086424,0.06819017827510834,1.0,0.16159540000080597,0.011372300003131386,0.6110086999979103,,C,0.0017085911282454574,0.9982182285814817,6.930191044504544,1.1388536405312666,0.9982329288475359,0.008250365844569809,0.14308924983002996,0.14283557480283676,3.5002642485605406,0.9650267830849892,0.044157507524501476
aggregation,P2_Full,,main,clean,0.0,21,0.2,157,0.949238578680203,0.9320169415369637,0.9049833147984196,-0.08384852250037475,1.0,0.11179271154619697,0.06412413639900012,1.0,0.1438992000039434,0.005786000001535285,0.7705046999981278,,C,0.0017650767624241832,0.9987485657474078,6.930086216024831,1.1096324442904095,0.9987597860549351,0.008965958462540084,0.14301927337519285,0.14278830064922027,3.5008437236336363,0.9629731720754422,0.04786890213634539
aggregation,P2_Full,,main,clean,0.0,22,0.05,39,0.9530456852791879,0.9061037938829196,0.8978153096418966,-0.08087603138195597,1.0,0.11032983842527384,0.1152963067094485,1.0,0.18902620000153547,0.011590099995373748,0.2157078000018373,,C,0.0015729755614398802,0.9963853204293751,5.698601717833918,1.1435918817241788,0.9964172798978491,0.00884157719918544,0.1744136154022305,0.1739471408749975,3.1872182189511,0.9522709839906475,0.05566879217657516
aggregation,P2_Full,,main,clean,0.0,22,0.1,78,0.9137055837563451,0.8570983491075149,0.8218623376450114,-0.08616572553109972,1.0,0.10929328233188737,0.12342110734719497,0.9743589743589743,0.18015939999895636,0.009727899996505585,0.417613400000846,,C,0.0017602959715829663,0.9928807763132206,6.903701556076898,1.2444209836550388,0.9929853550760406,0.014689630136806478,0.1437065815783374,0.14250730028629974,3.5042960921843687,0.9444331443278596,0.06335717306018222
aggregation,P2_Full,,main,clean,0.0,22,0.15,118,1.0,1.0,1.0,-0.07860122188782404,1.0,0.11003497489959772,0.09024874046444893,0.975,0.15987290000339272,0.007071499996527564,0.5960720000002766,,C,0.0031290709754222172,0.9968557248910936,6.928433693132724,2.0885187116314476,0.9968958528095814,0.012762216122285489,0.14312590121972918,0.14246607997775085,3.504803670031792,0.9478119282160608,0.06488139265344278
aggregation,P2_Full,,main,clean,0.0,22,0.2,157,0.949238578680203,0.9308477621816195,0.9007940449228079,-0.09380475074222835,1.0,0.11321436889996712,0.04925432571998009,1.0,0.14399680000497028,0.006897500003105961,0.7576143999976921,,C,0.0015917444108044525,0.9994131312010488,6.949289901947118,0.7405251311012458,0.999416472310346,0.005693111140418525,0.14261992289376846,0.1424893469870379,3.504517129078725,0.9752463202224658,0.03291968976808624
aggregation,P2_Full,,main,clean,0.0,23,0.05,39,0.9555837563451777,0.9090275374565281,0.9029136286109668,-0.09471671463556343,1.0,0.11056125481976103,0.145809272925059,1.0,0.19232339999871328,0.008671800002048258,0.21210769999743206,,C,0.0015094229511302076,0.9966434572700578,5.719606140670908,1.097103342327519,0.9966723585872289,0.008610442200928822,0.1737683497952518,0.1732667958093425,3.192861564053463,0.9539148458033931,0.0542425005908023
aggregation,P2_Full,,main,clean,0.0,23,0.1,78,0.9111675126903553,0.8516995607629934,0.8145559044414353,-0.0816851530418179,1.0,0.11080189552682708,0.1215170178657923,0.9487179487179487,0.18379750000167405,0.006408699999155942,0.4140021999992314,,C,0.0017297112554117964,0.995286588105761,6.936119243238838,1.2198437133701696,0.9953383456675422,0.01098091211686006,0.14302868461696935,0.14260725530654061,3.5030664864323624,0.955971373994854,0.0541978902990333
aggregation,P2_Full,,main,clean,0.0,23,0.15,118,0.9073604060913706,0.872726392902103,0.8243258041439981,-0.09072763838653225,1.0,0.10822761638033317,0.11382620856165886,0.975,0.16491609999502543,0.007223200002044905,0.6001614999986487,,C,0.003086065964999111,0.9934776713694052,6.8859417206004,2.0668185843932165,0.9935882014368383,0.016946411886480217,0.14401781032566754,0.14266076004688213,3.50240900103044,0.9341438111730422,0.07709902560041008
aggregation,P2_Full,,main,clean,0.0,23,0.2,157,1.0,1.0,1.0,-0.0829664696811539,1.0,0.10710132008600255,0.11483453023128021,1.0,0.14302979999774834,0.009676200003013946,0.763454100000672,,C,0.007249744596727565,0.9946165107399146,6.911592398893836,4.57655578418193,0.9947266947536891,0.02046702583609962,0.14340595941012624,0.142645516810566,3.5025962651318467,0.924922304753519,0.09105955547149296
aggregation,P2_Full,,main,clean,0.0,24,0.05,39,0.7779187817258884,0.8613884450636317,0.7526199243264319,-0.09547997804171947,1.0,0.11082330665518308,0.14574074248472849,1.0,0.19194040000002133,0.008553400002710987,0.21521679999568732,,C,0.0015912557507690344,0.9961430132824765,5.698457582598266,1.1571634346805555,0.9961795465516465,0.009471971734862314,0.17441805973666008,0.17384994872276105,3.1880217068609875,0.9566680698463615,0.05012963236364797
aggregation,P2_Full,,main,clean,0.0,24,0.1,78,0.9809644670050761,0.9640587328375106,0.957854238712626,-0.07847627980313865,1.0,0.1107093574534362,0.12529862691194582,0.9743589743589743,0.17658720000326866,0.009888000000501052,0.4186145999992732,,C,0.0016462894022351976,0.9958003019607932,5.644721046893381,1.1604132032280592,0.9958353686993482,0.008349823779614912,0.17605661495544994,0.17551744572085418,3.1743598348485778,0.9550603448433428,0.0523828171937985
aggregation,P2_Full,,main,clean,0.0,24,0.15,118,0.9682741116751269,0.948805226189795,0.933064954431135,-0.07785096486125717,1.0,0.1121848207738174,0.07081121355295181,1.0,0.1634096000052523,0.012612599995918572,0.6071430999945733,,C,0.0014999273109586751,0.9979883616553911,6.942912304110107,0.7921188937534731,0.998004316435636,0.007931236888432112,0.14282448801948605,0.14252567591728083,3.5040699133052717,0.9671621978506864,0.040871466459866494
aggregation,P2_Full,,main,clean,0.0,24,0.2,157,0.9530456852791879,0.9341585027996356,0.9067921247221342,-0.08966536327355853,1.0,0.1127119085796054,0.0603330502143273,1.0,0.14095570000063162,0.007409099998767488,0.7658697000006214,,C,0.0015907720041877641,0.9988025834680154,6.943798788592299,0.6594476124109783,0.9988109446011904,0.006982643843290741,0.1427338879047938,0.14246703701224817,3.5047918819881616,0.9712639225780189,0.036540193886381904
aggregation,P2_Full,,main,clean,0.0,25,0.05,39,0.9581218274111675,0.9129646107198285,0.9072145753838365,-0.0641637549958959,1.0,0.11081428192220256,0.15486050521334013,0.9166666666666666,0.1954187000010279,0.005811499999254011,0.21155080000607995,,C,0.0014225296887803863,0.9945049609022979,6.940543841938404,1.036169475224607,0.9945655862474367,0.011032741361963859,0.1429722248892614,0.14253061552795449,3.5040091234010533,0.9563369626437999,0.051951050331887044
aggregation,P2_Full,,main,clean,0.0,25,0.1,78,0.8984771573604061,0.8321626448234327,0.7868724349809322,-0.0750090459305946,1.0,0.11146081037060111,0.09471236589627388,1.0,0.17506760000105714,0.004652299998269882,0.3999586999998428,,C,0.0018283900986927526,0.9971467903633038,6.946510507131307,1.2870294891915717,0.9971727535227,0.009099632590013163,0.1428127285814124,0.1425108701084512,3.5042521479922843,0.9611451593645151,0.04816834065400442
aggregation,P2_Full,,main,clean,0.0,25,0.15,118,0.8908629441624365,0.8440341066708453,0.7850513901901259,-0.0783882894407898,1.0,0.11070131870295497,0.08172521740198135,1.0,0.15745260000403505,0.004293199999665376,0.5728817000053823,,C,0.0043078902988842056,0.9983234042398347,6.945161765651614,2.871102163939612,0.9983415599009513,0.010828884068523389,0.14277777191289975,0.1424740261030215,3.5047058003346345,0.9530203928603875,0.06050783476847626
aggregation,P2_Full,,main,clean,0.0,25,0.2,157,1.0,1.0,1.0,-0.07030840902846922,1.0,0.10681827460050172,0.10339925380853507,1.0,0.14421820000279695,0.006586000003153458,0.7333450000005541,,C,0.010889725565274719,0.9974341524086836,6.930854923748873,6.854952004099623,0.9974862582901974,0.020307473323902352,0.14300324518512125,0.14240456908283694,3.5055616481278395,0.9210363861478927,0.0998063105047534
aggregation,P2_Full,,main,clean,0.0,26,0.05,39,0.9302030456852792,0.8636208003096062,0.8467129071783613,-0.06143945785454016,1.0,0.11060613144611395,0.18309934064745903,0.9166666666666666,0.1894105999963358,0.004969499997969251,0.2103216999967117,,C,0.0016019249790566895,0.9932030170659601,6.928779726085557,1.1683704172672056,0.9932830423681094,0.01177365059260473,0.14321717138438297,0.1426378620407671,3.502690319548872,0.9549451707216375,0.05281116236997225
aggregation,P2_Full,,main,clean,0.0,26,0.1,78,0.9974619289340102,0.9934128487254016,0.9940373138098214,-0.07920189241203228,1.0,0.10926448110225193,0.1227196202828334,0.9487179487179487,0.17035000000032596,0.009995699998398777,0.40600999999878695,,C,0.001716700052183908,0.9897248634459891,6.836830266274878,1.2174711326994507,0.9898842475647377,0.015511630226108132,0.1451252572226757,0.1433033706260754,3.4945507311361883,0.9448852494353852,0.06092973019868036
aggregation,P2_Full,,main,clean,0.0,26,0.15,118,1.0,1.0,1.0,-0.08002285982574163,1.0,0.11258206469581171,0.076553675532341,1.0,0.15873650000139605,0.011060900003940333,0.588135300000431,,C,0.0015004234501714805,0.9983184717590761,6.9431502224876285,0.7237696277840249,0.9983300325692379,0.006875180493835139,0.14281954557429924,0.14259719104471683,3.503190214817085,0.9701754761289588,0.037875868418602396
aggregation,P2_Full,,main,clean,0.0,26,0.2,157,1.0,1.0,1.0,-0.0857743222740905,1.0,0.11336145738881484,0.04445173037357819,1.0,0.14860459999908926,0.007919600000604987,0.7557980999990832,,C,0.0015917162879779277,0.9993954736412519,6.946968064219894,0.5996964784617066,0.9993987187984797,0.005368098811313119,0.1426680893635137,0.1425384289315753,3.5039129754265144,0.9763925087743115,0.031629328979142605
aggregation,P2_Full,,main,clean,0.0,27,0.05,39,0.950507614213198,0.9019794747868659,0.8907660510783793,-0.07434797898968541,1.0,0.11065414682552054,0.1685593736668428,0.9166666666666666,0.18364139999903273,0.0034432999964337796,0.19656099999701837,,C,0.0014322514200828325,0.9937886514480065,6.939246049928665,1.0440027375322813,0.9938605514874876,0.011575592462608633,0.1429992061041458,0.14248034372507357,3.5046279961423563,0.9553904697882636,0.05270355341294639
aggregation,P2_Full,,main,clean,0.0,27,0.1,78,0.9961928934010152,0.9896441640470827,0.990936988248635,-0.07878482795975676,1.0,0.11025441509605723,0.1254182205750392,0.9487179487179487,0.1743387000024086,0.004515599997830577,0.38879269999597454,,C,0.0017021852257622253,0.9927372505069388,6.91158372273194,1.2035142344125214,0.9928308918496872,0.012893373623555544,0.14354116986848245,0.14256798726287456,3.503549340210832,0.9522546969789719,0.05492915647563244
aggregation,P2_Full,,main,clean,0.0,27,0.15,118,0.998730964467005,0.9962537380545686,0.9970053803965649,-0.07594022047700563,1.0,0.1125724250052384,0.06982322037220001,1.0,0.17519870000251103,0.008790799998678267,0.5845094999967841,,C,0.001500301732374215,0.9982374858711667,6.9488413012964685,0.7773970361266367,0.9982497707445558,0.006970085055273035,0.14270142167951186,0.1424859452909275,3.5045590162563087,0.970062487076134,0.03803198203706817
aggregation,P2_Full,,main,clean,0.0,27,0.2,157,1.0,1.0,1.0,-0.0845869890880255,1.0,0.11326706197698377,0.050603353060208835,1.0,0.15402239999821177,0.006932399999641348,0.755740299995523,,C,0.0015914510935456144,0.99922896525198,6.9519889924217235,0.6223444936719726,0.9992332789384901,0.005594671992694093,0.1425639707639959,0.14242241706266873,3.5053416460415425,0.975783607360167,0.032125996423526405
compound,P2_Full,,main,clean,0.0,0,0.05,19,0.9097744360902256,0.8544063358753542,0.80203495622488,-0.08851174714398842,1.0,0.12332707888807289,0.1951720491051674,0.9166666666666666,0.054672099999152124,0.0029771999979857355,0.06740500000159955,,B,0.002551020408163265,0.9833380087677566,5.8878734946227,0.15097140102517154,0.9836983084641175,0.021624047890731107,0.16771743578944975,0.16609687353202152,3.255145730222327,0.9374902092503998,0.06740987794586789
compound,P2_Full,,main,clean,0.0,0,0.1,39,0.8947368421052632,0.8303317803263431,0.7715301586729071,-0.08288263800679467,1.0,0.12424261920538214,0.15253922939300538,1.0,0.05661879999388475,0.004968200002622325,0.13883490000444,,B,0.002631578947368421,0.985737289934346,5.897399287693923,0.12928527908654944,0.9860156422758455,0.019516090575928378,0.16737515199335737,0.16612970420774892,3.2548482822034606,0.9434307773813078,0.061828714100784485
compound,P2_Full,,main,clean,0.0,0,0.15,59,0.8771929824561403,0.8054808719098915,0.7395311040952889,-0.07199583501170326,1.0,0.12503536937058993,0.14330281168222428,0.95,0.04979080000339309,0.0032833000004757196,0.20097990000067512,,B,0.002777777777777778,0.9899416612959864,5.9096813872879315,0.13286171904414676,0.9901165768479563,0.017390103586397608,0.16689969266353172,0.16595481275147014,3.256434166355837,0.9475980028808406,0.06009953334190722
compound,P2_Full,,main,clean,0.0,0,0.2,79,0.9473684210526315,0.9148697747243952,0.8767501989378955,-0.07650121245358689,1.0,0.12206261495098421,0.11061927378177643,1.0,0.04537079999863636,0.004793100000824779,0.2589242000030936,,B,0.0029411764705882353,0.9939437187838069,5.887851047370699,0.22873688820638188,0.9940814023199792,0.022734006440139887,0.16739240724718485,0.16588582335589103,3.2570606694560666,0.9276533109634473,0.08379054530889334
aggregation,P2_Full,,main,clean,0.0,28,0.05,39,0.9517766497461929,0.9041225235381353,0.8902430834699943,-0.08783371271019084,1.0,0.11047912348427831,0.162709412475427,0.9583333333333334,0.18744909999804804,0.010468499996932223,0.20823669999663252,,C,0.0015987221453990692,0.9957579967535465,5.7105737202030005,1.1630425318338768,0.995798525838123,0.00955423233361547,0.17404524821270567,0.17341761121798524,3.1916067563388992,0.953826315182022,0.05260539352615959
aggregation,P2_Full,,main,clean,0.0,28,0.1,78,1.0,1.0,1.0,-0.08823530867280513,1.0,0.11105030042482884,0.0944084922472636,1.0,0.1832466000050772,0.004785099998116493,0.4090786000015214,,C,0.001488166565877104,0.9966785018657015,6.94890595801454,1.048033548837739,0.9967116269249842,0.009972927258526826,0.14276303682369593,0.14232523935657526,3.5065401690536504,0.9576627000980747,0.05202499179037246
aggregation,P2_Full,,main,clean,0.0,28,0.15,118,1.0,1.0,1.0,-0.07008394541577119,1.0,0.1128125397965374,0.051440344750881196,1.0,0.16631839999899967,0.008212000000639819,0.5939306000000215,,C,0.0015012978732821894,0.9989002760113714,6.960342540800788,0.7350785601284378,0.998907234472464,0.006327461403545031,0.14246329187554332,0.1422872921591609,3.5070086281517883,0.9718722986297837,0.0365532191786277
aggregation,P2_Full,,main,clean,0.0,28,0.2,157,0.9276649746192893,0.9140816509901059,0.8623926119672659,-0.09313171342451686,1.0,0.11334480611436487,0.04453443869566306,1.0,0.14459889999852749,0.005845799998496659,0.7549440000002505,,C,0.0015917019810952877,0.9993864907377907,6.962765282342425,0.5769906070059789,0.9993898177501958,0.005422921233579537,0.14234101067918326,0.14220824130468732,3.507985315804336,0.9763272479853021,0.03170107247624612
aggregation,P2_Full,,main,clean,0.0,29,0.05,39,0.7918781725888325,0.9129327826890118,0.8052173993252504,-0.07576248338734996,1.0,0.10994645009916437,0.1605930688480536,0.9583333333333334,0.1824140000026091,0.015548299998044968,0.2148735000009765,,C,0.0016059755257027133,0.9946434763694874,5.684800523879995,1.169628367728003,0.9946966510546671,0.00992708869551543,0.17484019032221673,0.1742186086105544,3.1849787430506127,0.9494674212040386,0.05758941605131829
aggregation,P2_Full,,main,clean,0.0,29,0.1,78,0.8185279187817259,0.9166367945847698,0.8141571969334943,-0.08362096651368704,1.0,0.1114088875421085,0.1091202696164449,1.0,0.1808759999985341,0.011875500000314787,0.42473120000067865,,C,0.0014204720570277832,0.9970373497334443,5.5549524506004175,0.8350996485864048,0.9970625106222859,0.00849269626107702,0.17892331216422455,0.17844469988505174,3.150994258507212,0.9614328880848542,0.04517391785930084
aggregation,P2_Full,,main,clean,0.0,29,0.15,118,0.9758883248730964,0.9576879265394465,0.947625799812027,-0.07521374419769564,1.0,0.1121724606489881,0.0941587507724762,1.0,0.16400169999542413,0.01227410000137752,0.6114270999969449,,C,0.0015007387261914773,0.9985282431235728,5.408663708079563,0.8793962353127764,0.9985387189900597,0.00711793276101152,0.1837388882327085,0.18310653767456644,3.115325362900601,0.9668571306218676,0.040180678228951786
aggregation,P2_Full,,main,clean,0.0,29,0.2,157,0.9631979695431472,0.9433540119224948,0.923873806450881,-0.08322926467668228,1.0,0.11268172851659047,0.05925918389589359,1.0,0.14605170000140788,0.005856799994944595,0.7734985999995843,,C,0.001589501240288183,0.9980047052915463,6.883664258519322,0.6319464233907282,0.9980196776516966,0.007503833938376968,0.14399384512218052,0.14370747161055708,3.4896451082062905,0.9710812548526255,0.036220642223391324
compound,P2_Full,,main,clean,0.0,1,0.05,19,0.9097744360902256,0.8421819463196479,0.7997516850944335,-0.0685603011453887,1.0,0.1192388891645137,0.16575243324041367,0.9166666666666666,0.05474800000229152,0.010342199995648116,0.07329839999874821,,B,0.002551020408163265,0.9841820231279105,5.026935695988263,0.27195705936430736,0.9845779492540241,0.02503013686991592,0.19687956870298623,0.19509107991022495,3.031452745635743,0.9111919500115225,0.0948066171657004
compound,P2_Full,,main,clean,0.0,1,0.1,39,0.8972431077694235,0.8255313540245152,0.7753772807849311,-0.07977546392618776,1.0,0.12315737430513575,0.16927509307861327,0.95,0.05120109999552369,0.0034157999980379827,0.13522099999681814,,B,0.002631578947368421,0.983531294438389,5.90253924154118,0.15228872277786254,0.983900848325816,0.0224397652896571,0.16722710343253197,0.16556033884182753,3.260023485992283,0.9366156783646995,0.06836421178715127
compound,P2_Full,,main,clean,0.0,1,0.15,59,0.9423558897243107,0.9101356806747252,0.8671372668130575,-0.05656368939861682,1.0,0.121243404339105,0.1997050255537033,1.0,0.04947309999988647,0.002868000003218185,0.19511409999540774,,B,0.002777777777777778,0.9852791372263456,5.8859551244481745,0.1872012754962048,0.9856673520274533,0.026371742409174524,0.16758369309498614,0.16556793562364594,3.2599542013272265,0.922835772547042,0.08550872640796442
compound,P2_Full,,main,clean,0.0,1,0.2,79,0.9473684210526315,0.9148697747243952,0.8767501989378955,-0.07088527460984632,1.0,0.1265033558624297,0.13098061680793763,1.0,0.042081199993845075,0.003287400002591312,0.2478387999944971,,B,0.0029411764705882353,0.989975240386689,5.904819110078637,0.08765072772486354,0.9901321211649688,0.01564933069033737,0.16690291246479705,0.1657817109144543,3.2580071174377223,0.9577771374127766,0.04794969109784069
compound,P2_Full,,main,clean,0.0,2,0.05,19,0.9323308270676691,0.9014100970285032,0.8490165361482634,-0.07262685127440001,1.0,0.11868437756731487,0.2595189760128657,0.8333333333333334,0.05542950000381097,0.007323099998757243,0.07249140000203624,,B,0.002551020408163265,0.9807857889261443,5.040193046649723,0.3427008907860017,0.9812954017377501,0.02652270289146504,0.1963549840841875,0.19522156688762463,3.0305962168304257,0.9078673117530265,0.09845367670302115
compound,P2_Full,,main,clean,0.0,2,0.1,39,0.9348370927318296,0.9033889126497009,0.8533863916324547,-0.07973824997623694,1.0,0.12377763227101866,0.15841638296842575,0.95,0.050849200000811834,0.004641899999114685,0.1353993000011542,,B,0.002631578947368421,0.9837268163603443,5.9168523281151195,0.13716512236022899,0.9840632389791393,0.02067343589580017,0.16681619214490068,0.16546313012081657,3.2609106168694924,0.9412056998775207,0.06332431112426948
compound,P2_Full,,main,clean,0.0,2,0.15,59,0.9373433583959899,0.9054637799516481,0.8578582536086288,-0.07880215061138554,1.0,0.1254471299896336,0.11850629448890686,1.0,0.04846140000154264,0.003177500002493616,0.1943643999984488,,B,0.002777777777777778,0.9896610759590425,5.935519326186867,0.11333884221063634,0.9898340129219284,0.01672678532125806,0.16616103513501568,0.16527390900649955,3.2626404494382024,0.9510609028237672,0.05450931073698476
compound,P2_Full,,main,clean,0.0,2,0.2,79,0.9473684210526315,0.9151001604747496,0.8767801628882481,-0.07990913928022451,1.0,0.12668345973752623,0.09335697591304778,1.0,0.04529739999998128,0.0029728000008617528,0.2497081999972579,,B,0.0029411764705882353,0.9933334806027013,5.940280931039273,0.08855431957590412,0.9934262205024366,0.01391129226636389,0.1658889388142178,0.16515703626583378,3.2637108636268124,0.9589698174882331,0.04729249027840918
compound,P2_Full,,main,clean,0.0,3,0.05,19,0.6842105263157895,0.7319286194859307,0.6051007018145517,-0.05553216928858193,1.0,0.1192858933437938,0.2541707331935565,0.8333333333333334,0.055992500005231705,0.005701900001440663,0.0734327999962261,,B,0.002551020408163265,0.9829006344342088,5.026234100734304,0.29605853819692773,0.9833452678299905,0.02600291771475025,0.196907407464465,0.1952346155853646,3.0305106269215347,0.9110072558527995,0.09588620960172115
compound,P2_Full,,main,clean,0.0,3,0.1,39,0.7167919799498746,0.7438298109876648,0.6229199398508197,-0.05729059794605312,1.0,0.1197111795962427,0.2161583960056305,0.85,0.05451590000302531,0.0060900000025867485,0.14493059999949764,,B,0.002631578947368421,0.9863585394979341,4.96826750464272,0.2841386303948185,0.9866765231457469,0.02331008822440372,0.199169959400581,0.19822246910151367,3.0112091915370605,0.9135795547417466,0.09550548948877513
compound,P2_Full,,main,clean,0.0,3,0.15,59,0.9473684210526315,0.9148697747243952,0.8767501989378955,-0.07036009283444201,1.0,0.12126900943415557,0.16198169589042663,0.9,0.050456700002541766,0.0067299000002094544,0.2106880999999703,,B,0.002777777777777778,0.9904164416181909,4.857924697930346,0.4029568416338559,0.9906058485646169,0.01976373898712618,0.20363709879461026,0.20385329619312906,2.976372124800729,0.9225245386290811,0.08875660530827406
compound,P2_Full,,main,clean,0.0,3,0.2,79,0.9523809523809523,0.9201226309287978,0.8867594112795947,-0.07034170497183723,1.0,0.12626537032802318,0.14830835461616515,1.0,0.04475210000236984,0.003969400000642054,0.26681879999523517,,B,0.0029411764705882353,0.9894542342554387,5.952479433557833,0.10238873644641219,0.98962151353969,0.015862222649649725,0.16554293502803824,0.16453236161721327,3.269457920269985,0.9562991850844328,0.04897943319274275
compound,P2_Full,,main,clean,0.0,4,0.05,19,0.8947368421052632,0.8225440229610165,0.7705642192348475,-0.0829776736023675,1.0,0.12331360002914628,0.19629532595475516,1.0,0.05319720000261441,0.00311100000544684,0.06423910000012256,,B,0.002551020408163265,0.9834119728775873,5.894393446758523,0.14124267695645726,0.9837674808703067,0.021431601847283165,0.16752908990906037,0.16592724046140195,3.2566844919786098,0.9378807504023925,0.06701871309315115
compound,P2_Full,,main,clean,0.0,4,0.1,39,0.7117794486215538,0.7236821604634781,0.6128045688364623,-0.07055062693157711,1.0,0.12406947822401271,0.1447921872138977,1.0,0.050862900003266986,0.0027317000058246776,0.14246909999928903,,B,0.002631578947368421,0.9876551623037699,5.9005778577045245,0.13234582041098136,0.9878932537448698,0.019286721053659354,0.16728356768078015,0.1659491737258714,3.256485355648536,0.9426739145139109,0.06335213234393017
compound,P2_Full,,main,clean,0.0,4,0.15,59,0.8872180451127819,0.8154992355219803,0.7609324299105233,-0.0792360713900675,1.0,0.11761744113988787,0.18640701174736024,0.8,0.048163400002522394,0.019793100000242703,0.21919940000225324,,B,0.002777777777777778,0.9856090117415603,4.982888861288419,0.3372856189703545,0.9859795063360028,0.025744902837039244,0.19846029674480686,0.197090683998762,3.018451633165829,0.9004928380837189,0.1064998438247316
compound,P2_Full,,main,clean,0.0,4,0.2,79,0.8947368421052632,0.8324475110361763,0.7806884259737453,-0.07972510862416664,1.0,0.12451549121118592,0.15486678034067153,0.95,0.04415349999908358,0.0043623000019579194,0.27645550000306685,,B,0.0029411764705882353,0.9870974364164883,5.935202630567137,0.13576256391326164,0.9873574608519223,0.020152928040306783,0.16603340129798672,0.1648794030886691,3.2662597347926754,0.9441371732888189,0.06290258367812158
compound,P2_Full,,main,clean,0.0,5,0.05,19,0.6842105263157895,0.7686558590583291,0.6425081732613838,-0.06214574443270963,1.0,0.1229111155921176,0.19474374751249948,1.0,0.05506230000173673,0.004059200000483543,0.07079260000318754,,B,0.002551020408163265,0.9836813870891469,5.883909990545648,0.15189441040998944,0.9840436238122979,0.02219776430324637,0.16783213597702917,0.16616211702072134,3.2545547353541697,0.9347400933357095,0.07073395925351326
compound,P2_Full,,main,clean,0.0,5,0.1,39,0.9047619047619048,0.8435151772731488,0.7901360901213238,-0.08070596801497086,1.0,0.11968077315622531,0.21139116138219832,0.75,0.05078579999826616,0.0064361000040662475,0.13536540000495734,,B,0.002631578947368421,0.9861243277775303,5.044248108080997,0.295906639585968,0.9864573455119832,0.024000115389980835,0.19613015447827928,0.1941397028190529,3.0377324749642347,0.9140313416880188,0.09284413969329737
compound,P2_Full,,main,clean,0.0,5,0.15,59,0.9448621553884712,0.9124433775178236,0.8718937641008938,-0.06714041835483134,1.0,0.12425021997142151,0.14306038618087769,1.0,0.04853480000019772,0.0029775000002700835,0.1955080000043381,,B,0.002777777777777778,0.9883127472840569,5.92184663790885,0.14233157738089008,0.9885417067558938,0.019590529733689223,0.1665511083100343,0.16545961002785514,3.2609427609427613,0.9424133788829677,0.06500621681508122
compound,P2_Full,,main,clean,0.0,5,0.2,79,0.9473684210526315,0.9148697747243952,0.8767501989378955,-0.08018978477380907,1.0,0.1265924638191189,0.11467865407466889,1.0,0.04460839999956079,0.004052199998113792,0.25163510000129463,,B,0.0029411764705882353,0.9925178318983292,5.935503878075559,0.10310633658288079,0.9926258722229448,0.014439708270056858,0.16602482480891018,0.16536526114870728,3.261804826862539,0.9583269234366028,0.047854778088828875
compound,P2_Full,,main,clean,0.0,6,0.05,19,0.6741854636591479,0.7377962814022858,0.613823997800858,-0.06425645753964153,1.0,0.12220798224528531,0.1928317372997602,0.9166666666666666,0.05610059999889927,0.003110899997409433,0.07249740000406746,,B,0.002551020408163265,0.9818325787183277,5.905931048241213,0.14753119453263108,0.9822644753443378,0.02377313870327767,0.16719681515131601,0.16531395166762358,3.2622740547793825,0.9304285077736991,0.07496802698137349
compound,P2_Full,,main,clean,0.0,6,0.1,39,0.8947368421052632,0.8323549313598351,0.7724811485873448,-0.0805764726948426,1.0,0.12062895325584186,0.18090396821498872,0.95,0.05248059999576071,0.007571499998448417,0.14300670000375248,,B,0.002631578947368421,0.9886752566168762,4.9672164494840265,0.23683336663698779,0.9889118083517823,0.02088804372014604,0.1992126617567297,0.19802805165949175,3.012447405329593,0.9199582649728139,0.08828028000269869
compound,P2_Full,,main,clean,0.0,6,0.15,59,0.8771929824561403,0.8062165304450597,0.7398889269044503,-0.07230601248363577,1.0,0.12461435431865357,0.15676384568214416,1.0,0.048581999995803926,0.005676200002199039,0.2061316000035731,,B,0.002777777777777778,0.9868843352626862,5.930157404784646,0.11805388342448178,0.9871365318600324,0.019228655382503478,0.16631379298997365,0.16488703187867534,3.2661895823557012,0.9454631001875303,0.05980802772642075
compound,P2_Full,,main,clean,0.0,6,0.2,79,0.8822055137844611,0.8191861160418361,0.7547586194616182,-0.08855978278775455,1.0,0.1251387370733149,0.12774307131767274,1.0,0.04427929999656044,0.003894399997079745,0.2621290000024601,,B,0.0029411764705882353,0.9913056436893378,5.9448596404449,0.10641610596640289,0.9914595967237075,0.017707237760761847,0.16575889978745936,0.16461912198507722,3.268657109729103,0.9481382591134708,0.05852959337754684
compound,P2_Full,,main,clean,0.0,7,0.05,19,0.9348370927318296,0.9033889126497009,0.8533863916324547,-0.0609156449890989,1.0,0.1190420838698328,0.2534369354446729,0.8333333333333334,0.055121400000643916,0.005681100003130268,0.07037619999755407,,B,0.002551020408163265,0.9837846419726736,5.04160521674645,0.34916320437877324,0.9842018899670376,0.025731654747363806,0.19629926803483064,0.19489534944412548,3.032739689341189,0.9095361941226443,0.09770424784483257
compound,P2_Full,,main,clean,0.0,7,0.1,39,0.9398496240601504,0.9076411312100192,0.8624313716765281,-0.0791885705072685,1.0,0.12431973386511856,0.15577649921178818,0.95,0.05143980000138981,0.005011000001104549,0.1340684999959194,,B,0.002631578947368421,0.9853153757753181,5.92579277262168,0.12799239307703442,0.9855974872168425,0.01921134904155238,0.16656053007061944,0.16533814747951672,3.262052746514363,0.9446574122652659,0.060285679918459734
compound,P2_Full,,main,clean,0.0,7,0.15,59,0.9423558897243107,0.9101356806747252,0.8671372668130575,-0.07109903961474612,1.0,0.12599062941598776,0.11875489056110382,1.0,0.047507499999483116,0.003169099996739533,0.19181779999780701,,B,0.002777777777777778,0.9913532262281494,5.93593859839868,0.1034547018994358,0.9914857680812137,0.015328474707614819,0.16614910196004876,0.16527390900649955,3.2626404494382024,0.9545651616595682,0.05141722788763993
compound,P2_Full,,main,clean,0.0,7,0.2,79,0.949874686716792,0.9175468462383821,0.8817200946954276,-0.08372230407708459,1.0,0.1272253743663666,0.08530339896678925,1.0,0.039798700003302656,0.0030954000030760653,0.24387299999943934,,B,0.0029411764705882353,0.9953551961400832,5.947244550030721,0.0818030158068772,0.9954120976487393,0.012250572978367798,0.16569124574747915,0.165052923824397,3.264665685449958,0.9624508296063405,0.04426967061574048
compound,P2_Full,,main,clean,0.0,8,0.05,19,0.8847117794486216,0.7968133495232542,0.7490245538079021,-0.06974094280828884,1.0,0.12018443430940913,0.18690388649702072,0.75,0.05254599999898346,0.005023799996706657,0.06888540000363719,,B,0.002551020408163265,0.9847063354228465,5.056479961394691,0.23825672738783027,0.9850599844845453,0.023123892897927524,0.19571428711244485,0.19422986585938723,3.037134699361774,0.917556743310172,0.08865194523626163
compound,P2_Full,,main,clean,0.0,8,0.1,39,0.8872180451127819,0.8663725852745812,0.7837707119391449,-0.07987637077681395,1.0,0.12320401653449685,0.17840701043605806,1.0,0.05157920000056038,0.009228800001437776,0.1392487000048277,,B,0.002631578947368421,0.9841402063018294,5.910751613537719,0.15236795769713185,0.9844935256358905,0.02227767528287148,0.16699109288764766,0.16522705179836134,3.2630694234325097,0.9366006192067821,0.0687515407295247
compound,P2_Full,,main,clean,0.0,8,0.15,59,0.8771929824561403,0.868010837767699,0.775384427039707,-0.07208884368112368,1.0,0.12488261013437563,0.17463666200637817,1.0,0.04404970000177855,0.0059162000034120865,0.1967750000039814,,B,0.002777777777777778,0.9888033175661787,5.912553872149638,0.1154535048449422,0.9890111526470747,0.018562201984778304,0.16681725481996548,0.1653358093469514,3.2620741295394984,0.9471174476609118,0.05900729597965384
compound,P2_Full,,main,clean,0.0,8,0.2,79,0.949874686716792,0.9175468462383821,0.8817200946954276,-0.08350293908067205,1.0,0.12609242722385935,0.10366747677326202,1.0,0.04131000000052154,0.0037505000000237487,0.24926220000634203,,B,0.0029411764705882353,0.9941035598929809,5.917491558958928,0.09778147312334254,0.9941932607546053,0.015212714790002397,0.16653916872983096,0.16513968419226097,3.2638699169906484,0.9552655701002705,0.05220317923404469
compound,P2_Full,,main,clean,0.0,9,0.05,19,0.7117794486215538,0.7396492328414779,0.6209536451610459,-0.0612585090211136,1.0,0.11956047420913356,0.21973147988319397,0.8333333333333334,0.053955300005327445,0.0059448000029078685,0.07510560000082478,,B,0.002551020408163265,0.9844662705936108,5.001087878778527,0.2869755560816437,0.9848512375568167,0.024782648978524193,0.19791034724127718,0.19652643666162117,3.0220934864882807,0.9130764097982008,0.09361911453551092
compound,P2_Full,,main,clean,0.0,9,0.1,39,0.9373433583959899,0.9054637799516481,0.8578582536086288,-0.06750375675222317,1.0,0.12046572474742231,0.18318346589803697,0.9,0.048119600003701635,0.0103845999983605,0.14315820000047097,,B,0.002631578947368421,0.9886684071677228,4.8182230866728615,0.3264120396454638,0.9889381805791695,0.023807192460911623,0.20545448289660195,0.20408276628246078,2.974993195427327,0.9178301639677975,0.09292506183199584
compound,P2_Full,,main,clean,0.0,9,0.15,59,0.9423558897243107,0.9101356806747252,0.8671372668130575,-0.07023650154985812,1.0,0.12576146969609542,0.15647481977939606,1.0,0.04502359999605687,0.005816299999423791,0.2014848999970127,,B,0.002777777777777778,0.9905058393647932,5.956100891009257,0.10731754418294041,0.9906547097030649,0.015680200071572187,0.1655772330061826,0.16463943051686783,3.2684697809944545,0.9530341900951451,0.052708441903234676
compound,P2_Full,,main,clean,0.0,9,0.2,79,0.9022556390977443,0.8433861522036055,0.7900451415146592,-0.08536811914008298,1.0,0.12736917249211233,0.07882130444049835,1.0,0.041408000004594214,0.003456599995843135,0.2533417000013287,,B,0.0029411764705882353,0.9963338916496717,5.9711560175248515,0.08170055368712936,0.9963758152561135,0.01143545210226467,0.1650159232257999,0.1644456012493493,3.270259575815132,0.9632347057902511,0.04351155943849255
compound,P2_Full,,main,clean,0.0,10,0.05,19,0.8847117794486216,0.830105645304426,0.7601848542115743,-0.07712441270211128,1.0,0.1232561688308182,0.15516400833924612,1.0,0.05201439999655122,0.003111500001978129,0.06294599999819184,,B,0.002551020408163265,0.9846754909076456,5.883601180259013,0.1281782266184279,0.9849980431236248,0.021048127156005948,0.1678410791539263,0.16599248395010177,3.2560922883421117,0.9382772912814279,0.06672625155965685
compound,P2_Full,,main,clean,0.0,10,0.1,39,0.924812030075188,0.8948470167274418,0.8362278234244381,-0.07953917803580808,1.0,0.12175107548854928,0.17173965871334076,0.9,0.04824389999703271,0.0031967999966582283,0.12148139999771956,,B,0.002631578947368421,0.9801976561781326,5.846718051164639,0.1829497992990207,0.9807252515051058,0.026643074765253454,0.16884888532052142,0.1662407998889043,3.2538426196641885,0.9278353561169425,0.07598745411152237
compound,P2_Full,,main,clean,0.0,10,0.15,59,0.9348370927318296,0.9033889126497009,0.8533863916324547,-0.09157942474083056,1.0,0.12521303817099916,0.13880665600299835,0.95,0.045584499996039085,0.003048099999432452,0.17664269999659155,,B,0.002777777777777778,0.9844747875207316,5.902273057139251,0.11354442556879704,0.9847662678548584,0.018774643794153563,0.1671126757007315,0.16612503868771278,3.254890544946437,0.9497795354251612,0.05510249258955537
compound,P2_Full,,main,clean,0.0,10,0.2,79,0.9373433583959899,0.9054637799516481,0.8578582536086288,-0.07494450751974512,1.0,0.1263353026487271,0.126760795712471,1.0,0.04214689999935217,0.0024113999970722944,0.22729750000144122,,B,0.0029411764705882353,0.9909243039610026,5.913381602116219,0.10212844174349112,0.991065706803505,0.0155803854486401,0.16665696808888952,0.1659378795766094,3.2565878908292376,0.9567580182370626,0.04911639349066405
compound,P2_Full,,main,clean,0.0,11,0.05,19,0.681704260651629,0.7541071242805346,0.6137861980702228,-0.07215189582975719,1.0,0.1222017980909809,0.19736965000629425,1.0,0.05165090000082273,0.0030621000041719526,0.06422810000367463,,B,0.002551020408163265,0.981904664097725,5.873318889685313,0.17387361270150536,0.9823419762107991,0.024167117727781514,0.16813939228783226,0.16616211702072134,3.2545547353541697,0.9310257928804904,0.07366513326741408
compound,P2_Full,,main,clean,0.0,11,0.1,39,0.8872180451127819,0.8235978878582462,0.7584039740202994,-0.06083242706495455,1.0,0.1185003444328753,0.1955924242734909,0.9,0.04835050000110641,0.0050212999994982965,0.1249418000006699,,B,0.002631578947368421,0.9845205689421459,4.848521331136395,0.3479764955580602,0.9849140081939529,0.0254169064958879,0.20415411680231038,0.20269407026801833,2.9833858591394904,0.905999359025152,0.10137215547234746
compound,P2_Full,,main,clean,0.0,11,0.15,59,0.9323308270676691,0.9010646370957641,0.8489431232749619,-0.06932112641213105,1.0,0.12360861878676876,0.14454571455717086,0.9,0.04513349999615457,0.003838299999188166,0.18103760000667535,,B,0.002777777777777778,0.9880959015352818,5.858012344744792,0.17401202426791876,0.9883600280727658,0.02218786565541408,0.16839635598793135,0.16646549056019808,3.2518127730779955,0.9390033004096049,0.06662916077535942
compound,P2_Full,,main,clean,0.0,11,0.2,79,0.8822055137844611,0.8262840759830192,0.7573502097922313,-0.07819294659465523,1.0,0.1264663485488702,0.11661961674690247,1.0,0.040370100003201514,0.0031941999986884184,0.23232170000119368,,B,0.0029411764705882353,0.9926211551330364,5.895409822697729,0.09850586316338124,0.9927308985482091,0.014872709367296882,0.16717400362319484,0.16645844178379315,3.251876368185135,0.9575894724439419,0.04816142074300237
compound,P2_Full,,main,clean,0.0,12,0.05,19,0.9147869674185464,0.8732640952508702,0.8155232329964924,-0.06614467986596441,1.0,0.12278273625896702,0.19551043460766473,0.9166666666666666,0.05078449999564327,0.003056900000956375,0.0622363000002224,,B,0.002551020408163265,0.9835778669461569,5.890503760456794,0.14618686504919912,0.9839443604672149,0.022317047356539627,0.16764140350393644,0.1658358995772222,3.257514359902431,0.9350407717575834,0.06959102041828763
compound,P2_Full,,main,clean,0.0,12,0.1,39,0.9097744360902256,0.8556146690338826,0.8014202002539308,-0.0726769286134297,1.0,0.12458676291405985,0.13663432896137237,1.0,0.0454405000054976,0.0036261999994167127,0.11790240000118501,,B,0.002631578947368421,0.9874738698262597,5.909046606997073,0.1313536766493052,0.9877035120477762,0.018333054050310695,0.1670400381105973,0.16579641716428273,3.2578733562274897,0.9460563704983028,0.05976524066720515
compound,P2_Full,,main,clean,0.0,12,0.15,59,0.8972431077694235,0.8381612160265365,0.7811699385955561,-0.07308530256670716,1.0,0.1250821969389333,0.10912195444107056,1.0,0.044519100003526546,0.002507500001229346,0.1726464000021224,,B,0.002777777777777778,0.9937129857362528,5.918009151410644,0.14908527937809224,0.9938160459591764,0.01639255433502869,0.1666609133120557,0.16559888579387186,3.259671993271657,0.948117857145554,0.06015290431723844
compound,P2_Full,,main,clean,0.0,12,0.2,79,0.9473684210526315,0.9148697747243952,0.8767501989378955,-0.08446870478338221,1.0,0.1264329365320046,0.09961756765842437,1.0,0.04026329999760492,0.0034530999982962385,0.2231755999964662,,B,0.0029411764705882353,0.9945285264594225,5.932102463218295,0.10518012244618749,0.9946064380104924,0.014239592038988273,0.16612171338787332,0.16538261322228007,3.261646207113629,0.9566673139479912,0.05101110161131145
compound,P2_Full,,main,clean,0.0,13,0.05,19,0.8771929824561403,0.7950989795749592,0.738862748599209,-0.06020761778243605,1.0,0.12283406625594008,0.19595055282115936,0.9166666666666666,0.049036999997042585,0.0026328000021749176,0.05972789999941597,,B,0.002551020408163265,0.9831080580909658,5.905235711755138,0.15546928544940966,0.9834815340890173,0.02210971361745554,0.1672168035829174,0.16582285087948223,3.2576329870947434,0.9351070879503618,0.06987014826953845
compound,P2_Full,,main,clean,0.0,13,0.1,39,0.9323308270676691,0.9008930613416388,0.848906390060078,-0.06649179359691887,1.0,0.12094223019525878,0.20868523567914962,0.9,0.04850839999562595,0.0032489000004716218,0.11904309999954421,,B,0.002631578947368421,0.9819837938867321,5.853482857031092,0.2514832105706777,0.9824862329019618,0.027888169799508398,0.168650699206324,0.1661713650881822,3.2544710011699816,0.9218623461533234,0.08350062291610502
compound,P2_Full,,main,clean,0.0,13,0.15,59,0.9398496240601504,0.9079378951429002,0.86248152862796,-0.09786603137660656,1.0,0.1255606215084566,0.15076495110988616,1.0,0.04509469999902649,0.0036029000038979575,0.17466429999331012,,B,0.002777777777777778,0.987230213243055,5.904108107492011,0.10266585632354844,0.9874542954390612,0.017547841657127194,0.16705986980190815,0.16586196224079233,3.2572774771412574,0.9518006747824791,0.053260855834380186
compound,P2_Full,,main,clean,0.0,13,0.2,79,0.9448621553884712,0.9124433775178236,0.8718937641008938,-0.08458258281122637,1.0,0.126960008371411,0.10696353018283844,1.0,0.0450559999953839,0.003147099996567704,0.22978709999733837,,B,0.0029411764705882353,0.993457983538471,5.924193655596031,0.09126089207993078,0.9935462138161347,0.013486709821438523,0.16634742418782286,0.16566024639944474,3.2591128103069025,0.9605399525427354,0.045916137143749
compound,P2_Full,,main,clean,0.0,14,0.05,19,0.9097744360902256,0.8402013674737959,0.7980608895553772,-0.045103960233657654,1.0,0.12143069995875398,0.1927903344233831,0.8333333333333334,0.05509669999446487,0.007131200000003446,0.07012669999676291,,B,0.002551020408163265,0.9895634507111735,4.894803980689768,0.31207859959284334,0.9897749197930606,0.020262356458524353,0.20226323023460482,0.20072811733389007,2.9954657739062602,0.9242830953712121,0.08525763416374739
compound,P2_Full,,main,clean,0.0,14,0.1,39,0.9097744360902256,0.8542953059106749,0.8014475889104112,-0.07115283199091645,1.0,0.122875467549201,0.17799957990646362,0.95,0.0493339999957243,0.003326300000480842,0.13056789999973262,,B,0.002631578947368421,0.9856603472288339,5.9043023902901215,0.17123783761740988,0.9859801702281421,0.022303399141668043,0.16717637798760632,0.16544924316067214,3.2610374349504783,0.9352791745372308,0.06974549963151108
compound,P2_Full,,main,clean,0.0,14,0.15,59,0.9473684210526315,0.9148697747243952,0.8767501989378955,-0.06577398339485038,1.0,0.1256909350826728,0.1285703271627426,1.0,0.05115029999433318,0.0035286999991512857,0.19217399999615736,,B,0.002777777777777778,0.9893256317721476,5.923568611537956,0.10140052088206317,0.9895041238004834,0.016721554337054155,0.16650188237555866,0.16530485917672547,3.262357236472571,0.951961810768231,0.05391678943125878
compound,P2_Full,,main,clean,0.0,14,0.2,79,0.9523809523809523,0.9201226309287978,0.8867594112795947,-0.09187543593462795,1.0,0.1270814488559337,0.10597425699234009,1.0,0.043065500001830515,0.0030256999962148257,0.24497999999584863,,B,0.0029411764705882353,0.9949618584146697,5.941743258416069,0.08636550115524746,0.9950266540529785,0.012861019725520551,0.16584738575881358,0.1650876279715426,3.264347277696027,0.9612710267320635,0.04545559514024453
compound,P2_Full,,main,clean,0.0,15,0.05,19,0.899749373433584,0.8433080816227111,0.7856527760232976,-0.062215038703547144,1.0,0.12305500736083264,0.17968425154685974,1.0,0.05636380000214558,0.006289099997957237,0.07046680000348715,,B,0.002551020408163265,0.9813795877748224,5.898756519375774,0.14634979026132416,0.9817972028804737,0.022427812048472107,0.16740328367585947,0.16586199697270212,3.2572771615136498,0.9360896747939705,0.06850223364124172
compound,P2_Full,,main,clean,0.0,15,0.1,39,0.8771929824561403,0.80798065015216,0.7397406858252272,-0.06746944120806819,1.0,0.12274310085021808,0.17843726575374602,1.0,0.05030110000370769,0.0030116999987512827,0.1329496000034851,,B,0.002631578947368421,0.9855136392374888,5.89851142163269,0.19397160668821628,0.9858347918174649,0.022169307063458574,0.16734309679097456,0.1658797389251493,3.2571159480954375,0.9327037385406916,0.07626173844885172
compound,P2_Full,,main,clean,0.0,15,0.15,59,0.9323308270676691,0.9010646370957641,0.8489431232749619,-0.07267369290629573,1.0,0.12445446647315489,0.13425820767879487,1.0,0.047490700002526864,0.004480999996303581,0.19247790000372333,,B,0.002777777777777778,0.9899974667177922,5.908347782989549,0.13585098932561718,0.9901821277577119,0.018461427191461263,0.16693799320558692,0.16583101207056639,3.257558790593505,0.9446181085858358,0.061891467579898524
compound,P2_Full,,main,clean,0.0,15,0.2,79,0.9423558897243107,0.9101356806747252,0.8671372668130575,-0.07214253216786182,1.0,0.12706245763119992,0.0943804144859314,1.0,0.041985900003055576,0.0035381999987293966,0.245527500002936,,B,0.0029411764705882353,0.99479783857583,5.925788545797856,0.08450306025515246,0.9948648420387771,0.012879927684639607,0.1663018588481706,0.16562554225229914,3.259429020429544,0.9613318041037235,0.04518026545159503
compound,P2_Full,,main,clean,0.0,16,0.05,19,0.9172932330827067,0.8713014269092813,0.8194168981063009,-0.08535081775715514,1.0,0.12241661798341455,0.18190680940945944,1.0,0.051071300003968645,0.0039586999992025085,0.0635104000029969,,B,0.002551020408163265,0.9828565857831792,5.883802295398733,0.15593791963326292,0.9832557120009789,0.023281606146344908,0.1678352547326872,0.16596638655462184,3.2563291139240507,0.9330620745140092,0.0718855058186869
compound,P2_Full,,main,clean,0.0,16,0.1,39,0.8646616541353384,0.7861433794951513,0.7175917037034673,-0.06921422870558375,1.0,0.12383053620637306,0.17884654700756072,0.95,0.048140900005819276,0.003464200002781581,0.12321950000477955,,B,0.002631578947368421,0.9829547293976645,5.8913521057104505,0.12841424269327978,0.983314988559032,0.021135432212973548,0.16754966263377638,0.16607415636717124,3.2553516180282633,0.9412915900140849,0.06359343577369068
compound,P2_Full,,main,clean,0.0,16,0.15,59,0.8320802005012531,0.7510273123965513,0.6647041034097433,-0.08080034298593347,1.0,0.12510715778380097,0.12959451377391815,1.0,0.05110419999982696,0.002973700000438839,0.1853361000030418,,B,0.002777777777777778,0.9896072606280973,5.895297680843271,0.11746426497673065,0.9897933636465732,0.017907022567992398,0.1673137009718097,0.16598576292169606,3.256153272422152,0.9483367920575948,0.058458363437609746
compound,P2_Full,,main,clean,0.0,16,0.2,79,0.7969924812030075,0.7233713565895444,0.618220024997352,-0.07852336414124803,1.0,0.12492665762023208,0.11303315758705139,1.0,0.04366689999733353,0.003095000000030268,0.23947990000306163,,B,0.0029411764705882353,0.9913996688227045,5.892772022272011,0.2398243145495496,0.9915627970841698,0.018967672070115987,0.16725015671013424,0.16579906298802707,3.257849293563579,0.9457581666781459,0.06432545585021147
compound,P2_Full,,main,clean,0.0,17,0.05,19,0.9072681704260651,0.858483722663512,0.8001404368544351,-0.08030776013450551,1.0,0.12307749681424834,0.19147325307130814,0.9166666666666666,0.051920400001108646,0.0028007000000798143,0.062203300003602635,,B,0.002551020408163265,0.9824763397336143,5.9078532595987205,0.15435724025892844,0.9828599951469962,0.021893566044407935,0.16714158294694936,0.16569236390208258,3.2588202866593163,0.9362247842567034,0.0685433583099817
compound,P2_Full,,main,clean,0.0,17,0.1,39,0.9047619047619048,0.8548400499844687,0.7941861502566532,-0.07233603212301683,1.0,0.12358008935607584,0.15498756468296052,1.0,0.04889129999355646,0.0026662000018404797,0.12089280000509461,,B,0.002631578947368421,0.9858551208091416,5.902936800107621,0.1458166873827612,0.9861492974410877,0.02079739444760795,0.16721566310426977,0.16569920844327177,3.2587579617834397,0.939284728124373,0.06589819210435566
compound,P2_Full,,main,clean,0.0,17,0.15,59,0.8947368421052632,0.8373023145558353,0.7746361997025579,-0.06984447171758926,1.0,0.1253950126773331,0.1394597202539444,1.0,0.049046100000850856,0.002977900003315881,0.1797151000064332,,B,0.002777777777777778,0.9901475480979941,5.927414504452305,0.11019979549044792,0.9903108038534212,0.016570063680683,0.1663920433887967,0.16550603528319405,3.2605189340813467,0.9506826303940108,0.05532135289650549
compound,P2_Full,,main,clean,0.0,17,0.2,79,0.8897243107769424,0.8312806976440237,0.7698370897186003,-0.08029653445419505,1.0,0.12618830582118465,0.0866544097661972,1.0,0.04165089999878546,0.003098699999100063,0.23149330000160262,,B,0.0029411764705882353,0.9947158195609839,5.9331567953824,0.09974309456753433,0.9947924727046847,0.014506155606434746,0.16609166907990935,0.16538261322228007,3.261646207113629,0.955002598132416,0.05234250098468284
compound,P2_Full,,main,clean,0.0,18,0.05,19,0.87468671679198,0.8050172087861058,0.7382513626027145,-0.05890516716491976,1.0,0.12292680946298755,0.21440673371156058,1.0,0.05489250000391621,0.005131700003403239,0.07065259999944828,,B,0.002551020408163265,0.9801505285028875,5.8974492132996,0.14503854118518789,0.9806041910430116,0.022855144540751663,0.16744095942611786,0.1658750456704421,3.2571585903083697,0.935487319123233,0.06883047387875349
compound,P2_Full,,main,clean,0.0,18,0.1,39,0.8796992481203008,0.8233838657765807,0.7551109376460694,-0.07899016420434869,1.0,0.12357356212889115,0.20470307171344757,1.0,0.05358330000308342,0.008675499993842095,0.14044119999743998,,B,0.002631578947368421,0.9846790423734147,5.90740527960147,0.14577392924216626,0.9850030945576532,0.0211509092405659,0.1670871820014726,0.1656019997222608,3.259643605870021,0.939419586930134,0.06658870956802904
compound,P2_Full,,main,clean,0.0,18,0.15,59,0.9122807017543859,0.8554948021441999,0.8053958931241388,-0.08642306421010336,1.0,0.12510288014778412,0.12985727190971375,1.0,0.04730600000038976,0.0034214999977848493,0.1985290999946301,,B,0.002777777777777778,0.9885652861840827,5.8783090867866115,0.1363205509108225,0.9887761865092737,0.018443865634614323,0.16780529583221587,0.16609408851748686,3.255170968042486,0.9488222225796904,0.05800000619801036
compound,P2_Full,,main,clean,0.0,18,0.2,79,0.8771929824561403,0.8220140837476428,0.7516631943502923,-0.08401974153235779,1.0,0.12577759703498953,0.10484616756439209,1.0,0.04361349999817321,0.0030014000003575347,0.2519809000004898,,B,0.0029411764705882353,0.9929826348089899,5.9187706144217005,0.14053718237181537,0.993093903893163,0.01585624819921492,0.1665025418908105,0.16536526114870728,3.261804826862539,0.9521608140340126,0.056342835917608594
compound,P2_Full,,main,clean,0.0,19,0.05,19,0.849624060150376,0.8025407384704496,0.7166874535440692,-0.06731969467108921,1.0,0.12271145435796421,0.18466207881768545,1.0,0.05234859999472974,0.003601099997467827,0.06631049999850802,,B,0.002551020408163265,0.9821702238216257,5.8930372408400356,0.15032379389203926,0.9825768594948732,0.02280654951466731,0.16756823313710434,0.16586199697270212,3.2572771615136498,0.9341609577504915,0.0707707681972623
compound,P2_Full,,main,clean,0.0,19,0.1,39,0.9348370927318296,0.9033889126497009,0.8533863916324547,-0.07569006777419643,1.0,0.12026565112837756,0.16144449561834334,0.95,0.05183870000473689,0.005525699998543132,0.13237500000104774,,B,0.002631578947368421,0.977738233467934,5.719504400848044,0.17630613981578372,0.9784257357954984,0.03088264925311041,0.17266312123923389,0.16860158311345647,3.2327856025039123,0.9173620895342872,0.08702195170420685
compound,P2_Full,,main,clean,0.0,19,0.15,59,0.9398496240601504,0.9079378951429002,0.86248152862796,-0.07626769478905668,1.0,0.1247810564343629,0.15092381089925766,0.95,0.049005399996531196,0.0037111999990884215,0.19236040000396315,,B,0.002777777777777778,0.984433192661406,5.90432568956368,0.1229024115466949,0.9847417607371793,0.01982218120013888,0.1670536107788289,0.16584648715567935,3.257418120742745,0.9469370842044114,0.05756032492477634
compound,P2_Full,,main,clean,0.0,19,0.2,79,0.9448621553884712,0.9127721213710622,0.8719404711032855,-0.0866282989741915,1.0,0.12622043243097325,0.12748004794120787,1.0,0.047575399999914225,0.0031011999963084236,0.25058829999761656,,B,0.0029411764705882353,0.9910928001517214,5.922235537094734,0.1052910291189901,0.9912331695931463,0.01575909868599822,0.16640340036905368,0.16564289432587195,3.2592708988057826,0.9559665299782393,0.04976828895842624
compound,P2_Full,,main,clean,0.0,20,0.05,19,0.9122807017543859,0.8659776159891882,0.8105114244186655,-0.08195079209360663,1.0,0.12190753727804446,0.19653434306383133,0.8333333333333334,0.0541741000051843,0.0029668999995919876,0.06810519999999087,,B,0.002551020408163265,0.981864819137538,5.85561579565259,0.17396412472083544,0.9823151682882645,0.024832900986321547,0.1686554548221684,0.16648833446422048,3.2516067089897325,0.9282468799632867,0.07692604600876059
compound,P2_Full,,main,clean,0.0,20,0.1,39,0.8822055137844611,0.818360864238786,0.7501649334954096,-0.08898948934089122,1.0,0.12264768080665689,0.1722731187939644,0.95,0.04865889999928186,0.003242899998440407,0.127658600002178,,B,0.002631578947368421,0.9841306074904717,5.881474320899727,0.1461584811554944,0.9844877484494899,0.022505017681291654,0.16783548931219755,0.16637966949034858,3.2525874300976545,0.9334319934199352,0.07256099671460946
compound,P2_Full,,main,clean,0.0,20,0.15,59,0.9348370927318296,0.9033889126497009,0.8533863916324547,-0.08359342717676917,1.0,0.12477162102349064,0.13362947404384612,1.0,0.048579300004348624,0.003429899996262975,0.1866327000025194,,B,0.002777777777777778,0.9904381317406112,5.8998276360624775,0.12153162395612979,0.9906074478613274,0.017707430820323836,0.16718309684569668,0.16623336428350355,3.2539098864271088,0.9466329620037726,0.059621534793092165
compound,P2_Full,,main,clean,0.0,20,0.2,79,0.9448621553884712,0.9124433775178236,0.8718937641008938,-0.08531002073128298,1.0,0.12676444047789612,0.09361425936222076,1.0,0.041263200000685174,0.0028568999987328425,0.2374411999990116,,B,0.0029411764705882353,0.9947533534335151,5.914350099731486,0.08473641784311477,0.9948226929188851,0.013215962709001465,0.1666291943185664,0.16607669616519175,3.255328596802842,0.959508372176131,0.04684999140529949
compound,P2_Full,,main,clean,0.0,21,0.05,19,0.7142857142857143,0.7841526009345147,0.6626233685253498,-0.06622027885406323,1.0,0.12102590179668898,0.20198465883731842,0.8333333333333334,0.05296010000165552,0.0074666000000434,0.07260890000179643,,B,0.002551020408163265,0.9922922749163973,3.562986431144538,0.748002647727902,0.9924538309157299,0.0209602700641629,0.27882369655041167,0.27694556083302885,2.6527044854881265,0.9223005751219999,0.08803167673796758
compound,P2_Full,,main,clean,0.0,21,0.1,39,0.9097744360902256,0.8419868302888753,0.7984027631685447,-0.06424228885291837,1.0,0.12057746180328609,0.21360357403755187,0.8,0.05019739999988815,0.007074000001011882,0.1378645000004326,,B,0.002631578947368421,0.9876995810606882,4.986646247901092,0.32535335851079106,0.9879692464250226,0.021923266651717985,0.19842617568493437,0.19751423413414804,3.0157315615552274,0.9196650738197899,0.08936862273118454
compound,P2_Full,,main,clean,0.0,21,0.15,59,0.9473684210526315,0.9151001604747496,0.8767801628882481,-0.07686400200194636,1.0,0.12411528430025244,0.13309116065502166,0.95,0.047048000000359025,0.0036342999956104904,0.1971149000019068,,B,0.002777777777777778,0.9868676067694839,5.929981965513625,0.12632519435832634,0.9871261288478581,0.019685831351241946,0.16631879581452735,0.16484060662333644,3.266616597822005,0.942227999893918,0.0641675911326924
compound,P2_Full,,main,clean,0.0,21,0.2,79,0.9548872180451128,0.9229771892918887,0.8919103634601292,-0.07071474211878262,1.0,0.12647806799273892,0.1170212596654892,1.0,0.04093480000301497,0.004293800004234072,0.24906059999921126,,B,0.0029411764705882353,0.9929572303564845,5.946045472681607,0.09054915502088408,0.993058830595506,0.014426176655523011,0.1657252538494986,0.16470588235294117,3.2678571428571432,0.9576595498730316,0.04829888374865599
compound,P2_Full,,main,clean,0.0,22,0.05,19,0.9223057644110275,0.8878384772592982,0.8312934905929849,-0.07883464986103192,1.0,0.12314212511236333,0.18068506320317587,0.9166666666666666,0.05406399999628775,0.00411520000488963,0.0662951999984216,,B,0.002551020408163265,0.9826308807116104,5.880315773494308,0.13865640527825202,0.9830111001682784,0.021890543231066657,0.16793628301937463,0.16620126311394123,3.254200361152548,0.9373633823107301,0.06706641202372493
compound,P2_Full,,main,clean,0.0,22,0.1,39,0.9298245614035088,0.8988592675106775,0.8445984013383002,-0.07431777218152971,1.0,0.12391718005492713,0.1690535679459572,0.95,0.049208399999770336,0.0033462999999755993,0.12568699999974342,,B,0.002631578947368421,0.9837740966664981,5.896830313371225,0.1380069047312868,0.9841082654749546,0.020594773775496105,0.1673915563004363,0.1661158172476045,3.2549740846012374,0.942145857416146,0.0629364806336727
compound,P2_Full,,main,clean,0.0,22,0.15,59,0.9348370927318296,0.9033889126497009,0.8533863916324547,-0.08783818091210996,1.0,0.12571329288773997,0.12659526765346527,1.0,0.04757480000262149,0.0027832999985548668,0.18250260000058915,,B,0.002777777777777778,0.9912424924039415,5.9148966544915105,0.1107765322029175,0.9913822197896613,0.01595515438465733,0.16675007826588054,0.1659238625812442,3.2567151650811414,0.9527438876668777,0.05334082007717527
compound,P2_Full,,main,clean,0.0,22,0.2,79,0.9448621553884712,0.9124433775178236,0.8718937641008938,-0.08880882219258913,1.0,0.12704420110678782,0.09589503109455108,1.0,0.045114600005035754,0.0026005999970948324,0.23665400000027148,,B,0.0029411764705882353,0.9956146728820303,5.925646602475212,0.08924141129358634,0.9956701455705018,0.012649612441485727,0.16630591311463033,0.16571230262016312,3.2586387434554975,0.9611982427169873,0.04567668468023713
compound,P2_Full,,main,clean,0.0,24,0.05,19,0.9047619047619048,0.8489201206152477,0.7928645483212633,-0.08132863288127501,1.0,0.12236535436832939,0.15723739316066107,0.8333333333333334,0.051081099998555146,0.0033889999976963736,0.06300799999735318,,B,0.002551020408163265,0.9836515091907366,5.858890042516379,0.15349043471084398,0.9840354150737416,0.02348264971268316,0.16855977225723817,0.16627955530038102,3.2534921133171153,0.931848574701404,0.07287712868575204
compound,P2_Full,,main,clean,0.0,24,0.1,39,0.8847117794486216,0.817428609750399,0.7528692621640327,-0.07961626172935389,1.0,0.12390791721615144,0.17066922634840012,0.95,0.04990109999926062,0.0037544000006164424,0.12416890000167768,,B,0.002631578947368421,0.9830865669163137,5.89708554676307,0.15720505892181685,0.9834422810572625,0.021031457019328004,0.16738419718153505,0.16596306068601582,3.2563593004769475,0.9410670432177128,0.06440926573192401
compound,P2_Full,,main,clean,0.0,24,0.15,59,0.9348370927318296,0.9033889126497009,0.8533863916324547,-0.07549126831057426,1.0,0.12425340445713089,0.15421110093593599,1.0,0.04679790000227513,0.002895999998145271,0.18132499999774154,,B,0.002777777777777778,0.9901286860924102,5.908786336772601,0.18799160373483148,0.9903174151407043,0.019118938984295272,0.16692539622162195,0.16576911173011452,3.2581217326362957,0.9418822403214461,0.06765845261275773
compound,P2_Full,,main,clean,0.0,24,0.2,79,0.9423558897243107,0.9105539372636627,0.8672018374251964,-0.07371865596418721,1.0,0.12678555030195435,0.11755480766296386,1.0,0.04170380000141449,0.00315950000367593,0.23269509999954607,,B,0.0029411764705882353,0.9927440859374828,5.932846098246054,0.1052356405556412,0.9928455248199152,0.013980165911342986,0.16610052161304625,0.16555613395800797,3.260061838381721,0.9595325940577742,0.04679184019952009
compound,P2_Full,,main,clean,0.0,23,0.05,19,0.87468671679198,0.8103515511837326,0.7430026618949486,-0.07540951614204033,1.0,0.12141056290109688,0.17662499845027924,0.9166666666666666,0.0539712999961921,0.01156030000129249,0.0752513999977964,,B,0.002551020408163265,0.9888628664069866,4.973821782007435,0.27375385919040873,0.9890852123320889,0.019964376223497796,0.1990092963356126,0.19804008559945718,3.0123706924952227,0.9239935694367465,0.08484260359630122
compound,P2_Full,,main,clean,0.0,23,0.1,39,0.9022556390977443,0.8464671538208463,0.7878623749547076,-0.073800304758233,1.0,0.12291031222324769,0.18817422091960906,1.0,0.050379400003293995,0.004622700005711522,0.14203439999982947,,B,0.002631578947368421,0.9843926563222759,5.872619773806051,0.14309861404354096,0.9847459443146274,0.022636010306843295,0.16809252454065374,0.1663380086099153,3.252963766905994,0.9339028990554751,0.07263599347681353
compound,P2_Full,,main,clean,0.0,23,0.15,59,0.8847117794486216,0.8707895405761858,0.7825764426132378,-0.08542130414483147,1.0,0.12498728624264868,0.13262228965759276,0.95,0.047012300005008,0.007752700003038626,0.20481840000138618,,B,0.002777777777777778,0.9858044877560371,5.909009766056483,0.11929036049962058,0.9860724216643513,0.018874550189483252,0.16691897917563045,0.16581553698545343,3.2576994867008864,0.947476221832023,0.05844730020671301
compound,P2_Full,,main,clean,0.0,23,0.2,79,0.87468671679198,0.8668198759826147,0.7729526971328878,-0.08753708478433184,1.0,0.1259914173006241,0.12020726203918457,1.0,0.04227230000105919,0.003954400002839975,0.2586287000012817,,B,0.0029411764705882353,0.9916369515569297,5.9113902188562495,0.09544972391815021,0.9917707718791072,0.0160013807272023,0.16671410391833194,0.16571230262016312,3.2586387434554975,0.9546918082337255,0.051846959019540215
compound,P2_Full,,main,clean,0.0,25,0.05,19,0.8872180451127819,0.815868560545129,0.7603046195343647,-0.056516374168685275,1.0,0.12284323791888867,0.1811173508564631,1.0,0.056137899999157526,0.0033137999998871237,0.06769789999816567,,B,0.002551020408163265,0.982617025638813,5.889429963098477,0.1484880635268655,0.9830132817025633,0.022795642190847357,0.16767243523063596,0.1660185813455817,3.255855537216066,0.9344745806205356,0.07015473540456546
compound,P2_Full,,main,clean,0.0,25,0.1,39,0.8947368421052632,0.8406783174500956,0.7782757407988646,-0.06187153637273235,1.0,0.12277658900943861,0.20508401691913605,1.0,0.04708069999469444,0.00337289999879431,0.12644589999399614,,B,0.002631578947368421,0.984713200604362,5.882595074879401,0.14190021079642778,0.985062337538705,0.02283911270809357,0.1678030105465072,0.16610193028746006,3.2550999080344454,0.9329795521874862,0.0740060247231741
compound,P2_Full,,main,clean,0.0,25,0.15,59,0.9348370927318296,0.9031189836929341,0.8533329174223302,-0.07600724684607975,1.0,0.12528775519745008,0.1310858577489853,1.0,0.04641609999816865,0.004119500001252163,0.18448789999820292,,B,0.002777777777777778,0.989798656863537,5.903532398586265,0.1356905792338275,0.989976759159456,0.017458710440044146,0.1670764330210476,0.1659238625812442,3.2567151650811414,0.9498771042011968,0.05668913664000579
compound,P2_Full,,main,clean,0.0,25,0.2,79,0.9423558897243107,0.9099284459772253,0.8671049579540764,-0.08006793684303677,1.0,0.127052472624028,0.10679724216461181,1.0,0.04236949999904027,0.0033855000001494773,0.23745659999985946,,B,0.0029411764705882353,0.9927718278885637,5.921569850431718,0.08341382255825547,0.9928692875992932,0.013483313516475087,0.16642243859787234,0.16566024639944474,3.2591128103069025,0.9611588496248179,0.04543834806332885
compound,P2_Full,,main,clean,0.0,26,0.05,19,0.8922305764411027,0.8319138014433616,0.7695643010143972,-0.1031442725883261,1.0,0.12346445276564377,0.1550461153189341,1.0,0.0524029000007431,0.0032360999975935556,0.06617340000229888,,B,0.002551020408163265,0.9843857696025897,5.881468897452601,0.12488263766763072,0.9847145390307407,0.021055756177744352,0.16790285590771634,0.1661751657184613,3.2544365920691005,0.9384628151020559,0.06659917869671614
compound,P2_Full,,main,clean,0.0,26,0.1,39,0.8796992481203008,0.813339776940087,0.7443269607146048,-0.06908079611358962,1.0,0.12410955389410425,0.1548741042613983,1.0,0.0505505000037374,0.005687299999408424,0.12966009999945527,,B,0.002631578947368421,0.9861361415036569,5.891377523269052,0.16772549352330873,0.9864072796477242,0.019557192114940055,0.16754892837966517,0.16626857380919316,3.253591414014867,0.9426016218292891,0.0642993791627992
compound,P2_Full,,main,clean,0.0,26,0.15,59,0.9323308270676691,0.9010646370957641,0.8489431232749619,-0.07541058003802523,1.0,0.12276676276535946,0.14386027157306672,1.0,0.04764259999501519,0.0031608999997843057,0.18723070000123698,,B,0.002777777777777778,0.9908575673080029,5.884279059248266,0.2470282398117538,0.9910533939042434,0.021419528350694002,0.16763222068833883,0.16609408851748686,3.255170968042486,0.9329072705236066,0.07653849469254435
compound,P2_Full,,main,clean,0.0,26,0.2,79,0.9398496240601504,0.9076411312100192,0.8624313716765281,-0.09337616214955682,1.0,0.1266214613008736,0.12298429310321808,1.0,0.04261129999940749,0.002575400001660455,0.23889020000206074,,B,0.0029411764705882353,0.9922388091983226,5.916167399066897,0.10391799197793063,0.992351339221078,0.014499066654957697,0.16657710385724087,0.16602463994447336,3.2558005852842813,0.9585735915385029,0.04745047689771069
compound,P2_Full,,main,clean,0.0,27,0.05,19,0.9172932330827067,0.8698911544664191,0.8185216635198905,-0.05489408640388985,1.0,0.12003723200137391,0.2217069591085116,0.75,0.05389940000168281,0.005754399993747938,0.07024670000100741,,B,0.002551020408163265,0.9846424663502201,5.045254552042835,0.322024511482505,0.985013425559822,0.024154868747895755,0.19615543085508833,0.19467352158254606,3.0342013539781485,0.9163867134208069,0.09029515945693163
compound,P2_Full,,main,clean,0.0,27,0.1,39,0.9273182957393483,0.8967640249503197,0.8403530631498987,-0.07243148462506957,1.0,0.12348151545957246,0.15892907679080964,0.95,0.04765120000229217,0.005725900002289563,0.13097600000037346,,B,0.002631578947368421,0.9852139708033764,5.917987120425848,0.1437195441117346,0.9855238242235802,0.02095582364158857,0.1667836986799437,0.16540758228023886,3.261418016959113,0.9385119366565812,0.0674914835710126
compound,P2_Full,,main,clean,0.0,27,0.15,59,0.9348370927318296,0.9031189836929341,0.8533329174223302,-0.0760501489526843,1.0,0.1256773985412209,0.1346382051706314,1.0,0.04689009999856353,0.0032961000033537857,0.1881744999991497,,B,0.002777777777777778,0.9895335641728521,5.928980998923378,0.1054300859729983,0.9897065531276295,0.016527971664299604,0.16634734503162615,0.1653358093469514,3.2620741295394984,0.9524150958183778,0.05333677160373277
compound,P2_Full,,main,clean,0.0,27,0.2,79,0.9423558897243107,0.9099284459772253,0.8671049579540764,-0.07162677778807566,1.0,0.1270106660027096,0.11497059166431427,1.0,0.0422854999997071,0.003238600002077874,0.24042090000148164,,B,0.0029411764705882353,0.9949537644273003,5.942402054250939,0.08136757311844475,0.9950189790171499,0.012923413683352203,0.16582867229639683,0.1651049800451154,3.2641881240147135,0.9610090624801542,0.04548718044955238
compound,P2_Full,,main,clean,0.0,28,0.05,19,0.924812030075188,0.8898996139200608,0.8354094316185173,-0.06666982212684379,1.0,0.12057338351698373,0.16771735002597174,0.9166666666666666,0.052694800004246645,0.006012599995301571,0.06871900000260212,,B,0.002551020408163265,0.9877959397487583,5.048228569089674,0.25610617867327423,0.9880533870183279,0.02109521456544309,0.19603836488455817,0.19480400855994573,3.0333411481010115,0.919733096474263,0.0877260780479957
compound,P2_Full,,main,clean,0.0,28,0.1,39,0.9323308270676691,0.9010646370957641,0.8489431232749619,-0.07719509055598026,1.0,0.12352696735938043,0.18016880005598068,0.9,0.05006349999894155,0.005935900000622496,0.1321405999988201,,B,0.002631578947368421,0.9821236711861714,5.903110667320027,0.14077306516718804,0.9825133487350498,0.021798522109138595,0.16721066030567455,0.16574086932370505,3.2583787180561377,0.9395703019552096,0.06482593721161191
compound,P2_Full,,main,clean,0.0,28,0.15,59,0.9373433583959899,0.9054637799516481,0.8578582536086288,-0.08306110882682445,1.0,0.12538437828641685,0.1413814514875412,1.0,0.04802909999853,0.003199200000381097,0.19072189999860711,,B,0.002777777777777778,0.9901393689448696,5.9230072998113075,0.11497045838675782,0.9903063686668317,0.01693600754641115,0.1665179254085469,0.16553698545342,3.260236514910723,0.9505966064001429,0.05514352830509071
compound,P2_Full,,main,clean,0.0,28,0.2,79,0.9473684210526315,0.9151001604747496,0.8767801628882481,-0.07715057965364179,1.0,0.1268577117188679,0.10682221949100494,1.0,0.04251930000464199,0.002951200003735721,0.2435473000005004,,B,0.0029411764705882353,0.9947900050825784,5.9366953027129385,0.09207642317864312,0.9948590891081863,0.013259902687608696,0.16599091358669266,0.1653132049279889,3.2622808859032224,0.9599905394803575,0.04678849263010724
compound,P2_Full,,main,clean,0.0,29,0.05,19,0.7167919799498746,0.7719018127823557,0.6476715146061053,-0.07555854209561012,1.0,0.12189751646853522,0.17678134391705194,0.9166666666666666,0.05258939999475842,0.00870079999731388,0.07099740000558086,,B,0.002551020408163265,0.9917133946401413,4.878300144539162,0.2689759113056388,0.9918662468946307,0.018445702172543738,0.20295616187278745,0.20177201315308732,2.9890221819827976,0.9276038766159045,0.08234537614028649
compound,P2_Full,,main,clean,0.0,29,0.1,39,0.9022556390977443,0.8368251369409792,0.7857314023136399,-0.0760770590246446,1.0,0.12248848880220427,0.15272440761327744,0.95,0.04991879999579396,0.004880799999227747,0.13309680000384105,,B,0.002631578947368421,0.9931848942248659,4.832742073314085,0.3210657333668656,0.9932988710011017,0.01672413899306631,0.20482930995780285,0.2040966532426052,2.9749098455467102,0.9309073241225945,0.07940717017781178
compound,P2_Full,,main,clean,0.0,29,0.15,59,0.9448621553884712,0.9124433775178236,0.8718937641008938,-0.05985309093734742,1.0,0.1248988053684951,0.18239392340183258,1.0,0.047947500002919696,0.00315730000147596,0.1920118000052753,,B,0.002777777777777778,0.988183510103411,5.9321444326506,0.13086574891575703,0.9883983842924956,0.018184265459966098,0.1662571515778265,0.16504178272980502,3.2647679324894514,0.9475421083486768,0.05838548883686028
compound,P2_Full,,main,clean,0.0,29,0.2,79,0.949874686716792,0.9174253226730819,0.881705712916377,-0.07690648200844111,1.0,0.1271550788486413,0.09580561816692353,1.0,0.04471439999906579,0.003685200004838407,0.24764190000132658,,B,0.0029411764705882353,0.9954098598012779,5.953539265802784,0.09021279479685956,0.9954660957779129,0.012251472547740245,0.16551294041789139,0.1648620510150963,3.266419324281655,0.9619151752711995,0.044704095219760064
compound,P2_Full,,main,clean,0.0,0,0.05,19,0.9097744360902256,0.8544063358753542,0.80203495622488,-0.08851174714398842,1.0,0.12332707888807289,0.1951720491051674,0.9166666666666666,0.05171960000006948,0.002803800001856871,0.06358180000097491,,C,0.002676824164454156,0.9833380087677566,5.8878734946227,0.15097140102517154,0.9836983084641175,0.021624047890731107,0.16771743578944975,0.16609687353202152,3.255145730222327,0.9374902092503998,0.06740987794586789
compound,P2_Full,,main,clean,0.0,0,0.1,39,0.8947368421052632,0.8303317803263431,0.7715301586729071,-0.08288263800679467,1.0,0.12424261920538214,0.15253922939300538,1.0,0.05192510000051698,0.004554999999527354,0.12717829999746755,,C,0.002768092982638134,0.985737289934346,5.897399287693923,0.12928527908654944,0.9860156422758455,0.019516090575928378,0.16737515199335737,0.16612970420774892,3.2548482822034606,0.9434307773813078,0.061828714100784485
compound,P2_Full,,main,clean,0.0,0,0.15,59,0.8771929824561403,0.8054808719098915,0.7395311040952889,-0.07199583501170326,1.0,0.12503536937058993,0.14330281168222428,0.95,0.05077829999936512,0.0035253000023658387,0.1908315999971819,,C,0.002934338325168446,0.9899416612959864,5.9096813872879315,0.13286171904414676,0.9901165768479563,0.017390103586397608,0.16689969266353172,0.16595481275147014,3.256434166355837,0.9475980028808406,0.06009953334190722
compound,P2_Full,,main,clean,0.0,0,0.2,79,0.9473684210526315,0.9148697747243952,0.8767501989378955,-0.07650121245358689,1.0,0.12206261495098421,0.11061927378177643,1.0,0.045039700002234895,0.004881300003034994,0.2476234999994631,,C,0.003119506978222372,0.9939437187838069,5.887851047370699,0.22873688820638188,0.9940814023199792,0.022734006440139887,0.16739240724718485,0.16588582335589103,3.2570606694560666,0.9276533109634473,0.08379054530889334
compound,P2_Full,,main,clean,0.0,1,0.05,19,0.9097744360902256,0.8421819463196479,0.7997516850944335,-0.0685603011453887,1.0,0.1192388891645137,0.16575243324041367,0.9166666666666666,0.05702789999486413,0.009826200002862606,0.07522279999830062,,C,0.0026791217244124424,0.9841820231279105,5.026935695988263,0.27195705936430736,0.9845779492540241,0.02503013686991592,0.19687956870298623,0.19509107991022495,3.031452745635743,0.9111919500115225,0.0948066171657004
compound,P2_Full,,main,clean,0.0,1,0.1,39,0.8972431077694235,0.8255313540245152,0.7753772807849311,-0.07977546392618776,1.0,0.12315737430513575,0.16927509307861327,0.95,0.04974120000406401,0.0031893999985186383,0.13523089999944204,,C,0.002761898227996665,0.983531294438389,5.90253924154118,0.15228872277786254,0.983900848325816,0.0224397652896571,0.16722710343253197,0.16556033884182753,3.260023485992283,0.9366156783646995,0.06836421178715127
compound,P2_Full,,main,clean,0.0,1,0.15,59,0.9423558897243107,0.9101356806747252,0.8671372668130575,-0.05656368939861682,1.0,0.121243404339105,0.1997050255537033,1.0,0.049143399999593385,0.0028135999964433722,0.19447509999736212,,C,0.0029205178914959644,0.9852791372263456,5.8859551244481745,0.1872012754962048,0.9856673520274533,0.026371742409174524,0.16758369309498614,0.16556793562364594,3.2599542013272265,0.922835772547042,0.08550872640796442
compound,P2_Full,,main,clean,0.0,1,0.2,79,0.9473684210526315,0.9148697747243952,0.8767501989378955,-0.07088527460984632,1.0,0.1265033558624297,0.13098061680793763,1.0,0.04384569999820087,0.0029888999997638166,0.24868789999891305,,C,0.0031070518504130403,0.989975240386689,5.904819110078637,0.08765072772486354,0.9901321211649688,0.01564933069033737,0.16690291246479705,0.1657817109144543,3.2580071174377223,0.9577771374127766,0.04794969109784069
compound,P2_Full,,main,clean,0.0,2,0.05,19,0.9323308270676691,0.9014100970285032,0.8490165361482634,-0.07262685127440001,1.0,0.11868437756731487,0.2595189760128657,0.8333333333333334,0.05633550000493415,0.008671700001286808,0.07484190000104718,,C,0.0026698765597809792,0.9807857889261443,5.040193046649723,0.3427008907860017,0.9812954017377501,0.02652270289146504,0.1963549840841875,0.19522156688762463,3.0305962168304257,0.9078673117530265,0.09845367670302115
compound,P2_Full,,main,clean,0.0,2,0.1,39,0.9348370927318296,0.9033889126497009,0.8533863916324547,-0.07973824997623694,1.0,0.12377763227101866,0.15841638296842575,0.95,0.05314930000167806,0.004663300001993775,0.1404839999959222,,C,0.0027624472818527407,0.9837268163603443,5.9168523281151195,0.13716512236022899,0.9840632389791393,0.02067343589580017,0.16681619214490068,0.16546313012081657,3.2609106168694924,0.9412056998775207,0.06332431112426948
compound,P2_Full,,main,clean,0.0,2,0.15,59,0.9373433583959899,0.9054637799516481,0.8578582536086288,-0.07880215061138554,1.0,0.1254471299896336,0.11850629448890686,1.0,0.04932850000477629,0.0032663000019965693,0.20038709999789717,,C,0.00293350662736254,0.9896610759590425,5.935519326186867,0.11333884221063634,0.9898340129219284,0.01672678532125806,0.16616103513501568,0.16527390900649955,3.2626404494382024,0.9510609028237672,0.05450931073698476
compound,P2_Full,,main,clean,0.0,2,0.2,79,0.9473684210526315,0.9151001604747496,0.8767801628882481,-0.07990913928022451,1.0,0.12668345973752623,0.09335697591304778,1.0,0.04350300000078278,0.002987599997140933,0.2549097000010079,,C,0.003117591736716881,0.9933334806027013,5.940280931039273,0.08855431957590412,0.9934262205024366,0.01391129226636389,0.1658889388142178,0.16515703626583378,3.2637108636268124,0.9589698174882331,0.04729249027840918
compound,P2_Full,,main,clean,0.0,3,0.05,19,0.6842105263157895,0.7319286194859307,0.6051007018145517,-0.05553216928858193,1.0,0.1192858933437938,0.2541707331935565,0.8333333333333334,0.05583360000309767,0.005834499999764375,0.07316809999610996,,C,0.002675633552299928,0.9829006344342088,5.026234100734304,0.29605853819692773,0.9833452678299905,0.02600291771475025,0.196907407464465,0.1952346155853646,3.0305106269215347,0.9110072558527995,0.09588620960172115
compound,P2_Full,,main,clean,0.0,3,0.1,39,0.7167919799498746,0.7438298109876648,0.6229199398508197,-0.05729059794605312,1.0,0.1197111795962427,0.2161583960056305,0.85,0.04943250000360422,0.00621270000556251,0.13964639999903738,,C,0.0027698375413303888,0.9863585394979341,4.96826750464272,0.2841386303948185,0.9866765231457469,0.02331008822440372,0.199169959400581,0.19822246910151367,3.0112091915370605,0.9135795547417466,0.09550548948877513
compound,P2_Full,,main,clean,0.0,3,0.15,59,0.9473684210526315,0.9148697747243952,0.8767501989378955,-0.07036009283444201,1.0,0.12126900943415557,0.16198169589042663,0.9,0.04998650000197813,0.0066396000038366765,0.20458409999992,,C,0.0029357456465793426,0.9904164416181909,4.857924697930346,0.4029568416338559,0.9906058485646169,0.01976373898712618,0.20363709879461026,0.20385329619312906,2.976372124800729,0.9225245386290811,0.08875660530827406
compound,P2_Full,,main,clean,0.0,3,0.2,79,0.9523809523809523,0.9201226309287978,0.8867594112795947,-0.07034170497183723,1.0,0.12626537032802318,0.14830835461616515,1.0,0.042722199999843724,0.004341899999417365,0.2596503000022494,,C,0.0031054166650082565,0.9894542342554387,5.952479433557833,0.10238873644641219,0.98962151353969,0.015862222649649725,0.16554293502803824,0.16453236161721327,3.269457920269985,0.9562991850844328,0.04897943319274275
compound,P2_Full,,main,clean,0.0,4,0.05,19,0.8947368421052632,0.8225440229610165,0.7705642192348475,-0.0829776736023675,1.0,0.12331360002914628,0.19629532595475516,1.0,0.05389329999889014,0.0030141000024741516,0.06455510000523645,,C,0.002677025508157676,0.9834119728775873,5.894393446758523,0.14124267695645726,0.9837674808703067,0.021431601847283165,0.16752908990906037,0.16592724046140195,3.2566844919786098,0.9378807504023925,0.06701871309315115
compound,P2_Full,,main,clean,0.0,4,0.1,39,0.7117794486215538,0.7236821604634781,0.6128045688364623,-0.07055062693157711,1.0,0.12406947822401271,0.1447921872138977,1.0,0.05106450000312179,0.002624599997943733,0.1419471000044723,,C,0.0027734786458382663,0.9876551623037699,5.9005778577045245,0.13234582041098136,0.9878932537448698,0.019286721053659354,0.16728356768078015,0.1659491737258714,3.256485355648536,0.9426739145139109,0.06335213234393017
compound,P2_Full,,main,clean,0.0,4,0.15,59,0.8872180451127819,0.8154992355219803,0.7609324299105233,-0.0792360713900675,1.0,0.11761744113988787,0.18640701174736024,0.8,0.04875560000073165,0.019529299999703653,0.2194080000044778,,C,0.002921495689956556,0.9856090117415603,4.982888861288419,0.3372856189703545,0.9859795063360028,0.025744902837039244,0.19846029674480686,0.197090683998762,3.018451633165829,0.9004928380837189,0.1064998438247316
compound,P2_Full,,main,clean,0.0,4,0.2,79,0.8947368421052632,0.8324475110361763,0.7806884259737453,-0.07972510862416664,1.0,0.12451549121118592,0.15486678034067153,0.95,0.04440400000021327,0.004388099994685035,0.2771585000009509,,C,0.0030980198203319187,0.9870974364164883,5.935202630567137,0.13576256391326164,0.9873574608519223,0.020152928040306783,0.16603340129798672,0.1648794030886691,3.2662597347926754,0.9441371732888189,0.06290258367812158
compound,P2_Full,,main,clean,0.0,5,0.05,19,0.6842105263157895,0.7686558590583291,0.6425081732613838,-0.06214574443270963,1.0,0.1229111155921176,0.19474374751249948,1.0,0.05540130000008503,0.0026778000028571114,0.06961800000135554,,C,0.0026777589024385025,0.9836813870891469,5.883909990545648,0.15189441040998944,0.9840436238122979,0.02219776430324637,0.16783213597702917,0.16616211702072134,3.2545547353541697,0.9347400933357095,0.07073395925351326
compound,P2_Full,,main,clean,0.0,5,0.1,39,0.9047619047619048,0.8435151772731488,0.7901360901213238,-0.08070596801497086,1.0,0.11968077315622531,0.21139116138219832,0.75,0.05113409999466967,0.006493699998827651,0.134716100001242,,C,0.002769179840920431,0.9861243277775303,5.044248108080997,0.295906639585968,0.9864573455119832,0.024000115389980835,0.19613015447827928,0.1941397028190529,3.0377324749642347,0.9140313416880188,0.09284413969329737
compound,P2_Full,,main,clean,0.0,5,0.15,59,0.9448621553884712,0.9124433775178236,0.8718937641008938,-0.06714041835483134,1.0,0.12425021997142151,0.14306038618087769,1.0,0.049089500003901776,0.0030046000028960407,0.1952212000032887,,C,0.002929509975175224,0.9883127472840569,5.92184663790885,0.14233157738089008,0.9885417067558938,0.019590529733689223,0.1665511083100343,0.16545961002785514,3.2609427609427613,0.9424133788829677,0.06500621681508122
compound,P2_Full,,main,clean,0.0,5,0.2,79,0.9473684210526315,0.9148697747243952,0.8767501989378955,-0.08018978477380907,1.0,0.1265924638191189,0.11467865407466889,1.0,0.043747900002927054,0.004239900001266506,0.25028500000189524,,C,0.003115031811263375,0.9925178318983292,5.935503878075559,0.10310633658288079,0.9926258722229448,0.014439708270056858,0.16602482480891018,0.16536526114870728,3.261804826862539,0.9583269234366028,0.047854778088828875
compound,P2_Full,,main,clean,0.0,6,0.05,19,0.6741854636591479,0.7377962814022858,0.613823997800858,-0.06425645753964153,1.0,0.12220798224528531,0.1928317372997602,0.9166666666666666,0.055363799998303875,0.0031451999966520816,0.07090610000159359,,C,0.0026727261111924336,0.9818325787183277,5.905931048241213,0.14753119453263108,0.9822644753443378,0.02377313870327767,0.16719681515131601,0.16531395166762358,3.2622740547793825,0.9304285077736991,0.07496802698137349
compound,P2_Full,,main,clean,0.0,6,0.1,39,0.8947368421052632,0.8323549313598351,0.7724811485873448,-0.0805764726948426,1.0,0.12062895325584186,0.18090396821498872,0.95,0.05249259999982314,0.00741609999386128,0.140905100000964,,C,0.0027763432183146985,0.9886752566168762,4.9672164494840265,0.23683336663698779,0.9889118083517823,0.02088804372014604,0.1992126617567297,0.19802805165949175,3.012447405329593,0.9199582649728139,0.08828028000269869
compound,P2_Full,,main,clean,0.0,6,0.15,59,0.8771929824561403,0.8062165304450597,0.7398889269044503,-0.07230601248363577,1.0,0.12461435431865357,0.15676384568214416,1.0,0.04981779999798164,0.0055988999956753105,0.20597640000050887,,C,0.0029252759437142666,0.9868843352626862,5.930157404784646,0.11805388342448178,0.9871365318600324,0.019228655382503478,0.16631379298997365,0.16488703187867534,3.2661895823557012,0.9454631001875303,0.05980802772642075
compound,P2_Full,,main,clean,0.0,6,0.2,79,0.8822055137844611,0.8191861160418361,0.7547586194616182,-0.08855978278775455,1.0,0.1251387370733149,0.12774307131767274,1.0,0.04473349999898346,0.004017599996586796,0.2633953999975347,,C,0.0031112273407431588,0.9913056436893378,5.9448596404449,0.10641610596640289,0.9914595967237075,0.017707237760761847,0.16575889978745936,0.16461912198507722,3.268657109729103,0.9481382591134708,0.05852959337754684
compound,P2_Full,,main,clean,0.0,7,0.05,19,0.9348370927318296,0.9033889126497009,0.8533863916324547,-0.0609156449890989,1.0,0.1190420838698328,0.2534369354446729,0.8333333333333334,0.0552317999972729,0.005120300003909506,0.07055309999850579,,C,0.00267803998093324,0.9837846419726736,5.04160521674645,0.34916320437877324,0.9842018899670376,0.025731654747363806,0.19629926803483064,0.19489534944412548,3.032739689341189,0.9095361941226443,0.09770424784483257
compound,P2_Full,,main,clean,0.0,7,0.1,39,0.9398496240601504,0.9076411312100192,0.8624313716765281,-0.0791885705072685,1.0,0.12431973386511856,0.15577649921178818,0.95,0.04985289999603992,0.005241799997747876,0.13329689999955008,,C,0.0027669081866130607,0.9853153757753181,5.92579277262168,0.12799239307703442,0.9855974872168425,0.01921134904155238,0.16656053007061944,0.16533814747951672,3.262052746514363,0.9446574122652659,0.060285679918459734
compound,P2_Full,,main,clean,0.0,7,0.15,59,0.9423558897243107,0.9101356806747252,0.8671372668130575,-0.07109903961474612,1.0,0.12599062941598776,0.11875489056110382,1.0,0.04841909999959171,0.0033581999960006215,0.19232199999532895,,C,0.0029385224192831306,0.9913532262281494,5.93593859839868,0.1034547018994358,0.9914857680812137,0.015328474707614819,0.16614910196004876,0.16527390900649955,3.2626404494382024,0.9545651616595682,0.05141722788763993
compound,P2_Full,,main,clean,0.0,7,0.2,79,0.949874686716792,0.9175468462383821,0.8817200946954276,-0.08372230407708459,1.0,0.1272253743663666,0.08530339896678925,1.0,0.0431484000000637,0.0029741999969701283,0.24528989999816986,,C,0.0031239369206620647,0.9953551961400832,5.947244550030721,0.0818030158068772,0.9954120976487393,0.012250572978367798,0.16569124574747915,0.165052923824397,3.264665685449958,0.9624508296063405,0.04426967061574048
compound,P2_Full,,main,clean,0.0,8,0.05,19,0.8847117794486216,0.7968133495232542,0.7490245538079021,-0.06974094280828884,1.0,0.12018443430940913,0.18690388649702072,0.75,0.06166239999583922,0.0056871999986469746,0.07915179999690736,,C,0.0026805489974439855,0.9847063354228465,5.056479961394691,0.23825672738783027,0.9850599844845453,0.023123892897927524,0.19571428711244485,0.19422986585938723,3.037134699361774,0.917556743310172,0.08865194523626163
compound,P2_Full,,main,clean,0.0,8,0.1,39,0.8872180451127819,0.8663725852745812,0.7837707119391449,-0.07987637077681395,1.0,0.12320401653449685,0.17840701043605806,1.0,0.05327000000397675,0.0063731999980518594,0.1495918999935384,,C,0.0027636081406411856,0.9841402063018294,5.910751613537719,0.15236795769713185,0.9844935256358905,0.02227767528287148,0.16699109288764766,0.16522705179836134,3.2630694234325097,0.9366006192067821,0.0687515407295247
compound,P2_Full,,main,clean,0.0,8,0.15,59,0.8771929824561403,0.868010837767699,0.775384427039707,-0.07208884368112368,1.0,0.12488261013437563,0.17463666200637817,1.0,0.04790040000079898,0.0056838000018615276,0.21158399999694666,,C,0.0029309641004396703,0.9888033175661787,5.912553872149638,0.1154535048449422,0.9890111526470747,0.018562201984778304,0.16681725481996548,0.1653358093469514,3.2620741295394984,0.9471174476609118,0.05900729597965384
compound,P2_Full,,main,clean,0.0,8,0.2,79,0.949874686716792,0.9175468462383821,0.8817200946954276,-0.08350293908067205,1.0,0.12609242722385935,0.10366747677326202,1.0,0.04599210000014864,0.004049199997098185,0.2695337999975891,,C,0.0031200086418941187,0.9941035598929809,5.917491558958928,0.09778147312334254,0.9941932607546053,0.015212714790002397,0.16653916872983096,0.16513968419226097,3.2638699169906484,0.9552655701002705,0.05220317923404469
compound,P2_Full,,main,clean,0.0,9,0.05,19,0.7117794486215538,0.7396492328414779,0.6209536451610459,-0.0612585090211136,1.0,0.11956047420913356,0.21973147988319397,0.8333333333333334,0.05398250000143889,0.005875700000615325,0.0753368000005139,,C,0.0026798954974976757,0.9844662705936108,5.001087878778527,0.2869755560816437,0.9848512375568167,0.024782648978524193,0.19791034724127718,0.19652643666162117,3.0220934864882807,0.9130764097982008,0.09361911453551092
compound,P2_Full,,main,clean,0.0,9,0.1,39,0.9373433583959899,0.9054637799516481,0.8578582536086288,-0.06750375675222317,1.0,0.12046572474742231,0.18318346589803697,0.9,0.04962669999804348,0.010284199997840915,0.1457855999979074,,C,0.0027763239840701078,0.9886684071677228,4.8182230866728615,0.3264120396454638,0.9889381805791695,0.023807192460911623,0.20545448289660195,0.20408276628246078,2.974993195427327,0.9178301639677975,0.09292506183199584
compound,P2_Full,,main,clean,0.0,9,0.15,59,0.9423558897243107,0.9101356806747252,0.8671372668130575,-0.07023650154985812,1.0,0.12576146969609542,0.15647481977939606,1.0,0.0480939999979455,0.006426699997973628,0.20851469999615801,,C,0.0029360106351582604,0.9905058393647932,5.956100891009257,0.10731754418294041,0.9906547097030649,0.015680200071572187,0.1655772330061826,0.16463943051686783,3.2684697809944545,0.9530341900951451,0.052708441903234676
compound,P2_Full,,main,clean,0.0,9,0.2,79,0.9022556390977443,0.8433861522036055,0.7900451415146592,-0.08536811914008298,1.0,0.12736917249211233,0.07882130444049835,1.0,0.04427589999977499,0.0036833999984082766,0.2638188999990234,,C,0.0031270085709114892,0.9963338916496717,5.9711560175248515,0.08170055368712936,0.9963758152561135,0.01143545210226467,0.1650159232257999,0.1644456012493493,3.270259575815132,0.9632347057902511,0.04351155943849255
compound,P2_Full,,main,clean,0.0,10,0.05,19,0.8847117794486216,0.830105645304426,0.7601848542115743,-0.07712441270211128,1.0,0.1232561688308182,0.15516400833924612,1.0,0.054507300003024284,0.0032117000009748153,0.06690180000441615,,C,0.0026804650330869745,0.9846754909076456,5.883601180259013,0.1281782266184279,0.9849980431236248,0.021048127156005948,0.1678410791539263,0.16599248395010177,3.2560922883421117,0.9382772912814279,0.06672625155965685
compound,P2_Full,,main,clean,0.0,10,0.1,39,0.924812030075188,0.8948470167274418,0.8362278234244381,-0.07953917803580808,1.0,0.12175107548854928,0.17173965871334076,0.9,0.05174360000091838,0.0035213000010116957,0.1295934000008856,,C,0.0027525368892615905,0.9801976561781326,5.846718051164639,0.1829497992990207,0.9807252515051058,0.026643074765253454,0.16884888532052142,0.1662407998889043,3.2538426196641885,0.9278353561169425,0.07598745411152237
compound,P2_Full,,main,clean,0.0,10,0.15,59,0.9348370927318296,0.9033889126497009,0.8533863916324547,-0.09157942474083056,1.0,0.12521303817099916,0.13880665600299835,0.95,0.049148300000524614,0.0032257999991998076,0.1891881000046851,,C,0.0029181336760817638,0.9844747875207316,5.902273057139251,0.11354442556879704,0.9847662678548584,0.018774643794153563,0.1671126757007315,0.16612503868771278,3.254890544946437,0.9497795354251612,0.05510249258955537
compound,P2_Full,,main,clean,0.0,10,0.2,79,0.9373433583959899,0.9054637799516481,0.8578582536086288,-0.07494450751974512,1.0,0.1263353026487271,0.126760795712471,1.0,0.04398229999787873,0.0026823000007425435,0.24311470000247937,,C,0.003110030500397841,0.9909243039610026,5.913381602116219,0.10212844174349112,0.991065706803505,0.0155803854486401,0.16665696808888952,0.1659378795766094,3.2565878908292376,0.9567580182370626,0.04911639349066405
compound,P2_Full,,main,clean,0.0,11,0.05,19,0.681704260651629,0.7541071242805346,0.6137861980702228,-0.07215189582975719,1.0,0.1222017980909809,0.19736965000629425,1.0,0.0542730000015581,0.003044700002647005,0.06741920000058599,,C,0.002672922340651433,0.981904664097725,5.873318889685313,0.17387361270150536,0.9823419762107991,0.024167117727781514,0.16813939228783226,0.16616211702072134,3.2545547353541697,0.9310257928804904,0.07366513326741408
compound,P2_Full,,main,clean,0.0,11,0.1,39,0.8872180451127819,0.8235978878582462,0.7584039740202994,-0.06083242706495455,1.0,0.1185003444328753,0.1955924242734909,0.9,0.05028930000116816,0.005192099997657351,0.13143329999729758,,C,0.0027646762539876818,0.9845205689421459,4.848521331136395,0.3479764955580602,0.9849140081939529,0.0254169064958879,0.20415411680231038,0.20269407026801833,2.9833858591394904,0.905999359025152,0.10137215547234746
compound,P2_Full,,main,clean,0.0,11,0.15,59,0.9323308270676691,0.9010646370957641,0.8489431232749619,-0.06932112641213105,1.0,0.12360861878676876,0.14454571455717086,0.9,0.05294629999843892,0.003722399997059256,0.19658150000032037,,C,0.002928867211246643,0.9880959015352818,5.858012344744792,0.17401202426791876,0.9883600280727658,0.02218786565541408,0.16839635598793135,0.16646549056019808,3.2518127730779955,0.9390033004096049,0.06662916077535942
compound,P2_Full,,main,clean,0.0,11,0.2,79,0.8822055137844611,0.8262840759830192,0.7573502097922313,-0.07819294659465523,1.0,0.1264663485488702,0.11661961674690247,1.0,0.04420109999773558,0.003521899998304434,0.2516050999984145,,C,0.003115356092754963,0.9926211551330364,5.895409822697729,0.09850586316338124,0.9927308985482091,0.014872709367296882,0.16717400362319484,0.16645844178379315,3.251876368185135,0.9575894724439419,0.04816142074300237
compound,P2_Full,,main,clean,0.0,12,0.05,19,0.9147869674185464,0.8732640952508702,0.8155232329964924,-0.06614467986596441,1.0,0.12278273625896702,0.19551043460766473,0.9166666666666666,0.05430509999860078,0.003017900002305396,0.06647919999522856,,C,0.002677477101859462,0.9835778669461569,5.890503760456794,0.14618686504919912,0.9839443604672149,0.022317047356539627,0.16764140350393644,0.1658358995772222,3.257514359902431,0.9350407717575834,0.06959102041828763
compound,P2_Full,,main,clean,0.0,12,0.1,39,0.9097744360902256,0.8556146690338826,0.8014202002539308,-0.0726769286134297,1.0,0.12458676291405985,0.13663432896137237,1.0,0.05296970000199508,0.0038920999941183254,0.13028810000105295,,C,0.0027729695503217176,0.9874738698262597,5.909046606997073,0.1313536766493052,0.9877035120477762,0.018333054050310695,0.1670400381105973,0.16579641716428273,3.2578733562274897,0.9460563704983028,0.05976524066720515
compound,P2_Full,,main,clean,0.0,12,0.15,59,0.8972431077694235,0.8381612160265365,0.7811699385955561,-0.07308530256670716,1.0,0.1250821969389333,0.10912195444107056,1.0,0.04894059999787714,0.0026636999973561615,0.1905925999963074,,C,0.0029455171069839624,0.9937129857362528,5.918009151410644,0.14908527937809224,0.9938160459591764,0.01639255433502869,0.1666609133120557,0.16559888579387186,3.259671993271657,0.948117857145554,0.06015290431723844
compound,P2_Full,,main,clean,0.0,12,0.2,79,0.9473684210526315,0.9148697747243952,0.8767501989378955,-0.08446870478338221,1.0,0.1264329365320046,0.09961756765842437,1.0,0.04404649999924004,0.0037643000032403506,0.24621119999937946,,C,0.003121342405712404,0.9945285264594225,5.932102463218295,0.10518012244618749,0.9946064380104924,0.014239592038988273,0.16612171338787332,0.16538261322228007,3.261646207113629,0.9566673139479912,0.05101110161131145
compound,P2_Full,,main,clean,0.0,13,0.05,19,0.8771929824561403,0.7950989795749592,0.738862748599209,-0.06020761778243605,1.0,0.12283406625594008,0.19595055282115936,0.9166666666666666,0.05418700000154786,0.002887999995436985,0.06637659999978496,,C,0.0026761981970627015,0.9831080580909658,5.905235711755138,0.15546928544940966,0.9834815340890173,0.02210971361745554,0.1672168035829174,0.16582285087948223,3.2576329870947434,0.9351070879503618,0.06987014826953845
compound,P2_Full,,main,clean,0.0,13,0.1,39,0.9323308270676691,0.9008930613416388,0.848906390060078,-0.06649179359691887,1.0,0.12094223019525878,0.20868523567914962,0.9,0.05089900000166381,0.003543799997714814,0.12914480000472395,,C,0.002757552622467269,0.9819837938867321,5.853482857031092,0.2514832105706777,0.9824862329019618,0.027888169799508398,0.168650699206324,0.1661713650881822,3.2544710011699816,0.9218623461533234,0.08350062291610502
compound,P2_Full,,main,clean,0.0,13,0.15,59,0.9398496240601504,0.9079378951429002,0.86248152862796,-0.09786603137660656,1.0,0.1255606215084566,0.15076495110988616,1.0,0.04952639999828534,0.004145599996263627,0.19029060000320897,,C,0.002926301178890549,0.987230213243055,5.904108107492011,0.10266585632354844,0.9874542954390612,0.017547841657127194,0.16705986980190815,0.16586196224079233,3.2572774771412574,0.9518006747824791,0.053260855834380186
compound,P2_Full,,main,clean,0.0,13,0.2,79,0.9448621553884712,0.9124433775178236,0.8718937641008938,-0.08458258281122637,1.0,0.126960008371411,0.10696353018283844,1.0,0.04246939999575261,0.0030221999986679293,0.24268560000200523,,C,0.0031179824910117196,0.993457983538471,5.924193655596031,0.09126089207993078,0.9935462138161347,0.013486709821438523,0.16634742418782286,0.16566024639944474,3.2591128103069025,0.9605399525427354,0.045916137143749
compound,P2_Full,,main,clean,0.0,14,0.05,19,0.9097744360902256,0.8402013674737959,0.7980608895553772,-0.045103960233657654,1.0,0.12143069995875398,0.1927903344233831,0.8333333333333334,0.05518270000175107,0.007507499998610001,0.07127450000552926,,C,0.0026937709449914274,0.9895634507111735,4.894803980689768,0.31207859959284334,0.9897749197930606,0.020262356458524353,0.20226323023460482,0.20072811733389007,2.9954657739062602,0.9242830953712121,0.08525763416374739
compound,P2_Full,,main,clean,0.0,14,0.1,39,0.9097744360902256,0.8542953059106749,0.8014475889104112,-0.07115283199091645,1.0,0.122875467549201,0.17799957990646362,0.95,0.05361960000300314,0.003548400003637653,0.1364192000037292,,C,0.0027678769163846117,0.9856603472288339,5.9043023902901215,0.17123783761740988,0.9859801702281421,0.022303399141668043,0.16717637798760632,0.16544924316067214,3.2610374349504783,0.9352791745372308,0.06974549963151108
compound,P2_Full,,main,clean,0.0,14,0.15,59,0.9473684210526315,0.9148697747243952,0.8767501989378955,-0.06577398339485038,1.0,0.1256909350826728,0.1285703271627426,1.0,0.049675700000079814,0.0037389999997685663,0.1972146000043722,,C,0.002932512319544166,0.9893256317721476,5.923568611537956,0.10140052088206317,0.9895041238004834,0.016721554337054155,0.16650188237555866,0.16530485917672547,3.262357236472571,0.951961810768231,0.05391678943125878
compound,P2_Full,,main,clean,0.0,14,0.2,79,0.9523809523809523,0.9201226309287978,0.8867594112795947,-0.09187543593462795,1.0,0.1270814488559337,0.10597425699234009,1.0,0.04385500000353204,0.002914600001531653,0.2516747000045143,,C,0.003122702424426476,0.9949618584146697,5.941743258416069,0.08636550115524746,0.9950266540529785,0.012861019725520551,0.16584738575881358,0.1650876279715426,3.264347277696027,0.9612710267320635,0.04545559514024453
compound,P2_Full,,main,clean,0.0,15,0.05,19,0.899749373433584,0.8433080816227111,0.7856527760232976,-0.062215038703547144,1.0,0.12305500736083264,0.17968425154685974,1.0,0.053565800000797026,0.006139100005384535,0.06812980000540847,,C,0.0026714929877973827,0.9813795877748224,5.898756519375774,0.14634979026132416,0.9817972028804737,0.022427812048472107,0.16740328367585947,0.16586199697270212,3.2572771615136498,0.9360896747939705,0.06850223364124172
compound,P2_Full,,main,clean,0.0,15,0.1,39,0.8771929824561403,0.80798065015216,0.7397406858252272,-0.06746944120806819,1.0,0.12274310085021808,0.17843726575374602,1.0,0.049620099998719525,0.0031519000040134415,0.12980890000471845,,C,0.002767464939110863,0.9855136392374888,5.89851142163269,0.19397160668821628,0.9858347918174649,0.022169307063458574,0.16734309679097456,0.1658797389251493,3.2571159480954375,0.9327037385406916,0.07626173844885172
compound,P2_Full,,main,clean,0.0,15,0.15,59,0.9323308270676691,0.9010646370957641,0.8489431232749619,-0.07267369290629573,1.0,0.12445446647315489,0.13425820767879487,1.0,0.048779800003103446,0.004568900003505405,0.19102380000549601,,C,0.0029345037409645065,0.9899974667177922,5.908347782989549,0.13585098932561718,0.9901821277577119,0.018461427191461263,0.16693799320558692,0.16583101207056639,3.257558790593505,0.9446181085858358,0.061891467579898524
compound,P2_Full,,main,clean,0.0,15,0.2,79,0.9423558897243107,0.9101356806747252,0.8671372668130575,-0.07214253216786182,1.0,0.12706245763119992,0.0943804144859314,1.0,0.04884199999651173,0.003332899999804795,0.2518405000009807,,C,0.003122187645750221,0.99479783857583,5.925788545797856,0.08450306025515246,0.9948648420387771,0.012879927684639607,0.1663018588481706,0.16562554225229914,3.259429020429544,0.9613318041037235,0.04518026545159503
compound,P2_Full,,main,clean,0.0,16,0.05,19,0.9172932330827067,0.8713014269092813,0.8194168981063009,-0.08535081775715514,1.0,0.12241661798341455,0.18190680940945944,1.0,0.05483950000052573,0.004126700005144812,0.06730110000353307,,C,0.0026755136438936264,0.9828565857831792,5.883802295398733,0.15593791963326292,0.9832557120009789,0.023281606146344908,0.1678352547326872,0.16596638655462184,3.2563291139240507,0.9330620745140092,0.0718855058186869
compound,P2_Full,,main,clean,0.0,16,0.1,39,0.8646616541353384,0.7861433794951513,0.7175917037034673,-0.06921422870558375,1.0,0.12383053620637306,0.17884654700756072,0.95,0.05049929999950109,0.003485299996100366,0.1285725999987335,,C,0.002760279149912107,0.9829547293976645,5.8913521057104505,0.12841424269327978,0.983314988559032,0.021135432212973548,0.16754966263377638,0.16607415636717124,3.2553516180282633,0.9412915900140849,0.06359343577369068
compound,P2_Full,,main,clean,0.0,16,0.15,59,0.8320802005012531,0.7510273123965513,0.6647041034097433,-0.08080034298593347,1.0,0.12510715778380097,0.12959451377391815,1.0,0.050055100000463426,0.0030108999999356456,0.18955170000117505,,C,0.0029333471104998317,0.9896072606280973,5.895297680843271,0.11746426497673065,0.9897933636465732,0.017907022567992398,0.1673137009718097,0.16598576292169606,3.256153272422152,0.9483367920575948,0.058458363437609746
compound,P2_Full,,main,clean,0.0,16,0.2,79,0.7969924812030075,0.7233713565895444,0.618220024997352,-0.07852336414124803,1.0,0.12492665762023208,0.11303315758705139,1.0,0.04324849999829894,0.0030562000029021874,0.24329479999869363,,C,0.003111522440006952,0.9913996688227045,5.892772022272011,0.2398243145495496,0.9915627970841698,0.018967672070115987,0.16725015671013424,0.16579906298802707,3.257849293563579,0.9457581666781459,0.06432545585021147
compound,P2_Full,,main,clean,0.0,17,0.05,19,0.9072681704260651,0.858483722663512,0.8001404368544351,-0.08030776013450551,1.0,0.12307749681424834,0.19147325307130814,0.9166666666666666,0.061428100001649,0.003171299998939503,0.07250159999966854,,C,0.0026744785452756147,0.9824763397336143,5.9078532595987205,0.15435724025892844,0.9828599951469962,0.021893566044407935,0.16714158294694936,0.16569236390208258,3.2588202866593163,0.9362247842567034,0.0685433583099817
compound,P2_Full,,main,clean,0.0,17,0.1,39,0.9047619047619048,0.8548400499844687,0.7941861502566532,-0.07233603212301683,1.0,0.12358008935607584,0.15498756468296052,1.0,0.052049499994609505,0.00282100000185892,0.13431970000237925,,C,0.0027684238687890285,0.9858551208091416,5.902936800107621,0.1458166873827612,0.9861492974410877,0.02079739444760795,0.16721566310426977,0.16569920844327177,3.2587579617834397,0.939284728124373,0.06589819210435566
compound,P2_Full,,main,clean,0.0,17,0.15,59,0.8947368421052632,0.8373023145558353,0.7746361997025579,-0.06984447171758926,1.0,0.1253950126773331,0.1394597202539444,1.0,0.04666870000073686,0.0028186999988975003,0.19052899999951478,,C,0.002934948605104525,0.9901475480979941,5.927414504452305,0.11019979549044792,0.9903108038534212,0.016570063680683,0.1663920433887967,0.16550603528319405,3.2605189340813467,0.9506826303940108,0.05532135289650549
compound,P2_Full,,main,clean,0.0,17,0.2,79,0.8897243107769424,0.8312806976440237,0.7698370897186003,-0.08029653445419505,1.0,0.12618830582118465,0.0866544097661972,1.0,0.043927299993811175,0.00270950000412995,0.2445614000025671,,C,0.003121930227865965,0.9947158195609839,5.9331567953824,0.09974309456753433,0.9947924727046847,0.014506155606434746,0.16609166907990935,0.16538261322228007,3.261646207113629,0.955002598132416,0.05234250098468284
compound,P2_Full,,main,clean,0.0,18,0.05,19,0.87468671679198,0.8050172087861058,0.7382513626027145,-0.05890516716491976,1.0,0.12292680946298755,0.21440673371156058,1.0,0.05988980000256561,0.005285200000798795,0.0748955000017304,,C,0.0026681472658489505,0.9801505285028875,5.8974492132996,0.14503854118518789,0.9806041910430116,0.022855144540751663,0.16744095942611786,0.1658750456704421,3.2571585903083697,0.935487319123233,0.06883047387875349
compound,P2_Full,,main,clean,0.0,18,0.1,39,0.8796992481203008,0.8233838657765807,0.7551109376460694,-0.07899016420434869,1.0,0.12357356212889115,0.20470307171344757,1.0,0.05007299999851966,0.004527199998847209,0.1372761000020546,,C,0.002765121270319629,0.9846790423734147,5.90740527960147,0.14577392924216626,0.9850030945576532,0.0211509092405659,0.1670871820014726,0.1656019997222608,3.259643605870021,0.939419586930134,0.06658870956802904
compound,P2_Full,,main,clean,0.0,18,0.15,59,0.9122807017543859,0.8554948021441999,0.8053958931241388,-0.08642306421010336,1.0,0.12510288014778412,0.12985727190971375,1.0,0.048127499998372514,0.00344510000286391,0.1971376000001328,,C,0.002930258539057232,0.9885652861840827,5.8783090867866115,0.1363205509108225,0.9887761865092737,0.018443865634614323,0.16780529583221587,0.16609408851748686,3.255170968042486,0.9488222225796904,0.05800000619801036
compound,P2_Full,,main,clean,0.0,18,0.2,79,0.8771929824561403,0.8220140837476428,0.7516631943502923,-0.08401974153235779,1.0,0.12577759703498953,0.10484616756439209,1.0,0.04124230000161333,0.0035688999996636994,0.24904239999887068,,C,0.0031164906020338208,0.9929826348089899,5.9187706144217005,0.14053718237181537,0.993093903893163,0.01585624819921492,0.1665025418908105,0.16536526114870728,3.261804826862539,0.9521608140340126,0.056342835917608594
compound,P2_Full,,main,clean,0.0,19,0.05,19,0.849624060150376,0.8025407384704496,0.7166874535440692,-0.06731969467108921,1.0,0.12271145435796421,0.18466207881768545,1.0,0.06482790000154637,0.005111300000862684,0.08076129999972181,,C,0.0026736452423187186,0.9821702238216257,5.8930372408400356,0.15032379389203926,0.9825768594948732,0.02280654951466731,0.16756823313710434,0.16586199697270212,3.2572771615136498,0.9341609577504915,0.0707707681972623
compound,P2_Full,,main,clean,0.0,19,0.1,39,0.9348370927318296,0.9033889126497009,0.8533863916324547,-0.07569006777419643,1.0,0.12026565112837756,0.16144449561834334,0.95,0.04857849999825703,0.005518199999642093,0.14285280000331113,,C,0.002745630474322276,0.977738233467934,5.719504400848044,0.17630613981578372,0.9784257357954984,0.03088264925311041,0.17266312123923389,0.16860158311345647,3.2327856025039123,0.9173620895342872,0.08702195170420685
compound,P2_Full,,main,clean,0.0,19,0.15,59,0.9398496240601504,0.9079378951429002,0.86248152862796,-0.07626769478905668,1.0,0.1247810564343629,0.15092381089925766,0.95,0.04839910000009695,0.004036099999211729,0.2028814000004786,,C,0.0029180103825639527,0.984433192661406,5.90432568956368,0.1229024115466949,0.9847417607371793,0.01982218120013888,0.1670536107788289,0.16584648715567935,3.257418120742745,0.9469370842044114,0.05756032492477634
compound,P2_Full,,main,clean,0.0,19,0.2,79,0.9448621553884712,0.9127721213710622,0.8719404711032855,-0.0866282989741915,1.0,0.12622043243097325,0.12748004794120787,1.0,0.04031079999549547,0.0031166000044322573,0.253282700003183,,C,0.003110559328170297,0.9910928001517214,5.922235537094734,0.1052910291189901,0.9912331695931463,0.01575909868599822,0.16640340036905368,0.16564289432587195,3.2592708988057826,0.9559665299782393,0.04976828895842624
compound,P2_Full,,main,clean,0.0,20,0.05,19,0.9122807017543859,0.8659776159891882,0.8105114244186655,-0.08195079209360663,1.0,0.12190753727804446,0.19653434306383133,0.8333333333333334,0.05211319999943953,0.003047900005185511,0.06295300000056159,,C,0.0026728138754529875,0.981864819137538,5.85561579565259,0.17396412472083544,0.9823151682882645,0.024832900986321547,0.1686554548221684,0.16648833446422048,3.2516067089897325,0.9282468799632867,0.07692604600876059
compound,P2_Full,,main,clean,0.0,20,0.1,39,0.8822055137844611,0.818360864238786,0.7501649334954096,-0.08898948934089122,1.0,0.12264768080665689,0.1722731187939644,0.95,0.052136099999188446,0.0030143000039970502,0.12541500000224914,,C,0.002763581185789592,0.9841306074904717,5.881474320899727,0.1461584811554944,0.9844877484494899,0.022505017681291654,0.16783548931219755,0.16637966949034858,3.2525874300976545,0.9334319934199352,0.07256099671460946
compound,P2_Full,,main,clean,0.0,20,0.15,59,0.9348370927318296,0.9033889126497009,0.8533863916324547,-0.08359342717676917,1.0,0.12477162102349064,0.13362947404384612,1.0,0.049632100002781954,0.0035835000016959384,0.18553660000179661,,C,0.0029358099394159653,0.9904381317406112,5.8998276360624775,0.12153162395612979,0.9906074478613274,0.017707430820323836,0.16718309684569668,0.16623336428350355,3.2539098864271088,0.9466329620037726,0.059621534793092165
compound,P2_Full,,main,clean,0.0,20,0.2,79,0.9448621553884712,0.9124433775178236,0.8718937641008938,-0.08531002073128298,1.0,0.12676444047789612,0.09361425936222076,1.0,0.04377849999582395,0.0028043000056641176,0.23875970000517555,,C,0.0031220480284768724,0.9947533534335151,5.914350099731486,0.08473641784311477,0.9948226929188851,0.013215962709001465,0.1666291943185664,0.16607669616519175,3.255328596802842,0.959508372176131,0.04684999140529949
compound,P2_Full,,main,clean,0.0,21,0.05,19,0.7142857142857143,0.7841526009345147,0.6626233685253498,-0.06622027885406323,1.0,0.12102590179668898,0.20198465883731842,0.8333333333333334,0.051381299999775365,0.006594999998924322,0.07015600000158884,,C,0.0027011992987293694,0.9922922749163973,3.562986431144538,0.748002647727902,0.9924538309157299,0.0209602700641629,0.27882369655041167,0.27694556083302885,2.6527044854881265,0.9223005751219999,0.08803167673796758
compound,P2_Full,,main,clean,0.0,21,0.1,39,0.9097744360902256,0.8419868302888753,0.7984027631685447,-0.06424228885291837,1.0,0.12057746180328609,0.21360357403755187,0.8,0.048603799994452856,0.007116399996448308,0.13421289999678265,,C,0.0027736033801367237,0.9876995810606882,4.986646247901092,0.32535335851079106,0.9879692464250226,0.021923266651717985,0.19842617568493437,0.19751423413414804,3.0157315615552274,0.9196650738197899,0.08936862273118454
compound,P2_Full,,main,clean,0.0,21,0.15,59,0.9473684210526315,0.9151001604747496,0.8767801628882481,-0.07686400200194636,1.0,0.12411528430025244,0.13309116065502166,0.95,0.04490050000458723,0.003521899998304434,0.19133390000206418,,C,0.0029252263579046733,0.9868676067694839,5.929981965513625,0.12632519435832634,0.9871261288478581,0.019685831351241946,0.16631879581452735,0.16484060662333644,3.266616597822005,0.942227999893918,0.0641675911326924
compound,P2_Full,,main,clean,0.0,21,0.2,79,0.9548872180451128,0.9229771892918887,0.8919103634601292,-0.07071474211878262,1.0,0.12647806799273892,0.1170212596654892,1.0,0.04075620000367053,0.004250099998898804,0.24313860000256682,,C,0.0031164108697860375,0.9929572303564845,5.946045472681607,0.09054915502088408,0.993058830595506,0.014426176655523011,0.1657252538494986,0.16470588235294117,3.2678571428571432,0.9576595498730316,0.04829888374865599
compound,P2_Full,,main,clean,0.0,22,0.05,19,0.9223057644110275,0.8878384772592982,0.8312934905929849,-0.07883464986103192,1.0,0.12314212511236333,0.18068506320317587,0.9166666666666666,0.052987900002335664,0.004163000005064532,0.06706850000045961,,C,0.0026748992338085607,0.9826308807116104,5.880315773494308,0.13865640527825202,0.9830111001682784,0.021890543231066657,0.16793628301937463,0.16620126311394123,3.254200361152548,0.9373633823107301,0.06706641202372493
compound,P2_Full,,main,clean,0.0,22,0.1,39,0.9298245614035088,0.8988592675106775,0.8445984013383002,-0.07431777218152971,1.0,0.12391718005492713,0.1690535679459572,0.95,0.04877449999912642,0.0034780999994836748,0.12598639999487204,,C,0.0027625800517956226,0.9837740966664981,5.896830313371225,0.1380069047312868,0.9841082654749546,0.020594773775496105,0.1673915563004363,0.1661158172476045,3.2549740846012374,0.942145857416146,0.0629364806336727
compound,P2_Full,,main,clean,0.0,22,0.15,59,0.9348370927318296,0.9033889126497009,0.8533863916324547,-0.08783818091210996,1.0,0.12571329288773997,0.12659526765346527,1.0,0.04467679999652319,0.0027019000044674613,0.17951129999710247,,C,0.0029381941873105103,0.9912424924039415,5.9148966544915105,0.1107765322029175,0.9913822197896613,0.01595515438465733,0.16675007826588054,0.1659238625812442,3.2567151650811414,0.9527438876668777,0.05334082007717527
compound,P2_Full,,main,clean,0.0,22,0.2,79,0.9448621553884712,0.9124433775178236,0.8718937641008938,-0.08880882219258913,1.0,0.12704420110678782,0.09589503109455108,1.0,0.039781999999831896,0.002298800005519297,0.2281107999951928,,C,0.0031247512922325006,0.9956146728820303,5.925646602475212,0.08924141129358634,0.9956701455705018,0.012649612441485727,0.16630591311463033,0.16571230262016312,3.2586387434554975,0.9611982427169873,0.04567668468023713
compound,P2_Full,,main,clean,0.0,23,0.05,19,0.87468671679198,0.8103515511837326,0.7430026618949486,-0.07540951614204033,1.0,0.12141056290109688,0.17662499845027924,0.9166666666666666,0.0509950999985449,0.011473899998236448,0.07204250000359025,,C,0.002691863827623886,0.9888628664069866,4.973821782007435,0.27375385919040873,0.9890852123320889,0.019964376223497796,0.1990092963356126,0.19804008559945718,3.0123706924952227,0.9239935694367465,0.08484260359630122
compound,P2_Full,,main,clean,0.0,23,0.1,39,0.9022556390977443,0.8464671538208463,0.7878623749547076,-0.073800304758233,1.0,0.12291031222324769,0.18817422091960906,1.0,0.04789919999893755,0.0074984000020776875,0.13874249999935273,,C,0.002764317056837418,0.9843926563222759,5.872619773806051,0.14309861404354096,0.9847459443146274,0.022636010306843295,0.16809252454065374,0.1663380086099153,3.252963766905994,0.9339028990554751,0.07263599347681353
compound,P2_Full,,main,clean,0.0,23,0.15,59,0.8847117794486216,0.8707895405761858,0.7825764426132378,-0.08542130414483147,1.0,0.12498728624264868,0.13262228965759276,0.95,0.04926529999647755,0.007265100000950042,0.2048685000045225,,C,0.0029220751107278562,0.9858044877560371,5.909009766056483,0.11929036049962058,0.9860724216643513,0.018874550189483252,0.16691897917563045,0.16581553698545343,3.2576994867008864,0.947476221832023,0.05844730020671301
compound,P2_Full,,main,clean,0.0,23,0.2,79,0.87468671679198,0.8668198759826147,0.7729526971328878,-0.08753708478433184,1.0,0.1259914173006241,0.12020726203918457,1.0,0.04000919999816688,0.0037613000022247434,0.25562820000050124,,C,0.0031122671553577698,0.9916369515569297,5.9113902188562495,0.09544972391815021,0.9917707718791072,0.0160013807272023,0.16671410391833194,0.16571230262016312,3.2586387434554975,0.9546918082337255,0.051846959019540215
compound,P2_Full,,main,clean,0.0,24,0.05,19,0.9047619047619048,0.8489201206152477,0.7928645483212633,-0.08132863288127501,1.0,0.12236535436832939,0.15723739316066107,0.8333333333333334,0.050360000001091976,0.0033890000049723312,0.0617225000023609,,C,0.0026776775693874723,0.9836515091907366,5.858890042516379,0.15349043471084398,0.9840354150737416,0.02348264971268316,0.16855977225723817,0.16627955530038102,3.2534921133171153,0.931848574701404,0.07287712868575204
compound,P2_Full,,main,clean,0.0,24,0.1,39,0.8847117794486216,0.817428609750399,0.7528692621640327,-0.07961626172935389,1.0,0.12390791721615144,0.17066922634840012,0.95,0.048388300005171914,0.0034327000030316412,0.12433109999983571,,C,0.0027606493687462198,0.9830865669163137,5.89708554676307,0.15720505892181685,0.9834422810572625,0.021031457019328004,0.16738419718153505,0.16596306068601582,3.2563593004769475,0.9410670432177128,0.06440926573192401
compound,P2_Full,,main,clean,0.0,24,0.15,59,0.9348370927318296,0.9033889126497009,0.8533863916324547,-0.07549126831057426,1.0,0.12425340445713089,0.15421110093593599,1.0,0.04514309999649413,0.0032112000044435263,0.1799832000033348,,C,0.0029348926952382785,0.9901286860924102,5.908786336772601,0.18799160373483148,0.9903174151407043,0.019118938984295272,0.16692539622162195,0.16576911173011452,3.2581217326362957,0.9418822403214461,0.06765845261275773
compound,P2_Full,,main,clean,0.0,24,0.2,79,0.9423558897243107,0.9105539372636627,0.8672018374251964,-0.07371865596418721,1.0,0.12678555030195435,0.11755480766296386,1.0,0.044163999999000225,0.003408999997191131,0.23408880000351928,,C,0.0031157419128925237,0.9927440859374828,5.932846098246054,0.1052356405556412,0.9928455248199152,0.013980165911342986,0.16610052161304625,0.16555613395800797,3.260061838381721,0.9595325940577742,0.04679184019952009
compound,P2_Full,,main,clean,0.0,25,0.05,19,0.8872180451127819,0.815868560545129,0.7603046195343647,-0.056516374168685275,1.0,0.12284323791888867,0.1811173508564631,1.0,0.050369900003715884,0.0032657999981893227,0.06148620000021765,,C,0.002674861517790942,0.982617025638813,5.889429963098477,0.1484880635268655,0.9830132817025633,0.022795642190847357,0.16767243523063596,0.1660185813455817,3.255855537216066,0.9344745806205356,0.07015473540456546
compound,P2_Full,,main,clean,0.0,25,0.1,39,0.8947368421052632,0.8406783174500956,0.7782757407988646,-0.06187153637273235,1.0,0.12277658900943861,0.20508401691913605,1.0,0.046142899998812936,0.003322900003695395,0.1193104999983916,,C,0.002765217191576083,0.984713200604362,5.882595074879401,0.14190021079642778,0.985062337538705,0.02283911270809357,0.1678030105465072,0.16610193028746006,3.2550999080344454,0.9329795521874862,0.0740060247231741
compound,P2_Full,,main,clean,0.0,25,0.15,59,0.9348370927318296,0.9031189836929341,0.8533329174223302,-0.07600724684607975,1.0,0.12528775519745008,0.1310858577489853,1.0,0.047467099997447804,0.004109599998628255,0.17838409999967553,,C,0.0029339144381827663,0.989798656863537,5.903532398586265,0.1356905792338275,0.989976759159456,0.017458710440044146,0.1670764330210476,0.1659238625812442,3.2567151650811414,0.9498771042011968,0.05668913664000579
compound,P2_Full,,main,clean,0.0,25,0.2,79,0.9423558897243107,0.9099284459772253,0.8671049579540764,-0.08006793684303677,1.0,0.127052472624028,0.10679724216461181,1.0,0.04056490000220947,0.003323400000226684,0.2291034000008949,,C,0.0031158289814139607,0.9927718278885637,5.921569850431718,0.08341382255825547,0.9928692875992932,0.013483313516475087,0.16642243859787234,0.16566024639944474,3.2591128103069025,0.9611588496248179,0.04543834806332885
compound,P2_Full,,main,clean,0.0,26,0.05,19,0.8922305764411027,0.8319138014433616,0.7695643010143972,-0.1031442725883261,1.0,0.12346445276564377,0.1550461153189341,1.0,0.05024260000209324,0.003155500002321787,0.06354819999978645,,C,0.00267967635921958,0.9843857696025897,5.881468897452601,0.12488263766763072,0.9847145390307407,0.021055756177744352,0.16790285590771634,0.1661751657184613,3.2544365920691005,0.9384628151020559,0.06659917869671614
compound,P2_Full,,main,clean,0.0,26,0.1,39,0.8796992481203008,0.813339776940087,0.7443269607146048,-0.06908079611358962,1.0,0.12410955389410425,0.1548741042613983,1.0,0.049237400002311915,0.005482200002006721,0.12559280000277795,,C,0.0027692130155732757,0.9861361415036569,5.891377523269052,0.16772549352330873,0.9864072796477242,0.019557192114940055,0.16754892837966517,0.16626857380919316,3.253591414014867,0.9426016218292891,0.0642993791627992
compound,P2_Full,,main,clean,0.0,26,0.15,59,0.9323308270676691,0.9010646370957641,0.8489431232749619,-0.07541058003802523,1.0,0.12276676276535946,0.14386027157306672,1.0,0.04609340000024531,0.003153799996653106,0.18145389999699546,,C,0.002937053210518148,0.9908575673080029,5.884279059248266,0.2470282398117538,0.9910533939042434,0.021419528350694002,0.16763222068833883,0.16609408851748686,3.255170968042486,0.9329072705236066,0.07653849469254435
compound,P2_Full,,main,clean,0.0,26,0.2,79,0.9398496240601504,0.9076411312100192,0.8624313716765281,-0.09337616214955682,1.0,0.1266214613008736,0.12298429310321808,1.0,0.042211500003759284,0.002607700000226032,0.23319790000095963,,C,0.0031141560944161293,0.9922388091983226,5.916167399066897,0.10391799197793063,0.992351339221078,0.014499066654957697,0.16657710385724087,0.16602463994447336,3.2558005852842813,0.9585735915385029,0.04745047689771069
compound,P2_Full,,main,clean,0.0,27,0.05,19,0.9172932330827067,0.8698911544664191,0.8185216635198905,-0.05489408640388985,1.0,0.12003723200137391,0.2217069591085116,0.75,0.05200969999714289,0.005508700000063982,0.06847140000172658,,C,0.0026803751342601733,0.9846424663502201,5.045254552042835,0.322024511482505,0.985013425559822,0.024154868747895755,0.19615543085508833,0.19467352158254606,3.0342013539781485,0.9163867134208069,0.09029515945693163
compound,P2_Full,,main,clean,0.0,27,0.1,39,0.9273182957393483,0.8967640249503197,0.8403530631498987,-0.07243148462506957,1.0,0.12348151545957246,0.15892907679080964,0.95,0.048119500002940185,0.005754500001785345,0.12982020000345074,,C,0.0027666234267748127,0.9852139708033764,5.917987120425848,0.1437195441117346,0.9855238242235802,0.02095582364158857,0.1667836986799437,0.16540758228023886,3.261418016959113,0.9385119366565812,0.0674914835710126
compound,P2_Full,,main,clean,0.0,27,0.15,59,0.9348370927318296,0.9031189836929341,0.8533329174223302,-0.0760501489526843,1.0,0.1256773985412209,0.1346382051706314,1.0,0.047427600002265535,0.003920099996321369,0.18786869999894407,,C,0.002933128662947304,0.9895335641728521,5.928980998923378,0.1054300859729983,0.9897065531276295,0.016527971664299604,0.16634734503162615,0.1653358093469514,3.2620741295394984,0.9524150958183778,0.05333677160373277
compound,P2_Full,,main,clean,0.0,27,0.2,79,0.9423558897243107,0.9099284459772253,0.8671049579540764,-0.07162677778807566,1.0,0.1270106660027096,0.11497059166431427,1.0,0.03997260000323877,0.002617199999804143,0.23700419999659061,,C,0.003122677021328088,0.9949537644273003,5.942402054250939,0.08136757311844475,0.9950189790171499,0.012923413683352203,0.16582867229639683,0.1651049800451154,3.2641881240147135,0.9610090624801542,0.04548718044955238
compound,P2_Full,,main,clean,0.0,28,0.05,19,0.924812030075188,0.8898996139200608,0.8354094316185173,-0.06666982212684379,1.0,0.12057338351698373,0.16771735002597174,0.9166666666666666,0.05465050000202609,0.006733700000040699,0.07110379999357974,,C,0.0026889594600158196,0.9877959397487583,5.048228569089674,0.25610617867327423,0.9880533870183279,0.02109521456544309,0.19603836488455817,0.19480400855994573,3.0333411481010115,0.919733096474263,0.0877260780479957
compound,P2_Full,,main,clean,0.0,28,0.1,39,0.9323308270676691,0.9010646370957641,0.8489431232749619,-0.07719509055598026,1.0,0.12352696735938043,0.18016880005598068,0.9,0.05071390000375686,0.005295399998431094,0.13409839999803808,,C,0.0027579454181694933,0.9821236711861714,5.903110667320027,0.14077306516718804,0.9825133487350498,0.021798522109138595,0.16721066030567455,0.16574086932370505,3.2583787180561377,0.9395703019552096,0.06482593721161191
compound,P2_Full,,main,clean,0.0,28,0.15,59,0.9373433583959899,0.9054637799516481,0.8578582536086288,-0.08306110882682445,1.0,0.12538437828641685,0.1413814514875412,1.0,0.04678060000151163,0.003028699997230433,0.1905786999996053,,C,0.002934924360845071,0.9901393689448696,5.9230072998113075,0.11497045838675782,0.9903063686668317,0.01693600754641115,0.1665179254085469,0.16553698545342,3.260236514910723,0.9505966064001429,0.05514352830509071
compound,P2_Full,,main,clean,0.0,28,0.2,79,0.9473684210526315,0.9151001604747496,0.8767801628882481,-0.07715057965364179,1.0,0.1268577117188679,0.10682221949100494,1.0,0.04159490000165533,0.002745500001765322,0.24097619999520248,,C,0.0031221630602164528,0.9947900050825784,5.9366953027129385,0.09207642317864312,0.9948590891081863,0.013259902687608696,0.16599091358669266,0.1653132049279889,3.2622808859032224,0.9599905394803575,0.04678849263010724
compound,P2_Full,,main,clean,0.0,29,0.05,19,0.7167919799498746,0.7719018127823557,0.6476715146061053,-0.07555854209561012,1.0,0.12189751646853522,0.17678134391705194,0.9166666666666666,0.05136979999952018,0.008999800003948621,0.06979580000188434,,C,0.002699623481769188,0.9917133946401413,4.878300144539162,0.2689759113056388,0.9918662468946307,0.018445702172543738,0.20295616187278745,0.20177201315308732,2.9890221819827976,0.9276038766159045,0.08234537614028649
compound,P2_Full,,main,clean,0.0,29,0.1,39,0.9022556390977443,0.8368251369409792,0.7857314023136399,-0.0760770590246446,1.0,0.12248848880220427,0.15272440761327744,0.95,0.04503390000172658,0.004713700000138488,0.12629470000683796,,C,0.00278900693342864,0.9931848942248659,4.832742073314085,0.3210657333668656,0.9932988710011017,0.01672413899306631,0.20482930995780285,0.2040966532426052,2.9749098455467102,0.9309073241225945,0.07940717017781178
compound,P2_Full,,main,clean,0.0,29,0.15,59,0.9448621553884712,0.9124433775178236,0.8718937641008938,-0.05985309093734742,1.0,0.1248988053684951,0.18239392340183258,1.0,0.04294559999834746,0.0031037000007927418,0.17956520000007004,,C,0.00292912689642722,0.988183510103411,5.9321444326506,0.13086574891575703,0.9883983842924956,0.018184265459966098,0.1662571515778265,0.16504178272980502,3.2647679324894514,0.9475421083486768,0.05838548883686028
compound,P2_Full,,main,clean,0.0,29,0.2,79,0.949874686716792,0.9174253226730819,0.881705712916377,-0.07690648200844111,1.0,0.1271550788486413,0.09580561816692353,1.0,0.035652799997478724,0.0034530000048107468,0.22437910000007832,,C,0.0031241084833666015,0.9954098598012779,5.953539265802784,0.09021279479685956,0.9954660957779129,0.012251472547740245,0.16551294041789139,0.1648620510150963,3.266419324281655,0.9619151752711995,0.044704095219760064
