dataset,method,ablation,study,expert,eta,seed,budget_frac,budget_count,ACC,NMI,ARI,zeta_t,kappa,delta_mis_proxy,sel_boundary_margin,argmax_retention,sel_time,retrain_time,total_time,error
iris,P2OLSAL,,main,clean,0.0,0,0.05,7,0.8066666666666666,0.6346631359390216,0.5826262395398415,-0.060388455716969186,1.0,0.18396982470018866,0.11620111432705557,1.0,0.16132739999920886,0.01092270000026474,0.26543059999949037,
iris,P2OLSAL,,main,clean,0.0,0,0.1,15,0.78,0.6152170261835382,0.5518147720362261,-0.04026738667176161,1.0,0.18437641045208664,0.12155839491532067,1.0,0.15744470000026922,0.005632899999909569,0.44630009999946196,
iris,P2OLSAL,,main,clean,0.0,0,0.15,22,0.7533333333333333,0.6001736861189073,0.5274899292702139,-0.04864607060190614,1.0,0.1842555098955151,0.11430995464239549,1.0,0.11613130000023375,0.008601400000770809,0.5879420999999638,
iris,P2OLSAL,,main,clean,0.0,0,0.2,30,0.72,0.5873364019529854,0.5063084531640197,-0.05396653996033775,1.0,0.18489337071648046,0.10801045772285008,1.0,0.14160290000017994,0.003802200000791345,0.7490890999997646,
iris,P2OLSAL,,main,clean,0.0,0,0.3,45,0.8666666666666667,0.6967858730970384,0.6757362582358094,-0.058700810549734035,1.0,0.1826873679513368,0.08863887990167327,1.0,0.11644059999980527,0.009468000000197208,0.8906810999997106,
iris,P2OLSAL,,main,clean,0.0,1,0.05,7,0.84,0.6669659159546624,0.6306467921328158,-0.04011285202758287,1.0,0.1848550578141223,0.12007874365454121,1.0,0.1653903000005812,0.010267799999382987,0.26653910000004544,
iris,P2OLSAL,,main,clean,0.0,1,0.1,15,0.8466666666666667,0.6735735454651065,0.6412050161871702,-0.045085126371896336,1.0,0.18599061800250818,0.17450876385447844,1.0,0.13543570000001637,0.005434599999716738,0.42385920000015176,
iris,P2OLSAL,,main,clean,0.0,1,0.15,22,0.8466666666666667,0.6735735454651065,0.6412050161871702,-0.04576553496960284,1.0,0.18794229842162682,0.12046976383197135,1.0,0.12951720000000932,0.008962199999587028,0.5797296999999162,
iris,P2OLSAL,,main,clean,0.0,1,0.2,30,0.86,0.6890518004413542,0.6638956080488512,-0.052134955028659474,1.0,0.1898503125581611,0.1057281708488204,1.0,0.1447227999997267,0.009914300000673393,0.7499029000000519,
iris,P2OLSAL,,main,clean,0.0,1,0.3,45,0.8733333333333333,0.7060205214031219,0.6882069564720807,-0.04736669397650599,1.0,0.192195237990828,0.05657760354575362,1.0,0.1410355999996682,0.005389300000388175,0.910592799999904,
iris,P2OLSAL,,main,clean,0.0,2,0.05,7,0.8466666666666667,0.672843838367481,0.6410058621782706,-0.05150900160819957,1.0,0.18333995245191353,0.11652318369841397,1.0,0.1573032999995121,0.014267600000493985,0.26561599999968166,
iris,P2OLSAL,,main,clean,0.0,2,0.1,15,0.86,0.6882209890713717,0.663709048759882,-0.03490057239130134,1.0,0.18418389290393644,0.18439447941837067,1.0,0.1417063999997481,0.0076292000003377325,0.4351437999994232,
iris,P2OLSAL,,main,clean,0.0,2,0.15,22,0.86,0.6882209890713717,0.663709048759882,-0.057213900388643525,1.0,0.1862671530418738,0.12565481193687755,1.0,0.1217092999995657,0.011013500000444765,0.5851496999994197,
iris,P2OLSAL,,main,clean,0.0,2,0.2,30,0.8666666666666667,0.6967858730970384,0.6757362582358094,-0.03476290843843166,1.0,0.18818651075223172,0.09533000587946885,1.0,0.11902609999924607,0.009144800000285613,0.741624000000229,
iris,P2OLSAL,,main,clean,0.0,2,0.3,45,0.88,0.7144576477818988,0.7008666982225341,-0.051512419926190774,1.0,0.1899624711950543,0.05133529947107692,1.0,0.1362848999997368,0.00886960000025283,0.9050686999999016,
iris,P2OLSAL,,main,clean,0.0,3,0.05,7,0.8266666666666667,0.5743387490428158,0.5722786205847686,-0.03408507018703285,1.0,0.18024163782381242,0.12233147738920083,1.0,0.14705119999962335,0.013186999999561522,0.25044789999992645,
iris,P2OLSAL,,main,clean,0.0,3,0.1,15,0.7866666666666666,0.5288486704326569,0.5127976094677096,-0.03892828598379398,1.0,0.1807279798142883,0.17208768538649383,1.0,0.14532770000005257,0.016458100000818376,0.4297169000001304,
iris,P2OLSAL,,main,clean,0.0,3,0.15,22,0.7533333333333333,0.49953732729539746,0.4697508896797153,-0.041031541482239454,1.0,0.18148467374673602,0.14560776991924423,0.8571428571428571,0.14680180000050314,0.009089700000004086,0.6150768999996217,
iris,P2OLSAL,,main,clean,0.0,3,0.2,30,0.8666666666666667,0.6967858730970384,0.6757362582358094,-0.035318786271190325,1.0,0.17832323634440084,0.1788812438551996,0.875,0.12886670000079903,0.018612400000165508,0.7820302999998603,
iris,P2OLSAL,,main,clean,0.0,3,0.3,45,0.88,0.7144576477818988,0.7008666982225341,-0.054134596382351546,1.0,0.18664334350643316,0.10163339459099899,1.0,0.14468419999957405,0.015431400000124995,0.9659091000003173,
iris,P2OLSAL,,main,clean,0.0,4,0.05,7,0.8,0.5366846702699427,0.5354921899227969,-0.05053264576260639,1.0,0.1842513897424685,0.11468044253277568,1.0,0.14925469999980123,0.005133499999828928,0.2544375999996191,
iris,P2OLSAL,,main,clean,0.0,4,0.1,15,0.7333333333333333,0.4328388536422921,0.40778326015241634,-0.045254922228309395,1.0,0.18212845338066183,0.18316703859220007,1.0,0.14463090000026568,0.010716300000240153,0.4259243999995306,
iris,P2OLSAL,,main,clean,0.0,4,0.15,22,0.7333333333333333,0.41801809497138553,0.39227965015303434,-0.05133879637891053,1.0,0.1784619707462091,0.11892139251263316,1.0,0.14637519999996584,0.009301400000367721,0.6005840999996508,
iris,P2OLSAL,,main,clean,0.0,4,0.2,30,0.8666666666666667,0.6981281862909945,0.676005958011242,-0.04145957237234326,1.0,0.1754003536255519,0.11673939795692895,1.0,0.15245779999986553,0.009737600000335078,0.7871709999999439,
iris,P2OLSAL,,main,clean,0.0,4,0.3,45,0.88,0.7186593633920438,0.7015292412422846,-0.06867047541514963,1.0,0.18998037044029986,0.0865834261490368,1.0,0.12672339999971882,0.01356099999975413,0.9408989000003203,
iris,P2OLSAL,,main,clean,0.0,5,0.05,7,0.8333333333333334,0.5937712325358809,0.5990097326876606,-0.06894054478209552,1.0,0.18360193392174323,0.12004271040924927,1.0,0.11624589999973978,0.014474100000370527,0.2194123999997828,
iris,P2OLSAL,,main,clean,0.0,5,0.1,15,0.82,0.5432453894988165,0.5591805673683825,-0.03685449602834367,1.0,0.18373843931506398,0.1814331862323047,1.0,0.15218970000023546,0.011618300000009185,0.40236579999964306,
iris,P2OLSAL,,main,clean,0.0,5,0.15,22,0.7933333333333333,0.5104903469332892,0.5157731277028729,-0.045671602552473385,1.0,0.1836238212142268,0.1468047367098532,0.7142857142857143,0.1688371999998708,0.014114100000369945,0.6065643000001728,
iris,P2OLSAL,,main,clean,0.0,5,0.2,30,0.8533333333333334,0.6802584697887846,0.652130612244898,-0.058937657381442334,1.0,0.18217771126505677,0.12973190334916207,0.875,0.16474269999980606,0.0168550000007599,0.8135402999996586,
iris,P2OLSAL,,main,clean,0.0,5,0.3,45,0.86,0.6882209890713717,0.663709048759882,-0.05422567290741425,1.0,0.1895375810533514,0.06021883261986341,1.0,0.16604310000002442,0.021265600000333507,1.019953600000008,
iris,P2OLSAL,,main,clean,0.0,6,0.05,7,0.8066666666666666,0.5359074546303235,0.5361967044578347,-0.06408169485972831,1.0,0.18111931157862202,0.12536037534706768,0.75,0.13365219999923283,0.013768300000265299,0.24385139999958483,
iris,P2OLSAL,,main,clean,0.0,6,0.1,15,0.7466666666666667,0.4768363767873599,0.4467198828544011,-0.039404685566726494,1.0,0.18040390822820077,0.18037926496075732,1.0,0.15185089999977208,0.01414550000026793,0.43523350000032224,
iris,P2OLSAL,,main,clean,0.0,6,0.15,22,0.7533333333333333,0.6023662384150944,0.5290583444858908,-0.03245333068842859,1.0,0.1773266640343469,0.15104037143124252,1.0,0.1258139999999912,0.015566900000521855,0.6043653999995513,
iris,P2OLSAL,,main,clean,0.0,6,0.2,30,0.7266666666666667,0.5902641780197699,0.5104668771858341,-0.045644190050384933,1.0,0.1841694619321685,0.12265636148148404,0.875,0.11575859999993554,0.015518199999860371,0.7598323000001983,
iris,P2OLSAL,,main,clean,0.0,6,0.3,45,0.8866666666666667,0.7234939951563694,0.7139803904763071,-0.051281640549856976,1.0,0.18162813074426395,0.10095229854728283,1.0,0.12301690000003873,0.009461999999984982,0.908096399999522,
iris,P2OLSAL,,main,clean,0.0,7,0.05,7,0.84,0.6659323679491874,0.6303393343888227,-0.03461389550181257,1.0,0.18392535186753065,0.12477570666740312,1.0,0.1415593000001536,0.0093258999995669,0.2523338999999396,
iris,P2OLSAL,,main,clean,0.0,7,0.1,15,0.8466666666666667,0.672843838367481,0.6410058621782706,-0.03840171100855083,1.0,0.18567566890976736,0.1757194968920921,1.0,0.15930430000025808,0.010295100000803359,0.4386050000002797,
iris,P2OLSAL,,main,clean,0.0,7,0.15,22,0.8533333333333334,0.6802584697887846,0.652130612244898,-0.04833022731893829,1.0,0.18768976820715494,0.12099614353454301,1.0,0.13324049999937415,0.005648500000461354,0.5991377000000284,
iris,P2OLSAL,,main,clean,0.0,7,0.2,30,0.8533333333333334,0.6802584697887846,0.652130612244898,-0.06937997421692753,1.0,0.18926198845482936,0.053324432357007887,1.0,0.13807530000030965,0.01122860000032233,0.7900177000001349,
iris,P2OLSAL,,main,clean,0.0,7,0.3,45,0.8666666666666667,0.6963427233309364,0.6756462585034013,-0.06173053901128691,1.0,0.19062892590604774,0.04899831054832107,1.0,0.23956670000006852,0.011769800000365649,1.0582107000000178,
iris,P2OLSAL,,main,clean,0.0,8,0.05,7,0.8133333333333334,0.6404527300947985,0.5914276853771199,-0.058961161183372385,1.0,0.1832165565001582,0.11653996649856399,1.0,0.17041619999963586,0.04670390000046609,0.3219270999998116,
iris,P2OLSAL,,main,clean,0.0,8,0.1,15,0.7866666666666666,0.6198221368971627,0.5590013112007007,-0.03750950867312844,1.0,0.1837054919993339,0.17239824561289854,1.0,0.13648300000022573,0.007774499999868567,0.48019010000007256,
iris,P2OLSAL,,main,clean,0.0,8,0.15,22,0.76,0.603676694488109,0.5330602118595655,-0.05094699547099391,1.0,0.18508237189546775,0.13041470359716603,1.0,0.1425733999994918,0.007221799999570067,0.6526964999993652,
iris,P2OLSAL,,main,clean,0.0,8,0.2,30,0.7266666666666667,0.5896234598428973,0.5099237347017305,-0.06328764663739439,1.0,0.1854110894011103,0.10096227384022487,1.0,0.1948262000005343,0.01289340000039374,0.8785784000001513,
iris,P2OLSAL,,main,clean,0.0,8,0.3,45,0.8666666666666667,0.6967858730970384,0.6757362582358094,-0.04513834097295137,1.0,0.18361583814063923,0.058433459498675594,1.0,0.14884260000053473,0.007238700000016252,1.062388700000156,
iris,P2OLSAL,,main,clean,0.0,9,0.05,7,0.78,0.5595625806846897,0.5314522493546295,-0.028204628412062404,1.0,0.1812073038486074,0.11954712067836046,1.0,0.15430860000014945,0.010823900000104913,0.2606815999997707,
iris,P2OLSAL,,main,clean,0.0,9,0.1,15,0.74,0.47210311222270085,0.45079672127150294,-0.05430559485066533,1.0,0.18373501569605974,0.11715438338854678,1.0,0.14827150000019174,0.007204600000477512,0.4303218000004563,
iris,P2OLSAL,,main,clean,0.0,9,0.15,22,0.7866666666666666,0.4891235028778097,0.497774782856965,-0.0452390310847847,1.0,0.17797197092046987,0.13144426685258193,1.0,0.1986068999995041,0.009204500000123517,0.6645401000005222,
iris,P2OLSAL,,main,clean,0.0,9,0.2,30,0.7333333333333333,0.4737452521990308,0.44698565553214964,-0.03987151445563765,1.0,0.17897684583340365,0.17970116742181685,0.875,0.19555539999964822,0.031190300000162097,0.9222018000000389,
iris,P2OLSAL,,main,clean,0.0,9,0.3,45,0.8733333333333333,0.7060205214031219,0.6882069564720807,-0.04285158404213375,1.0,0.17504617470805484,0.14839145045430152,0.8,0.19645560000026308,0.03129680000074586,1.1714732999998887,
iris,P2OLSAL,,main,clean,0.0,10,0.05,7,0.8333333333333334,0.659486892724918,0.6201351808870379,-0.06670352189527844,1.0,0.18393417686465113,0.12398329167034061,1.0,0.1592605999994703,0.0076134999999339925,0.26052789999994275,
iris,P2OLSAL,,main,clean,0.0,10,0.1,15,0.84,0.6659323679491874,0.6303393343888227,-0.04616133771149712,1.0,0.18570526187798053,0.1738090289745306,1.0,0.13583579999976791,0.004426999999850523,0.4230598000003738,
iris,P2OLSAL,,main,clean,0.0,10,0.15,22,0.8533333333333334,0.6802584697887846,0.652130612244898,-0.04986349701812572,1.0,0.1876949410373211,0.12736577506544827,1.0,0.1281424999997398,0.011303100000077393,0.5750883999999132,
iris,P2OLSAL,,main,clean,0.0,10,0.2,30,0.8533333333333334,0.6802584697887846,0.652130612244898,-0.061819536667471274,1.0,0.18912894663427118,0.1138722111342485,1.0,0.09809399999994639,0.005172199999833538,0.6951227999998082,
iris,P2OLSAL,,main,clean,0.0,10,0.3,45,0.8666666666666667,0.6963427233309364,0.6756462585034013,-0.061196625522580296,1.0,0.1913077419195006,0.04929948035548257,1.0,0.11556070000006002,0.006368800000018382,0.8347604999999021,
iris,P2OLSAL,,main,clean,0.0,11,0.05,7,0.8066666666666666,0.5588201192595365,0.5536841618635437,-0.05892138434658449,1.0,0.1842493935206675,0.1251509798205692,1.0,0.15434740000000602,0.004991699999663979,0.2472979000003761,
iris,P2OLSAL,,main,clean,0.0,11,0.1,15,0.7733333333333333,0.4945693626779351,0.48228356856354465,-0.047930352450147144,1.0,0.18242567071971738,0.18858756763100232,0.875,0.14338520000001154,0.0038980999997875188,0.4178203000001304,
iris,P2OLSAL,,main,clean,0.0,11,0.15,22,0.72,0.46270082356998476,0.4182280025200743,-0.04895486961313433,1.0,0.17893279573968707,0.1439060299660621,1.0,0.09719609999956447,0.015216799999507202,0.5532001000001401,
iris,P2OLSAL,,main,clean,0.0,11,0.2,30,0.8733333333333333,0.7050658288104134,0.6880338915258941,-0.045680743209264046,1.0,0.17511171761450564,0.1317494849853928,1.0,0.11061880000033852,0.007478599999558355,0.6938390000004802,
iris,P2OLSAL,,main,clean,0.0,11,0.3,45,0.88,0.7144576477818988,0.7008666982225341,-0.07333824552956167,1.0,0.18847766869617685,0.09707604322310323,1.0,0.08365340000000288,0.0118322000007538,0.8004721000006612,
iris,P2OLSAL,,main,clean,0.0,12,0.05,7,0.8333333333333334,0.576177326396226,0.5859812030126269,-0.04899054969258072,1.0,0.18184466713656527,0.12478217862701674,1.0,0.14994519999982003,0.009219700000357989,0.24812659999952302,
iris,P2OLSAL,,main,clean,0.0,12,0.1,15,0.8133333333333334,0.5481817687629917,0.551386438318468,-0.022684169253077598,1.0,0.1823129258261518,0.16538290428378224,1.0,0.09924390000014682,0.006735399999342917,0.37155910000001313,
iris,P2OLSAL,,main,clean,0.0,12,0.15,22,0.76,0.4884179986190656,0.47257728765173457,-0.04559634103173153,1.0,0.1821257036919054,0.14506889887153576,1.0,0.12671419999969658,0.008730800000193994,0.5309713999995438,
iris,P2OLSAL,,main,clean,0.0,12,0.2,30,0.8733333333333333,0.7050658288104134,0.6880338915258941,-0.046415846745135755,1.0,0.18002170710887047,0.13510344532295296,1.0,0.1158227000005354,0.016842600000018138,0.6784480999995139,
iris,P2OLSAL,,main,clean,0.0,12,0.3,45,0.88,0.7144576477818988,0.7008666982225341,-0.045954678048008075,1.0,0.18791933931088348,0.1313148843354774,0.9333333333333333,0.1490487999999459,0.013314099999661266,0.8656101999995371,
iris,P2OLSAL,,main,clean,0.0,13,0.05,7,0.8333333333333334,0.659486892724918,0.6201351808870379,-0.07387717981013986,1.0,0.18313353233458013,0.116523459010038,1.0,0.14934880000055273,0.013907700000345358,0.25094569999964733,
iris,P2OLSAL,,main,clean,0.0,13,0.1,15,0.84,0.6659323679491874,0.6303393343888227,-0.05319700096340721,1.0,0.18485796540484895,0.17504632090994707,1.0,0.10886389999996027,0.008282199999484874,0.3882765999996991,
iris,P2OLSAL,,main,clean,0.0,13,0.15,22,0.8466666666666667,0.672843838367481,0.6410058621782706,-0.053361449228610684,1.0,0.1868287498852703,0.1255735593384664,1.0,0.15945240000019112,0.008711800000128278,0.5726549999999406,
iris,P2OLSAL,,main,clean,0.0,13,0.2,30,0.8533333333333334,0.6802584697887846,0.652130612244898,-0.059815142826183165,1.0,0.18826339438529718,0.106095197517224,1.0,0.15943330000027345,0.005750100000113889,0.7546970000003057,
iris,P2OLSAL,,main,clean,0.0,13,0.3,45,0.8666666666666667,0.6963427233309364,0.6756462585034013,-0.06440524927105035,1.0,0.18999684440152279,0.07729150677960588,1.0,0.1808071999994354,0.006767599999875529,0.9581833000002007,
iris,P2OLSAL,,main,clean,0.0,14,0.05,7,0.8066666666666666,0.541719279709468,0.5360297782250124,-0.0644836971065349,1.0,0.18007770895769754,0.12056069987869183,1.0,0.1267416000000594,0.011045199999898614,0.2348112999998193,
iris,P2OLSAL,,main,clean,0.0,14,0.1,15,0.7533333333333333,0.5075735693996363,0.4684175332241544,-0.03272533571080024,1.0,0.17992190686601886,0.18380829219428707,1.0,0.1514602000006562,0.013630999999804772,0.4226783999993131,
iris,P2OLSAL,,main,clean,0.0,14,0.15,22,0.84,0.6659323679491874,0.6303393343888227,-0.054431415324413146,1.0,0.17928185152920278,0.13515213215661837,1.0,0.1636142999996082,0.013604499999928521,0.6147923999997147,
iris,P2OLSAL,,main,clean,0.0,14,0.2,30,0.84,0.6659323679491874,0.6303393343888227,-0.04725532576864873,1.0,0.18647332646417733,0.11484662708541298,1.0,0.1618960000005245,0.02488439999979164,0.825054399999317,
iris,P2OLSAL,,main,clean,0.0,14,0.3,45,0.86,0.6882209890713717,0.663709048759882,-0.04228295943998166,1.0,0.18866217070377952,0.11422516297697545,1.0,0.14863080000031914,0.010056899999653979,0.9978997999996864,
iris,P2OLSAL,,main,clean,0.0,16,0.05,7,0.82,0.5658741737619961,0.5679856129776814,-0.05068319993856904,1.0,0.18314092639421037,0.12254843879467944,1.0,0.11814050000066345,0.007504799999878742,0.20575230000031297,
iris,P2OLSAL,,main,clean,0.0,16,0.1,15,0.82,0.5344112229142619,0.552063405301995,-0.0589942429638806,1.0,0.18307869607565627,0.1794387780556436,1.0,0.15958359999967797,0.009719399999994494,0.40820440000061353,
iris,P2OLSAL,,main,clean,0.0,16,0.15,22,0.7866666666666666,0.5097311665099384,0.5077592959065365,-0.06324217745997916,1.0,0.18120563400376288,0.1192288650908259,1.0,0.20364120000067487,0.013858600000276056,0.6509012000005896,
iris,P2OLSAL,,main,clean,0.0,16,0.2,30,0.8666666666666667,0.6967858730970384,0.6757362582358094,-0.04775582399414049,1.0,0.17900336787198848,0.1345606063734919,0.875,0.1512246000002051,0.020042199999807053,0.8385393000007753,
iris,P2OLSAL,,main,clean,0.0,16,0.3,45,0.8933333333333333,0.7337944072126301,0.7276184569180799,-0.04615328224142084,1.0,0.18890207733680514,0.11344637673390139,1.0,0.08895829999983107,0.008335800000168092,0.9589128000006895,
iris,P2OLSAL,,main,clean,0.0,15,0.05,7,0.8,0.5440108989558673,0.538094791152318,-0.06564676682517968,1.0,0.18199235847738066,0.11997669122911417,1.0,0.15313400000013644,0.008446999999250693,0.2529909000004409,
iris,P2OLSAL,,main,clean,0.0,15,0.1,15,0.7266666666666667,0.4385526004903893,0.4134879570840202,-0.05010648070320614,1.0,0.18241431630473193,0.17066983449993745,1.0,0.1661765999997442,0.006605799999306328,0.44784290000006877,
iris,P2OLSAL,,main,clean,0.0,15,0.15,22,0.7733333333333333,0.49820184058237243,0.49016781949735777,-0.039729074737810934,1.0,0.1761644772039966,0.1317197448701103,1.0,0.20602280000002793,0.011881400000675058,0.6976666000000478,
iris,P2OLSAL,,main,clean,0.0,15,0.2,30,0.8533333333333334,0.6806461729990796,0.6522271369579056,-0.06491626468124152,1.0,0.1795883584829566,0.12453618433364545,1.0,0.13036159999955999,0.017756399999598216,0.870476700000836,
iris,P2OLSAL,,main,clean,0.0,15,0.3,45,0.8733333333333333,0.7050658288104134,0.6880338915258941,-0.05588105546526097,1.0,0.18867116339735643,0.11162019878359475,1.0,0.15451480000047013,0.012423600000147417,1.0559956000006423,
iris,P2OLSAL,,main,clean,0.0,17,0.05,7,0.8133333333333334,0.5670872010970762,0.5621224489795918,-0.07554915435341125,1.0,0.18226217676998474,0.12238177407168546,1.0,0.11202740000044287,0.010649499999999534,0.20425450000038836,
iris,P2OLSAL,,main,clean,0.0,17,0.1,15,0.8,0.5264451992651796,0.5261261407818321,-0.03604343474530721,1.0,0.1822973775340789,0.1880612850978026,1.0,0.17472859999998036,0.021101199999975506,0.42236849999972037,
iris,P2OLSAL,,main,clean,0.0,17,0.15,22,0.7933333333333333,0.5288543903716003,0.5210957808438312,-0.05127130923596145,1.0,0.18253759646812062,0.13953972330883385,1.0,0.14822770000046148,0.019506700000420096,0.6153868000001239,
iris,P2OLSAL,,main,clean,0.0,17,0.2,30,0.8666666666666667,0.6967858730970384,0.6757362582358094,-0.03450582580389041,1.0,0.18285651555052623,0.1334688420120992,0.875,0.160009700000046,0.01847509999970498,0.8239831999999296,
iris,P2OLSAL,,main,clean,0.0,17,0.3,45,0.88,0.7144576477818988,0.7008666982225341,-0.052948965616206135,1.0,0.18805887639406893,0.08963782923268242,1.0,0.13024589999986347,0.015646299999389157,0.988492700000279,
iris,P2OLSAL,,main,clean,0.0,18,0.05,7,0.8,0.6302971958909425,0.574757819889755,-0.04841381022554797,1.0,0.18340523853340612,0.1202412193329391,1.0,0.1753337999998621,0.0036503999999695225,0.2977836000000025,
iris,P2OLSAL,,main,clean,0.0,18,0.1,15,0.7666666666666667,0.6071613032965413,0.5388415225610196,-0.04851108333590008,1.0,0.18104998074367384,0.17648520153100805,1.0,0.17950070000006235,0.007831100000657898,0.4974748999993608,
iris,P2OLSAL,,main,clean,0.0,18,0.15,22,0.7466666666666667,0.5970285220037733,0.5223891156462585,-0.049207756175455156,1.0,0.18188268767370866,0.13854440154612851,1.0,0.14172789999975066,0.006759800000509131,0.6709711999992578,
iris,P2OLSAL,,main,clean,0.0,18,0.2,30,0.7133333333333334,0.5853845933682159,0.5031650865042018,-0.047826386032514615,1.0,0.18186877552062897,0.10928624591495734,1.0,0.1644320000004882,0.010185600000113482,0.8735509999996793,
iris,P2OLSAL,,main,clean,0.0,18,0.3,45,0.88,0.7144576477818988,0.7008666982225341,-0.04611959513865701,1.0,0.17797749631029408,0.07099489757768108,1.0,0.1697037999992972,0.007758199999443605,1.0671810999992886,
iris,P2OLSAL,,main,clean,0.0,19,0.05,7,0.82,0.5711670854751036,0.5693331758489562,-0.050495700544868176,1.0,0.18096114869697408,0.12415773024487925,1.0,0.20296289999987494,0.01659360000030574,0.3444100000006074,
iris,P2OLSAL,,main,clean,0.0,19,0.1,15,0.7533333333333333,0.5020966452623188,0.4709700878009133,-0.05110518272473516,1.0,0.18084487565235183,0.18713033332000023,1.0,0.15681880000011006,0.007219100000838807,0.5302226000003429,
iris,P2OLSAL,,main,clean,0.0,19,0.15,22,0.86,0.6882209890713717,0.663709048759882,-0.040971419031337185,1.0,0.18102306288247935,0.147253121050522,0.8571428571428571,0.18037899999944784,0.015078100000209815,0.7422501000000921,
iris,P2OLSAL,,main,clean,0.0,19,0.2,30,0.86,0.6882209890713717,0.663709048759882,-0.05524013995793686,1.0,0.18597512584445566,0.11765162465497953,0.875,0.13499269999920216,0.009611100000256556,0.9065440000003946,
iris,P2OLSAL,,main,clean,0.0,19,0.3,45,0.8866666666666667,0.7234939951563694,0.7139803904763071,-0.045418708703968316,1.0,0.1879245810955125,0.11511694305316975,1.0,0.15221800000017538,0.01046200000018871,1.0848933000006582,
iris,P2OLSAL,,main,clean,0.0,20,0.05,7,0.84,0.6659323679491874,0.6303393343888227,-0.04483523928664538,1.0,0.18383057223770624,0.11291377507868117,1.0,0.14875889999984793,0.009713299999930314,0.24850419999984297,
iris,P2OLSAL,,main,clean,0.0,20,0.1,15,0.84,0.6659323679491874,0.6303393343888227,-0.03999319439611859,1.0,0.18490040978013444,0.17420162285687849,1.0,0.10452290000011999,0.005928699999458331,0.38062770000033197,
iris,P2OLSAL,,main,clean,0.0,20,0.15,22,0.8466666666666667,0.672843838367481,0.6410058621782706,-0.05631641809050682,1.0,0.18737774743135685,0.12055739911557202,1.0,0.12944970000080502,0.011890699999639764,0.5369936000006419,
iris,P2OLSAL,,main,clean,0.0,20,0.2,30,0.86,0.6882209890713717,0.663709048759882,-0.04312568794821445,1.0,0.18903192023576776,0.1066405866804205,1.0,0.13865290000012465,0.00994029999947088,0.7016877000005479,
iris,P2OLSAL,,main,clean,0.0,20,0.3,45,0.86,0.6882209890713717,0.663709048759882,-0.052851135969229315,1.0,0.19123135419447793,0.04896691187718763,1.0,0.1263384000003498,0.007410600000184786,0.8535302000000229,
iris,P2OLSAL,,main,clean,0.0,22,0.05,7,0.8066666666666666,0.5508579420471451,0.5485714596674245,-0.04594490292094523,1.0,0.18310254008612203,0.12405553587755175,1.0,0.12234559999978956,0.00784139999996114,0.22356570000010834,
iris,P2OLSAL,,main,clean,0.0,22,0.1,15,0.78,0.6156436477147474,0.552063405301995,-0.043380325420045676,1.0,0.1830727054380579,0.18163167074380174,0.875,0.1281515999999101,0.009030100000018138,0.37721570000030624,
iris,P2OLSAL,,main,clean,0.0,22,0.15,22,0.7466666666666667,0.5972032437781484,0.5225216402522294,-0.05791624090915937,1.0,0.1857340512912179,0.14204226488135194,0.8571428571428571,0.11888360000011744,0.00730329999987589,0.5207841000001281,
iris,P2OLSAL,,main,clean,0.0,22,0.2,30,0.72,0.5873364019529854,0.5063084531640197,-0.06455929892607773,1.0,0.18518176576809958,0.10729229638355421,1.0,0.1358527000002141,0.003927599999769882,0.6760744000002887,
iris,P2OLSAL,,main,clean,0.0,22,0.3,45,0.8666666666666667,0.6967858730970384,0.6757362582358094,-0.05496304900594664,1.0,0.18356328140933797,0.056785687070101634,1.0,0.11835929999961081,0.006073600000490842,0.8190418000003774,
iris,P2OLSAL,,main,clean,0.0,21,0.05,7,0.8066666666666666,0.5505150160317495,0.5413941803571114,-0.060878418858775415,1.0,0.1810414231784243,0.11970360843426922,1.0,0.14320049999969342,0.010481700000127603,0.2407892000001084,
iris,P2OLSAL,,main,clean,0.0,21,0.1,15,0.78,0.48369543980462215,0.47112674816533207,-0.03679607712477949,1.0,0.18138965975290242,0.18662637620124445,0.875,0.13269370000034542,0.011913100000128907,0.40898159999960626,
iris,P2OLSAL,,main,clean,0.0,21,0.15,22,0.7466666666666667,0.4305810023978239,0.4058413275547692,-0.051618215712471396,1.0,0.17858148338876492,0.1404372245157812,1.0,0.12485329999981332,0.011822100000244973,0.5661991999995735,
iris,P2OLSAL,,main,clean,0.0,21,0.2,30,0.74,0.5962740029600561,0.519360704217904,-0.04332917613457801,1.0,0.17335571646672862,0.1273755631598234,1.0,0.1425441999999748,0.011905800000022282,0.742197199999282,
iris,P2OLSAL,,main,clean,0.0,21,0.3,45,0.8866666666666667,0.7234939951563694,0.7139803904763071,-0.049949758866954096,1.0,0.18147858936684796,0.11503215519840232,1.0,0.12188079999941692,0.013072999999167223,0.8915882000001147,
iris,P2OLSAL,,main,clean,0.0,23,0.05,7,0.7733333333333333,0.5346121342370435,0.5107689965969753,-0.04233752026475457,1.0,0.17985493339144615,0.16621621302702988,0.75,0.15039979999983188,0.027835599999889382,0.26480219999939436,
iris,P2OLSAL,,main,clean,0.0,23,0.1,15,0.7466666666666667,0.4660015739076921,0.44785321959266045,-0.06421471130762729,1.0,0.18210492749788354,0.12742288548004227,1.0,0.15509689999998955,0.006401100000402948,0.4454961999999796,
iris,P2OLSAL,,main,clean,0.0,23,0.15,22,0.7866666666666666,0.5034336367408551,0.5042325390923884,-0.05305010963559329,1.0,0.17648994379845423,0.12656970352265834,1.0,0.12436800000068615,0.0078972999999678,0.6040676999991774,
iris,P2OLSAL,,main,clean,0.0,23,0.2,30,0.7266666666666667,0.4701749656196481,0.4392025779844249,-0.04411900211067574,1.0,0.17979920370077734,0.17401927960968283,1.0,0.10652639999989333,0.012985600000320119,0.770067200000085,
iris,P2OLSAL,,main,clean,0.0,23,0.3,45,0.8733333333333333,0.7050658288104134,0.6880338915258941,-0.04848264978171119,1.0,0.1735295161508064,0.1435914712553926,0.9333333333333333,0.08482730000014271,0.03805449999981647,0.9123485999998593,
iris,P2OLSAL,,main,clean,0.0,24,0.05,7,0.8133333333333334,0.5643135260972384,0.5633481424668563,-0.0428085833624582,1.0,0.18372370826554232,0.11666145564672334,1.0,0.14902170000004844,0.0072302000007766765,0.24957720000020345,
iris,P2OLSAL,,main,clean,0.0,24,0.1,15,0.7666666666666667,0.6071613032965413,0.5388415225610196,-0.03735061197743317,1.0,0.1834914366739461,0.17576078898189426,1.0,0.10979399999996531,0.01131699999950797,0.38670040000033623,
iris,P2OLSAL,,main,clean,0.0,24,0.15,22,0.7466666666666667,0.5970285220037733,0.5223891156462585,-0.049926825468515144,1.0,0.18403304721935054,0.1419795873377006,0.8571428571428571,0.0896904999999606,0.006493699999737146,0.4998985000001994,
iris,P2OLSAL,,main,clean,0.0,24,0.2,30,0.7133333333333334,0.5853845933682159,0.5031650865042018,-0.03761897139527759,1.0,0.18275498201863247,0.09780392568063712,1.0,0.09809300000051735,0.006421600000066974,0.6212138999999297,
iris,P2OLSAL,,main,clean,0.0,24,0.3,45,0.8666666666666667,0.6967858730970384,0.6757362582358094,-0.051779447378696046,1.0,0.18110371987612506,0.05685299577604919,1.0,0.11003530000016326,0.010519899999962945,0.7632548999999926,
iris,P2OLSAL,,main,clean,0.0,25,0.05,7,0.8066666666666666,0.5510316164213167,0.5481660456213242,-0.050503493471450535,1.0,0.18276456101117342,0.12511779551964647,1.0,0.14918480000051204,0.010559599999396596,0.2470205999998143,
iris,P2OLSAL,,main,clean,0.0,25,0.1,15,0.7333333333333333,0.44398004089041493,0.42127144919196086,-0.03912750182590864,1.0,0.1832887565402426,0.17381214960889602,0.875,0.10558760000003531,0.007797700000082841,0.37057569999979023,
iris,P2OLSAL,,main,clean,0.0,25,0.15,22,0.7866666666666666,0.5034336367408551,0.5042325390923884,-0.05329749992781717,1.0,0.17764197611937377,0.13866396253808796,1.0,0.12530770000012126,0.00724149999950896,0.5263298999998369,
iris,P2OLSAL,,main,clean,0.0,25,0.2,30,0.8666666666666667,0.6967858730970384,0.6757362582358094,-0.0518563680704517,1.0,0.1803119877506138,0.1329545842491045,1.0,0.1083396999993056,0.008709500000804837,0.6640895000000455,
iris,P2OLSAL,,main,clean,0.0,25,0.3,45,0.88,0.7144576477818988,0.7008666982225341,-0.04417556944999057,1.0,0.19002095499081292,0.1114484595224887,1.0,0.12067860000024666,0.011579499999243126,0.8123396999999386,
iris,P2OLSAL,,main,clean,0.0,26,0.05,7,0.8133333333333334,0.561778681296527,0.5576989176315872,-0.017964626821540767,1.0,0.18153695860414587,0.12200042404765288,1.0,0.13271010000062233,0.007438000000547618,0.22407420000035927,
iris,P2OLSAL,,main,clean,0.0,26,0.1,15,0.76,0.4983986711256539,0.47172703615182987,-0.04788437217990997,1.0,0.18133496034767774,0.18116933306939054,0.875,0.14046329999928275,0.009964199999558332,0.3963656000005358,
iris,P2OLSAL,,main,clean,0.0,26,0.15,22,0.86,0.6882209890713717,0.663709048759882,-0.03876112661129428,1.0,0.17963337089502382,0.1443873048915362,0.8571428571428571,0.11291830000027403,0.015314799999941897,0.5416923000002498,
iris,P2OLSAL,,main,clean,0.0,26,0.2,30,0.8733333333333333,0.7050658288104134,0.6880338915258941,-0.02929941037561569,1.0,0.18652648430859922,0.12649098434850875,0.875,0.11498239999946236,0.013229600000158825,0.6881941999999981,
iris,P2OLSAL,,main,clean,0.0,26,0.3,45,0.8733333333333333,0.7050658288104134,0.6880338915258941,-0.05977005654592414,1.0,0.18874414434756245,0.058055213083362936,1.0,0.10104510000019218,0.009547499999825959,0.8169373999999152,
iris,P2OLSAL,,main,clean,0.0,28,0.05,7,0.8533333333333334,0.6806461729990796,0.6522271369579056,-0.052130314508214794,1.0,0.18261056281107305,0.12584108173434883,0.75,0.12367879999965226,0.00936210000054416,0.22710600000027625,
iris,P2OLSAL,,main,clean,0.0,28,0.1,15,0.8533333333333334,0.6806461729990796,0.6522271369579056,-0.055895945411850154,1.0,0.18373712141273033,0.1817062928486331,0.875,0.15222340000036638,0.008875100000295788,0.4040891000004194,
iris,P2OLSAL,,main,clean,0.0,28,0.15,22,0.8666666666666667,0.6967858730970384,0.6757362582358094,-0.040467735846150474,1.0,0.18640829851310212,0.12126010709371306,1.0,0.13291320000007545,0.010776699999951234,0.561368599999696,
iris,P2OLSAL,,main,clean,0.0,28,0.2,30,0.8733333333333333,0.706020521403122,0.6882069564720807,-0.04319287487597033,1.0,0.18830271204980709,0.10383332700637213,1.0,0.1017535000000862,0.006620199999815668,0.6865841999997429,
iris,P2OLSAL,,main,clean,0.0,28,0.3,45,0.88,0.7160100313235858,0.7011154962653707,-0.0509831000804839,1.0,0.19020475339088946,0.04991100345085618,1.0,0.10232090000044991,0.0076004000002285466,0.8090812999998889,
iris,P2OLSAL,,main,clean,0.0,27,0.05,7,0.7866666666666666,0.6216228635100165,0.5599780683897095,-0.0641371419335723,1.0,0.1835965481263896,0.11800691009702957,1.0,0.12267400000018824,0.006089599999540951,0.22215330000017275,
iris,P2OLSAL,,main,clean,0.0,27,0.1,15,0.7533333333333333,0.6023662384150944,0.5290583444858908,-0.039147012145374444,1.0,0.18513420384013027,0.1256762486363777,1.0,0.12299999999959255,0.007749000000330852,0.36423930000000837,
iris,P2OLSAL,,main,clean,0.0,27,0.15,22,0.74,0.5962740029600562,0.519360704217904,-0.03525584433554747,1.0,0.18455921011445162,0.17894313668269873,1.0,0.14509599999928469,0.007262399999490299,0.5336377000003267,
iris,P2OLSAL,,main,clean,0.0,27,0.2,30,0.72,0.5885864728115298,0.5074019184730387,-0.043056650279030204,1.0,0.1866352609416544,0.1033121944477542,1.0,0.13315130000046338,0.009104499999921245,0.6949161000002277,
iris,P2OLSAL,,main,clean,0.0,27,0.3,45,0.8733333333333333,0.7079605393464979,0.6885525109503922,-0.05066402028443225,1.0,0.18410170950544796,0.05656423484541365,1.0,0.11054129999956785,0.00504830000045331,0.8282675000000381,
iris,P2OLSAL,,main,clean,0.0,29,0.05,7,0.8,0.5778088262527726,0.5435544333538648,-0.0530581853489216,1.0,0.1823362831719152,0.12392381683274997,1.0,0.12235650000002352,0.013088800000332412,0.223827099999653,
iris,P2OLSAL,,main,clean,0.0,29,0.1,15,0.82,0.5722358850094205,0.566327349103444,-0.04388072416408667,1.0,0.1824220537788137,0.18612634844698184,0.875,0.12058789999991859,0.004261600000063481,0.3709976000000097,
iris,P2OLSAL,,main,clean,0.0,29,0.15,22,0.7666666666666667,0.5043812381857823,0.48432722171725867,-0.04686781299910242,1.0,0.1821242307338916,0.14037002980375982,1.0,0.10138000000006286,0.013849300000401854,0.5070230000001175,
iris,P2OLSAL,,main,clean,0.0,29,0.2,30,0.86,0.6882209890713717,0.663709048759882,-0.04221439623428621,1.0,0.18166384690812026,0.13233656106937097,1.0,0.12110609999945154,0.014090599999690312,0.6623271999997087,
iris,P2OLSAL,,main,clean,0.0,29,0.3,45,0.8733333333333333,0.7050658288104134,0.6880338915258941,-0.04811849831634156,1.0,0.18805302986868186,0.10019545239762723,1.0,0.12001640000016778,0.013741900000241003,0.8161572999997588,
iris,P2OLSAL,,main,clean,0.1,1,0.05,7,0.8333333333333334,0.6588407919873353,0.6199243317810601,-0.04011285202758287,1.0,0.1848550578141223,0.12007874365454121,1.0,0.11407390000022133,0.010111200000210374,0.21514569999999367,
iris,P2OLSAL,,main,clean,0.1,1,0.1,15,0.84,0.6659323679491874,0.6303393343888227,-0.04539091299238579,1.0,0.18498922646496163,0.18875682645769357,0.875,0.11541729999953532,0.005167199999959848,0.3464352000000872,
iris,P2OLSAL,,main,clean,0.1,1,0.15,22,0.8333333333333334,0.6588407919873351,0.6199243317810601,-0.06476850073602293,1.0,0.18613116160016605,0.12770929326595434,1.0,0.08457470000030298,0.006254799999624083,0.4484910999999556,
iris,P2OLSAL,,main,clean,0.1,1,0.2,30,0.84,0.6446208857949766,0.625600128426463,-0.052508127787598585,1.0,0.18866884965139988,0.10703231087643604,1.0,0.13393679999990127,0.007662699999855249,0.6043700999998691,
iris,P2OLSAL,,main,clean,0.1,1,0.3,45,0.84,0.6239383107168056,0.620892981232245,-0.06192318245873747,1.0,0.19067387486592144,0.0515582491422129,1.0,0.1297320999992735,0.00704429999950662,0.7598658999995678,
iris,P2OLSAL,,main,clean,0.1,0,0.05,7,0.8133333333333334,0.618797382225438,0.5860418816982772,-0.060388455716969186,1.0,0.18396982470018866,0.11620111432705557,1.0,0.11265259999981936,0.004846499999985099,0.20397420000062993,
iris,P2OLSAL,,main,clean,0.1,0,0.1,15,0.78,0.5776780063031802,0.5393108645411228,-0.03966675333687303,1.0,0.18393591952321733,0.17879741217340667,1.0,0.101998399999502,0.008028599999306607,0.3275320000002466,
iris,P2OLSAL,,main,clean,0.1,0,0.15,22,0.7466666666666667,0.5316262364875791,0.4938405634438971,-0.04182854423121585,1.0,0.18554876808757279,0.12322917804734927,1.0,0.12092829999983223,0.008101899999928719,0.4688824000004388,
iris,P2OLSAL,,main,clean,0.1,0,0.2,30,0.7266666666666667,0.498034293094644,0.4708053969717868,-0.040677544320534074,1.0,0.1861757033565154,0.10472185379219556,1.0,0.12182739999934711,0.007181699999819102,0.6141459000000395,
iris,P2OLSAL,,main,clean,0.1,0,0.3,45,0.8466666666666667,0.5981878262617495,0.6202060924586917,-0.06059986843169371,1.0,0.18589673703787468,0.05231627683710761,1.0,0.1135679999997592,0.007323599999836006,0.770721500000036,
iris,P2OLSAL,,main,clean,0.1,2,0.05,7,0.84,0.6429325775177864,0.620787781591043,-0.05150900160819957,1.0,0.18333995245191353,0.11652318369841397,1.0,0.113475400000425,0.01359150000007503,0.21305149999989226,
iris,P2OLSAL,,main,clean,0.1,2,0.1,15,0.84,0.6429325775177864,0.620787781591043,-0.03462763621580747,1.0,0.18356796657891744,0.1851352466318285,1.0,0.09610340000017459,0.010740699999587378,0.33541629999945144,
iris,P2OLSAL,,main,clean,0.1,2,0.15,22,0.8466666666666667,0.630094259351553,0.6280326127030641,-0.039290459209722205,1.0,0.18605775747958156,0.11915466751865975,1.0,0.09954019999986485,0.010753800000202318,0.4605709999996179,
iris,P2OLSAL,,main,clean,0.1,2,0.2,30,0.8533333333333334,0.6384967962400661,0.6396619169645432,-0.05136166595817615,1.0,0.18777765108424896,0.08995251280352654,1.0,0.12356480000016745,0.011756099999729486,0.6146214999998847,
iris,P2OLSAL,,main,clean,0.1,2,0.3,45,0.86,0.6264758983553002,0.6451092493671385,-0.048000607873467604,1.0,0.1894964627638134,0.07854094828915333,1.0,0.10767930000019987,0.007382499999948777,0.7467146999997567,
iris,P2OLSAL,,main,clean,0.1,3,0.05,7,0.8133333333333334,0.5551638395050933,0.5468133337682247,-0.03408507018703285,1.0,0.18024163782381242,0.12233147738920083,1.0,0.08782169999994949,0.010825400000612717,0.18439000000034866,
iris,P2OLSAL,,main,clean,0.1,3,0.1,15,0.8066666666666666,0.5232205383940427,0.5270728580885541,-0.03689990104871174,1.0,0.18095692406583633,0.1790907316909966,0.875,0.13833810000051017,0.0071238000000448665,0.35371350000059465,
iris,P2OLSAL,,main,clean,0.1,3,0.15,22,0.7666666666666667,0.45832382470226574,0.46471768230048993,-0.04778184172897078,1.0,0.18147398915857893,0.07170997546279426,1.0,0.14822869999989052,0.015626399999746354,0.5357120999997278,
iris,P2OLSAL,,main,clean,0.1,3,0.2,30,0.7333333333333333,0.43054674999913994,0.42545472491093567,-0.04608486241691083,1.0,0.18106263037214784,0.12337772881682105,1.0,0.138947399999779,0.010335099999792874,0.7054135999997015,
iris,P2OLSAL,,main,clean,0.1,3,0.3,45,0.8533333333333334,0.6020113166928288,0.6299447909711252,-0.037324344742788965,1.0,0.17488766103403425,0.14809359486772464,0.8,0.09416770000007091,0.016392699999414617,0.8323553999998694,
iris,P2OLSAL,,main,clean,0.1,4,0.05,7,0.78,0.5792799798288267,0.5324687811900322,-0.05053264576260639,1.0,0.1842513897424685,0.11468044253277568,1.0,0.12980660000084754,0.006242999999813037,0.23083170000063546,
iris,P2OLSAL,,main,clean,0.1,4,0.1,15,0.7733333333333333,0.4585937989121594,0.46763817989969814,-0.045323134188668124,1.0,0.1849792836001987,0.11667079526097554,1.0,0.12391149999984918,0.00794300000052317,0.38124920000063867,
iris,P2OLSAL,,main,clean,0.1,4,0.15,22,0.7,0.3678688743489861,0.3467768479099557,-0.03694173941208461,1.0,0.17740240353663608,0.20491374747682872,1.0,0.11570080000001326,0.01223180000033608,0.5271664000001692,
iris,P2OLSAL,,main,clean,0.1,4,0.2,30,0.7133333333333334,0.3495955240901143,0.34884386283913604,-0.048916029986768084,1.0,0.1721423899000743,0.13505437078717136,0.75,0.1201123999999254,0.007914400000117894,0.6728773000004367,
iris,P2OLSAL,,main,clean,0.1,4,0.3,45,0.8533333333333334,0.641713940744513,0.6396511571095875,-0.04746407681706197,1.0,0.16812527947435058,0.10608506272149382,1.0,0.12931329999992158,0.015706700000009732,0.8364441000003353,
iris,P2OLSAL,,main,clean,0.1,5,0.05,7,0.8133333333333334,0.5719829352427953,0.5667025750676002,-0.06894054478209552,1.0,0.18360193392174323,0.12004271040924927,1.0,0.1434361000001445,0.009938899999724526,0.26402300000063406,
iris,P2OLSAL,,main,clean,0.1,5,0.1,15,0.8133333333333334,0.5385638634172152,0.5486539745615036,-0.05259910869606747,1.0,0.18400348213675088,0.11720946122551608,1.0,0.11478749999969295,0.009697000000414846,0.4016867000000275,
iris,P2OLSAL,,main,clean,0.1,5,0.15,22,0.7666666666666667,0.46028745982690056,0.4703269281446465,-0.05346587844112417,1.0,0.18316299260045757,0.13169746503190127,1.0,0.09510740000041551,0.00832040000022971,0.527091300000393,
iris,P2OLSAL,,main,clean,0.1,5,0.2,30,0.8333333333333334,0.6374460691634961,0.6150593632278577,-0.05244624276513796,1.0,0.1818215325103081,0.12417888436558529,1.0,0.1343382000004567,0.015338299999712035,0.746299700000236,
iris,P2OLSAL,,main,clean,0.1,5,0.3,45,0.8333333333333334,0.6374460691634961,0.6150593632278577,-0.05393723103002243,1.0,0.18818136475272387,0.06304642881657578,0.9333333333333333,0.1300055000001521,0.04269959999965067,0.9370076000004701,
iris,P2OLSAL,,main,clean,0.1,6,0.05,7,0.8333333333333334,0.6063817289679565,0.5904919498254924,-0.06408169485972831,1.0,0.18111931157862202,0.12536037534706768,0.75,0.1578254999994897,0.009638199999244534,0.2595885000000635,
iris,P2OLSAL,,main,clean,0.1,6,0.1,15,0.82,0.5991762096251001,0.5689616805376296,-0.05082115067698695,1.0,0.18154279931757547,0.18355103533378972,1.0,0.1446683000003759,0.013152699999409379,0.4416168999996444,
iris,P2OLSAL,,main,clean,0.1,6,0.15,22,0.7133333333333334,0.4260647411442556,0.39282021988277743,-0.04152283456885648,1.0,0.18158740370007312,0.14799259224969988,1.0,0.13539070000024367,0.012094599999727507,0.6154010999998718,
iris,P2OLSAL,,main,clean,0.1,6,0.2,30,0.7266666666666667,0.495782716527965,0.464154166734675,-0.03379844953302062,1.0,0.17394130243411618,0.12438134531806812,1.0,0.12194959999942512,0.016934799999944516,0.7764770000003409,
iris,P2OLSAL,,main,clean,0.1,6,0.3,45,0.86,0.6014596595385957,0.6400277810559786,-0.05063111608696765,1.0,0.17837386469254227,0.0956881977941966,1.0,0.11596860000008746,0.013754700000390585,0.9263161999997465,
iris,P2OLSAL,,main,clean,0.1,7,0.05,7,0.84,0.6429325775177864,0.620787781591043,-0.03461389550181257,1.0,0.18392535186753065,0.12477570666740312,1.0,0.1369336999996449,0.010358999999880325,0.24861890000011044,
iris,P2OLSAL,,main,clean,0.1,7,0.1,15,0.84,0.6430956841676825,0.6211405739193607,-0.05358081479455397,1.0,0.18503802102823708,0.18438905891705926,1.0,0.16944580000017595,0.016020000000025902,0.4565806000000521,
iris,P2OLSAL,,main,clean,0.1,7,0.15,22,0.8466666666666667,0.6382379939633787,0.6253506800098455,-0.041124993159610615,1.0,0.18664239584047052,0.1143956457333646,1.0,0.11020700000062789,0.005610799999885785,0.5899782000005871,
iris,P2OLSAL,,main,clean,0.1,7,0.2,30,0.8466666666666667,0.6191787242788156,0.6221087172624997,-0.04555446137218235,1.0,0.18771971544707575,0.11991499389997327,1.0,0.11122559999967052,0.010692800000470015,0.7295158000006268,
iris,P2OLSAL,,main,clean,0.1,7,0.3,45,0.8466666666666667,0.5990586223828541,0.6147296964953687,-0.06248188995272561,1.0,0.18968420499333,0.05813022248589299,1.0,0.14847420000023703,0.008047199999964505,0.9023674999998548,
iris,P2OLSAL,,main,clean,0.1,8,0.05,7,0.8133333333333334,0.6187973822254379,0.5860418816982772,-0.058961161183372385,1.0,0.1832165565001582,0.11653996649856399,1.0,0.13439429999925778,0.030184299999746145,0.27272959999936575,
iris,P2OLSAL,,main,clean,0.1,8,0.1,15,0.7866666666666666,0.5981679122073268,0.553245542889205,-0.042896205481739474,1.0,0.18390516808420393,0.1718244585859835,1.0,0.150221099999726,0.012386999999762338,0.4503131999999823,
iris,P2OLSAL,,main,clean,0.1,8,0.15,22,0.76,0.5580722496740028,0.519836795393147,-0.03523498530000891,1.0,0.18600645457463286,0.14151242009852222,1.0,0.14737660000082542,0.008222200000091107,0.6223725999998351,
iris,P2OLSAL,,main,clean,0.1,8,0.2,30,0.7266666666666667,0.5155514228335389,0.48032735028462586,-0.06086828230898148,1.0,0.18682860969174053,0.0640778000079805,1.0,0.14693149999948218,0.005363700000089011,0.789402099999279,
iris,P2OLSAL,,main,clean,0.1,8,0.3,45,0.84,0.5895556595822983,0.6039618349122271,-0.051875980874098504,1.0,0.18079320116338113,0.09649456448247618,1.0,0.09848539999984496,0.005904600000576465,0.9111779999993814,
iris,P2OLSAL,,main,clean,0.1,9,0.05,7,0.8,0.5565142090320815,0.5440462305594727,-0.028204628412062404,1.0,0.1812073038486074,0.11954712067836046,1.0,0.1460854000006293,0.007765100000142411,0.26632880000033765,
iris,P2OLSAL,,main,clean,0.1,9,0.1,15,0.74,0.480177801696399,0.45608100305541177,-0.05736149455604554,1.0,0.1805310102162716,0.17311980212474826,0.875,0.13546259999930044,0.015264100000422332,0.43846970000049623,
iris,P2OLSAL,,main,clean,0.1,9,0.15,22,0.7933333333333333,0.4927240541600633,0.5106801813312134,-0.04936630277124251,1.0,0.17950621623322224,0.1380778850418932,1.0,0.13715630000024248,0.00728270000035991,0.6104494999999588,
iris,P2OLSAL,,main,clean,0.1,9,0.2,30,0.76,0.4489661092205503,0.4573771524541362,-0.043772709277126315,1.0,0.1841067686686291,0.12555784424883626,1.0,0.14044660000035947,0.01578739999968093,0.7865604000007806,
iris,P2OLSAL,,main,clean,0.1,9,0.3,45,0.84,0.6228242549428666,0.6173687847182551,-0.042457858309101426,1.0,0.18065072720841038,0.10278663131781718,0.9333333333333333,0.11385759999939182,0.01291399999990972,0.9289665000005698,
iris,P2OLSAL,,main,clean,0.1,10,0.05,7,0.84,0.665590288299027,0.6302367346938775,-0.06670352189527844,1.0,0.18393417686465113,0.12398329167034061,1.0,0.16415839999990567,0.010075300000607967,0.2601117999993221,
iris,P2OLSAL,,main,clean,0.1,10,0.1,15,0.84,0.6446144083980975,0.6256520751462621,-0.03921562946905969,1.0,0.1848514232655945,0.18671379979837183,1.0,0.10872329999983776,0.003790800000388117,0.38781459999972867,
iris,P2OLSAL,,main,clean,0.1,10,0.15,22,0.8333333333333334,0.6374460691634961,0.6150593632278577,-0.037769417173228806,1.0,0.18686999971282905,0.12756954869075804,1.0,0.1118452000000616,0.0060856000000057975,0.5175245999998879,
iris,P2OLSAL,,main,clean,0.1,10,0.2,30,0.8266666666666667,0.6077824091287088,0.5953687074829932,-0.0572952581194342,1.0,0.18885816618730364,0.05326593062619968,1.0,0.0879242000000886,0.005192300000089745,0.6271864000000278,
iris,P2OLSAL,,main,clean,0.1,10,0.3,45,0.84,0.6222908810894014,0.6168571428571429,-0.054827464153479645,1.0,0.18939311873740558,0.07517372142311247,1.0,0.11460290000013629,0.00778820000050473,0.7628179999992426,
iris,P2OLSAL,,main,clean,0.1,11,0.05,7,0.8,0.5505667053882721,0.5434658253268819,-0.05892138434658449,1.0,0.1842493935206675,0.1251509798205692,1.0,0.14164110000001529,0.008772099999987404,0.22375729999930627,
iris,P2OLSAL,,main,clean,0.1,11,0.1,15,0.7733333333333333,0.48617266477011556,0.47903514352675053,-0.03211801851614278,1.0,0.18316687793411676,0.18880158198237915,0.875,0.10823079999954643,0.00497799999993731,0.34796749999986787,
iris,P2OLSAL,,main,clean,0.1,11,0.15,22,0.74,0.4642922327449416,0.4361652936236069,-0.0414053968150852,1.0,0.18088433530004044,0.12831900979291272,1.0,0.1295057999996061,0.01111140000011801,0.5048350999995819,
iris,P2OLSAL,,main,clean,0.1,11,0.2,30,0.6933333333333334,0.4402053988289463,0.3940015213339781,-0.05427629287113721,1.0,0.17927025666741023,0.12817458069941923,1.0,0.09482320000006439,0.01125560000036785,0.6294088999993619,
iris,P2OLSAL,,main,clean,0.1,11,0.3,45,0.8333333333333334,0.5829000956836279,0.5981359738557827,-0.04443561611058761,1.0,0.17719917404206928,0.16782704135489424,0.8666666666666667,0.09133419999943726,0.006168200000502111,0.745810999999776,
iris,P2OLSAL,,main,clean,0.1,12,0.05,7,0.84,0.5956845963302192,0.6001529955745418,-0.04899054969258072,1.0,0.18184466713656527,0.12478217862701674,1.0,0.14069749999998749,0.01217240000005404,0.24097970000002533,
iris,P2OLSAL,,main,clean,0.1,12,0.1,15,0.8066666666666666,0.5199419768493292,0.5340248131976345,-0.029322373628715457,1.0,0.1824976989199434,0.16476778400504105,1.0,0.13285650000034366,0.006604299999708019,0.40366180000000895,
iris,P2OLSAL,,main,clean,0.1,12,0.15,22,0.76,0.45425555647272226,0.4607410133725923,-0.056121753741266094,1.0,0.1818555937223475,0.14519700607892289,0.8571428571428571,0.10401079999974172,0.01206090000050608,0.5355070999994496,
iris,P2OLSAL,,main,clean,0.1,12,0.2,30,0.86,0.6355332091362181,0.6441789837098704,-0.04299903047412768,1.0,0.18260754875023988,0.1274834934548987,1.0,0.09959820000040054,0.009428400000615511,0.6673843999997189,
iris,P2OLSAL,,main,clean,0.1,12,0.3,45,0.86,0.6169030131668061,0.6387150961547594,-0.051899662232206274,1.0,0.18675389753957206,0.09074458542460982,1.0,0.09465009999985341,0.012388300000566232,0.7874775000000227,
iris,P2OLSAL,,main,clean,0.1,13,0.05,7,0.8266666666666667,0.6294009337586921,0.5995816019019579,-0.07387717981013986,1.0,0.18313353233458013,0.116523459010038,1.0,0.11204689999976836,0.014555200000359036,0.20507540000016888,
iris,P2OLSAL,,main,clean,0.1,13,0.1,15,0.8266666666666667,0.6078516514093462,0.595013454183034,-0.0441306340184998,1.0,0.1842143066800611,0.17858647328226976,1.0,0.13243839999995544,0.010869800000364194,0.3676951999996163,
iris,P2OLSAL,,main,clean,0.1,13,0.15,22,0.8333333333333334,0.5941792064008549,0.6010359594047517,-0.051418297779201934,1.0,0.18638542620761053,0.11688113134172315,1.0,0.10506449999957113,0.0039833000000726315,0.4934571000003416,
iris,P2OLSAL,,main,clean,0.1,13,0.2,30,0.84,0.601699848001024,0.6122752678694094,-0.05067665226359921,1.0,0.1880347407974577,0.10368392146288861,1.0,0.10715230000005249,0.003935599999749684,0.6221748999996635,
iris,P2OLSAL,,main,clean,0.1,13,0.3,45,0.8333333333333334,0.5818029799683115,0.5971023008579932,-0.05797281289783787,1.0,0.18991428815834946,0.05074548035524349,1.0,0.08570749999944383,0.009712899999613,0.7324485999997705,
iris,P2OLSAL,,main,clean,0.1,14,0.05,7,0.8133333333333334,0.5575544372775485,0.5479824636482078,-0.0644836971065349,1.0,0.18007770895769754,0.12056069987869183,1.0,0.1534548999998151,0.012024000000565138,0.25567510000018956,
iris,P2OLSAL,,main,clean,0.1,14,0.1,15,0.76,0.4933708641410975,0.4666971337978897,-0.043283698223615885,1.0,0.18033557133425546,0.17211871990510536,1.0,0.0913183000002391,0.010894800000642135,0.37789430000066204,
iris,P2OLSAL,,main,clean,0.1,14,0.15,22,0.7133333333333334,0.46630758183672616,0.41892825067358547,-0.036016033015250595,1.0,0.18065783562794877,0.1427977029814603,0.8571428571428571,0.09359539999968547,0.011890699999639764,0.5003741000000446,
iris,P2OLSAL,,main,clean,0.1,14,0.2,30,0.82,0.5672810089395912,0.5754535856809186,-0.03874856889889006,1.0,0.1783780412219775,0.1520148254588587,0.875,0.09552519999942888,0.005423800000244228,0.6203525000000809,
iris,P2OLSAL,,main,clean,0.1,14,0.3,45,0.8333333333333334,0.5816991047874703,0.5969835059705694,-0.046155939573310566,1.0,0.18699075260187453,0.12400104171437673,1.0,0.09083160000045609,0.013445699999465432,0.7456378000006225,
iris,P2OLSAL,,main,clean,0.1,15,0.05,7,0.7933333333333333,0.547595061767411,0.5326143265634115,-0.06564676682517968,1.0,0.18199235847738066,0.11997669122911417,1.0,0.09403999999994994,0.007080400000631926,0.18373029999929713,
iris,P2OLSAL,,main,clean,0.1,15,0.1,15,0.7533333333333333,0.44200690029742873,0.4408515839869614,-0.04587698795047271,1.0,0.18190586254501417,0.17416542489494477,1.0,0.1084802999994281,0.00671650000003865,0.30811069999981555,
iris,P2OLSAL,,main,clean,0.1,15,0.15,22,0.7133333333333334,0.3914955817081413,0.3806562532303959,-0.05475808680954002,1.0,0.18015986800047235,0.1350388464147544,1.0,0.07909030000064377,0.0029680000006919727,0.40894699999989825,
iris,P2OLSAL,,main,clean,0.1,15,0.2,30,0.76,0.4569689535487077,0.4613202995419729,-0.05530058788201231,1.0,0.17665528969870553,0.12169230164431419,1.0,0.09259689999998955,0.008265600000413542,0.5296321999994689,
iris,P2OLSAL,,main,clean,0.1,15,0.3,45,0.84,0.5761124534565283,0.5984373873377493,-0.047890642708340765,1.0,0.179724189313612,0.08961931293082646,1.0,0.15569279999999708,0.010091600000123435,0.7157929999993939,
iris,P2OLSAL,,main,clean,0.1,16,0.05,7,0.8133333333333334,0.537404267953571,0.5523738092229428,-0.05068319993856904,1.0,0.18314092639421037,0.12254843879467944,1.0,0.09479910000027303,0.009149800000159303,0.18284350000067207,
iris,P2OLSAL,,main,clean,0.1,16,0.1,15,0.8066666666666666,0.48203176087933686,0.5216670674432222,-0.051064904172089434,1.0,0.18265748805600818,0.18023374183590052,1.0,0.13585820000025706,0.008816300000034971,0.343291400000453,
iris,P2OLSAL,,main,clean,0.1,16,0.15,22,0.7933333333333333,0.4808464196989318,0.5056836901692937,-0.04810856418759872,1.0,0.18022106575047034,0.14445302971049903,1.0,0.16260810000039783,0.012647800000195275,0.5353553000004467,
iris,P2OLSAL,,main,clean,0.1,16,0.2,30,0.7333333333333333,0.40925350858608966,0.4190150048273618,-0.037717500088760694,1.0,0.1800603609491434,0.131140429984946,0.875,0.18612279999979364,0.015931799999634677,0.7712103000003481,
iris,P2OLSAL,,main,clean,0.1,16,0.3,45,0.84,0.5917528973652606,0.6094789100775952,-0.04953547350106893,1.0,0.17266784500474994,0.13844529287159277,1.0,0.14274939999995695,0.02711410000028991,0.9622316000004503,
iris,P2OLSAL,,main,clean,0.1,17,0.05,7,0.8133333333333334,0.5588858727551318,0.5617879446712869,-0.07554915435341125,1.0,0.18226217676998474,0.12238177407168546,1.0,0.11776230000032228,0.008237799999733397,0.2113670999997339,
iris,P2OLSAL,,main,clean,0.1,17,0.1,15,0.8066666666666666,0.5060941797942153,0.5273349989335268,-0.0469684461037312,1.0,0.18275638827226126,0.18569172107770893,1.0,0.16980830000011338,0.012507100000220817,0.41148659999998927,
iris,P2OLSAL,,main,clean,0.1,17,0.15,22,0.78,0.4621048214488735,0.4782828200576519,-0.05297398301030115,1.0,0.1835708765937643,0.13825522550811245,1.0,0.1872254999998404,0.013946699999905832,0.6277163999993718,
iris,P2OLSAL,,main,clean,0.1,17,0.2,30,0.7466666666666667,0.4178419758642569,0.42735118939065425,-0.046227796683226005,1.0,0.18423964371165744,0.11998334918282663,1.0,0.15892499999972642,0.006793999999899825,0.8131192999999257,
iris,P2OLSAL,,main,clean,0.1,17,0.3,45,0.8466666666666667,0.5794506595147726,0.6137592892397742,-0.044035922495993654,1.0,0.1824902429170544,0.10437142519023235,0.8666666666666667,0.1516210999998293,0.01765739999973448,1.0014158999993015,
iris,P2OLSAL,,main,clean,0.1,18,0.05,7,0.8066666666666666,0.6346631359390215,0.5826262395398415,-0.04841381022554797,1.0,0.18340523853340612,0.1202412193329391,1.0,0.13874650000070687,0.009391599999617029,0.24260599999979604,
iris,P2OLSAL,,main,clean,0.1,18,0.1,15,0.7666666666666667,0.5811704553371189,0.5250574449936127,-0.05640202280141597,1.0,0.18195086749580572,0.12900770966947578,0.875,0.2081052000003183,0.018825099999958184,0.48543789999985165,
iris,P2OLSAL,,main,clean,0.1,18,0.15,22,0.7466666666666667,0.5704255319191087,0.507624641011304,-0.03236152979336992,1.0,0.17940823988873292,0.19078335161270438,1.0,0.17256559999987076,0.0075007000004916335,0.6783318999996482,
iris,P2OLSAL,,main,clean,0.1,18,0.2,30,0.84,0.6311593854394056,0.614340168458372,-0.03862253960205169,1.0,0.18007344863720273,0.10472813332421338,1.0,0.1926060999994661,0.010248200000205543,0.9062773000005109,
iris,P2OLSAL,,main,clean,0.1,18,0.3,45,0.8466666666666667,0.6321908570407823,0.6210134211144563,-0.052208292016251726,1.0,0.18839306944074388,0.09271079995379268,1.0,0.1423917000001893,0.016892399999960617,1.0835336000000098,
iris,P2OLSAL,,main,clean,0.1,19,0.05,7,0.82,0.5679106664218421,0.5675805361966009,-0.050495700544868176,1.0,0.18096114869697408,0.12415773024487925,1.0,0.1234402999998565,0.005321199999343662,0.24871379999967758,
iris,P2OLSAL,,main,clean,0.1,19,0.1,15,0.7733333333333333,0.48998453381298857,0.4812310232636456,-0.059852528115418996,1.0,0.18126704381378347,0.17598846047623,1.0,0.2111096999997244,0.02467960000012681,0.5134194000002026,
iris,P2OLSAL,,main,clean,0.1,19,0.15,22,0.7333333333333333,0.4626187332336367,0.43846390561867804,-0.045332519481034894,1.0,0.18030699383679666,0.13591056689014505,0.8571428571428571,0.18884740000066813,0.01291270000001532,0.7462974999998551,
iris,P2OLSAL,,main,clean,0.1,19,0.2,30,0.7333333333333333,0.542562349943275,0.49284236926534536,-0.05125701620460276,1.0,0.1795371977089432,0.11290539055848094,1.0,0.1893356999999014,0.01637479999953939,0.9745795999997426,
iris,P2OLSAL,,main,clean,0.1,19,0.3,45,0.8466666666666667,0.617795341900856,0.6195000957124879,-0.044840981973605594,1.0,0.17879650961842045,0.13111586756315685,1.0,0.11184190000039962,0.013563900000008289,1.1176933999995526,
iris,P2OLSAL,,main,clean,0.1,20,0.05,7,0.84,0.6429325775177863,0.620787781591043,-0.04483523928664538,1.0,0.18383057223770624,0.11291377507868117,1.0,0.14730260000033013,0.009541800000079093,0.24104549999992742,
iris,P2OLSAL,,main,clean,0.1,20,0.1,15,0.8333333333333334,0.635761148314311,0.6101943946746552,-0.04373986204676396,1.0,0.1843783344744362,0.17672503883241358,1.0,0.18663569999989704,0.009327300000222749,0.4522636000001512,
iris,P2OLSAL,,main,clean,0.1,20,0.15,22,0.8266666666666667,0.6298958293215693,0.6006307140613335,-0.049153139458919186,1.0,0.18687622355928415,0.07217895330775992,1.0,0.14025349999974424,0.005374700000174926,0.6112574999997378,
iris,P2OLSAL,,main,clean,0.1,20,0.2,30,0.8266666666666667,0.6082745167680984,0.5958863118263774,-0.023558267646325046,1.0,0.18760272117481838,0.11987458197248833,1.0,0.1021322999995391,0.003766400000131398,0.7336595999995552,
iris,P2OLSAL,,main,clean,0.1,20,0.3,45,0.8266666666666667,0.5938210620689944,0.5870857940469437,-0.056395406005144706,1.0,0.18925603597741622,0.049696309958669686,1.0,0.07325420000051963,0.00866649999989022,0.8301871000003302,
iris,P2OLSAL,,main,clean,0.1,21,0.05,7,0.8133333333333334,0.5450471698845305,0.5528117635379822,-0.060878418858775415,1.0,0.1810414231784243,0.11970360843426922,1.0,0.13508360000014363,0.012124800000492542,0.233493499999895,
iris,P2OLSAL,,main,clean,0.1,21,0.1,15,0.7733333333333333,0.46496902256685374,0.46723588777747493,-0.0376849112626849,1.0,0.18204776824740213,0.1835232788118702,0.875,0.1603425999992396,0.006138000000646571,0.4185733000003893,
iris,P2OLSAL,,main,clean,0.1,21,0.15,22,0.7533333333333333,0.43088666951782295,0.42317431460710636,-0.04219621498195684,1.0,0.18139802237318947,0.1319048183571861,1.0,0.12554129999989527,0.009981100000004517,0.5656896000000415,
iris,P2OLSAL,,main,clean,0.1,21,0.2,30,0.7333333333333333,0.38405302878351477,0.3794922666406471,-0.04292722638393966,1.0,0.18039470398166998,0.11495445855026679,1.0,0.11512549999952171,0.006315000000540749,0.7019547999998395,
iris,P2OLSAL,,main,clean,0.1,21,0.3,45,0.8733333333333333,0.6300216765017179,0.6637236079237033,-0.03955495136394555,1.0,0.1781097859292743,0.08468768289326561,1.0,0.08129060000010213,0.006299900000158232,0.8024984000003315,
iris,P2OLSAL,,main,clean,0.1,22,0.05,7,0.82,0.5740110167620296,0.5720854743412361,-0.04594490292094523,1.0,0.18310254008612203,0.12405553587755175,1.0,0.11443849999977829,0.006682899999759684,0.23347629999989294,
iris,P2OLSAL,,main,clean,0.1,22,0.1,15,0.78,0.5718338100879954,0.5402655994967817,-0.04435002348098946,1.0,0.18296696440895938,0.18257899817364043,1.0,0.1346757000001162,0.007436099999722501,0.39543609999964247,
iris,P2OLSAL,,main,clean,0.1,22,0.15,22,0.7466666666666667,0.5373750870745825,0.5026135645556534,-0.058522580897947665,1.0,0.1861371934473173,0.13549056164379855,1.0,0.10236499999973603,0.004423100000167324,0.5178077000000485,
iris,P2OLSAL,,main,clean,0.1,22,0.2,30,0.7266666666666667,0.5284708508382716,0.48873230109724075,-0.04473701032339836,1.0,0.18657671794720482,0.12317360516290508,1.0,0.11034360000030574,0.005551000000195927,0.6449345000000903,
iris,P2OLSAL,,main,clean,0.1,22,0.3,45,0.8533333333333334,0.628620831644368,0.6396842032289242,-0.04151798548716342,1.0,0.18471841405089517,0.05952759192482039,1.0,0.08367080000061833,0.007360800000242307,0.7473751999996239,
iris,P2OLSAL,,main,clean,0.1,24,0.05,7,0.8066666666666666,0.5653789839857242,0.557674707659001,-0.0428085833624582,1.0,0.18372370826554232,0.11666145564672334,1.0,0.17813679999926535,0.0065532999997230945,0.2692471000000296,
iris,P2OLSAL,,main,clean,0.1,24,0.1,15,0.7733333333333333,0.5878491213199345,0.5385001489485862,-0.04154779461959247,1.0,0.18447837669348832,0.1253406168800065,1.0,0.13497720000032132,0.0076417999998739106,0.42707619999964663,
iris,P2OLSAL,,main,clean,0.1,24,0.15,22,0.7466666666666667,0.5735589041551993,0.5153256314372205,-0.03857262986387628,1.0,0.18398860811752457,0.17473971195687962,1.0,0.10398170000007667,0.0052247999992687255,0.5469295000002603,
iris,P2OLSAL,,main,clean,0.1,24,0.2,30,0.72,0.5387279497690426,0.4900179219505169,-0.043493474758952905,1.0,0.18500075829210647,0.11088414458175415,1.0,0.09363440000015544,0.0025647999991633696,0.6555772000001525,
iris,P2OLSAL,,main,clean,0.1,24,0.3,45,0.8333333333333334,0.6039305435374188,0.6056577536181649,-0.04997333169244249,1.0,0.18437152778752777,0.0421872652224825,1.0,0.07880990000012389,0.005850600000485429,0.7506611999997403,
iris,P2OLSAL,,main,clean,0.1,23,0.05,7,0.7933333333333333,0.5412717986385978,0.5334485795361884,-0.04233752026475457,1.0,0.17985493339144615,0.16621621302702988,0.75,0.15192219999971712,0.0170920999998998,0.25126040000031935,
iris,P2OLSAL,,main,clean,0.1,23,0.1,15,0.7466666666666667,0.46745254919052553,0.4544615940581819,-0.05076549653403512,1.0,0.18336577632673612,0.1689621452402668,1.0,0.1357770000004166,0.00689310000052501,0.4019103000000541,
iris,P2OLSAL,,main,clean,0.1,23,0.15,22,0.7866666666666666,0.4754581220509554,0.4972550729670111,-0.04295120525519826,1.0,0.18140344270960038,0.13926204175065302,1.0,0.10586220000004687,0.00416159999986121,0.5377776000004815,
iris,P2OLSAL,,main,clean,0.1,23,0.2,30,0.7333333333333333,0.45190711743484663,0.4404670057155453,-0.04516260303628628,1.0,0.18230171864185368,0.12746547908024175,1.0,0.08936410000023898,0.011178799999470357,0.6576558000006116,
iris,P2OLSAL,,main,clean,0.1,23,0.3,45,0.8466666666666667,0.6276620338965943,0.6208282485096905,-0.04845645922869911,1.0,0.1826483665957224,0.1411970447024298,0.8666666666666667,0.10864349999974365,0.010549599999649217,0.7964971999999761,
iris,P2OLSAL,,main,clean,0.1,25,0.05,7,0.7933333333333333,0.5306060820036775,0.5289022882763066,-0.050503493471450535,1.0,0.18276456101117342,0.12511779551964647,1.0,0.16132109999944078,0.037330500000280153,0.275545599999532,
iris,P2OLSAL,,main,clean,0.1,25,0.1,15,0.7666666666666667,0.43362210875366497,0.4541857273247882,-0.0373249223977626,1.0,0.18410741928638447,0.17457316038115345,1.0,0.12176050000016403,0.007172000000537082,0.4232548999998471,
iris,P2OLSAL,,main,clean,0.1,25,0.15,22,0.7133333333333334,0.366669626030048,0.3701892793833353,-0.04911757539585863,1.0,0.18060949950398292,0.1435152117028641,1.0,0.11665790000006382,0.005977200000415905,0.564827599999262,
iris,P2OLSAL,,main,clean,0.1,25,0.2,30,0.68,0.31414649677887907,0.31381219075434524,-0.0446627660365244,1.0,0.1744605819467224,0.12305635531211195,1.0,0.08530830000017886,0.010751400000117428,0.6837891999994099,
iris,P2OLSAL,,main,clean,0.1,25,0.3,45,0.8666666666666667,0.6653418918415601,0.6629527522661403,-0.03513729758298335,1.0,0.16630497035609587,0.10491157716636652,1.0,0.06685389999984181,0.011743400000341353,0.7779866999999285,
iris,P2OLSAL,,main,clean,0.1,26,0.05,7,0.8066666666666666,0.5613053118459702,0.5526256001284264,-0.017964626821540767,1.0,0.18153695860414587,0.12200042404765288,1.0,0.12310849999994389,0.010031699999672128,0.2093230999998923,
iris,P2OLSAL,,main,clean,0.1,26,0.1,15,0.78,0.5014036477023595,0.4936782241192754,-0.03946164888311915,1.0,0.18197394570293204,0.19218559567412302,0.875,0.09846639999977924,0.009681800000180374,0.3319021999996039,
iris,P2OLSAL,,main,clean,0.1,26,0.15,22,0.7533333333333333,0.48086642483143205,0.45343988740642477,-0.04142486998152796,1.0,0.18076720742527988,0.13152301380415313,1.0,0.08585109999967244,0.005132600000251841,0.43392839999978605,
iris,P2OLSAL,,main,clean,0.1,26,0.2,30,0.7266666666666667,0.522575245603127,0.4794623563792824,-0.029981235064042336,1.0,0.17941758866983495,0.13310219299940262,1.0,0.0987130999992587,0.005582499999945867,0.5645120999997744,
iris,P2OLSAL,,main,clean,0.1,26,0.3,45,0.8466666666666667,0.6187790844330261,0.6247893003342625,-0.050897489134691644,1.0,0.18224493264934058,0.06949347669814433,1.0,0.08347819999926287,0.011512199999742734,0.6774417999995421,
iris,P2OLSAL,,main,clean,0.1,28,0.05,7,0.84,0.6446208857949766,0.625600128426463,-0.052130314508214794,1.0,0.18261056281107305,0.12584108173434883,0.75,0.1339001999995162,0.008987899999738147,0.22017740000046615,
iris,P2OLSAL,,main,clean,0.1,28,0.1,15,0.84,0.6446208857949766,0.625600128426463,-0.04229337366839455,1.0,0.1839882838678002,0.18733318208320326,1.0,0.0800306000001001,0.010009200000240526,0.3182646000004752,
iris,P2OLSAL,,main,clean,0.1,28,0.15,22,0.84,0.623567034871154,0.620787781591043,-0.04662426027562615,1.0,0.1865312004377345,0.12410044052855088,1.0,0.09595580000041082,0.007820499999979802,0.4320815999999468,
iris,P2OLSAL,,main,clean,0.1,28,0.2,30,0.8333333333333334,0.6163056545546097,0.6100728505285608,-0.06740111106693819,1.0,0.18846752040457015,0.05687087106063002,1.0,0.10862770000039745,0.004392100000586652,0.5632086000005074,
iris,P2OLSAL,,main,clean,0.1,28,0.3,45,0.8266666666666667,0.5963894689837324,0.595013454183034,-0.055809674629323895,1.0,0.18937709489567317,0.06248519042807117,1.0,0.12000869999974384,0.007798700000421377,0.7120600000007471,
iris,P2OLSAL,,main,clean,0.1,27,0.05,7,0.7866666666666666,0.6232245885270024,0.5608291884745836,-0.0641371419335723,1.0,0.1835965481263896,0.11800691009702957,1.0,0.12496660000033444,0.009446100000786828,0.20171179999942979,
iris,P2OLSAL,,main,clean,0.1,27,0.1,15,0.7666666666666667,0.5855465070855944,0.5333094589883518,-0.046870721127926486,1.0,0.18610368758263623,0.12634441272365043,0.875,0.08859630000006291,0.008437399999820627,0.30775509999966744,
iris,P2OLSAL,,main,clean,0.1,27,0.15,22,0.7466666666666667,0.5594369726670007,0.5095627748586055,-0.0362005197498513,1.0,0.18545031333016682,0.1901305990966222,1.0,0.1267757999994501,0.007350200000473706,0.4579558999994333,
iris,P2OLSAL,,main,clean,0.1,27,0.2,30,0.72,0.5240078798888509,0.4834946011517001,-0.054105709559036104,1.0,0.18765751238114387,0.10346303719207864,1.0,0.11028690000057395,0.0052678000001833425,0.5904284999996889,
iris,P2OLSAL,,main,clean,0.1,27,0.3,45,0.84,0.590984128715991,0.6082930035251239,-0.046100517665850695,1.0,0.18589817613835885,0.05106234477544146,1.0,0.12719010000000708,0.007413099999212136,0.7445373999998992,
iris,P2OLSAL,,main,clean,0.1,29,0.05,7,0.8,0.5658765551608512,0.5420606989885315,-0.0530581853489216,1.0,0.1823362831719152,0.12392381683274997,1.0,0.07719550000001618,0.01861060000010184,0.17179100000066683,
iris,P2OLSAL,,main,clean,0.1,29,0.1,15,0.7466666666666667,0.4625989200564121,0.4414884445838272,-0.04647151212503924,1.0,0.1835542482037998,0.18587316472578258,1.0,0.11176520000026358,0.010199199999988195,0.310685000000376,
iris,P2OLSAL,,main,clean,0.1,29,0.15,22,0.7133333333333334,0.40047899428942446,0.3819541404281475,-0.045490931173583875,1.0,0.1829148498837298,0.1315438095978814,1.0,0.12614269999994576,0.00853460000053019,0.46909360000063316,
iris,P2OLSAL,,main,clean,0.1,29,0.2,30,0.68,0.33082505104350607,0.316406977044334,-0.048282590855041475,1.0,0.17677234765045738,0.12222199877225175,1.0,0.09770099999968807,0.012964599999577331,0.6052398000001631,
iris,P2OLSAL,,main,clean,0.1,29,0.3,45,0.8666666666666667,0.6485214858741568,0.6516098160443277,-0.042642328307082686,1.0,0.1723551003695428,0.09013935786363753,1.0,0.16727829999945243,0.014446499999394291,0.8073643000006996,
iris,P2OLSAL,,main,clean,0.2,0,0.05,7,0.8133333333333334,0.618797382225438,0.5860418816982772,-0.060388455716969186,1.0,0.18396982470018866,0.11620111432705557,1.0,0.18797240000003512,0.010079899999254849,0.3208840000006603,
iris,P2OLSAL,,main,clean,0.2,0,0.1,15,0.78,0.5776780063031802,0.5393108645411228,-0.03966675333687303,1.0,0.18393591952321733,0.17879741217340667,1.0,0.2438044999998965,0.02216269999917131,0.6267768000006981,
iris,P2OLSAL,,main,clean,0.2,0,0.15,22,0.7466666666666667,0.5316262364875791,0.4938405634438971,-0.04182854423121585,1.0,0.18554876808757279,0.12322917804734927,1.0,0.3115295999996306,0.00939250000010361,0.960632500000429,
iris,P2OLSAL,,main,clean,0.2,0,0.2,30,0.7266666666666667,0.498034293094644,0.4708053969717868,-0.040677544320534074,1.0,0.1861757033565154,0.10472185379219556,1.0,0.1992195000002539,0.027870099999745435,1.2022900000001755,
iris,P2OLSAL,,main,clean,0.2,0,0.3,45,0.6666666666666666,0.444616680719432,0.41065064934358353,-0.06059986843169371,1.0,0.18589673703787468,0.05231627683710761,1.0,0.11079090000021097,0.006082200000491866,1.3405480000001262,
iris,P2OLSAL,,main,clean,0.2,1,0.05,7,0.8333333333333334,0.6588407919873353,0.6199243317810601,-0.04011285202758287,1.0,0.1848550578141223,0.12007874365454121,1.0,0.2709230000000389,0.01824679999936052,0.5080330999999205,
iris,P2OLSAL,,main,clean,0.2,1,0.1,15,0.84,0.6659323679491874,0.6303393343888227,-0.04539091299238579,1.0,0.18498922646496163,0.18875682645769357,0.875,0.2538006000004316,0.02423869999984163,0.8033864999997604,
iris,P2OLSAL,,main,clean,0.2,1,0.15,22,0.8333333333333334,0.6588407919873351,0.6199243317810601,-0.06476850073602293,1.0,0.18613116160016605,0.12770929326595434,1.0,0.2308222999999998,0.008195499999601452,1.059473799999978,
iris,P2OLSAL,,main,clean,0.2,1,0.2,30,0.84,0.6446208857949766,0.625600128426463,-0.052508127787598585,1.0,0.18866884965139988,0.10703231087643604,1.0,0.1175543999997899,0.007333199999266071,1.1981371000001673,
iris,P2OLSAL,,main,clean,0.2,1,0.3,45,0.8266666666666667,0.5871401306888254,0.5906699127181876,-0.06192318245873747,1.0,0.19067387486592144,0.0515582491422129,1.0,0.1224965000001248,0.0069524999998975545,1.343982700000197,
iris,P2OLSAL,,main,clean,0.2,2,0.05,7,0.84,0.6429325775177864,0.620787781591043,-0.05150900160819957,1.0,0.18333995245191353,0.11652318369841397,1.0,0.36899259999972855,0.010768400000415568,0.5261953000008361,
iris,P2OLSAL,,main,clean,0.2,2,0.1,15,0.84,0.6429325775177864,0.620787781591043,-0.03462763621580747,1.0,0.18356796657891744,0.1851352466318285,1.0,0.18319659999997384,0.013236200000392273,0.7403176000007079,
iris,P2OLSAL,,main,clean,0.2,2,0.15,22,0.8466666666666667,0.630094259351553,0.6280326127030641,-0.039290459209722205,1.0,0.18605775747958156,0.11915466751865975,1.0,0.1342373999996198,0.007647000000361004,0.8968084000007366,
iris,P2OLSAL,,main,clean,0.2,2,0.2,30,0.8533333333333334,0.6384967962400661,0.6396619169645432,-0.05136166595817615,1.0,0.18777765108424896,0.08995251280352654,1.0,0.1172298999999839,0.008581300000514602,1.0384444000001167,
iris,P2OLSAL,,main,clean,0.2,2,0.3,45,0.8466666666666667,0.5854386333217003,0.6110052227668556,-0.048000607873467604,1.0,0.1894964627638134,0.07854094828915333,1.0,0.10189549999995506,0.005620599999929254,1.15723109999999,
iris,P2OLSAL,,main,clean,0.2,4,0.05,7,0.78,0.5792799798288267,0.5324687811900322,-0.05053264576260639,1.0,0.1842513897424685,0.11468044253277568,1.0,0.2784363000000667,0.01839930000005552,0.3978666000002704,
iris,P2OLSAL,,main,clean,0.2,4,0.1,15,0.7733333333333333,0.4585937989121594,0.46763817989969814,-0.045323134188668124,1.0,0.1849792836001987,0.11667079526097554,1.0,0.18521299999974872,0.004496100000324077,0.6126596000003701,
iris,P2OLSAL,,main,clean,0.2,4,0.15,22,0.7,0.3678688743489861,0.3467768479099557,-0.03694173941208461,1.0,0.17740240353663608,0.20491374747682872,1.0,0.1376748000002408,0.009959200000594137,0.7779652999997779,
iris,P2OLSAL,,main,clean,0.2,4,0.2,30,0.7133333333333334,0.3495955240901143,0.34884386283913604,-0.048916029986768084,1.0,0.1721423899000743,0.13505437078717136,0.75,0.12916089999998803,0.007915199999843026,0.9349246000001585,
iris,P2OLSAL,,main,clean,0.2,4,0.3,45,0.8533333333333334,0.6180999637944665,0.6326450961913738,-0.04746407681706197,1.0,0.16812527947435058,0.10608506272149382,1.0,0.11933980000048905,0.0170802000002368,1.086127800000213,
iris,P2OLSAL,,main,clean,0.2,6,0.05,7,0.8333333333333334,0.6063817289679565,0.5904919498254924,-0.06408169485972831,1.0,0.18111931157862202,0.12536037534706768,0.75,0.21587710000039806,0.007668500000363565,0.3326924000002691,
iris,P2OLSAL,,main,clean,0.2,6,0.1,15,0.82,0.5991762096251001,0.5689616805376296,-0.05082115067698695,1.0,0.18154279931757547,0.18355103533378972,1.0,0.19092989999990095,0.008919300000343355,0.5487876000006509,
iris,P2OLSAL,,main,clean,0.2,6,0.15,22,0.7133333333333334,0.4260647411442556,0.39282021988277743,-0.04152283456885648,1.0,0.18158740370007312,0.14799259224969988,1.0,0.12047589999929187,0.008629800000562682,0.697630300000128,
iris,P2OLSAL,,main,clean,0.2,6,0.2,30,0.7266666666666667,0.495782716527965,0.464154166734675,-0.03379844953302062,1.0,0.17394130243411618,0.12438134531806812,1.0,0.1336023000003479,0.015704299999924842,0.8661720000000059,
iris,P2OLSAL,,main,clean,0.2,6,0.3,45,0.8466666666666667,0.5818399700527592,0.6145609087443858,-0.05063111608696765,1.0,0.17837386469254227,0.0956881977941966,1.0,0.11149569999997766,0.009903600000143342,1.0027054000001954,
iris,P2OLSAL,,main,clean,0.2,3,0.05,7,0.8133333333333334,0.5551638395050933,0.5468133337682247,-0.03408507018703285,1.0,0.18024163782381242,0.12233147738920083,1.0,0.3166793999998845,0.017737099999976635,0.4291573000000426,
iris,P2OLSAL,,main,clean,0.2,3,0.1,15,0.8066666666666666,0.5232205383940427,0.5270728580885541,-0.03689990104871174,1.0,0.18095692406583633,0.1790907316909966,0.875,0.1756294999995589,0.00962450000042736,0.6326109999999971,
iris,P2OLSAL,,main,clean,0.2,3,0.15,22,0.7666666666666667,0.45832382470226574,0.46471768230048993,-0.04778184172897078,1.0,0.18147398915857893,0.07170997546279426,1.0,0.12540960000023915,0.013718899999730638,0.7907352000001993,
iris,P2OLSAL,,main,clean,0.2,3,0.2,30,0.7333333333333333,0.43054674999913994,0.42545472491093567,-0.04608486241691083,1.0,0.18106263037214784,0.12337772881682105,1.0,0.13066389999949024,0.01071700000011333,0.9561828000005335,
iris,P2OLSAL,,main,clean,0.2,3,0.3,45,0.8333333333333334,0.5520305950602181,0.5806640529680662,-0.037324344742788965,1.0,0.17488766103403425,0.14809359486772464,0.8,0.11366129999987606,0.01562999999987369,1.1058616999998776,
iris,P2OLSAL,,main,clean,0.2,5,0.05,7,0.8133333333333334,0.5719829352427953,0.5667025750676002,-0.06894054478209552,1.0,0.18360193392174323,0.12004271040924927,1.0,0.22941089999949327,0.048724700000093435,0.39302389999920706,
iris,P2OLSAL,,main,clean,0.2,5,0.1,15,0.8133333333333334,0.5385638634172152,0.5486539745615036,-0.05259910869606747,1.0,0.18400348213675088,0.11720946122551608,1.0,0.18076289999953588,0.011735099999896192,0.6055667999999059,
iris,P2OLSAL,,main,clean,0.2,5,0.15,22,0.7666666666666667,0.46028745982690056,0.4703269281446465,-0.05346587844112417,1.0,0.18316299260045757,0.13169746503190127,1.0,0.12153550000039104,0.009735399999954097,0.7580442999997103,
iris,P2OLSAL,,main,clean,0.2,5,0.2,30,0.8333333333333334,0.6374460691634961,0.6150593632278577,-0.05244624276513796,1.0,0.1818215325103081,0.12417888436558529,1.0,0.12788060000002588,0.012316600000303879,0.9491400999995676,
iris,P2OLSAL,,main,clean,0.2,5,0.3,45,0.82,0.6111243398482018,0.5903859468709235,-0.05393723103002243,1.0,0.18818136475272387,0.06304642881657578,0.9333333333333333,0.12321570000040083,0.04281399999945279,1.1361629999992147,
iris,P2OLSAL,,main,clean,0.2,7,0.05,7,0.84,0.6429325775177864,0.620787781591043,-0.03461389550181257,1.0,0.18392535186753065,0.12477570666740312,1.0,0.19725449999987177,0.010430999999698543,0.30023849999997765,
iris,P2OLSAL,,main,clean,0.2,7,0.1,15,0.84,0.6430956841676825,0.6211405739193607,-0.05358081479455397,1.0,0.18503802102823708,0.18438905891705926,1.0,0.15307149999989633,0.007607999999891035,0.4781020999998873,
iris,P2OLSAL,,main,clean,0.2,7,0.15,22,0.8466666666666667,0.6382379939633787,0.6253506800098455,-0.041124993159610615,1.0,0.18664239584047052,0.1143956457333646,1.0,0.12565209999957005,0.00857339999947726,0.6290595999998914,
iris,P2OLSAL,,main,clean,0.2,7,0.2,30,0.8466666666666667,0.6191787242788156,0.6221087172624997,-0.04555446137218235,1.0,0.18771971544707575,0.11991499389997327,1.0,0.16977779999979248,0.007630399999470683,0.8207962000005864,
iris,P2OLSAL,,main,clean,0.2,7,0.3,45,0.8333333333333334,0.5801888934775462,0.5900943351324595,-0.06248188995272561,1.0,0.18968420499333,0.05813022248589299,1.0,0.10309819999929459,0.006631299999753537,0.9452178999999887,
iris,P2OLSAL,,main,clean,0.2,8,0.05,7,0.8133333333333334,0.6187973822254379,0.5860418816982772,-0.058961161183372385,1.0,0.1832165565001582,0.11653996649856399,1.0,0.14273229999980686,0.04727379999985715,0.2879447999994227,
iris,P2OLSAL,,main,clean,0.2,8,0.1,15,0.7866666666666666,0.5981679122073268,0.553245542889205,-0.042896205481739474,1.0,0.18390516808420393,0.1718244585859835,1.0,0.15202550000049087,0.009987500000534055,0.4667050999996718,
iris,P2OLSAL,,main,clean,0.2,8,0.15,22,0.76,0.5580722496740028,0.519836795393147,-0.03523498530000891,1.0,0.18600645457463286,0.14151242009852222,1.0,0.12785960000019259,0.00749199999972916,0.6191726999995808,
iris,P2OLSAL,,main,clean,0.2,8,0.2,30,0.7266666666666667,0.5155514228335389,0.48032735028462586,-0.06086828230898148,1.0,0.18682860969174053,0.0640778000079805,1.0,0.12377899999955844,0.007399299999633513,0.7645793000001504,
iris,P2OLSAL,,main,clean,0.2,8,0.3,45,0.8266666666666667,0.5547056095419433,0.5659324630354049,-0.051875980874098504,1.0,0.18079320116338113,0.09649456448247618,1.0,0.11347910000040429,0.005161500000212982,0.8984474999997474,
iris,P2OLSAL,,main,clean,0.2,9,0.05,7,0.8,0.5565142090320815,0.5440462305594727,-0.028204628412062404,1.0,0.1812073038486074,0.11954712067836046,1.0,0.141401599999881,0.009422199999789882,0.23056499999984226,
iris,P2OLSAL,,main,clean,0.2,9,0.1,15,0.74,0.480177801696399,0.45608100305541177,-0.05736149455604554,1.0,0.1805310102162716,0.17311980212474826,0.875,0.1332897000002049,0.010374599999522616,0.39112589999967895,
iris,P2OLSAL,,main,clean,0.2,9,0.15,22,0.7933333333333333,0.4927240541600633,0.5106801813312134,-0.04936630277124251,1.0,0.17950621623322224,0.1380778850418932,1.0,0.14267319999999017,0.007232899999507936,0.5698243999995611,
iris,P2OLSAL,,main,clean,0.2,9,0.2,30,0.76,0.4489661092205503,0.4573771524541362,-0.043772709277126315,1.0,0.1841067686686291,0.12555784424883626,1.0,0.16958720000002359,0.016215099999499216,0.778025699999489,
iris,P2OLSAL,,main,clean,0.2,9,0.3,45,0.84,0.5995292648663799,0.6079672091936027,-0.042457858309101426,1.0,0.18065072720841038,0.10278663131781718,0.9333333333333333,0.14013809999960358,0.010530800000196905,0.9684209999995801,
iris,P2OLSAL,,main,clean,0.2,10,0.05,7,0.84,0.665590288299027,0.6302367346938775,-0.06670352189527844,1.0,0.18393417686465113,0.12398329167034061,1.0,0.13485250000030646,0.013833099999828846,0.2377400999994279,
iris,P2OLSAL,,main,clean,0.2,10,0.1,15,0.84,0.6446144083980975,0.6256520751462621,-0.03921562946905969,1.0,0.1848514232655945,0.18671379979837183,1.0,0.13648170000033133,0.008170299999619601,0.4004746000000523,
iris,P2OLSAL,,main,clean,0.2,10,0.15,22,0.8333333333333334,0.6374460691634961,0.6150593632278577,-0.037769417173228806,1.0,0.18686999971282905,0.12756954869075804,1.0,0.10130230000049778,0.004333500000029744,0.5209577999994508,
iris,P2OLSAL,,main,clean,0.2,10,0.2,30,0.8266666666666667,0.6077824091287088,0.5953687074829932,-0.0572952581194342,1.0,0.18885816618730364,0.05326593062619968,1.0,0.12444630000027246,0.002569499999481195,0.6630016999997679,
iris,P2OLSAL,,main,clean,0.2,10,0.3,45,0.8266666666666667,0.5741626166431746,0.5863323689082409,-0.054827464153479645,1.0,0.18939311873740558,0.07517372142311247,1.0,0.12135059999945952,0.005582899999353685,0.8057969999999841,
iris,P2OLSAL,,main,clean,0.2,11,0.05,7,0.8,0.5505667053882721,0.5434658253268819,-0.05892138434658449,1.0,0.1842493935206675,0.1251509798205692,1.0,0.11503880000054778,0.004520600000432751,0.20517199999994773,
iris,P2OLSAL,,main,clean,0.2,11,0.1,15,0.7733333333333333,0.48617266477011556,0.47903514352675053,-0.03211801851614278,1.0,0.18316687793411676,0.18880158198237915,0.875,0.12517599999955564,0.007007200000771263,0.35772109999925306,
iris,P2OLSAL,,main,clean,0.2,11,0.15,22,0.74,0.4642922327449416,0.4361652936236069,-0.0414053968150852,1.0,0.18088433530004044,0.12831900979291272,1.0,0.09110650000002352,0.012066299999787589,0.48469789999944624,
iris,P2OLSAL,,main,clean,0.2,11,0.2,30,0.6933333333333334,0.4402053988289463,0.3940015213339781,-0.05427629287113721,1.0,0.17927025666741023,0.12817458069941923,1.0,0.1213434999999663,0.010487699999430333,0.6408054999992601,
iris,P2OLSAL,,main,clean,0.2,11,0.3,45,0.8333333333333334,0.547889500884024,0.5830316535859417,-0.04443561611058761,1.0,0.17719917404206928,0.16782704135489424,0.8666666666666667,0.10467770000013843,0.012968999999429798,0.774257399999442,
iris,P2OLSAL,,main,clean,0.2,12,0.05,7,0.84,0.5956845963302192,0.6001529955745418,-0.04899054969258072,1.0,0.18184466713656527,0.12478217862701674,1.0,0.10390490000008867,0.010511100000258011,0.19955859999936365,
iris,P2OLSAL,,main,clean,0.2,12,0.1,15,0.8066666666666666,0.5199419768493292,0.5340248131976345,-0.029322373628715457,1.0,0.1824976989199434,0.16476778400504105,1.0,0.14831620000040857,0.013192000000344706,0.37307919999966543,
iris,P2OLSAL,,main,clean,0.2,12,0.15,22,0.76,0.45425555647272226,0.4607410133725923,-0.056121753741266094,1.0,0.1818555937223475,0.14519700607892289,0.8571428571428571,0.10604389999934938,0.012047800000800635,0.5106865999996444,
iris,P2OLSAL,,main,clean,0.2,12,0.2,30,0.86,0.6355332091362181,0.6441789837098704,-0.04299903047412768,1.0,0.18260754875023988,0.1274834934548987,1.0,0.12040849999993952,0.007111400000212598,0.6635940999995,
iris,P2OLSAL,,main,clean,0.2,12,0.3,45,0.84,0.5699571902622594,0.5913894181742836,-0.051899662232206274,1.0,0.18675389753957206,0.09074458542460982,1.0,0.1078442999996696,0.01458939999974973,0.8023562999997012,
iris,P2OLSAL,,main,clean,0.2,13,0.05,7,0.8266666666666667,0.6294009337586921,0.5995816019019579,-0.07387717981013986,1.0,0.18313353233458013,0.116523459010038,1.0,0.14065209999989747,0.01504890000069281,0.24330139999983658,
iris,P2OLSAL,,main,clean,0.2,13,0.1,15,0.8266666666666667,0.6078516514093462,0.595013454183034,-0.0441306340184998,1.0,0.1842143066800611,0.17858647328226976,1.0,0.14398479999999836,0.00735160000022006,0.4059959999995044,
iris,P2OLSAL,,main,clean,0.2,13,0.15,22,0.8333333333333334,0.5941792064008549,0.6010359594047517,-0.051418297779201934,1.0,0.18638542620761053,0.11688113134172315,1.0,0.10690290000002278,0.004402299999128445,0.5296926000000894,
iris,P2OLSAL,,main,clean,0.2,13,0.2,30,0.84,0.601699848001024,0.6122752678694094,-0.05067665226359921,1.0,0.1880347407974577,0.10368392146288861,1.0,0.07923349999964557,0.008317300000271644,0.6368259999999282,
iris,P2OLSAL,,main,clean,0.2,13,0.3,45,0.82,0.5575028393600724,0.5718582946786391,-0.05797281289783787,1.0,0.18991428815834946,0.05074548035524349,1.0,0.11728429999948276,0.009391300000061165,0.7802347999995618,
iris,P2OLSAL,,main,clean,0.2,14,0.05,7,0.8133333333333334,0.5575544372775485,0.5479824636482078,-0.0644836971065349,1.0,0.18007770895769754,0.12056069987869183,1.0,0.15060220000032132,0.011894799999936367,0.2515229000000545,
iris,P2OLSAL,,main,clean,0.2,14,0.1,15,0.76,0.4933708641410975,0.4666971337978897,-0.043283698223615885,1.0,0.18033557133425546,0.17211871990510536,1.0,0.11713950000012119,0.010027399999671616,0.3968784999997297,
iris,P2OLSAL,,main,clean,0.2,14,0.15,22,0.7133333333333334,0.46630758183672616,0.41892825067358547,-0.036016033015250595,1.0,0.18065783562794877,0.1427977029814603,0.8571428571428571,0.11755489999995916,0.007664599999770871,0.5464044999998805,
iris,P2OLSAL,,main,clean,0.2,14,0.2,30,0.82,0.5672810089395912,0.5754535856809186,-0.03874856889889006,1.0,0.1783780412219775,0.1520148254588587,0.875,0.10116969999944558,0.012087099999916973,0.6823020000001634,
iris,P2OLSAL,,main,clean,0.2,14,0.3,45,0.82,0.5529334556060715,0.5667703826344399,-0.046155939573310566,1.0,0.18699075260187453,0.12400104171437673,1.0,0.10465800000019954,0.012751600000228791,0.814442599999893,
iris,P2OLSAL,,main,clean,0.2,15,0.05,7,0.7933333333333333,0.547595061767411,0.5326143265634115,-0.06564676682517968,1.0,0.18199235847738066,0.11997669122911417,1.0,0.11749409999993077,0.006651400000009744,0.20571860000018205,
iris,P2OLSAL,,main,clean,0.2,15,0.1,15,0.7533333333333333,0.44200690029742873,0.4408515839869614,-0.04587698795047271,1.0,0.18190586254501417,0.17416542489494477,1.0,0.0930874000005133,0.0046419000000241795,0.3117679000006319,
iris,P2OLSAL,,main,clean,0.2,15,0.15,22,0.7133333333333334,0.3914955817081413,0.3806562532303959,-0.05475808680954002,1.0,0.18015986800047235,0.1350388464147544,1.0,0.10583000000042375,0.003848499999548949,0.4366005000001678,
iris,P2OLSAL,,main,clean,0.2,15,0.2,30,0.76,0.4569689535487077,0.4613202995419729,-0.05530058788201231,1.0,0.17665528969870553,0.12169230164431419,1.0,0.08686609999949724,0.0078150999997888,0.5552420000003622,
iris,P2OLSAL,,main,clean,0.2,15,0.3,45,0.8266666666666667,0.5595749682175714,0.5749233726639376,-0.047890642708340765,1.0,0.179724189313612,0.08961931293082646,1.0,0.08915000000069995,0.01587440000002971,0.6784492000006139,
iris,P2OLSAL,,main,clean,0.2,16,0.05,7,0.8133333333333334,0.537404267953571,0.5523738092229428,-0.05068319993856904,1.0,0.18314092639421037,0.12254843879467944,1.0,0.14283350000005157,0.011292199999843433,0.23289379999914672,
iris,P2OLSAL,,main,clean,0.2,16,0.1,15,0.8066666666666666,0.48203176087933686,0.5216670674432222,-0.051064904172089434,1.0,0.18265748805600818,0.18023374183590052,1.0,0.08885190000000875,0.005499099999724422,0.3375386999996408,
iris,P2OLSAL,,main,clean,0.2,16,0.15,22,0.7933333333333333,0.4808464196989318,0.5056836901692937,-0.04810856418759872,1.0,0.18022106575047034,0.14445302971049903,1.0,0.11083660000076634,0.005035900000621041,0.4747481999993397,
iris,P2OLSAL,,main,clean,0.2,16,0.2,30,0.7333333333333333,0.40925350858608966,0.4190150048273618,-0.037717500088760694,1.0,0.1800603609491434,0.131140429984946,0.875,0.09908489999997983,0.010009599999648344,0.5951328999999532,
iris,P2OLSAL,,main,clean,0.2,16,0.3,45,0.8466666666666667,0.5772988576789815,0.6081673244441542,-0.04953547350106893,1.0,0.17266784500474994,0.13844529287159277,1.0,0.10794350000014674,0.007058299999698647,0.7272823999992397,
iris,P2OLSAL,,main,clean,0.2,17,0.05,7,0.8133333333333334,0.5588858727551318,0.5617879446712869,-0.07554915435341125,1.0,0.18226217676998474,0.12238177407168546,1.0,0.13397820000045613,0.013579399999798625,0.22174279999944702,
iris,P2OLSAL,,main,clean,0.2,17,0.1,15,0.8066666666666666,0.5060941797942153,0.5273349989335268,-0.0469684461037312,1.0,0.18275638827226126,0.18569172107770893,1.0,0.11045550000017101,0.004050399999869114,0.3526847999992242,
iris,P2OLSAL,,main,clean,0.2,17,0.15,22,0.78,0.4621048214488735,0.4782828200576519,-0.05297398301030115,1.0,0.1835708765937643,0.13825522550811245,1.0,0.14226809999945544,0.007507199999963632,0.5176988999992318,
iris,P2OLSAL,,main,clean,0.2,17,0.2,30,0.7466666666666667,0.4178419758642569,0.42735118939065425,-0.046227796683226005,1.0,0.18423964371165744,0.11998334918282663,1.0,0.12067300000035175,0.008822900000268419,0.656139699999585,
iris,P2OLSAL,,main,clean,0.2,17,0.3,45,0.84,0.5688188277499108,0.6012752856604507,-0.044035922495993654,1.0,0.1824902429170544,0.10437142519023235,0.8666666666666667,0.06388309999965713,0.004378200000246579,0.7440988999996989,
iris,P2OLSAL,,main,clean,0.2,18,0.05,7,0.8066666666666666,0.6346631359390215,0.5826262395398415,-0.04841381022554797,1.0,0.18340523853340612,0.1202412193329391,1.0,0.13087450000057288,0.010937200000626035,0.220390800000132,
iris,P2OLSAL,,main,clean,0.2,18,0.1,15,0.7666666666666667,0.5811704553371189,0.5250574449936127,-0.05640202280141597,1.0,0.18195086749580572,0.12900770966947578,0.875,0.1449376000000484,0.007113499999832129,0.3877050999999483,
iris,P2OLSAL,,main,clean,0.2,18,0.15,22,0.7466666666666667,0.5704255319191087,0.507624641011304,-0.03236152979336992,1.0,0.17940823988873292,0.19078335161270438,1.0,0.10232739999992191,0.006661100000201259,0.5112302999996245,
iris,P2OLSAL,,main,clean,0.2,18,0.2,30,0.84,0.6311593854394056,0.614340168458372,-0.03862253960205169,1.0,0.18007344863720273,0.10472813332421338,1.0,0.07590389999950276,0.00579699999980221,0.6108436000004076,
iris,P2OLSAL,,main,clean,0.2,18,0.3,45,0.8333333333333334,0.5841980921281837,0.5902648359371071,-0.052208292016251726,1.0,0.18839306944074388,0.09271079995379268,1.0,0.1186360000001514,0.014926099999684084,0.7547771999998076,
iris,P2OLSAL,,main,clean,0.2,19,0.05,7,0.82,0.5679106664218421,0.5675805361966009,-0.050495700544868176,1.0,0.18096114869697408,0.12415773024487925,1.0,0.13985289999982342,0.012575499999911699,0.23760270000002492,
iris,P2OLSAL,,main,clean,0.2,19,0.1,15,0.7733333333333333,0.48998453381298857,0.4812310232636456,-0.059852528115418996,1.0,0.18126704381378347,0.17598846047623,1.0,0.13089020000006713,0.011390700000447396,0.39005399999950896,
iris,P2OLSAL,,main,clean,0.2,19,0.15,22,0.7333333333333333,0.4626187332336367,0.43846390561867804,-0.045332519481034894,1.0,0.18030699383679666,0.13591056689014505,0.8571428571428571,0.11687489999985701,0.0070637999997416046,0.5304544000000533,
iris,P2OLSAL,,main,clean,0.2,19,0.2,30,0.7333333333333333,0.542562349943275,0.49284236926534536,-0.05125701620460276,1.0,0.1795371977089432,0.11290539055848094,1.0,0.0909494999996241,0.005565000000387954,0.6484786000000895,
iris,P2OLSAL,,main,clean,0.2,19,0.3,45,0.8266666666666667,0.5717364216038413,0.5733378325452937,-0.044840981973605594,1.0,0.17879650961842045,0.13111586756315685,1.0,0.10966280000047846,0.01267580000057933,0.7907386999995651,
iris,P2OLSAL,,main,clean,0.2,20,0.05,7,0.84,0.6429325775177863,0.620787781591043,-0.04483523928664538,1.0,0.18383057223770624,0.11291377507868117,1.0,0.14631199999985256,0.008859599999595957,0.24564509999981965,
iris,P2OLSAL,,main,clean,0.2,20,0.1,15,0.8333333333333334,0.635761148314311,0.6101943946746552,-0.04373986204676396,1.0,0.1843783344744362,0.17672503883241358,1.0,0.1455340000002252,0.008622299999842653,0.4151424000001498,
iris,P2OLSAL,,main,clean,0.2,20,0.15,22,0.8266666666666667,0.6298958293215693,0.6006307140613335,-0.049153139458919186,1.0,0.18687622355928415,0.07217895330775992,1.0,0.12247019999995246,0.008003300000382296,0.5656071000003067,
iris,P2OLSAL,,main,clean,0.2,20,0.2,30,0.8266666666666667,0.6082745167680984,0.5958863118263774,-0.023558267646325046,1.0,0.18760272117481838,0.11987458197248833,1.0,0.1367229999996198,0.010695999999370542,0.7310387999996237,
iris,P2OLSAL,,main,clean,0.2,20,0.3,45,0.8133333333333334,0.5476885589588956,0.5534364282206269,-0.056395406005144706,1.0,0.18925603597741622,0.049696309958669686,1.0,0.13358470000002853,0.011128199999802746,0.8975889000003008,
iris,P2OLSAL,,main,clean,0.2,21,0.05,7,0.8133333333333334,0.5450471698845305,0.5528117635379822,-0.060878418858775415,1.0,0.1810414231784243,0.11970360843426922,1.0,0.11435629999959929,0.010195200000453042,0.22264260000065406,
iris,P2OLSAL,,main,clean,0.2,21,0.1,15,0.7733333333333333,0.46496902256685374,0.46723588777747493,-0.0376849112626849,1.0,0.18204776824740213,0.1835232788118702,0.875,0.15191369999956805,0.011172999999871536,0.4087663000000248,
iris,P2OLSAL,,main,clean,0.2,21,0.15,22,0.7533333333333333,0.43088666951782295,0.42317431460710636,-0.04219621498195684,1.0,0.18139802237318947,0.1319048183571861,1.0,0.1353839000003063,0.011983499999587366,0.5746331000000282,
iris,P2OLSAL,,main,clean,0.2,21,0.2,30,0.7333333333333333,0.38405302878351477,0.3794922666406471,-0.04292722638393966,1.0,0.18039470398166998,0.11495445855026679,1.0,0.1354086000001189,0.01097959999970044,0.7381172000004881,
iris,P2OLSAL,,main,clean,0.2,21,0.3,45,0.86,0.61198880711607,0.6370474713219259,-0.03955495136394555,1.0,0.1781097859292743,0.08468768289326561,1.0,0.1661242999998649,0.007990899999640533,0.946128999999928,
iris,P2OLSAL,,main,clean,0.2,22,0.05,7,0.82,0.5740110167620296,0.5720854743412361,-0.04594490292094523,1.0,0.18310254008612203,0.12405553587755175,1.0,0.16190910000022996,0.009602200000699668,0.2765024000000267,
iris,P2OLSAL,,main,clean,0.2,22,0.1,15,0.78,0.5718338100879954,0.5402655994967817,-0.04435002348098946,1.0,0.18296696440895938,0.18257899817364043,1.0,0.1979363000000376,0.01027200000044104,0.5035476000002745,
iris,P2OLSAL,,main,clean,0.2,22,0.15,22,0.7466666666666667,0.5373750870745825,0.5026135645556534,-0.058522580897947665,1.0,0.1861371934473173,0.13549056164379855,1.0,0.18006940000032046,0.005089899999802583,0.7070346000000427,
iris,P2OLSAL,,main,clean,0.2,22,0.2,30,0.7266666666666667,0.5284708508382716,0.48873230109724075,-0.04473701032339836,1.0,0.18657671794720482,0.12317360516290508,1.0,0.17604899999969348,0.006709199999932025,0.9063295000005382,
iris,P2OLSAL,,main,clean,0.2,22,0.3,45,0.84,0.5993775323877264,0.6120171347184622,-0.04151798548716342,1.0,0.18471841405089517,0.05952759192482039,1.0,0.16070080000008602,0.008187999999790918,1.092498599999999,
iris,P2OLSAL,,main,clean,0.2,23,0.05,7,0.7933333333333333,0.5412717986385978,0.5334485795361884,-0.04233752026475457,1.0,0.17985493339144615,0.16621621302702988,0.75,0.12294750000000931,0.01589590000003227,0.2223389999999199,
iris,P2OLSAL,,main,clean,0.2,23,0.1,15,0.7466666666666667,0.46745254919052553,0.4544615940581819,-0.05076549653403512,1.0,0.18336577632673612,0.1689621452402668,1.0,0.18542939999952068,0.011672100000396313,0.4373289000004661,
iris,P2OLSAL,,main,clean,0.2,23,0.15,22,0.7866666666666666,0.4754581220509554,0.4972550729670111,-0.04295120525519826,1.0,0.18140344270960038,0.13926204175065302,1.0,0.175953799999661,0.0071663000007902156,0.6634473000003709,
iris,P2OLSAL,,main,clean,0.2,23,0.2,30,0.7333333333333333,0.45190711743484663,0.4404670057155453,-0.04516260303628628,1.0,0.18230171864185368,0.12746547908024175,1.0,0.1493995000000723,0.030917699999918113,0.8622119999999995,
iris,P2OLSAL,,main,clean,0.2,23,0.3,45,0.8333333333333334,0.577317266169719,0.5849851408276538,-0.04845645922869911,1.0,0.1826483665957224,0.1411970447024298,0.8666666666666667,0.12309189999996306,0.016706800000065414,1.019386800000575,
iris,P2OLSAL,,main,clean,0.2,24,0.05,7,0.8066666666666666,0.5653789839857242,0.557674707659001,-0.0428085833624582,1.0,0.18372370826554232,0.11666145564672334,1.0,0.20882580000034068,0.00563120000060735,0.31067629999961355,
iris,P2OLSAL,,main,clean,0.2,24,0.1,15,0.7733333333333333,0.5878491213199345,0.5385001489485862,-0.04154779461959247,1.0,0.18447837669348832,0.1253406168800065,1.0,0.15111359999991691,0.00785349999932805,0.48253979999935837,
iris,P2OLSAL,,main,clean,0.2,24,0.15,22,0.7466666666666667,0.5735589041551993,0.5153256314372205,-0.03857262986387628,1.0,0.18398860811752457,0.17473971195687962,1.0,0.14671150000049238,0.0051690999998754705,0.6546302999995532,
iris,P2OLSAL,,main,clean,0.2,24,0.2,30,0.72,0.5387279497690426,0.4900179219505169,-0.043493474758952905,1.0,0.18500075829210647,0.11088414458175415,1.0,0.14703590000044642,0.007374499999968975,0.8263789000002362,
iris,P2OLSAL,,main,clean,0.2,24,0.3,45,0.82,0.5670622430736293,0.5760251576433207,-0.04997333169244249,1.0,0.18437152778752777,0.0421872652224825,1.0,0.11988120000023628,0.004936399999678542,0.9684173999994528,
iris,P2OLSAL,,main,clean,0.2,25,0.05,7,0.7933333333333333,0.5306060820036775,0.5289022882763066,-0.050503493471450535,1.0,0.18276456101117342,0.12511779551964647,1.0,0.22263699999984965,0.009442800000215357,0.33394479999969917,
iris,P2OLSAL,,main,clean,0.2,25,0.1,15,0.7666666666666667,0.43362210875366497,0.4541857273247882,-0.0373249223977626,1.0,0.18410741928638447,0.17457316038115345,1.0,0.17416179999963788,0.011938499999814667,0.5397068000002037,
iris,P2OLSAL,,main,clean,0.2,25,0.15,22,0.7133333333333334,0.366669626030048,0.3701892793833353,-0.04911757539585863,1.0,0.18060949950398292,0.1435152117028641,1.0,0.13986279999971885,0.006602999999813619,0.7059990999996444,
iris,P2OLSAL,,main,clean,0.2,25,0.2,30,0.68,0.31414649677887907,0.31381219075434524,-0.0446627660365244,1.0,0.1744605819467224,0.12305635531211195,1.0,0.13237630000003264,0.007085600000209524,0.8752260000001115,
iris,P2OLSAL,,main,clean,0.2,25,0.3,45,0.8466666666666667,0.5990586223828541,0.6147296964953687,-0.03513729758298335,1.0,0.16630497035609587,0.10491157716636652,1.0,0.115052399999513,0.02209690000017872,1.0313434999998208,
iris,P2OLSAL,,main,clean,0.2,26,0.05,7,0.8066666666666666,0.5613053118459702,0.5526256001284264,-0.017964626821540767,1.0,0.18153695860414587,0.12200042404765288,1.0,0.2001946999998836,0.006527999999889289,0.3180475999997725,
iris,P2OLSAL,,main,clean,0.2,26,0.1,15,0.78,0.5014036477023595,0.4936782241192754,-0.03946164888311915,1.0,0.18197394570293204,0.19218559567412302,0.875,0.17435999999997875,0.009227800000189745,0.5248009999995702,
iris,P2OLSAL,,main,clean,0.2,26,0.15,22,0.7533333333333333,0.48086642483143205,0.45343988740642477,-0.04142486998152796,1.0,0.18076720742527988,0.13152301380415313,1.0,0.15185639999981504,0.012694099999862374,0.7142129999992903,
iris,P2OLSAL,,main,clean,0.2,26,0.2,30,0.7266666666666667,0.522575245603127,0.4794623563792824,-0.029981235064042336,1.0,0.17941758866983495,0.13310219299940262,1.0,0.11545999999998457,0.013570299999628332,0.8681907999998657,
iris,P2OLSAL,,main,clean,0.2,26,0.3,45,0.8333333333333334,0.5607553564783656,0.589575231278387,-0.050897489134691644,1.0,0.18224493264934058,0.06949347669814433,1.0,0.11938199999985954,0.022269500000220432,1.0235963999994055,
iris,P2OLSAL,,main,clean,0.2,27,0.05,7,0.7866666666666666,0.6232245885270024,0.5608291884745836,-0.0641371419335723,1.0,0.1835965481263896,0.11800691009702957,1.0,0.1776969000002282,0.014116000000285567,0.28658720000021276,
iris,P2OLSAL,,main,clean,0.2,27,0.1,15,0.7666666666666667,0.5855465070855944,0.5333094589883518,-0.046870721127926486,1.0,0.18610368758263623,0.12634441272365043,0.875,0.15957800000069255,0.009789500000806584,0.4724919000000227,
iris,P2OLSAL,,main,clean,0.2,27,0.15,22,0.7466666666666667,0.5594369726670007,0.5095627748586055,-0.0362005197498513,1.0,0.18545031333016682,0.1901305990966222,1.0,0.14412480000009964,0.004700399999819638,0.6338267999999516,
iris,P2OLSAL,,main,clean,0.2,27,0.2,30,0.72,0.5240078798888509,0.4834946011517001,-0.054105709559036104,1.0,0.18765751238114387,0.10346303719207864,1.0,0.14108970000052068,0.008163899999999558,0.7975247000003947,
iris,P2OLSAL,,main,clean,0.2,27,0.3,45,0.8266666666666667,0.5511326075094716,0.5696844345281719,-0.046100517665850695,1.0,0.18589817613835885,0.05106234477544146,1.0,0.09832109999933891,0.0063202999999703025,0.9186964999998963,
iris,P2OLSAL,,main,clean,0.2,28,0.05,7,0.84,0.6446208857949766,0.625600128426463,-0.052130314508214794,1.0,0.18261056281107305,0.12584108173434883,0.75,0.18160840000018652,0.006091799999921932,0.27388599999994767,
iris,P2OLSAL,,main,clean,0.2,28,0.1,15,0.84,0.6446208857949766,0.625600128426463,-0.04229337366839455,1.0,0.1839882838678002,0.18733318208320326,1.0,0.141683899999407,0.005201099999794678,0.4409533999996711,
iris,P2OLSAL,,main,clean,0.2,28,0.15,22,0.84,0.623567034871154,0.620787781591043,-0.04662426027562615,1.0,0.1865312004377345,0.12410044052855088,1.0,0.14142890000039188,0.008046700000704732,0.6045388000002276,
iris,P2OLSAL,,main,clean,0.2,28,0.2,30,0.8333333333333334,0.6163056545546097,0.6100728505285608,-0.06740111106693819,1.0,0.18846752040457015,0.05687087106063002,1.0,0.10450479999963136,0.004868700000770332,0.7274129999996148,
iris,P2OLSAL,,main,clean,0.2,28,0.3,45,0.8133333333333334,0.5604576384734437,0.5661848598707838,-0.055809674629323895,1.0,0.18937709489567317,0.06248519042807117,1.0,0.10079700000005687,0.006481099999291473,0.8503576000002795,
iris,P2OLSAL,,main,clean,0.2,29,0.05,7,0.8,0.5658765551608512,0.5420606989885315,-0.0530581853489216,1.0,0.1823362831719152,0.12392381683274997,1.0,0.16801680000025954,0.01645989999997255,0.28364570000030653,
iris,P2OLSAL,,main,clean,0.2,29,0.1,15,0.7466666666666667,0.4625989200564121,0.4414884445838272,-0.04647151212503924,1.0,0.1835542482037998,0.18587316472578258,1.0,0.1609386000000086,0.012292999999772292,0.4753522000000885,
iris,P2OLSAL,,main,clean,0.2,29,0.15,22,0.7133333333333334,0.40047899428942446,0.3819541404281475,-0.045490931173583875,1.0,0.1829148498837298,0.1315438095978814,1.0,0.14960619999965274,0.007628499999555061,0.6465622000005169,
iris,P2OLSAL,,main,clean,0.2,29,0.2,30,0.68,0.33082505104350607,0.316406977044334,-0.048282590855041475,1.0,0.17677234765045738,0.12222199877225175,1.0,0.10715150000032736,0.007621599999765749,0.7843077000006815,
iris,P2OLSAL,,main,clean,0.2,29,0.3,45,0.8533333333333334,0.6000943802322689,0.6198007627814865,-0.042642328307082686,1.0,0.1723551003695428,0.09013935786363753,1.0,0.11058249999950931,0.01267699999971228,0.9236092999999528,
iris,P2OLSAL,,main,clean,0.3,0,0.05,7,0.8133333333333334,0.618797382225438,0.5860418816982772,-0.060388455716969186,1.0,0.18396982470018866,0.11620111432705557,1.0,0.10144760000002861,0.010092100000292703,0.19460660000004282,
iris,P2OLSAL,,main,clean,0.3,0,0.1,15,0.8,0.5940097823602497,0.5632969554602154,-0.03966675333687303,1.0,0.18393591952321733,0.17879741217340667,1.0,0.15498339999976452,0.007295400000657537,0.36928489999991143,
iris,P2OLSAL,,main,clean,0.3,0,0.15,22,0.7733333333333333,0.5481008017346398,0.51978706239431,-0.04964885973872731,1.0,0.18564327737002587,0.12873499500331295,1.0,0.13874250000026223,0.005144799999470706,0.5297332000000097,
iris,P2OLSAL,,main,clean,0.3,0,0.2,30,0.74,0.4867918575314408,0.46756253460164077,-0.03881205954380959,1.0,0.18703923793967714,0.11054393051855542,1.0,0.13776140000027226,0.0063289999998232815,0.6928079999997863,
iris,P2OLSAL,,main,clean,0.3,0,0.3,45,0.6866666666666666,0.42003779626295273,0.4021528080666441,-0.05945244366577948,1.0,0.18641865398795104,0.06201817197953941,1.0,0.13977560000057565,0.005217399999310146,0.8597963000001982,
iris,P2OLSAL,,main,clean,0.3,1,0.05,7,0.8333333333333334,0.6588407919873353,0.6199243317810601,-0.04011285202758287,1.0,0.1848550578141223,0.12007874365454121,1.0,0.16018400000029942,0.01166670000020531,0.270689100000709,
iris,P2OLSAL,,main,clean,0.3,1,0.1,15,0.8466666666666667,0.6544304284042958,0.6340646853502874,-0.04539091299238579,1.0,0.18498922646496163,0.18875682645769357,0.875,0.1315234000003329,0.008076500000242959,0.4299298000005365,
iris,P2OLSAL,,main,clean,0.3,1,0.15,22,0.8333333333333334,0.6198088391977228,0.608105467159585,-0.04740300506251988,1.0,0.1852482316090054,0.12659162102596744,1.0,0.12389669999993203,0.0077702999997200095,0.57520680000016,
iris,P2OLSAL,,main,clean,0.3,1,0.2,30,0.8266666666666667,0.5915537786422469,0.5931363971171728,-0.055613854874494904,1.0,0.18654048007317467,0.1078188356643485,1.0,0.12744429999929707,0.005221500000516244,0.7199511000007988,
iris,P2OLSAL,,main,clean,0.3,1,0.3,45,0.8133333333333334,0.555014085682192,0.5646337845581153,-0.06699791645440929,1.0,0.18870610700013324,0.051360918669357596,1.0,0.11066430000028049,0.005249799999546667,0.8552654000004623,
iris,P2OLSAL,,main,clean,0.3,2,0.05,7,0.84,0.6429325775177864,0.620787781591043,-0.05150900160819957,1.0,0.18333995245191353,0.11652318369841397,1.0,0.13770649999969464,0.009606999999959953,0.23936899999989691,
iris,P2OLSAL,,main,clean,0.3,2,0.1,15,0.84,0.6206367872662552,0.6122752678694094,-0.03462763621580747,1.0,0.18356796657891744,0.1851352466318285,1.0,0.1746648999996978,0.009817699999985052,0.44142530000044644,
iris,P2OLSAL,,main,clean,0.3,2,0.15,22,0.8266666666666667,0.5644471430596627,0.5819891156462585,-0.04501659783274538,1.0,0.1854553583489786,0.12883726533255827,1.0,0.14410060000045632,0.0068242999996073195,0.6111278999997012,
iris,P2OLSAL,,main,clean,0.3,2,0.2,30,0.8333333333333334,0.5603833238035099,0.5856337228338028,-0.06276938829989831,1.0,0.18708346807623374,0.1028931775038345,1.0,0.08902149999994435,0.009206100000483275,0.7323358000003282,
iris,P2OLSAL,,main,clean,0.3,2,0.3,45,0.8133333333333334,0.5235895056629,0.5450854587625295,-0.04001078122533067,1.0,0.18717492275162056,0.11678201520233931,1.0,0.11283439999988332,0.011585299999751442,0.8705086999998457,
iris,P2OLSAL,,main,clean,0.3,3,0.05,7,0.8133333333333334,0.5551638395050933,0.5468133337682247,-0.03408507018703285,1.0,0.18024163782381242,0.12233147738920083,1.0,0.1412148999997953,0.007661100000404986,0.23270589999992808,
iris,P2OLSAL,,main,clean,0.3,3,0.1,15,0.8,0.4950650894031568,0.5114767385093227,-0.03689990104871174,1.0,0.18095692406583633,0.1790907316909966,0.875,0.13796559999991587,0.013178299999708543,0.4021751000000222,
iris,P2OLSAL,,main,clean,0.3,3,0.15,22,0.7533333333333333,0.4103289118131386,0.4339820891662087,-0.049278622659337454,1.0,0.1809601577690935,0.07360440153349003,1.0,0.11336240000036923,0.014797599999837985,0.546536500000002,
iris,P2OLSAL,,main,clean,0.3,3,0.2,30,0.74,0.3897274487656573,0.4112577397972183,-0.04214866172990924,1.0,0.17917710268465384,0.12504110655462136,0.875,0.1306627000003573,0.012765599999511323,0.7137665999998717,
iris,P2OLSAL,,main,clean,0.3,3,0.3,45,0.8133333333333334,0.5242321889563932,0.549273398947775,-0.0374038044721352,1.0,0.1742650179431731,0.11204004282402409,1.0,0.12424909999936062,0.019457800000054704,0.8794025999995938,
iris,P2OLSAL,,main,clean,0.3,4,0.05,7,0.78,0.5792799798288267,0.5324687811900322,-0.05053264576260639,1.0,0.1842513897424685,0.11468044253277568,1.0,0.1292447000005268,0.010575799999969604,0.23245630000019446,
iris,P2OLSAL,,main,clean,0.3,4,0.1,15,0.78,0.45215988506716515,0.4776534907967371,-0.045323134188668124,1.0,0.1849792836001987,0.11667079526097554,1.0,0.14313679999941087,0.005336000000170316,0.4049754000006942,
iris,P2OLSAL,,main,clean,0.3,4,0.15,22,0.72,0.37038308579296547,0.3717063094014942,-0.04034444046090492,1.0,0.17917498466086176,0.21145502099866897,0.8571428571428571,0.14043330000004062,0.01128679999965243,0.578739399999904,
iris,P2OLSAL,,main,clean,0.3,4,0.2,30,0.72,0.3494501769321985,0.3578710052862683,-0.03296150943797075,1.0,0.17534615493676317,0.11379997358507889,1.0,0.10851939999975002,0.010823800000252959,0.7166631000000052,
iris,P2OLSAL,,main,clean,0.3,4,0.3,45,0.8466666666666667,0.5630457194832252,0.594885897347497,-0.055439615954348355,1.0,0.1688630334987258,0.10053598485019895,1.0,0.13942729999962467,0.008965799999714363,0.8883128000006764,
iris,P2OLSAL,,main,clean,0.3,5,0.05,7,0.8133333333333334,0.5719829352427953,0.5667025750676002,-0.06894054478209552,1.0,0.18360193392174323,0.12004271040924927,1.0,0.14202430000023014,0.005769899999904737,0.24033680000047752,
iris,P2OLSAL,,main,clean,0.3,5,0.1,15,0.8,0.5107129037136297,0.5252600689187709,-0.05259910869606747,1.0,0.18400348213675088,0.11720946122551608,1.0,0.12633909999931348,0.010368100000050617,0.39496370000051684,
iris,P2OLSAL,,main,clean,0.3,5,0.15,22,0.7666666666666667,0.4314176008099664,0.45910843645633337,-0.04362373249452937,1.0,0.18269828950167968,0.12957562140369788,0.8571428571428571,0.09400079999977606,0.003999700000349549,0.5104684000007182,
iris,P2OLSAL,,main,clean,0.3,5,0.2,30,0.74,0.3994741555977091,0.42085143214348686,-0.044596219784378825,1.0,0.18177697313695243,0.12310213242275223,1.0,0.12804849999974977,0.007797999999638705,0.6626775000004272,
iris,P2OLSAL,,main,clean,0.3,5,0.3,45,0.82,0.5534232396394185,0.5602107243037263,-0.04367571668749145,1.0,0.18010255149133328,0.09919524476525282,1.0,0.1359162999997352,0.008057500000177242,0.8272192000003997,
iris,P2OLSAL,,main,clean,0.3,7,0.05,7,0.84,0.6429325775177864,0.620787781591043,-0.03461389550181257,1.0,0.18392535186753065,0.12477570666740312,1.0,0.16766540000025998,0.006497999999737658,0.2611970999996629,
iris,P2OLSAL,,main,clean,0.3,7,0.1,15,0.84,0.6221658019161,0.6127051547008094,-0.05358081479455397,1.0,0.18503802102823708,0.18438905891705926,1.0,0.14562759999989794,0.008043900000302528,0.43341070000042237,
iris,P2OLSAL,,main,clean,0.3,7,0.15,22,0.84,0.6019489762126421,0.6006511174711998,-0.04531368640276355,1.0,0.18592431702236015,0.14081542794859433,1.0,0.13378709999960847,0.011356500000147207,0.5860469999997804,
iris,P2OLSAL,,main,clean,0.3,7,0.2,30,0.8266666666666667,0.5458725975616903,0.5706599966323931,-0.04701246313472757,1.0,0.18573558568272272,0.12041298320414306,1.0,0.08065830000032292,0.003068600000005972,0.6860356999995929,
iris,P2OLSAL,,main,clean,0.3,7,0.3,45,0.8133333333333334,0.5206532831632217,0.5414412835323227,-0.05098561756766229,1.0,0.1879680187568115,0.050871390730339944,1.0,0.12854409999999916,0.003125299999737763,0.8349201000000903,
iris,P2OLSAL,,main,clean,0.3,6,0.05,7,0.8333333333333334,0.6063817289679565,0.5904919498254924,-0.06408169485972831,1.0,0.18111931157862202,0.12536037534706768,0.75,0.12314040000001114,0.011818599999969592,0.23672569999962434,
iris,P2OLSAL,,main,clean,0.3,6,0.1,15,0.7866666666666666,0.4960013807797574,0.4913293540776498,-0.05082115067698695,1.0,0.18154279931757547,0.18355103533378972,1.0,0.14259059999949386,0.0072026999996523955,0.4183119999997871,
iris,P2OLSAL,,main,clean,0.3,6,0.15,22,0.7133333333333334,0.39750142253509535,0.3811987682174266,-0.03179837016721276,1.0,0.17835982946039805,0.14907336353571063,0.8571428571428571,0.14822199999980512,0.007738400000562251,0.602593199999319,
iris,P2OLSAL,,main,clean,0.3,6,0.2,30,0.7266666666666667,0.4954885738619427,0.4617170413029932,-0.03583767183329586,1.0,0.16998716400004946,0.18123370881999357,0.875,0.09539219999987836,0.010682899999665096,0.7242006999995283,
iris,P2OLSAL,,main,clean,0.3,6,0.3,45,0.82,0.5275242297920363,0.5555777300799233,-0.046649204637680616,1.0,0.1809256122314936,0.09949530068529934,1.0,0.13541210000039428,0.006685899999865796,0.8851752999999007,
iris,P2OLSAL,,main,clean,0.3,8,0.05,7,0.8133333333333334,0.6187973822254379,0.5860418816982772,-0.058961161183372385,1.0,0.1832165565001582,0.11653996649856399,1.0,0.13100389999999607,0.0244620000003124,0.2508303000004162,
iris,P2OLSAL,,main,clean,0.3,8,0.1,15,0.7866666666666666,0.5732049371906767,0.541528487651929,-0.042896205481739474,1.0,0.18390516808420393,0.1718244585859835,1.0,0.14643160000014177,0.00713980000000447,0.41930190000039147,
iris,P2OLSAL,,main,clean,0.3,8,0.15,22,0.7666666666666667,0.5361894329341206,0.5133002475318182,-0.0489901813783857,1.0,0.18468145817386328,0.13925377309076525,1.0,0.1486149000002115,0.007575900000119873,0.5935180000005857,
iris,P2OLSAL,,main,clean,0.3,8,0.2,30,0.7266666666666667,0.48146656510362107,0.45901995886703556,-0.05314486869908078,1.0,0.18573748736705373,0.10056402649791873,1.0,0.151549299999715,0.006772400000045309,0.7766842000000906,
iris,P2OLSAL,,main,clean,0.3,8,0.3,45,0.8066666666666666,0.5157029263040716,0.5329217017544574,-0.04693089756875153,1.0,0.18134532766735817,0.06135456572503014,1.0,0.14688639999985753,0.01877409999997326,0.9660187999998016,
iris,P2OLSAL,,main,clean,0.3,9,0.05,7,0.8,0.5565142090320815,0.5440462305594727,-0.028204628412062404,1.0,0.1812073038486074,0.11954712067836046,1.0,0.18515430000024935,0.006372799999553536,0.2880390999998781,
iris,P2OLSAL,,main,clean,0.3,9,0.1,15,0.7466666666666667,0.4996645001048938,0.4748201048733007,-0.05736149455604554,1.0,0.1805310102162716,0.17311980212474826,0.875,0.11878639999940788,0.015403200000037032,0.4412328999997044,
iris,P2OLSAL,,main,clean,0.3,9,0.15,22,0.7,0.39005927443326754,0.38894962952726625,-0.047832286283042556,1.0,0.18175396705512237,0.13245875644954233,1.0,0.12242070000047534,0.007656899999346933,0.5939930000004097,
iris,P2OLSAL,,main,clean,0.3,9,0.2,30,0.7533333333333333,0.4039745016636537,0.4297266942234976,-0.04426769990831736,1.0,0.17950741314839552,0.10985642293364842,1.0,0.16457030000037776,0.00800119999985327,0.7932021999995413,
iris,P2OLSAL,,main,clean,0.3,9,0.3,45,0.8066666666666666,0.5071307983683252,0.5344465709859036,-0.042965742314894445,1.0,0.18289342914231269,0.09300887098486485,1.0,0.12459760000001552,0.014194800000041141,0.9460417999998754,
iris,P2OLSAL,,main,clean,0.3,10,0.05,7,0.84,0.665590288299027,0.6302367346938775,-0.06670352189527844,1.0,0.18393417686465113,0.12398329167034061,1.0,0.11186129999987315,0.005652400000144553,0.20537489999969694,
iris,P2OLSAL,,main,clean,0.3,10,0.1,15,0.8333333333333334,0.6163056545546097,0.6100728505285608,-0.03921562946905969,1.0,0.1848514232655945,0.18671379979837183,1.0,0.1078084000000672,0.00546810000014375,0.33365929999945365,
iris,P2OLSAL,,main,clean,0.3,10,0.15,22,0.82,0.5670622430736293,0.5760251576433207,-0.05765751254877681,1.0,0.18697882088401324,0.12643406758910236,1.0,0.12613859999964916,0.00517539999964356,0.48365190000004077,
iris,P2OLSAL,,main,clean,0.3,10,0.2,30,0.8133333333333334,0.5471488891354314,0.5609166704063469,-0.046151155033503394,1.0,0.18835347533536015,0.09456424703596074,1.0,0.11177349999979924,0.01094069999999192,0.6245486999996501,
iris,P2OLSAL,,main,clean,0.3,10,0.3,45,0.8,0.4840965133661711,0.5192379539473774,-0.067236475135295,1.0,0.19013897998002816,0.047597701820588076,1.0,0.13728839999930642,0.013236499999948137,0.7942827999995643,
iris,P2OLSAL,,main,clean,0.3,11,0.05,7,0.8,0.5505667053882721,0.5434658253268819,-0.05892138434658449,1.0,0.1842493935206675,0.1251509798205692,1.0,0.1068396999999095,0.00803399999949761,0.20773689999987255,
iris,P2OLSAL,,main,clean,0.3,11,0.1,15,0.7866666666666666,0.5039906029654581,0.5025613409541216,-0.03211801851614278,1.0,0.18316687793411676,0.18880158198237915,0.875,0.13845260000016424,0.010203699999692617,0.3748548000003211,
iris,P2OLSAL,,main,clean,0.3,11,0.15,22,0.74,0.4241919354850928,0.42562412848136366,-0.03932462400075998,1.0,0.18215718275242584,0.1212798312697083,1.0,0.121163499999966,0.01054420000036771,0.5287334000004194,
iris,P2OLSAL,,main,clean,0.3,11,0.2,30,0.7,0.39307108269780183,0.37927370560899426,-0.059232397013251545,1.0,0.1788928875993605,0.13595192920508903,0.875,0.14993709999998828,0.012811899999178422,0.7059260000005452,
iris,P2OLSAL,,main,clean,0.3,11,0.3,45,0.8133333333333334,0.5005497852498448,0.5288494629315476,-0.05236407355444048,1.0,0.17625157842632588,0.12067748460298586,1.0,0.16397710000001098,0.008977999999842723,0.9045025000004898,
iris,P2OLSAL,,main,clean,0.3,12,0.05,7,0.84,0.5956845963302192,0.6001529955745418,-0.04899054969258072,1.0,0.18184466713656527,0.12478217862701674,1.0,0.10599910000019008,0.007466799999747309,0.20806350000020757,
iris,P2OLSAL,,main,clean,0.3,12,0.1,15,0.8,0.5000846813955032,0.5185434865301337,-0.029322373628715457,1.0,0.1824976989199434,0.16476778400504105,1.0,0.18763920000037615,0.007095599999956903,0.41852740000013,
iris,P2OLSAL,,main,clean,0.3,12,0.15,22,0.7666666666666667,0.4581450668342265,0.46572165952604544,-0.04503225616054396,1.0,0.18120560200505803,0.1456782589500066,0.8571428571428571,0.09852460000001884,0.008251000000200293,0.5462485999996716,
iris,P2OLSAL,,main,clean,0.3,12,0.2,30,0.7266666666666667,0.40948819296716854,0.41034717022432393,-0.05560734080374698,1.0,0.18067310396527114,0.13095622187292832,1.0,0.16089539999939007,0.017767400000593625,0.7495539000001372,
iris,P2OLSAL,,main,clean,0.3,12,0.3,45,0.8333333333333334,0.5655678406895124,0.5874700649090299,-0.038588608662036845,1.0,0.1760901730790556,0.1433937661772005,0.8,0.12873039999976754,0.019286400000055437,0.9139655999997558,
iris,P2OLSAL,,main,clean,0.3,13,0.05,7,0.8266666666666667,0.6294009337586921,0.5995816019019579,-0.07387717981013986,1.0,0.18313353233458013,0.116523459010038,1.0,0.21063360000061948,0.01587699999981851,0.33498880000024656,
iris,P2OLSAL,,main,clean,0.3,13,0.1,15,0.8266666666666667,0.6076979149636977,0.5951940749689477,-0.0441306340184998,1.0,0.1842143066800611,0.17858647328226976,1.0,0.15489239999988058,0.012858799999776238,0.5229656000001341,
iris,P2OLSAL,,main,clean,0.3,13,0.15,22,0.82,0.5796346816130845,0.5801937552632402,-0.056785935710280865,1.0,0.18568745155569363,0.14249839696742767,0.8571428571428571,0.13331800000014482,0.010636899999553862,0.6836323000006814,
iris,P2OLSAL,,main,clean,0.3,13,0.2,30,0.8066666666666666,0.5535490866349805,0.5561640034602641,-0.0429526556833891,1.0,0.18738068638677458,0.09538980792222045,1.0,0.12681530000008934,0.01055610000003071,0.8341446000003998,
iris,P2OLSAL,,main,clean,0.3,13,0.3,45,0.8,0.5061780589806044,0.5276622666074743,-0.06047576857491078,1.0,0.1883922698482678,0.08093218935205626,1.0,0.147703100000399,0.008343999999851803,1.0061983000005057,
iris,P2OLSAL,,main,clean,0.3,14,0.05,7,0.8133333333333334,0.5575544372775485,0.5479824636482078,-0.0644836971065349,1.0,0.18007770895769754,0.12056069987869183,1.0,0.19133069999952568,0.015970499999639287,0.3083935000004203,
iris,P2OLSAL,,main,clean,0.3,14,0.1,15,0.7533333333333333,0.4696882678644303,0.4536360350482579,-0.043283698223615885,1.0,0.18033557133425546,0.17211871990510536,1.0,0.10618960000010702,0.00866169999972044,0.4443113000006633,
iris,P2OLSAL,,main,clean,0.3,14,0.15,22,0.7133333333333334,0.4119048050009713,0.3906003729289885,-0.0380344657677572,1.0,0.18072124465667316,0.14215785696159586,1.0,0.1732203000001391,0.008671800000229268,0.6459859000005963,
iris,P2OLSAL,,main,clean,0.3,14,0.2,30,0.8333333333333334,0.5538196960812932,0.5840143138365729,-0.044339442725533654,1.0,0.18045924481483872,0.12833905351741026,1.0,0.14653590000034455,0.007869000000027881,0.8325905000001512,
iris,P2OLSAL,,main,clean,0.3,14,0.3,45,0.8133333333333334,0.5000363839488448,0.5385857088358239,-0.051859937525846694,1.0,0.18592839261477767,0.08208498233923174,1.0,0.12825430000066262,0.014122499999757565,0.9910715000005439,
iris,P2OLSAL,,main,clean,0.3,15,0.05,7,0.7933333333333333,0.547595061767411,0.5326143265634115,-0.06564676682517968,1.0,0.18199235847738066,0.11997669122911417,1.0,0.17926689999967493,0.017255699999623175,0.313650800000687,
iris,P2OLSAL,,main,clean,0.3,15,0.1,15,0.7533333333333333,0.4533478659879025,0.4509428649546421,-0.04587698795047271,1.0,0.18190586254501417,0.17416542489494477,1.0,0.1513304000000062,0.01097710000067309,0.489798200000223,
iris,P2OLSAL,,main,clean,0.3,15,0.15,22,0.7066666666666667,0.37074065555608904,0.3715233741536546,-0.05292594170303812,1.0,0.18186797367875282,0.1264049842943793,1.0,0.14423449999958393,0.013378800000282354,0.6639289000004283,
iris,P2OLSAL,,main,clean,0.3,15,0.2,30,0.7533333333333333,0.43368667570752545,0.4467134805580814,-0.04750994869443322,1.0,0.17584485252942184,0.11895220885460106,1.0,0.15247879999969882,0.008892300000297837,0.8437112000001434,
iris,P2OLSAL,,main,clean,0.3,15,0.3,45,0.8133333333333334,0.537242823479416,0.5517503650130725,-0.055173232488753346,1.0,0.17991383624624258,0.11635044385875278,0.9333333333333333,0.12849479999931646,0.010297599999830709,1.0007598000001963,
iris,P2OLSAL,,main,clean,0.3,16,0.05,7,0.8133333333333334,0.537404267953571,0.5523738092229428,-0.05068319993856904,1.0,0.18314092639421037,0.12254843879467944,1.0,0.19341259999964677,0.010813900000357535,0.2795841000006476,
iris,P2OLSAL,,main,clean,0.3,16,0.1,15,0.8133333333333334,0.5018222694826592,0.5386284581125451,-0.051064904172089434,1.0,0.18265748805600818,0.18023374183590052,1.0,0.15996959999938554,0.010112799999660638,0.4665000000004511,
iris,P2OLSAL,,main,clean,0.3,16,0.15,22,0.7666666666666667,0.43776115050394304,0.4584448721488411,-0.045136983675813015,1.0,0.18061430199426767,0.1383209744305042,1.0,0.148579200000313,0.01243960000010702,0.653049500000634,
iris,P2OLSAL,,main,clean,0.3,16,0.2,30,0.8466666666666667,0.6155667855047178,0.616189749926257,-0.04298510640071953,1.0,0.18132224446019518,0.13108715790666053,1.0,0.15343839999968623,0.01299380000000383,0.8427060000003621,
iris,P2OLSAL,,main,clean,0.3,16,0.3,45,0.8333333333333334,0.5690233680993139,0.5819321194235083,-0.048051132584563505,1.0,0.18391233383642466,0.0959587330299642,1.0,0.11753020000014658,0.018508299999666633,0.9948745000001509,
iris,P2OLSAL,,main,clean,0.3,17,0.05,7,0.8133333333333334,0.5588858727551318,0.5617879446712869,-0.07554915435341125,1.0,0.18226217676998474,0.12238177407168546,1.0,0.16758690000006027,0.010295699999915087,0.26614449999942735,
iris,P2OLSAL,,main,clean,0.3,17,0.1,15,0.7866666666666666,0.4778596899496813,0.4932900882129917,-0.0469684461037312,1.0,0.18275638827226126,0.18569172107770893,1.0,0.1533354999992298,0.010684100000617036,0.4512474999992264,
iris,P2OLSAL,,main,clean,0.3,17,0.15,22,0.78,0.454090293181275,0.47491318632296453,-0.04529639333606419,1.0,0.18378526416066487,0.1403820042931579,1.0,0.16310750000047847,0.011089300000094227,0.6407486999996763,
iris,P2OLSAL,,main,clean,0.3,17,0.2,30,0.7733333333333333,0.4500138053255622,0.4685241686180782,-0.05014534494443235,1.0,0.18455484093295246,0.11298387229686319,1.0,0.14840210000056686,0.011787200000071607,0.8307574000000386,
iris,P2OLSAL,,main,clean,0.3,17,0.3,45,0.8266666666666667,0.5283149792488564,0.5643345493852182,-0.05038754175973501,1.0,0.18505782446398553,0.13075479523439007,0.9333333333333333,0.12374680000084481,0.010376999999607506,0.9855695999995078,
iris,P2OLSAL,,main,clean,0.3,18,0.05,7,0.8066666666666666,0.6346631359390215,0.5826262395398415,-0.04841381022554797,1.0,0.18340523853340612,0.1202412193329391,1.0,0.14644869999938237,0.009032400000251073,0.2472368999997343,
iris,P2OLSAL,,main,clean,0.3,18,0.1,15,0.7666666666666667,0.5811998528324134,0.5248498348421243,-0.05640202280141597,1.0,0.18195086749580572,0.12900770966947578,0.875,0.15694729999995616,0.008252200000242738,0.428797300000042,
iris,P2OLSAL,,main,clean,0.3,18,0.15,22,0.7533333333333333,0.5501440297195124,0.5059031234868145,-0.03963635120384023,1.0,0.17995389358733485,0.18888198769157416,1.0,0.15889580000020942,0.008812300000499818,0.6126561000000947,
iris,P2OLSAL,,main,clean,0.3,18,0.2,30,0.7333333333333333,0.5403859450411638,0.49019183702899527,-0.06133487383817927,1.0,0.18118372376844727,0.1088923197776745,1.0,0.1422548000000461,0.006475400000454101,0.7718501999997898,
iris,P2OLSAL,,main,clean,0.3,18,0.3,45,0.8,0.5240072323106292,0.5368787177635131,-0.050115206112957195,1.0,0.17982244373255107,0.04806469215638095,1.0,0.15946050000002288,0.004387999999380554,0.97008679999999,
iris,P2OLSAL,,main,clean,0.3,19,0.05,7,0.82,0.5679106664218421,0.5675805361966009,-0.050495700544868176,1.0,0.18096114869697408,0.12415773024487925,1.0,0.17550370000026305,0.015746400000352878,0.27576440000029834,
iris,P2OLSAL,,main,clean,0.3,19,0.1,15,0.7866666666666666,0.5166021357871246,0.5072483190586999,-0.059852528115418996,1.0,0.18126704381378347,0.17598846047623,1.0,0.1555625000000873,0.011795800000072632,0.4690195000002859,
iris,P2OLSAL,,main,clean,0.3,19,0.15,22,0.7466666666666667,0.48211684546275374,0.4549119815996335,-0.054988577332909065,1.0,0.18076193677982322,0.14543650856411336,1.0,0.1477401000001919,0.012243799999851035,0.646173799999815,
iris,P2OLSAL,,main,clean,0.3,19,0.2,30,0.7133333333333334,0.4383154571655552,0.40179971386541447,-0.051780712708043596,1.0,0.18198371297963983,0.1196933586441499,1.0,0.13407999999981257,0.013331000000107451,0.8112238000003344,
iris,P2OLSAL,,main,clean,0.3,19,0.3,45,0.82,0.5062989792710639,0.5492617617108634,-0.051251051637817326,1.0,0.1786369653394296,0.09590177845040762,1.0,0.13669800000025134,0.00899219999973866,0.9787930000002234,
iris,P2OLSAL,,main,clean,0.3,20,0.05,7,0.84,0.6429325775177863,0.620787781591043,-0.04483523928664538,1.0,0.18383057223770624,0.11291377507868117,1.0,0.12085500000011962,0.005600000000413274,0.2003179999992426,
iris,P2OLSAL,,main,clean,0.3,20,0.1,15,0.8266666666666667,0.6082745167680984,0.5958863118263774,-0.04373986204676396,1.0,0.1843783344744362,0.17672503883241358,1.0,0.11106269999982032,0.0055671000000074855,0.3334767999995165,
iris,P2OLSAL,,main,clean,0.3,20,0.15,22,0.82,0.5757368691875189,0.5684966258724374,-0.05561432178959735,1.0,0.18693743766373702,0.13934830396030376,1.0,0.10779559999991761,0.005571099999542639,0.459325899999385,
iris,P2OLSAL,,main,clean,0.3,20,0.2,30,0.8133333333333334,0.5559279024367116,0.5534983874105118,-0.019487957368705233,1.0,0.1870215812013507,0.10136267605002261,1.0,0.10657699999956094,0.0050096000004487,0.5841004999992947,
iris,P2OLSAL,,main,clean,0.3,20,0.3,45,0.8066666666666666,0.5187108642652921,0.5258682730858131,-0.05570854891957037,1.0,0.18767177107865016,0.08348449400074927,1.0,0.09357730000010633,0.0053662999998778105,0.6964689999995244,
iris,P2OLSAL,,main,clean,0.3,21,0.05,7,0.8133333333333334,0.5450471698845305,0.5528117635379822,-0.060878418858775415,1.0,0.1810414231784243,0.11970360843426922,1.0,0.1352346999992733,0.008738499999708438,0.2297787999996217,
iris,P2OLSAL,,main,clean,0.3,21,0.1,15,0.78,0.4771919400874396,0.4792419640957465,-0.0376849112626849,1.0,0.18204776824740213,0.1835232788118702,0.875,0.09622239999953308,0.00637300000016694,0.35084809999989375,
iris,P2OLSAL,,main,clean,0.3,21,0.15,22,0.7733333333333333,0.43476515085389145,0.45523020047880397,-0.046325318617417496,1.0,0.18210729919950713,0.1319405934431656,1.0,0.10246039999947243,0.0040169999992940575,0.4656065999997736,
iris,P2OLSAL,,main,clean,0.3,21,0.2,30,0.7333333333333333,0.365347221435877,0.38157339874359153,-0.052498477116512676,1.0,0.18200996499488029,0.1062388114288962,1.0,0.07609239999965212,0.0029855000002498855,0.5566233999998076,
iris,P2OLSAL,,main,clean,0.3,21,0.3,45,0.8133333333333334,0.5160650525673336,0.5379910676186954,-0.04765088350649898,1.0,0.18003973489916106,0.06553719510416081,0.9333333333333333,0.07674730000053387,0.009101399999963178,0.660538699999961,
iris,P2OLSAL,,main,clean,0.3,22,0.05,7,0.82,0.5740110167620296,0.5720854743412361,-0.04594490292094523,1.0,0.18310254008612203,0.12405553587755175,1.0,0.11569959999997081,0.009845499999755702,0.2099452000002202,
iris,P2OLSAL,,main,clean,0.3,22,0.1,15,0.7733333333333333,0.5402976376429918,0.5199868907211055,-0.04435002348098946,1.0,0.18296696440895938,0.18257899817364043,1.0,0.10596439999972063,0.008780600000136474,0.3440857000005053,
iris,P2OLSAL,,main,clean,0.3,22,0.15,22,0.7466666666666667,0.48286816843870484,0.4740077997670129,-0.05294652664069499,1.0,0.1847462925341041,0.11703028804387747,1.0,0.07442440000068018,0.0039211000002978835,0.4329648000002635,
iris,P2OLSAL,,main,clean,0.3,22,0.2,30,0.7133333333333334,0.4353142353492088,0.4266138163805982,-0.05278704442638154,1.0,0.18506474641634374,0.05825292520706758,1.0,0.09158790000037698,0.0030055999995965976,0.5435314000005746,
iris,P2OLSAL,,main,clean,0.3,22,0.3,45,0.8066666666666666,0.5078095959708349,0.5353862137709983,-0.05022166082392786,1.0,0.1828440662024469,0.06398230263268884,1.0,0.07875089999924967,0.004366500000287488,0.6540915000005043,
iris,P2OLSAL,,main,clean,0.3,23,0.05,7,0.7933333333333333,0.5412717986385978,0.5334485795361884,-0.04233752026475457,1.0,0.17985493339144615,0.16621621302702988,0.75,0.06926469999962137,0.01775660000021162,0.16336839999985386,
iris,P2OLSAL,,main,clean,0.3,23,0.1,15,0.7533333333333333,0.4483357487340077,0.45481801160907676,-0.05076549653403512,1.0,0.18336577632673612,0.1689621452402668,1.0,0.1007476000004317,0.007267199999660079,0.2788864000003741,
iris,P2OLSAL,,main,clean,0.3,23,0.15,22,0.72,0.39593391049017895,0.3958142046621588,-0.047671105492184826,1.0,0.18179115000198157,0.14039006576374552,1.0,0.08170619999964401,0.0028226000003996887,0.3870651999995971,
iris,P2OLSAL,,main,clean,0.3,23,0.2,30,0.7466666666666667,0.4231743347789864,0.4363122546975093,-0.03299230943227889,1.0,0.17454733983254675,0.11470503962640473,1.0,0.148294700000406,0.007995199999641045,0.5647572999996555,
iris,P2OLSAL,,main,clean,0.3,23,0.3,45,0.8066666666666666,0.49616668142413073,0.528432378439707,-0.046676487710175754,1.0,0.18246049341228157,0.10049846095372889,0.9333333333333333,0.11640790000001289,0.015227200000481389,0.7123848999999609,
iris,P2OLSAL,,main,clean,0.3,24,0.05,7,0.8066666666666666,0.5653789839857242,0.557674707659001,-0.0428085833624582,1.0,0.18372370826554232,0.11666145564672334,1.0,0.101138500000161,0.008670100000017555,0.19744489999993675,
iris,P2OLSAL,,main,clean,0.3,24,0.1,15,0.78,0.5921367690851915,0.5453281472986228,-0.04154779461959247,1.0,0.18447837669348832,0.1253406168800065,1.0,0.11737379999976838,0.006323000000520551,0.3374091000005137,
iris,P2OLSAL,,main,clean,0.3,24,0.15,22,0.7533333333333333,0.5504080769393049,0.5064083988730034,-0.04191366389337773,1.0,0.1843627546114674,0.17887998053466214,1.0,0.1290910999996413,0.005495399999745132,0.48954020000019227,
iris,P2OLSAL,,main,clean,0.3,24,0.2,30,0.7266666666666667,0.5135766691004766,0.47802941564598916,-0.03271914010406354,1.0,0.1834085738158378,0.1054869176344237,1.0,0.12288420000004407,0.009865799999715819,0.6391605000007985,
iris,P2OLSAL,,main,clean,0.3,24,0.3,45,0.8066666666666666,0.5231068610221054,0.5430609169679701,-0.049696683287182526,1.0,0.18208644945562574,0.06549134339942163,1.0,0.10409950000030221,0.005575600000156555,0.7662180000006629,
iris,P2OLSAL,,main,clean,0.3,25,0.05,7,0.7933333333333333,0.5306060820036775,0.5289022882763066,-0.050503493471450535,1.0,0.18276456101117342,0.12511779551964647,1.0,0.08840469999995548,0.007255700000314391,0.1771057000005385,
iris,P2OLSAL,,main,clean,0.3,25,0.1,15,0.7533333333333333,0.4267683806115328,0.4386803222544767,-0.0373249223977626,1.0,0.18410741928638447,0.17457316038115345,1.0,0.12519870000051014,0.007634600000528735,0.3271389999999883,
iris,P2OLSAL,,main,clean,0.3,25,0.15,22,0.7266666666666667,0.3868088751468524,0.3941087081032473,-0.04357909320253687,1.0,0.18062758106011173,0.13971985992326255,0.8571428571428571,0.14536390000012034,0.007877199999711593,0.4959636000003229,
iris,P2OLSAL,,main,clean,0.3,25,0.2,30,0.6866666666666666,0.32591705388120484,0.3287740545481254,-0.04569646086906921,1.0,0.17817557730481914,0.12473192261989066,1.0,0.14624319999984436,0.009262000000489934,0.679888700000447,
iris,P2OLSAL,,main,clean,0.3,25,0.3,45,0.84,0.5465175238889909,0.5860992930945165,-0.043990874336582,1.0,0.16998596670698107,0.07476650914851095,1.0,0.14133320000019012,0.00887709999915387,0.8490095000006477,
iris,P2OLSAL,,main,clean,0.3,26,0.05,7,0.8066666666666666,0.5613053118459702,0.5526256001284264,-0.017964626821540767,1.0,0.18153695860414587,0.12200042404765288,1.0,0.10052929999983462,0.009604900000340422,0.1912109999993845,
iris,P2OLSAL,,main,clean,0.3,26,0.1,15,0.78,0.4866071868475894,0.49046043573392584,-0.03946164888311915,1.0,0.18197394570293204,0.19218559567412302,0.875,0.10987560000012309,0.007454900000084308,0.3279591000000437,
iris,P2OLSAL,,main,clean,0.3,26,0.15,22,0.7333333333333333,0.4556081926918801,0.4351742435470669,-0.06193462782159863,1.0,0.18117296737140398,0.13293298999095937,1.0,0.15287869999974646,0.010470799999893643,0.5129729000000225,
iris,P2OLSAL,,main,clean,0.3,26,0.2,30,0.7,0.4062454615141058,0.387119381054962,-0.0333623362323358,1.0,0.1822038772470122,0.1253732965199531,1.0,0.13902150000012625,0.0068813000007139635,0.6860290999993595,
iris,P2OLSAL,,main,clean,0.3,26,0.3,45,0.8266666666666667,0.536597148684799,0.568882233010894,-0.04197962822541733,1.0,0.17892774157789632,0.1659039404931593,0.8,0.13569559999996272,0.014602400000512716,0.8581016999996791,
iris,P2OLSAL,,main,clean,0.3,27,0.05,7,0.7866666666666666,0.6232245885270024,0.5608291884745836,-0.0641371419335723,1.0,0.1835965481263896,0.11800691009702957,1.0,0.08917869999913819,0.008204299999306386,0.1961553000001004,
iris,P2OLSAL,,main,clean,0.3,27,0.1,15,0.7666666666666667,0.558894672463135,0.5187260123012448,-0.046870721127926486,1.0,0.18610368758263623,0.12634441272365043,0.875,0.1732428000004802,0.005133399999976973,0.3910729999997784,
iris,P2OLSAL,,main,clean,0.3,27,0.15,22,0.74,0.5058243527164695,0.4816194643406097,-0.03281307317470183,1.0,0.18530027940682725,0.19602503583873876,1.0,0.18705270000009477,0.007291799999620707,0.6014027999999598,
iris,P2OLSAL,,main,clean,0.3,27,0.2,30,0.72,0.48387572901930914,0.4602742246921298,-0.035624462939721394,1.0,0.18874718372177057,0.11859737927875103,1.0,0.15335770000001503,0.006878999999571533,0.7814020999994682,
iris,P2OLSAL,,main,clean,0.3,27,0.3,45,0.6733333333333333,0.42303143595373877,0.4067324553398203,-0.056326795390971095,1.0,0.188580607858808,0.04774403694762719,1.0,0.1424484000008306,0.006701799999973446,0.9459292000001369,
iris,P2OLSAL,,main,clean,0.3,28,0.05,7,0.84,0.6446208857949766,0.625600128426463,-0.052130314508214794,1.0,0.18261056281107305,0.12584108173434883,0.75,0.1751760999995895,0.01237189999937982,0.26871679999931075,
iris,P2OLSAL,,main,clean,0.3,28,0.1,15,0.8333333333333334,0.6163056545546097,0.6100728505285608,-0.04229337366839455,1.0,0.1839882838678002,0.18733318208320326,1.0,0.16066810000029363,0.006866900000204623,0.45446069999979954,
iris,P2OLSAL,,main,clean,0.3,28,0.15,22,0.8266666666666667,0.583499198436494,0.5900338765544879,-0.04502020233964945,1.0,0.18634119569586777,0.12390435441022629,1.0,0.18196569999963685,0.008273999999801163,0.6588467999999921,
iris,P2OLSAL,,main,clean,0.3,28,0.2,30,0.8133333333333334,0.5469669785355799,0.5605723772501254,-0.06069805611480049,1.0,0.187756391041811,0.054590061753453004,1.0,0.14367700000002515,0.007918299999801093,0.8257455999992089,
iris,P2OLSAL,,main,clean,0.3,28,0.3,45,0.8,0.4885343687645929,0.5195762321510824,-0.04130760823865732,1.0,0.18897720786141606,0.04742382473058462,1.0,0.11634239999966667,0.011198299999705341,0.9714944999996078,
iris,P2OLSAL,,main,clean,0.3,29,0.05,7,0.8,0.5658765551608512,0.5420606989885315,-0.0530581853489216,1.0,0.1823362831719152,0.12392381683274997,1.0,0.1725399999995716,0.01893240000026708,0.2831696000002921,
iris,P2OLSAL,,main,clean,0.3,29,0.1,15,0.7533333333333333,0.4668962319232876,0.4485416454449764,-0.04647151212503924,1.0,0.1835542482037998,0.18587316472578258,1.0,0.16751099999964936,0.010230099999716913,0.4800422999996954,
iris,P2OLSAL,,main,clean,0.3,29,0.15,22,0.72,0.3868815324359929,0.378814756213103,-0.04760084851590011,1.0,0.1834945625720051,0.13285270619927084,1.0,0.1538911999996344,0.009158699999716191,0.6610109000002922,
iris,P2OLSAL,,main,clean,0.3,29,0.2,30,0.6866666666666666,0.32933857400123023,0.31939044572908126,-0.051024971242946686,1.0,0.18251267524703374,0.11735493991150725,1.0,0.15598450000015873,0.010924299999715004,0.8526406999999381,
iris,P2OLSAL,,main,clean,0.3,29,0.3,45,0.8266666666666667,0.5007422086900214,0.5517053770110064,-0.05411558787164767,1.0,0.17948115579967852,0.0595284877898239,1.0,0.1080415999995239,0.007958499999404012,0.9904409999999189,
iris,BADGESampler,,main,clean,0.0,0,0.05,7,0.8133333333333334,0.6404527300947985,0.5914276853771199,0.0,0.0,0.0,0.2591514811044913,1.0,0.003909399999429297,0.010335899999518006,0.09424339999986842,
iris,BADGESampler,,main,clean,0.0,0,0.1,15,0.7933333333333333,0.6243719110131059,0.5664096776958334,0.0,0.0,0.0,0.22169259676568703,1.0,0.0022969999999986612,0.00433939999948052,0.11149459999978717,
iris,BADGESampler,,main,clean,0.0,0,0.15,22,0.7666666666666667,0.6071613032965413,0.5388415225610196,0.0,0.0,0.0,0.2315855774566829,1.0,0.0028187999996589497,0.0024183000004995847,0.1275391999997737,
iris,BADGESampler,,main,clean,0.0,0,0.2,30,0.8933333333333333,0.7337944072126301,0.7276184569180799,0.0,0.0,0.0,0.1538944839991747,1.0,0.0019173000000591855,0.003468599999905564,0.14271199999984674,
iris,BADGESampler,,main,clean,0.0,0,0.3,45,0.9266666666666666,0.7918863111239692,0.8016599157804853,0.0,0.0,0.0,0.18974755754600842,1.0,0.005390899999838439,0.005441899999823363,0.16584940000029746,
iris,BADGESampler,,main,clean,0.0,1,0.05,7,0.8466666666666667,0.6735735454651065,0.6412050161871702,0.0,0.0,0.0,0.24668332832057405,1.0,0.004482599999391823,0.009251899999981106,0.09510399999999208,
iris,BADGESampler,,main,clean,0.0,1,0.1,15,0.86,0.6890518004413542,0.6638956080488512,0.0,0.0,0.0,0.18945912143392452,1.0,0.0023068999998940853,0.0041258000001107575,0.11990479999985837,
iris,BADGESampler,,main,clean,0.0,1,0.15,22,0.8866666666666667,0.7234939951563694,0.7139803904763071,0.0,0.0,0.0,0.24972686430969374,1.0,0.0019598999997469946,0.003791500000261294,0.13631619999978284,
iris,BADGESampler,,main,clean,0.0,1,0.2,30,0.9,0.7436509495527129,0.7415485456111208,0.0,0.0,0.0,0.15458513619235614,1.0,0.0028543999997054925,0.003258599999753642,0.153454000000238,
iris,BADGESampler,,main,clean,0.0,1,0.3,45,0.9333333333333333,0.8037974551773084,0.8176016452576428,0.0,0.0,0.0,0.16735567348158592,1.0,0.0034854000004997943,0.0037207000004855217,0.17088220000005094,
iris,BADGESampler,,main,clean,0.0,2,0.05,7,0.8533333333333334,0.6806461729990796,0.6522271369579056,0.0,0.0,0.0,0.17364907852303924,1.0,0.0027554999996937113,0.015137700000195764,0.15021490000071935,
iris,BADGESampler,,main,clean,0.0,2,0.1,15,0.86,0.6890518004413543,0.6638956080488512,0.0,0.0,0.0,0.21924724543805027,0.875,0.0032214000002568355,0.021264399999381567,0.20704120000027615,
iris,BADGESampler,,main,clean,0.0,2,0.15,22,0.8733333333333333,0.7050658288104134,0.6880338915258941,0.0,0.0,0.0,0.20148332154206458,1.0,0.006502100000034261,0.023454400000446185,0.2653152000002592,
iris,BADGESampler,,main,clean,0.0,2,0.2,30,0.9,0.7436509495527129,0.7415485456111208,0.0,0.0,0.0,0.23855591916813024,0.875,0.00927640000008978,0.02081240000006801,0.3120777000003727,
iris,BADGESampler,,main,clean,0.0,2,0.3,45,0.9266666666666666,0.7899623019936001,0.8015498244339508,0.0,0.0,0.0,0.16358250892610016,1.0,0.0060701000002154615,0.014604099999814935,0.3532089000000269,
iris,BADGESampler,,main,clean,0.0,3,0.05,7,0.8066666666666666,0.541719279709468,0.5360297782250124,0.0,0.0,0.0,0.25404931401381214,1.0,0.0027135000000271248,0.006190400000377849,0.14175430000068445,
iris,BADGESampler,,main,clean,0.0,3,0.1,15,0.7866666666666666,0.5547749726117498,0.515190435671435,0.0,0.0,0.0,0.12951729757958658,1.0,0.004531499999757216,0.01667410000027303,0.185821300000498,
iris,BADGESampler,,main,clean,0.0,3,0.15,22,0.88,0.7225098528948911,0.7021065635057377,0.0,0.0,0.0,0.24775338306610578,1.0,0.0030082000002948917,0.019349199999851407,0.2274992000002385,
iris,BADGESampler,,main,clean,0.0,3,0.2,30,0.8933333333333333,0.7356125873882283,0.7278450047294432,0.0,0.0,0.0,0.24240118949523687,1.0,0.005479700000250887,0.031202199999825098,0.2940204000005906,
iris,BADGESampler,,main,clean,0.0,3,0.3,45,0.9266666666666666,0.791886311123969,0.8016599157804853,0.0,0.0,0.0,0.17516470417366048,1.0,0.00734439999996539,0.011798900000030699,0.32619900000008784,
iris,BADGESampler,,main,clean,0.0,4,0.05,7,0.7866666666666666,0.585904951054653,0.5412804821962872,0.0,0.0,0.0,0.12578240694742335,1.0,0.004479999999603024,0.008782500000052096,0.12431980000019394,
iris,BADGESampler,,main,clean,0.0,4,0.1,15,0.76,0.45919933648530453,0.4505653458286646,0.0,0.0,0.0,0.1992253142095271,1.0,0.006117500000073051,0.006772599999749218,0.15555239999957848,
iris,BADGESampler,,main,clean,0.0,4,0.15,22,0.88,0.7160100313235858,0.7011154962653707,0.0,0.0,0.0,0.23398976693868703,1.0,0.003365099999427912,0.009709799999654933,0.19212119999974675,
iris,BADGESampler,,main,clean,0.0,4,0.2,30,0.8933333333333333,0.73379440721263,0.7276184569180799,0.0,0.0,0.0,0.16842792513992721,1.0,0.0037164000004850095,0.017836699999861594,0.23475200000029872,
iris,BADGESampler,,main,clean,0.0,4,0.3,45,0.9133333333333333,0.767290343969384,0.7708655411110612,0.0,0.0,0.0,0.1734302000443982,0.9333333333333333,0.004123099999560509,0.006769900000108464,0.25729130000036093,
iris,BADGESampler,,main,clean,0.0,5,0.05,7,0.8466666666666667,0.6218291670963139,0.6239503869907044,0.0,0.0,0.0,0.22934506857378076,1.0,0.002699399999983143,0.00662579999971058,0.12059880000015255,
iris,BADGESampler,,main,clean,0.0,5,0.1,15,0.8466666666666667,0.5828631563656295,0.6098707961884264,0.0,0.0,0.0,0.21041123837581724,1.0,0.006031599999914761,0.01640300000053685,0.18255359999966458,
iris,BADGESampler,,main,clean,0.0,5,0.15,22,0.82,0.5394575498277688,0.5578934396147435,0.0,0.0,0.0,0.16323963762122723,1.0,0.006612700000005134,0.005398999999670195,0.2128020000000106,
iris,BADGESampler,,main,clean,0.0,5,0.2,30,0.8,0.5206928015038682,0.5276429314665836,0.0,0.0,0.0,0.27368338317565394,0.75,0.0029460000005201437,0.00640320000002248,0.23760309999943274,
iris,BADGESampler,,main,clean,0.0,5,0.3,45,0.96,0.886231175966832,0.8859501978730681,0.0,0.0,0.0,0.18558868308149265,1.0,0.004676999999901454,0.01810520000071847,0.2810764999994717,
iris,BADGESampler,,main,clean,0.0,6,0.05,7,0.84,0.6163587043800872,0.6034371316679974,0.0,0.0,0.0,0.2491916628456709,0.75,0.0034197999993921258,0.01085479999983363,0.12009680000028311,
iris,BADGESampler,,main,clean,0.0,6,0.1,15,0.7666666666666667,0.48835665732637734,0.4707392558204966,0.0,0.0,0.0,0.19322899699393434,1.0,0.0032074000000648084,0.015831900000193855,0.16016469999976835,
iris,BADGESampler,,main,clean,0.0,6,0.15,22,0.7666666666666667,0.6071613032965413,0.5388415225610196,0.0,0.0,0.0,0.2586625723086531,1.0,0.006651800000327057,0.012464600000384962,0.20980390000022453,
iris,BADGESampler,,main,clean,0.0,6,0.2,30,0.74,0.5945668584263355,0.5180275175094736,0.0,0.0,0.0,0.23846119962946205,1.0,0.006199700000252051,0.018964500000038242,0.24925379999967845,
iris,BADGESampler,,main,clean,0.0,6,0.3,45,0.92,0.7808311536749418,0.7861639322874197,0.0,0.0,0.0,0.20359630778015506,1.0,0.0040638999998918734,0.005718100000194681,0.2801763999996183,
iris,BADGESampler,,main,clean,0.0,7,0.05,7,0.8466666666666667,0.6735735454651065,0.6412050161871702,0.0,0.0,0.0,0.11636993741484558,1.0,0.00498290000086854,0.01197150000007241,0.11336000000028434,
iris,BADGESampler,,main,clean,0.0,7,0.1,15,0.86,0.6890518004413542,0.6638956080488512,0.0,0.0,0.0,0.2802333197738205,1.0,0.003131599999505852,0.005022199999984878,0.13913920000049984,
iris,BADGESampler,,main,clean,0.0,7,0.15,22,0.88,0.7160100313235859,0.7011154962653707,0.0,0.0,0.0,0.21220580780270065,1.0,0.008059900000262132,0.00422679999974207,0.1751126999997723,
iris,BADGESampler,,main,clean,0.0,7,0.2,30,0.9,0.7449573670061777,0.7416919230031858,0.0,0.0,0.0,0.18065158396392172,1.0,0.0050670000000536675,0.008440000000518921,0.20747529999971448,
iris,BADGESampler,,main,clean,0.0,7,0.3,45,0.9266666666666666,0.7899623019936001,0.8015498244339508,0.0,0.0,0.0,0.14260377544216657,1.0,0.009223400000337278,0.005942799999502313,0.23946979999982432,
iris,BADGESampler,,main,clean,0.0,8,0.05,7,0.82,0.6467113936056552,0.6006861021484542,0.0,0.0,0.0,0.14595802394272855,1.0,0.002764999999271822,0.03774070000054053,0.14170730000023468,
iris,BADGESampler,,main,clean,0.0,8,0.1,15,0.7866666666666666,0.6198221368971627,0.5590013112007007,0.0,0.0,0.0,0.22714245498097818,1.0,0.009274200000618293,0.010904900000241469,0.17654579999998532,
iris,BADGESampler,,main,clean,0.0,8,0.15,22,0.7533333333333333,0.6005361469775675,0.5277520568787655,0.0,0.0,0.0,0.21647818407028332,1.0,0.006552499999997963,0.008570099999815284,0.20788830000037706,
iris,BADGESampler,,main,clean,0.0,8,0.2,30,0.74,0.5952467151294274,0.5185616787205868,0.0,0.0,0.0,0.22241987327529228,1.0,0.008078100000602717,0.003671800000120129,0.23455460000059247,
iris,BADGESampler,,main,clean,0.0,8,0.3,45,0.9133333333333333,0.7657240393319231,0.7707383569303354,0.0,0.0,0.0,0.15669827712009946,1.0,0.010333399999581161,0.005314600000019709,0.26359279999996943,
iris,BADGESampler,,main,clean,0.0,9,0.05,7,0.7866666666666666,0.543738093417417,0.5257642776698712,0.0,0.0,0.0,0.11201334085373019,1.0,0.002412299999377865,0.011250900000050024,0.10369660000014846,
iris,BADGESampler,,main,clean,0.0,9,0.1,15,0.8133333333333334,0.5318399585327933,0.5431242366565182,0.0,0.0,0.0,0.20692975707681735,1.0,0.005484799999976531,0.007171000000198546,0.13363899999967543,
iris,BADGESampler,,main,clean,0.0,9,0.15,22,0.8066666666666666,0.5360321478698976,0.5390093868422436,0.0,0.0,0.0,0.2332693609072398,1.0,0.003022900000360096,0.0067439999993439415,0.15701309999985824,
iris,BADGESampler,,main,clean,0.0,9,0.2,30,0.8866666666666667,0.7234939951563694,0.7139803904763071,0.0,0.0,0.0,0.1486360760175127,1.0,0.0024530000000595464,0.010945400000309746,0.18316969999978028,
iris,BADGESampler,,main,clean,0.0,9,0.3,45,0.92,0.7781977109835039,0.7859859304356341,0.0,0.0,0.0,0.20101733877106046,1.0,0.004256500000337837,0.009192199999233708,0.207383299999492,
iris,BADGESampler,,main,clean,0.0,10,0.05,7,0.8333333333333334,0.6588407919873353,0.6199243317810601,0.0,0.0,0.0,0.34359564242401175,1.0,0.006093799999689509,0.00831709999965824,0.09706069999992906,
iris,BADGESampler,,main,clean,0.0,10,0.1,15,0.86,0.6882209890713717,0.663709048759882,0.0,0.0,0.0,0.16191582034959476,0.875,0.0032797000003483845,0.006904699999722652,0.11922549999962939,
iris,BADGESampler,,main,clean,0.0,10,0.15,22,0.88,0.7144576477818988,0.7008666982225341,0.0,0.0,0.0,0.143025690963526,1.0,0.002941099999588914,0.008910599999580882,0.14311369999995804,
iris,BADGESampler,,main,clean,0.0,10,0.2,30,0.9,0.7449573670061777,0.7416919230031858,0.0,0.0,0.0,0.18731464233781042,1.0,0.0030130000004646718,0.0088925999998537,0.17054910000024393,
iris,BADGESampler,,main,clean,0.0,10,0.3,45,0.94,0.8191599501911045,0.8340750470114582,0.0,0.0,0.0,0.17736075498895348,1.0,0.006931000000804488,0.0040026999995461665,0.1922805000003791,
iris,BADGESampler,,main,clean,0.0,11,0.05,7,0.8,0.5459241654119124,0.5404403918642096,0.0,0.0,0.0,0.2779249426670763,1.0,0.002011599999605096,0.004875900000115507,0.10010650000003807,
iris,BADGESampler,,main,clean,0.0,11,0.1,15,0.78,0.503081507618331,0.4949070324867436,0.0,0.0,0.0,0.19760376775435412,1.0,0.008127000000058615,0.009410599999682745,0.13074930000038876,
iris,BADGESampler,,main,clean,0.0,11,0.15,22,0.7466666666666667,0.4672853526359474,0.4425903918252233,0.0,0.0,0.0,0.20308792795691274,1.0,0.0036909999998897547,0.005538400000659749,0.15221410000049218,
iris,BADGESampler,,main,clean,0.0,11,0.2,30,0.74,0.5952467151294274,0.5185616787205868,0.0,0.0,0.0,0.19257514772140832,1.0,0.00415919999977632,0.005593799999587645,0.17983040000035544,
iris,BADGESampler,,main,clean,0.0,11,0.3,45,0.9333333333333333,0.8071044224973737,0.8177533513813235,0.0,0.0,0.0,0.19878894731907942,1.0,0.003116099999715516,0.00508330000047863,0.2068717000001925,
iris,BADGESampler,,main,clean,0.0,12,0.05,7,0.84,0.5917324144188402,0.603042369554024,0.0,0.0,0.0,0.2361025373363022,0.75,0.0029625000006490154,0.008124299999508366,0.1090001000002303,
iris,BADGESampler,,main,clean,0.0,12,0.1,15,0.8133333333333334,0.5472327087190906,0.5532071384694967,0.0,0.0,0.0,0.15054756684701953,1.0,0.006574199999704433,0.007958500000313506,0.14407610000034765,
iris,BADGESampler,,main,clean,0.0,12,0.15,22,0.8,0.5351143852235345,0.5317808024096742,0.0,0.0,0.0,0.21294848898985824,1.0,0.007937399999718764,0.012249499999597901,0.1780865000000631,
iris,BADGESampler,,main,clean,0.0,12,0.2,30,0.8866666666666667,0.7234939951563694,0.7139803904763071,0.0,0.0,0.0,0.1895231770573259,1.0,0.005157800000233692,0.007701700000325218,0.22124710000025516,
iris,BADGESampler,,main,clean,0.0,12,0.3,45,0.9266666666666666,0.7899623019936001,0.8015498244339508,0.0,0.0,0.0,0.2206515931822165,0.9333333333333333,0.004076999999597319,0.018828799999937473,0.26639720000002853,
iris,BADGESampler,,main,clean,0.0,13,0.05,7,0.8466666666666667,0.6735735454651065,0.6412050161871702,0.0,0.0,0.0,0.19579417003940108,1.0,0.0052482000000964035,0.013197399999626214,0.11885640000036801,
iris,BADGESampler,,main,clean,0.0,13,0.1,15,0.8733333333333333,0.7060205214031219,0.6882069564720807,0.0,0.0,0.0,0.2856992760935713,1.0,0.006888799999615003,0.01366870000038034,0.15957210000033228,
iris,BADGESampler,,main,clean,0.0,13,0.15,22,0.8866666666666667,0.7234939951563694,0.7139803904763071,0.0,0.0,0.0,0.130906195641161,1.0,0.005347100000108185,0.007919900000160851,0.18854920000012498,
iris,BADGESampler,,main,clean,0.0,13,0.2,30,0.9133333333333333,0.7657240393319231,0.7707383569303354,0.0,0.0,0.0,0.1801112318486699,1.0,0.006323100000372506,0.010613999999804946,0.2212363999997251,
iris,BADGESampler,,main,clean,0.0,13,0.3,45,0.9533333333333334,0.8464828103876364,0.8680377279943841,0.0,0.0,0.0,0.17333430923287177,1.0,0.008394000000407686,0.00738420000016049,0.25356060000012803,
iris,BADGESampler,,main,clean,0.0,14,0.05,7,0.8333333333333334,0.609578516083681,0.5925630388377051,0.0,0.0,0.0,0.3243163155712886,1.0,0.0045714999996562256,0.025146300000415067,0.13784539999960543,
iris,BADGESampler,,main,clean,0.0,14,0.1,15,0.7666666666666667,0.5060615692272822,0.47683020471504894,0.0,0.0,0.0,0.17939909288080083,1.0,0.005111899999974412,0.0118891000001895,0.1773149000000558,
iris,BADGESampler,,main,clean,0.0,14,0.15,22,0.8666666666666667,0.6981281862909944,0.676005958011242,0.0,0.0,0.0,0.2186353860949773,0.8571428571428571,0.0071997999993982376,0.013765900000180409,0.2230454999998983,
iris,BADGESampler,,main,clean,0.0,14,0.2,30,0.8933333333333333,0.73379440721263,0.7276184569180799,0.0,0.0,0.0,0.2537260603399969,1.0,0.0079541999994035,0.012734199999613338,0.26621849999992264,
iris,BADGESampler,,main,clean,0.0,14,0.3,45,0.9333333333333333,0.8037974551773084,0.8176016452576428,0.0,0.0,0.0,0.20165087019794428,1.0,0.006705399999191286,0.012026200000036624,0.3024848999993992,
iris,BADGESampler,,main,clean,0.0,15,0.05,7,0.7933333333333333,0.5488597754668475,0.5339765540078172,0.0,0.0,0.0,0.231865933462971,1.0,0.0040133000002242625,0.010971499999868684,0.10512000000016997,
iris,BADGESampler,,main,clean,0.0,15,0.1,15,0.76,0.5092041935777142,0.4865551573401738,0.0,0.0,0.0,0.2277630790377635,1.0,0.006012899999404908,0.008945100000346429,0.13850150000052963,
iris,BADGESampler,,main,clean,0.0,15,0.15,22,0.8,0.5098149709785277,0.5195456300332241,0.0,0.0,0.0,0.17051684855042185,1.0,0.0027141000000483473,0.007089899999300542,0.1688774000003832,
iris,BADGESampler,,main,clean,0.0,15,0.2,30,0.7933333333333333,0.506326323358477,0.5129634205122181,0.0,0.0,0.0,0.2591420359655613,1.0,0.003169300000081421,0.01063609999982873,0.21625330000006215,
iris,BADGESampler,,main,clean,0.0,15,0.3,45,0.94,0.833371730572017,0.8345340129274752,0.0,0.0,0.0,0.2560854669768298,1.0,0.0038749000004827394,0.011370199999873876,0.25158660000033706,
iris,BADGESampler,,main,clean,0.0,16,0.05,7,0.82,0.5599265307059716,0.5649259683492104,0.0,0.0,0.0,0.31971136569188535,1.0,0.0030957999997553998,0.00594959999943967,0.08802720000039699,
iris,BADGESampler,,main,clean,0.0,16,0.1,15,0.8333333333333334,0.5540000231775338,0.5783422201733308,0.0,0.0,0.0,0.210106648807411,1.0,0.005665699999553908,0.007525299999542767,0.11977230000047712,
iris,BADGESampler,,main,clean,0.0,16,0.15,22,0.8266666666666667,0.5493008154007365,0.5701604550655323,0.0,0.0,0.0,0.15514038757251294,1.0,0.0029352000001381384,0.006349500000396802,0.14244330000019545,
iris,BADGESampler,,main,clean,0.0,16,0.2,30,0.9,0.7436509495527129,0.7415485456111208,0.0,0.0,0.0,0.21502048176579625,1.0,0.003300399999716319,0.007412400000248454,0.1672153999998045,
iris,BADGESampler,,main,clean,0.0,16,0.3,45,0.9466666666666667,0.8308354550894079,0.8507972789115646,0.0,0.0,0.0,0.18770505744693808,1.0,0.006609000000025844,0.006145500000457105,0.19479190000038216,
iris,BADGESampler,,main,clean,0.0,17,0.05,7,0.8466666666666667,0.6218291670963139,0.6239503869907044,0.0,0.0,0.0,0.26525418544447016,1.0,0.002733200000875513,0.006003899999996065,0.09004000000004453,
iris,BADGESampler,,main,clean,0.0,17,0.1,15,0.8333333333333334,0.5712308505268168,0.588285564295917,0.0,0.0,0.0,0.25686558699869233,1.0,0.004026700000395067,0.008606999999756226,0.11844620000010764,
iris,BADGESampler,,main,clean,0.0,17,0.15,22,0.8266666666666667,0.5506332109162976,0.570968424134958,0.0,0.0,0.0,0.18245804609536867,1.0,0.006137700000181212,0.01022819999980129,0.14715800000067247,
iris,BADGESampler,,main,clean,0.0,17,0.2,30,0.8066666666666666,0.5266365519838767,0.538205917363973,0.0,0.0,0.0,0.18653869287347596,1.0,0.0037386999993032077,0.0052288999995653285,0.16604820000065956,
iris,BADGESampler,,main,clean,0.0,17,0.3,45,0.94,0.833371730572017,0.8345340129274752,0.0,0.0,0.0,0.19396126093032084,1.0,0.005237899999883666,0.004270800000085728,0.1887907999998788,
iris,BADGESampler,,main,clean,0.0,18,0.05,7,0.8133333333333334,0.6412741266574404,0.5917675070941648,0.0,0.0,0.0,0.3400406064832121,1.0,0.004614899999978661,0.0054998999994495534,0.09672009999940201,
iris,BADGESampler,,main,clean,0.0,18,0.1,15,0.8066666666666666,0.636224199127729,0.5833200909986078,0.0,0.0,0.0,0.24793866070735293,1.0,0.005423999999948137,0.009453799999391777,0.12746719999995548,
iris,BADGESampler,,main,clean,0.0,18,0.15,22,0.7733333333333333,0.6118207894998574,0.5455983561107668,0.0,0.0,0.0,0.17518200558598643,1.0,0.0028756000001521898,0.006837700000687619,0.14787379999961558,
iris,BADGESampler,,main,clean,0.0,18,0.2,30,0.74,0.5945668584263355,0.5180275175094736,0.0,0.0,0.0,0.15149232713389238,1.0,0.0028762000001734123,0.0035485999997035833,0.16913909999948373,
iris,BADGESampler,,main,clean,0.0,18,0.3,45,0.9133333333333333,0.767290343969384,0.7708655411110612,0.0,0.0,0.0,0.20301682637846874,1.0,0.003862900000058289,0.007854599999518541,0.1959553999995478,
iris,BADGESampler,,main,clean,0.0,19,0.05,7,0.8,0.5629885974026329,0.5479123999003067,0.0,0.0,0.0,0.19048242569179097,1.0,0.002892200000133016,0.006926599999133032,0.10388420000072074,
iris,BADGESampler,,main,clean,0.0,19,0.1,15,0.76,0.5235371681099922,0.49085857537483835,0.0,0.0,0.0,0.23442382030436304,1.0,0.008032100000491482,0.023009100000308536,0.16110790000038833,
iris,BADGESampler,,main,clean,0.0,19,0.15,22,0.72,0.47451417735028784,0.42993356748833544,0.0,0.0,0.0,0.20255420117623327,1.0,0.010730699999839999,0.013204899999436748,0.2118121000003157,
iris,BADGESampler,,main,clean,0.0,19,0.2,30,0.88,0.7160100313235858,0.7011154962653707,0.0,0.0,0.0,0.21281083090748562,0.875,0.007284599999366037,0.005509599999641068,0.25196260000029724,
iris,BADGESampler,,main,clean,0.0,19,0.3,45,0.9066666666666666,0.7571306080900333,0.7561944834034595,0.0,0.0,0.0,0.21384400752670843,1.0,0.006084599999667262,0.007794500000272819,0.285065900000518,
iris,BADGESampler,,main,clean,0.0,20,0.05,7,0.8466666666666667,0.672843838367481,0.6410058621782706,0.0,0.0,0.0,0.18314430850204771,1.0,0.0018192999996244907,0.008630299999822455,0.09163440000065748,
iris,BADGESampler,,main,clean,0.0,20,0.1,15,0.8733333333333333,0.7050658288104134,0.6880338915258941,0.0,0.0,0.0,0.19937272276824802,1.0,0.004994100000658364,0.007685799999308074,0.12113900000076683,
iris,BADGESampler,,main,clean,0.0,20,0.15,22,0.8933333333333333,0.738732827295049,0.7282217481230558,0.0,0.0,0.0,0.126857464157521,1.0,0.007381200000054378,0.004752599999847007,0.14869830000043294,
iris,BADGESampler,,main,clean,0.0,20,0.2,30,0.9066666666666666,0.7664529571839157,0.7570029149464148,0.0,0.0,0.0,0.25560833193435906,0.875,0.0036702000006698654,0.005000899999686226,0.17786299999988842,
iris,BADGESampler,,main,clean,0.0,20,0.3,45,0.94,0.833371730572017,0.8345340129274752,0.0,0.0,0.0,0.15584807900677014,1.0,0.004489799999646493,0.004348399999798858,0.20773250000002008,
iris,BADGESampler,,main,clean,0.0,21,0.05,7,0.82,0.5639270377324296,0.5629619968725843,0.0,0.0,0.0,0.24106176941496738,1.0,0.005309299999680661,0.00841000000036729,0.11554930000056629,
iris,BADGESampler,,main,clean,0.0,21,0.1,15,0.7866666666666666,0.49156018831181175,0.4842545852775668,0.0,0.0,0.0,0.2208524378935411,1.0,0.0032553000000916654,0.005674699999872246,0.14259279999987484,
iris,BADGESampler,,main,clean,0.0,21,0.15,22,0.7733333333333333,0.4646581718704288,0.45708772172666906,0.0,0.0,0.0,0.266061769155221,1.0,0.0029676999993171194,0.005846300000484916,0.16322310000032303,
iris,BADGESampler,,main,clean,0.0,21,0.2,30,0.6933333333333334,0.3768126509303814,0.33775626762812705,0.0,0.0,0.0,0.20038441404583687,1.0,0.003977200000008452,0.004720299999462441,0.22650479999992967,
iris,BADGESampler,,main,clean,0.0,21,0.3,45,0.9066666666666666,0.7571306080900333,0.7561944834034595,0.0,0.0,0.0,0.23766314213720052,1.0,0.009537899999486399,0.0328934000008303,0.289960200000678,
iris,BADGESampler,,main,clean,0.0,22,0.05,7,0.8066666666666666,0.5514126029396741,0.5501622346101408,0.0,0.0,0.0,0.2529995835198213,1.0,0.004204400000162423,0.010478799999873445,0.12329349999981787,
iris,BADGESampler,,main,clean,0.0,22,0.1,15,0.7466666666666667,0.5229405387013965,0.48863667072017297,0.0,0.0,0.0,0.19933168330314155,1.0,0.0047094000001379754,0.011352499999702559,0.163209100000131,
iris,BADGESampler,,main,clean,0.0,22,0.15,22,0.86,0.6890518004413543,0.6638956080488512,0.0,0.0,0.0,0.19963371432343333,1.0,0.0046975000004749745,0.00723420000031183,0.20039839999935793,
iris,BADGESampler,,main,clean,0.0,22,0.2,30,0.88,0.7186593633920438,0.7015292412422846,0.0,0.0,0.0,0.19137413757219918,1.0,0.002832900000612426,0.011076199999479286,0.2331356999993659,
iris,BADGESampler,,main,clean,0.0,22,0.3,45,0.9133333333333333,0.770522460949191,0.7711194866048691,0.0,0.0,0.0,0.11322833469998254,1.0,0.00897400000030757,0.01609790000020439,0.2887454000001526,
iris,BADGESampler,,main,clean,0.0,23,0.05,7,0.7733333333333333,0.5335490942013313,0.5124915423614134,0.0,0.0,0.0,0.29773343887033976,0.75,0.003420699999878707,0.016741499999625375,0.10216680000030465,
iris,BADGESampler,,main,clean,0.0,23,0.1,15,0.7466666666666667,0.4590697556319793,0.4430770235200026,0.0,0.0,0.0,0.21873630280381923,1.0,0.002339100000426697,0.012314399999922898,0.12497130000065226,
iris,BADGESampler,,main,clean,0.0,23,0.15,22,0.7866666666666666,0.486235485333605,0.49528373525997765,0.0,0.0,0.0,0.21650623662293692,1.0,0.0025076000001718057,0.002675699999599601,0.14150180000069668,
iris,BADGESampler,,main,clean,0.0,23,0.2,30,0.8733333333333333,0.7050658288104134,0.6880338915258941,0.0,0.0,0.0,0.22673920884886967,1.0,0.0016884999995454564,0.007909999999355932,0.1610129999999117,
iris,BADGESampler,,main,clean,0.0,23,0.3,45,0.9133333333333333,0.767290343969384,0.7708655411110612,0.0,0.0,0.0,0.1672726735464895,1.0,0.0036086000000068452,0.01004090000060387,0.20014330000049085,
iris,BADGESampler,,main,clean,0.0,24,0.05,7,0.8133333333333334,0.5597005765178273,0.559773095447775,0.0,0.0,0.0,0.33956422182604473,1.0,0.004228700000567187,0.010004199999457342,0.11355139999977837,
iris,BADGESampler,,main,clean,0.0,24,0.1,15,0.7733333333333333,0.6128520279400596,0.5462273830268879,0.0,0.0,0.0,0.2114230798491588,1.0,0.004028899999866553,0.009148899999672722,0.13751260000026377,
iris,BADGESampler,,main,clean,0.0,24,0.15,22,0.8933333333333333,0.73379440721263,0.7276184569180799,0.0,0.0,0.0,0.15777075463032694,1.0,0.0017172999996546423,0.004489699999794539,0.15617250000013883,
iris,BADGESampler,,main,clean,0.0,24,0.2,30,0.9133333333333333,0.7657240393319231,0.7707383569303354,0.0,0.0,0.0,0.2509174933929579,1.0,0.0031749999998282874,0.005859800000507676,0.17528700000002573,
iris,BADGESampler,,main,clean,0.0,24,0.3,45,0.9466666666666667,0.8322171290759947,0.8508386787884723,0.0,0.0,0.0,0.1689124709361178,1.0,0.003728399999999965,0.004231800000525254,0.19288940000024013,
iris,BADGESampler,,main,clean,0.0,25,0.05,7,0.8066666666666666,0.5510316164213167,0.5481660456213242,0.0,0.0,0.0,0.2535225281842417,1.0,0.0045857999994041165,0.012017900000500958,0.12122499999986758,
iris,BADGESampler,,main,clean,0.0,25,0.1,15,0.7466666666666667,0.4693865414470565,0.45183047061489756,0.0,0.0,0.0,0.18421556755210472,1.0,0.003294600000117498,0.005200800000238814,0.14500439999937953,
iris,BADGESampler,,main,clean,0.0,25,0.15,22,0.6933333333333334,0.42121291949024015,0.3891166604547149,0.0,0.0,0.0,0.2579083871559515,1.0,0.006945500000256288,0.008554600000024948,0.18930309999996098,
iris,BADGESampler,,main,clean,0.0,25,0.2,30,0.7733333333333333,0.47090719842044626,0.4728335663123219,0.0,0.0,0.0,0.21882851559416439,1.0,0.0031466999998883693,0.008772200000748853,0.23672919999989972,
iris,BADGESampler,,main,clean,0.0,25,0.3,45,0.9066666666666666,0.7549662813240526,0.7559915343224466,0.0,0.0,0.0,0.21039613905635873,1.0,0.0040237000002889545,0.009448599999814178,0.26162099999964994,
iris,BADGESampler,,main,clean,0.0,26,0.05,7,0.8266666666666667,0.5990058393794481,0.5899663445025055,0.0,0.0,0.0,0.21204880229530082,1.0,0.0070512000002054265,0.006524200000058045,0.10654840000006516,
iris,BADGESampler,,main,clean,0.0,26,0.1,15,0.7933333333333333,0.5361995557140685,0.5205295888420198,0.0,0.0,0.0,0.20907185998344185,0.875,0.0050807999996322906,0.008033199999772478,0.13834480000059557,
iris,BADGESampler,,main,clean,0.0,26,0.15,22,0.74,0.4982443812779164,0.449579501689853,0.0,0.0,0.0,0.29492558857136764,1.0,0.0031016999992061756,0.005651000000398199,0.1619287000003169,
iris,BADGESampler,,main,clean,0.0,26,0.2,30,0.78,0.6245644316238574,0.5569787754212843,0.0,0.0,0.0,0.2184222197927183,0.875,0.00700790000064444,0.005190699999729986,0.19372960000055173,
iris,BADGESampler,,main,clean,0.0,26,0.3,45,0.9333333333333333,0.8071044224973737,0.8177533513813235,0.0,0.0,0.0,0.2065006765657379,1.0,0.008346999999957916,0.006267300000217801,0.22314150000056543,
iris,BADGESampler,,main,clean,0.0,27,0.05,7,0.8,0.6333128285088586,0.5761678749065375,0.0,0.0,0.0,0.23534973283964966,1.0,0.00813430000016524,0.012547100000119826,0.12210629999935918,
iris,BADGESampler,,main,clean,0.0,27,0.1,15,0.78,0.6195632831797013,0.5542887526027186,0.0,0.0,0.0,0.29181407129543024,0.875,0.004794499999661639,0.004501000000345812,0.15236129999993864,
iris,BADGESampler,,main,clean,0.0,27,0.15,22,0.76,0.606535027679515,0.5349956113260297,0.0,0.0,0.0,0.1814920783031264,1.0,0.00542330000007496,0.007371200000306999,0.1814379999996163,
iris,BADGESampler,,main,clean,0.0,27,0.2,30,0.8933333333333333,0.7337944072126301,0.7276184569180799,0.0,0.0,0.0,0.15054765097879863,1.0,0.00401380000039353,0.007567599999674712,0.21071039999969798,
iris,BADGESampler,,main,clean,0.0,27,0.3,45,0.9333333333333333,0.8037974551773084,0.8176016452576428,0.0,0.0,0.0,0.18503356606358617,1.0,0.0053699999998571,0.004209799999443931,0.229068599999664,
iris,BADGESampler,,main,clean,0.0,28,0.05,7,0.84,0.6659323679491874,0.6303393343888227,0.0,0.0,0.0,0.3167895927280444,1.0,0.006182799999805866,0.013088100000459235,0.13694390000000567,
iris,BADGESampler,,main,clean,0.0,28,0.1,15,0.8666666666666667,0.6981281862909945,0.676005958011242,0.0,0.0,0.0,0.2396497831229899,0.875,0.0054778000003352645,0.010545099999944796,0.1690126000003147,
iris,BADGESampler,,main,clean,0.0,28,0.15,22,0.8733333333333333,0.7079605393464979,0.6885525109503922,0.0,0.0,0.0,0.1814776935283517,1.0,0.003471400000307767,0.009401600000273902,0.19998500000019703,
iris,BADGESampler,,main,clean,0.0,28,0.2,30,0.8933333333333333,0.7356125873882284,0.7278450047294432,0.0,0.0,0.0,0.09708502081441116,1.0,0.005482200000187731,0.008473099999719125,0.23144659999979922,
iris,BADGESampler,,main,clean,0.0,28,0.3,45,0.9266666666666666,0.7899623019936001,0.8015498244339508,0.0,0.0,0.0,0.15933642488568908,1.0,0.005945199999587203,0.007391300000563206,0.25408989999959886,
iris,BADGESampler,,main,clean,0.0,29,0.05,7,0.78,0.5536934981883195,0.5240961809390671,0.0,0.0,0.0,0.32186554643819176,1.0,0.004801000000043132,0.013955800000076124,0.1261316000000079,
iris,BADGESampler,,main,clean,0.0,29,0.1,15,0.8333333333333334,0.5845345616778108,0.5919892041744221,0.0,0.0,0.0,0.24179808598154595,1.0,0.00518370000008872,0.006271600000218314,0.15732330000082584,
iris,BADGESampler,,main,clean,0.0,29,0.15,22,0.8333333333333334,0.5624815012322112,0.5838389675430993,0.0,0.0,0.0,0.19558727517233984,1.0,0.003920400000424706,0.010208400000010442,0.19389550000050804,
iris,BADGESampler,,main,clean,0.0,29,0.2,30,0.8133333333333334,0.5285006562659132,0.5458669654989471,0.0,0.0,0.0,0.23582337115569535,1.0,0.0033859000004667905,0.009429499999896507,0.2217043000000558,
iris,BADGESampler,,main,clean,0.0,29,0.3,45,0.9133333333333333,0.767290343969384,0.7708655411110612,0.0,0.0,0.0,0.15871284904675584,1.0,0.003570900000340771,0.004649400000744208,0.2489634000003207,
iris,BADGESampler,,main,clean,0.1,0,0.05,7,0.8133333333333334,0.6182350542108561,0.5859270111119727,0.0,0.0,0.0,0.2591514811044913,1.0,0.004412900000716036,0.008927599999879021,0.1124643000002834,
iris,BADGESampler,,main,clean,0.1,0,0.1,15,0.7933333333333333,0.5881132019126529,0.5552081677353258,0.0,0.0,0.0,0.2741270221613998,1.0,0.00513169999976526,0.009996900000260212,0.14881179999974847,
iris,BADGESampler,,main,clean,0.1,0,0.15,22,0.7666666666666667,0.5693237056353261,0.5260547658936722,0.0,0.0,0.0,0.10867823236561533,1.0,0.003048799999305629,0.00613820000035048,0.17297539999981382,
iris,BADGESampler,,main,clean,0.1,0,0.2,30,0.74,0.5320406061462504,0.49632880858143535,0.0,0.0,0.0,0.13775502446931903,1.0,0.005013400000279944,0.008636799999294453,0.20378119999986666,
iris,BADGESampler,,main,clean,0.1,0,0.3,45,0.8866666666666667,0.6764588888377078,0.7044964882017989,0.0,0.0,0.0,0.13352920206112254,1.0,0.005569400000240421,0.007593099999212427,0.23799440000038885,
iris,BADGESampler,,main,clean,0.1,1,0.05,7,0.8266666666666667,0.6550256828579779,0.6109364906166366,0.0,0.0,0.0,0.24668332832057405,1.0,0.00633650000054331,0.01359150000007503,0.11117080000076385,
iris,BADGESampler,,main,clean,0.1,1,0.1,15,0.8466666666666667,0.6750498631643848,0.6416026620488269,0.0,0.0,0.0,0.2114678930546564,1.0,0.0029751000001851935,0.007194000000708911,0.13749960000041028,
iris,BADGESampler,,main,clean,0.1,1,0.15,22,0.8666666666666667,0.6967858730970384,0.6757362582358094,0.0,0.0,0.0,0.20930318464771966,0.8571428571428571,0.003400300000066636,0.004845999999815831,0.15862190000007104,
iris,BADGESampler,,main,clean,0.1,1,0.2,30,0.8733333333333333,0.6858296345575444,0.6845165001489073,0.0,0.0,0.0,0.13197298455505163,1.0,0.004629000000022643,0.006842300000243995,0.182133000000249,
iris,BADGESampler,,main,clean,0.1,1,0.3,45,0.8933333333333333,0.6970712799472634,0.7213938263999663,0.0,0.0,0.0,0.15480074287262832,1.0,0.005876899999748275,0.005425899999863759,0.2046706000000995,
iris,BADGESampler,,main,clean,0.1,2,0.05,7,0.8333333333333334,0.6227616767673503,0.6026569407784246,0.0,0.0,0.0,0.17364907852303924,1.0,0.004346700000496639,0.009108500000365893,0.10936750000018947,
iris,BADGESampler,,main,clean,0.1,2,0.1,15,0.86,0.6671148595914475,0.6560539098663816,0.0,0.0,0.0,0.2914987468367669,0.875,0.00439970000024914,0.01845099999991362,0.1453575000005003,
iris,BADGESampler,,main,clean,0.1,2,0.15,22,0.8666666666666667,0.6560205139211482,0.6643870272740627,0.0,0.0,0.0,0.20806778044327176,1.0,0.002864899999622139,0.005523200000425277,0.16686240000035468,
iris,BADGESampler,,main,clean,0.1,2,0.2,30,0.8866666666666667,0.6852244582406327,0.7050612814621027,0.0,0.0,0.0,0.22409611560617038,1.0,0.005140600000231643,0.006086400000640424,0.19344140000066545,
iris,BADGESampler,,main,clean,0.1,2,0.3,45,0.92,0.743884646805593,0.7798448979591837,0.0,0.0,0.0,0.18531521385927643,1.0,0.004327000000557746,0.007665899999665271,0.2159538000005341,
iris,BADGESampler,,main,clean,0.1,3,0.05,7,0.82,0.5640187099039138,0.5581531252378312,0.0,0.0,0.0,0.25404931401381214,1.0,0.004655200000343029,0.013779599999907077,0.1081955999998172,
iris,BADGESampler,,main,clean,0.1,3,0.1,15,0.8066666666666666,0.5229826481806861,0.5190330496471237,0.0,0.0,0.0,0.17620698722179934,1.0,0.005829699999594595,0.009611299999960465,0.1404331000003367,
iris,BADGESampler,,main,clean,0.1,3,0.15,22,0.78,0.480985684998482,0.48368600442647175,0.0,0.0,0.0,0.19938524979218325,1.0,0.002956799999992654,0.0080232000000251,0.17175940000015544,
iris,BADGESampler,,main,clean,0.1,3,0.2,30,0.7266666666666667,0.4086884740945336,0.4002860847357029,0.0,0.0,0.0,0.22447042979689247,1.0,0.004273799999282346,0.01014130000021396,0.21008249999977124,
iris,BADGESampler,,main,clean,0.1,3,0.3,45,0.88,0.6587366509597579,0.6862748298431456,0.0,0.0,0.0,0.19157327403135904,0.9333333333333333,0.005495099999279773,0.012024100000417093,0.24421650000022055,
iris,BADGESampler,,main,clean,0.1,4,0.05,7,0.7866666666666666,0.578642553792151,0.5390513362343552,0.0,0.0,0.0,0.12578240694742335,1.0,0.0026268999999956577,0.00636209999993298,0.09114760000011302,
iris,BADGESampler,,main,clean,0.1,4,0.1,15,0.7666666666666667,0.46501654968483463,0.46655429430700995,0.0,0.0,0.0,0.17211274188627207,1.0,0.004672000000027765,0.006809700000303565,0.1231286000002001,
iris,BADGESampler,,main,clean,0.1,4,0.15,22,0.7333333333333333,0.41666150427561327,0.4138203752080464,0.0,0.0,0.0,0.2218566287218858,1.0,0.005866900000000896,0.008771499999966181,0.15128679999997985,
iris,BADGESampler,,main,clean,0.1,4,0.2,30,0.8466666666666667,0.6102609750549853,0.6206455945181422,0.0,0.0,0.0,0.17028096701514067,1.0,0.002618699999402452,0.007628199999999197,0.1763490000003003,
iris,BADGESampler,,main,clean,0.1,4,0.3,45,0.8666666666666667,0.6387477819417192,0.6585071277091477,0.0,0.0,0.0,0.1389799137232536,1.0,0.0033233000003747293,0.008613400000285765,0.20573229999990872,
iris,BADGESampler,,main,clean,0.1,5,0.05,7,0.8533333333333334,0.642639557248139,0.6420777486442031,0.0,0.0,0.0,0.22934506857378076,1.0,0.0047171000005619135,0.0118942999997671,0.10147369999958755,
iris,BADGESampler,,main,clean,0.1,5,0.1,15,0.84,0.562159066332908,0.5970114820861272,0.0,0.0,0.0,0.18193749761884395,1.0,0.00492599999961385,0.009880700000394427,0.13315200000033656,
iris,BADGESampler,,main,clean,0.1,5,0.15,22,0.82,0.5039182007328294,0.548828021801599,0.0,0.0,0.0,0.17842251660679234,1.0,0.0034353000000919565,0.006592100000489154,0.15585639999972045,
iris,BADGESampler,,main,clean,0.1,5,0.2,30,0.7866666666666666,0.4497663959781363,0.48625869543300737,0.0,0.0,0.0,0.23768049193792173,1.0,0.0035901000001103966,0.00816939999913302,0.18259299999954237,
iris,BADGESampler,,main,clean,0.1,5,0.3,45,0.7333333333333333,0.3834158679383541,0.4063887346005842,0.0,0.0,0.0,0.1786915832868878,1.0,0.007769599999846832,0.010190299999521812,0.22208729999965726,
iris,BADGESampler,,main,clean,0.1,6,0.05,7,0.82,0.5378539213739197,0.5562383863263478,0.0,0.0,0.0,0.2491916628456709,0.75,0.004290900000341935,0.004831599999306491,0.08496009999998932,
iris,BADGESampler,,main,clean,0.1,6,0.1,15,0.7733333333333333,0.4765631561701149,0.47159905954375164,0.0,0.0,0.0,0.1714702325543993,1.0,0.0024106000000756467,0.004219799999191309,0.1080629999996745,
iris,BADGESampler,,main,clean,0.1,6,0.15,22,0.72,0.41902854506743414,0.39398314601440043,0.0,0.0,0.0,0.23261637515705777,0.8571428571428571,0.00395959999968909,0.012487199999668519,0.14056479999999283,
iris,BADGESampler,,main,clean,0.1,6,0.2,30,0.7666666666666667,0.512634212109569,0.5015816970599282,0.0,0.0,0.0,0.2446160038764938,0.75,0.0029125000000931323,0.007163600000239967,0.16641059999983554,
iris,BADGESampler,,main,clean,0.1,6,0.3,45,0.9,0.66872768863716,0.7257126010941879,0.0,0.0,0.0,0.25402895049010954,0.9333333333333333,0.004949500000293483,0.005421400000159338,0.18622059999961493,
iris,BADGESampler,,main,clean,0.1,7,0.05,7,0.8466666666666667,0.6506516350006384,0.6318346055045373,0.0,0.0,0.0,0.11636993741484558,1.0,0.0027643000003081397,0.010979899999256304,0.09342759999981354,
iris,BADGESampler,,main,clean,0.1,7,0.1,15,0.8533333333333334,0.6589728179429745,0.6433298942586483,0.0,0.0,0.0,0.2580402878039943,0.875,0.0031856999994488433,0.005759900000157359,0.1216801000000487,
iris,BADGESampler,,main,clean,0.1,7,0.15,22,0.86,0.6542421964566142,0.6475272735672291,0.0,0.0,0.0,0.25515541882180226,0.8571428571428571,0.005159000000276137,0.007870700000239594,0.14812069999970845,
iris,BADGESampler,,main,clean,0.1,7,0.2,30,0.88,0.6644701598303382,0.6844176716648258,0.0,0.0,0.0,0.18113531546562683,1.0,0.005361700000321434,0.0064339999998992425,0.17641730000013922,
iris,BADGESampler,,main,clean,0.1,7,0.3,45,0.9066666666666666,0.7095733604861437,0.7440875656313872,0.0,0.0,0.0,0.1451126747987004,1.0,0.0065544999997655395,0.0038856000001032953,0.20056839999961085,
iris,BADGESampler,,main,clean,0.1,8,0.05,7,0.82,0.6254684690281429,0.5955308340911531,0.0,0.0,0.0,0.14595802394272855,1.0,0.003546900000401365,0.025107200000093144,0.1283342000006087,
iris,BADGESampler,,main,clean,0.1,8,0.1,15,0.7933333333333333,0.6019046324685279,0.5603894699470723,0.0,0.0,0.0,0.2245612999603055,1.0,0.005722400000195194,0.016944199999670673,0.1901625000000422,
iris,BADGESampler,,main,clean,0.1,8,0.15,22,0.76,0.5565448424089504,0.5187711546908509,0.0,0.0,0.0,0.21244568980747833,1.0,0.003112899999905494,0.010527399999773479,0.22883080000065092,
iris,BADGESampler,,main,clean,0.1,8,0.2,30,0.7333333333333333,0.5283723563246605,0.49070516868397573,0.0,0.0,0.0,0.21935024288646288,1.0,0.009410399999978836,0.00953159999971831,0.27789670000038313,
iris,BADGESampler,,main,clean,0.1,8,0.3,45,0.8866666666666667,0.6662994282742144,0.7012558739531551,0.0,0.0,0.0,0.1864601404232678,1.0,0.008107799999379495,0.006649799999649986,0.3065332000005583,
iris,BADGESampler,,main,clean,0.1,9,0.05,7,0.8,0.554382267247827,0.5426612244897959,0.0,0.0,0.0,0.11201334085373019,1.0,0.005411199999798555,0.01012559999981022,0.13556919999973616,
iris,BADGESampler,,main,clean,0.1,9,0.1,15,0.76,0.4559460537850013,0.45410998692607724,0.0,0.0,0.0,0.2087479866662766,1.0,0.004817400000320049,0.02356659999986732,0.179765399999269,
iris,BADGESampler,,main,clean,0.1,9,0.15,22,0.7866666666666666,0.48539555427697145,0.4969097518239131,0.0,0.0,0.0,0.2015945260152384,1.0,0.0022016000002622604,0.006845399999292567,0.20731869999963237,
iris,BADGESampler,,main,clean,0.1,9,0.2,30,0.7533333333333333,0.45367840246970387,0.45188624197681204,0.0,0.0,0.0,0.24471663801573182,1.0,0.006990199999563629,0.014620399999330402,0.25495299999965937,
iris,BADGESampler,,main,clean,0.1,9,0.3,45,0.8666666666666667,0.6424925133822016,0.6609721821313526,0.0,0.0,0.0,0.26034053087795517,0.8,0.006043600000339211,0.0047171000005619135,0.2955597999998645,
iris,BADGESampler,,main,clean,0.1,10,0.05,7,0.8333333333333334,0.659486892724918,0.6201351808870379,0.0,0.0,0.0,0.34359564242401175,1.0,0.004694000000199594,0.008725800000320305,0.10140450000017154,
iris,BADGESampler,,main,clean,0.1,10,0.1,15,0.86,0.6696568596405668,0.6599380422829475,0.0,0.0,0.0,0.20904403587396694,1.0,0.003612099999372731,0.005465100000037637,0.12246730000060779,
iris,BADGESampler,,main,clean,0.1,10,0.15,22,0.86,0.6468694894946695,0.652130612244898,0.0,0.0,0.0,0.09936259781970012,1.0,0.0032315999997081235,0.0042825999998967745,0.1418813999998747,
iris,BADGESampler,,main,clean,0.1,10,0.2,30,0.86,0.6270592853539593,0.6483033150080743,0.0,0.0,0.0,0.12353652850301904,1.0,0.003102200000284938,0.0043372999998609885,0.15984949999983655,
iris,BADGESampler,,main,clean,0.1,10,0.3,45,0.8866666666666667,0.6667881243861418,0.701817969093301,0.0,0.0,0.0,0.19357009337950154,1.0,0.0043167000003450084,0.0040338999997402425,0.17851669999981823,
iris,BADGESampler,,main,clean,0.1,11,0.05,7,0.84,0.6439807185013899,0.6217034719190815,0.0,0.0,0.0,0.2779249426670763,1.0,0.004064499999913096,0.007251699999869743,0.10664840000026743,
iris,BADGESampler,,main,clean,0.1,11,0.1,15,0.7666666666666667,0.5071100995991358,0.4868875240349161,0.0,0.0,0.0,0.221666798730752,1.0,0.004585499999848253,0.005552500000703731,0.13037470000017493,
iris,BADGESampler,,main,clean,0.1,11,0.15,22,0.7533333333333333,0.4738973927612283,0.45848318914773895,0.0,0.0,0.0,0.22834852735722078,1.0,0.003123999999843363,0.004945100000441016,0.15305040000021108,
iris,BADGESampler,,main,clean,0.1,11,0.2,30,0.7,0.4114520862116555,0.38327003140259086,0.0,0.0,0.0,0.14582801242200757,1.0,0.003152300000692776,0.003963299999668379,0.1771048000000519,
iris,BADGESampler,,main,clean,0.1,11,0.3,45,0.9066666666666666,0.7167750311817577,0.7478397037774089,0.0,0.0,0.0,0.23940593889091366,0.8666666666666667,0.004678999999669031,0.006161400000564754,0.20117839999966236,
iris,BADGESampler,,main,clean,0.1,12,0.05,7,0.8333333333333334,0.5818726610081947,0.5902648359371071,0.0,0.0,0.0,0.2361025373363022,0.75,0.0046639000001960085,0.012217899999996007,0.10647449999942182,
iris,BADGESampler,,main,clean,0.1,12,0.1,15,0.8,0.490735975313201,0.5143797269556877,0.0,0.0,0.0,0.1877590080155225,1.0,0.005128800000420597,0.010164399999666784,0.14477869999973336,
iris,BADGESampler,,main,clean,0.1,12,0.15,22,0.7933333333333333,0.4876318302318097,0.50665119970364,0.0,0.0,0.0,0.18014488777232232,1.0,0.006684500000119442,0.01088030000028084,0.18867349999982252,
iris,BADGESampler,,main,clean,0.1,12,0.2,30,0.88,0.6959200939341896,0.6974843511382907,0.0,0.0,0.0,0.17165467356086778,1.0,0.007055900000523252,0.012455799999770534,0.23916240000016842,
iris,BADGESampler,,main,clean,0.1,12,0.3,45,0.92,0.7538625570107136,0.7819326336635818,0.0,0.0,0.0,0.24422098293911004,1.0,0.009581899999830057,0.016524800000297546,0.2854120000001785,
iris,BADGESampler,,main,clean,0.1,13,0.05,7,0.8333333333333334,0.637785341273063,0.6151127724432873,0.0,0.0,0.0,0.19579417003940108,1.0,0.0015687999994042912,0.006316599999991013,0.09495490000063,
iris,BADGESampler,,main,clean,0.1,13,0.1,15,0.8666666666666667,0.6571407411223281,0.6679014410687598,0.0,0.0,0.0,0.31031270043247416,1.0,0.0027104000000690576,0.004586900000504102,0.1169186000006448,
iris,BADGESampler,,main,clean,0.1,13,0.15,22,0.8733333333333333,0.6557533746993502,0.6772668496816274,0.0,0.0,0.0,0.19109433499797493,1.0,0.0026719999996203114,0.003111400000307185,0.13996550000047137,
iris,BADGESampler,,main,clean,0.1,13,0.2,30,0.8933333333333333,0.6870537420725007,0.7185571089960386,0.0,0.0,0.0,0.15460051013440923,1.0,0.0017614999997022096,0.009304900000643102,0.1619460000001709,
iris,BADGESampler,,main,clean,0.1,13,0.3,45,0.9066666666666666,0.7057350707020993,0.7462193966530871,0.0,0.0,0.0,0.1676523574614407,1.0,0.007806699999491684,0.005162600000403472,0.1854484000004959,
iris,BADGESampler,,main,clean,0.1,14,0.05,7,0.8133333333333334,0.5311042767679813,0.5455533501523631,0.0,0.0,0.0,0.3243163155712886,1.0,0.004522999999608146,0.012189799999759998,0.11314970000057656,
iris,BADGESampler,,main,clean,0.1,14,0.1,15,0.7866666666666666,0.4861190116353422,0.4932900882129917,0.0,0.0,0.0,0.17580821360583562,1.0,0.004954699999871082,0.010276199999680102,0.14151230000061332,
iris,BADGESampler,,main,clean,0.1,14,0.15,22,0.74,0.44149417681289904,0.42330978197127733,0.0,0.0,0.0,0.1519210728630823,1.0,0.0019507000006342423,0.0036724000001413515,0.15731640000012703,
iris,BADGESampler,,main,clean,0.1,14,0.2,30,0.74,0.5017290759411401,0.4738820789876007,0.0,0.0,0.0,0.20577458514528246,1.0,0.0031281999999919208,0.003373999999894295,0.18159389999982523,
iris,BADGESampler,,main,clean,0.1,14,0.3,45,0.9066666666666666,0.7045442655278317,0.7456208617703983,0.0,0.0,0.0,0.2647163481331669,1.0,0.006002400000397756,0.011388099999749102,0.21341080000001966,
iris,BADGESampler,,main,clean,0.1,15,0.05,7,0.7866666666666666,0.5615189012962782,0.5373719930326739,0.0,0.0,0.0,0.231865933462971,1.0,0.005145299999639974,0.005920999999943888,0.08741290000034496,
iris,BADGESampler,,main,clean,0.1,15,0.1,15,0.7533333333333333,0.49186968055903507,0.4816227593184757,0.0,0.0,0.0,0.21137655044575376,1.0,0.005208499999753258,0.007692199999837612,0.11257950000072015,
iris,BADGESampler,,main,clean,0.1,15,0.15,22,0.7,0.436468879012656,0.4208886431422564,0.0,0.0,0.0,0.21719171396180212,1.0,0.0023290999997698236,0.005047900000135996,0.13187120000020514,
iris,BADGESampler,,main,clean,0.1,15,0.2,30,0.78,0.45900002557257663,0.4707099675732047,0.0,0.0,0.0,0.20273795199871203,1.0,0.003056800000194926,0.005430700000033539,0.15353310000045894,
iris,BADGESampler,,main,clean,0.1,15,0.3,45,0.8733333333333333,0.6359722432248999,0.6714575061245754,0.0,0.0,0.0,0.23195308827025685,1.0,0.003558300000804593,0.005990599999677215,0.17412830000012036,
iris,BADGESampler,,main,clean,0.1,16,0.05,7,0.8333333333333334,0.566857158557575,0.5881850479594779,0.0,0.0,0.0,0.31971136569188535,1.0,0.0033061000003726804,0.005880400000023656,0.09381779999966966,
iris,BADGESampler,,main,clean,0.1,16,0.1,15,0.8333333333333334,0.5209476562318776,0.5715124840405787,0.0,0.0,0.0,0.21372994745428459,1.0,0.005205999999816413,0.0039001000004645903,0.12754469999981666,
iris,BADGESampler,,main,clean,0.1,16,0.15,22,0.8266666666666667,0.5065123336933733,0.5561281624754014,0.0,0.0,0.0,0.1575802583077028,1.0,0.004945499999848835,0.008485800000016752,0.16178189999936876,
iris,BADGESampler,,main,clean,0.1,16,0.2,30,0.78,0.44636152683002445,0.4781174002322428,0.0,0.0,0.0,0.15410112676919566,1.0,0.008479699999952572,0.008257299999968382,0.20471069999985048,
iris,BADGESampler,,main,clean,0.1,16,0.3,45,0.8933333333333333,0.6690200849016095,0.7140200747327428,0.0,0.0,0.0,0.2337269172734813,0.8666666666666667,0.004097999999430613,0.008745299999645795,0.2306120999992345,
iris,BADGESampler,,main,clean,0.1,17,0.05,7,0.82,0.5667195993847186,0.5727825202256789,0.0,0.0,0.0,0.26525418544447016,1.0,0.003579899999749614,0.00889889999962179,0.10619880000012927,
iris,BADGESampler,,main,clean,0.1,17,0.1,15,0.8466666666666667,0.5766402625322801,0.6105995131560548,0.0,0.0,0.0,0.19803845294552713,1.0,0.0031233999998221407,0.007328300000153831,0.1406118000004426,
iris,BADGESampler,,main,clean,0.1,17,0.15,22,0.82,0.5220634515494422,0.5532597891443563,0.0,0.0,0.0,0.19261698583194414,1.0,0.005446300000585325,0.010497300000679388,0.17251070000020263,
iris,BADGESampler,,main,clean,0.1,17,0.2,30,0.8066666666666666,0.4926380325338458,0.5229105900373152,0.0,0.0,0.0,0.1983613233765024,1.0,0.007944799999677343,0.010287800000696734,0.21132630000010977,
iris,BADGESampler,,main,clean,0.1,17,0.3,45,0.76,0.4408736500794086,0.45273831587456725,0.0,0.0,0.0,0.19853092768947178,0.9333333333333333,0.007442500000252039,0.004151099999944563,0.24756489999981568,
iris,BADGESampler,,main,clean,0.1,18,0.05,7,0.84,0.6712151876862276,0.6318715256331069,0.0,0.0,0.0,0.3400406064832121,1.0,0.004250699999829521,0.010174499999266118,0.11234269999931712,
iris,BADGESampler,,main,clean,0.1,18,0.1,15,0.78,0.5923607938020873,0.5455173473564541,0.0,0.0,0.0,0.22924925398283588,1.0,0.005146600000443868,0.009186199999930977,0.1476505000000543,
iris,BADGESampler,,main,clean,0.1,18,0.15,22,0.7666666666666667,0.5839074057209068,0.532014424208294,0.0,0.0,0.0,0.1470037802073088,1.0,0.00484630000028119,0.009394200000315323,0.1827925999996296,
iris,BADGESampler,,main,clean,0.1,18,0.2,30,0.84,0.6234872506003193,0.6164720527958076,0.0,0.0,0.0,0.14844530843398548,1.0,0.007206100000075821,0.007472699999198085,0.22068669999953272,
iris,BADGESampler,,main,clean,0.1,18,0.3,45,0.88,0.6659541368969282,0.6881637082396713,0.0,0.0,0.0,0.20332347206489285,1.0,0.007263700000294193,0.009430699999938952,0.2566456999993534,
iris,BADGESampler,,main,clean,0.1,19,0.05,7,0.82,0.5793461357115841,0.5752252894638552,0.0,0.0,0.0,0.19048242569179097,1.0,0.0044268000001466135,0.012574999999742431,0.12554569999974774,
iris,BADGESampler,,main,clean,0.1,19,0.1,15,0.7733333333333333,0.48120819795448133,0.48449194817233066,0.0,0.0,0.0,0.22892616473804228,0.875,0.008932200000344892,0.015756200000396348,0.17274499999984982,
iris,BADGESampler,,main,clean,0.1,19,0.15,22,0.74,0.4663491482951982,0.4445530004844981,0.0,0.0,0.0,0.1853026694438032,1.0,0.008584199999859266,0.009774000000106753,0.21408010000050126,
iris,BADGESampler,,main,clean,0.1,19,0.2,30,0.7466666666666667,0.5731686139614693,0.5149220938411077,0.0,0.0,0.0,0.1751458943147467,1.0,0.005520899999282847,0.012760399999933725,0.2577257000002646,
iris,BADGESampler,,main,clean,0.1,19,0.3,45,0.7,0.5579779115313197,0.4898057942291511,0.0,0.0,0.0,0.2127195383617842,1.0,0.0100905999997849,0.013086500000099477,0.32392129999971075,
iris,BADGESampler,,main,clean,0.1,20,0.05,7,0.8,0.6295570832114857,0.5744038389344999,0.0,0.0,0.0,0.18314430850204771,1.0,0.004735800000162271,0.010691899999983434,0.0998885999997583,
iris,BADGESampler,,main,clean,0.1,20,0.1,15,0.84,0.6659323679491874,0.6303393343888227,0.0,0.0,0.0,0.24218589722777006,1.0,0.00498899999911373,0.007857600000534148,0.12798709999970015,
iris,BADGESampler,,main,clean,0.1,20,0.15,22,0.86,0.6882209890713717,0.663709048759882,0.0,0.0,0.0,0.1565888445653148,1.0,0.004602399999384943,0.006163900000501599,0.1549181000000317,
iris,BADGESampler,,main,clean,0.1,20,0.2,30,0.8733333333333333,0.6853377466263468,0.6843851651109923,0.0,0.0,0.0,0.14336553864645848,1.0,0.003540199999406468,0.0074656999995568185,0.18142040000020643,
iris,BADGESampler,,main,clean,0.1,20,0.3,45,0.9,0.7071530431792833,0.733845678735217,0.0,0.0,0.0,0.19812447603970143,1.0,0.00494780000008177,0.004913200000373763,0.20115759999953298,
iris,BADGESampler,,main,clean,0.1,21,0.05,7,0.82,0.5675209832344755,0.562110561062807,0.0,0.0,0.0,0.24106176941496738,1.0,0.004906000000119093,0.010894500000176777,0.10175299999991694,
iris,BADGESampler,,main,clean,0.1,21,0.1,15,0.76,0.4697131875966938,0.44722931686657397,0.0,0.0,0.0,0.16928020892026557,0.875,0.003814000000602391,0.01201980000041658,0.12952640000003157,
iris,BADGESampler,,main,clean,0.1,21,0.15,22,0.7533333333333333,0.44973547107242035,0.4242656872687701,0.0,0.0,0.0,0.2630484887888231,1.0,0.004874000000199885,0.010449399999743036,0.16265780000048835,
iris,BADGESampler,,main,clean,0.1,21,0.2,30,0.7133333333333334,0.4018775162212528,0.3563356001026563,0.0,0.0,0.0,0.20853333990441814,1.0,0.0034007000003839494,0.008562299999539391,0.18975120000050083,
iris,BADGESampler,,main,clean,0.1,21,0.3,45,0.8666666666666667,0.639893308996618,0.661367309966262,0.0,0.0,0.0,0.17860200565020803,1.0,0.007658599999558646,0.009691400000519934,0.22592619999977614,
iris,BADGESampler,,main,clean,0.1,22,0.05,7,0.8133333333333334,0.5643135260972384,0.5633481424668563,0.0,0.0,0.0,0.2529995835198213,1.0,0.0028355000004012254,0.005353700000341632,0.08345819999976811,
iris,BADGESampler,,main,clean,0.1,22,0.1,15,0.76,0.5168726669367001,0.4928858521445537,0.0,0.0,0.0,0.22141663951875984,0.875,0.0018195000002378947,0.003309100000478793,0.09616099999948347,
iris,BADGESampler,,main,clean,0.1,22,0.15,22,0.7333333333333333,0.4937047348197828,0.46469286498828594,0.0,0.0,0.0,0.15494584995780333,1.0,0.0020666000000346685,0.0026291000003766385,0.11497589999999036,
iris,BADGESampler,,main,clean,0.1,22,0.2,30,0.7866666666666666,0.4847272460866677,0.4989141328633575,0.0,0.0,0.0,0.20565663454619543,1.0,0.002898700000514509,0.0027102000003651483,0.1408713999999236,
iris,BADGESampler,,main,clean,0.1,22,0.3,45,0.9,0.7136937321844478,0.7344721700017535,0.0,0.0,0.0,0.20159143409551192,1.0,0.0049866999997902894,0.005577300000368268,0.16779249999945023,
iris,BADGESampler,,main,clean,0.1,23,0.05,7,0.52,0.5603041690566286,0.4137795873571159,0.0,0.0,0.0,0.29773343887033976,0.75,0.005066599999736354,0.034917699999823526,0.14211880000038946,
iris,BADGESampler,,main,clean,0.1,23,0.1,15,0.72,0.41112081376711473,0.3973520204720489,0.0,0.0,0.0,0.26207982590932577,1.0,0.005283200000121724,0.014337000000523403,0.1864501999998538,
iris,BADGESampler,,main,clean,0.1,23,0.15,22,0.7666666666666667,0.4531268123732836,0.46624139726023733,0.0,0.0,0.0,0.24356991546577023,1.0,0.005697800000234565,0.011345900000378606,0.23292820000006031,
iris,BADGESampler,,main,clean,0.1,23,0.2,30,0.8466666666666667,0.617795341900856,0.6195000957124879,0.0,0.0,0.0,0.2027688313249544,1.0,0.003315199999633478,0.01693509999950038,0.27348910000000615,
iris,BADGESampler,,main,clean,0.1,23,0.3,45,0.8733333333333333,0.6500484289574016,0.6679844303648473,0.0,0.0,0.0,0.24337952870648863,1.0,0.004524999999375723,0.01647289999982604,0.3162689999999202,
iris,BADGESampler,,main,clean,0.1,24,0.05,7,0.8133333333333334,0.5643135260972384,0.5633481424668563,0.0,0.0,0.0,0.33956422182604473,1.0,0.004435099999682279,0.005343900000298163,0.09645959999943443,
iris,BADGESampler,,main,clean,0.1,24,0.1,15,0.7933333333333333,0.526267217062283,0.520168840906903,0.0,0.0,0.0,0.20056157673387848,1.0,0.0066701000005195965,0.009355700000014622,0.1268873999997595,
iris,BADGESampler,,main,clean,0.1,24,0.15,22,0.7666666666666667,0.5854683496513994,0.5329217017544574,0.0,0.0,0.0,0.17363295613818824,1.0,0.003607900000133668,0.007522400000198104,0.1537502000001041,
iris,BADGESampler,,main,clean,0.1,24,0.2,30,0.8666666666666667,0.6579860456222357,0.6658811441990933,0.0,0.0,0.0,0.23553619199290032,1.0,0.0036090000003241585,0.007208099999843398,0.18241159999979573,
iris,BADGESampler,,main,clean,0.1,24,0.3,45,0.9066666666666666,0.7106821320723895,0.74725941402674,0.0,0.0,0.0,0.1954888568271894,1.0,0.004274099999747705,0.007826600000043982,0.21306379999987257,
iris,BADGESampler,,main,clean,0.1,25,0.05,7,0.8066666666666666,0.5293690628485926,0.5427881241124912,0.0,0.0,0.0,0.2535225281842417,1.0,0.005055200000242621,0.011806700000306591,0.1053366999994978,
iris,BADGESampler,,main,clean,0.1,25,0.1,15,0.7533333333333333,0.42592927409202647,0.43714581268869035,0.0,0.0,0.0,0.2796612344877577,1.0,0.004642799999601266,0.0051536000000851345,0.13414319999992586,
iris,BADGESampler,,main,clean,0.1,25,0.15,22,0.6933333333333334,0.35718040772109766,0.3557068702372779,0.0,0.0,0.0,0.18693046783192882,1.0,0.005046299999776238,0.008736499999940861,0.1675056999993103,
iris,BADGESampler,,main,clean,0.1,25,0.2,30,0.6533333333333333,0.30619534634246,0.30569508826902264,0.0,0.0,0.0,0.19981035233994576,1.0,0.0027257000001554843,0.00987040000018169,0.20582629999989877,
iris,BADGESampler,,main,clean,0.1,25,0.3,45,0.8533333333333334,0.6677077716619415,0.6472277159368262,0.0,0.0,0.0,0.1854625603462116,1.0,0.008312599999953818,0.01855780000005325,0.2503534999996191,
iris,BADGESampler,,main,clean,0.1,26,0.05,7,0.8266666666666667,0.5895540328600398,0.5874770921590411,0.0,0.0,0.0,0.21204880229530082,1.0,0.004945100000441016,0.009777500000382133,0.10533010000017384,
iris,BADGESampler,,main,clean,0.1,26,0.1,15,0.7866666666666666,0.47137631397915813,0.49309626182543975,0.0,0.0,0.0,0.2011723278352513,0.875,0.004543000000012398,0.008152200000040466,0.1344928999997137,
iris,BADGESampler,,main,clean,0.1,26,0.15,22,0.7533333333333333,0.4543788847071547,0.44909412799030096,0.0,0.0,0.0,0.20478032412249617,1.0,0.0034590000004754984,0.008437899999989895,0.16713619999973162,
iris,BADGESampler,,main,clean,0.1,26,0.2,30,0.7666666666666667,0.5589393621834542,0.5185616787205868,0.0,0.0,0.0,0.23533724809029083,1.0,0.002294499999152322,0.00838240000030055,0.19534889999977167,
iris,BADGESampler,,main,clean,0.1,26,0.3,45,0.8866666666666667,0.6894165983918356,0.7059754068952021,0.0,0.0,0.0,0.18439580938039726,1.0,0.006459600000198407,0.00926179999987653,0.2282154000004084,
iris,BADGESampler,,main,clean,0.1,27,0.05,7,0.8266666666666667,0.6534762508409035,0.6103971645085184,0.0,0.0,0.0,0.23534973283964966,1.0,0.004109299999981886,0.010807100000420178,0.09243629999946279,
iris,BADGESampler,,main,clean,0.1,27,0.1,15,0.7866666666666666,0.5972807960069357,0.5529977720777041,0.0,0.0,0.0,0.23664258541455752,1.0,0.004678400000557303,0.004379999999400752,0.10839359999954468,
iris,BADGESampler,,main,clean,0.1,27,0.15,22,0.7666666666666667,0.5615771399557424,0.5257431819539724,0.0,0.0,0.0,0.22427603088775427,1.0,0.0018936999995275983,0.0032789999995657126,0.12012569999933476,
iris,BADGESampler,,main,clean,0.1,27,0.2,30,0.7533333333333333,0.5391061150628617,0.5072386538829206,0.0,0.0,0.0,0.2502815335470738,1.0,0.00411549999989802,0.003560699999979988,0.13750029999937396,
iris,BADGESampler,,main,clean,0.1,27,0.3,45,0.9,0.6829353186158471,0.7285089453496003,0.0,0.0,0.0,0.10530605151471767,1.0,0.006608100000448758,0.005260899999484536,0.16234659999918222,
iris,BADGESampler,,main,clean,0.1,28,0.05,7,0.8266666666666667,0.6307775586367221,0.6049240120753526,0.0,0.0,0.0,0.3167895927280444,1.0,0.002468399999997928,0.010999699999956647,0.0832470999994257,
iris,BADGESampler,,main,clean,0.1,28,0.1,15,0.8666666666666667,0.6765249695266772,0.6718628639208437,0.0,0.0,0.0,0.202030590963455,1.0,0.0029908000005889335,0.0035459000000628293,0.10025189999942086,
iris,BADGESampler,,main,clean,0.1,28,0.15,22,0.8733333333333333,0.6660424111209998,0.6806002143622722,0.0,0.0,0.0,0.12187907280585944,1.0,0.0027280000003884197,0.005872000000636035,0.12115949999952136,
iris,BADGESampler,,main,clean,0.1,28,0.2,30,0.88,0.6761847499620495,0.6938371430475265,0.0,0.0,0.0,0.15991170607047656,1.0,0.0034195999996882165,0.005026699999689299,0.1413829999992231,
iris,BADGESampler,,main,clean,0.1,28,0.3,45,0.8866666666666667,0.6737064199805853,0.7036510580642183,0.0,0.0,0.0,0.15642859801192818,1.0,0.004932400000143389,0.0028185999999550404,0.1566384999996444,
iris,BADGESampler,,main,clean,0.1,29,0.05,7,0.7866666666666666,0.5353993983961683,0.5257261111768297,0.0,0.0,0.0,0.32186554643819176,1.0,0.004659600000195496,0.01633230000061303,0.09714969999913592,
iris,BADGESampler,,main,clean,0.1,29,0.1,15,0.8266666666666667,0.5432662709166215,0.5712262272263251,0.0,0.0,0.0,0.30239078957124593,1.0,0.0047844000000623055,0.007790000000568398,0.12689099999988684,
iris,BADGESampler,,main,clean,0.1,29,0.15,22,0.8266666666666667,0.5264513592958759,0.5637808448347972,0.0,0.0,0.0,0.1996870299051357,1.0,0.004384799999570532,0.007270799999787414,0.15655289999995148,
iris,BADGESampler,,main,clean,0.1,29,0.2,30,0.7133333333333334,0.39447901325858953,0.3926671570400413,0.0,0.0,0.0,0.2726523135639296,1.0,0.005843200000526849,0.008496399999785353,0.19187089999923046,
iris,BADGESampler,,main,clean,0.1,29,0.3,45,0.88,0.7160100313235858,0.7011154962653707,0.0,0.0,0.0,0.1547141983364539,1.0,0.006671500000265951,0.010770800000500458,0.23061629999938305,
iris,BADGESampler,,main,clean,0.2,0,0.05,7,0.8133333333333334,0.6182350542108561,0.5859270111119727,0.0,0.0,0.0,0.2591514811044913,1.0,0.002892999999858148,0.006850499999927706,0.10350910000033764,
iris,BADGESampler,,main,clean,0.2,0,0.1,15,0.7933333333333333,0.5881132019126529,0.5552081677353258,0.0,0.0,0.0,0.2741270221613998,1.0,0.0040452999992339755,0.01259239999944839,0.13438510000014503,
iris,BADGESampler,,main,clean,0.2,0,0.15,22,0.7666666666666667,0.5693237056353261,0.5260547658936722,0.0,0.0,0.0,0.10867823236561533,1.0,0.0033140000005005277,0.008568899999772839,0.16473880000012286,
iris,BADGESampler,,main,clean,0.2,0,0.2,30,0.74,0.5320406061462504,0.49632880858143535,0.0,0.0,0.0,0.13775502446931903,1.0,0.0030200999999578926,0.0036927999999534222,0.19078150000041205,
iris,BADGESampler,,main,clean,0.2,0,0.3,45,0.8666666666666667,0.6264526281495448,0.6585807981701405,0.0,0.0,0.0,0.13352920206112254,1.0,0.009052800000063144,0.0067165999998906045,0.22039949999998498,
iris,BADGESampler,,main,clean,0.2,1,0.05,7,0.8266666666666667,0.6550256828579779,0.6109364906166366,0.0,0.0,0.0,0.24668332832057405,1.0,0.004245600000103877,0.011989099999482278,0.10135160000027099,
iris,BADGESampler,,main,clean,0.2,1,0.1,15,0.8466666666666667,0.6750498631643848,0.6416026620488269,0.0,0.0,0.0,0.2114678930546564,1.0,0.004631600000720937,0.004116699999940465,0.125017299999854,
iris,BADGESampler,,main,clean,0.2,1,0.15,22,0.8666666666666667,0.6967858730970384,0.6757362582358094,0.0,0.0,0.0,0.20930318464771966,0.8571428571428571,0.0026275000000168802,0.01084050000008574,0.15470900000036636,
iris,BADGESampler,,main,clean,0.2,1,0.2,30,0.8733333333333333,0.6858296345575444,0.6845165001489073,0.0,0.0,0.0,0.13197298455505163,1.0,0.006026400000337162,0.005759900000157359,0.18255190000036237,
iris,BADGESampler,,main,clean,0.2,1,0.3,45,0.88,0.646767844505341,0.684828414979636,0.0,0.0,0.0,0.15480074287262832,1.0,0.009374600000228384,0.006908399999701942,0.21572139999989304,
iris,BADGESampler,,main,clean,0.2,2,0.05,7,0.8333333333333334,0.6227616767673503,0.6026569407784246,0.0,0.0,0.0,0.17364907852303924,1.0,0.002908899999965797,0.018952499999613792,0.11642519999986689,
iris,BADGESampler,,main,clean,0.2,2,0.1,15,0.86,0.6671148595914475,0.6560539098663816,0.0,0.0,0.0,0.2914987468367669,0.875,0.0033948999998756335,0.01203700000041863,0.147642499999165,
iris,BADGESampler,,main,clean,0.2,2,0.15,22,0.8666666666666667,0.6560205139211482,0.6643870272740627,0.0,0.0,0.0,0.20806778044327176,1.0,0.0031775999996170867,0.012178800000583578,0.17466349999995145,
iris,BADGESampler,,main,clean,0.2,2,0.2,30,0.8866666666666667,0.6852244582406327,0.7050612814621027,0.0,0.0,0.0,0.22409611560617038,1.0,0.0038828999995530467,0.004237799999827985,0.1998435999994399,
iris,BADGESampler,,main,clean,0.2,2,0.3,45,0.9066666666666666,0.7019890799396052,0.7460433406379352,0.0,0.0,0.0,0.18531521385927643,1.0,0.006264300000111689,0.007640099999662198,0.2306706999997914,
iris,BADGESampler,,main,clean,0.2,3,0.05,7,0.82,0.5640187099039138,0.5581531252378312,0.0,0.0,0.0,0.25404931401381214,1.0,0.0044732999995176215,0.007847599999877275,0.1101327999995192,
iris,BADGESampler,,main,clean,0.2,3,0.1,15,0.8066666666666666,0.5229826481806861,0.5190330496471237,0.0,0.0,0.0,0.17620698722179934,1.0,0.003178400000251713,0.007215300000098068,0.13957419999951526,
iris,BADGESampler,,main,clean,0.2,3,0.15,22,0.78,0.480985684998482,0.48368600442647175,0.0,0.0,0.0,0.19938524979218325,1.0,0.005223000000114553,0.006588500000361819,0.171909599999708,
iris,BADGESampler,,main,clean,0.2,3,0.2,30,0.7266666666666667,0.4086884740945336,0.4002860847357029,0.0,0.0,0.0,0.22447042979689247,1.0,0.003014400000211026,0.005893999999898369,0.20467550000012125,
iris,BADGESampler,,main,clean,0.2,3,0.3,45,0.8666666666666667,0.6198085507599502,0.6550771209099818,0.0,0.0,0.0,0.19157327403135904,0.9333333333333333,0.00607769999987795,0.010453299999426235,0.23702979999961826,
iris,BADGESampler,,main,clean,0.2,4,0.05,7,0.7866666666666666,0.578642553792151,0.5390513362343552,0.0,0.0,0.0,0.12578240694742335,1.0,0.004367700000329933,0.00845500000013999,0.10862539999925502,
iris,BADGESampler,,main,clean,0.2,4,0.1,15,0.7666666666666667,0.46501654968483463,0.46655429430700995,0.0,0.0,0.0,0.17211274188627207,1.0,0.005304399999658926,0.009568299999955343,0.14705789999970875,
iris,BADGESampler,,main,clean,0.2,4,0.15,22,0.7333333333333333,0.41666150427561327,0.4138203752080464,0.0,0.0,0.0,0.2218566287218858,1.0,0.003773600000386068,0.00787789999958477,0.1749112999996214,
iris,BADGESampler,,main,clean,0.2,4,0.2,30,0.8466666666666667,0.6102609750549853,0.6206455945181422,0.0,0.0,0.0,0.17028096701514067,1.0,0.004526699999587436,0.0105357999991611,0.2124439999997776,
iris,BADGESampler,,main,clean,0.2,4,0.3,45,0.8466666666666667,0.6156702439528436,0.6217992240214553,0.0,0.0,0.0,0.1389799137232536,1.0,0.004292200000236335,0.013859099999535829,0.24713019999944663,
iris,BADGESampler,,main,clean,0.2,5,0.05,7,0.8533333333333334,0.642639557248139,0.6420777486442031,0.0,0.0,0.0,0.22934506857378076,1.0,0.004644399999961024,0.00653500000044005,0.09895569999935105,
iris,BADGESampler,,main,clean,0.2,5,0.1,15,0.84,0.562159066332908,0.5970114820861272,0.0,0.0,0.0,0.18193749761884395,1.0,0.003934500000468688,0.011126200000035169,0.13526199999978417,
iris,BADGESampler,,main,clean,0.2,5,0.15,22,0.82,0.5039182007328294,0.548828021801599,0.0,0.0,0.0,0.17842251660679234,1.0,0.0024851999996826635,0.008097199999610893,0.16202749999956723,
iris,BADGESampler,,main,clean,0.2,5,0.2,30,0.7866666666666666,0.4497663959781363,0.48625869543300737,0.0,0.0,0.0,0.23768049193792173,1.0,0.0020588999996107304,0.006017599999722734,0.1785835999999108,
iris,BADGESampler,,main,clean,0.2,5,0.3,45,0.7333333333333333,0.3683741620975632,0.396741807463888,0.0,0.0,0.0,0.1786915832868878,1.0,0.006555499999194581,0.00410219999957917,0.20694949999960954,
iris,BADGESampler,,main,clean,0.2,6,0.05,7,0.82,0.5378539213739197,0.5562383863263478,0.0,0.0,0.0,0.2491916628456709,0.75,0.004990999999790802,0.01121659999989788,0.10134349999952974,
iris,BADGESampler,,main,clean,0.2,6,0.1,15,0.7733333333333333,0.4765631561701149,0.47159905954375164,0.0,0.0,0.0,0.1714702325543993,1.0,0.003198299999894516,0.010819399999490997,0.12785879999955796,
iris,BADGESampler,,main,clean,0.2,6,0.15,22,0.72,0.41902854506743414,0.39398314601440043,0.0,0.0,0.0,0.23261637515705777,0.8571428571428571,0.0016282999995382852,0.006340100000670645,0.14683309999963967,
iris,BADGESampler,,main,clean,0.2,6,0.2,30,0.7666666666666667,0.512634212109569,0.5015816970599282,0.0,0.0,0.0,0.2446160038764938,0.75,0.00204570000005333,0.012568799999826297,0.17947489999914978,
iris,BADGESampler,,main,clean,0.2,6,0.3,45,0.7133333333333334,0.46810269494047313,0.4493574393521135,0.0,0.0,0.0,0.25402895049010954,0.9333333333333333,0.004171900000073947,0.006608199999391218,0.20443059999979596,
iris,BADGESampler,,main,clean,0.2,7,0.05,7,0.8466666666666667,0.6506516350006384,0.6318346055045373,0.0,0.0,0.0,0.11636993741484558,1.0,0.0029860000004191534,0.010418099999697006,0.09558730000026117,
iris,BADGESampler,,main,clean,0.2,7,0.1,15,0.8533333333333334,0.6589728179429745,0.6433298942586483,0.0,0.0,0.0,0.2580402878039943,0.875,0.0028814999996029655,0.008483800000249175,0.12100330000066606,
iris,BADGESampler,,main,clean,0.2,7,0.15,22,0.86,0.6542421964566142,0.6475272735672291,0.0,0.0,0.0,0.25515541882180226,0.8571428571428571,0.003113699999630626,0.007423400000334368,0.14065470000059577,
iris,BADGESampler,,main,clean,0.2,7,0.2,30,0.88,0.6644701598303382,0.6844176716648258,0.0,0.0,0.0,0.18113531546562683,1.0,0.001676200000474637,0.003537700000379118,0.15825159999985772,
iris,BADGESampler,,main,clean,0.2,7,0.3,45,0.8933333333333333,0.6854675473279365,0.7136941648750199,0.0,0.0,0.0,0.1451126747987004,1.0,0.0038776000001234934,0.005654800000229443,0.17832670000007056,
iris,BADGESampler,,main,clean,0.2,9,0.05,7,0.8,0.554382267247827,0.5426612244897959,0.0,0.0,0.0,0.11201334085373019,1.0,0.002689799999643583,0.01275779999923543,0.08940209999946092,
iris,BADGESampler,,main,clean,0.2,9,0.1,15,0.76,0.4559460537850013,0.45410998692607724,0.0,0.0,0.0,0.2087479866662766,1.0,0.004892100000688515,0.005683800000042538,0.11423779999950057,
iris,BADGESampler,,main,clean,0.2,9,0.15,22,0.7866666666666666,0.48539555427697145,0.4969097518239131,0.0,0.0,0.0,0.2015945260152384,1.0,0.0017409000001862296,0.0038598999999521766,0.1375172999996721,
iris,BADGESampler,,main,clean,0.2,9,0.2,30,0.7533333333333333,0.45367840246970387,0.45188624197681204,0.0,0.0,0.0,0.24471663801573182,1.0,0.005027900000641239,0.010841300000720366,0.16786729999967065,
iris,BADGESampler,,main,clean,0.2,9,0.3,45,0.86,0.6056703790978285,0.6391645559670799,0.0,0.0,0.0,0.26034053087795517,0.8,0.005329800000254181,0.011083200000030047,0.19742760000008275,
iris,BADGESampler,,main,clean,0.2,8,0.05,7,0.82,0.6254684690281429,0.5955308340911531,0.0,0.0,0.0,0.14595802394272855,1.0,0.0024503000004187925,0.031030400000418012,0.1103134000004502,
iris,BADGESampler,,main,clean,0.2,8,0.1,15,0.7933333333333333,0.6019046324685279,0.5603894699470723,0.0,0.0,0.0,0.2245612999603055,1.0,0.0056694000004426925,0.005425999999715714,0.13640089999989868,
iris,BADGESampler,,main,clean,0.2,8,0.15,22,0.76,0.5565448424089504,0.5187711546908509,0.0,0.0,0.0,0.21244568980747833,1.0,0.0047311000007539405,0.007511599999816099,0.16318780000074184,
iris,BADGESampler,,main,clean,0.2,8,0.2,30,0.7333333333333333,0.5283723563246605,0.49070516868397573,0.0,0.0,0.0,0.21935024288646288,1.0,0.0049293000001853216,0.005190699999729986,0.18225150000034773,
iris,BADGESampler,,main,clean,0.2,8,0.3,45,0.88,0.6443624952820567,0.6819403933582102,0.0,0.0,0.0,0.1864601404232678,1.0,0.0046261999996204395,0.0028064999996786355,0.2067231000000902,
iris,BADGESampler,,main,clean,0.2,10,0.05,7,0.8333333333333334,0.659486892724918,0.6201351808870379,0.0,0.0,0.0,0.34359564242401175,1.0,0.002794799999719544,0.010363399999732792,0.1102098000001206,
iris,BADGESampler,,main,clean,0.2,10,0.1,15,0.86,0.6696568596405668,0.6599380422829475,0.0,0.0,0.0,0.20904403587396694,1.0,0.01084309999987454,0.0076006000008419505,0.14972730000044976,
iris,BADGESampler,,main,clean,0.2,10,0.15,22,0.86,0.6468694894946695,0.652130612244898,0.0,0.0,0.0,0.09936259781970012,1.0,0.00606450000032055,0.01144639999984065,0.18303569999989122,
iris,BADGESampler,,main,clean,0.2,10,0.2,30,0.86,0.6270592853539593,0.6483033150080743,0.0,0.0,0.0,0.12353652850301904,1.0,0.004530199999862816,0.009155899999313988,0.2125984000003882,
iris,BADGESampler,,main,clean,0.2,10,0.3,45,0.8733333333333333,0.6257616236953806,0.668306686412178,0.0,0.0,0.0,0.19357009337950154,1.0,0.008417500000177824,0.00982069999918167,0.24685310000040772,
iris,BADGESampler,,main,clean,0.2,11,0.05,7,0.84,0.6439807185013899,0.6217034719190815,0.0,0.0,0.0,0.2779249426670763,1.0,0.0029820999998264597,0.00505079999948066,0.09984500000064145,
iris,BADGESampler,,main,clean,0.2,11,0.1,15,0.7666666666666667,0.5071100995991358,0.4868875240349161,0.0,0.0,0.0,0.221666798730752,1.0,0.005128599999807193,0.008284399999865855,0.13297630000033678,
iris,BADGESampler,,main,clean,0.2,11,0.15,22,0.7533333333333333,0.4738973927612283,0.45848318914773895,0.0,0.0,0.0,0.22834852735722078,1.0,0.0018085000001519802,0.0030503999996653874,0.15473070000007283,
iris,BADGESampler,,main,clean,0.2,11,0.2,30,0.7,0.4114520862116555,0.38327003140259086,0.0,0.0,0.0,0.14582801242200757,1.0,0.007247099999403872,0.0065818999992188765,0.1883613999998488,
iris,BADGESampler,,main,clean,0.2,11,0.3,45,0.8933333333333333,0.6696023914714174,0.7113827934801669,0.0,0.0,0.0,0.23940593889091366,0.8666666666666667,0.009788800000023912,0.005585199999586621,0.22763810000014928,
iris,BADGESampler,,main,clean,0.2,12,0.05,7,0.8333333333333334,0.5818726610081947,0.5902648359371071,0.0,0.0,0.0,0.2361025373363022,0.75,0.0044250999999349006,0.015018199999758508,0.11175139999977546,
iris,BADGESampler,,main,clean,0.2,12,0.1,15,0.8,0.490735975313201,0.5143797269556877,0.0,0.0,0.0,0.1877590080155225,1.0,0.004454599999917264,0.010745000000497384,0.15111529999921913,
iris,BADGESampler,,main,clean,0.2,12,0.15,22,0.7933333333333333,0.4876318302318097,0.50665119970364,0.0,0.0,0.0,0.18014488777232232,1.0,0.0030525000001944136,0.005115699999805656,0.17202300000008108,
iris,BADGESampler,,main,clean,0.2,12,0.2,30,0.88,0.6959200939341896,0.6974843511382907,0.0,0.0,0.0,0.17165467356086778,1.0,0.007680599999730475,0.006180100000165112,0.21472999999969034,
iris,BADGESampler,,main,clean,0.2,12,0.3,45,0.9,0.7136937321844478,0.7344721700017535,0.0,0.0,0.0,0.24422098293911004,1.0,0.006889700000101584,0.011155500000313623,0.2563571000000593,
iris,BADGESampler,,main,clean,0.2,13,0.05,7,0.8333333333333334,0.637785341273063,0.6151127724432873,0.0,0.0,0.0,0.19579417003940108,1.0,0.003409500000088883,0.0067838999993909965,0.11252160000003641,
iris,BADGESampler,,main,clean,0.2,13,0.1,15,0.8666666666666667,0.6571407411223281,0.6679014410687598,0.0,0.0,0.0,0.31031270043247416,1.0,0.0030431999994107173,0.008035400000153459,0.13738180000018474,
iris,BADGESampler,,main,clean,0.2,13,0.15,22,0.8733333333333333,0.6557533746993502,0.6772668496816274,0.0,0.0,0.0,0.19109433499797493,1.0,0.004351499999756925,0.008783399999629182,0.16604649999953836,
iris,BADGESampler,,main,clean,0.2,13,0.2,30,0.8933333333333333,0.6870537420725007,0.7185571089960386,0.0,0.0,0.0,0.15460051013440923,1.0,0.0034258000005138456,0.006985799999711162,0.18951079999987996,
iris,BADGESampler,,main,clean,0.2,13,0.3,45,0.8933333333333333,0.66366444151189,0.7117878702612473,0.0,0.0,0.0,0.1676523574614407,1.0,0.00594230000024254,0.005837799999426352,0.21493419999933394,
iris,BADGESampler,,main,clean,0.2,14,0.05,7,0.8133333333333334,0.5311042767679813,0.5455533501523631,0.0,0.0,0.0,0.3243163155712886,1.0,0.004135499999392778,0.01445659999990312,0.10703530000046158,
iris,BADGESampler,,main,clean,0.2,14,0.1,15,0.7866666666666666,0.4861190116353422,0.4932900882129917,0.0,0.0,0.0,0.17580821360583562,1.0,0.002995000000737491,0.00614060000043537,0.1284819000002244,
iris,BADGESampler,,main,clean,0.2,14,0.15,22,0.74,0.44149417681289904,0.42330978197127733,0.0,0.0,0.0,0.1519210728630823,1.0,0.0046443000001090695,0.007931600000119943,0.1564062000006743,
iris,BADGESampler,,main,clean,0.2,14,0.2,30,0.74,0.5017290759411401,0.4738820789876007,0.0,0.0,0.0,0.20577458514528246,1.0,0.004258699999809323,0.006138199999440985,0.1884411999999429,
iris,BADGESampler,,main,clean,0.2,14,0.3,45,0.8933333333333333,0.6735658244373284,0.714002981580129,0.0,0.0,0.0,0.2647163481331669,1.0,0.0043992000000798726,0.011689099999784958,0.21590680000008433,
iris,BADGESampler,,main,clean,0.2,15,0.05,7,0.7866666666666666,0.5615189012962782,0.5373719930326739,0.0,0.0,0.0,0.231865933462971,1.0,0.0041805000000749715,0.01470789999984845,0.10705369999959657,
iris,BADGESampler,,main,clean,0.2,15,0.1,15,0.7533333333333333,0.49186968055903507,0.4816227593184757,0.0,0.0,0.0,0.21137655044575376,1.0,0.0026167999994868296,0.00710350000008475,0.12921120000009978,
iris,BADGESampler,,main,clean,0.2,15,0.15,22,0.7,0.436468879012656,0.4208886431422564,0.0,0.0,0.0,0.21719171396180212,1.0,0.0035068000006504008,0.0036978999996790662,0.14995159999944008,
iris,BADGESampler,,main,clean,0.2,15,0.2,30,0.78,0.45900002557257663,0.4707099675732047,0.0,0.0,0.0,0.20273795199871203,1.0,0.003111100000751321,0.0051509999993868405,0.17079800000010437,
iris,BADGESampler,,main,clean,0.2,15,0.3,45,0.8666666666666667,0.6283344095393445,0.6589017036154929,0.0,0.0,0.0,0.23195308827025685,1.0,0.0045714999996562256,0.008586099999774888,0.19862349999948492,
iris,BADGESampler,,main,clean,0.2,16,0.05,7,0.8333333333333334,0.566857158557575,0.5881850479594779,0.0,0.0,0.0,0.31971136569188535,1.0,0.004809600000044156,0.011325000000397267,0.10544930000014574,
iris,BADGESampler,,main,clean,0.2,16,0.1,15,0.8333333333333334,0.5209476562318776,0.5715124840405787,0.0,0.0,0.0,0.21372994745428459,1.0,0.00604750000002241,0.00857709999945655,0.13426330000038433,
iris,BADGESampler,,main,clean,0.2,16,0.15,22,0.8266666666666667,0.5065123336933733,0.5561281624754014,0.0,0.0,0.0,0.1575802583077028,1.0,0.0031178999997791834,0.00524050000058196,0.15914010000051348,
iris,BADGESampler,,main,clean,0.2,16,0.2,30,0.78,0.44636152683002445,0.4781174002322428,0.0,0.0,0.0,0.15410112676919566,1.0,0.004650500000025204,0.009393700000146055,0.19316410000010364,
iris,BADGESampler,,main,clean,0.2,16,0.3,45,0.8933333333333333,0.6556032965677184,0.7064404677895029,0.0,0.0,0.0,0.2337269172734813,0.8666666666666667,0.007281699999111879,0.009774600000127975,0.22771990000001097,
iris,BADGESampler,,main,clean,0.2,17,0.05,7,0.82,0.5667195993847186,0.5727825202256789,0.0,0.0,0.0,0.26525418544447016,1.0,0.0035531000003174995,0.005536200000278768,0.08960430000024644,
iris,BADGESampler,,main,clean,0.2,17,0.1,15,0.8466666666666667,0.5766402625322801,0.6105995131560548,0.0,0.0,0.0,0.19803845294552713,1.0,0.005241199999545643,0.00931629999922734,0.1207483999996839,
iris,BADGESampler,,main,clean,0.2,17,0.15,22,0.82,0.5220634515494422,0.5532597891443563,0.0,0.0,0.0,0.19261698583194414,1.0,0.0018118999996659113,0.007324200000766723,0.14287200000035227,
iris,BADGESampler,,main,clean,0.2,17,0.2,30,0.8066666666666666,0.4926380325338458,0.5229105900373152,0.0,0.0,0.0,0.1983613233765024,1.0,0.004880899999989197,0.007971399999405548,0.16880909999963478,
iris,BADGESampler,,main,clean,0.2,17,0.3,45,0.7533333333333333,0.399705788681161,0.4295164652388513,0.0,0.0,0.0,0.19853092768947178,0.9333333333333333,0.006504599999971106,0.006333500000437198,0.1980569999996078,
iris,BADGESampler,,main,clean,0.2,18,0.05,7,0.84,0.6712151876862276,0.6318715256331069,0.0,0.0,0.0,0.3400406064832121,1.0,0.001809000000321248,0.005409399999734887,0.0795682999996643,
iris,BADGESampler,,main,clean,0.2,18,0.1,15,0.78,0.5923607938020873,0.5455173473564541,0.0,0.0,0.0,0.22924925398283588,1.0,0.0030070000002524466,0.0032287000003634603,0.0964179000002332,
iris,BADGESampler,,main,clean,0.2,18,0.15,22,0.7666666666666667,0.5839074057209068,0.532014424208294,0.0,0.0,0.0,0.1470037802073088,1.0,0.0016771000000517233,0.003950100000110979,0.11622280000028695,
iris,BADGESampler,,main,clean,0.2,18,0.2,30,0.84,0.6234872506003193,0.6164720527958076,0.0,0.0,0.0,0.14844530843398548,1.0,0.0022574000004169648,0.00619269999970129,0.1434919000002992,
iris,BADGESampler,,main,clean,0.2,18,0.3,45,0.8666666666666667,0.6164103580843225,0.6544107156687307,0.0,0.0,0.0,0.20332347206489285,1.0,0.004559400000289315,0.006936100000530132,0.1695319999998901,
iris,BADGESampler,,main,clean,0.2,19,0.05,7,0.82,0.5793461357115841,0.5752252894638552,0.0,0.0,0.0,0.19048242569179097,1.0,0.001649800000450341,0.010490000000572763,0.0882659999997486,
iris,BADGESampler,,main,clean,0.2,19,0.1,15,0.7733333333333333,0.48120819795448133,0.48449194817233066,0.0,0.0,0.0,0.22892616473804228,0.875,0.005413300000327581,0.00831709999965824,0.12307750000036322,
iris,BADGESampler,,main,clean,0.2,19,0.15,22,0.74,0.4663491482951982,0.4445530004844981,0.0,0.0,0.0,0.1853026694438032,1.0,0.002997799999320705,0.00769880000007106,0.14656269999977667,
iris,BADGESampler,,main,clean,0.2,19,0.2,30,0.7466666666666667,0.5731686139614693,0.5149220938411077,0.0,0.0,0.0,0.1751458943147467,1.0,0.0031185999996523606,0.004475599999750557,0.1680744000004779,
iris,BADGESampler,,main,clean,0.2,19,0.3,45,0.7,0.529752848536376,0.472666089955985,0.0,0.0,0.0,0.2127195383617842,1.0,0.004813600000488805,0.006892299999890383,0.19708400000035908,
iris,BADGESampler,,main,clean,0.2,20,0.05,7,0.8,0.6295570832114857,0.5744038389344999,0.0,0.0,0.0,0.18314430850204771,1.0,0.003135400000246591,0.014912700000422774,0.10391270000036457,
iris,BADGESampler,,main,clean,0.2,20,0.1,15,0.84,0.6659323679491874,0.6303393343888227,0.0,0.0,0.0,0.24218589722777006,1.0,0.005123500000081549,0.008097300000372343,0.13397810000060417,
iris,BADGESampler,,main,clean,0.2,20,0.15,22,0.86,0.6882209890713717,0.663709048759882,0.0,0.0,0.0,0.1565888445653148,1.0,0.003534600000421051,0.006945299999642884,0.16495380000014848,
iris,BADGESampler,,main,clean,0.2,20,0.2,30,0.8733333333333333,0.6853377466263468,0.6843851651109923,0.0,0.0,0.0,0.14336553864645848,1.0,0.004530199999862816,0.00907069999993837,0.19459330000063346,
iris,BADGESampler,,main,clean,0.2,20,0.3,45,0.8866666666666667,0.6676391761437805,0.7022646986409632,0.0,0.0,0.0,0.19812447603970143,1.0,0.00921719999951165,0.0036159999999654246,0.22448030000032304,
iris,BADGESampler,,main,clean,0.2,21,0.05,7,0.82,0.5675209832344755,0.562110561062807,0.0,0.0,0.0,0.24106176941496738,1.0,0.0042593999996825005,0.012460400000236405,0.10634680000021035,
iris,BADGESampler,,main,clean,0.2,21,0.1,15,0.76,0.4697131875966938,0.44722931686657397,0.0,0.0,0.0,0.16928020892026557,0.875,0.005419000000074448,0.007024200000159908,0.14317530000062106,
iris,BADGESampler,,main,clean,0.2,21,0.15,22,0.7533333333333333,0.44973547107242035,0.4242656872687701,0.0,0.0,0.0,0.2630484887888231,1.0,0.0030549999992217636,0.005917299999964598,0.16349800000079995,
iris,BADGESampler,,main,clean,0.2,21,0.2,30,0.7133333333333334,0.4018775162212528,0.3563356001026563,0.0,0.0,0.0,0.20853333990441814,1.0,0.004909899999802292,0.007639700000254379,0.1974104000000807,
iris,BADGESampler,,main,clean,0.2,21,0.3,45,0.8533333333333334,0.5985854266997307,0.6285549887567564,0.0,0.0,0.0,0.17860200565020803,1.0,0.005128499999955238,0.007642599999599042,0.22891410000011092,
iris,BADGESampler,,main,clean,0.2,22,0.05,7,0.8133333333333334,0.5643135260972384,0.5633481424668563,0.0,0.0,0.0,0.2529995835198213,1.0,0.005242199999884178,0.0096598999998605,0.09159710000039922,
iris,BADGESampler,,main,clean,0.2,22,0.1,15,0.76,0.5168726669367001,0.4928858521445537,0.0,0.0,0.0,0.22141663951875984,0.875,0.006394000000000233,0.014029699999809964,0.12996380000004137,
iris,BADGESampler,,main,clean,0.2,22,0.15,22,0.7333333333333333,0.4937047348197828,0.46469286498828594,0.0,0.0,0.0,0.15494584995780333,1.0,0.005791200000203389,0.006367200000568118,0.1547694999999294,
iris,BADGESampler,,main,clean,0.2,22,0.2,30,0.7866666666666666,0.4847272460866677,0.4989141328633575,0.0,0.0,0.0,0.20565663454619543,1.0,0.004764600000271457,0.005681100000401784,0.18665109999983542,
iris,BADGESampler,,main,clean,0.2,22,0.3,45,0.8866666666666667,0.6850248493112289,0.703686334639638,0.0,0.0,0.0,0.20159143409551192,1.0,0.006706300000587362,0.0096293999995396,0.2186059000005116,
iris,BADGESampler,,main,clean,0.2,23,0.05,7,0.52,0.5603041690566286,0.4137795873571159,0.0,0.0,0.0,0.29773343887033976,0.75,0.0045383000006040675,0.022856300000057672,0.1234307999993689,
iris,BADGESampler,,main,clean,0.2,23,0.1,15,0.72,0.41112081376711473,0.3973520204720489,0.0,0.0,0.0,0.26207982590932577,1.0,0.0023234999998749117,0.014934499999981199,0.15523829999983718,
iris,BADGESampler,,main,clean,0.2,23,0.15,22,0.7666666666666667,0.4531268123732836,0.46624139726023733,0.0,0.0,0.0,0.24356991546577023,1.0,0.0035105000006296905,0.00812949999999546,0.18282799999997223,
iris,BADGESampler,,main,clean,0.2,23,0.2,30,0.8466666666666667,0.617795341900856,0.6195000957124879,0.0,0.0,0.0,0.2027688313249544,1.0,0.003152799999952549,0.01127489999998943,0.21355409999978292,
iris,BADGESampler,,main,clean,0.2,23,0.3,45,0.86,0.6086891261545395,0.6379530211801758,0.0,0.0,0.0,0.24337952870648863,1.0,0.0043476999999256805,0.011839199999485572,0.24352819999967323,
iris,BADGESampler,,main,clean,0.2,24,0.05,7,0.8133333333333334,0.5643135260972384,0.5633481424668563,0.0,0.0,0.0,0.33956422182604473,1.0,0.002774100000351609,0.0050411000001986395,0.08955069999956322,
iris,BADGESampler,,main,clean,0.2,24,0.1,15,0.7933333333333333,0.526267217062283,0.520168840906903,0.0,0.0,0.0,0.20056157673387848,1.0,0.005526499999177759,0.009517700000287732,0.11857409999993251,
iris,BADGESampler,,main,clean,0.2,24,0.15,22,0.7666666666666667,0.5854683496513994,0.5329217017544574,0.0,0.0,0.0,0.17363295613818824,1.0,0.003085599999394617,0.005278699999507808,0.14152349999949365,
iris,BADGESampler,,main,clean,0.2,24,0.2,30,0.8666666666666667,0.6579860456222357,0.6658811441990933,0.0,0.0,0.0,0.23553619199290032,1.0,0.00640320000002248,0.008346799999344512,0.17376139999942097,
iris,BADGESampler,,main,clean,0.2,24,0.3,45,0.8933333333333333,0.6693130360968871,0.7125183048953103,0.0,0.0,0.0,0.1954888568271894,1.0,0.005941999999777181,0.010773199999675853,0.2039918000000398,
iris,BADGESampler,,main,clean,0.2,25,0.05,7,0.8066666666666666,0.5293690628485926,0.5427881241124912,0.0,0.0,0.0,0.2535225281842417,1.0,0.006353099999614642,0.01439970000046742,0.1106817999998384,
iris,BADGESampler,,main,clean,0.2,25,0.1,15,0.7533333333333333,0.42592927409202647,0.43714581268869035,0.0,0.0,0.0,0.2796612344877577,1.0,0.004489599999942584,0.005653299999721639,0.1379642000001695,
iris,BADGESampler,,main,clean,0.2,25,0.15,22,0.6933333333333334,0.35718040772109766,0.3557068702372779,0.0,0.0,0.0,0.18693046783192882,1.0,0.006771999999727996,0.009176900000056776,0.16885480000019015,
iris,BADGESampler,,main,clean,0.2,25,0.2,30,0.6533333333333333,0.30619534634246,0.30569508826902264,0.0,0.0,0.0,0.19981035233994576,1.0,0.002923000000009779,0.011577799999940908,0.22074489999977231,
iris,BADGESampler,,main,clean,0.2,25,0.3,45,0.84,0.6193113725250489,0.6174481944619079,0.0,0.0,0.0,0.1854625603462116,1.0,0.005296700000144483,0.0153626000001168,0.26188529999944876,
iris,BADGESampler,,main,clean,0.2,26,0.05,7,0.8266666666666667,0.5895540328600398,0.5874770921590411,0.0,0.0,0.0,0.21204880229530082,1.0,0.0029303000001164037,0.006639999999606516,0.09219500000017433,
iris,BADGESampler,,main,clean,0.2,26,0.1,15,0.7866666666666666,0.47137631397915813,0.49309626182543975,0.0,0.0,0.0,0.2011723278352513,0.875,0.0066246000005776295,0.005030799999985902,0.12055940000027476,
iris,BADGESampler,,main,clean,0.2,26,0.15,22,0.7533333333333333,0.4543788847071547,0.44909412799030096,0.0,0.0,0.0,0.20478032412249617,1.0,0.005711199999495875,0.008123499999783235,0.14860419999968144,
iris,BADGESampler,,main,clean,0.2,26,0.2,30,0.7666666666666667,0.5589393621834542,0.5185616787205868,0.0,0.0,0.0,0.23533724809029083,1.0,0.002871199999390228,0.008742699999856995,0.17909469999995054,
iris,BADGESampler,,main,clean,0.2,26,0.3,45,0.8733333333333333,0.6481917756423826,0.67118901257582,0.0,0.0,0.0,0.18439580938039726,1.0,0.006180500000482425,0.005440500000077009,0.21066960000007384,
iris,BADGESampler,,main,clean,0.2,27,0.05,7,0.8266666666666667,0.6534762508409035,0.6103971645085184,0.0,0.0,0.0,0.23534973283964966,1.0,0.0042450999999346095,0.009137699999882898,0.10455910000018775,
iris,BADGESampler,,main,clean,0.2,27,0.1,15,0.7866666666666666,0.5972807960069357,0.5529977720777041,0.0,0.0,0.0,0.23664258541455752,1.0,0.004896600000392937,0.005184099999496539,0.13731750000079046,
iris,BADGESampler,,main,clean,0.2,27,0.15,22,0.7666666666666667,0.5615771399557424,0.5257431819539724,0.0,0.0,0.0,0.22427603088775427,1.0,0.0061758000001646,0.010112500000104774,0.17571090000001277,
iris,BADGESampler,,main,clean,0.2,27,0.2,30,0.7533333333333333,0.5391061150628617,0.5072386538829206,0.0,0.0,0.0,0.2502815335470738,1.0,0.0028211999997438397,0.0035720999994737213,0.1984797000004619,
iris,BADGESampler,,main,clean,0.2,27,0.3,45,0.8866666666666667,0.644671382851725,0.6941341256482051,0.0,0.0,0.0,0.10530605151471767,1.0,0.004010999999991327,0.0032618000004731584,0.2464787000008073,
iris,BADGESampler,,main,clean,0.2,28,0.05,7,0.8266666666666667,0.6307775586367221,0.6049240120753526,0.0,0.0,0.0,0.3167895927280444,1.0,0.0026535000006333576,0.00786690000040835,0.10044360000028973,
iris,BADGESampler,,main,clean,0.2,28,0.1,15,0.8666666666666667,0.6765249695266772,0.6718628639208437,0.0,0.0,0.0,0.202030590963455,1.0,0.008413300000029267,0.011073199999373173,0.14769629999955214,
iris,BADGESampler,,main,clean,0.2,28,0.15,22,0.8733333333333333,0.6660424111209998,0.6806002143622722,0.0,0.0,0.0,0.12187907280585944,1.0,0.006328499999654014,0.009319400000094902,0.17796550000002753,
iris,BADGESampler,,main,clean,0.2,28,0.2,30,0.88,0.6761847499620495,0.6938371430475265,0.0,0.0,0.0,0.15991170607047656,1.0,0.0016532999998162268,0.0032642999995005084,0.25377729999945586,
iris,BADGESampler,,main,clean,0.2,28,0.3,45,0.8733333333333333,0.6486792778364964,0.6753309599640053,0.0,0.0,0.0,0.15642859801192818,1.0,0.008026200000131212,0.011284999999588763,0.28990609999982553,
iris,BADGESampler,,main,clean,0.2,29,0.05,7,0.7866666666666666,0.5353993983961683,0.5257261111768297,0.0,0.0,0.0,0.32186554643819176,1.0,0.004547599999568774,0.013341200000468234,0.17163219999929424,
iris,BADGESampler,,main,clean,0.2,29,0.1,15,0.8266666666666667,0.5432662709166215,0.5712262272263251,0.0,0.0,0.0,0.30239078957124593,1.0,0.0018014000006587594,0.0027232000002186396,0.18361370000002353,
iris,BADGESampler,,main,clean,0.2,29,0.15,22,0.8266666666666667,0.5264513592958759,0.5637808448347972,0.0,0.0,0.0,0.1996870299051357,1.0,0.0016464000000269152,0.003128899999865098,0.2009965999995984,
iris,BADGESampler,,main,clean,0.2,29,0.2,30,0.7133333333333334,0.39447901325858953,0.3926671570400413,0.0,0.0,0.0,0.2726523135639296,1.0,0.00649749999956839,0.010293499999534106,0.26521210000009887,
iris,BADGESampler,,main,clean,0.2,29,0.3,45,0.7533333333333333,0.41043149408751384,0.4300411605747131,0.0,0.0,0.0,0.1547141983364539,1.0,0.0023719000000710366,0.0031577999998262385,0.2788556999994398,
