dataset,method,ablation,study,expert,eta,seed,budget_frac,budget_count,ACC,NMI,ARI,zeta_t,kappa,delta_mis_proxy,sel_boundary_margin,argmax_retention,sel_time,retrain_time,total_time,error
iris,P2OLSAL,,main,clean,0.0,1,0.05,7,0.84,0.6669659159546624,0.6306467921328158,-0.03507051830966298,0.1,0.1848550578141223,0.0002586498977570628,1.0,0.6347580999999991,0.010332299999959105,0.6897341000000097,
iris,P2OLSAL,,main,clean,0.0,1,0.1,15,0.84,0.6669659159546624,0.6306467921328158,-0.039798944927764125,0.1,0.1852833624624559,0.0009605351404662898,1.0,0.3957493999999997,0.008823600000027909,1.1017393000000766,
iris,P2OLSAL,,main,clean,0.0,1,0.15,22,0.84,0.6669659159546624,0.6306467921328158,-0.03090789551313385,0.1,0.18460213704400072,0.0017074286036836694,1.0,0.3620326999999861,0.005650300000070274,1.479157500000042,
iris,P2OLSAL,,main,clean,0.0,1,0.2,30,0.84,0.6669659159546624,0.6306467921328158,-0.03303214040367779,0.1,0.18453788514746833,0.0033742446018557443,1.0,0.6530063999999811,0.009173400000008769,2.155314800000042,
iris,P2OLSAL,,main,clean,0.0,1,0.3,45,0.84,0.6669659159546624,0.6306467921328158,-0.02147374049978795,0.1,0.1848900124852864,0.013970784832123802,1.0,0.44624899999996614,0.013053100000092854,2.6288167000000158,
iris,P2OLSAL,,main,clean,0.0,0,0.05,7,0.8066666666666666,0.6346631359390216,0.5826262395398415,-0.005030267873146858,0.1,0.18396982470018866,0.08586393549714721,1.0,0.6556662999998935,0.013682799999969575,0.7110881999999492,
iris,P2OLSAL,,main,clean,0.0,0,0.1,15,0.7733333333333333,0.6112067934507568,0.5452201021757227,-0.03484261436377917,0.1,0.18445167069891985,0.0016971445930643175,1.0,0.44339050000007774,0.006723400000055335,1.1763005999999905,
iris,P2OLSAL,,main,clean,0.0,0,0.15,22,0.7466666666666667,0.5972032437781484,0.5225216402522294,-0.02038613747910411,0.1,0.18222724377224736,0.004694769431813144,1.0,0.30910579999999754,0.0071566000000302665,1.507418199999961,
iris,P2OLSAL,,main,clean,0.0,0,0.2,30,0.7066666666666667,0.5843563884297436,0.5010491753373126,-0.033625371797618354,0.1,0.17896965118032107,0.011180402585703755,1.0,0.7386661000000458,0.0074326000000155545,2.275786299999936,
iris,P2OLSAL,,main,clean,0.0,0,0.3,45,0.8866666666666667,0.7303731197671405,0.7149297829556379,-0.014085092274905241,0.1,0.17192479201675867,0.027728192748429362,1.0,0.45741069999996853,0.0070252000000436965,2.7506280999999717,
iris,P2OLSAL,,main,clean,0.0,2,0.05,7,0.8466666666666667,0.672843838367481,0.6410058621782706,-0.05757989223153267,0.1,0.18333995245191353,0.00022311233773752992,1.0,0.6166592000000719,0.035399600000005194,0.701443999999924,
iris,P2OLSAL,,main,clean,0.0,2,0.1,15,0.8466666666666667,0.672843838367481,0.6410058621782706,-0.0311018550076294,0.1,0.18288447719371226,0.0012197815474619123,1.0,0.37113509999994676,0.010402400000089074,1.095189600000026,
iris,P2OLSAL,,main,clean,0.0,2,0.15,22,0.8466666666666667,0.672843838367481,0.6410058621782706,-0.032899214574111914,0.1,0.1821667839268227,0.0013978514566475983,1.0,0.3126299000000472,0.011907500000006621,1.4425840000000107,
iris,P2OLSAL,,main,clean,0.0,2,0.2,30,0.8466666666666667,0.672843838367481,0.6410058621782706,-0.027724458382403734,0.1,0.18213667511048268,0.0022364662021814447,1.0,0.7208411000000297,0.009139899999922818,2.1918461999999863,
iris,P2OLSAL,,main,clean,0.0,2,0.3,45,0.8466666666666667,0.672843838367481,0.6410058621782706,-0.025217700958409917,0.1,0.18236991847877898,0.005633486428840562,1.0,0.5165250000000015,0.017704100000059952,2.7468423999999914,
iris,P2OLSAL,,main,clean,0.0,3,0.05,7,0.82,0.5613428645483466,0.5559823020143067,-0.05197093494096904,0.1,0.18024163782381242,5.0248028286264956e-05,1.0,0.5352492999999185,0.0037366999999903783,0.5771588999999722,
iris,P2OLSAL,,main,clean,0.0,3,0.1,15,0.7533333333333333,0.5139861456296865,0.47509164637803186,-0.015432911388965756,0.1,0.1791022240626841,0.0007022109039546559,1.0,0.41345480000006773,0.009996899999919151,1.0223862999999938,
iris,P2OLSAL,,main,clean,0.0,3,0.15,22,0.8333333333333334,0.659486892724918,0.6201351808870379,-0.029072693622196315,0.1,0.1759752171779841,0.012631887969710138,1.0,0.37461900000005244,0.00944090000007236,1.429825199999982,
iris,P2OLSAL,,main,clean,0.0,3,0.2,30,0.8333333333333334,0.659486892724918,0.6201351808870379,-0.032165372295831975,0.1,0.1831868082842061,0.0011787605376303856,1.0,0.6933463999999958,0.01623610000001463,2.1573231999999507,
iris,P2OLSAL,,main,clean,0.0,3,0.3,45,0.8333333333333334,0.659486892724918,0.6201351808870379,-0.02712156037674842,0.1,0.1834257661350754,0.0031846108607350783,1.0,0.36575359999994816,0.012414500000090811,2.5535026000000016,
iris,P2OLSAL,,main,clean,0.0,4,0.05,7,0.8,0.5366849316708814,0.5346815305683864,-0.043720533376328044,0.1,0.1842513897424685,0.0008667035005196777,1.0,0.3492619000001014,0.008295799999928022,0.39287180000007993,
iris,P2OLSAL,,main,clean,0.0,4,0.1,15,0.76,0.4439888052605282,0.4446280745031473,-0.03478426793286348,0.1,0.18080966169831933,0.0013554918174192715,1.0,0.3870140999999876,0.006518700000015087,0.797051500000066,
iris,P2OLSAL,,main,clean,0.0,4,0.15,22,0.7266666666666667,0.41705625635597476,0.3932758833578249,-0.04355347378018835,0.1,0.17637772259464218,0.0027992201385110193,1.0,0.5680909999999812,0.0052839999999605425,1.3791095999999925,
iris,P2OLSAL,,main,clean,0.0,4,0.2,30,0.8533333333333334,0.6953546050485625,0.6555720797905015,-0.03141561101747379,0.1,0.1718831337264698,0.008041094832449011,1.0,0.5247696999999789,0.004800599999953192,1.9280883999999787,
iris,P2OLSAL,,main,clean,0.0,4,0.3,45,0.86,0.7015527750702963,0.6664858716814338,-0.01680217568401503,0.1,0.18727597014642497,0.01258206333118211,1.0,0.2958235999999488,0.012461799999982759,2.2466279000000213,
iris,P2OLSAL,,main,clean,0.0,6,0.05,7,0.82,0.5673666671270394,0.5605435969300461,-0.01880405565340345,0.1,0.18111931157862202,0.03479475430725765,1.0,0.3529584000000341,0.010723200000029465,0.3926103000000012,
iris,P2OLSAL,,main,clean,0.0,6,0.1,15,0.5733333333333334,0.5709091975713119,0.4381516783682922,-0.016511618067008065,0.1,0.1797071294327573,0.03192910948285922,1.0,0.4163336999999956,0.00458770000000186,0.8415984999999182,
iris,P2OLSAL,,main,clean,0.0,6,0.15,22,0.8266666666666667,0.6550256828579779,0.6109364906166366,-0.036454460561561264,0.1,0.184480541347835,0.007667248116821053,1.0,0.5658899000000019,0.01356399999997393,1.4453902999999855,
iris,P2OLSAL,,main,clean,0.0,6,0.2,30,0.8266666666666667,0.6550256828579779,0.6109364906166366,-0.04544517029834748,0.1,0.18540516235412835,0.0009228828006632439,1.0,0.40950180000004366,0.011431400000105896,1.873237099999983,
iris,P2OLSAL,,main,clean,0.0,6,0.3,45,0.8266666666666667,0.6550256828579779,0.6109364906166366,-0.02992037162638122,0.1,0.18560413356214242,0.003620860304102624,1.0,0.369610200000011,0.0029770999999527703,2.255059200000005,
iris,P2OLSAL,,main,clean,0.0,7,0.05,7,0.8333333333333334,0.6588407919873353,0.6199243317810601,-0.023820018097937355,0.1,0.18392535186753065,0.00020742661014236385,1.0,0.31460330000004433,0.008574100000032558,0.3479180000000497,
iris,P2OLSAL,,main,clean,0.0,7,0.1,15,0.8333333333333334,0.6588407919873353,0.6199243317810601,-0.026744008409749134,0.1,0.18440952337567415,0.0011303182926929167,1.0,0.4225043999999798,0.003121200000009594,0.7848780000000488,
iris,P2OLSAL,,main,clean,0.0,7,0.15,22,0.8333333333333334,0.6588407919873353,0.6199243317810601,-0.04924493801810831,0.1,0.18369577002316173,0.0019450150481972342,1.0,0.6664113000000498,0.00824909999994361,1.4671253999999863,
iris,P2OLSAL,,main,clean,0.0,7,0.2,30,0.8333333333333334,0.6588407919873353,0.6199243317810601,-0.02724015199297454,0.1,0.18369802789707385,0.00269036150142081,1.0,0.4517430000000786,0.015356599999904574,1.9424059000000398,
iris,P2OLSAL,,main,clean,0.0,7,0.3,45,0.8333333333333334,0.6588407919873353,0.6199243317810601,-0.024522054553181644,0.1,0.18392653202170314,0.005894280185872051,1.0,0.37216929999999593,0.00946509999994305,2.341911100000061,
iris,P2OLSAL,,main,clean,0.0,5,0.05,7,0.8333333333333334,0.5937712325358809,0.5990097326876606,0.004046771439679362,0.1,0.18360193392174323,0.03790804202230261,1.0,0.33372369999995044,0.007776100000000952,0.371577200000047,
iris,P2OLSAL,,main,clean,0.0,5,0.1,15,0.8133333333333334,0.5360075007252356,0.5496658300553627,-0.03114662351073263,0.1,0.18325991356999366,0.0010480152592478448,1.0,0.3758226999999579,0.009682099999963611,0.7800539999999501,
iris,P2OLSAL,,main,clean,0.0,5,0.15,22,0.78,0.48808975758049866,0.4922158932419157,-0.018694716098061448,0.1,0.18017449074181044,0.02130749646687489,1.0,0.714231199999972,0.009078300000055606,1.5307212000000163,
iris,P2OLSAL,,main,clean,0.0,5,0.2,30,0.8666666666666667,0.6967858730970384,0.6757362582358094,-0.01354822056065069,0.1,0.17736043104176175,0.06029938490666549,1.0,0.4343408999999383,0.008043400000019574,1.9906664000000092,
iris,P2OLSAL,,main,clean,0.0,5,0.3,45,0.8666666666666667,0.6967858730970384,0.6757362582358094,-0.024475513715285602,0.1,0.18428129243936794,0.0045513958099121735,1.0,0.38848080000002483,0.011170400000082736,2.4144198000000188,
iris,P2OLSAL,,main,clean,0.0,9,0.05,7,0.7733333333333333,0.5557249063568916,0.5247816170277202,-0.028595764167901425,0.1,0.1812073038486074,0.02827174216204653,1.0,0.36474889999999505,0.00320970000007037,0.41371059999994486,
iris,P2OLSAL,,main,clean,0.0,9,0.1,15,0.8,0.5261954369325191,0.5283662040418797,-0.023452511411002734,0.1,0.18167979817623395,0.0034599711441990477,1.0,0.48567720000005465,0.005976700000019264,0.9258208999999624,
iris,P2OLSAL,,main,clean,0.0,9,0.15,22,0.7733333333333333,0.47292145039250516,0.4747996698770983,-0.018358953108968297,0.1,0.1800790722148241,0.0008608253686349496,1.0,0.6807313000000477,0.008062199999926634,1.6367020999999795,
iris,P2OLSAL,,main,clean,0.0,9,0.2,30,0.8333333333333334,0.659486892724918,0.6201351808870379,-0.0373257341092795,0.1,0.17751802978435363,0.002251107953115297,1.0,0.3708328000000165,0.00657289999992372,2.028989299999921,
iris,P2OLSAL,,main,clean,0.0,9,0.3,45,0.8333333333333334,0.659486892724918,0.6201351808870379,-0.02565510548320112,0.1,0.18396781157910194,0.005276103391786139,1.0,0.33753230000002077,0.005566399999906935,2.390414299999975,
iris,P2OLSAL,,main,clean,0.0,8,0.05,7,0.8066666666666666,0.6362241991277289,0.5833200909986078,-0.030188561000125704,0.1,0.1832165565001582,0.00021971553737659688,1.0,0.3373393000000533,0.022363700000028075,0.3979180000000042,
iris,P2OLSAL,,main,clean,0.0,8,0.1,15,0.7666666666666667,0.6095326266406835,0.5403722581318754,-0.01684394006148454,0.1,0.1833091591762367,0.056463888008182944,1.0,0.5326229000000922,0.0054678000000194515,0.9622945999999502,
iris,P2OLSAL,,main,clean,0.0,8,0.15,22,0.7466666666666667,0.5998566648639773,0.5245007206094296,-0.030686000089095965,0.1,0.18048099570849122,0.019635753214510814,1.0,0.7673827999999503,0.0067185000000336,1.7511723000000075,
iris,P2OLSAL,,main,clean,0.0,8,0.2,30,0.7066666666666667,0.5861626800430862,0.5027036398903373,-0.023487272162729292,0.1,0.1761307110571726,0.008259116153541787,1.0,0.32622010000000046,0.0066388000000188185,2.0917578999999478,
iris,P2OLSAL,,main,clean,0.0,8,0.3,45,0.8666666666666667,0.7081288291800827,0.6778813673827861,-0.014053896769303817,0.1,0.16535367537820406,0.03398147874295661,1.0,0.3216096999999536,0.0036776000000600106,2.432469400000059,
iris,P2OLSAL,,main,clean,0.0,11,0.05,7,0.8,0.5459241654119124,0.5404403918642096,-0.03879771287048422,0.1,0.1842493935206675,0.0006894518462117749,1.0,0.5576279999999088,0.0038944000000356027,0.6021839,
iris,P2OLSAL,,main,clean,0.0,11,0.1,15,0.74,0.4833402064515336,0.449741462507044,-0.03837721536166287,0.1,0.18106020865707564,0.001515350901173676,1.0,0.49164070000006177,0.008544300000039584,1.1119986000001063,
iris,P2OLSAL,,main,clean,0.0,11,0.15,22,0.8466666666666667,0.6735735454651065,0.6412050161871702,-0.019374773588758405,0.1,0.1754019613451793,0.0021900788545581467,1.0,0.3616314999999304,0.005408900000020367,1.4883980000000747,
iris,P2OLSAL,,main,clean,0.0,11,0.2,30,0.8466666666666667,0.6735735454651065,0.6412050161871702,-0.02628335686773095,0.1,0.18370495510916313,0.00140556495635219,1.0,0.2487676000000647,0.004814899999928457,1.7601241000000982,
iris,P2OLSAL,,main,clean,0.0,11,0.3,45,0.8466666666666667,0.6735735454651065,0.6412050161871702,-0.025180507665020165,0.1,0.1838883583665005,0.006086090793175806,1.0,0.4730511000000206,0.007781799999975192,2.249447800000098,
iris,P2OLSAL,,main,clean,0.0,10,0.05,7,0.8333333333333334,0.659486892724918,0.6201351808870379,-0.0410790529571067,0.1,0.18393417686465113,0.000186857041198224,1.0,0.429095899999993,0.005538399999977628,0.47632800000008046,
iris,P2OLSAL,,main,clean,0.0,10,0.1,15,0.8333333333333334,0.659486892724918,0.6201351808870379,-0.04213564959627355,0.1,0.1844017607339756,0.0011040506037329617,1.0,0.5600544000000127,0.009442799999987983,1.0584299000000783,
iris,P2OLSAL,,main,clean,0.0,10,0.15,22,0.8333333333333334,0.659486892724918,0.6201351808870379,-0.025305628885356125,0.1,0.18369314116979935,0.0018916569826204091,1.0,0.364691700000094,0.008065799999940282,1.4429939999999988,
iris,P2OLSAL,,main,clean,0.0,10,0.2,30,0.8333333333333334,0.659486892724918,0.6201351808870379,-0.02628676586834578,0.1,0.1837003285787398,0.002843937340680683,1.0,0.2974897000000283,0.003481599999986429,1.7581274000000349,
iris,P2OLSAL,,main,clean,0.0,10,0.3,45,0.8333333333333334,0.659486892724918,0.6201351808870379,-0.014904625368675246,0.1,0.18395756754196677,0.006066686145520121,1.0,0.5183620000000246,0.009726500000056149,2.304703399999994,
iris,P2OLSAL,,main,clean,0.0,14,0.05,7,0.8066666666666666,0.565735406094791,0.5445084070611492,-0.03597550225941373,0.1,0.18007770895769754,5.157713039993794e-05,1.0,0.4717239999999947,0.013346200000000863,0.5088430000000699,
iris,P2OLSAL,,main,clean,0.0,14,0.1,15,0.5666666666666667,0.5688255923306,0.4336077424038137,-0.031435701069883415,0.1,0.17904751755786255,0.0014105202292056113,1.0,0.33361519999994016,0.004638300000010531,0.8549313000000893,
iris,P2OLSAL,,main,clean,0.0,14,0.15,22,0.8333333333333334,0.659486892724918,0.6201351808870379,-0.024054735279082758,0.1,0.1862769300459461,0.007540544264845025,1.0,0.2094449999999597,0.004065900000000511,1.0791007000000263,
iris,P2OLSAL,,main,clean,0.0,14,0.2,30,0.8333333333333334,0.659486892724918,0.6201351808870379,-0.023509744727553957,0.1,0.18308741768142753,0.0008652122127973672,1.0,0.32727779999993345,0.0077211000000261265,1.4328966000000491,
iris,P2OLSAL,,main,clean,0.0,14,0.3,45,0.8333333333333334,0.659486892724918,0.6201351808870379,-0.024016176111122795,0.1,0.18335582157481947,0.002714761200799298,1.0,0.6012369999999692,0.01059670000006463,2.0559864000000516,
iris,P2OLSAL,,main,clean,0.0,12,0.05,7,0.8266666666666667,0.5743387490428158,0.5722786205847686,-0.03222230298337576,0.1,0.18184466713656527,3.7576228238384024e-05,1.0,0.48475859999996374,0.012663299999985611,0.5490790000000061,
iris,P2OLSAL,,main,clean,0.0,12,0.1,15,0.7733333333333333,0.5163346348509144,0.4944888789156208,-0.04122949702077393,0.1,0.18080264394769974,0.0005605048881617281,1.0,0.4774034000000711,0.012648899999931018,1.0485395000000608,
iris,P2OLSAL,,main,clean,0.0,12,0.15,22,0.84,0.665590288299027,0.6302367346938775,-0.030842388376676886,0.1,0.1779875991232751,0.07059486912472974,1.0,0.2859653000000435,0.005251999999927648,1.3622628000000532,
iris,P2OLSAL,,main,clean,0.0,12,0.2,30,0.86,0.6890518004413543,0.6638956080488512,-0.010725454307169195,0.1,0.18328115117940444,0.013364086189324206,1.0,0.3559631000000536,0.014852700000005825,1.75310300000001,
iris,P2OLSAL,,main,clean,0.0,12,0.3,45,0.86,0.6890518004413543,0.6638956080488512,-0.03142292439121889,0.1,0.18340891759379138,0.003174707084334405,1.0,0.6211279999999988,0.014786999999955697,2.4051905000000033,
iris,P2OLSAL,,main,clean,0.0,13,0.05,7,0.8333333333333334,0.659486892724918,0.6201351808870379,-0.011236717635532533,0.1,0.18313353233458013,0.00021879100403715546,1.0,0.5790256999999883,0.01667859999997745,0.6407934999999725,
iris,P2OLSAL,,main,clean,0.0,13,0.1,15,0.8333333333333334,0.659486892724918,0.6201351808870379,-0.023908227399765416,0.1,0.18358908283636396,0.0010378554394514655,1.0,0.37579729999993106,0.004011700000091878,1.0330256999999392,
iris,P2OLSAL,,main,clean,0.0,13,0.15,22,0.8333333333333334,0.659486892724918,0.6201351808870379,-0.017843540097039666,0.1,0.18287063206832413,0.0018415056193583476,1.0,0.34351230000004307,0.003972599999997328,1.3964734999999564,
iris,P2OLSAL,,main,clean,0.0,13,0.2,30,0.8333333333333334,0.659486892724918,0.6201351808870379,-0.03118670463127971,0.1,0.18285788210012663,0.0033297045943189163,1.0,0.47387849999995524,0.010678199999915705,1.9023410999999442,
iris,P2OLSAL,,main,clean,0.0,13,0.3,45,0.8333333333333334,0.659486892724918,0.6201351808870379,-0.025054448353193967,0.1,0.18315973877252248,0.007049565324123286,1.0,0.5237622999999303,0.00447380000002795,2.4409054000000197,
iris,P2OLSAL,,main,clean,0.0,15,0.05,7,0.7933333333333333,0.5297416640866147,0.5248498348421243,-0.02973976145866714,0.1,0.18199235847738066,0.0003449050018491384,1.0,0.5274364999999079,0.010319600000002538,0.5665639999999712,
iris,P2OLSAL,,main,clean,0.0,15,0.1,15,0.7266666666666667,0.439140639797476,0.41786506417971137,-0.013831313407438683,0.1,0.1809212989474861,0.010154680948257305,1.0,0.3587785999999369,0.0050513999999566295,0.9468077000000221,
iris,P2OLSAL,,main,clean,0.0,15,0.15,22,0.76,0.47992472070860187,0.47140254425192474,-0.027070057866223445,0.1,0.173422750903914,0.01133350472458683,1.0,0.3420739999999114,0.008456499999965672,1.323815599999989,
iris,P2OLSAL,,main,clean,0.0,15,0.2,30,0.8466666666666667,0.6804067199936076,0.6429875083036701,-0.006466800025834165,0.1,0.17518929200831787,0.026837359851182227,1.0,0.6317208000000392,0.01925010000002203,1.9957110000000284,
iris,P2OLSAL,,main,clean,0.0,15,0.3,45,0.8466666666666667,0.6804067199936076,0.6429875083036701,-0.02812930667439239,0.1,0.18639300980009055,0.00274232064474856,1.0,0.4991388000000825,0.01333270000009179,2.5305571999999756,
iris,P2OLSAL,,main,clean,0.0,16,0.05,7,0.82,0.5658741737619961,0.5679856129776814,-0.018652735112934776,0.1,0.18314092639421037,0.00013549349302066638,1.0,0.39476969999998346,0.008511999999996078,0.43591409999999087,
iris,P2OLSAL,,main,clean,0.0,16,0.1,15,0.8066666666666666,0.5141335892734551,0.5258576277453128,-0.021832973671936963,0.1,0.1825215242887676,0.01807469677680247,1.0,0.28113390000009986,0.0031394999999747597,0.7328840000000127,
iris,P2OLSAL,,main,clean,0.0,16,0.15,22,0.76,0.48422312837108306,0.4709700878009133,-0.001065399773195769,0.1,0.17696804468593527,0.017726346037888523,1.0,0.3485643000000209,0.015134499999930995,1.1184345000000349,
iris,P2OLSAL,,main,clean,0.0,16,0.2,30,0.8533333333333334,0.6953546050485625,0.6555720797905015,-0.01735612477571536,0.1,0.174125378179495,0.012430411888595033,1.0,0.6641783000000032,0.01942929999995613,1.8138631000000487,
iris,P2OLSAL,,main,clean,0.0,16,0.3,45,0.8533333333333334,0.6953546050485625,0.6555720797905015,-0.030427121057072723,0.1,0.1875172918340013,0.003031115995005066,1.0,0.4363030000000663,0.007252800000060233,2.2877518000000236,
iris,P2OLSAL,,main,clean,0.0,17,0.05,7,0.8133333333333334,0.5670815436690839,0.5614332892639322,-0.043167213551491466,0.1,0.18226217676998474,0.00014813870809873841,1.0,0.3715846000000056,0.007220500000016727,0.4007423000000472,
iris,P2OLSAL,,main,clean,0.0,17,0.1,15,0.8,0.5125280634928158,0.5176500621920949,-0.03886795618164545,0.1,0.1817027227489435,0.0008806603543872055,1.0,0.3081331000000773,0.00352670000006583,0.7355786000000535,
iris,P2OLSAL,,main,clean,0.0,17,0.15,22,0.76,0.4884179986190656,0.47257728765173457,-0.022083526623929206,0.1,0.17758598143307314,0.0016795766387750646,1.0,0.5037912000000233,0.015677600000003622,1.2972667000000229,
iris,P2OLSAL,,main,clean,0.0,17,0.2,30,0.8333333333333334,0.6607920793426151,0.62055617805847,-0.032953739329904086,0.1,0.17631807093731666,0.011721334540906972,1.0,0.5312705000000051,0.07745079999995141,1.926813100000004,
iris,P2OLSAL,,main,clean,0.0,17,0.3,45,0.8333333333333334,0.6607920793426151,0.62055617805847,-0.028889414917752012,0.1,0.18443361351697418,0.002880500652258681,1.0,0.5109093999999459,0.00653310000006968,2.467094100000054,
iris,P2OLSAL,,main,clean,0.0,18,0.05,7,0.8066666666666666,0.635180813172581,0.5828577799714192,-0.03347480546687068,0.1,0.18340523853340612,0.0003860122892487827,1.0,0.3772533999999723,0.003560199999924407,0.4017351999999619,
iris,P2OLSAL,,main,clean,0.0,18,0.1,15,0.76,0.6042424494301822,0.5334485795361884,-0.02541918041300334,0.1,0.17965020981592722,0.0014665848697882622,1.0,0.37665500000002794,0.0026932000000670087,0.7938155000000506,
iris,P2OLSAL,,main,clean,0.0,18,0.15,22,0.74,0.5952467151294276,0.5185616787205868,-0.02917926169871676,0.1,0.17528002389659286,0.005956320657865729,1.0,0.5301342000000204,0.0070180999999820415,1.3435237999999572,
iris,P2OLSAL,,main,clean,0.0,18,0.2,30,0.8266666666666667,0.6550256828579779,0.6109364906166366,-0.008878765183820927,0.1,0.16905434892122714,0.01881412627653356,1.0,0.555696399999988,0.008187799999973322,1.9285746000000472,
iris,P2OLSAL,,main,clean,0.0,18,0.3,45,0.8266666666666667,0.6550256828579779,0.6109364906166366,-0.027089315171946994,0.1,0.18408307746495572,0.0033923166442722716,1.0,0.47413810000000467,0.012256699999966258,2.436203100000057,
iris,P2OLSAL,,main,clean,0.0,19,0.05,7,0.8,0.5444392749434503,0.5338018469413761,-0.01837430938439706,0.1,0.18096114869697408,0.00010047861976009154,1.0,0.40583110000000033,0.004225399999995716,0.45042130000001634,
iris,P2OLSAL,,main,clean,0.0,19,0.1,15,0.8333333333333334,0.659486892724918,0.6201351808870379,-0.03598217233091482,0.1,0.1794932860672086,0.0005623454288425922,1.0,0.4144337000000178,0.012673699999936616,0.9032284999999547,
iris,P2OLSAL,,main,clean,0.0,19,0.15,22,0.8333333333333334,0.659486892724918,0.6201351808870379,-0.036984909304686654,0.1,0.18288430768650163,0.0014021693282413158,1.0,0.6309630999999172,0.007660299999997733,1.5636127999999871,
iris,P2OLSAL,,main,clean,0.0,19,0.2,30,0.8333333333333334,0.659486892724918,0.6201351808870379,-0.037472629142986894,0.1,0.18288434320030375,0.002260414829357224,1.0,0.4301978999999392,0.012213900000006106,2.0181857000000036,
iris,P2OLSAL,,main,clean,0.0,19,0.3,45,0.8333333333333334,0.659486892724918,0.6201351808870379,-0.013502186571284509,0.1,0.18312646015498443,0.014086082096548077,1.0,0.6031741000000466,0.00980929999991531,2.650428199999965,
iris,P2OLSAL,,main,clean,0.0,20,0.05,7,0.8333333333333334,0.659486892724918,0.6201351808870379,-0.036494023764324014,0.1,0.18383057223770624,0.00023170981458051076,1.0,0.5101891000000478,0.010469699999930526,0.550262900000007,
iris,P2OLSAL,,main,clean,0.0,20,0.1,15,0.8333333333333334,0.659486892724918,0.6201351808870379,-0.028261227039862113,0.1,0.18427755149301533,0.0010255225589981681,1.0,0.4008463999999776,0.004392300000063187,0.9721893999999338,
iris,P2OLSAL,,main,clean,0.0,20,0.15,22,0.8333333333333334,0.659486892724918,0.6201351808870379,-0.03445148433157485,0.1,0.18356147423846064,0.0017987020582522614,1.0,0.47234470000000783,0.006065799999987576,1.4676630999999816,
iris,P2OLSAL,,main,clean,0.0,20,0.2,30,0.8333333333333334,0.659486892724918,0.6201351808870379,-0.030001640550303094,0.1,0.18356792035269087,0.003076681671636536,1.0,0.3067459000000099,0.009450700000002143,1.795234399999913,
iris,P2OLSAL,,main,clean,0.0,20,0.3,45,0.8333333333333334,0.6607920793426151,0.62055617805847,-0.015326717491765313,0.1,0.18384886155804375,0.01713458497242446,1.0,0.4283869999999297,0.007780099999990853,2.2420984999999973,
iris,P2OLSAL,,main,clean,0.0,21,0.05,7,0.8133333333333334,0.5612474974322702,0.5461625998438492,-0.02994420971387532,0.1,0.1810414231784243,0.0003524986959295151,1.0,0.507397200000014,0.012993499999993219,0.560534799999914,
iris,P2OLSAL,,main,clean,0.0,21,0.1,15,0.7533333333333333,0.44684608932365977,0.42159689447997034,-0.029929885436126107,0.1,0.17956445457018602,0.0010175087473434374,1.0,0.6089677999999594,0.005991899999912675,1.1913782999999967,
iris,P2OLSAL,,main,clean,0.0,21,0.15,22,0.7866666666666666,0.627944024028206,0.5632429170303794,-0.0338012601527246,0.1,0.17529533345393047,0.00439127800018259,1.0,0.42569189999994705,0.011054799999897114,1.6470873999999185,
iris,P2OLSAL,,main,clean,0.0,21,0.2,30,0.74,0.6070874127876003,0.5272074681989333,-0.03074411880991416,0.1,0.1739917071184731,0.0050592190230438205,1.0,0.231119900000067,0.009077200000092489,1.8988077000000203,
iris,P2OLSAL,,main,clean,0.0,21,0.3,45,0.8333333333333334,0.662783426505471,0.6211859270317655,-0.005796275613957004,0.1,0.16552213987567826,0.04455077043607119,1.0,0.44297659999995176,0.0068424000000959495,2.3687613999999257,
iris,P2OLSAL,,main,clean,0.0,23,0.05,7,0.78,0.5276719725400444,0.5017508502672852,-0.01538260191565804,0.1,0.17985493339144615,0.0016779369739700067,1.0,0.3434589999999389,0.009728199999926801,0.3825204999999414,
iris,P2OLSAL,,main,clean,0.0,23,0.1,15,0.7866666666666666,0.5201561928443019,0.509962545609349,-0.014865366218437011,0.1,0.17845836657013825,0.05815838329979374,1.0,0.4309475999999677,0.005367800000044554,0.8462942999999541,
iris,P2OLSAL,,main,clean,0.0,23,0.15,22,0.8333333333333334,0.659486892724918,0.6201351808870379,-0.023639238211334623,0.1,0.17903956441299174,0.003519170137301012,1.0,0.4797720000000254,0.01945920000002843,1.3662752999999839,
iris,P2OLSAL,,main,clean,0.0,23,0.2,30,0.8333333333333334,0.659486892724918,0.6201351808870379,-0.025254404926136148,0.1,0.18449143391530232,0.0009556023051902202,1.0,0.25937450000003537,0.012536299999965195,1.647305099999926,
iris,P2OLSAL,,main,clean,0.0,23,0.3,45,0.8333333333333334,0.659486892724918,0.6201351808870379,-0.026568266307415704,0.1,0.1847539971516674,0.00341826407318917,1.0,0.5018219000000954,0.005035300000031384,2.1719335999999885,
iris,P2OLSAL,,main,clean,0.0,22,0.05,7,0.8133333333333334,0.5577001269480908,0.5583013967738293,-0.0371848467688182,0.1,0.18310254008612203,0.0004882953788960531,1.0,0.375891900000056,0.005203899999969508,0.4155543999999054,
iris,P2OLSAL,,main,clean,0.0,22,0.1,15,0.76,0.6051918781720853,0.53409442535381,-0.016689416434953724,0.1,0.1817747492136969,0.01565914537216012,1.0,0.6154027000000042,0.009082799999987401,1.0549551999999949,
iris,P2OLSAL,,main,clean,0.0,22,0.15,22,0.74,0.5976580280104582,0.5204219549714462,-0.010042351472767228,0.1,0.17763715302911848,0.04509529133731909,1.0,0.3492751999999655,0.00620929999990949,1.4181871999999203,
iris,P2OLSAL,,main,clean,0.0,22,0.2,30,0.8466666666666667,0.6735735454651065,0.6412050161871702,-0.029900777714586636,0.1,0.17102908011558207,0.011657043717012164,1.0,0.3059393999999429,0.0037085000000161017,1.7355784000000085,
iris,P2OLSAL,,main,clean,0.0,22,0.3,45,0.8466666666666667,0.6735735454651065,0.6412050161871702,-0.0270919618084902,0.1,0.18588612619086,0.0026835693183271687,1.0,0.49813050000000203,0.0038229999998975472,2.2541170999999167,
iris,P2OLSAL,,main,clean,0.0,25,0.05,7,0.8,0.5366849316708814,0.5346815305683864,-0.02605417223267928,0.1,0.18276456101117342,0.00027922256844187254,1.0,0.27353579999999056,0.00397710000004281,0.3361727999999857,
iris,P2OLSAL,,main,clean,0.0,25,0.1,15,0.72,0.43813803559544096,0.4143000588339998,-0.026919582775598985,0.1,0.1817887789257596,0.002001345948809144,1.0,0.5951426999999967,0.005352199999947516,0.9498996999999463,
iris,P2OLSAL,,main,clean,0.0,25,0.15,22,0.7733333333333333,0.48367449742462254,0.48383117206345105,-0.030235290488765363,0.1,0.17558099092632062,0.00718304831634358,1.0,0.335586600000056,0.007631400000036592,1.3114444999999932,
iris,P2OLSAL,,main,clean,0.0,25,0.2,30,0.8333333333333334,0.662783426505471,0.6211859270317655,-0.029100765437884042,0.1,0.17518005763202865,0.006423328833412553,1.0,0.30250439999997525,0.00759800000002997,1.6305466000000024,
iris,P2OLSAL,,main,clean,0.0,25,0.3,45,0.8333333333333334,0.662783426505471,0.6211859270317655,-0.02127176405800492,0.1,0.18569747947342263,0.012332398451263082,1.0,0.5358162999999649,0.006807399999956942,2.1830774999999676,
iris,P2OLSAL,,main,clean,0.0,24,0.05,7,0.8,0.6302971958909425,0.574757819889755,-0.015047583186976908,0.1,0.18372370826554232,0.03188499931171346,1.0,0.34524260000000595,0.005001699999979792,0.4019208999999364,
iris,P2OLSAL,,main,clean,0.0,24,0.1,15,0.7533333333333333,0.6023662384150944,0.5290583444858908,-0.029471667678729288,0.1,0.18294369172394961,0.0023179579859783916,1.0,0.5675231000000167,0.0028699999999162173,0.9828396999999995,
iris,P2OLSAL,,main,clean,0.0,24,0.15,22,0.84,0.6659323679491874,0.6303393343888227,-0.018244715773780843,0.1,0.1786558092878222,0.03400439013713403,1.0,0.33839960000000247,0.0040971999999328546,1.3328070999999682,
iris,P2OLSAL,,main,clean,0.0,24,0.2,30,0.84,0.6659323679491874,0.6303393343888227,-0.0340209165883711,0.1,0.1847096276477195,0.0010457232017788698,1.0,0.37746049999998377,0.003152099999965685,1.7303441999999905,
iris,P2OLSAL,,main,clean,0.0,24,0.3,45,0.84,0.6659323679491874,0.6303393343888227,-0.03426757883315374,0.1,0.18491630074123772,0.002518356905078371,1.0,0.5457938000000695,0.009630600000036793,2.3037908000000016,
iris,P2OLSAL,,main,clean,0.0,26,0.05,7,0.82,0.5752474859275121,0.5670855911421968,-0.01896755581561972,0.1,0.18153695860414587,9.347686656444032e-05,1.0,0.4416432000000441,0.0032840999999734777,0.493884200000025,
iris,P2OLSAL,,main,clean,0.0,26,0.1,15,0.7266666666666667,0.5219972677279084,0.46164384277923315,-0.02676741348984172,0.1,0.17979465712722414,0.0003577314201352322,1.0,0.5117242999999689,0.006866800000011608,1.0343858999999611,
iris,P2OLSAL,,main,clean,0.0,26,0.15,22,0.8333333333333334,0.6607920793426151,0.62055617805847,-0.012102497218949746,0.1,0.17663947833233268,0.01169407292749298,1.0,0.36868379999998524,0.012309899999991103,1.43571129999998,
iris,P2OLSAL,,main,clean,0.0,26,0.2,30,0.8333333333333334,0.6607920793426151,0.62055617805847,-0.033021495834739206,0.1,0.18411959743887996,0.0012103065303614852,1.0,0.46778279999989536,0.011281399999916175,1.9343006999999943,
iris,P2OLSAL,,main,clean,0.0,26,0.3,45,0.8333333333333334,0.6607920793426151,0.62055617805847,-0.01912670078526145,0.1,0.18432534924596378,0.004256702482915186,1.0,0.4928436000000147,0.011313799999925322,2.4691864000000123,
iris,P2OLSAL,,main,clean,0.0,27,0.05,7,0.7933333333333333,0.6316318385623355,0.5699899213541815,-0.027714416924909294,0.1,0.1835965481263896,0.00020957173879362911,1.0,0.49510689999999613,0.009362300000020696,0.5497245999999905,
iris,P2OLSAL,,main,clean,0.0,27,0.1,15,0.7666666666666667,0.6187082565461031,0.5458990589102113,-0.022737243278990515,0.1,0.1848219256828676,0.0017088999029412494,1.0,0.436620199999993,0.007352399999945192,1.008306100000027,
iris,P2OLSAL,,main,clean,0.0,27,0.15,22,0.7333333333333333,0.6056806430175897,0.5241668928736807,-0.021630677933160352,0.1,0.18160340424329086,0.007197431502763434,1.0,0.3057745999999497,0.006499800000028699,1.32936600000005,
iris,P2OLSAL,,main,clean,0.0,27,0.2,30,0.8333333333333334,0.659486892724918,0.6201351808870379,-0.012128700448513259,0.1,0.17665641376299854,0.03321192230859804,1.0,0.5059422999999015,0.007400699999948301,1.8723568000000341,
iris,P2OLSAL,,main,clean,0.0,27,0.3,45,0.8466666666666667,0.6735735454651065,0.6412050161871702,-0.01690941176681316,0.1,0.18365142765108333,0.013962713352607785,1.0,0.5653547999999091,0.015958400000045003,2.4727168000000574,
iris,P2OLSAL,,main,clean,0.0,28,0.05,7,0.8466666666666667,0.672843838367481,0.6410058621782706,-0.018373197303560344,0.1,0.18261056281107305,0.0001461563710734859,1.0,0.5282191000000012,0.0032161000000314743,0.5739299999999048,
iris,P2OLSAL,,main,clean,0.0,28,0.1,15,0.8466666666666667,0.672843838367481,0.6410058621782706,-0.02486316523824045,0.1,0.18304292725396393,0.0009442661127259666,1.0,0.4063855000000558,0.008525500000018837,0.9963773999999148,
iris,P2OLSAL,,main,clean,0.0,28,0.15,22,0.8466666666666667,0.672843838367481,0.6410058621782706,-0.02307890925950578,0.1,0.18235572668412825,0.0013831220121613339,1.0,0.30220870000005107,0.0035023000000364846,1.3190735999999106,
iris,P2OLSAL,,main,clean,0.0,28,0.2,30,0.8466666666666667,0.672843838367481,0.6410058621782706,-0.042270932584559516,0.1,0.18234425225900205,0.002305822245755637,1.0,0.5453681000000188,0.0102987000000212,1.8946347999999489,
iris,P2OLSAL,,main,clean,0.0,28,0.3,45,0.8466666666666667,0.672843838367481,0.6410058621782706,-0.02196059252584954,0.1,0.18258533964949242,0.005426865950087226,1.0,0.5468872000000147,0.014332800000033785,2.482403199999908,
iris,P2OLSAL,,main,clean,0.0,29,0.05,7,0.7866666666666666,0.5537810111668022,0.5127941903349682,-0.024617883788880808,0.1,0.1823362831719152,0.0002850821429394579,1.0,0.3966143000000102,0.01675369999998111,0.4383908000000929,
iris,P2OLSAL,,main,clean,0.0,29,0.1,15,0.78,0.5298376814504899,0.5051315875644372,-0.034960270971804035,0.1,0.18094829734406098,0.0009269332278245696,1.0,0.34555620000003273,0.003767799999991439,0.8101566999999932,
iris,P2OLSAL,,main,clean,0.0,29,0.15,22,0.8533333333333334,0.6806461729990796,0.6522271369579056,-0.030295777431059982,0.1,0.17893997947781215,0.004990545818188268,1.0,0.4959605999999894,0.012667599999986123,1.3456239000000778,
iris,P2OLSAL,,main,clean,0.0,29,0.2,30,0.8533333333333334,0.6806461729990796,0.6522271369579056,-0.041314866141537614,0.1,0.18352873315622611,0.0007622499712172937,1.0,0.5024099000000888,0.018990000000030705,1.8953165000000354,
iris,P2OLSAL,,main,clean,0.0,29,0.3,45,0.8533333333333334,0.6806461729990796,0.6522271369579056,-0.03411198450845141,0.1,0.18373231573579824,0.0037054756419069228,1.0,0.6517549999999801,0.017567500000041036,2.5873113000000103,
iris,P2OLSAL,,main,clean,0.1,2,0.05,7,0.8466666666666667,0.6523426287092366,0.6365967356455051,-0.05757989223153267,0.1,0.18333995245191353,0.00022311233773752992,1.0,0.41973319999999603,0.012643000000025495,0.47233890000006795,
iris,P2OLSAL,,main,clean,0.1,2,0.1,15,0.8266666666666667,0.6313999435829638,0.6052526768370844,-0.028445745501209388,0.1,0.18259643001480527,0.0014452906285034178,1.0,0.3876602999999932,0.00850070000001324,0.8788596000000553,
iris,P2OLSAL,,main,clean,0.1,2,0.15,22,0.82,0.611719356644402,0.5908401033195692,-0.04089473669184562,0.1,0.182275630888262,0.0021299481541942372,1.0,0.3979219999999941,0.0048408999999765,1.3004028999999946,
iris,P2OLSAL,,main,clean,0.1,2,0.2,30,0.8066666666666666,0.6003901904835917,0.5728063783855661,-0.03442049638684367,0.1,0.1819246621451492,0.0039235821251964315,1.0,0.3480005000000119,0.011399000000096748,1.6736925000000156,
iris,P2OLSAL,,main,clean,0.1,2,0.3,45,0.8,0.5700449726829705,0.5534028488587845,-0.024782212486033,0.1,0.18259258645129292,0.009346560400879438,1.0,0.34666219999996883,0.007488599999987855,2.043969700000048,
iris,P2OLSAL,,main,clean,0.1,0,0.05,7,0.8066666666666666,0.6104510131152352,0.5710478039918027,-0.005030267873146858,0.1,0.18396982470018866,0.08586393549714721,1.0,0.4188401999999769,0.012660699999969438,0.47462370000005194,
iris,P2OLSAL,,main,clean,0.1,0,0.1,15,0.7866666666666666,0.5736080599771138,0.5405653361127849,-0.0410869965068507,0.1,0.18333929058870177,0.0013571854809715372,1.0,0.4147353999999268,0.008180999999922278,0.909395399999994,
iris,P2OLSAL,,main,clean,0.1,0,0.15,22,0.7466666666666667,0.5261249386732665,0.49043219502579455,-0.020738624457666048,0.1,0.1798318406574396,0.003048713905428998,1.0,0.38090699999997923,0.005240399999934198,1.3112056999999595,
iris,P2OLSAL,,main,clean,0.1,0,0.2,30,0.8266666666666667,0.5714252519332234,0.5778807306025459,-0.009973099354260852,0.1,0.17646458200271212,0.03610486699820861,1.0,0.34439679999991313,0.007850899999993999,1.6833685000000287,
iris,P2OLSAL,,main,clean,0.1,0,0.3,45,0.82,0.5639874027113105,0.5672805524836326,-0.03498320357753309,0.1,0.18405217353312905,0.0035753768133914027,1.0,0.4682824999999866,0.011788299999921037,2.1786866999999575,
iris,P2OLSAL,,main,clean,0.1,1,0.05,7,0.8333333333333334,0.659486892724918,0.6201351808870379,-0.03507051830966298,0.1,0.1848550578141223,0.0002586498977570628,1.0,0.5267328999999563,0.006903999999963162,0.5625317999999879,
iris,P2OLSAL,,main,clean,0.1,1,0.1,15,0.84,0.6659323679491874,0.6303393343888227,-0.03661928126150077,0.1,0.18430003026422057,0.0013254065124771175,1.0,0.43592390000003434,0.005136200000038116,1.0206974000000173,
iris,P2OLSAL,,main,clean,0.1,1,0.15,22,0.82,0.6467113936056553,0.6006861021484542,-0.03434881421782278,0.1,0.1827015001598936,0.0016189796585973162,1.0,0.4185596000000942,0.00942269999995915,1.465605000000096,
iris,P2OLSAL,,main,clean,0.1,1,0.2,30,0.8133333333333334,0.6187947838596598,0.5862140681263024,-0.025574960002439813,0.1,0.18305710443463097,0.0031846638290258245,1.0,0.3906222999999045,0.0068471000000727145,1.880003800000054,
iris,P2OLSAL,,main,clean,0.1,1,0.3,45,0.8133333333333334,0.5953486393299772,0.5752252894638552,-0.014132501618629674,0.1,0.18324383291974156,0.006561638129675052,1.0,0.4203158999999914,0.00897259999999278,2.32612400000005,
iris,P2OLSAL,,main,clean,0.1,5,0.05,7,0.8266666666666667,0.585873845095431,0.5871959280893625,0.004046771439679362,0.1,0.18360193392174323,0.03790804202230261,1.0,0.44990389999998115,0.011636899999984962,0.48902290000000903,
iris,P2OLSAL,,main,clean,0.1,5,0.1,15,0.82,0.5489768141224115,0.5613838120458469,-0.03587250927488119,0.1,0.18422202330430928,0.0006518506781801048,1.0,0.31509909999999763,0.007849999999962165,0.8254549000000679,
iris,P2OLSAL,,main,clean,0.1,5,0.15,22,0.7733333333333333,0.5125031270813376,0.4979960719817331,0.0016227316268536812,0.1,0.180634736784084,0.024229506314354627,1.0,0.43318920000001526,0.013433899999995447,1.295891900000015,
iris,P2OLSAL,,main,clean,0.1,5,0.2,30,0.84,0.6365910961985081,0.6170226610922224,-0.004838146939414251,0.1,0.17912406279341533,0.026525892058657338,1.0,0.32164049999994404,0.015349299999911636,1.654525900000067,
iris,P2OLSAL,,main,clean,0.1,5,0.3,45,0.8466666666666667,0.6574227034046101,0.6351261066773998,-0.03374465914328937,0.1,0.18349358809058383,0.007146983583603491,1.0,0.40399650000006204,0.013501799999971809,2.0890878999999813,
iris,P2OLSAL,,main,clean,0.1,3,0.05,7,0.8133333333333334,0.5512966492486686,0.5428460833248446,-0.05197093494096904,0.1,0.18024163782381242,5.0248028286264956e-05,1.0,0.538856399999986,0.0128680999999915,0.5852712999999312,
iris,P2OLSAL,,main,clean,0.1,3,0.1,15,0.78,0.5017932667019205,0.49240815710254887,-0.021110386958553412,0.1,0.1791808134150212,0.0005412604875610766,1.0,0.39224300000000767,0.00863409999999476,1.0073333999999932,
iris,P2OLSAL,,main,clean,0.1,3,0.15,22,0.8266666666666667,0.6082042210684038,0.5955994890150479,-0.03484082444553093,0.1,0.1761587930205907,0.002819060666049517,1.0,0.4145365000000538,0.005792100000007849,1.4539615999999569,
iris,P2OLSAL,,main,clean,0.1,3,0.2,30,0.82,0.5885538949833302,0.5810045833554407,-0.024246505782806235,0.1,0.1813609004224876,0.0013523648262123572,1.0,0.3851507000000538,0.017037299999969946,1.8792883999999503,
iris,P2OLSAL,,main,clean,0.1,3,0.3,45,0.8066666666666666,0.5750325078386634,0.5612001855396087,-0.02580078403212118,0.1,0.181095752830539,0.004966467076321505,1.0,0.4529602000000068,0.015204700000026605,2.3671469999999317,
iris,P2OLSAL,,main,clean,0.1,4,0.05,7,0.78,0.5792799798288267,0.5324687811900322,-0.043720533376328044,0.1,0.1842513897424685,0.0008667035005196777,1.0,0.47572470000000067,0.008754700000054072,0.5179346999999552,
iris,P2OLSAL,,main,clean,0.1,4,0.1,15,0.82,0.5822154217079254,0.5591805673683825,-0.03297715840290834,0.1,0.18352719338569984,0.0037287014219833103,1.0,0.35065850000000864,0.005234200000018063,0.8968661999999767,
iris,P2OLSAL,,main,clean,0.1,4,0.15,22,0.6666666666666666,0.32264208098302044,0.3059167349737754,-0.025721306294436273,0.1,0.17794692312939261,0.014318579566697036,1.0,0.47463109999989683,0.01692589999993288,1.4114207000000079,
iris,P2OLSAL,,main,clean,0.1,4,0.2,30,0.8133333333333334,0.5823428682740555,0.5713341304463152,-0.02521285198621604,0.1,0.1698707920987778,0.0024719351317074173,1.0,0.4014927999999145,0.014748900000085996,1.836970899999983,
iris,P2OLSAL,,main,clean,0.1,4,0.3,45,0.8266666666666667,0.5810871407432606,0.5825104324786046,-0.031348480547899474,0.1,0.18336987374262773,0.005507205213123082,1.0,0.4885538999999426,0.005583499999943342,2.3474012000000357,
iris,P2OLSAL,,main,clean,0.1,7,0.05,7,0.8266666666666667,0.6307737018736306,0.6049788275365808,-0.023820018097937355,0.1,0.18392535186753065,0.00020742661014236385,1.0,0.4051736000000119,0.008754000000067208,0.4591971999999487,
iris,P2OLSAL,,main,clean,0.1,7,0.1,15,0.8333333333333334,0.637785341273063,0.6151127724432873,-0.03429297688004789,0.1,0.18414491579978798,0.0011638832325476106,1.0,0.3781536999999844,0.007917799999972885,0.8606775999999172,
iris,P2OLSAL,,main,clean,0.1,7,0.15,22,0.8266666666666667,0.6095415478707221,0.599820223374497,-0.03739890600824113,0.1,0.18274560507986332,0.0018759162644705102,1.0,0.3871732999999722,0.0034560000000283253,1.2661313999999493,
iris,P2OLSAL,,main,clean,0.1,7,0.2,30,0.82,0.5897177172231051,0.584883725673355,-0.02641526904900325,0.1,0.18263587106842313,0.0033967906678687015,1.0,0.44087549999994735,0.004085400000008121,1.7296508999999105,
iris,P2OLSAL,,main,clean,0.1,7,0.3,45,0.82,0.5668981761985054,0.5756198279661155,-0.03650480416346099,0.1,0.18249190975158722,0.007450048719647947,1.0,0.5395037999999204,0.006292000000030384,2.2957826999999043,
iris,P2OLSAL,,main,clean,0.1,8,0.05,7,0.8133333333333334,0.6187947838596597,0.5862140681263024,-0.030188561000125704,0.1,0.1832165565001582,0.00021971553737659688,1.0,0.3838044000000309,0.024761999999896034,0.43820049999999355,
iris,P2OLSAL,,main,clean,0.1,8,0.1,15,0.7866666666666666,0.5972807960069357,0.5529977720777041,-0.022791406719969005,0.1,0.18274633251127245,0.05864978641381666,1.0,0.3885292999999592,0.005693699999937962,0.8404901999999765,
iris,P2OLSAL,,main,clean,0.1,8,0.15,22,0.7466666666666667,0.5579501615488275,0.5082026938114115,-0.04146676228355287,0.1,0.18098689449191044,0.0032675435057512186,1.0,0.4543602999999621,0.0031014999999570136,1.307132499999966,
iris,P2OLSAL,,main,clean,0.1,8,0.2,30,0.72,0.5224357785192101,0.48191975477227983,-0.02459054465492389,0.1,0.1781664342429426,0.006906741812405609,1.0,0.36974149999991823,0.007492599999977756,1.700433999999973,
iris,P2OLSAL,,main,clean,0.1,8,0.3,45,0.82,0.5765995070764075,0.5775807848381879,-0.024145995094962163,0.1,0.17340915532541382,0.02159171203816807,1.0,0.426502199999959,0.008421100000077786,2.1602454999999736,
iris,P2OLSAL,,main,clean,0.1,6,0.05,7,0.82,0.5640187099039138,0.5581531252378312,-0.01880405565340345,0.1,0.18111931157862202,0.03479475430725765,1.0,0.46506189999990966,0.01135779999992792,0.5190741000000116,
iris,P2OLSAL,,main,clean,0.1,6,0.1,15,0.76,0.5163476168637101,0.476404422265368,-0.026030135929988343,0.1,0.18006024943372698,0.00026780117839295126,1.0,0.3987525000000005,0.01011140000002797,0.945130899999981,
iris,P2OLSAL,,main,clean,0.1,6,0.15,22,0.5533333333333333,0.4787843672066572,0.3926084890175846,0.005098236161304692,0.1,0.17712581295387944,0.04065043883299551,1.0,0.48589290000006713,0.012586800000008225,1.4615930999999591,
iris,P2OLSAL,,main,clean,0.1,6,0.2,30,0.82,0.5592475480008104,0.5719873688499542,-0.014919049842031656,0.1,0.1888485011689746,0.029366916392327275,1.0,0.4360447999999906,0.010034099999984392,1.9181939999999713,
iris,P2OLSAL,,main,clean,0.1,6,0.3,45,0.8133333333333334,0.5395910003992885,0.5572940653822797,-0.035072906363524205,0.1,0.18511619755849884,0.002526297720181973,1.0,0.5291477999999188,0.007901100000026418,2.4796053999999685,
iris,P2OLSAL,,main,clean,0.1,9,0.05,7,0.78,0.5595625806846897,0.5314522493546295,-0.028595764167901425,0.1,0.1812073038486074,0.02827174216204653,1.0,0.3853272000000061,0.00359009999999671,0.4249074000000519,
iris,P2OLSAL,,main,clean,0.1,9,0.1,15,0.7266666666666667,0.4661261594856435,0.4466103968411247,-0.030643515889826646,0.1,0.18320014537159263,0.002720934529590477,1.0,0.42036339999992833,0.004009200000041346,0.8632388000000901,
iris,P2OLSAL,,main,clean,0.1,9,0.15,22,0.66,0.3949348129825577,0.3746927254203703,-0.018424881458932042,0.1,0.17909394351316066,0.009277637622171533,1.0,0.4789657000000034,0.006082799999944655,1.3698133999999982,
iris,P2OLSAL,,main,clean,0.1,9,0.2,30,0.7533333333333333,0.4099909744361455,0.4294595655657917,-0.028310750634937126,0.1,0.1705669321239234,0.016137124622583404,1.0,0.6268716000000722,0.01202699999998913,2.0276686000000836,
iris,P2OLSAL,,main,clean,0.1,9,0.3,45,0.8333333333333334,0.5731893535902787,0.5888785991022047,-0.011641322078670642,0.1,0.17778070084428801,0.02979516142819778,1.0,0.3465376000000333,0.008489499999996042,2.392955200000074,
iris,P2OLSAL,,main,clean,0.1,10,0.05,7,0.84,0.6659323679491874,0.6303393343888227,-0.0410790529571067,0.1,0.18393417686465113,0.000186857041198224,1.0,0.39208560000008674,0.0043539000000691885,0.4332085000000916,
iris,P2OLSAL,,main,clean,0.1,10,0.1,15,0.8333333333333334,0.637785341273063,0.6151127724432873,-0.03634006962734144,0.1,0.18351399553149508,0.00123718194531304,1.0,0.40095739999992475,0.006702899999936562,0.8555167000000665,
iris,P2OLSAL,,main,clean,0.1,10,0.15,22,0.8266666666666667,0.6326887666316778,0.6054714830498689,-0.023211739029356797,0.1,0.18238601708124558,0.0021822621236328166,1.0,0.35634089999996377,0.006161599999927603,1.2367193000000043,
iris,P2OLSAL,,main,clean,0.1,10,0.2,30,0.8266666666666667,0.5990058393794481,0.5899663445025055,-0.015023679387868832,0.1,0.18171788623544904,0.026033784003364355,1.0,0.5009284000000207,0.010974600000054124,1.767220600000087,
iris,P2OLSAL,,main,clean,0.1,10,0.3,45,0.8333333333333334,0.6198088391977228,0.608105467159585,-0.025612342147714295,0.1,0.1821112547216833,0.006272036529061942,1.0,0.3827109000000064,0.010331999999948493,2.1696302000000287,
iris,P2OLSAL,,main,clean,0.1,11,0.05,7,0.8466666666666667,0.6509761591306257,0.6325431576828224,-0.03879771287048422,0.1,0.1842493935206675,0.0006894518462117749,1.0,0.41160790000003544,0.007532700000069781,0.46126440000000457,
iris,P2OLSAL,,main,clean,0.1,11,0.1,15,0.7466666666666667,0.46066997496707857,0.4427299671384389,-0.035224591770586844,0.1,0.18321638470833781,0.0011950645117428521,1.0,0.4314613999999892,0.004776300000003175,0.9193470999999818,
iris,P2OLSAL,,main,clean,0.1,11,0.15,22,0.8266666666666667,0.6094347303086192,0.5966274177239962,-0.028971222301172057,0.1,0.17423831675995818,0.001852886202117876,1.0,0.5013536999999815,0.01203069999996842,1.4528917999999749,
iris,P2OLSAL,,main,clean,0.1,11,0.2,30,0.8266666666666667,0.5877320495191101,0.5832043322633034,-0.020314610320597136,0.1,0.18195257231291123,0.0018039044712158808,1.0,0.4179288999999926,0.009830100000044695,1.8962510000000066,
iris,P2OLSAL,,main,clean,0.1,11,0.3,45,0.8333333333333334,0.6053998803617209,0.6008897867308551,-0.023693122238888132,0.1,0.18143126064998483,0.0043594593300754735,1.0,0.2836364999999432,0.005078600000047118,2.194740599999932,
iris,P2OLSAL,,main,clean,0.1,12,0.05,7,0.82,0.5544052757360379,0.5562383863263478,-0.03222230298337576,0.1,0.18184466713656527,3.7576228238384024e-05,1.0,0.3913397999999688,0.005197599999974045,0.44805010000004586,
iris,P2OLSAL,,main,clean,0.1,12,0.1,15,0.78,0.5409056234660167,0.5083256275077291,-0.023846933852199492,0.1,0.18057434389922225,0.0005585508731871386,1.0,0.4752118999999766,0.012629399999923407,0.9533420999999862,
iris,P2OLSAL,,main,clean,0.1,12,0.15,22,0.5733333333333334,0.5285710924288614,0.40852157315637616,-0.022571917092723836,0.1,0.17911826557177019,0.06899113772489525,1.0,0.30258279999998194,0.005285600000092927,1.2798910000000205,
iris,P2OLSAL,,main,clean,0.1,12,0.2,30,0.82,0.5865725251730849,0.5789477237224587,0.012733799823108823,0.1,0.1795109787927206,0.06308193998488942,1.0,0.42863450000004377,0.012323100000003251,1.7353236000000152,
iris,P2OLSAL,,main,clean,0.1,12,0.3,45,0.84,0.6143708282167429,0.6133422135225247,-0.02212545863434127,0.1,0.18253213243025807,0.0034159369828829166,1.0,0.3460594000000583,0.005462600000100792,2.107470400000011,
iris,P2OLSAL,,main,clean,0.1,14,0.05,7,0.8066666666666666,0.5473163451902572,0.5387767082581012,-0.03597550225941373,0.1,0.18007770895769754,5.157713039993794e-05,1.0,0.3736092000000326,0.004006000000003951,0.41780549999998584,
iris,P2OLSAL,,main,clean,0.1,14,0.1,15,0.52,0.5013655858241637,0.38560736351461006,-0.03347918422819325,0.1,0.1799778547195468,0.0014488595332219356,1.0,0.4372823999999582,0.011828699999909986,0.8892759000000297,
iris,P2OLSAL,,main,clean,0.1,14,0.15,22,0.78,0.5547580376431432,0.5213330583202904,-0.0027862410167048884,0.1,0.1856452349504381,0.07115019579833139,1.0,0.4727659999999787,0.0126713000000791,1.3831440999999813,
iris,P2OLSAL,,main,clean,0.1,14,0.2,30,0.7,0.5022063906974898,0.44501903268553566,-0.025391105586598295,0.1,0.1758435639276306,0.004472448325391912,1.0,0.3615329000000429,0.0058122000000366825,1.7698629999999866,
iris,P2OLSAL,,main,clean,0.1,14,0.3,45,0.8333333333333334,0.5656454199841824,0.5803717403466463,-0.01843703559210704,0.1,0.16977032665421216,0.02909641422697972,1.0,0.37616270000000895,0.01890939999998409,2.1828087000000096,
iris,P2OLSAL,,main,clean,0.1,13,0.05,7,0.8266666666666667,0.6313999435829638,0.6052526768370844,-0.011236717635532533,0.1,0.18313353233458013,0.00021879100403715546,1.0,0.4563548000000992,0.008746200000018689,0.5116026000000602,
iris,P2OLSAL,,main,clean,0.1,13,0.1,15,0.82,0.6032377666907112,0.5900338765544879,-0.03868062568760775,0.1,0.18332703862967323,0.0010687271597273201,1.0,0.3735651000000644,0.01105039999993096,0.9158846000000267,
iris,P2OLSAL,,main,clean,0.1,13,0.15,22,0.8133333333333334,0.5834913937798436,0.5752769950371298,-0.027128825145389657,0.1,0.18258000312880898,0.001955266874853399,1.0,0.5370570000000043,0.011131799999930081,1.4836713000000827,
iris,P2OLSAL,,main,clean,0.1,13,0.2,30,0.82,0.566795849468457,0.5755055027694032,-0.0395567344079511,0.1,0.18240632498495582,0.004434329342451873,1.0,0.376605799999993,0.011999599999967359,1.8948912000000746,
iris,P2OLSAL,,main,clean,0.1,13,0.3,45,0.82,0.5447096927773574,0.5672205057880337,-0.029181330495674746,0.1,0.1815817556915812,0.007104666070279301,1.0,0.4239143999999442,0.013880800000038107,2.3521208000000797,
iris,P2OLSAL,,main,clean,0.1,15,0.05,7,0.8066666666666666,0.5429128003462584,0.5436933251378243,-0.02973976145866714,0.1,0.18199235847738066,0.0003449050018491384,1.0,0.4551005000000714,0.0066875999999638225,0.49269730000003165,
iris,P2OLSAL,,main,clean,0.1,15,0.1,15,0.74,0.42279864459013217,0.42029653624022073,-0.019570384637241235,0.1,0.18107886035186074,0.008588896379305933,1.0,0.47810549999996965,0.011497100000042337,1.0072662000000037,
iris,P2OLSAL,,main,clean,0.1,15,0.15,22,0.68,0.3720730469537185,0.3515382955595634,-0.01706696757409047,0.1,0.1762747634761565,0.019698665772558983,1.0,0.4135254000000259,0.006222099999945385,1.437108500000022,
iris,P2OLSAL,,main,clean,0.1,15,0.2,30,0.8333333333333334,0.5810693101689995,0.589384644818308,-0.01175770013807799,0.1,0.16619807933536804,0.027179510686370326,1.0,0.3805618000000095,0.01080289999993056,1.8407898000000387,
iris,P2OLSAL,,main,clean,0.1,15,0.3,45,0.8266666666666667,0.5613310582580957,0.5749457740374637,-0.016361487243341407,0.1,0.18349013661819266,0.010552346322578428,1.0,0.40691500000002634,0.007041399999934583,2.2842066000000614,
iris,P2OLSAL,,main,clean,0.1,16,0.05,7,0.82,0.5568504553683368,0.5684367479263344,-0.018652735112934776,0.1,0.18314092639421037,0.00013549349302066638,1.0,0.42761480000001484,0.005145900000002257,0.4811684000000014,
iris,P2OLSAL,,main,clean,0.1,16,0.1,15,0.8066666666666666,0.4893006152538005,0.5195708279198079,-0.03533178834548133,0.1,0.18217158786358037,0.0014161072888799336,1.0,0.5531143999999131,0.007579500000019834,1.0509733000000097,
iris,P2OLSAL,,main,clean,0.1,16,0.15,22,0.7666666666666667,0.42911311573511446,0.44946295041068496,-0.015451350277106876,0.1,0.1786058298395691,0.0010608216993292904,1.0,0.3709966000000122,0.010382499999991524,1.4425991000000522,
iris,P2OLSAL,,main,clean,0.1,16,0.2,30,0.8266666666666667,0.5751873616845187,0.5804889896592758,-0.03270827032005595,0.1,0.17550235101512718,0.003348667964605867,1.0,0.34179679999999735,0.0064081000000442145,1.8012795000000779,
iris,P2OLSAL,,main,clean,0.1,16,0.3,45,0.82,0.5556214225651158,0.5664568166002661,-0.026236041290610683,0.1,0.18197282724202998,0.004303159783035386,1.0,0.4511287999999922,0.006562500000086402,2.2884023000000298,
iris,P2OLSAL,,main,clean,0.1,17,0.05,7,0.8,0.5322525558778981,0.5368787177635131,-0.043167213551491466,0.1,0.18226217676998474,0.00014813870809873841,1.0,0.4387679000000162,0.0039584999999533466,0.49440819999995256,
iris,P2OLSAL,,main,clean,0.1,17,0.1,15,0.8,0.4982166828589491,0.5143124234852283,-0.03202703865463304,0.1,0.18135390946064694,0.0009208295689920876,1.0,0.4664678000000322,0.012074600000005375,0.995978799999989,
iris,P2OLSAL,,main,clean,0.1,17,0.15,22,0.7733333333333333,0.48556544637604165,0.4843031393721256,-0.02704265435403152,0.1,0.17735262576075161,0.0017096937157523584,1.0,0.4412516999999525,0.01529440000001614,1.463787199999956,
iris,P2OLSAL,,main,clean,0.1,17,0.2,30,0.82,0.5959192348341447,0.5815902579765048,-0.024998383086628953,0.1,0.17617612844246014,0.009260585013695866,1.0,0.32390559999998914,0.015902800000048956,1.8264263999999457,
iris,P2OLSAL,,main,clean,0.1,17,0.3,45,0.8133333333333334,0.579435083248888,0.5674815091358666,-0.02512883700120499,0.1,0.1841873014227319,0.003976529899882678,1.0,0.4891417999999703,0.014564299999960895,2.349685299999919,
iris,P2OLSAL,,main,clean,0.1,18,0.05,7,0.7933333333333333,0.5449320590657437,0.5345757230841618,-0.03347480546687068,0.1,0.18340523853340612,0.0003860122892487827,1.0,0.42157320000001164,0.008414700000002995,0.4744852000000037,
iris,P2OLSAL,,main,clean,0.1,18,0.1,15,0.7466666666666667,0.5445766275738141,0.4936620971807236,-0.02689161960182041,0.1,0.182228250225452,0.002068379038505888,1.0,0.5633210000000872,0.0055343000000220854,1.0572320999999647,
iris,P2OLSAL,,main,clean,0.1,18,0.15,22,0.74,0.5260053452640352,0.4774394382109229,-0.02896512110148849,0.1,0.17001382287629282,0.00627077450914902,1.0,0.39638190000005125,0.006387799999970412,1.477267099999949,
iris,P2OLSAL,,main,clean,0.1,18,0.2,30,0.8333333333333334,0.5676825477822406,0.5827419361413321,-0.018898026768338533,0.1,0.16644542746939467,0.04864983689578621,1.0,0.43441859999995813,0.00948849999997492,1.945286699999997,
iris,P2OLSAL,,main,clean,0.1,18,0.3,45,0.82,0.5434619206222162,0.562942897123438,-0.03153217755342665,0.1,0.18149277180218187,0.003960196910977043,1.0,0.6565415999999686,0.01172329999997146,2.6339626999999837,
iris,P2OLSAL,,main,clean,0.1,19,0.05,7,0.8066666666666666,0.5568783689127002,0.5434658253268819,-0.01837430938439706,0.1,0.18096114869697408,0.00010047861976009154,1.0,0.5524839999999358,0.008512200000041048,0.6045423999999002,
iris,P2OLSAL,,main,clean,0.1,19,0.1,15,0.7533333333333333,0.513821859544483,0.47678780445907454,-0.04150756021840438,0.1,0.1796638637238939,0.00041258158405071965,1.0,0.33454070000004776,0.005260000000021137,0.9523195999998961,
iris,P2OLSAL,,main,clean,0.1,19,0.15,22,0.78,0.5723928248460379,0.5366102098978144,-0.031608344069858386,0.1,0.17798113205912344,0.0038241981409645426,1.0,0.3830295999999862,0.005140500000038628,1.3642856999999822,
iris,P2OLSAL,,main,clean,0.1,19,0.2,30,0.8266666666666667,0.593865135548582,0.5858089913452219,-0.014219370279119962,0.1,0.17750273063614033,0.004250778763046761,1.0,0.5553822999999056,0.017423799999960465,1.9593380000000025,
iris,P2OLSAL,,main,clean,0.1,19,0.3,45,0.8133333333333334,0.5799820526841755,0.5664096776958334,-0.017480883772584062,0.1,0.18041936490060298,0.00933938611440448,1.0,0.5845191000000796,0.01495030000000952,2.5793381999999383,
iris,P2OLSAL,,main,clean,0.1,20,0.05,7,0.8133333333333334,0.6426583176523605,0.5923326221845838,-0.036494023764324014,0.1,0.18383057223770624,0.00023170981458051076,1.0,0.4201242999999977,0.009866600000009385,0.4590308000000505,
iris,P2OLSAL,,main,clean,0.1,20,0.1,15,0.8133333333333334,0.6171219296144836,0.5811789375772584,-0.03643805356776991,0.1,0.18456168796599262,0.0011192970899805005,1.0,0.3742635999999493,0.003537699999924371,0.8443770999999742,
iris,P2OLSAL,,main,clean,0.1,20,0.15,22,0.8066666666666666,0.6132957091973208,0.5733788951927894,-0.02092864726639034,0.1,0.1830998522090366,0.0020750766188591474,1.0,0.4027654999999868,0.007375000000024556,1.266326700000036,
iris,P2OLSAL,,main,clean,0.1,20,0.2,30,0.8,0.585593909054166,0.5595736364672735,-0.019202729884195073,0.1,0.18318466294586674,0.023553328543438612,1.0,0.4099782000000687,0.008643399999982648,1.6991831999999931,
iris,P2OLSAL,,main,clean,0.1,20,0.3,45,0.8066666666666666,0.5739420543728055,0.5571466075769261,-0.02376023260153768,0.1,0.18403330995996237,0.007636432706136764,1.0,0.3994821999999658,0.009045300000025236,2.122151199999962,
iris,P2OLSAL,,main,clean,0.1,22,0.05,7,0.82,0.5740110167620296,0.5720854743412361,-0.0371848467688182,0.1,0.18310254008612203,0.0004882953788960531,1.0,0.43681770000000597,0.0064141999999947075,0.46925739999994676,
iris,P2OLSAL,,main,clean,0.1,22,0.1,15,0.76,0.5571147935743916,0.5191713237921706,-0.004050906457403192,0.1,0.18217315775916187,0.022313276089636735,1.0,0.468453199999999,0.005076899999949092,0.9575940999999375,
iris,P2OLSAL,,main,clean,0.1,22,0.15,22,0.7266666666666667,0.5139163206862222,0.47850719510088374,-0.029058405537348782,0.1,0.1797034872147778,0.0037273792042175702,1.0,0.4643551000000343,0.0073932000000240805,1.4360752999999704,
iris,P2OLSAL,,main,clean,0.1,22,0.2,30,0.7066666666666667,0.5077797162657931,0.4682265705346359,-0.004287060985412993,0.1,0.1735846510519271,0.027074510864324733,1.0,0.3355717999999115,0.0033882999999832464,1.7920725999999831,
iris,P2OLSAL,,main,clean,0.1,22,0.3,45,0.8333333333333334,0.573029444460014,0.5933926976214854,-0.017692292916186337,0.1,0.17050121387888925,0.02586222029892591,1.0,0.3484783999999763,0.008818800000085503,2.1667189999999437,
iris,P2OLSAL,,main,clean,0.1,21,0.05,7,0.8066666666666666,0.5282154342761968,0.5302562893656916,-0.02994420971387532,0.1,0.1810414231784243,0.0003524986959295151,1.0,0.5013463999999885,0.010448600000017905,0.5607912000000397,
iris,P2OLSAL,,main,clean,0.1,21,0.1,15,0.7466666666666667,0.40251258327997635,0.40764212714500064,-0.02544134453765912,0.1,0.1804099447441718,0.0007594377969254162,1.0,0.4508322000000362,0.007095800000001873,1.0299424999999474,
iris,P2OLSAL,,main,clean,0.1,21,0.15,22,0.7333333333333333,0.3773528169772076,0.37432585606699287,-0.03725123366123136,0.1,0.17598397110907024,0.00285293272010637,1.0,0.41567620000000716,0.012244099999975333,1.4667601999999533,
iris,P2OLSAL,,main,clean,0.1,21,0.2,30,0.7266666666666667,0.5229429909978071,0.47252775303526784,-0.02697143588323599,0.1,0.1719737472185335,0.004953776418956224,1.0,0.34054280000009385,0.004940300000043862,1.8336935999999469,
iris,P2OLSAL,,main,clean,0.1,21,0.3,45,0.84,0.5995090083547252,0.6001998837632464,-0.008254254801340077,0.1,0.17156991388403034,0.02779636607008668,1.0,0.38599629999998797,0.0071619999999938955,2.246985900000027,
iris,P2OLSAL,,main,clean,0.1,23,0.05,7,0.8,0.5319995743264483,0.5280917975894701,-0.01538260191565804,0.1,0.17985493339144615,0.0016779369739700067,1.0,0.46418749999998,0.019479100000012295,0.5212362999999414,
iris,P2OLSAL,,main,clean,0.1,23,0.1,15,0.7333333333333333,0.4285489582270876,0.4162440828060384,-0.02647532210118796,0.1,0.1794831191203779,0.000919596933389874,1.0,0.3914637999999968,0.0065487000000530315,0.9317691999999624,
iris,P2OLSAL,,main,clean,0.1,23,0.15,22,0.7466666666666667,0.40980780196482325,0.4018342900430621,-0.029072804138421417,0.1,0.172682720679192,0.004890501001589942,1.0,0.35704919999989215,0.009615100000019083,1.3169553999999835,
iris,P2OLSAL,,main,clean,0.1,23,0.2,30,0.8333333333333334,0.6031637882859988,0.5949894624277535,-0.04174509439648886,0.1,0.17273522573672986,0.0026339285452047917,1.0,0.3176875999999993,0.01054030000000239,1.66045680000002,
iris,P2OLSAL,,main,clean,0.1,23,0.3,45,0.8266666666666667,0.5793162073651158,0.574301900525238,-0.026031573347617003,0.1,0.18335851312044485,0.003923091176858103,1.0,0.38421180000000277,0.014188700000090648,2.0786915999999565,
iris,P2OLSAL,,main,clean,0.1,25,0.05,7,0.8066666666666666,0.5510316164213167,0.5481660456213242,-0.02605417223267928,0.1,0.18276456101117342,0.00027922256844187254,1.0,0.43594500000006065,0.0062235999999984415,0.484130700000037,
iris,P2OLSAL,,main,clean,0.1,25,0.1,15,0.72,0.40427148839893967,0.39558354132341506,-0.03860754617968103,0.1,0.18201096796185037,0.0013818923057346416,1.0,0.4473768000000291,0.008337500000038744,0.9498852000000397,
iris,P2OLSAL,,main,clean,0.1,25,0.15,22,0.8266666666666667,0.6601571791909904,0.6126523442778002,-0.03494982499747099,0.1,0.17408582282092375,0.006541771154241768,1.0,0.3933701999999357,0.006833499999970627,1.369339200000013,
iris,P2OLSAL,,main,clean,0.1,25,0.2,30,0.8266666666666667,0.6601571791909904,0.6126523442778002,0.006309544019271727,0.1,0.18505761097298368,0.036662199710320795,1.0,0.30382989999998244,0.009955900000022666,1.700790999999981,
iris,P2OLSAL,,main,clean,0.1,25,0.3,45,0.8133333333333334,0.6203515523923442,0.5830304954062233,-0.0382910247437659,0.1,0.18625915064058524,0.005158064400417462,1.0,0.5436458000000357,0.00972439999998187,2.274837899999966,
iris,P2OLSAL,,main,clean,0.1,24,0.05,7,0.84,0.6429325775177864,0.620787781591043,-0.015047583186976908,0.1,0.18372370826554232,0.03188499931171346,1.0,0.521829900000057,0.008888299999966875,0.5713070000000471,
iris,P2OLSAL,,main,clean,0.1,24,0.1,15,0.76,0.5540695596946348,0.5119830686448931,-0.026236995217040003,0.1,0.18412950292600977,0.04732393239218048,1.0,0.47358619999999974,0.0056585999999470005,1.0581732000000557,
iris,P2OLSAL,,main,clean,0.1,24,0.15,22,0.7333333333333333,0.5407341716002786,0.490114376420192,-0.042340865899100834,0.1,0.1793728795760344,0.002460618622833723,1.0,0.3899641000000429,0.004220000000032087,1.4675448000000415,
iris,P2OLSAL,,main,clean,0.1,24,0.2,30,0.8333333333333334,0.6023855666678887,0.6017359651664348,-0.044017781602926825,0.1,0.17646798855871568,0.007277416234861334,1.0,0.3774500999999191,0.007372599999939666,1.866285600000083,
iris,P2OLSAL,,main,clean,0.1,24,0.3,45,0.8266666666666667,0.5729326453498618,0.5826262395398415,-0.015162280100732378,0.1,0.18482270000588452,0.0048980288378883685,1.0,0.5293990999999778,0.008829599999899074,2.4234590000000935,
iris,P2OLSAL,,main,clean,0.1,26,0.05,7,0.8133333333333334,0.584678717385897,0.5581156610014828,-0.01896755581561972,0.1,0.18153695860414587,9.347686656444032e-05,1.0,0.503483699999947,0.007178199999998469,0.5395743000000266,
iris,P2OLSAL,,main,clean,0.1,26,0.1,15,0.7666666666666667,0.5332717088958235,0.4958212889700953,-0.02769449087997959,0.1,0.17994710370193,0.0003429819733192785,1.0,0.4380902000000333,0.004225199999950746,0.9993373999999449,
iris,P2OLSAL,,main,clean,0.1,26,0.15,22,0.56,0.500925547864254,0.40373761506917755,-0.019918983948781832,0.1,0.17768152794973494,0.002522262410030507,1.0,0.3335094000000254,0.00849110000001474,1.3630845999999792,
iris,P2OLSAL,,main,clean,0.1,26,0.2,30,0.7533333333333333,0.5204901682062484,0.4966053473861175,-0.008441876222367993,0.1,0.18191399147462978,0.058571993163234595,1.0,0.32059160000005704,0.0087889000000132,1.7126104000000169,
iris,P2OLSAL,,main,clean,0.1,26,0.3,45,0.8266666666666667,0.5727729261279708,0.5822208254937412,-0.0165022418788077,0.1,0.176834052375882,0.041613239526532717,0.9333333333333333,0.6217317000000548,0.011561000000028798,2.3646314000000075,
iris,P2OLSAL,,main,clean,0.1,27,0.05,7,0.84,0.6659323679491874,0.6303393343888227,-0.027714416924909294,0.1,0.1835965481263896,0.00020957173879362911,1.0,0.3841734999999744,0.005607599999962076,0.43372870000007424,
iris,P2OLSAL,,main,clean,0.1,27,0.1,15,0.7466666666666667,0.5730919917491004,0.5102680030873868,-0.029783909389453512,0.1,0.18280833293624937,0.0012124974671690186,1.0,0.4085053000000016,0.005093100000067352,0.8578783000000385,
iris,P2OLSAL,,main,clean,0.1,27,0.15,22,0.72,0.5382483726431188,0.48501489493545075,-0.021057597601233834,0.1,0.17866185016733346,0.004149085674261961,1.0,0.39041969999993853,0.004122800000004645,1.2600597000000562,
iris,P2OLSAL,,main,clean,0.1,27,0.2,30,0.6933333333333334,0.5052564492419473,0.4637808552170192,-0.021492640315468194,0.1,0.17450149544170585,0.011792786537048724,1.0,0.42260620000001836,0.005969199999981356,1.7107343000000128,
iris,P2OLSAL,,main,clean,0.1,27,0.3,45,0.86,0.6190696722128549,0.6447120424535732,-0.012878615121710865,0.1,0.16663555089039003,0.04052067437738396,1.0,0.568909099999928,0.008953000000019529,2.3086497000000463,
iris,P2OLSAL,,main,clean,0.1,28,0.05,7,0.8466666666666667,0.6509761591306256,0.6325431576828224,-0.018373197303560344,0.1,0.18261056281107305,0.0001461563710734859,1.0,0.45651890000010553,0.007772199999976692,0.5096352000000479,
iris,P2OLSAL,,main,clean,0.1,28,0.1,15,0.84,0.6334459116526142,0.6155768113108138,-0.024292929840852732,0.1,0.1824673067553052,0.0006026471439492115,1.0,0.4258658999999625,0.009105099999942468,0.9628083000000061,
iris,P2OLSAL,,main,clean,0.1,28,0.15,22,0.84,0.6261780089876541,0.6185324776747818,-0.03712925961431098,0.1,0.18144112958346625,0.001417942078435121,1.0,0.3834216999999853,0.008973200000014003,1.37561960000005,
iris,P2OLSAL,,main,clean,0.1,28,0.2,30,0.8333333333333334,0.5846476039055932,0.5918107325889531,-0.036737559609943835,0.1,0.18127520401963879,0.0027029867114500977,1.0,0.5285245000000032,0.013414399999987836,1.9359841000000415,
iris,P2OLSAL,,main,clean,0.1,28,0.3,45,0.8266666666666667,0.5659112875983585,0.582452678386988,-0.020764799905411177,0.1,0.18134937311199772,0.014087587011250392,1.0,0.3609013999999888,0.011803600000007464,2.3290625000000773,
iris,P2OLSAL,,main,clean,0.1,29,0.05,7,0.8,0.5528690563071417,0.5319337794615198,-0.024617883788880808,0.1,0.1823362831719152,0.0002850821429394579,1.0,0.3810846000000083,0.014797400000020389,0.4434599999999591,
iris,P2OLSAL,,main,clean,0.1,29,0.1,15,0.7266666666666667,0.431324091918166,0.40506961964267035,-0.029072233145824862,0.1,0.1825469957040499,0.0006689483990537648,1.0,0.36036669999998594,0.00780110000005152,0.8204504999999926,
iris,P2OLSAL,,main,clean,0.1,29,0.15,22,0.8466666666666667,0.633603843023042,0.6251023517864792,-0.008126830888547518,0.1,0.17542744581801403,0.06569522280086838,1.0,0.5747430999999779,0.0030335000000150103,1.4234172999999828,
iris,P2OLSAL,,main,clean,0.1,29,0.2,30,0.8266666666666667,0.6147123719216819,0.5932079978061555,-0.021478226876216238,0.1,0.1836666029500217,0.0009143703063459879,1.0,0.42261659999996937,0.01593209999998635,1.8769274999999652,
iris,P2OLSAL,,main,clean,0.1,29,0.3,45,0.8266666666666667,0.6294009337586921,0.5995816019019579,-0.020089263210495815,0.1,0.18364079394048985,0.004978670158661313,1.0,0.44812530000001516,0.00939779999998791,2.3580255999999054,
iris,P2OLSAL,,main,clean,0.2,0,0.05,7,0.8066666666666666,0.6104510131152352,0.5710478039918027,-0.005030267873146858,0.1,0.18396982470018866,0.08586393549714721,1.0,0.6371791999999914,0.00737570000001142,0.6880659999999352,
iris,P2OLSAL,,main,clean,0.2,0,0.1,15,0.7866666666666666,0.5736080599771138,0.5405653361127849,-0.0410869965068507,0.1,0.18333929058870177,0.0013571854809715372,1.0,0.4970568999999614,0.009509299999990617,1.2066445000000385,
iris,P2OLSAL,,main,clean,0.2,0,0.15,22,0.7466666666666667,0.5261249386732665,0.49043219502579455,-0.020738624457666048,0.1,0.1798318406574396,0.003048713905428998,1.0,0.5762127000000419,0.005361399999969763,1.80043569999998,
iris,P2OLSAL,,main,clean,0.2,0,0.2,30,0.8266666666666667,0.5714252519332234,0.5778807306025459,-0.009973099354260852,0.1,0.17646458200271212,0.03610486699820861,1.0,0.48614370000007057,0.005209899999954359,2.3094648000000007,
iris,P2OLSAL,,main,clean,0.2,0,0.3,45,0.8066666666666666,0.5354939713705995,0.5378176858315077,-0.03498320357753309,0.1,0.18405217353312905,0.0035753768133914027,1.0,0.5457531999999219,0.012389299999995274,2.884914999999978,
iris,P2OLSAL,,main,clean,0.2,1,0.05,7,0.8333333333333334,0.659486892724918,0.6201351808870379,-0.03507051830966298,0.1,0.1848550578141223,0.0002586498977570628,1.0,0.6289835999999696,0.005209600000057435,0.678305200000068,
iris,P2OLSAL,,main,clean,0.2,1,0.1,15,0.84,0.6659323679491874,0.6303393343888227,-0.03661928126150077,0.1,0.18430003026422057,0.0013254065124771175,1.0,0.4781275000000278,0.006989299999986542,1.183437099999992,
iris,P2OLSAL,,main,clean,0.2,1,0.15,22,0.82,0.6467113936056553,0.6006861021484542,-0.03434881421782278,0.1,0.1827015001598936,0.0016189796585973162,1.0,0.5574362999999494,0.010388400000010733,1.7638335999999981,
iris,P2OLSAL,,main,clean,0.2,1,0.2,30,0.8133333333333334,0.6187947838596598,0.5862140681263024,-0.025574960002439813,0.1,0.18305710443463097,0.0031846638290258245,1.0,0.477525999999898,0.007449599999972634,2.2658380000000307,
iris,P2OLSAL,,main,clean,0.2,1,0.3,45,0.8,0.5594331650220126,0.5477368047555662,-0.014132501618629674,0.1,0.18324383291974156,0.006561638129675052,1.0,0.569836099999975,0.009768200000053184,2.863835100000074,
iris,P2OLSAL,,main,clean,0.2,2,0.05,7,0.8466666666666667,0.6523426287092366,0.6365967356455051,-0.05757989223153267,0.1,0.18333995245191353,0.00022311233773752992,1.0,0.5758164999999735,0.018135099999994964,0.6636254000000008,
iris,P2OLSAL,,main,clean,0.2,2,0.1,15,0.8266666666666667,0.6313999435829638,0.6052526768370844,-0.028445745501209388,0.1,0.18259643001480527,0.0014452906285034178,1.0,0.5799428000000262,0.017042699999933575,1.2770321999998941,
iris,P2OLSAL,,main,clean,0.2,2,0.15,22,0.82,0.611719356644402,0.5908401033195692,-0.04089473669184562,0.1,0.182275630888262,0.0021299481541942372,1.0,0.5468849000000091,0.009900700000002871,1.8595417999999881,
iris,P2OLSAL,,main,clean,0.2,2,0.2,30,0.8066666666666666,0.6003901904835917,0.5728063783855661,-0.03442049638684367,0.1,0.1819246621451492,0.0039235821251964315,1.0,0.45812290000003486,0.013499200000069322,2.3538813999999775,
iris,P2OLSAL,,main,clean,0.2,2,0.3,45,0.8,0.5441894315203709,0.5384361085149194,-0.024782212486033,0.1,0.18259258645129292,0.009346560400879438,1.0,0.4273622999999134,0.011186500000007982,2.8072194999999738,
iris,P2OLSAL,,main,clean,0.2,3,0.05,7,0.8133333333333334,0.5512966492486686,0.5428460833248446,-0.05197093494096904,0.1,0.18024163782381242,5.0248028286264956e-05,1.0,0.5940795999999864,0.011044599999991078,0.6530566000000135,
iris,P2OLSAL,,main,clean,0.2,3,0.1,15,0.78,0.5017932667019205,0.49240815710254887,-0.021110386958553412,0.1,0.1791808134150212,0.0005412604875610766,1.0,0.590377999999987,0.011732800000004318,1.2761753999999428,
iris,P2OLSAL,,main,clean,0.2,3,0.15,22,0.8266666666666667,0.6082042210684038,0.5955994890150479,-0.03484082444553093,0.1,0.1761587930205907,0.002819060666049517,1.0,0.5072845999999345,0.014050299999894378,1.8169829999999365,
iris,P2OLSAL,,main,clean,0.2,3,0.2,30,0.82,0.5885538949833302,0.5810045833554407,-0.024246505782806235,0.1,0.1813609004224876,0.0013523648262123572,1.0,0.5117216999999528,0.014149200000019846,2.3654645999999957,
iris,P2OLSAL,,main,clean,0.2,3,0.3,45,0.8,0.5475107925538657,0.5468414208845436,-0.02580078403212118,0.1,0.181095752830539,0.004966467076321505,1.0,0.5682771999998977,0.016051700000048186,2.972902500000032,
iris,P2OLSAL,,main,clean,0.2,4,0.05,7,0.78,0.5792799798288267,0.5324687811900322,-0.043720533376328044,0.1,0.1842513897424685,0.0008667035005196777,1.0,0.4960740999999871,0.004699299999970208,0.5464674000000969,
iris,P2OLSAL,,main,clean,0.2,4,0.1,15,0.82,0.5822154217079254,0.5591805673683825,-0.03297715840290834,0.1,0.18352719338569984,0.0037287014219833103,1.0,0.5644492999999784,0.008958300000017516,1.1457051000001002,
iris,P2OLSAL,,main,clean,0.2,4,0.15,22,0.6666666666666666,0.32264208098302044,0.3059167349737754,-0.025721306294436273,0.1,0.17794692312939261,0.014318579566697036,1.0,0.4778166000000965,0.020097899999996116,1.6605309999999918,
iris,P2OLSAL,,main,clean,0.2,4,0.2,30,0.8133333333333334,0.5823428682740555,0.5713341304463152,-0.02521285198621604,0.1,0.1698707920987778,0.0024719351317074173,1.0,0.477588800000035,0.010469299999954274,2.1638929000000644,
iris,P2OLSAL,,main,clean,0.2,4,0.3,45,0.8066666666666666,0.5603317265991017,0.5518147720362261,-0.031348480547899474,0.1,0.18336987374262773,0.005507205213123082,1.0,0.48935470000003534,0.009021999999959007,2.677250000000072,
iris,P2OLSAL,,main,clean,0.2,5,0.05,7,0.8266666666666667,0.585873845095431,0.5871959280893625,0.004046771439679362,0.1,0.18360193392174323,0.03790804202230261,1.0,0.5102339000000029,0.006567299999915122,0.5706748000000061,
iris,P2OLSAL,,main,clean,0.2,5,0.1,15,0.82,0.5489768141224115,0.5613838120458469,-0.03587250927488119,0.1,0.18422202330430928,0.0006518506781801048,1.0,0.4986569000000145,0.00895750000006501,1.094877600000018,
iris,P2OLSAL,,main,clean,0.2,5,0.15,22,0.7733333333333333,0.5125031270813376,0.4979960719817331,0.0016227316268536812,0.1,0.180634736784084,0.024229506314354627,1.0,0.5625933000000032,0.012428199999931167,1.696358000000032,
iris,P2OLSAL,,main,clean,0.2,5,0.2,30,0.84,0.6365910961985081,0.6170226610922224,-0.004838146939414251,0.1,0.17912406279341533,0.026525892058657338,1.0,0.5483486000000539,0.01587840000001961,2.284000100000071,
iris,P2OLSAL,,main,clean,0.2,5,0.3,45,0.8133333333333334,0.5661358241178482,0.5618079224265218,-0.03374465914328937,0.1,0.18349358809058383,0.007146983583603491,1.0,0.5627928999999767,0.016791900000043825,2.8860409999999774,
iris,P2OLSAL,,main,clean,0.2,6,0.05,7,0.82,0.5640187099039138,0.5581531252378312,-0.01880405565340345,0.1,0.18111931157862202,0.03479475430725765,1.0,0.6474398999999949,0.011574200000040946,0.7062985000000026,
iris,P2OLSAL,,main,clean,0.2,6,0.1,15,0.76,0.5163476168637101,0.476404422265368,-0.026030135929988343,0.1,0.18006024943372698,0.00026780117839295126,1.0,0.5542402999999467,0.013897499999984575,1.2928299999999808,
iris,P2OLSAL,,main,clean,0.2,6,0.15,22,0.5533333333333333,0.4787843672066572,0.3926084890175846,0.005098236161304692,0.1,0.17712581295387944,0.04065043883299551,1.0,0.5095119000000068,0.011618699999985438,1.8273103999999876,
iris,P2OLSAL,,main,clean,0.2,6,0.2,30,0.82,0.5592475480008104,0.5719873688499542,-0.014919049842031656,0.1,0.1888485011689746,0.029366916392327275,1.0,0.4650964999999587,0.006859599999984312,2.3092850000000453,
iris,P2OLSAL,,main,clean,0.2,6,0.3,45,0.8,0.5128679180584991,0.5298944008692404,-0.035072906363524205,0.1,0.18511619755849884,0.002526297720181973,1.0,0.5171199999999772,0.005733300000088093,2.8527437999999847,
iris,P2OLSAL,,main,clean,0.2,7,0.05,7,0.8266666666666667,0.6307737018736306,0.6049788275365808,-0.023820018097937355,0.1,0.18392535186753065,0.00020742661014236385,1.0,0.6303278000000319,0.009111600000096587,0.6908396999999695,
iris,P2OLSAL,,main,clean,0.2,7,0.1,15,0.8333333333333334,0.637785341273063,0.6151127724432873,-0.03429297688004789,0.1,0.18414491579978798,0.0011638832325476106,1.0,0.5406674999999268,0.011724500000013904,1.2617599000000155,
iris,P2OLSAL,,main,clean,0.2,7,0.15,22,0.8266666666666667,0.6095415478707221,0.599820223374497,-0.03739890600824113,0.1,0.18274560507986332,0.0018759162644705102,1.0,0.49513249999995423,0.007359899999983099,1.7775746999999456,
iris,P2OLSAL,,main,clean,0.2,7,0.2,30,0.82,0.5897177172231051,0.584883725673355,-0.02641526904900325,0.1,0.18263587106842313,0.0033967906678687015,1.0,0.5389255000000048,0.008596099999977014,2.3409529000000475,
iris,P2OLSAL,,main,clean,0.2,7,0.3,45,0.8066666666666666,0.5427198606475278,0.5459746075321873,-0.03650480416346099,0.1,0.18249190975158722,0.007450048719647947,1.0,0.5215925999999627,0.007875099999978374,2.8898539000000483,
iris,P2OLSAL,,main,clean,0.2,8,0.05,7,0.8133333333333334,0.6187947838596597,0.5862140681263024,-0.030188561000125704,0.1,0.1832165565001582,0.00021971553737659688,1.0,0.526605600000039,0.040600199999971665,0.6142865999999003,
iris,P2OLSAL,,main,clean,0.2,8,0.1,15,0.7866666666666666,0.5972807960069357,0.5529977720777041,-0.022791406719969005,0.1,0.18274633251127245,0.05864978641381666,1.0,0.5373566999999184,0.0063734000000295055,1.1719410999999127,
iris,P2OLSAL,,main,clean,0.2,8,0.15,22,0.7466666666666667,0.5579501615488275,0.5082026938114115,-0.04146676228355287,0.1,0.18098689449191044,0.0032675435057512186,1.0,0.5396365000000287,0.0053910999999970954,1.7330211999999392,
iris,P2OLSAL,,main,clean,0.2,8,0.2,30,0.72,0.5224357785192101,0.48191975477227983,-0.02459054465492389,0.1,0.1781664342429426,0.006906741812405609,1.0,0.5191983999999366,0.007098000000041793,2.2787737999999536,
iris,P2OLSAL,,main,clean,0.2,8,0.3,45,0.8,0.5391276005584158,0.5411744509179086,-0.024145995094962163,0.1,0.17340915532541382,0.02159171203816807,1.0,0.5953913999999259,0.008911500000067463,2.9053160999999363,
iris,P2OLSAL,,main,clean,0.2,9,0.05,7,0.78,0.5595625806846897,0.5314522493546295,-0.028595764167901425,0.1,0.1812073038486074,0.02827174216204653,1.0,0.48166600000001836,0.006153000000040265,0.5297533000000385,
iris,P2OLSAL,,main,clean,0.2,9,0.1,15,0.7266666666666667,0.4661261594856435,0.4466103968411247,-0.030643515889826646,0.1,0.18320014537159263,0.002720934529590477,1.0,0.5642096999999922,0.004091199999948003,1.1129577000000381,
iris,P2OLSAL,,main,clean,0.2,9,0.15,22,0.66,0.3949348129825577,0.3746927254203703,-0.018424881458932042,0.1,0.17909394351316066,0.009277637622171533,1.0,0.5521277999999938,0.005847700000003897,1.7009974000000057,
iris,P2OLSAL,,main,clean,0.2,9,0.2,30,0.7533333333333333,0.4099909744361455,0.4294595655657917,-0.028310750634937126,0.1,0.1705669321239234,0.016137124622583404,1.0,0.590810900000065,0.012207899999907568,2.3265204000000494,
iris,P2OLSAL,,main,clean,0.2,9,0.3,45,0.8133333333333334,0.5297508225785814,0.5483540647603817,-0.011641322078670642,0.1,0.17778070084428801,0.02979516142819778,1.0,0.5887940000000071,0.014873500000021522,2.941361700000016,
iris,P2OLSAL,,main,clean,0.2,11,0.05,7,0.8466666666666667,0.6509761591306257,0.6325431576828224,-0.03879771287048422,0.1,0.1842493935206675,0.0006894518462117749,1.0,0.4288888000000952,0.006258900000034373,0.4741943999999876,
iris,P2OLSAL,,main,clean,0.2,11,0.1,15,0.7466666666666667,0.46066997496707857,0.4427299671384389,-0.035224591770586844,0.1,0.18321638470833781,0.0011950645117428521,1.0,0.4556281999999783,0.004554800000050818,0.9502234000000271,
iris,P2OLSAL,,main,clean,0.2,11,0.15,22,0.8266666666666667,0.6094347303086192,0.5966274177239962,-0.028971222301172057,0.1,0.17423831675995818,0.001852886202117876,1.0,0.5030291000000489,0.01175809999995181,1.485403500000075,
iris,P2OLSAL,,main,clean,0.2,11,0.2,30,0.8266666666666667,0.5877320495191101,0.5832043322633034,-0.020314610320597136,0.1,0.18195257231291123,0.0018039044712158808,1.0,0.4135195000000067,0.014265600000044287,1.9340409000000136,
iris,P2OLSAL,,main,clean,0.2,11,0.3,45,0.82,0.5795400402540022,0.576738409136826,-0.023693122238888132,0.1,0.18143126064998483,0.0043594593300754735,1.0,0.39052010000000337,0.009519899999986592,2.352824499999997,
iris,P2OLSAL,,main,clean,0.2,10,0.05,7,0.84,0.6659323679491874,0.6303393343888227,-0.0410790529571067,0.1,0.18393417686465113,0.000186857041198224,1.0,0.5644277000000102,0.01011089999997239,0.6096751999999697,
iris,P2OLSAL,,main,clean,0.2,10,0.1,15,0.8333333333333334,0.637785341273063,0.6151127724432873,-0.03634006962734144,0.1,0.18351399553149508,0.00123718194531304,1.0,0.4200581999999713,0.00553330000002461,1.0554983000000675,
iris,P2OLSAL,,main,clean,0.2,10,0.15,22,0.8266666666666667,0.6326887666316778,0.6054714830498689,-0.023211739029356797,0.1,0.18238601708124558,0.0021822621236328166,1.0,0.44172340000000077,0.006936099999961698,1.5245436000000154,
iris,P2OLSAL,,main,clean,0.2,10,0.2,30,0.8266666666666667,0.5990058393794481,0.5899663445025055,-0.015023679387868832,0.1,0.18171788623544904,0.026033784003364355,1.0,0.4334370000000263,0.011043299999982992,1.9828721000000087,
iris,P2OLSAL,,main,clean,0.2,10,0.3,45,0.8133333333333334,0.5617786812965271,0.5576989176315872,-0.025612342147714295,0.1,0.1821112547216833,0.006272036529061942,1.0,0.4263199000000668,0.009285999999974592,2.43391900000006,
iris,P2OLSAL,,main,clean,0.2,13,0.05,7,0.8266666666666667,0.6313999435829638,0.6052526768370844,-0.011236717635532533,0.1,0.18313353233458013,0.00021879100403715546,1.0,0.42267760000004273,0.008420699999987846,0.4821471999999858,
iris,P2OLSAL,,main,clean,0.2,13,0.1,15,0.82,0.6032377666907112,0.5900338765544879,-0.03868062568760775,0.1,0.18332703862967323,0.0010687271597273201,1.0,0.4863842999999406,0.006568099999981314,0.9944993999999951,
iris,P2OLSAL,,main,clean,0.2,13,0.15,22,0.8133333333333334,0.5834913937798436,0.5752769950371298,-0.027128825145389657,0.1,0.18258000312880898,0.001955266874853399,1.0,0.4450094999999692,0.010576700000001438,1.4641869999999244,
iris,P2OLSAL,,main,clean,0.2,13,0.2,30,0.82,0.566795849468457,0.5755055027694032,-0.0395567344079511,0.1,0.18240632498495582,0.004434329342451873,1.0,0.38124950000008084,0.00804969999990135,1.8638983999999255,
iris,P2OLSAL,,main,clean,0.2,13,0.3,45,0.82,0.5198924908366184,0.553245542889205,-0.029181330495674746,0.1,0.1815817556915812,0.007104666070279301,1.0,0.3465863999999783,0.012145600000053491,2.242871100000002,
iris,P2OLSAL,,main,clean,0.2,12,0.05,7,0.82,0.5544052757360379,0.5562383863263478,-0.03222230298337576,0.1,0.18184466713656527,3.7576228238384024e-05,1.0,0.4135972999999922,0.00633740000000671,0.4602752999999211,
iris,P2OLSAL,,main,clean,0.2,12,0.1,15,0.78,0.5409056234660167,0.5083256275077291,-0.023846933852199492,0.1,0.18057434389922225,0.0005585508731871386,1.0,0.4783890999999585,0.014048600000023725,0.9710973999999624,
iris,P2OLSAL,,main,clean,0.2,12,0.15,22,0.5733333333333334,0.5285710924288614,0.40852157315637616,-0.022571917092723836,0.1,0.17911826557177019,0.06899113772489525,1.0,0.4640095999999403,0.01247410000007676,1.4645009999999274,
iris,P2OLSAL,,main,clean,0.2,12,0.2,30,0.82,0.5865725251730849,0.5789477237224587,0.012733799823108823,0.1,0.1795109787927206,0.06308193998488942,1.0,0.42927159999999276,0.009156599999982973,1.915882799999963,
iris,P2OLSAL,,main,clean,0.2,12,0.3,45,0.8266666666666667,0.5788721118350704,0.5849301409357746,-0.02212545863434127,0.1,0.18253213243025807,0.0034159369828829166,1.0,0.4289137999999184,0.005549200000018573,2.366292299999941,
iris,P2OLSAL,,main,clean,0.2,14,0.05,7,0.8066666666666666,0.5473163451902572,0.5387767082581012,-0.03597550225941373,0.1,0.18007770895769754,5.157713039993794e-05,1.0,0.4307136999999557,0.008860000000026957,0.49554970000008325,
iris,P2OLSAL,,main,clean,0.2,14,0.1,15,0.52,0.5013655858241637,0.38560736351461006,-0.03347918422819325,0.1,0.1799778547195468,0.0014488595332219356,1.0,0.5441941999999926,0.012944400000037604,1.0742382000000816,
iris,P2OLSAL,,main,clean,0.2,14,0.15,22,0.78,0.5547580376431432,0.5213330583202904,-0.0027862410167048884,0.1,0.1856452349504381,0.07115019579833139,1.0,0.47841700000003584,0.012425699999994322,1.5816767000000027,
iris,P2OLSAL,,main,clean,0.2,14,0.2,30,0.7,0.5022063906974898,0.44501903268553566,-0.025391105586598295,0.1,0.1758435639276306,0.004472448325391912,1.0,0.44298090000006596,0.008165100000042003,2.061703599999987,
iris,P2OLSAL,,main,clean,0.2,14,0.3,45,0.82,0.516053601541247,0.5459759813586664,-0.01843703559210704,0.1,0.16977032665421216,0.02909641422697972,1.0,0.5801003000000264,0.020725800000036543,2.6912962999999763,
iris,P2OLSAL,,main,clean,0.2,15,0.05,7,0.8066666666666666,0.5429128003462584,0.5436933251378243,-0.02973976145866714,0.1,0.18199235847738066,0.0003449050018491384,1.0,0.4761819000000287,0.006332899999961228,0.5321245999999746,
iris,P2OLSAL,,main,clean,0.2,15,0.1,15,0.74,0.42279864459013217,0.42029653624022073,-0.019570384637241235,0.1,0.18107886035186074,0.008588896379305933,1.0,0.47080589999995937,0.006990100000052735,1.020077600000036,
iris,P2OLSAL,,main,clean,0.2,15,0.15,22,0.68,0.3720730469537185,0.3515382955595634,-0.01706696757409047,0.1,0.1762747634761565,0.019698665772558983,1.0,0.4769909000000325,0.007061200000066492,1.5229044999999815,
iris,P2OLSAL,,main,clean,0.2,15,0.2,30,0.8333333333333334,0.5810693101689995,0.589384644818308,-0.01175770013807799,0.1,0.16619807933536804,0.027179510686370326,1.0,0.48121389999994335,0.011378300000046693,2.0427905000000237,
iris,P2OLSAL,,main,clean,0.2,15,0.3,45,0.8133333333333334,0.5459710594667165,0.5531170263418128,-0.016361487243341407,0.1,0.18349013661819266,0.010552346322578428,1.0,0.5161898999999721,0.018889599999965867,2.5901420000000144,
iris,P2OLSAL,,main,clean,0.2,16,0.05,7,0.82,0.5568504553683368,0.5684367479263344,-0.018652735112934776,0.1,0.18314092639421037,0.00013549349302066638,1.0,0.468495300000086,0.007774799999992865,0.5171164999999291,
iris,P2OLSAL,,main,clean,0.2,16,0.1,15,0.8066666666666666,0.4893006152538005,0.5195708279198079,-0.03533178834548133,0.1,0.18217158786358037,0.0014161072888799336,1.0,0.4778184000000465,0.0066520000000309665,1.0160550999999032,
iris,P2OLSAL,,main,clean,0.2,16,0.15,22,0.7666666666666667,0.42911311573511446,0.44946295041068496,-0.015451350277106876,0.1,0.1786058298395691,0.0010608216993292904,1.0,0.39349890000005416,0.008024199999908888,1.430564899999922,
iris,P2OLSAL,,main,clean,0.2,16,0.2,30,0.8266666666666667,0.5751873616845187,0.5804889896592758,-0.03270827032005595,0.1,0.17550235101512718,0.003348667964605867,1.0,0.44652880000001005,0.012833900000032372,1.9235721000000012,
iris,P2OLSAL,,main,clean,0.2,16,0.3,45,0.8066666666666666,0.5294992033312511,0.5378828615967888,-0.026236041290610683,0.1,0.18197282724202998,0.004303159783035386,1.0,0.5964248999999882,0.020820599999979095,2.560244599999919,
iris,P2OLSAL,,main,clean,0.2,17,0.05,7,0.8,0.5322525558778981,0.5368787177635131,-0.043167213551491466,0.1,0.18226217676998474,0.00014813870809873841,1.0,0.47124200000007477,0.009637500000053478,0.5276304999999866,
iris,P2OLSAL,,main,clean,0.2,17,0.1,15,0.8,0.4982166828589491,0.5143124234852283,-0.03202703865463304,0.1,0.18135390946064694,0.0009208295689920876,1.0,0.4630939999999555,0.010777099999927486,1.0255849000000126,
iris,P2OLSAL,,main,clean,0.2,17,0.15,22,0.7733333333333333,0.48556544637604165,0.4843031393721256,-0.02704265435403152,0.1,0.17735262576075161,0.0017096937157523584,1.0,0.3994261000000279,0.016051800000013827,1.4577904000000217,
iris,P2OLSAL,,main,clean,0.2,17,0.2,30,0.82,0.5959192348341447,0.5815902579765048,-0.024998383086628953,0.1,0.17617612844246014,0.009260585013695866,1.0,0.5944326999999703,0.016190800000003946,2.086677800000075,
iris,P2OLSAL,,main,clean,0.2,17,0.3,45,0.7866666666666666,0.5508356217786439,0.5305699706636734,-0.02512883700120499,0.1,0.1841873014227319,0.003976529899882678,1.0,0.3788139000000683,0.014962400000058551,2.490699100000029,
iris,P2OLSAL,,main,clean,0.2,18,0.05,7,0.7933333333333333,0.5449320590657437,0.5345757230841618,-0.03347480546687068,0.1,0.18340523853340612,0.0003860122892487827,1.0,0.4914649999999483,0.009290999999961969,0.5502602999999908,
iris,P2OLSAL,,main,clean,0.2,18,0.1,15,0.7466666666666667,0.5445766275738141,0.4936620971807236,-0.02689161960182041,0.1,0.182228250225452,0.002068379038505888,1.0,0.4927039000000377,0.008599899999921945,1.0584061000000702,
iris,P2OLSAL,,main,clean,0.2,18,0.15,22,0.74,0.5260053452640352,0.4774394382109229,-0.02896512110148849,0.1,0.17001382287629282,0.00627077450914902,1.0,0.5073667999999998,0.0022748999999748776,1.5895093000000315,
iris,P2OLSAL,,main,clean,0.2,18,0.2,30,0.8333333333333334,0.5676825477822406,0.5827419361413321,-0.018898026768338533,0.1,0.16644542746939467,0.04864983689578621,1.0,0.5557201999999961,0.010757399999988593,2.175888699999973,
iris,P2OLSAL,,main,clean,0.2,18,0.3,45,0.8,0.49991970091367777,0.5240393441552879,-0.03153217755342665,0.1,0.18149277180218187,0.003960196910977043,1.0,0.508772199999953,0.014684699999975237,2.723602000000028,
iris,P2OLSAL,,main,clean,0.2,19,0.05,7,0.8066666666666666,0.5568783689127002,0.5434658253268819,-0.01837430938439706,0.1,0.18096114869697408,0.00010047861976009154,1.0,0.39656350000007023,0.011449699999957375,0.45745189999991,
iris,P2OLSAL,,main,clean,0.2,19,0.1,15,0.7533333333333333,0.513821859544483,0.47678780445907454,-0.04150756021840438,0.1,0.1796638637238939,0.00041258158405071965,1.0,0.5727494000000206,0.0066494000000147935,1.056319599999938,
iris,P2OLSAL,,main,clean,0.2,19,0.15,22,0.78,0.5723928248460379,0.5366102098978144,-0.031608344069858386,0.1,0.17798113205912344,0.0038241981409645426,1.0,0.42046140000002197,0.011362800000028983,1.5055440999999519,
iris,P2OLSAL,,main,clean,0.2,19,0.2,30,0.8266666666666667,0.593865135548582,0.5858089913452219,-0.014219370279119962,0.1,0.17750273063614033,0.004250778763046761,1.0,0.47303149999993366,0.011850400000071204,2.0229541999999583,
iris,P2OLSAL,,main,clean,0.2,19,0.3,45,0.8066666666666666,0.5393034039020395,0.5372438302662902,-0.017480883772584062,0.1,0.18041936490060298,0.00933938611440448,1.0,0.5438781999999946,0.02414099999998598,2.608057799999983,
iris,P2OLSAL,,main,clean,0.2,21,0.05,7,0.8066666666666666,0.5282154342761968,0.5302562893656916,-0.02994420971387532,0.1,0.1810414231784243,0.0003524986959295151,1.0,0.5391550999999026,0.012443899999993846,0.5907841999999164,
iris,P2OLSAL,,main,clean,0.2,21,0.1,15,0.7466666666666667,0.40251258327997635,0.40764212714500064,-0.02544134453765912,0.1,0.1804099447441718,0.0007594377969254162,1.0,0.4352615999999898,0.006198299999937262,1.05327920000002,
iris,P2OLSAL,,main,clean,0.2,21,0.15,22,0.7333333333333333,0.3773528169772076,0.37432585606699287,-0.03725123366123136,0.1,0.17598397110907024,0.00285293272010637,1.0,0.4501173999999537,0.012724499999990257,1.5309896999999637,
iris,P2OLSAL,,main,clean,0.2,21,0.2,30,0.7266666666666667,0.5229429909978071,0.47252775303526784,-0.02697143588323599,0.1,0.1719737472185335,0.004953776418956224,1.0,0.37674809999998615,0.01322210000000723,1.9382412999999588,
iris,P2OLSAL,,main,clean,0.2,21,0.3,45,0.8533333333333334,0.600094619786231,0.6230368411832526,-0.008254254801340077,0.1,0.17156991388403034,0.02779636607008668,1.0,0.40482510000003913,0.010605299999951967,2.38657969999997,
iris,P2OLSAL,,main,clean,0.2,20,0.05,7,0.8133333333333334,0.6426583176523605,0.5923326221845838,-0.036494023764324014,0.1,0.18383057223770624,0.00023170981458051076,1.0,0.5161719999999832,0.012596700000017336,0.5696173000000044,
iris,P2OLSAL,,main,clean,0.2,20,0.1,15,0.8133333333333334,0.6171219296144836,0.5811789375772584,-0.03643805356776991,0.1,0.18456168796599262,0.0011192970899805005,1.0,0.43497160000003987,0.00860109999996439,1.0312485000000606,
iris,P2OLSAL,,main,clean,0.2,20,0.15,22,0.8066666666666666,0.6132957091973208,0.5733788951927894,-0.02092864726639034,0.1,0.1830998522090366,0.0020750766188591474,1.0,0.5041972000000214,0.007135100000027705,1.554036999999994,
iris,P2OLSAL,,main,clean,0.2,20,0.2,30,0.8,0.585593909054166,0.5595736364672735,-0.019202729884195073,0.1,0.18318466294586674,0.023553328543438612,1.0,0.40664300000003095,0.005639100000053077,1.9822120999999697,
iris,P2OLSAL,,main,clean,0.2,20,0.3,45,0.7666666666666667,0.5309698994342247,0.5056223805049227,-0.02376023260153768,0.1,0.18403330995996237,0.007636432706136764,1.0,0.4304549999999381,0.006306499999936932,2.4377636000000393,
iris,P2OLSAL,,main,clean,0.2,22,0.05,7,0.82,0.5740110167620296,0.5720854743412361,-0.0371848467688182,0.1,0.18310254008612203,0.0004882953788960531,1.0,0.5393832999999404,0.00948649999997997,0.5967366000000993,
iris,P2OLSAL,,main,clean,0.2,22,0.1,15,0.76,0.5571147935743916,0.5191713237921706,-0.004050906457403192,0.1,0.18217315775916187,0.022313276089636735,1.0,0.5341928999999936,0.007599499999969339,1.1538755000000265,
iris,P2OLSAL,,main,clean,0.2,22,0.15,22,0.7266666666666667,0.5139163206862222,0.47850719510088374,-0.029058405537348782,0.1,0.1797034872147778,0.0037273792042175702,1.0,0.40831439999999475,0.0060690999999906126,1.584679499999993,
iris,P2OLSAL,,main,clean,0.2,22,0.2,30,0.7066666666666667,0.5077797162657931,0.4682265705346359,-0.004287060985412993,0.1,0.1735846510519271,0.027074510864324733,1.0,0.4269337999999152,0.008797700000059194,2.038444000000027,
iris,P2OLSAL,,main,clean,0.2,22,0.3,45,0.8266666666666667,0.5511620609520318,0.5745179586178374,-0.017692292916186337,0.1,0.17050121387888925,0.02586222029892591,1.0,0.5361331000000291,0.0089476000000559,2.6030537000000322,
iris,P2OLSAL,,main,clean,0.2,23,0.05,7,0.8,0.5319995743264483,0.5280917975894701,-0.01538260191565804,0.1,0.17985493339144615,0.0016779369739700067,1.0,0.5140424999999595,0.02787880000005316,0.5960218999999825,
iris,P2OLSAL,,main,clean,0.2,23,0.1,15,0.7333333333333333,0.4285489582270876,0.4162440828060384,-0.02647532210118796,0.1,0.1794831191203779,0.000919596933389874,1.0,0.4579500999999482,0.008743999999978769,1.0819833000000472,
iris,P2OLSAL,,main,clean,0.2,23,0.15,22,0.7466666666666667,0.40980780196482325,0.4018342900430621,-0.029072804138421417,0.1,0.172682720679192,0.004890501001589942,1.0,0.4911669000000529,0.010625899999922694,1.5963198000000602,
iris,P2OLSAL,,main,clean,0.2,23,0.2,30,0.8333333333333334,0.6031637882859988,0.5949894624277535,-0.04174509439648886,0.1,0.17273522573672986,0.0026339285452047917,1.0,0.4024974999999813,0.009050000000002001,2.0259443999999576,
iris,P2OLSAL,,main,clean,0.2,23,0.3,45,0.8133333333333334,0.5468573133292466,0.5501013935002499,-0.026031573347617003,0.1,0.18335851312044485,0.003923091176858103,1.0,0.5407481000000871,0.011115800000084164,2.5974393999999847,
iris,P2OLSAL,,main,clean,0.2,24,0.05,7,0.84,0.6429325775177864,0.620787781591043,-0.015047583186976908,0.1,0.18372370826554232,0.03188499931171346,1.0,0.5164697999999817,0.006358200000022407,0.5715321999999787,
iris,P2OLSAL,,main,clean,0.2,24,0.1,15,0.76,0.5540695596946348,0.5119830686448931,-0.026236995217040003,0.1,0.18412950292600977,0.04732393239218048,1.0,0.5833612999999787,0.009493899999938549,1.1785638000000063,
iris,P2OLSAL,,main,clean,0.2,24,0.15,22,0.7333333333333333,0.5407341716002786,0.490114376420192,-0.042340865899100834,0.1,0.1793728795760344,0.002460618622833723,1.0,0.45045020000009117,0.006499200000007477,1.6493876999999202,
iris,P2OLSAL,,main,clean,0.2,24,0.2,30,0.8333333333333334,0.6023855666678887,0.6017359651664348,-0.044017781602926825,0.1,0.17646798855871568,0.007277416234861334,1.0,0.5580694000000221,0.0063116000000036365,2.232470400000011,
iris,P2OLSAL,,main,clean,0.2,24,0.3,45,0.8133333333333334,0.5585873298603365,0.5615447091426309,-0.015162280100732378,0.1,0.18482270000588452,0.0048980288378883685,1.0,0.5642834999999877,0.01344630000005509,2.8263039999999364,
iris,P2OLSAL,,main,clean,0.2,25,0.05,7,0.8066666666666666,0.5510316164213167,0.5481660456213242,-0.02605417223267928,0.1,0.18276456101117342,0.00027922256844187254,1.0,0.44922919999999067,0.00473069999998188,0.5022066999999879,
iris,P2OLSAL,,main,clean,0.2,25,0.1,15,0.72,0.40427148839893967,0.39558354132341506,-0.03860754617968103,0.1,0.18201096796185037,0.0013818923057346416,1.0,0.5131774000000178,0.009694999999965148,1.0380109999999831,
iris,P2OLSAL,,main,clean,0.2,25,0.15,22,0.8266666666666667,0.6601571791909904,0.6126523442778002,-0.03494982499747099,0.1,0.17408582282092375,0.006541771154241768,1.0,0.4894004000000223,0.0046175999999604755,1.5572528000000148,
iris,P2OLSAL,,main,clean,0.2,25,0.2,30,0.8266666666666667,0.6601571791909904,0.6126523442778002,0.006309544019271727,0.1,0.18505761097298368,0.036662199710320795,1.0,0.4505078999999341,0.01549600000009832,2.0372039000000086,
iris,P2OLSAL,,main,clean,0.2,25,0.3,45,0.8066666666666666,0.5675132843934756,0.5571593870261926,-0.0382910247437659,0.1,0.18625915064058524,0.005158064400417462,1.0,0.4976118999999244,0.0072339999999258,2.5584184000000505,
iris,P2OLSAL,,main,clean,0.2,26,0.05,7,0.8133333333333334,0.584678717385897,0.5581156610014828,-0.01896755581561972,0.1,0.18153695860414587,9.347686656444032e-05,1.0,0.5741868000000068,0.011860400000045956,0.6266785000000255,
iris,P2OLSAL,,main,clean,0.2,26,0.1,15,0.7666666666666667,0.5332717088958235,0.4958212889700953,-0.02769449087997959,0.1,0.17994710370193,0.0003429819733192785,1.0,0.566276900000048,0.008900000000039654,1.2151423999999906,
iris,P2OLSAL,,main,clean,0.2,26,0.15,22,0.56,0.500925547864254,0.40373761506917755,-0.019918983948781832,0.1,0.17768152794973494,0.002522262410030507,1.0,0.4348518999998987,0.006540699999959543,1.694808299999977,
iris,P2OLSAL,,main,clean,0.2,26,0.2,30,0.7533333333333333,0.5204901682062484,0.4966053473861175,-0.008441876222367993,0.1,0.18191399147462978,0.058571993163234595,1.0,0.5070000999999138,0.027656999999976506,2.2496323000000302,
iris,P2OLSAL,,main,clean,0.2,26,0.3,45,0.82,0.530714545695997,0.5560050678890502,-0.0165022418788077,0.1,0.176834052375882,0.041613239526532717,0.9333333333333333,0.5381155000000035,0.014596900000015012,2.8451691999999866,
iris,P2OLSAL,,main,clean,0.2,27,0.05,7,0.84,0.6659323679491874,0.6303393343888227,-0.027714416924909294,0.1,0.1835965481263896,0.00020957173879362911,1.0,0.5139211000000614,0.0055953999999474036,0.5649462999999741,
iris,P2OLSAL,,main,clean,0.2,27,0.1,15,0.7466666666666667,0.5730919917491004,0.5102680030873868,-0.029783909389453512,0.1,0.18280833293624937,0.0012124974671690186,1.0,0.5052583999998888,0.009069699999940894,1.0898782000000438,
iris,P2OLSAL,,main,clean,0.2,27,0.15,22,0.72,0.5382483726431188,0.48501489493545075,-0.021057597601233834,0.1,0.17866185016733346,0.004149085674261961,1.0,0.5275022000000718,0.004153800000040064,1.6350770000000239,
iris,P2OLSAL,,main,clean,0.2,27,0.2,30,0.6933333333333334,0.5052564492419473,0.4637808552170192,-0.021492640315468194,0.1,0.17450149544170585,0.011792786537048724,1.0,0.5102845999999772,0.0043072000000847765,2.1713710999999876,
iris,P2OLSAL,,main,clean,0.2,27,0.3,45,0.8466666666666667,0.5771646011563966,0.6091976949452435,-0.012878615121710865,0.1,0.16663555089039003,0.04052067437738396,1.0,0.6290329999999358,0.014764500000069347,2.8306592999999793,
iris,P2OLSAL,,main,clean,0.2,28,0.05,7,0.8466666666666667,0.6509761591306256,0.6325431576828224,-0.018373197303560344,0.1,0.18261056281107305,0.0001461563710734859,1.0,0.50496720000001,0.008859200000074452,0.5561716999999362,
iris,P2OLSAL,,main,clean,0.2,28,0.1,15,0.84,0.6334459116526142,0.6155768113108138,-0.024292929840852732,0.1,0.1824673067553052,0.0006026471439492115,1.0,0.5444758999999522,0.009077899999965666,1.1342008000000305,
iris,P2OLSAL,,main,clean,0.2,28,0.15,22,0.84,0.6261780089876541,0.6185324776747818,-0.03712925961431098,0.1,0.18144112958346625,0.001417942078435121,1.0,0.5774490000000014,0.012337600000023485,1.743721599999958,
iris,P2OLSAL,,main,clean,0.2,28,0.2,30,0.8333333333333334,0.5846476039055932,0.5918107325889531,-0.036737559609943835,0.1,0.18127520401963879,0.0027029867114500977,1.0,0.4410139999999956,0.007328700000016397,2.2069616999999653,
iris,P2OLSAL,,main,clean,0.2,28,0.3,45,0.8133333333333334,0.5422594817712065,0.5533873865834912,-0.020764799905411177,0.1,0.18134937311199772,0.014087587011250392,1.0,0.5133845000000292,0.00800200000003315,2.740179499999954,
iris,P2OLSAL,,main,clean,0.2,29,0.05,7,0.8,0.5528690563071417,0.5319337794615198,-0.024617883788880808,0.1,0.1823362831719152,0.0002850821429394579,1.0,0.3869723000000249,0.010199000000056913,0.4545022999999446,
iris,P2OLSAL,,main,clean,0.2,29,0.1,15,0.7266666666666667,0.431324091918166,0.40506961964267035,-0.029072233145824862,0.1,0.1825469957040499,0.0006689483990537648,1.0,0.5307126000000153,0.010611999999923682,1.0106382999999823,
iris,P2OLSAL,,main,clean,0.2,29,0.15,22,0.8466666666666667,0.633603843023042,0.6251023517864792,-0.008126830888547518,0.1,0.17542744581801403,0.06569522280086838,1.0,0.5057572999999138,0.005639799999926254,1.5510236999999734,
iris,P2OLSAL,,main,clean,0.2,29,0.2,30,0.8266666666666667,0.6147123719216819,0.5932079978061555,-0.021478226876216238,0.1,0.1836666029500217,0.0009143703063459879,1.0,0.49870209999994586,0.01926220000007106,2.0877682000000277,
iris,P2OLSAL,,main,clean,0.2,29,0.3,45,0.82,0.5793682161739904,0.5763221210997309,-0.020089263210495815,0.1,0.18364079394048985,0.004978670158661313,1.0,0.7409009000000424,0.008609399999954803,2.8601249999999254,
iris,P2OLSAL,,main,clean,0.3,1,0.05,7,0.8333333333333334,0.659486892724918,0.6201351808870379,-0.03507051830966298,0.1,0.1848550578141223,0.0002586498977570628,1.0,0.8559394999999768,0.011336600000049657,0.9215808000000152,
iris,P2OLSAL,,main,clean,0.3,1,0.1,15,0.8333333333333334,0.637785341273063,0.6151127724432873,-0.03661928126150077,0.1,0.18430003026422057,0.0013254065124771175,1.0,0.43566490000000613,0.0073794999999563515,1.3770775000000413,
iris,P2OLSAL,,main,clean,0.3,1,0.15,22,0.8066666666666666,0.5883992510580172,0.5658919157131899,-0.03105655579231024,0.1,0.18228868646794533,0.0018835389589618088,1.0,0.30544110000005276,0.00381660000005013,1.7072924000000285,
iris,P2OLSAL,,main,clean,0.3,1,0.2,30,0.7933333333333333,0.5555489573462954,0.5427193844072107,-0.023643625357662925,0.1,0.18222518003937047,0.0029804965581716053,1.0,0.43912969999996676,0.01135280000005423,2.1734369000000697,
iris,P2OLSAL,,main,clean,0.3,1,0.3,45,0.7866666666666666,0.4965987943686337,0.5088408831496046,-0.02135963302723148,0.1,0.18289079185954157,0.007198226386873108,1.0,0.6585399000000507,0.0033818000000565007,2.84855749999997,
iris,P2OLSAL,,main,clean,0.3,0,0.05,7,0.8066666666666666,0.6104510131152352,0.5710478039918027,-0.005030267873146858,0.1,0.18396982470018866,0.08586393549714721,1.0,0.4649078999999574,0.003455899999948997,0.7055641000000605,
iris,P2OLSAL,,main,clean,0.3,0,0.1,15,0.78,0.5673334850999434,0.5326143265634115,-0.0410869965068507,0.1,0.18333929058870177,0.0013571854809715372,1.0,0.6071951999999783,0.010273900000015601,1.3315891000000875,
iris,P2OLSAL,,main,clean,0.3,0,0.15,22,0.7666666666666667,0.5583104516167922,0.5184327066498609,-0.023606496615425427,0.1,0.18057972862898367,0.0030945107026287993,1.0,0.4117142000000058,0.0033779000000322412,1.7619068000000198,
iris,P2OLSAL,,main,clean,0.3,0,0.2,30,0.7333333333333333,0.5255865538343277,0.48320610375901235,-0.02038216176844112,0.1,0.17911990702320252,0.009878453235329016,1.0,0.7382041999999274,0.008806699999922785,2.5158607000000757,
iris,P2OLSAL,,main,clean,0.3,0,0.3,45,0.7133333333333334,0.4841339023523417,0.45768095201518955,-0.020919675640643978,0.1,0.17551165078922237,0.02373216081106088,1.0,0.43678269999998065,0.0029732000000421976,2.969462799999974,
iris,P2OLSAL,,main,clean,0.3,2,0.05,7,0.8466666666666667,0.6523426287092366,0.6365967356455051,-0.05757989223153267,0.1,0.18333995245191353,0.00022311233773752992,1.0,0.874184899999932,0.018693799999937255,0.9282898999999816,
iris,P2OLSAL,,main,clean,0.3,2,0.1,15,0.8133333333333334,0.6199250148335157,0.5867297690274389,-0.028445745501209388,0.1,0.18259643001480527,0.0014452906285034178,1.0,0.392255299999988,0.014418500000033418,1.354753599999981,
iris,P2OLSAL,,main,clean,0.3,2,0.15,22,0.8066666666666666,0.5758077476150554,0.5612417371612898,-0.03151079253421872,0.1,0.18253485218756998,0.002295525222941297,1.0,0.4089910999999802,0.007276400000023386,1.7988685999999916,
iris,P2OLSAL,,main,clean,0.3,2,0.2,30,0.8066666666666666,0.5755059209578912,0.5615447091426309,-0.018208513728806556,0.1,0.18155020315537637,0.01568876864287129,1.0,0.765450200000032,0.02986169999996946,2.6139802000000145,
iris,P2OLSAL,,main,clean,0.3,2,0.3,45,0.8,0.5118689898450337,0.5280279465172711,-0.02433194039722705,0.1,0.1798241408423532,0.006696008823916677,1.0,0.3259832999999617,0.010772599999995691,2.962968300000057,
iris,P2OLSAL,,main,clean,0.3,3,0.05,7,0.8133333333333334,0.5512966492486686,0.5428460833248446,-0.05197093494096904,0.1,0.18024163782381242,5.0248028286264956e-05,1.0,0.7631903000000193,0.023295400000051814,0.8263453000000709,
iris,P2OLSAL,,main,clean,0.3,3,0.1,15,0.7666666666666667,0.46869643947749023,0.46892488636807717,-0.021110386958553412,0.1,0.1791808134150212,0.0005412604875610766,1.0,0.35151189999999133,0.006510499999990316,1.2004573000000391,
iris,P2OLSAL,,main,clean,0.3,3,0.15,22,0.82,0.5780736189500835,0.575734200756138,-0.03193335579727342,0.1,0.17552196984150936,0.0032506301244466912,1.0,0.4903960999999981,0.0063267000000450935,1.7953119000000015,
iris,P2OLSAL,,main,clean,0.3,3,0.2,30,0.8066666666666666,0.5289254357860675,0.5420848349298212,-0.031826817678354054,0.1,0.18136021105977232,0.001755856116580301,1.0,0.6887229999999818,0.033762099999989914,2.5364501000000246,
iris,P2OLSAL,,main,clean,0.3,3,0.3,45,0.7733333333333333,0.46977437442775455,0.481678142060891,-0.02289185095610204,0.1,0.18063705978286945,0.004030077119184187,1.0,0.39700889999994615,0.015283500000009553,2.9644517000000405,
iris,P2OLSAL,,main,clean,0.3,4,0.05,7,0.78,0.5792799798288267,0.5324687811900322,-0.043720533376328044,0.1,0.1842513897424685,0.0008667035005196777,1.0,0.31938849999994545,0.0038117999999940366,0.37765030000002753,
iris,P2OLSAL,,main,clean,0.3,4,0.1,15,0.72,0.5094476979853347,0.44581357712728203,-0.03297715840290834,0.1,0.18352719338569984,0.0037287014219833103,1.0,0.8286316999999599,0.009503399999971407,1.2330928000000085,
iris,P2OLSAL,,main,clean,0.3,4,0.15,22,0.7466666666666667,0.3932601961990278,0.40749873313851515,-0.006309206623867005,0.1,0.16645639924855074,0.019536577979177232,1.0,0.3273847000000387,0.017005799999992632,1.6004599999999982,
iris,P2OLSAL,,main,clean,0.3,4,0.2,30,0.7066666666666667,0.3343147324277241,0.3437051663341751,0.005748260762242882,0.1,0.17017410004354236,0.03838857429970362,1.0,0.3482031000000916,0.013380400000073678,2.030747099999985,
iris,P2OLSAL,,main,clean,0.3,4,0.3,45,0.8266666666666667,0.5431418047052086,0.5621480427447929,-0.018724090414725357,0.1,0.16009301119086733,0.022415094514181444,1.0,0.8345157999999628,0.049772100000041064,2.939354900000012,
iris,P2OLSAL,,main,clean,0.3,8,0.05,7,0.8133333333333334,0.6187947838596597,0.5862140681263024,-0.030188561000125704,0.1,0.1832165565001582,0.00021971553737659688,1.0,0.7499505999999201,0.04391750000002048,0.8405526999999893,
iris,P2OLSAL,,main,clean,0.3,8,0.1,15,0.78,0.577688045006264,0.5394386672051806,-0.022791406719969005,0.1,0.18274633251127245,0.05864978641381666,1.0,0.3775400999999192,0.007113699999990786,1.2442894999999226,
iris,P2OLSAL,,main,clean,0.3,8,0.15,22,0.74,0.5159871074946125,0.48187087758220365,-0.033978117092486645,0.1,0.18087986023630764,0.002505778537684681,1.0,0.38640090000001237,0.010979199999951561,1.6657839999999169,
iris,P2OLSAL,,main,clean,0.3,8,0.2,30,0.7133333333333334,0.4533859865153471,0.4404035622516673,-0.04420001644001474,0.1,0.17829885577676213,0.005501815018811154,1.0,0.8648637999999664,0.01931009999998423,2.565444599999978,
iris,P2OLSAL,,main,clean,0.3,8,0.3,45,0.76,0.4623148438843124,0.47473182858059565,0.011961095956838015,0.1,0.17125347427974347,0.054708933050989825,1.0,0.42036350000000766,0.007660900000018955,3.0099837999999863,
iris,P2OLSAL,,main,clean,0.3,5,0.05,7,0.8266666666666667,0.585873845095431,0.5871959280893625,0.004046771439679362,0.1,0.18360193392174323,0.03790804202230261,1.0,0.8390152000000626,0.01239829999997255,0.8964547000000493,
iris,P2OLSAL,,main,clean,0.3,5,0.1,15,0.8066666666666666,0.520576252651281,0.5369544656127551,-0.03587250927488119,0.1,0.18422202330430928,0.0006518506781801048,1.0,0.3971187000000782,0.0092471000000387,1.3176482000000078,
iris,P2OLSAL,,main,clean,0.3,5,0.15,22,0.7466666666666667,0.4751710731630103,0.4628421518178322,-0.030793546502441836,0.1,0.181320211243345,0.0007166561031182184,1.0,0.31940799999995306,0.00840230000005704,1.6725124000000733,
iris,P2OLSAL,,main,clean,0.3,5,0.2,30,0.82,0.5906083018140392,0.580277171009156,-0.019423331415336892,0.1,0.18191598936240497,0.007223896524866602,1.0,0.9115901000000122,0.022446900000090864,2.628564400000073,
iris,P2OLSAL,,main,clean,0.3,5,0.3,45,0.7933333333333333,0.537488615021786,0.5248804732014685,-0.02514793378958162,0.1,0.1811126771884547,0.0097445326509086,1.0,0.4828545000000304,0.013348100000030172,3.1418423000000075,
iris,P2OLSAL,,main,clean,0.3,6,0.05,7,0.82,0.5640187099039138,0.5581531252378312,-0.01880405565340345,0.1,0.18111931157862202,0.03479475430725765,1.0,0.9031946000000062,0.01291660000003958,0.9587142999999969,
iris,P2OLSAL,,main,clean,0.3,6,0.1,15,0.7733333333333333,0.530157468974079,0.4961355549037806,-0.026030135929988343,0.1,0.18006024943372698,0.00026780117839295126,1.0,0.4116688000000295,0.00698740000007092,1.3883407999999235,
iris,P2OLSAL,,main,clean,0.3,6,0.15,22,0.54,0.49968853406358565,0.3978413244888975,-0.020611710780574187,0.1,0.1774779905465906,0.0028452010028646407,1.0,0.6261055999999598,0.005037199999947006,2.052171199999975,
iris,P2OLSAL,,main,clean,0.3,6,0.2,30,0.7533333333333333,0.4733390051070333,0.47011484934468317,-0.0005471755336676175,0.1,0.18639254828469484,0.058571408248593054,1.0,0.7388530000000628,0.01603460000001178,2.8287619000000177,
iris,P2OLSAL,,main,clean,0.3,6,0.3,45,0.7866666666666666,0.4563052880005017,0.48799338015595767,-0.03503108175954896,0.1,0.17933845086106223,0.005550144180213305,1.0,0.4278731000000562,0.01197259999992184,3.2857232999999724,
iris,P2OLSAL,,main,clean,0.3,7,0.05,7,0.8266666666666667,0.6307737018736306,0.6049788275365808,-0.023820018097937355,0.1,0.18392535186753065,0.00020742661014236385,1.0,0.8887611000000106,0.008815099999992526,0.9409082999999328,
iris,P2OLSAL,,main,clean,0.3,7,0.1,15,0.8133333333333334,0.6182350542108561,0.5859270111119727,-0.03429297688004789,0.1,0.18414491579978798,0.0011638832325476106,1.0,0.44410960000004707,0.008846299999959228,1.4056835000000092,
iris,P2OLSAL,,main,clean,0.3,7,0.15,22,0.8,0.5706666168563683,0.556925674986641,-0.03401580448914069,0.1,0.18287989901087404,0.002412316958801889,1.0,0.5992412000000513,0.005067899999971814,2.033654599999977,
iris,P2OLSAL,,main,clean,0.3,7,0.2,30,0.7933333333333333,0.5274592505244727,0.5321442510236525,-0.0295681881856366,0.1,0.18235582270252454,0.004243099680818957,1.0,0.7536288000000013,0.0049720999999181,2.806967200000031,
iris,P2OLSAL,,main,clean,0.3,7,0.3,45,0.7733333333333333,0.4614993059350746,0.48198867253170546,-0.028060712531447644,0.1,0.1817378095103359,0.007166243588912506,1.0,0.4428673999999546,0.004871399999956338,3.2661984000000075,
iris,P2OLSAL,,main,clean,0.3,9,0.05,7,0.78,0.5595625806846897,0.5314522493546295,-0.028595764167901425,0.1,0.1812073038486074,0.02827174216204653,1.0,0.3940050999999585,0.007969399999979032,0.43404839999993783,
iris,P2OLSAL,,main,clean,0.3,9,0.1,15,0.7266666666666667,0.4741333243844898,0.4513803157436003,-0.030643515889826646,0.1,0.18320014537159263,0.002720934529590477,1.0,0.5045562000000245,0.0037452999999914027,0.972566899999947,
iris,P2OLSAL,,main,clean,0.3,9,0.15,22,0.6866666666666666,0.37579985670920274,0.3748998312451094,-0.01708048557569283,0.1,0.17789218513176702,0.046270497301099604,1.0,0.7819739000000254,0.011547899999982292,1.7823250000000144,
iris,P2OLSAL,,main,clean,0.3,9,0.2,30,0.7666666666666667,0.40563286363723533,0.44117008044235145,-0.024797163118632774,0.1,0.1735029720657409,0.014184818262475127,1.0,0.4135242999999491,0.007170699999960561,2.223405599999978,
iris,P2OLSAL,,main,clean,0.3,9,0.3,45,0.7933333333333333,0.48799953819533604,0.5135011788731841,-0.016806586301647976,0.1,0.17506523305152005,0.028169143211284105,1.0,0.44749290000004294,0.01209849999997914,2.722332999999935,
iris,P2OLSAL,,main,clean,0.3,11,0.05,7,0.8466666666666667,0.6509761591306257,0.6325431576828224,-0.03879771287048422,0.1,0.1842493935206675,0.0006894518462117749,1.0,0.42468250000001717,0.007460799999989831,0.4748696999999993,
iris,P2OLSAL,,main,clean,0.3,11,0.1,15,0.7533333333333333,0.4506287001165756,0.44719627689003155,-0.035224591770586844,0.1,0.18321638470833781,0.0011950645117428521,1.0,0.4852955999999722,0.007679299999949762,0.989803199999983,
iris,P2OLSAL,,main,clean,0.3,11,0.15,22,0.7066666666666667,0.40637799417828796,0.38817562656616533,0.014719658940134024,0.1,0.17528812319365003,0.05098727883341114,1.0,206.42841620000002,0.014360000000010587,207.4391697000001,
iris,P2OLSAL,,main,clean,0.3,11,0.2,30,0.82,0.559607512955231,0.5701070731135496,-0.01045271660951285,0.1,0.16999146661790243,0.028457090202008442,1.0,0.26872639999999137,0.005113100000016857,207.72262990000002,
iris,P2OLSAL,,main,clean,0.3,11,0.3,45,0.7933333333333333,0.5249650605822531,0.5275753296432765,-0.019134786199925487,0.1,0.18315352762156595,0.003593717149307,1.0,0.23179210000000694,0.003098299999919618,207.96809870000004,
iris,P2OLSAL,,main,clean,0.3,10,0.05,7,0.84,0.6659323679491874,0.6303393343888227,-0.0410790529571067,0.1,0.18393417686465113,0.000186857041198224,1.0,0.42183669999997164,0.009379299999977775,0.47436340000001564,
iris,P2OLSAL,,main,clean,0.3,10,0.1,15,0.82,0.6019124074966661,0.5857530698962465,-0.03634006962734144,0.1,0.18351399553149508,0.00123718194531304,1.0,0.6501190000000179,0.007018800000082592,1.139396599999941,
iris,P2OLSAL,,main,clean,0.3,10,0.15,22,0.8066666666666666,0.5542541244529581,0.5564589716287464,-0.02401974470886947,0.1,0.1818266178010091,0.0013615074090147664,1.0,206.31079569999997,0.0036512000000357148,207.46085949999997,
iris,P2OLSAL,,main,clean,0.3,10,0.2,30,0.8066666666666666,0.5338129634091164,0.5432508234015823,-0.008199056883081394,0.1,0.18150852815803273,0.01790768905714736,1.0,0.24776460000009592,0.003899199999978009,207.72292519999996,
iris,P2OLSAL,,main,clean,0.3,10,0.3,45,0.7933333333333333,0.4976695086849969,0.5079020909667682,-0.0317420544343365,0.1,0.18098452661455122,0.005638911292086557,1.0,0.23801079999998365,0.006612899999936417,207.9782447,
iris,P2OLSAL,,main,clean,0.3,12,0.05,7,0.82,0.5544052757360379,0.5562383863263478,-0.03222230298337576,0.1,0.18184466713656527,3.7576228238384024e-05,1.0,0.31107010000005175,0.004266899999947782,0.38731429999995726,
iris,P2OLSAL,,main,clean,0.3,12,0.1,15,0.7666666666666667,0.5477525495382457,0.49808505307365886,-0.023846933852199492,0.1,0.18057434389922225,0.0005585508731871386,1.0,206.6016108,0.01947789999996985,207.01807499999995,
iris,P2OLSAL,,main,clean,0.3,12,0.15,22,0.56,0.49181064613335657,0.3865955435949189,-0.03074901780049719,0.1,0.17944928701673343,0.006403526689771574,1.0,0.23488020000002052,0.005128199999944627,207.26863459999993,
iris,P2OLSAL,,main,clean,0.3,12,0.2,30,0.8066666666666666,0.5566295465455434,0.5481913360170227,0.00512892051618264,0.1,0.1866321188615883,0.11259209482825996,1.0,0.2328220000000556,0.0072112999999944805,207.51963649999993,
iris,P2OLSAL,,main,clean,0.3,12,0.3,45,0.7866666666666666,0.4922728450047017,0.4984220915281359,-0.017053702283925262,0.1,0.18177162815915346,0.00406197474643241,1.0,0.23249829999997473,0.006813200000010511,207.7686384,
iris,P2OLSAL,,main,clean,0.3,13,0.05,7,0.8266666666666667,0.6313999435829638,0.6052526768370844,-0.011236717635532533,0.1,0.18313353233458013,0.00021879100403715546,1.0,0.3751422000000275,0.004231600000025537,0.4316840000000184,
iris,P2OLSAL,,main,clean,0.3,13,0.1,15,0.8133333333333334,0.5962051659078231,0.580252001964217,-0.03868062568760775,0.1,0.18332703862967323,0.0010687271597273201,1.0,206.48836059999996,0.010225199999922552,206.9386366,
iris,P2OLSAL,,main,clean,0.3,13,0.15,22,0.8,0.5609408031566282,0.5513774649533821,-0.025063156571967077,0.1,0.18168916518738282,0.002086776591515238,1.0,0.2698013000000401,0.0037465999999994892,207.2226144,
iris,P2OLSAL,,main,clean,0.3,13,0.2,30,0.78,0.5311564003733014,0.5210498392784696,-0.025725423622211405,0.1,0.18144366801266057,0.003905973562769033,1.0,0.22187889999997878,0.005066899999974339,207.45539929999995,
iris,P2OLSAL,,main,clean,0.3,13,0.3,45,0.7533333333333333,0.46594763970377995,0.4683758742416929,-0.029384695771520936,0.1,0.1819235311905851,0.009094350419827852,1.0,0.239612999999963,0.002742299999908937,207.70914549999998,
iris,P2OLSAL,,main,clean,0.3,14,0.05,7,0.8066666666666666,0.5473163451902572,0.5387767082581012,-0.03597550225941373,0.1,0.18007770895769754,5.157713039993794e-05,1.0,206.53564140000003,0.011859699999945406,206.92156850000003,
iris,P2OLSAL,,main,clean,0.3,14,0.1,15,0.5133333333333333,0.4760516384422617,0.3664831193986595,-0.03347918422819325,0.1,0.1799778547195468,0.0014488595332219356,1.0,0.23818759999994654,0.005414000000087071,207.18115699999998,
iris,P2OLSAL,,main,clean,0.3,14,0.15,22,0.82,0.5643789845652438,0.5593183266288171,-0.01975754009728569,0.1,0.18607516174280955,0.004205038380997299,1.0,0.2474938000000293,0.007528000000093016,207.44923270000004,
iris,P2OLSAL,,main,clean,0.3,14,0.2,30,0.8133333333333334,0.5333536361841921,0.5406951231606734,-0.018560914378476394,0.1,0.17938086464851608,0.0006791521478741042,1.0,0.26707299999998213,0.009730900000022302,207.73828530000003,
iris,P2OLSAL,,main,clean,0.3,14,0.3,45,0.7866666666666666,0.4836332289236268,0.48980613797173006,-0.032432493342771714,0.1,0.1784641075423366,0.002882986777674601,1.0,0.23769800000002306,0.006119300000023031,207.99057779999998,
iris,P2OLSAL,,main,clean,0.3,18,0.05,7,0.7933333333333333,0.5449320590657437,0.5345757230841618,-0.03347480546687068,0.1,0.18340523853340612,0.0003860122892487827,1.0,0.24573340000006283,0.003567899999893598,0.2732505000000174,
iris,P2OLSAL,,main,clean,0.3,18,0.1,15,0.7466666666666667,0.5440334245695531,0.4932406980555023,-0.02689161960182041,0.1,0.182228250225452,0.002068379038505888,1.0,0.2689905000000863,0.003836400000068352,0.5537775999999894,
iris,P2OLSAL,,main,clean,0.3,18,0.15,22,0.72,0.489849709963878,0.452310918370261,-0.00744247910632447,0.1,0.17166181781085374,0.0288681365089609,1.0,0.20651029999999082,0.0017884999999751017,0.7687060999999176,
iris,P2OLSAL,,main,clean,0.3,18,0.2,30,0.6933333333333334,0.4800538582556693,0.43634998428898475,-0.04289800947440599,0.1,0.16612388855572674,0.007324190706533132,1.0,0.22145030000001498,0.0037419999999883657,1.00360790000002,
iris,P2OLSAL,,main,clean,0.3,18,0.3,45,0.7933333333333333,0.5037533383313806,0.5112733674262058,-0.017985636590251434,0.1,0.16055660106459102,0.03612527958766825,1.0,0.22322350000001734,0.0062650999999505075,1.2399147999999514,
iris,P2OLSAL,,main,clean,0.3,16,0.05,7,0.82,0.5568504553683368,0.5684367479263344,-0.018652735112934776,0.1,0.18314092639421037,0.00013549349302066638,1.0,0.26796620000004623,0.003630300000054376,0.29829180000001543,
iris,P2OLSAL,,main,clean,0.3,16,0.1,15,0.7866666666666666,0.44637525228890257,0.4825904848684541,-0.03533178834548133,0.1,0.18217158786358037,0.0014161072888799336,1.0,0.2624404000000595,0.003506399999992027,0.5748912999999902,
iris,P2OLSAL,,main,clean,0.3,16,0.15,22,0.7333333333333333,0.3957277226401176,0.41164798371222816,-0.004312689729412843,0.1,0.17799384309643018,0.01255430503238919,1.0,0.20504029999995055,0.0038587000000234184,0.7947707000000719,
iris,P2OLSAL,,main,clean,0.3,16,0.2,30,0.7933333333333333,0.5668689363810335,0.5422026524939874,-0.024842283074111605,0.1,0.17606671645424543,0.0075361272040755795,1.0,0.2205461999999443,0.006375100000013845,1.0310190999999804,
iris,P2OLSAL,,main,clean,0.3,16,0.3,45,0.7733333333333333,0.5121081854117792,0.49199849920882205,-0.03243922724801323,0.1,0.1810174243597626,0.006614651130760496,1.0,0.22310460000005605,0.00506129999996574,1.2661345999999867,
iris,P2OLSAL,,main,clean,0.3,17,0.05,7,0.8,0.5322525558778981,0.5368787177635131,-0.043167213551491466,0.1,0.18226217676998474,0.00014813870809873841,1.0,0.2790807000000086,0.0036939000000302258,0.3078950999999961,
iris,P2OLSAL,,main,clean,0.3,17,0.1,15,0.7933333333333333,0.4784685200090721,0.49912256019400186,-0.03202703865463304,0.1,0.18135390946064694,0.0009208295689920876,1.0,0.26031239999997524,0.0028410999999550768,0.5827198000000635,
iris,P2OLSAL,,main,clean,0.3,17,0.15,22,0.7666666666666667,0.451488444333703,0.4634423095345069,-0.021811230291104534,0.1,0.17677241345420536,0.0017525867319499852,1.0,0.21195849999992333,0.006983899999909227,0.8134693000000652,
iris,P2OLSAL,,main,clean,0.3,17,0.2,30,0.7866666666666666,0.5436146032448957,0.5235791953704759,-0.02403993908748219,0.1,0.1759396711360456,0.00567613824885585,1.0,0.2087212000000136,0.00869790000001558,1.0428788000000395,
iris,P2OLSAL,,main,clean,0.3,17,0.3,45,0.78,0.4659296610564801,0.4867102040816327,-0.016574562485183065,0.1,0.1820819393878417,0.03164468069712405,1.0,0.21763299999997798,0.0043127999999796884,1.2722729000000754,
iris,P2OLSAL,,main,clean,0.3,15,0.05,7,0.8066666666666666,0.5429128003462584,0.5436933251378243,-0.02973976145866714,0.1,0.18199235847738066,0.0003449050018491384,1.0,0.28320110000004206,0.0036491999999270774,0.3152235999999675,
iris,P2OLSAL,,main,clean,0.3,15,0.1,15,0.7533333333333333,0.43226492956046636,0.43561293957208463,-0.019570384637241235,0.1,0.18107886035186074,0.008588896379305933,1.0,0.264013900000009,0.00472700000000259,0.5936643000000004,
iris,P2OLSAL,,main,clean,0.3,15,0.15,22,0.6866666666666666,0.3365893394397064,0.33449713937290276,-0.01901919140005037,0.1,0.17791232749342295,0.024776149758779207,1.0,0.2201517999999396,0.004469600000106766,0.831474099999923,
iris,P2OLSAL,,main,clean,0.3,15,0.2,30,0.8,0.5257552535516029,0.5377765649670573,-0.018971704744739394,0.1,0.1661129299227908,0.012615599765763583,1.0,0.21550150000007307,0.008501900000055684,1.0696054000000004,
iris,P2OLSAL,,main,clean,0.3,15,0.3,45,0.7933333333333333,0.48268024169776835,0.5058718432978588,-0.02196604742605975,0.1,0.18315768942764094,0.005960736989601268,1.0,0.20983929999999873,0.006858200000010584,1.2992786999999453,
iris,P2OLSAL,,main,clean,0.3,19,0.05,7,0.8066666666666666,0.5568783689127002,0.5434658253268819,-0.01837430938439706,0.1,0.18096114869697408,0.00010047861976009154,1.0,0.25537680000002183,0.004832299999975476,0.2828756000000112,
iris,P2OLSAL,,main,clean,0.3,19,0.1,15,0.7533333333333333,0.48956494155134544,0.47067577731193294,-0.04150756021840438,0.1,0.1796638637238939,0.00041258158405071965,1.0,0.22410500000000866,0.004538400000001275,0.5186881999999287,
iris,P2OLSAL,,main,clean,0.3,19,0.15,22,0.7666666666666667,0.5380884277826021,0.509068588680184,-0.024663284856024887,0.1,0.17721079378609095,0.0032433786775319146,1.0,0.2075117000000546,0.002966599999922437,0.73870009999996,
iris,P2OLSAL,,main,clean,0.3,19,0.2,30,0.82,0.5471184197433345,0.565287456505123,-0.021901017980963826,0.1,0.177222611438396,0.004057745654597322,1.0,0.2097175999999763,0.003712099999916063,0.9627288000000362,
iris,P2OLSAL,,main,clean,0.3,19,0.3,45,0.7933333333333333,0.4871669546811291,0.49893765926625855,-0.02137104479648048,0.1,0.1796273330105953,0.007468116354736616,1.0,0.19162679999999455,0.00413539999999557,1.164779899999985,
iris,P2OLSAL,,main,clean,0.3,20,0.05,7,0.8133333333333334,0.6426583176523605,0.5923326221845838,-0.036494023764324014,0.1,0.18383057223770624,0.00023170981458051076,1.0,0.2531653999999435,0.0025099000000636806,0.2747923000000583,
iris,P2OLSAL,,main,clean,0.3,20,0.1,15,0.8066666666666666,0.5893781975076999,0.56705540349632,-0.03643805356776991,0.1,0.18456168796599262,0.0011192970899805005,1.0,0.19980840000005173,0.002408800000011979,0.4826775000000225,
iris,P2OLSAL,,main,clean,0.3,20,0.15,22,0.7933333333333333,0.5780262186961581,0.5496322704596721,-0.020563520156954156,0.1,0.18278248917375123,0.002072333483078115,1.0,0.1580569000000196,0.0024994999999989886,0.6492286000000149,
iris,P2OLSAL,,main,clean,0.3,20,0.2,30,0.7933333333333333,0.5375121429549515,0.5273855963786922,-0.018327862779013666,0.1,0.18216062501905364,0.02252336101490042,1.0,0.259652200000005,0.0026165000000446526,0.9176000000001068,
iris,P2OLSAL,,main,clean,0.3,20,0.3,45,0.7666666666666667,0.46725458707032447,0.47356986113888694,-0.022593839816300743,0.1,0.18189879026671965,0.011157940899132667,1.0,0.23523739999995996,0.0028422000000318803,1.166381900000033,
iris,P2OLSAL,,main,clean,0.3,28,0.05,7,0.8466666666666667,0.6509761591306256,0.6325431576828224,-0.018373197303560344,0.1,0.18261056281107305,0.0001461563710734859,1.0,0.2264009000000442,0.002490099999931772,0.24899259999995138,
iris,P2OLSAL,,main,clean,0.3,28,0.1,15,0.84,0.6148557318758796,0.6122178008935881,-0.024292929840852732,0.1,0.1824673067553052,0.0006026471439492115,1.0,0.22936160000006112,0.004413300000010167,0.4891552999999931,
iris,P2OLSAL,,main,clean,0.3,28,0.15,22,0.8266666666666667,0.5779581783430866,0.5880602041204299,-0.03537844095320358,0.1,0.18121035011025421,0.001410615746126363,1.0,0.15367460000004485,0.0030274000000645174,0.6529398000000128,
iris,P2OLSAL,,main,clean,0.3,28,0.2,30,0.82,0.5607639050151783,0.574322045263359,-0.04134609714014044,0.1,0.18081756539485758,0.0027465352902358714,1.0,0.21281420000002527,0.003529800000023897,0.8773986999999579,
iris,P2OLSAL,,main,clean,0.3,28,0.3,45,0.7866666666666666,0.46791486543556776,0.4917439676816185,-0.01976478593020439,0.1,0.1807066744861123,0.01860324519388247,1.0,0.2614977999999155,0.00419920000001639,1.1560514999999896,
iris,P2OLSAL,,main,clean,0.3,29,0.05,7,0.8,0.5528690563071417,0.5319337794615198,-0.024617883788880808,0.1,0.1823362831719152,0.0002850821429394579,1.0,0.2272322000000031,0.008500400000002628,0.259690599999999,
iris,P2OLSAL,,main,clean,0.3,29,0.1,15,0.7266666666666667,0.44467159088186364,0.4091226898331616,-0.029072233145824862,0.1,0.1825469957040499,0.0006689483990537648,1.0,0.18291309999995065,0.0065554999999903885,0.45467040000005454,
iris,P2OLSAL,,main,clean,0.3,29,0.15,22,0.7,0.36401952011616795,0.34755699794513845,-0.019881155469152766,0.1,0.17476989766070114,0.002853002441376334,1.0,0.23633730000005926,0.0020806999999649634,0.7002440999999635,
iris,P2OLSAL,,main,clean,0.3,29,0.2,30,0.8466666666666667,0.5853543278222619,0.6076588486604009,-0.019635589945414818,0.1,0.17136581005065793,0.020462322353879986,1.0,0.24909629999990557,0.00312050000002273,0.9666960000000699,
iris,P2OLSAL,,main,clean,0.3,29,0.3,45,0.8266666666666667,0.5198303622655576,0.5600670680422681,-0.03184660557064121,0.1,0.1802766921344525,0.004444411583052635,1.0,0.21746120000000246,0.00938270000006014,1.2008434000000534,
iris,P2OLSAL,,main,clean,0.3,22,0.05,7,0.82,0.5740110167620296,0.5720854743412361,-0.0371848467688182,0.1,0.18310254008612203,0.0004882953788960531,1.0,0.28261159999999563,0.005838899999957903,0.30614509999998063,
iris,P2OLSAL,,main,clean,0.3,22,0.1,15,0.7666666666666667,0.547275177272497,0.5193659272045782,-0.004050906457403192,0.1,0.18217315775916187,0.022313276089636735,1.0,0.22493310000004385,0.0027469000000337473,0.5390939000000117,
iris,P2OLSAL,,main,clean,0.3,22,0.15,22,0.7333333333333333,0.4902619221454174,0.4692562294999722,-0.009217928210779188,0.1,0.18067552059863326,0.06812438775854815,1.0,0.19292749999999614,0.0023218000000042593,0.7396893000000091,
iris,P2OLSAL,,main,clean,0.3,22,0.2,30,0.6933333333333334,0.43851817046620467,0.42052090656761665,-0.007727114542232365,0.1,0.1789003533685088,0.02794927833542689,1.0,0.20974890000002233,0.0021506000000499625,0.964197899999931,
iris,P2OLSAL,,main,clean,0.3,22,0.3,45,0.7533333333333333,0.4607644075295987,0.4626168478113271,-0.02235047826254254,0.1,0.17114970392341064,0.014730282090007337,1.0,0.27838150000002315,0.0054697000000487606,1.2560154000000239,
iris,P2OLSAL,,main,clean,0.3,21,0.05,7,0.8066666666666666,0.5282154342761968,0.5302562893656916,-0.02994420971387532,0.1,0.1810414231784243,0.0003524986959295151,1.0,0.26568350000002283,0.002732700000024124,0.2880471999999372,
iris,P2OLSAL,,main,clean,0.3,21,0.1,15,0.7333333333333333,0.39229961974894684,0.3911715582930569,-0.02544134453765912,0.1,0.1804099447441718,0.0007594377969254162,1.0,0.2377129999999852,0.0028275999999323176,0.5352672999999868,
iris,P2OLSAL,,main,clean,0.3,21,0.15,22,0.7,0.33020841110901017,0.3276833889493459,-0.027697939014375467,0.1,0.17599184684182295,0.027590073222369917,1.0,0.2724646000000348,0.003284200000052806,0.8240488999999798,
iris,P2OLSAL,,main,clean,0.3,21,0.2,30,0.76,0.5177236204653305,0.4925667305637397,-0.027607426362494757,0.1,0.17303938687793746,0.008035639034159991,1.0,0.16213070000003427,0.009104999999976826,1.00456650000001,
iris,P2OLSAL,,main,clean,0.3,21,0.3,45,0.7866666666666666,0.47835590680489565,0.49055390521889136,-0.027731929030454096,0.1,0.1692850947407619,0.005947562224813104,1.0,0.23831829999994625,0.006493399999953908,1.260571999999911,
iris,P2OLSAL,,main,clean,0.3,26,0.05,7,0.8133333333333334,0.584678717385897,0.5581156610014828,-0.01896755581561972,0.1,0.18153695860414587,9.347686656444032e-05,1.0,0.21557900000004793,0.0024892999999792664,0.23805770000001303,
iris,P2OLSAL,,main,clean,0.3,26,0.1,15,0.7533333333333333,0.4973365277000829,0.47146260782624416,-0.02769449087997959,0.1,0.17994710370193,0.0003429819733192785,1.0,0.29260599999997794,0.004567300000076102,0.5411758000000191,
iris,P2OLSAL,,main,clean,0.3,26,0.15,22,0.7,0.4691897117088687,0.42482112650968185,-0.019466917295654047,0.1,0.17815473681532498,0.0022447659006013926,1.0,0.19775030000005245,0.005635999999981323,0.7514035000000376,
iris,P2OLSAL,,main,clean,0.3,26,0.2,30,0.5466666666666666,0.4819839036211856,0.37734962005366385,-0.0151372533876886,0.1,0.17713310517141162,0.021758535178036442,1.0,0.23759400000005826,0.0036750000000438376,0.9988237000000026,
iris,P2OLSAL,,main,clean,0.3,26,0.3,45,0.6933333333333334,0.41315178605942515,0.3893894166592074,-0.008034782911475379,0.1,0.19101316916070107,0.06121037620641799,0.9333333333333333,0.29369210000004387,0.0028101999999989857,1.30289879999998,
iris,P2OLSAL,,main,clean,0.3,24,0.05,7,0.84,0.6429325775177864,0.620787781591043,-0.015047583186976908,0.1,0.18372370826554232,0.03188499931171346,1.0,0.2521536000000424,0.002544000000057167,0.2775910999999951,
iris,P2OLSAL,,main,clean,0.3,24,0.1,15,0.7533333333333333,0.5325922592351746,0.49243020736866583,-0.026236995217040003,0.1,0.18412950292600977,0.04732393239218048,1.0,0.3297681999999895,0.004393400000026304,0.6175749000000224,
iris,P2OLSAL,,main,clean,0.3,24,0.15,22,0.74,0.4992358369518963,0.4673968041523169,-0.04437252990448187,0.1,0.17885056642479605,0.0008471701597484449,1.0,0.2353663000000097,0.002079899999898771,0.8607408000000305,
iris,P2OLSAL,,main,clean,0.3,24,0.2,30,0.6933333333333334,0.448218512040868,0.41381261074552905,-0.02630242406457061,0.1,0.17491948318357678,0.0045929012263881824,1.0,0.25647170000002006,0.0024982999999565436,1.132743000000005,
iris,P2OLSAL,,main,clean,0.3,24,0.3,45,0.7866666666666666,0.4660588343796202,0.4876096451035256,-0.01915974562289037,0.1,0.1705130271927168,0.01671914199765101,1.0,0.19187369999997372,0.007909000000040578,1.3397044000000733,
iris,P2OLSAL,,main,clean,0.3,27,0.05,7,0.84,0.6659323679491874,0.6303393343888227,-0.027714416924909294,0.1,0.1835965481263896,0.00020957173879362911,1.0,0.27315939999994043,0.005584499999940817,0.3002447999999731,
iris,P2OLSAL,,main,clean,0.3,27,0.1,15,0.7533333333333333,0.5486582880847353,0.4998451987159641,-0.029783909389453512,0.1,0.18280833293624937,0.0012124974671690186,1.0,0.2956521999999495,0.0026954999999588836,0.603749500000049,
iris,P2OLSAL,,main,clean,0.3,27,0.15,22,0.72,0.49811579319896765,0.46384437599420375,-0.024629563206282876,0.1,0.1788240124995142,0.002691551794126612,1.0,0.2515164000000141,0.0017519000000447704,0.8623708000000079,
iris,P2OLSAL,,main,clean,0.3,27,0.2,30,0.6933333333333334,0.4413217214354666,0.4219737113011064,-0.032837894752252905,0.1,0.17812325032038928,0.007290571961464057,1.0,0.2054772999999841,0.0019980999999233973,1.0804047999999966,
iris,P2OLSAL,,main,clean,0.3,27,0.3,45,0.7866666666666666,0.4740887554511495,0.49785984417498347,-0.01946316537036678,0.1,0.1720086645637177,0.01870672652942988,1.0,0.2598468999999568,0.00493749999998272,1.3523020000000088,
iris,P2OLSAL,,main,clean,0.3,23,0.05,7,0.8,0.5319995743264483,0.5280917975894701,-0.01538260191565804,0.1,0.17985493339144615,0.0016779369739700067,1.0,0.21917659999996886,0.016236800000001494,0.2564830000000029,
iris,P2OLSAL,,main,clean,0.3,23,0.1,15,0.7466666666666667,0.43011466506247914,0.428485155140614,-0.02647532210118796,0.1,0.1794831191203779,0.000919596933389874,1.0,0.23422019999998156,0.0028506999999535765,0.5034511000000066,
iris,P2OLSAL,,main,clean,0.3,23,0.15,22,0.7266666666666667,0.4172458168658453,0.41053920105885366,-0.04384518351018428,0.1,0.1757291046611016,0.0027693017080766547,1.0,0.3270760000000337,0.006525500000066131,0.8478503999999703,
iris,P2OLSAL,,main,clean,0.3,23,0.2,30,0.82,0.5561568881218956,0.561000686793649,0.0027038388450941614,0.1,0.17900710487221255,0.06418402250700699,1.0,0.2757995999999139,0.015389899999945555,1.1469144999999799,
iris,P2OLSAL,,main,clean,0.3,23,0.3,45,0.7933333333333333,0.4891317236897477,0.5083742061500774,-0.024290379621944413,0.1,0.18063971254753708,0.004713451736663894,1.0,0.2210258000000067,0.005487499999958345,1.3820843999999397,
iris,P2OLSAL,,main,clean,0.3,25,0.05,7,0.8066666666666666,0.5510316164213167,0.5481660456213242,-0.02605417223267928,0.1,0.18276456101117342,0.00027922256844187254,1.0,0.26934909999999945,0.004370100000073762,0.297030300000074,
iris,P2OLSAL,,main,clean,0.3,25,0.1,15,0.7266666666666667,0.41397407020073296,0.40506961964267035,-0.03860754617968103,0.1,0.18201096796185037,0.0013818923057346416,1.0,0.27518880000002355,0.0024543999999195876,0.5812914000000546,
iris,P2OLSAL,,main,clean,0.3,25,0.15,22,0.7533333333333333,0.4403034977767801,0.44631073785242953,-0.0345008410508584,0.1,0.1735764220313376,0.005919945508050417,1.0,0.24956559999998262,0.002818499999989399,0.8508497000000261,
iris,P2OLSAL,,main,clean,0.3,25,0.2,30,0.8,0.5768178996117614,0.5536000950502321,-0.04328203545434528,0.1,0.17199246785113284,0.010495485997269294,1.0,0.2974418000000014,0.009058100000061131,1.1640866000000187,
iris,P2OLSAL,,main,clean,0.3,25,0.3,45,0.7733333333333333,0.5123877070646625,0.501816421750552,-0.013094784100211738,0.1,0.1850837095811183,0.012736825630388922,1.0,0.21457710000004226,0.0037992999999687527,1.3941006000000016,
iris,BADGESampler,,main,clean,0.0,0,0.05,7,0.8133333333333334,0.6404527300947985,0.5914276853771199,0.0,0.0,0.0,0.2591514811044913,1.0,0.0016653999999789448,0.002881499999944026,0.02851239999995414,
iris,BADGESampler,,main,clean,0.0,0,0.1,15,0.7933333333333333,0.6243719110131059,0.5664096776958334,0.0,0.0,0.0,0.22169259676568703,1.0,0.0013644000000567758,0.0023255999999491905,0.03716699999995399,
iris,BADGESampler,,main,clean,0.0,0,0.15,22,0.7666666666666667,0.6071613032965413,0.5388415225610196,0.0,0.0,0.0,0.2315855774566829,1.0,0.002798699999971177,0.0035527999999658277,0.05162699999993947,
iris,BADGESampler,,main,clean,0.0,0,0.2,30,0.8933333333333333,0.7337944072126301,0.7276184569180799,0.0,0.0,0.0,0.1538944839991747,1.0,0.0012039000000640954,0.0015923999999358784,0.05922209999994266,
iris,BADGESampler,,main,clean,0.0,0,0.3,45,0.9266666666666666,0.7918863111239692,0.8016599157804853,0.0,0.0,0.0,0.18974755754600842,1.0,0.0019444999999223,0.0039828000000170505,0.06981970000003912,
iris,BADGESampler,,main,clean,0.0,1,0.05,7,0.8466666666666667,0.6735735454651065,0.6412050161871702,0.0,0.0,0.0,0.24668332832057405,1.0,0.0017513999999891894,0.002730999999926098,0.03191279999998642,
iris,BADGESampler,,main,clean,0.0,1,0.1,15,0.86,0.6890518004413542,0.6638956080488512,0.0,0.0,0.0,0.18945912143392452,1.0,0.0013868000000911707,0.0021524999999655847,0.04183609999995497,
iris,BADGESampler,,main,clean,0.0,1,0.15,22,0.8866666666666667,0.7234939951563694,0.7139803904763071,0.0,0.0,0.0,0.24972686430969374,1.0,0.0012249000000110755,0.0018891999999368636,0.05170639999994364,
iris,BADGESampler,,main,clean,0.0,1,0.2,30,0.9,0.7436509495527129,0.7415485456111208,0.0,0.0,0.0,0.15458513619235614,1.0,0.0030811999999968975,0.0038597000000208936,0.06796090000000277,
iris,BADGESampler,,main,clean,0.0,1,0.3,45,0.9333333333333333,0.8037974551773084,0.8176016452576428,0.0,0.0,0.0,0.16735567348158592,1.0,0.001961499999993066,0.002674200000001292,0.0770006000000194,
iris,BADGESampler,,main,clean,0.0,2,0.05,7,0.8533333333333334,0.6806461729990796,0.6522271369579056,0.0,0.0,0.0,0.17364907852303924,1.0,0.0011888999999882799,0.0032621000000290223,0.0262367999999924,
iris,BADGESampler,,main,clean,0.0,2,0.1,15,0.86,0.6890518004413543,0.6638956080488512,0.0,0.0,0.0,0.21924724543805027,0.875,0.0014956999999640175,0.0056275000000596265,0.0403503999999657,
iris,BADGESampler,,main,clean,0.0,2,0.15,22,0.8733333333333333,0.7050658288104134,0.6880338915258941,0.0,0.0,0.0,0.20148332154206458,1.0,0.0012993999999935113,0.0032212999999501335,0.05118830000003527,
iris,BADGESampler,,main,clean,0.0,2,0.2,30,0.9,0.7436509495527129,0.7415485456111208,0.0,0.0,0.0,0.23855591916813024,0.875,0.001375499999994645,0.00379299999997329,0.061551499999950465,
iris,BADGESampler,,main,clean,0.0,2,0.3,45,0.9266666666666666,0.7899623019936001,0.8015498244339508,0.0,0.0,0.0,0.16358250892610016,1.0,0.001724899999999252,0.001995700000065881,0.07041719999995166,
iris,BADGESampler,,main,clean,0.0,4,0.05,7,0.7866666666666666,0.585904951054653,0.5412804821962872,0.0,0.0,0.0,0.12578240694742335,1.0,0.001165600000035738,0.0024033999999346634,0.019614099999898826,
iris,BADGESampler,,main,clean,0.0,4,0.1,15,0.76,0.45919933648530453,0.4505653458286646,0.0,0.0,0.0,0.1992253142095271,1.0,0.0015174000000115484,0.0018672999999580497,0.029742599999963204,
iris,BADGESampler,,main,clean,0.0,4,0.15,22,0.88,0.7160100313235858,0.7011154962653707,0.0,0.0,0.0,0.23398976693868703,1.0,0.0013462000000572516,0.003241699999989578,0.04169549999994615,
iris,BADGESampler,,main,clean,0.0,4,0.2,30,0.8933333333333333,0.73379440721263,0.7276184569180799,0.0,0.0,0.0,0.16842792513992721,1.0,0.0013138000000481043,0.004011699999978191,0.05285989999993035,
iris,BADGESampler,,main,clean,0.0,4,0.3,45,0.9133333333333333,0.767290343969384,0.7708655411110612,0.0,0.0,0.0,0.1734302000443982,0.9333333333333333,0.0018173999999362422,0.0026864999999816064,0.06376709999995,
iris,BADGESampler,,main,clean,0.0,3,0.05,7,0.8066666666666666,0.541719279709468,0.5360297782250124,0.0,0.0,0.0,0.25404931401381214,1.0,0.0012527999999747408,0.003985899999975118,0.03616450000004079,
iris,BADGESampler,,main,clean,0.0,3,0.1,15,0.7866666666666666,0.5547749726117498,0.515190435671435,0.0,0.0,0.0,0.12951729757958658,1.0,0.0034392999999681706,0.00813760000005459,0.05503469999996469,
iris,BADGESampler,,main,clean,0.0,3,0.15,22,0.88,0.7225098528948911,0.7021065635057377,0.0,0.0,0.0,0.24775338306610578,1.0,0.001262100000076316,0.0033978000000161046,0.06972210000003543,
iris,BADGESampler,,main,clean,0.0,3,0.2,30,0.8933333333333333,0.7356125873882283,0.7278450047294432,0.0,0.0,0.0,0.24240118949523687,1.0,0.002419400000007954,0.008586999999920408,0.0880746000000272,
iris,BADGESampler,,main,clean,0.0,3,0.3,45,0.9266666666666666,0.791886311123969,0.8016599157804853,0.0,0.0,0.0,0.17516470417366048,1.0,0.0018900999999686974,0.003032200000006924,0.09808410000005097,
iris,BADGESampler,,main,clean,0.0,5,0.05,7,0.8466666666666667,0.6218291670963139,0.6239503869907044,0.0,0.0,0.0,0.22934506857378076,1.0,0.003062699999986762,0.007177900000101545,0.0392704999999296,
iris,BADGESampler,,main,clean,0.0,5,0.1,15,0.8466666666666667,0.5828631563656295,0.6098707961884264,0.0,0.0,0.0,0.21041123837581724,1.0,0.0035278000000289467,0.0062263999999458974,0.060988999999949556,
iris,BADGESampler,,main,clean,0.0,5,0.15,22,0.82,0.5394575498277688,0.5578934396147435,0.0,0.0,0.0,0.16323963762122723,1.0,0.0029054000000314772,0.005985300000020288,0.08067699999992328,
iris,BADGESampler,,main,clean,0.0,5,0.2,30,0.8,0.5206928015038682,0.5276429314665836,0.0,0.0,0.0,0.27368338317565394,0.75,0.001174999999989268,0.002403299999969022,0.0895305000000235,
iris,BADGESampler,,main,clean,0.0,5,0.3,45,0.96,0.886231175966832,0.8859501978730681,0.0,0.0,0.0,0.18558868308149265,1.0,0.0016767999999274252,0.0021778999999924054,0.09866969999995945,
iris,BADGESampler,,main,clean,0.0,6,0.05,7,0.84,0.6163587043800872,0.6034371316679974,0.0,0.0,0.0,0.2491916628456709,0.75,0.001225500000032298,0.0031056999999918844,0.021672899999998663,
iris,BADGESampler,,main,clean,0.0,6,0.1,15,0.7666666666666667,0.48835665732637734,0.4707392558204966,0.0,0.0,0.0,0.19322899699393434,1.0,0.0014161999999942054,0.0063997999999401145,0.0375487000000021,
iris,BADGESampler,,main,clean,0.0,6,0.15,22,0.7666666666666667,0.6071613032965413,0.5388415225610196,0.0,0.0,0.0,0.2586625723086531,1.0,0.00122169999997368,0.0029337999999370368,0.04970320000006723,
iris,BADGESampler,,main,clean,0.0,6,0.2,30,0.74,0.5945668584263355,0.5180275175094736,0.0,0.0,0.0,0.23846119962946205,1.0,0.002221899999995003,0.003806700000041019,0.06253079999999045,
iris,BADGESampler,,main,clean,0.0,6,0.3,45,0.92,0.7808311536749418,0.7861639322874197,0.0,0.0,0.0,0.20359630778015506,1.0,0.0017859999999245701,0.0023470999999517517,0.07478960000003099,
iris,BADGESampler,,main,clean,0.0,7,0.05,7,0.8466666666666667,0.6735735454651065,0.6412050161871702,0.0,0.0,0.0,0.11636993741484558,1.0,0.001268900000013673,0.002305200000023433,0.035912100000018654,
iris,BADGESampler,,main,clean,0.0,7,0.1,15,0.86,0.6890518004413542,0.6638956080488512,0.0,0.0,0.0,0.2802333197738205,1.0,0.0034967999999935273,0.0056591000000025815,0.055142599999953745,
iris,BADGESampler,,main,clean,0.0,7,0.15,22,0.88,0.7160100313235859,0.7011154962653707,0.0,0.0,0.0,0.21220580780270065,1.0,0.0028542000000015832,0.003976600000100916,0.06841109999993478,
iris,BADGESampler,,main,clean,0.0,7,0.2,30,0.9,0.7449573670061777,0.7416919230031858,0.0,0.0,0.0,0.18065158396392172,1.0,0.002219800000034411,0.001474599999937709,0.07661710000002131,
iris,BADGESampler,,main,clean,0.0,7,0.3,45,0.9266666666666666,0.7899623019936001,0.8015498244339508,0.0,0.0,0.0,0.14260377544216657,1.0,0.001561400000014146,0.0014126999999461987,0.08489780000002156,
iris,BADGESampler,,main,clean,0.0,8,0.05,7,0.82,0.6467113936056552,0.6006861021484542,0.0,0.0,0.0,0.14595802394272855,1.0,0.002652699999998731,0.02554299999997056,0.053720100000077764,
iris,BADGESampler,,main,clean,0.0,8,0.1,15,0.7866666666666666,0.6198221368971627,0.5590013112007007,0.0,0.0,0.0,0.22714245498097818,1.0,0.002333300000032068,0.004370399999970687,0.0684144000000515,
iris,BADGESampler,,main,clean,0.0,8,0.15,22,0.7533333333333333,0.6005361469775675,0.5277520568787655,0.0,0.0,0.0,0.21647818407028332,1.0,0.0019455999999991036,0.0031704000000445376,0.08054549999997107,
iris,BADGESampler,,main,clean,0.0,8,0.2,30,0.74,0.5952467151294274,0.5185616787205868,0.0,0.0,0.0,0.22241987327529228,1.0,0.0020111000000042623,0.002368000000046777,0.09276829999998881,
iris,BADGESampler,,main,clean,0.0,8,0.3,45,0.9133333333333333,0.7657240393319231,0.7707383569303354,0.0,0.0,0.0,0.15669827712009946,1.0,0.004362700000001496,0.003482800000028874,0.10939140000004954,
iris,BADGESampler,,main,clean,0.0,9,0.05,7,0.7866666666666666,0.543738093417417,0.5257642776698712,0.0,0.0,0.0,0.11201334085373019,1.0,0.0019272000000682965,0.004127500000095097,0.029124700000011217,
iris,BADGESampler,,main,clean,0.0,9,0.1,15,0.8133333333333334,0.5318399585327933,0.5431242366565182,0.0,0.0,0.0,0.20692975707681735,1.0,0.001506199999994351,0.0025753999999551525,0.039829100000019935,
iris,BADGESampler,,main,clean,0.0,9,0.15,22,0.8066666666666666,0.5360321478698976,0.5390093868422436,0.0,0.0,0.0,0.2332693609072398,1.0,0.0022729999999455686,0.005415499999912754,0.05687369999998282,
iris,BADGESampler,,main,clean,0.0,9,0.2,30,0.8866666666666667,0.7234939951563694,0.7139803904763071,0.0,0.0,0.0,0.1486360760175127,1.0,0.001218399999970643,0.0029815999999982523,0.06748110000000906,
iris,BADGESampler,,main,clean,0.0,9,0.3,45,0.92,0.7781977109835039,0.7859859304356341,0.0,0.0,0.0,0.20101733877106046,1.0,0.004395700000031866,0.0070785000000341824,0.08790890000000218,
iris,BADGESampler,,main,clean,0.0,10,0.05,7,0.8333333333333334,0.6588407919873353,0.6199243317810601,0.0,0.0,0.0,0.34359564242401175,1.0,0.001355699999976423,0.0026252000000113185,0.022896599999967293,
iris,BADGESampler,,main,clean,0.0,10,0.1,15,0.86,0.6882209890713717,0.663709048759882,0.0,0.0,0.0,0.16191582034959476,0.875,0.0015445000000227083,0.0027569999999741412,0.03653520000000299,
iris,BADGESampler,,main,clean,0.0,10,0.15,22,0.88,0.7144576477818988,0.7008666982225341,0.0,0.0,0.0,0.143025690963526,1.0,0.002409499999998843,0.0036833999999998923,0.051815700000020115,
iris,BADGESampler,,main,clean,0.0,10,0.2,30,0.9,0.7449573670061777,0.7416919230031858,0.0,0.0,0.0,0.18731464233781042,1.0,0.0044460999999955675,0.003849200000104247,0.07143959999996241,
iris,BADGESampler,,main,clean,0.0,10,0.3,45,0.94,0.8191599501911045,0.8340750470114582,0.0,0.0,0.0,0.17736075498895348,1.0,0.002057000000036169,0.00487939999993614,0.08557050000001709,
iris,BADGESampler,,main,clean,0.0,11,0.05,7,0.8,0.5459241654119124,0.5404403918642096,0.0,0.0,0.0,0.2779249426670763,1.0,0.0029119000000719097,0.005181100000072547,0.0429505000000745,
iris,BADGESampler,,main,clean,0.0,11,0.1,15,0.78,0.503081507618331,0.4949070324867436,0.0,0.0,0.0,0.19760376775435412,1.0,0.00281880000000001,0.004936100000008992,0.06086660000005395,
iris,BADGESampler,,main,clean,0.0,11,0.15,22,0.7466666666666667,0.4672853526359474,0.4425903918252233,0.0,0.0,0.0,0.20308792795691274,1.0,0.0032345000000759683,0.006092599999988124,0.08233770000003915,
iris,BADGESampler,,main,clean,0.0,11,0.2,30,0.74,0.5952467151294274,0.5185616787205868,0.0,0.0,0.0,0.19257514772140832,1.0,0.00318040000001929,0.005552000000079715,0.10171200000002045,
iris,BADGESampler,,main,clean,0.0,11,0.3,45,0.9333333333333333,0.8071044224973737,0.8177533513813235,0.0,0.0,0.0,0.19878894731907942,1.0,0.0035107999999581807,0.005100800000036543,0.1159631000000445,
iris,BADGESampler,,main,clean,0.0,13,0.05,7,0.8466666666666667,0.6735735454651065,0.6412050161871702,0.0,0.0,0.0,0.19579417003940108,1.0,0.001530499999944368,0.004548100000079103,0.038329200000021046,
iris,BADGESampler,,main,clean,0.0,13,0.1,15,0.8733333333333333,0.7060205214031219,0.6882069564720807,0.0,0.0,0.0,0.2856992760935713,1.0,0.001891899999918678,0.004107400000066264,0.05111650000003465,
iris,BADGESampler,,main,clean,0.0,13,0.15,22,0.8866666666666667,0.7234939951563694,0.7139803904763071,0.0,0.0,0.0,0.130906195641161,1.0,0.001673500000038075,0.0025469000000839515,0.06311379999999644,
iris,BADGESampler,,main,clean,0.0,13,0.2,30,0.9133333333333333,0.7657240393319231,0.7707383569303354,0.0,0.0,0.0,0.1801112318486699,1.0,0.0023458999999093066,0.002801999999974214,0.07803979999994226,
iris,BADGESampler,,main,clean,0.0,13,0.3,45,0.9533333333333334,0.8464828103876364,0.8680377279943841,0.0,0.0,0.0,0.17333430923287177,1.0,0.002976999999987129,0.0035882000000810876,0.09237919999998212,
iris,BADGESampler,,main,clean,0.0,12,0.05,7,0.84,0.5917324144188402,0.603042369554024,0.0,0.0,0.0,0.2361025373363022,0.75,0.0015313000000105603,0.004080899999962639,0.0294327000000294,
iris,BADGESampler,,main,clean,0.0,12,0.1,15,0.8133333333333334,0.5472327087190906,0.5532071384694967,0.0,0.0,0.0,0.15054756684701953,1.0,0.0017950000000155342,0.0036220999999159176,0.04225510000003396,
iris,BADGESampler,,main,clean,0.0,12,0.15,22,0.8,0.5351143852235345,0.5317808024096742,0.0,0.0,0.0,0.21294848898985824,1.0,0.0036539000000175292,0.0033154000000195083,0.0656671000000415,
iris,BADGESampler,,main,clean,0.0,12,0.2,30,0.8866666666666667,0.7234939951563694,0.7139803904763071,0.0,0.0,0.0,0.1895231770573259,1.0,0.0029499999999416104,0.006227299999977731,0.09074769999995169,
iris,BADGESampler,,main,clean,0.0,12,0.3,45,0.9266666666666666,0.7899623019936001,0.8015498244339508,0.0,0.0,0.0,0.2206515931822165,0.9333333333333333,0.006377000000043154,0.010473199999978533,0.1226034000000027,
iris,BADGESampler,,main,clean,0.0,14,0.05,7,0.8333333333333334,0.609578516083681,0.5925630388377051,0.0,0.0,0.0,0.3243163155712886,1.0,0.0015706000000363929,0.004495700000006764,0.03315169999996215,
iris,BADGESampler,,main,clean,0.0,14,0.1,15,0.7666666666666667,0.5060615692272822,0.47683020471504894,0.0,0.0,0.0,0.17939909288080083,1.0,0.0017416999999113614,0.0036112999999886597,0.046429299999999785,
iris,BADGESampler,,main,clean,0.0,14,0.15,22,0.8666666666666667,0.6981281862909944,0.676005958011242,0.0,0.0,0.0,0.2186353860949773,0.8571428571428571,0.0015346000000135973,0.0035038999999414955,0.05969260000006216,
iris,BADGESampler,,main,clean,0.0,14,0.2,30,0.8933333333333333,0.73379440721263,0.7276184569180799,0.0,0.0,0.0,0.2537260603399969,1.0,0.0020580999999992855,0.004271899999935158,0.07357020000006287,
iris,BADGESampler,,main,clean,0.0,14,0.3,45,0.9333333333333333,0.8037974551773084,0.8176016452576428,0.0,0.0,0.0,0.20165087019794428,1.0,0.002283700000020872,0.0036371999999573745,0.08608300000003055,
iris,BADGESampler,,main,clean,0.0,15,0.05,7,0.7933333333333333,0.5488597754668475,0.5339765540078172,0.0,0.0,0.0,0.231865933462971,1.0,0.0016467000000375265,0.004350700000031793,0.030379199999970297,
iris,BADGESampler,,main,clean,0.0,15,0.1,15,0.76,0.5092041935777142,0.4865551573401738,0.0,0.0,0.0,0.2277630790377635,1.0,0.004918100000054437,0.0064949000000069645,0.056259899999986374,
iris,BADGESampler,,main,clean,0.0,15,0.15,22,0.8,0.5098149709785277,0.5195456300332241,0.0,0.0,0.0,0.17051684855042185,1.0,0.004271199999948294,0.0062511999999514956,0.08250639999994291,
iris,BADGESampler,,main,clean,0.0,15,0.2,30,0.7933333333333333,0.506326323358477,0.5129634205122181,0.0,0.0,0.0,0.2591420359655613,1.0,0.0016606000000365384,0.004599600000005921,0.09670870000002196,
iris,BADGESampler,,main,clean,0.0,15,0.3,45,0.94,0.833371730572017,0.8345340129274752,0.0,0.0,0.0,0.2560854669768298,1.0,0.0022620000000870277,0.0040492999999059975,0.11412169999994148,
iris,BADGESampler,,main,clean,0.0,16,0.05,7,0.82,0.5599265307059716,0.5649259683492104,0.0,0.0,0.0,0.31971136569188535,1.0,0.0015821999999161562,0.003203199999916251,0.037004400000000714,
iris,BADGESampler,,main,clean,0.0,16,0.1,15,0.8333333333333334,0.5540000231775338,0.5783422201733308,0.0,0.0,0.0,0.210106648807411,1.0,0.001816399999938767,0.0030010000000402215,0.048670000000015534,
iris,BADGESampler,,main,clean,0.0,16,0.15,22,0.8266666666666667,0.5493008154007365,0.5701604550655323,0.0,0.0,0.0,0.15514038757251294,1.0,0.0015381999999135587,0.0029133000000456377,0.060382000000004155,
iris,BADGESampler,,main,clean,0.0,16,0.2,30,0.9,0.7436509495527129,0.7415485456111208,0.0,0.0,0.0,0.21502048176579625,1.0,0.001542100000051505,0.003575800000021445,0.072543200000041,
iris,BADGESampler,,main,clean,0.0,16,0.3,45,0.9466666666666667,0.8308354550894079,0.8507972789115646,0.0,0.0,0.0,0.18770505744693808,1.0,0.0022226999999475083,0.0033925999999837586,0.08568079999997735,
iris,BADGESampler,,main,clean,0.0,18,0.05,7,0.8133333333333334,0.6412741266574404,0.5917675070941648,0.0,0.0,0.0,0.3400406064832121,1.0,0.0015302000000474436,0.00324379999995017,0.031742000000008375,
iris,BADGESampler,,main,clean,0.0,18,0.1,15,0.8066666666666666,0.636224199127729,0.5833200909986078,0.0,0.0,0.0,0.24793866070735293,1.0,0.0017631000000619679,0.0037945000000263462,0.04347989999996571,
iris,BADGESampler,,main,clean,0.0,18,0.15,22,0.7733333333333333,0.6118207894998574,0.5455983561107668,0.0,0.0,0.0,0.17518200558598643,1.0,0.0018890999999712221,0.002323100000012346,0.053873799999905714,
iris,BADGESampler,,main,clean,0.0,18,0.2,30,0.74,0.5945668584263355,0.5180275175094736,0.0,0.0,0.0,0.15149232713389238,1.0,0.0016153000000258544,0.0020164000000022497,0.06597890000000461,
iris,BADGESampler,,main,clean,0.0,18,0.3,45,0.9133333333333333,0.767290343969384,0.7708655411110612,0.0,0.0,0.0,0.20301682637846874,1.0,0.003934400000048299,0.006704000000013366,0.08521909999990385,
iris,BADGESampler,,main,clean,0.0,17,0.05,7,0.8466666666666667,0.6218291670963139,0.6239503869907044,0.0,0.0,0.0,0.26525418544447016,1.0,0.0025243999999702282,0.005133100000080049,0.04268930000000637,
iris,BADGESampler,,main,clean,0.0,17,0.1,15,0.8333333333333334,0.5712308505268168,0.588285564295917,0.0,0.0,0.0,0.25686558699869233,1.0,0.002243399999997564,0.007172299999979259,0.06300750000002608,
iris,BADGESampler,,main,clean,0.0,17,0.15,22,0.8266666666666667,0.5506332109162976,0.570968424134958,0.0,0.0,0.0,0.18245804609536867,1.0,0.002825099999995473,0.0050900999999612395,0.07957739999994828,
iris,BADGESampler,,main,clean,0.0,17,0.2,30,0.8066666666666666,0.5266365519838767,0.538205917363973,0.0,0.0,0.0,0.18653869287347596,1.0,0.0041720000000395885,0.006108499999982087,0.10147979999999279,
iris,BADGESampler,,main,clean,0.0,17,0.3,45,0.94,0.833371730572017,0.8345340129274752,0.0,0.0,0.0,0.19396126093032084,1.0,0.004477899999983492,0.003890000000069449,0.11929579999991802,
iris,BADGESampler,,main,clean,0.0,19,0.05,7,0.8,0.5629885974026329,0.5479123999003067,0.0,0.0,0.0,0.19048242569179097,1.0,0.0015114999999923384,0.006264500000042972,0.03926730000000589,
iris,BADGESampler,,main,clean,0.0,19,0.1,15,0.76,0.5235371681099922,0.49085857537483835,0.0,0.0,0.0,0.23442382030436304,1.0,0.005028299999935371,0.01222969999992074,0.07471480000003794,
iris,BADGESampler,,main,clean,0.0,19,0.15,22,0.72,0.47451417735028784,0.42993356748833544,0.0,0.0,0.0,0.20255420117623327,1.0,0.004371200000036879,0.008668400000033216,0.10565399999995861,
iris,BADGESampler,,main,clean,0.0,19,0.2,30,0.88,0.7160100313235858,0.7011154962653707,0.0,0.0,0.0,0.21281083090748562,0.875,0.0016700999999557098,0.0034443000000692336,0.11855000000002747,
iris,BADGESampler,,main,clean,0.0,19,0.3,45,0.9066666666666666,0.7571306080900333,0.7561944834034595,0.0,0.0,0.0,0.21384400752670843,1.0,0.002790699999991375,0.003464599999915663,0.13872539999999844,
iris,BADGESampler,,main,clean,0.0,20,0.05,7,0.8466666666666667,0.672843838367481,0.6410058621782706,0.0,0.0,0.0,0.18314430850204771,1.0,0.006754499999942709,0.012499299999944924,0.06637999999998101,
iris,BADGESampler,,main,clean,0.0,20,0.1,15,0.8733333333333333,0.7050658288104134,0.6880338915258941,0.0,0.0,0.0,0.19937272276824802,1.0,0.005035900000052607,0.019162999999934982,0.11155080000003181,
iris,BADGESampler,,main,clean,0.0,20,0.15,22,0.8933333333333333,0.738732827295049,0.7282217481230558,0.0,0.0,0.0,0.126857464157521,1.0,0.004579799999987699,0.0080504000000019,0.13941910000005464,
iris,BADGESampler,,main,clean,0.0,20,0.2,30,0.9066666666666666,0.7664529571839157,0.7570029149464148,0.0,0.0,0.0,0.25560833193435906,0.875,0.002450500000009015,0.0069778000000724205,0.15507549999995263,
iris,BADGESampler,,main,clean,0.0,20,0.3,45,0.94,0.833371730572017,0.8345340129274752,0.0,0.0,0.0,0.15584807900677014,1.0,0.002550999999925807,0.0021897000000308253,0.165860299999963,
iris,BADGESampler,,main,clean,0.0,21,0.05,7,0.82,0.5639270377324296,0.5629619968725843,0.0,0.0,0.0,0.24106176941496738,1.0,0.004432100000030914,0.017482500000028267,0.07647860000008677,
iris,BADGESampler,,main,clean,0.0,21,0.1,15,0.7866666666666666,0.49156018831181175,0.4842545852775668,0.0,0.0,0.0,0.2208524378935411,1.0,0.003034599999978127,0.009949600000027203,0.10552619999998569,
iris,BADGESampler,,main,clean,0.0,21,0.15,22,0.7733333333333333,0.4646581718704288,0.45708772172666906,0.0,0.0,0.0,0.266061769155221,1.0,0.0029383000000962056,0.010322099999939383,0.1391296000000466,
iris,BADGESampler,,main,clean,0.0,21,0.2,30,0.6933333333333334,0.3768126509303814,0.33775626762812705,0.0,0.0,0.0,0.20038441404583687,1.0,0.006626399999959176,0.00929180000002816,0.19083890000001702,
iris,BADGESampler,,main,clean,0.0,21,0.3,45,0.9066666666666666,0.7571306080900333,0.7561944834034595,0.0,0.0,0.0,0.23766314213720052,1.0,0.0026376999999229156,0.019136799999955656,0.22793369999999413,
iris,BADGESampler,,main,clean,0.0,22,0.05,7,0.8066666666666666,0.5514126029396741,0.5501622346101408,0.0,0.0,0.0,0.2529995835198213,1.0,0.0015406999999640902,0.003991199999973105,0.03410669999993843,
iris,BADGESampler,,main,clean,0.0,22,0.1,15,0.7466666666666667,0.5229405387013965,0.48863667072017297,0.0,0.0,0.0,0.19933168330314155,1.0,0.0017295000000103755,0.0031810000000405125,0.04540539999993598,
iris,BADGESampler,,main,clean,0.0,22,0.15,22,0.86,0.6890518004413543,0.6638956080488512,0.0,0.0,0.0,0.19963371432343333,1.0,0.0015832000000273183,0.0022915999999213454,0.05665369999996983,
iris,BADGESampler,,main,clean,0.0,22,0.2,30,0.88,0.7186593633920438,0.7015292412422846,0.0,0.0,0.0,0.19137413757219918,1.0,0.0016114000000015949,0.00351249999994252,0.06935809999993126,
iris,BADGESampler,,main,clean,0.0,22,0.3,45,0.9133333333333333,0.770522460949191,0.7711194866048691,0.0,0.0,0.0,0.11322833469998254,1.0,0.006316399999946043,0.006594100000029357,0.09428539999998975,
iris,BADGESampler,,main,clean,0.0,23,0.05,7,0.7733333333333333,0.5335490942013313,0.5124915423614134,0.0,0.0,0.0,0.29773343887033976,0.75,0.001680999999962296,0.009907300000008945,0.03692169999999351,
iris,BADGESampler,,main,clean,0.0,23,0.1,15,0.7466666666666667,0.4590697556319793,0.4430770235200026,0.0,0.0,0.0,0.21873630280381923,1.0,0.0018438999999261796,0.003829600000017308,0.04930180000008022,
iris,BADGESampler,,main,clean,0.0,23,0.15,22,0.7866666666666666,0.486235485333605,0.49528373525997765,0.0,0.0,0.0,0.21650623662293692,1.0,0.0015702999999120948,0.002652500000067448,0.06314610000003995,
iris,BADGESampler,,main,clean,0.0,23,0.2,30,0.8733333333333333,0.7050658288104134,0.6880338915258941,0.0,0.0,0.0,0.22673920884886967,1.0,0.001676999999972395,0.007995600000072045,0.08566220000000158,
iris,BADGESampler,,main,clean,0.0,23,0.3,45,0.9133333333333333,0.767290343969384,0.7708655411110612,0.0,0.0,0.0,0.1672726735464895,1.0,0.0023222999999461535,0.0033932999999706226,0.09808459999999286,
iris,BADGESampler,,main,clean,0.0,24,0.05,7,0.8133333333333334,0.5597005765178273,0.559773095447775,0.0,0.0,0.0,0.33956422182604473,1.0,0.0015760000000000218,0.0032226999999238615,0.03628259999993588,
iris,BADGESampler,,main,clean,0.0,24,0.1,15,0.7733333333333333,0.6128520279400596,0.5462273830268879,0.0,0.0,0.0,0.2114230798491588,1.0,0.0033343000000058964,0.009400499999969725,0.059220200000027035,
iris,BADGESampler,,main,clean,0.0,24,0.15,22,0.8933333333333333,0.73379440721263,0.7276184569180799,0.0,0.0,0.0,0.15777075463032694,1.0,0.0016195999999126798,0.0023726999999098553,0.07006519999993088,
iris,BADGESampler,,main,clean,0.0,24,0.2,30,0.9133333333333333,0.7657240393319231,0.7707383569303354,0.0,0.0,0.0,0.2509174933929579,1.0,0.0016024999999899592,0.0028713000000379907,0.08126489999995101,
iris,BADGESampler,,main,clean,0.0,24,0.3,45,0.9466666666666667,0.8322171290759947,0.8508386787884723,0.0,0.0,0.0,0.1689124709361178,1.0,0.002635199999986071,0.002459499999986292,0.09415500000000065,
iris,BADGESampler,,main,clean,0.0,25,0.05,7,0.8066666666666666,0.5510316164213167,0.5481660456213242,0.0,0.0,0.0,0.2535225281842417,1.0,0.002811199999996461,0.005940900000041438,0.040363000000070315,
iris,BADGESampler,,main,clean,0.0,25,0.1,15,0.7466666666666667,0.4693865414470565,0.45183047061489756,0.0,0.0,0.0,0.18421556755210472,1.0,0.0017394000000194865,0.0026136000000178683,0.05175560000009227,
iris,BADGESampler,,main,clean,0.0,25,0.15,22,0.6933333333333334,0.42121291949024015,0.3891166604547149,0.0,0.0,0.0,0.2579083871559515,1.0,0.0017589000000270971,0.00280720000000656,0.07698010000001432,
iris,BADGESampler,,main,clean,0.0,25,0.2,30,0.7733333333333333,0.47090719842044626,0.4728335663123219,0.0,0.0,0.0,0.21882851559416439,1.0,0.0018589999999676365,0.006320899999991525,0.09837210000000596,
iris,BADGESampler,,main,clean,0.0,25,0.3,45,0.9066666666666666,0.7549662813240526,0.7559915343224466,0.0,0.0,0.0,0.21039613905635873,1.0,0.006675500000028478,0.014499999999998181,0.13077160000000276,
iris,BADGESampler,,main,clean,0.0,26,0.05,7,0.8266666666666667,0.5990058393794481,0.5899663445025055,0.0,0.0,0.0,0.21204880229530082,1.0,0.0024664000000029773,0.004993600000034348,0.05150530000003073,
iris,BADGESampler,,main,clean,0.0,26,0.1,15,0.7933333333333333,0.5361995557140685,0.5205295888420198,0.0,0.0,0.0,0.20907185998344185,0.875,0.005577200000061566,0.00801139999998668,0.08208200000001398,
iris,BADGESampler,,main,clean,0.0,26,0.15,22,0.74,0.4982443812779164,0.449579501689853,0.0,0.0,0.0,0.29492558857136764,1.0,0.0016147000000046319,0.003151799999955074,0.09524629999998524,
iris,BADGESampler,,main,clean,0.0,26,0.2,30,0.78,0.6245644316238574,0.5569787754212843,0.0,0.0,0.0,0.2184222197927183,0.875,0.001704599999925449,0.003668699999934688,0.10833260000003975,
iris,BADGESampler,,main,clean,0.0,26,0.3,45,0.9333333333333333,0.8071044224973737,0.8177533513813235,0.0,0.0,0.0,0.2065006765657379,1.0,0.0047319999999899665,0.00407129999996414,0.12954769999998916,
iris,BADGESampler,,main,clean,0.0,27,0.05,7,0.8,0.6333128285088586,0.5761678749065375,0.0,0.0,0.0,0.23534973283964966,1.0,0.0016729000000168526,0.003462300000023788,0.052399199999968005,
iris,BADGESampler,,main,clean,0.0,27,0.1,15,0.78,0.6195632831797013,0.5542887526027186,0.0,0.0,0.0,0.29181407129543024,0.875,0.0059003999999731604,0.008602800000062416,0.08192410000003747,
iris,BADGESampler,,main,clean,0.0,27,0.15,22,0.76,0.606535027679515,0.5349956113260297,0.0,0.0,0.0,0.1814920783031264,1.0,0.005191200000012941,0.007610399999975925,0.11125010000000657,
iris,BADGESampler,,main,clean,0.0,27,0.2,30,0.8933333333333333,0.7337944072126301,0.7276184569180799,0.0,0.0,0.0,0.15054765097879863,1.0,0.005061300000079427,0.004853600000046754,0.13654139999994186,
iris,BADGESampler,,main,clean,0.0,27,0.3,45,0.9333333333333333,0.8037974551773084,0.8176016452576428,0.0,0.0,0.0,0.18503356606358617,1.0,0.003499299999930372,0.0035560999999688647,0.1535954999999376,
iris,BADGESampler,,main,clean,0.0,28,0.05,7,0.84,0.6659323679491874,0.6303393343888227,0.0,0.0,0.0,0.3167895927280444,1.0,0.005427499999996144,0.011003899999991518,0.06838860000004843,
iris,BADGESampler,,main,clean,0.0,28,0.1,15,0.8666666666666667,0.6981281862909945,0.676005958011242,0.0,0.0,0.0,0.2396497831229899,0.875,0.00519439999993665,0.014267300000028627,0.1066012999999657,
iris,BADGESampler,,main,clean,0.0,28,0.15,22,0.8733333333333333,0.7079605393464979,0.6885525109503922,0.0,0.0,0.0,0.1814776935283517,1.0,0.0049900000000207,0.00946950000002289,0.1432915000000321,
iris,BADGESampler,,main,clean,0.0,28,0.2,30,0.8933333333333333,0.7356125873882284,0.7278450047294432,0.0,0.0,0.0,0.09708502081441116,1.0,0.006258000000002539,0.008907599999929516,0.17890480000005482,
iris,BADGESampler,,main,clean,0.0,28,0.3,45,0.9266666666666666,0.7899623019936001,0.8015498244339508,0.0,0.0,0.0,0.15933642488568908,1.0,0.010639500000024782,0.007582899999988513,0.22036309999998593,
iris,BADGESampler,,main,clean,0.0,29,0.05,7,0.78,0.5536934981883195,0.5240961809390671,0.0,0.0,0.0,0.32186554643819176,1.0,0.006653599999935977,0.02108450000002904,0.09738880000008976,
iris,BADGESampler,,main,clean,0.0,29,0.1,15,0.8333333333333334,0.5845345616778108,0.5919892041744221,0.0,0.0,0.0,0.24179808598154595,1.0,0.004794199999992088,0.008746000000087406,0.1239591000000928,
iris,BADGESampler,,main,clean,0.0,29,0.15,22,0.8333333333333334,0.5624815012322112,0.5838389675430993,0.0,0.0,0.0,0.19558727517233984,1.0,0.004567000000065491,0.009821200000033059,0.15552890000003572,
iris,BADGESampler,,main,clean,0.0,29,0.2,30,0.8133333333333334,0.5285006562659132,0.5458669654989471,0.0,0.0,0.0,0.23582337115569535,1.0,0.0048573000000260436,0.017746299999998882,0.20200790000001234,
iris,BADGESampler,,main,clean,0.0,29,0.3,45,0.9133333333333333,0.767290343969384,0.7708655411110612,0.0,0.0,0.0,0.15871284904675584,1.0,0.01554590000000644,0.010098699999957716,0.2496957000000748,
iris,BADGESampler,,main,clean,0.1,0,0.05,7,0.8133333333333334,0.6182350542108561,0.5859270111119727,0.0,0.0,0.0,0.2591514811044913,1.0,0.00445589999992535,0.009899600000039754,0.059463399999913236,
iris,BADGESampler,,main,clean,0.1,0,0.1,15,0.7933333333333333,0.5881132019126529,0.5552081677353258,0.0,0.0,0.0,0.2741270221613998,1.0,0.0018893999999818334,0.003150700000105644,0.0722604999999703,
iris,BADGESampler,,main,clean,0.1,0,0.15,22,0.7666666666666667,0.5693237056353261,0.5260547658936722,0.0,0.0,0.0,0.10867823236561533,1.0,0.0016004999999950087,0.0035461999999597538,0.08646289999990131,
iris,BADGESampler,,main,clean,0.1,0,0.2,30,0.74,0.5320406061462504,0.49632880858143535,0.0,0.0,0.0,0.13775502446931903,1.0,0.002269100000034996,0.0029393999999456355,0.10090169999989484,
iris,BADGESampler,,main,clean,0.1,0,0.3,45,0.8866666666666667,0.6764588888377078,0.7044964882017989,0.0,0.0,0.0,0.13352920206112254,1.0,0.0022830999999996493,0.0024179000000685846,0.11250319999999192,
iris,BADGESampler,,main,clean,0.1,1,0.05,7,0.8266666666666667,0.6550256828579779,0.6109364906166366,0.0,0.0,0.0,0.24668332832057405,1.0,0.0034590999999863925,0.005566699999917546,0.05101680000007036,
iris,BADGESampler,,main,clean,0.1,1,0.1,15,0.8466666666666667,0.6750498631643848,0.6416026620488269,0.0,0.0,0.0,0.2114678930546564,1.0,0.0051985999999715204,0.007774100000006001,0.08050290000005589,
iris,BADGESampler,,main,clean,0.1,1,0.15,22,0.8666666666666667,0.6967858730970384,0.6757362582358094,0.0,0.0,0.0,0.20930318464771966,0.8571428571428571,0.004610299999967538,0.00708950000000641,0.10417770000003657,
iris,BADGESampler,,main,clean,0.1,1,0.2,30,0.8733333333333333,0.6858296345575444,0.6845165001489073,0.0,0.0,0.0,0.13197298455505163,1.0,0.0028555000000096697,0.0035953999999946973,0.12535639999998693,
iris,BADGESampler,,main,clean,0.1,1,0.3,45,0.8933333333333333,0.6970712799472634,0.7213938263999663,0.0,0.0,0.0,0.15480074287262832,1.0,0.005217099999981656,0.005430799999999181,0.14511090000007698,
iris,BADGESampler,,main,clean,0.1,2,0.05,7,0.8333333333333334,0.6227616767673503,0.6026569407784246,0.0,0.0,0.0,0.17364907852303924,1.0,0.0026116999999885593,0.007725999999934174,0.04407509999998638,
iris,BADGESampler,,main,clean,0.1,2,0.1,15,0.86,0.6671148595914475,0.6560539098663816,0.0,0.0,0.0,0.2914987468367669,0.875,0.005334700000048542,0.013872699999978977,0.07808320000003732,
iris,BADGESampler,,main,clean,0.1,2,0.15,22,0.8666666666666667,0.6560205139211482,0.6643870272740627,0.0,0.0,0.0,0.20806778044327176,1.0,0.0027929000000312953,0.008118799999920157,0.10360820000005333,
iris,BADGESampler,,main,clean,0.1,2,0.2,30,0.8866666666666667,0.6852244582406327,0.7050612814621027,0.0,0.0,0.0,0.22409611560617038,1.0,0.00339880000001358,0.003074200000014571,0.12656640000000152,
iris,BADGESampler,,main,clean,0.1,2,0.3,45,0.92,0.743884646805593,0.7798448979591837,0.0,0.0,0.0,0.18531521385927643,1.0,0.00774300000000494,0.006860700000061115,0.15621069999997417,
iris,BADGESampler,,main,clean,0.1,3,0.05,7,0.82,0.5640187099039138,0.5581531252378312,0.0,0.0,0.0,0.25404931401381214,1.0,0.004374300000108633,0.011214400000085334,0.07020360000001347,
iris,BADGESampler,,main,clean,0.1,3,0.1,15,0.8066666666666666,0.5229826481806861,0.5190330496471237,0.0,0.0,0.0,0.17620698722179934,1.0,0.0019672999999329477,0.007472499999948923,0.09337270000003173,
iris,BADGESampler,,main,clean,0.1,3,0.15,22,0.78,0.480985684998482,0.48368600442647175,0.0,0.0,0.0,0.19938524979218325,1.0,0.0028710000000273794,0.0063569000000143205,0.11493469999993522,
iris,BADGESampler,,main,clean,0.1,3,0.2,30,0.7266666666666667,0.4086884740945336,0.4002860847357029,0.0,0.0,0.0,0.22447042979689247,1.0,0.0029961999999841282,0.0055198999999674925,0.13904019999995398,
iris,BADGESampler,,main,clean,0.1,3,0.3,45,0.88,0.6587366509597579,0.6862748298431456,0.0,0.0,0.0,0.19157327403135904,0.9333333333333333,0.0031168000000434404,0.015283800000020165,0.1759296999999833,
iris,BADGESampler,,main,clean,0.1,4,0.05,7,0.7866666666666666,0.578642553792151,0.5390513362343552,0.0,0.0,0.0,0.12578240694742335,1.0,0.0017831000000114727,0.004134499999963737,0.04644589999998061,
iris,BADGESampler,,main,clean,0.1,4,0.1,15,0.7666666666666667,0.46501654968483463,0.46655429430700995,0.0,0.0,0.0,0.17211274188627207,1.0,0.0051893999999492735,0.007332399999995687,0.07383839999999964,
iris,BADGESampler,,main,clean,0.1,4,0.15,22,0.7333333333333333,0.41666150427561327,0.4138203752080464,0.0,0.0,0.0,0.2218566287218858,1.0,0.004286600000000362,0.010865699999953904,0.10969569999997475,
iris,BADGESampler,,main,clean,0.1,4,0.2,30,0.8466666666666667,0.6102609750549853,0.6206455945181422,0.0,0.0,0.0,0.17028096701514067,1.0,0.0017454999999699794,0.005830899999978101,0.1387684999999692,
iris,BADGESampler,,main,clean,0.1,4,0.3,45,0.8666666666666667,0.6387477819417192,0.6585071277091477,0.0,0.0,0.0,0.1389799137232536,1.0,0.007978999999977532,0.016127799999935633,0.17905910000001768,
iris,BADGESampler,,main,clean,0.1,5,0.05,7,0.8533333333333334,0.642639557248139,0.6420777486442031,0.0,0.0,0.0,0.22934506857378076,1.0,0.002731700000026649,0.00813669999990907,0.07653510000000097,
iris,BADGESampler,,main,clean,0.1,5,0.1,15,0.84,0.562159066332908,0.5970114820861272,0.0,0.0,0.0,0.18193749761884395,1.0,0.003354899999976624,0.012107299999911447,0.11500209999996969,
iris,BADGESampler,,main,clean,0.1,5,0.15,22,0.82,0.5039182007328294,0.548828021801599,0.0,0.0,0.0,0.17842251660679234,1.0,0.00313230000006115,0.005785400000036134,0.13210229999992862,
iris,BADGESampler,,main,clean,0.1,5,0.2,30,0.7866666666666666,0.4497663959781363,0.48625869543300737,0.0,0.0,0.0,0.23768049193792173,1.0,0.042005700000004254,0.003161299999987932,0.19513610000001336,
iris,BADGESampler,,main,clean,0.1,5,0.3,45,0.7333333333333333,0.3834158679383541,0.4063887346005842,0.0,0.0,0.0,0.1786915832868878,1.0,0.00815460000001167,0.008106900000029782,0.23556279999991148,
iris,BADGESampler,,main,clean,0.1,7,0.05,7,0.8466666666666667,0.6506516350006384,0.6318346055045373,0.0,0.0,0.0,0.11636993741484558,1.0,0.0053916000000526765,0.013532600000075945,0.12431360000005043,
iris,BADGESampler,,main,clean,0.1,7,0.1,15,0.8533333333333334,0.6589728179429745,0.6433298942586483,0.0,0.0,0.0,0.2580402878039943,0.875,0.007811500000002525,0.010957399999938389,0.16033330000004753,
iris,BADGESampler,,main,clean,0.1,7,0.15,22,0.86,0.6542421964566142,0.6475272735672291,0.0,0.0,0.0,0.25515541882180226,0.8571428571428571,0.004595999999992273,0.00712579999992613,0.2638326999999663,
iris,BADGESampler,,main,clean,0.1,7,0.2,30,0.88,0.6644701598303382,0.6844176716648258,0.0,0.0,0.0,0.18113531546562683,1.0,0.0016458999999713342,0.0022599999999783904,0.2739870999999994,
iris,BADGESampler,,main,clean,0.1,7,0.3,45,0.9066666666666666,0.7095733604861437,0.7440875656313872,0.0,0.0,0.0,0.1451126747987004,1.0,0.0024994999999989886,0.0020397000000684784,0.28451780000000326,
iris,BADGESampler,,main,clean,0.1,6,0.05,7,0.82,0.5378539213739197,0.5562383863263478,0.0,0.0,0.0,0.2491916628456709,0.75,0.00283650000005764,0.007895000000075925,0.07198970000001736,
iris,BADGESampler,,main,clean,0.1,6,0.1,15,0.7733333333333333,0.4765631561701149,0.47159905954375164,0.0,0.0,0.0,0.1714702325543993,1.0,0.006421299999942676,0.028742799999918134,0.1340959000000339,
iris,BADGESampler,,main,clean,0.1,6,0.15,22,0.72,0.41902854506743414,0.39398314601440043,0.0,0.0,0.0,0.23261637515705777,0.8571428571428571,0.006461899999976595,0.01222050000001218,0.16307070000004842,
iris,BADGESampler,,main,clean,0.1,6,0.2,30,0.7666666666666667,0.512634212109569,0.5015816970599282,0.0,0.0,0.0,0.2446160038764938,0.75,0.0016305999999985943,0.004175099999997656,0.1994344000000865,
iris,BADGESampler,,main,clean,0.1,6,0.3,45,0.9,0.66872768863716,0.7257126010941879,0.0,0.0,0.0,0.25402895049010954,0.9333333333333333,0.008459799999968709,0.09255129999996825,0.3335172000000739,
iris,BADGESampler,,main,clean,0.1,8,0.05,7,0.82,0.6254684690281429,0.5955308340911531,0.0,0.0,0.0,0.14595802394272855,1.0,0.00422630000002755,0.047198499999922205,0.11243150000007063,
iris,BADGESampler,,main,clean,0.1,8,0.1,15,0.7933333333333333,0.6019046324685279,0.5603894699470723,0.0,0.0,0.0,0.2245612999603055,1.0,0.005078000000025895,0.010084699999993063,0.14204850000010083,
iris,BADGESampler,,main,clean,0.1,8,0.15,22,0.76,0.5565448424089504,0.5187711546908509,0.0,0.0,0.0,0.21244568980747833,1.0,0.0047832000000198605,0.006632100000047103,0.16789440000002287,
iris,BADGESampler,,main,clean,0.1,8,0.2,30,0.7333333333333333,0.5283723563246605,0.49070516868397573,0.0,0.0,0.0,0.21935024288646288,1.0,0.004850599999940641,0.0065560000000459695,0.19323630000008052,
iris,BADGESampler,,main,clean,0.1,8,0.3,45,0.8866666666666667,0.6662994282742144,0.7012558739531551,0.0,0.0,0.0,0.1864601404232678,1.0,0.007757500000025175,0.004669300000045951,0.21991730000002008,
iris,BADGESampler,,main,clean,0.1,9,0.05,7,0.8,0.554382267247827,0.5426612244897959,0.0,0.0,0.0,0.11201334085373019,1.0,0.0036034999999401407,0.005682299999989482,0.0499098000000231,
iris,BADGESampler,,main,clean,0.1,9,0.1,15,0.76,0.4559460537850013,0.45410998692607724,0.0,0.0,0.0,0.2087479866662766,1.0,0.004917199999908917,0.006442200000037701,0.07786620000001676,
iris,BADGESampler,,main,clean,0.1,9,0.15,22,0.7866666666666666,0.48539555427697145,0.4969097518239131,0.0,0.0,0.0,0.2015945260152384,1.0,0.005343799999991461,0.004669000000035339,0.10944419999998445,
iris,BADGESampler,,main,clean,0.1,9,0.2,30,0.7533333333333333,0.45367840246970387,0.45188624197681204,0.0,0.0,0.0,0.24471663801573182,1.0,0.0016688999999132648,0.006601400000022295,0.12732019999998556,
iris,BADGESampler,,main,clean,0.1,9,0.3,45,0.8666666666666667,0.6424925133822016,0.6609721821313526,0.0,0.0,0.0,0.26034053087795517,0.8,0.003691600000024664,0.0053036000000474814,0.147683499999971,
iris,BADGESampler,,main,clean,0.1,10,0.05,7,0.8333333333333334,0.659486892724918,0.6201351808870379,0.0,0.0,0.0,0.34359564242401175,1.0,0.004257299999949282,0.006795099999976628,0.04609099999993305,
iris,BADGESampler,,main,clean,0.1,10,0.1,15,0.86,0.6696568596405668,0.6599380422829475,0.0,0.0,0.0,0.20904403587396694,1.0,0.002595099999894046,0.00468850000004295,0.06786269999997785,
iris,BADGESampler,,main,clean,0.1,10,0.15,22,0.86,0.6468694894946695,0.652130612244898,0.0,0.0,0.0,0.09936259781970012,1.0,0.0025206999999909385,0.003627400000027592,0.08365930000002209,
iris,BADGESampler,,main,clean,0.1,10,0.2,30,0.86,0.6270592853539593,0.6483033150080743,0.0,0.0,0.0,0.12353652850301904,1.0,0.0030533999999988737,0.004227300000025025,0.10133669999993344,
iris,BADGESampler,,main,clean,0.1,10,0.3,45,0.8866666666666667,0.6667881243861418,0.701817969093301,0.0,0.0,0.0,0.19357009337950154,1.0,0.007458200000087345,0.005208100000004379,0.12307480000004034,
iris,BADGESampler,,main,clean,0.1,11,0.05,7,0.84,0.6439807185013899,0.6217034719190815,0.0,0.0,0.0,0.2779249426670763,1.0,0.003780499999948006,0.007842900000014197,0.054636299999970106,
iris,BADGESampler,,main,clean,0.1,11,0.1,15,0.7666666666666667,0.5071100995991358,0.4868875240349161,0.0,0.0,0.0,0.221666798730752,1.0,0.0048593999999866355,0.010083999999892512,0.08588259999999082,
iris,BADGESampler,,main,clean,0.1,11,0.15,22,0.7533333333333333,0.4738973927612283,0.45848318914773895,0.0,0.0,0.0,0.22834852735722078,1.0,0.002966700000001765,0.005592500000034306,0.1027596999999787,
iris,BADGESampler,,main,clean,0.1,11,0.2,30,0.7,0.4114520862116555,0.38327003140259086,0.0,0.0,0.0,0.14582801242200757,1.0,0.0016679000000294764,0.0021083999999973457,0.11684679999996206,
iris,BADGESampler,,main,clean,0.1,11,0.3,45,0.9066666666666666,0.7167750311817577,0.7478397037774089,0.0,0.0,0.0,0.23940593889091366,0.8666666666666667,0.0023872000000437765,0.004318800000078227,0.13623119999999744,
iris,BADGESampler,,main,clean,0.1,12,0.05,7,0.8333333333333334,0.5818726610081947,0.5902648359371071,0.0,0.0,0.0,0.2361025373363022,0.75,0.0027589000000034503,0.005644599999982347,0.04691479999996773,
iris,BADGESampler,,main,clean,0.1,12,0.1,15,0.8,0.490735975313201,0.5143797269556877,0.0,0.0,0.0,0.1877590080155225,1.0,0.0018534999999246793,0.0035623999999643274,0.06462279999993825,
iris,BADGESampler,,main,clean,0.1,12,0.15,22,0.7933333333333333,0.4876318302318097,0.50665119970364,0.0,0.0,0.0,0.18014488777232232,1.0,0.0019862000000330227,0.006314800000041032,0.08402539999997316,
iris,BADGESampler,,main,clean,0.1,12,0.2,30,0.88,0.6959200939341896,0.6974843511382907,0.0,0.0,0.0,0.17165467356086778,1.0,0.0029102000000875705,0.00622920000000704,0.10578209999994215,
iris,BADGESampler,,main,clean,0.1,12,0.3,45,0.92,0.7538625570107136,0.7819326336635818,0.0,0.0,0.0,0.24422098293911004,1.0,0.002857200000107696,0.0050393999999869266,0.13054039999997258,
iris,BADGESampler,,main,clean,0.1,13,0.05,7,0.8333333333333334,0.637785341273063,0.6151127724432873,0.0,0.0,0.0,0.19579417003940108,1.0,0.0020810000000892614,0.00635120000004008,0.04586420000009639,
iris,BADGESampler,,main,clean,0.1,13,0.1,15,0.8666666666666667,0.6571407411223281,0.6679014410687598,0.0,0.0,0.0,0.31031270043247416,1.0,0.0029943999999204607,0.005934799999977258,0.06514530000004015,
iris,BADGESampler,,main,clean,0.1,13,0.15,22,0.8733333333333333,0.6557533746993502,0.6772668496816274,0.0,0.0,0.0,0.19109433499797493,1.0,0.0033525000000054206,0.002931300000000192,0.0814228000000412,
iris,BADGESampler,,main,clean,0.1,13,0.2,30,0.8933333333333333,0.6870537420725007,0.7185571089960386,0.0,0.0,0.0,0.15460051013440923,1.0,0.001904899999999543,0.002969300000017938,0.09396509999999125,
iris,BADGESampler,,main,clean,0.1,13,0.3,45,0.9066666666666666,0.7057350707020993,0.7462193966530871,0.0,0.0,0.0,0.1676523574614407,1.0,0.006301399999983914,0.0031017000000019834,0.11434150000002319,
iris,BADGESampler,,main,clean,0.1,14,0.05,7,0.8133333333333334,0.5311042767679813,0.5455533501523631,0.0,0.0,0.0,0.3243163155712886,1.0,0.0038167000000157714,0.004123300000060226,0.052652099999932034,
iris,BADGESampler,,main,clean,0.1,14,0.1,15,0.7866666666666666,0.4861190116353422,0.4932900882129917,0.0,0.0,0.0,0.17580821360583562,1.0,0.00557349999996859,0.009368200000039906,0.08660390000000007,
iris,BADGESampler,,main,clean,0.1,14,0.15,22,0.74,0.44149417681289904,0.42330978197127733,0.0,0.0,0.0,0.1519210728630823,1.0,0.004022299999974166,0.005547099999944294,0.1124773000000232,
iris,BADGESampler,,main,clean,0.1,14,0.2,30,0.74,0.5017290759411401,0.4738820789876007,0.0,0.0,0.0,0.20577458514528246,1.0,0.002554300000042531,0.006210000000010041,0.1304407000000083,
iris,BADGESampler,,main,clean,0.1,14,0.3,45,0.9066666666666666,0.7045442655278317,0.7456208617703983,0.0,0.0,0.0,0.2647163481331669,1.0,0.006894600000009632,0.0059856000000308995,0.1587117000000262,
iris,BADGESampler,,main,clean,0.1,15,0.05,7,0.7866666666666666,0.5615189012962782,0.5373719930326739,0.0,0.0,0.0,0.231865933462971,1.0,0.0016687000000956687,0.009105099999942468,0.05390940000006594,
iris,BADGESampler,,main,clean,0.1,15,0.1,15,0.7533333333333333,0.49186968055903507,0.4816227593184757,0.0,0.0,0.0,0.21137655044575376,1.0,0.005484499999965919,0.006554899999969166,0.0820618000000195,
iris,BADGESampler,,main,clean,0.1,15,0.15,22,0.7,0.436468879012656,0.4208886431422564,0.0,0.0,0.0,0.21719171396180212,1.0,0.0043999000000667365,0.00675520000004326,0.10766069999999672,
iris,BADGESampler,,main,clean,0.1,15,0.2,30,0.78,0.45900002557257663,0.4707099675732047,0.0,0.0,0.0,0.20273795199871203,1.0,0.004745500000012726,0.009197900000003756,0.131081100000074,
iris,BADGESampler,,main,clean,0.1,15,0.3,45,0.8733333333333333,0.6359722432248999,0.6714575061245754,0.0,0.0,0.0,0.23195308827025685,1.0,0.002979399999958332,0.009744099999920763,0.15325340000003962,
iris,BADGESampler,,main,clean,0.1,16,0.05,7,0.8333333333333334,0.566857158557575,0.5881850479594779,0.0,0.0,0.0,0.31971136569188535,1.0,0.001914800000008654,0.003428999999982807,0.04616050000004179,
iris,BADGESampler,,main,clean,0.1,16,0.1,15,0.8333333333333334,0.5209476562318776,0.5715124840405787,0.0,0.0,0.0,0.21372994745428459,1.0,0.0021294000000580127,0.003062399999976151,0.05971160000001419,
iris,BADGESampler,,main,clean,0.1,16,0.15,22,0.8266666666666667,0.5065123336933733,0.5561281624754014,0.0,0.0,0.0,0.1575802583077028,1.0,0.0017818999999690277,0.003726700000015626,0.07705620000001545,
iris,BADGESampler,,main,clean,0.1,16,0.2,30,0.78,0.44636152683002445,0.4781174002322428,0.0,0.0,0.0,0.15410112676919566,1.0,0.004944599999930688,0.009856999999897198,0.10784409999996569,
iris,BADGESampler,,main,clean,0.1,16,0.3,45,0.8933333333333333,0.6690200849016095,0.7140200747327428,0.0,0.0,0.0,0.2337269172734813,0.8666666666666667,0.006110499999977037,0.008636199999955352,0.13260560000003352,
iris,BADGESampler,,main,clean,0.1,17,0.05,7,0.82,0.5667195993847186,0.5727825202256789,0.0,0.0,0.0,0.26525418544447016,1.0,0.001912700000048062,0.006166000000007443,0.04533390000005966,
iris,BADGESampler,,main,clean,0.1,17,0.1,15,0.8466666666666667,0.5766402625322801,0.6105995131560548,0.0,0.0,0.0,0.19803845294552713,1.0,0.0031268999999838343,0.006106100000010883,0.06486780000000181,
iris,BADGESampler,,main,clean,0.1,17,0.15,22,0.82,0.5220634515494422,0.5532597891443563,0.0,0.0,0.0,0.19261698583194414,1.0,0.0019250999999940177,0.003460600000039449,0.08236560000000281,
iris,BADGESampler,,main,clean,0.1,17,0.2,30,0.8066666666666666,0.4926380325338458,0.5229105900373152,0.0,0.0,0.0,0.1983613233765024,1.0,0.0029485999999678825,0.004912099999955899,0.10392090000004828,
iris,BADGESampler,,main,clean,0.1,17,0.3,45,0.76,0.4408736500794086,0.45273831587456725,0.0,0.0,0.0,0.19853092768947178,0.9333333333333333,0.007131199999889759,0.007459599999947386,0.13978350000002138,
iris,BADGESampler,,main,clean,0.1,18,0.05,7,0.84,0.6712151876862276,0.6318715256331069,0.0,0.0,0.0,0.3400406064832121,1.0,0.0027446000000281856,0.005574499999966065,0.06640700000002653,
iris,BADGESampler,,main,clean,0.1,18,0.1,15,0.78,0.5923607938020873,0.5455173473564541,0.0,0.0,0.0,0.22924925398283588,1.0,0.0031857000000172775,0.011567399999989902,0.09234170000001996,
iris,BADGESampler,,main,clean,0.1,18,0.15,22,0.7666666666666667,0.5839074057209068,0.532014424208294,0.0,0.0,0.0,0.1470037802073088,1.0,0.005722699999978431,0.013803300000063246,0.13315929999998843,
iris,BADGESampler,,main,clean,0.1,18,0.2,30,0.84,0.6234872506003193,0.6164720527958076,0.0,0.0,0.0,0.14844530843398548,1.0,0.005259499999965556,0.006658300000026429,0.16626640000004045,
iris,BADGESampler,,main,clean,0.1,18,0.3,45,0.88,0.6659541368969282,0.6881637082396713,0.0,0.0,0.0,0.20332347206489285,1.0,0.004514399999948182,0.009036799999989853,0.20078009999997448,
iris,BADGESampler,,main,clean,0.1,19,0.05,7,0.82,0.5793461357115841,0.5752252894638552,0.0,0.0,0.0,0.19048242569179097,1.0,0.001573000000007596,0.005566799999996874,0.0456063000000313,
iris,BADGESampler,,main,clean,0.1,19,0.1,15,0.7733333333333333,0.48120819795448133,0.48449194817233066,0.0,0.0,0.0,0.22892616473804228,0.875,0.001784299999940231,0.004000199999950382,0.06318050000004405,
iris,BADGESampler,,main,clean,0.1,19,0.15,22,0.74,0.4663491482951982,0.4445530004844981,0.0,0.0,0.0,0.1853026694438032,1.0,0.002714699999955883,0.006220600000006016,0.08363710000003266,
iris,BADGESampler,,main,clean,0.1,19,0.2,30,0.7466666666666667,0.5731686139614693,0.5149220938411077,0.0,0.0,0.0,0.1751458943147467,1.0,0.002181100000029801,0.005298000000038883,0.09871020000002773,
iris,BADGESampler,,main,clean,0.1,19,0.3,45,0.7,0.5579779115313197,0.4898057942291511,0.0,0.0,0.0,0.2127195383617842,1.0,0.0024498999999877924,0.0032333999999991647,0.11772989999997208,
iris,BADGESampler,,main,clean,0.1,20,0.05,7,0.8,0.6295570832114857,0.5744038389344999,0.0,0.0,0.0,0.18314430850204771,1.0,0.0026870000000371874,0.005251799999996365,0.03334340000003522,
iris,BADGESampler,,main,clean,0.1,20,0.1,15,0.84,0.6659323679491874,0.6303393343888227,0.0,0.0,0.0,0.24218589722777006,1.0,0.0019108999999843945,0.002799400000071728,0.04438449999997829,
iris,BADGESampler,,main,clean,0.1,20,0.15,22,0.86,0.6882209890713717,0.663709048759882,0.0,0.0,0.0,0.1565888445653148,1.0,0.0017592000000377084,0.002372500000092259,0.05511940000008053,
iris,BADGESampler,,main,clean,0.1,20,0.2,30,0.8733333333333333,0.6853377466263468,0.6843851651109923,0.0,0.0,0.0,0.14336553864645848,1.0,0.0028581999999914842,0.0022890999999845008,0.06761860000005981,
iris,BADGESampler,,main,clean,0.1,20,0.3,45,0.9,0.7071530431792833,0.733845678735217,0.0,0.0,0.0,0.19812447603970143,1.0,0.006097000000067965,0.003149899999925765,0.08937969999999495,
iris,BADGESampler,,main,clean,0.1,21,0.05,7,0.82,0.5675209832344755,0.562110561062807,0.0,0.0,0.0,0.24106176941496738,1.0,0.0014580999999225241,0.00354770000001281,0.04738000000008924,
iris,BADGESampler,,main,clean,0.1,21,0.1,15,0.76,0.4697131875966938,0.44722931686657397,0.0,0.0,0.0,0.16928020892026557,0.875,0.004825199999913821,0.009361900000044443,0.07167000000004009,
iris,BADGESampler,,main,clean,0.1,21,0.15,22,0.7533333333333333,0.44973547107242035,0.4242656872687701,0.0,0.0,0.0,0.2630484887888231,1.0,0.002515399999992951,0.0031595000000379514,0.0889550000000554,
iris,BADGESampler,,main,clean,0.1,21,0.2,30,0.7133333333333334,0.4018775162212528,0.3563356001026563,0.0,0.0,0.0,0.20853333990441814,1.0,0.003111899999908019,0.004940300000043862,0.1045397000000321,
iris,BADGESampler,,main,clean,0.1,21,0.3,45,0.8666666666666667,0.639893308996618,0.661367309966262,0.0,0.0,0.0,0.17860200565020803,1.0,0.005310099999974227,0.0033056999999416803,0.12470380000002024,
iris,BADGESampler,,main,clean,0.1,24,0.05,7,0.8133333333333334,0.5643135260972384,0.5633481424668563,0.0,0.0,0.0,0.33956422182604473,1.0,0.0015664000000015221,0.0029160999999930937,0.027542299999936404,
iris,BADGESampler,,main,clean,0.1,24,0.1,15,0.7933333333333333,0.526267217062283,0.520168840906903,0.0,0.0,0.0,0.20056157673387848,1.0,0.0018291999999746622,0.0029762000000346234,0.03986309999993409,
iris,BADGESampler,,main,clean,0.1,24,0.15,22,0.7666666666666667,0.5854683496513994,0.5329217017544574,0.0,0.0,0.0,0.17363295613818824,1.0,0.0016707999999425738,0.002778899999952955,0.05067059999998946,
iris,BADGESampler,,main,clean,0.1,24,0.2,30,0.8666666666666667,0.6579860456222357,0.6658811441990933,0.0,0.0,0.0,0.23553619199290032,1.0,0.001572499999952015,0.002044600000090213,0.06408049999993182,
iris,BADGESampler,,main,clean,0.1,24,0.3,45,0.9066666666666666,0.7106821320723895,0.74725941402674,0.0,0.0,0.0,0.1954888568271894,1.0,0.0026191000000608256,0.003400199999987308,0.07638889999998355,
iris,BADGESampler,,main,clean,0.1,22,0.05,7,0.8133333333333334,0.5643135260972384,0.5633481424668563,0.0,0.0,0.0,0.2529995835198213,1.0,0.004286400000069079,0.004487300000050709,0.057619700000032026,
iris,BADGESampler,,main,clean,0.1,22,0.1,15,0.76,0.5168726669367001,0.4928858521445537,0.0,0.0,0.0,0.22141663951875984,0.875,0.0045689999999467545,0.008977299999969546,0.08557150000001457,
iris,BADGESampler,,main,clean,0.1,22,0.15,22,0.7333333333333333,0.4937047348197828,0.46469286498828594,0.0,0.0,0.0,0.15494584995780333,1.0,0.004401999999913642,0.006113200000072538,0.10756670000000668,
iris,BADGESampler,,main,clean,0.1,22,0.2,30,0.7866666666666666,0.4847272460866677,0.4989141328633575,0.0,0.0,0.0,0.20565663454619543,1.0,0.0027082000000291373,0.003489900000090529,0.12437799999997878,
iris,BADGESampler,,main,clean,0.1,22,0.3,45,0.9,0.7136937321844478,0.7344721700017535,0.0,0.0,0.0,0.20159143409551192,1.0,0.002873700000009194,0.0037710000000288346,0.13778930000000855,
iris,BADGESampler,,main,clean,0.1,23,0.05,7,0.52,0.5603041690566286,0.4137795873571159,0.0,0.0,0.0,0.29773343887033976,0.75,0.0015439999999671272,0.01152609999996912,0.04678609999996297,
iris,BADGESampler,,main,clean,0.1,23,0.1,15,0.72,0.41112081376711473,0.3973520204720489,0.0,0.0,0.0,0.26207982590932577,1.0,0.0018025999999053965,0.005924499999991895,0.06303549999995539,
iris,BADGESampler,,main,clean,0.1,23,0.15,22,0.7666666666666667,0.4531268123732836,0.46624139726023733,0.0,0.0,0.0,0.24356991546577023,1.0,0.0015280999999731648,0.0036476000000220665,0.0779011999999284,
iris,BADGESampler,,main,clean,0.1,23,0.2,30,0.8466666666666667,0.617795341900856,0.6195000957124879,0.0,0.0,0.0,0.2027688313249544,1.0,0.004325200000039331,0.008614800000032119,0.1103694999999334,
iris,BADGESampler,,main,clean,0.1,23,0.3,45,0.8733333333333333,0.6500484289574016,0.6679844303648473,0.0,0.0,0.0,0.24337952870648863,1.0,0.0027195999999776177,0.0041589999999587235,0.12492039999995086,
iris,BADGESampler,,main,clean,0.1,25,0.05,7,0.8066666666666666,0.5293690628485926,0.5427881241124912,0.0,0.0,0.0,0.2535225281842417,1.0,0.0014794999999594438,0.0032675999999582928,0.031215100000054008,
iris,BADGESampler,,main,clean,0.1,25,0.1,15,0.7533333333333333,0.42592927409202647,0.43714581268869035,0.0,0.0,0.0,0.2796612344877577,1.0,0.0017026000000441854,0.002886200000034478,0.04294240000001537,
iris,BADGESampler,,main,clean,0.1,25,0.15,22,0.6933333333333334,0.35718040772109766,0.3557068702372779,0.0,0.0,0.0,0.18693046783192882,1.0,0.00416619999998602,0.006254799999965144,0.0698210000000472,
iris,BADGESampler,,main,clean,0.1,25,0.2,30,0.6533333333333333,0.30619534634246,0.30569508826902264,0.0,0.0,0.0,0.19981035233994576,1.0,0.004616400000031717,0.00888550000001942,0.11077330000000529,
iris,BADGESampler,,main,clean,0.1,25,0.3,45,0.8533333333333334,0.6677077716619415,0.6472277159368262,0.0,0.0,0.0,0.1854625603462116,1.0,0.006404099999940627,0.016089700000065932,0.14898059999995894,
iris,BADGESampler,,main,clean,0.1,26,0.05,7,0.8266666666666667,0.5895540328600398,0.5874770921590411,0.0,0.0,0.0,0.21204880229530082,1.0,0.0017633999999588923,0.0037043999999468724,0.03713530000004539,
iris,BADGESampler,,main,clean,0.1,26,0.1,15,0.7866666666666666,0.47137631397915813,0.49309626182543975,0.0,0.0,0.0,0.2011723278352513,0.875,0.0051109000000906235,0.0034190000000080545,0.06616389999999228,
iris,BADGESampler,,main,clean,0.1,26,0.15,22,0.7533333333333333,0.4543788847071547,0.44909412799030096,0.0,0.0,0.0,0.20478032412249617,1.0,0.004471200000011777,0.010029299999928298,0.09739640000009331,
iris,BADGESampler,,main,clean,0.1,26,0.2,30,0.7666666666666667,0.5589393621834542,0.5185616787205868,0.0,0.0,0.0,0.23533724809029083,1.0,0.005509000000074593,0.009128500000088025,0.1319465000000264,
iris,BADGESampler,,main,clean,0.1,26,0.3,45,0.8866666666666667,0.6894165983918356,0.7059754068952021,0.0,0.0,0.0,0.18439580938039726,1.0,0.007558700000004137,0.009193799999934527,0.16740820000006806,
iris,BADGESampler,,main,clean,0.1,27,0.05,7,0.8266666666666667,0.6534762508409035,0.6103971645085184,0.0,0.0,0.0,0.23534973283964966,1.0,0.004071199999998498,0.009551600000008875,0.04368090000002667,
iris,BADGESampler,,main,clean,0.1,27,0.1,15,0.7866666666666666,0.5972807960069357,0.5529977720777041,0.0,0.0,0.0,0.23664258541455752,1.0,0.001793300000031195,0.002679999999941174,0.05665379999993547,
iris,BADGESampler,,main,clean,0.1,27,0.15,22,0.7666666666666667,0.5615771399557424,0.5257431819539724,0.0,0.0,0.0,0.22427603088775427,1.0,0.0029617999999800304,0.004374399999960588,0.0726472000000058,
iris,BADGESampler,,main,clean,0.1,27,0.2,30,0.7533333333333333,0.5391061150628617,0.5072386538829206,0.0,0.0,0.0,0.2502815335470738,1.0,0.003011500000070555,0.0022207000000662447,0.09023179999996955,
iris,BADGESampler,,main,clean,0.1,27,0.3,45,0.9,0.6829353186158471,0.7285089453496003,0.0,0.0,0.0,0.10530605151471767,1.0,0.008142000000020744,0.005624099999977261,0.11628009999992628,
iris,BADGESampler,,main,clean,0.1,28,0.05,7,0.8266666666666667,0.6307775586367221,0.6049240120753526,0.0,0.0,0.0,0.3167895927280444,1.0,0.005291400000032809,0.012544600000069295,0.08457099999998263,
iris,BADGESampler,,main,clean,0.1,28,0.1,15,0.8666666666666667,0.6765249695266772,0.6718628639208437,0.0,0.0,0.0,0.202030590963455,1.0,0.0058437999999796375,0.00900909999995747,0.1345721999999796,
iris,BADGESampler,,main,clean,0.1,28,0.15,22,0.8733333333333333,0.6660424111209998,0.6806002143622722,0.0,0.0,0.0,0.12187907280585944,1.0,0.0030183999999735533,0.004862600000024031,0.1543179999999893,
iris,BADGESampler,,main,clean,0.1,28,0.2,30,0.88,0.6761847499620495,0.6938371430475265,0.0,0.0,0.0,0.15991170607047656,1.0,0.002909599999952661,0.003811400000017784,0.1770004999999628,
iris,BADGESampler,,main,clean,0.1,28,0.3,45,0.8866666666666667,0.6737064199805853,0.7036510580642183,0.0,0.0,0.0,0.15642859801192818,1.0,0.009323099999960505,0.007672899999988658,0.21884619999991628,
iris,BADGESampler,,main,clean,0.1,29,0.05,7,0.7866666666666666,0.5353993983961683,0.5257261111768297,0.0,0.0,0.0,0.32186554643819176,1.0,0.0026954999999588836,0.009703800000011142,0.04212940000002163,
iris,BADGESampler,,main,clean,0.1,29,0.1,15,0.8266666666666667,0.5432662709166215,0.5712262272263251,0.0,0.0,0.0,0.30239078957124593,1.0,0.002000599999973929,0.0039775999999847045,0.06650260000003527,
iris,BADGESampler,,main,clean,0.1,29,0.15,22,0.8266666666666667,0.5264513592958759,0.5637808448347972,0.0,0.0,0.0,0.1996870299051357,1.0,0.004931499999997868,0.008444600000075297,0.09501710000006369,
iris,BADGESampler,,main,clean,0.1,29,0.2,30,0.7133333333333334,0.39447901325858953,0.3926671570400413,0.0,0.0,0.0,0.2726523135639296,1.0,0.004298300000073141,0.0033799000000271917,0.12223149999999805,
iris,BADGESampler,,main,clean,0.1,29,0.3,45,0.88,0.7160100313235858,0.7011154962653707,0.0,0.0,0.0,0.1547141983364539,1.0,0.0026143999999703738,0.006044599999995626,0.14006670000003396,
iris,BADGESampler,,main,clean,0.2,0,0.05,7,0.8133333333333334,0.6182350542108561,0.5859270111119727,0.0,0.0,0.0,0.2591514811044913,1.0,0.004402200000072298,0.009592600000019047,0.059597300000064024,
iris,BADGESampler,,main,clean,0.2,0,0.1,15,0.7933333333333333,0.5881132019126529,0.5552081677353258,0.0,0.0,0.0,0.2741270221613998,1.0,0.0023697000000311164,0.00499369999999999,0.07582800000000134,
iris,BADGESampler,,main,clean,0.2,0,0.15,22,0.7666666666666667,0.5693237056353261,0.5260547658936722,0.0,0.0,0.0,0.10867823236561533,1.0,0.002703400000086731,0.003674400000022615,0.09172000000000935,
iris,BADGESampler,,main,clean,0.2,0,0.2,30,0.74,0.5320406061462504,0.49632880858143535,0.0,0.0,0.0,0.13775502446931903,1.0,0.0016415000000051805,0.0036334000000124433,0.1032493999999815,
iris,BADGESampler,,main,clean,0.2,0,0.3,45,0.8666666666666667,0.6264526281495448,0.6585807981701405,0.0,0.0,0.0,0.13352920206112254,1.0,0.0023616999999376276,0.003347099999928105,0.11617630000000645,
iris,BADGESampler,,main,clean,0.2,2,0.05,7,0.8333333333333334,0.6227616767673503,0.6026569407784246,0.0,0.0,0.0,0.17364907852303924,1.0,0.0032846999999947,0.008767199999965669,0.05601160000003347,
iris,BADGESampler,,main,clean,0.2,2,0.1,15,0.86,0.6671148595914475,0.6560539098663816,0.0,0.0,0.0,0.2914987468367669,0.875,0.001798500000063541,0.008178499999985434,0.07428000000004431,
iris,BADGESampler,,main,clean,0.2,2,0.15,22,0.8666666666666667,0.6560205139211482,0.6643870272740627,0.0,0.0,0.0,0.20806778044327176,1.0,0.001596299999960138,0.005440899999939575,0.0908111999999619,
iris,BADGESampler,,main,clean,0.2,2,0.2,30,0.8866666666666667,0.6852244582406327,0.7050612814621027,0.0,0.0,0.0,0.22409611560617038,1.0,0.00276259999998274,0.0026513999999906446,0.10325590000002194,
iris,BADGESampler,,main,clean,0.2,2,0.3,45,0.9066666666666666,0.7019890799396052,0.7460433406379352,0.0,0.0,0.0,0.18531521385927643,1.0,0.004021899999997913,0.004355600000053528,0.12201110000000881,
iris,BADGESampler,,main,clean,0.2,1,0.05,7,0.8266666666666667,0.6550256828579779,0.6109364906166366,0.0,0.0,0.0,0.24668332832057405,1.0,0.0015405000000328073,0.0042325999999093256,0.048499799999945026,
iris,BADGESampler,,main,clean,0.2,1,0.1,15,0.8466666666666667,0.6750498631643848,0.6416026620488269,0.0,0.0,0.0,0.2114678930546564,1.0,0.005003600000009101,0.007873499999959677,0.07733269999994263,
iris,BADGESampler,,main,clean,0.2,1,0.15,22,0.8666666666666667,0.6967858730970384,0.6757362582358094,0.0,0.0,0.0,0.20930318464771966,0.8571428571428571,0.003153999999994994,0.005694099999914215,0.09529829999996764,
iris,BADGESampler,,main,clean,0.2,1,0.2,30,0.8733333333333333,0.6858296345575444,0.6845165001489073,0.0,0.0,0.0,0.13197298455505163,1.0,0.004448799999977382,0.0043192000000544795,0.11709989999997106,
iris,BADGESampler,,main,clean,0.2,1,0.3,45,0.88,0.646767844505341,0.684828414979636,0.0,0.0,0.0,0.15480074287262832,1.0,0.0024398000000473985,0.0019966000000977147,0.13089129999991655,
iris,BADGESampler,,main,clean,0.2,3,0.05,7,0.82,0.5640187099039138,0.5581531252378312,0.0,0.0,0.0,0.25404931401381214,1.0,0.002726999999936197,0.006716200000028039,0.05155309999997826,
iris,BADGESampler,,main,clean,0.2,3,0.1,15,0.8066666666666666,0.5229826481806861,0.5190330496471237,0.0,0.0,0.0,0.17620698722179934,1.0,0.001712399999973968,0.0035093000000188113,0.07335390000002917,
iris,BADGESampler,,main,clean,0.2,3,0.15,22,0.78,0.480985684998482,0.48368600442647175,0.0,0.0,0.0,0.19938524979218325,1.0,0.0026202000000239423,0.008062600000016573,0.09648960000004081,
iris,BADGESampler,,main,clean,0.2,3,0.2,30,0.7266666666666667,0.4086884740945336,0.4002860847357029,0.0,0.0,0.0,0.22447042979689247,1.0,0.0016113000000359534,0.003385600000001432,0.1161382999999887,
iris,BADGESampler,,main,clean,0.2,3,0.3,45,0.8666666666666667,0.6198085507599502,0.6550771209099818,0.0,0.0,0.0,0.19157327403135904,0.9333333333333333,0.006213800000068659,0.010123500000077001,0.14883950000000823,
iris,BADGESampler,,main,clean,0.2,5,0.05,7,0.8533333333333334,0.642639557248139,0.6420777486442031,0.0,0.0,0.0,0.22934506857378076,1.0,0.0025117000000136613,0.005554899999992813,0.037859000000025844,
iris,BADGESampler,,main,clean,0.2,5,0.1,15,0.84,0.562159066332908,0.5970114820861272,0.0,0.0,0.0,0.18193749761884395,1.0,0.003165299999977833,0.0056577000000288535,0.058184200000027886,
iris,BADGESampler,,main,clean,0.2,5,0.15,22,0.82,0.5039182007328294,0.548828021801599,0.0,0.0,0.0,0.17842251660679234,1.0,0.0016350000000784348,0.0032267000000274493,0.076011400000084,
iris,BADGESampler,,main,clean,0.2,5,0.2,30,0.7866666666666666,0.4497663959781363,0.48625869543300737,0.0,0.0,0.0,0.23768049193792173,1.0,0.0018211000000292188,0.0066459000000804735,0.09372800000005554,
iris,BADGESampler,,main,clean,0.2,5,0.3,45,0.7333333333333333,0.3683741620975632,0.396741807463888,0.0,0.0,0.0,0.1786915832868878,1.0,0.007320899999967878,0.007647700000006807,0.12588980000009542,
iris,BADGESampler,,main,clean,0.2,4,0.05,7,0.7866666666666666,0.578642553792151,0.5390513362343552,0.0,0.0,0.0,0.12578240694742335,1.0,0.003944599999954335,0.008393400000045403,0.057787599999983286,
iris,BADGESampler,,main,clean,0.2,4,0.1,15,0.7666666666666667,0.46501654968483463,0.46655429430700995,0.0,0.0,0.0,0.17211274188627207,1.0,0.004650200000014593,0.006483300000013514,0.08860389999995277,
iris,BADGESampler,,main,clean,0.2,4,0.15,22,0.7333333333333333,0.41666150427561327,0.4138203752080464,0.0,0.0,0.0,0.2218566287218858,1.0,0.00433979999991152,0.010906500000032793,0.12193790000003446,
iris,BADGESampler,,main,clean,0.2,4,0.2,30,0.8466666666666667,0.6102609750549853,0.6206455945181422,0.0,0.0,0.0,0.17028096701514067,1.0,0.0027515999998968255,0.0062642000000323605,0.14046359999997549,
iris,BADGESampler,,main,clean,0.2,4,0.3,45,0.8466666666666667,0.6156702439528436,0.6217992240214553,0.0,0.0,0.0,0.1389799137232536,1.0,0.003218099999912738,0.011960300000055213,0.1643192999999883,
iris,BADGESampler,,main,clean,0.2,7,0.05,7,0.8466666666666667,0.6506516350006384,0.6318346055045373,0.0,0.0,0.0,0.11636993741484558,1.0,0.00410850000002938,0.0102563000000373,0.06588460000000396,
iris,BADGESampler,,main,clean,0.2,7,0.1,15,0.8533333333333334,0.6589728179429745,0.6433298942586483,0.0,0.0,0.0,0.2580402878039943,0.875,0.00506170000005568,0.008647200000041266,0.09575189999998202,
iris,BADGESampler,,main,clean,0.2,7,0.15,22,0.86,0.6542421964566142,0.6475272735672291,0.0,0.0,0.0,0.25515541882180226,0.8571428571428571,0.005077700000015284,0.007733799999982693,0.1248871999999892,
iris,BADGESampler,,main,clean,0.2,7,0.2,30,0.88,0.6644701598303382,0.6844176716648258,0.0,0.0,0.0,0.18113531546562683,1.0,0.005835599999954866,0.006619699999987461,0.14495790000000852,
iris,BADGESampler,,main,clean,0.2,7,0.3,45,0.8933333333333333,0.6854675473279365,0.7136941648750199,0.0,0.0,0.0,0.1451126747987004,1.0,0.0025964000000158194,0.003436100000044462,0.16459770000005847,
iris,BADGESampler,,main,clean,0.2,6,0.05,7,0.82,0.5378539213739197,0.5562383863263478,0.0,0.0,0.0,0.2491916628456709,0.75,0.004337899999995898,0.01106989999993857,0.06899320000002263,
iris,BADGESampler,,main,clean,0.2,6,0.1,15,0.7733333333333333,0.4765631561701149,0.47159905954375164,0.0,0.0,0.0,0.1714702325543993,1.0,0.005015500000013162,0.010607499999991887,0.1028779000000668,
iris,BADGESampler,,main,clean,0.2,6,0.15,22,0.72,0.41902854506743414,0.39398314601440043,0.0,0.0,0.0,0.23261637515705777,0.8571428571428571,0.0045320000000401706,0.01138339999999971,0.13367590000007112,
iris,BADGESampler,,main,clean,0.2,6,0.2,30,0.7666666666666667,0.512634212109569,0.5015816970599282,0.0,0.0,0.0,0.2446160038764938,0.75,0.005592900000010559,0.00616139999999632,0.1641905000000179,
iris,BADGESampler,,main,clean,0.2,6,0.3,45,0.7133333333333334,0.46810269494047313,0.4493574393521135,0.0,0.0,0.0,0.25402895049010954,0.9333333333333333,0.006909700000051089,0.006222499999921638,0.19715559999997367,
iris,BADGESampler,,main,clean,0.2,8,0.05,7,0.82,0.6254684690281429,0.5955308340911531,0.0,0.0,0.0,0.14595802394272855,1.0,0.0016989000000648957,0.021713500000032582,0.0733225000000175,
iris,BADGESampler,,main,clean,0.2,8,0.1,15,0.7933333333333333,0.6019046324685279,0.5603894699470723,0.0,0.0,0.0,0.2245612999603055,1.0,0.0031257999999070307,0.005960300000083407,0.09326629999998204,
iris,BADGESampler,,main,clean,0.2,8,0.15,22,0.76,0.5565448424089504,0.5187711546908509,0.0,0.0,0.0,0.21244568980747833,1.0,0.003384699999969598,0.004230900000038673,0.11156080000000657,
iris,BADGESampler,,main,clean,0.2,8,0.2,30,0.7333333333333333,0.5283723563246605,0.49070516868397573,0.0,0.0,0.0,0.21935024288646288,1.0,0.0024902000000111,0.0035043999999970765,0.12829160000001139,
iris,BADGESampler,,main,clean,0.2,8,0.3,45,0.88,0.6443624952820567,0.6819403933582102,0.0,0.0,0.0,0.1864601404232678,1.0,0.01019080000003214,0.016339799999968818,0.1717747000000145,
iris,BADGESampler,,main,clean,0.2,9,0.05,7,0.8,0.554382267247827,0.5426612244897959,0.0,0.0,0.0,0.11201334085373019,1.0,0.004538800000091214,0.008599500000059379,0.05871079999997164,
iris,BADGESampler,,main,clean,0.2,9,0.1,15,0.76,0.4559460537850013,0.45410998692607724,0.0,0.0,0.0,0.2087479866662766,1.0,0.004870900000014444,0.006412199999999757,0.08471650000001318,
iris,BADGESampler,,main,clean,0.2,9,0.15,22,0.7866666666666666,0.48539555427697145,0.4969097518239131,0.0,0.0,0.0,0.2015945260152384,1.0,0.0035661999999092586,0.005081099999983962,0.10584240000002865,
iris,BADGESampler,,main,clean,0.2,9,0.2,30,0.7533333333333333,0.45367840246970387,0.45188624197681204,0.0,0.0,0.0,0.24471663801573182,1.0,0.0019385000000511354,0.0074240999999801716,0.12721460000000206,
iris,BADGESampler,,main,clean,0.2,9,0.3,45,0.86,0.6056703790978285,0.6391645559670799,0.0,0.0,0.0,0.26034053087795517,0.8,0.003275000000030559,0.004452099999980419,0.14514919999999165,
iris,BADGESampler,,main,clean,0.2,11,0.05,7,0.84,0.6439807185013899,0.6217034719190815,0.0,0.0,0.0,0.2779249426670763,1.0,0.004112300000087998,0.007877699999994547,0.058449200000040946,
iris,BADGESampler,,main,clean,0.2,11,0.1,15,0.7666666666666667,0.5071100995991358,0.4868875240349161,0.0,0.0,0.0,0.221666798730752,1.0,0.0029921999999942273,0.00488919999997961,0.07711219999998775,
iris,BADGESampler,,main,clean,0.2,11,0.15,22,0.7533333333333333,0.4738973927612283,0.45848318914773895,0.0,0.0,0.0,0.22834852735722078,1.0,0.0027104000000690576,0.004477000000065345,0.09373259999995298,
iris,BADGESampler,,main,clean,0.2,11,0.2,30,0.7,0.4114520862116555,0.38327003140259086,0.0,0.0,0.0,0.14582801242200757,1.0,0.002770899999973153,0.003447700000037912,0.11761879999994562,
iris,BADGESampler,,main,clean,0.2,11,0.3,45,0.8933333333333333,0.6696023914714174,0.7113827934801669,0.0,0.0,0.0,0.23940593889091366,0.8666666666666667,0.007068699999990713,0.004879999999957363,0.14415280000002895,
iris,BADGESampler,,main,clean,0.2,10,0.05,7,0.8333333333333334,0.659486892724918,0.6201351808870379,0.0,0.0,0.0,0.34359564242401175,1.0,0.0026759000000993183,0.005096800000046642,0.053020199999991746,
iris,BADGESampler,,main,clean,0.2,10,0.1,15,0.86,0.6696568596405668,0.6599380422829475,0.0,0.0,0.0,0.20904403587396694,1.0,0.0034865000000081636,0.013077199999997902,0.08680260000005546,
iris,BADGESampler,,main,clean,0.2,10,0.15,22,0.86,0.6468694894946695,0.652130612244898,0.0,0.0,0.0,0.09936259781970012,1.0,0.0031171999999060063,0.019715600000040467,0.1310151999999789,
iris,BADGESampler,,main,clean,0.2,10,0.2,30,0.86,0.6270592853539593,0.6483033150080743,0.0,0.0,0.0,0.12353652850301904,1.0,0.0040694000000485175,0.005824800000027608,0.15268460000004325,
iris,BADGESampler,,main,clean,0.2,10,0.3,45,0.8733333333333333,0.6257616236953806,0.668306686412178,0.0,0.0,0.0,0.19357009337950154,1.0,0.005025400000022273,0.006543899999996938,0.18154730000003383,
iris,BADGESampler,,main,clean,0.2,12,0.05,7,0.8333333333333334,0.5818726610081947,0.5902648359371071,0.0,0.0,0.0,0.2361025373363022,0.75,0.004330200000026707,0.006289599999945494,0.058101000000078784,
iris,BADGESampler,,main,clean,0.2,12,0.1,15,0.8,0.490735975313201,0.5143797269556877,0.0,0.0,0.0,0.1877590080155225,1.0,0.004797400000029484,0.009665499999982785,0.09055910000006406,
iris,BADGESampler,,main,clean,0.2,12,0.15,22,0.7933333333333333,0.4876318302318097,0.50665119970364,0.0,0.0,0.0,0.18014488777232232,1.0,0.004556099999945218,0.009435400000029404,0.11837350000007518,
iris,BADGESampler,,main,clean,0.2,12,0.2,30,0.88,0.6959200939341896,0.6974843511382907,0.0,0.0,0.0,0.17165467356086778,1.0,0.004540900000051806,0.008694600000012542,0.15259570000000622,
iris,BADGESampler,,main,clean,0.2,12,0.3,45,0.9,0.7136937321844478,0.7344721700017535,0.0,0.0,0.0,0.24422098293911004,1.0,0.006723200000010365,0.011624299999994037,0.1892389000000776,
iris,BADGESampler,,main,clean,0.2,13,0.05,7,0.8333333333333334,0.637785341273063,0.6151127724432873,0.0,0.0,0.0,0.19579417003940108,1.0,0.0026225999999951455,0.006889299999897958,0.06361530000003768,
iris,BADGESampler,,main,clean,0.2,13,0.1,15,0.8666666666666667,0.6571407411223281,0.6679014410687598,0.0,0.0,0.0,0.31031270043247416,1.0,0.005617499999971187,0.006712300000003779,0.09261209999999664,
iris,BADGESampler,,main,clean,0.2,13,0.15,22,0.8733333333333333,0.6557533746993502,0.6772668496816274,0.0,0.0,0.0,0.19109433499797493,1.0,0.006406300000094234,0.01170239999999012,0.12440330000003996,
iris,BADGESampler,,main,clean,0.2,13,0.2,30,0.8933333333333333,0.6870537420725007,0.7185571089960386,0.0,0.0,0.0,0.15460051013440923,1.0,0.00499980000006417,0.007208799999943949,0.15075710000007803,
iris,BADGESampler,,main,clean,0.2,13,0.3,45,0.8933333333333333,0.66366444151189,0.7117878702612473,0.0,0.0,0.0,0.1676523574614407,1.0,0.006983799999943585,0.004772900000034497,0.17069470000001274,
iris,BADGESampler,,main,clean,0.2,14,0.05,7,0.8133333333333334,0.5311042767679813,0.5455533501523631,0.0,0.0,0.0,0.3243163155712886,1.0,0.0027487999999493695,0.00884120000000621,0.04694480000000567,
iris,BADGESampler,,main,clean,0.2,14,0.1,15,0.7866666666666666,0.4861190116353422,0.4932900882129917,0.0,0.0,0.0,0.17580821360583562,1.0,0.0046346000000312415,0.009605499999906897,0.07807370000000446,
iris,BADGESampler,,main,clean,0.2,14,0.15,22,0.74,0.44149417681289904,0.42330978197127733,0.0,0.0,0.0,0.1519210728630823,1.0,0.0031212999999752356,0.004716799999982868,0.09769170000004124,
iris,BADGESampler,,main,clean,0.2,14,0.2,30,0.74,0.5017290759411401,0.4738820789876007,0.0,0.0,0.0,0.20577458514528246,1.0,0.0028739999999061183,0.005597699999952965,0.12801130000002559,
iris,BADGESampler,,main,clean,0.2,14,0.3,45,0.8933333333333333,0.6735658244373284,0.714002981580129,0.0,0.0,0.0,0.2647163481331669,1.0,0.006344499999954678,0.012983399999939138,0.16405090000000655,
iris,BADGESampler,,main,clean,0.2,15,0.05,7,0.7866666666666666,0.5615189012962782,0.5373719930326739,0.0,0.0,0.0,0.231865933462971,1.0,0.004721000000017739,0.011542000000076769,0.05298410000000331,
iris,BADGESampler,,main,clean,0.2,15,0.1,15,0.7533333333333333,0.49186968055903507,0.4816227593184757,0.0,0.0,0.0,0.21137655044575376,1.0,0.0019373999999743319,0.005929300000047988,0.0716408999999203,
iris,BADGESampler,,main,clean,0.2,15,0.15,22,0.7,0.436468879012656,0.4208886431422564,0.0,0.0,0.0,0.21719171396180212,1.0,0.002628899999990608,0.00700249999999869,0.09782350000000406,
iris,BADGESampler,,main,clean,0.2,15,0.2,30,0.78,0.45900002557257663,0.4707099675732047,0.0,0.0,0.0,0.20273795199871203,1.0,0.004819399999973939,0.004571400000031645,0.1269559999999501,
iris,BADGESampler,,main,clean,0.2,15,0.3,45,0.8666666666666667,0.6283344095393445,0.6589017036154929,0.0,0.0,0.0,0.23195308827025685,1.0,0.0066527000000178305,0.01083619999997154,0.16126420000000508,
iris,BADGESampler,,main,clean,0.2,16,0.05,7,0.8333333333333334,0.566857158557575,0.5881850479594779,0.0,0.0,0.0,0.31971136569188535,1.0,0.0016386999999440377,0.0034374000000525484,0.04034249999995154,
iris,BADGESampler,,main,clean,0.2,16,0.1,15,0.8333333333333334,0.5209476562318776,0.5715124840405787,0.0,0.0,0.0,0.21372994745428459,1.0,0.002864300000055664,0.0029514000000290253,0.0566979000000174,
iris,BADGESampler,,main,clean,0.2,16,0.15,22,0.8266666666666667,0.5065123336933733,0.5561281624754014,0.0,0.0,0.0,0.1575802583077028,1.0,0.004440100000010716,0.008153799999945477,0.08151520000001256,
iris,BADGESampler,,main,clean,0.2,16,0.2,30,0.78,0.44636152683002445,0.4781174002322428,0.0,0.0,0.0,0.15410112676919566,1.0,0.0017550000000028376,0.0035870000000386426,0.09588139999993928,
iris,BADGESampler,,main,clean,0.2,16,0.3,45,0.8933333333333333,0.6556032965677184,0.7064404677895029,0.0,0.0,0.0,0.2337269172734813,0.8666666666666667,0.00625060000004396,0.007461400000011054,0.12628559999996014,
iris,BADGESampler,,main,clean,0.2,17,0.05,7,0.82,0.5667195993847186,0.5727825202256789,0.0,0.0,0.0,0.26525418544447016,1.0,0.0041274000000157685,0.010961500000007618,0.0646047999999837,
iris,BADGESampler,,main,clean,0.2,17,0.1,15,0.8466666666666667,0.5766402625322801,0.6105995131560548,0.0,0.0,0.0,0.19803845294552713,1.0,0.0032621000000290223,0.010844900000051894,0.09515209999995022,
iris,BADGESampler,,main,clean,0.2,17,0.15,22,0.82,0.5220634515494422,0.5532597891443563,0.0,0.0,0.0,0.19261698583194414,1.0,0.0019450999999435226,0.007949499999995169,0.11521670000001905,
iris,BADGESampler,,main,clean,0.2,17,0.2,30,0.8066666666666666,0.4926380325338458,0.5229105900373152,0.0,0.0,0.0,0.1983613233765024,1.0,0.0020269999999982247,0.0065475000000105865,0.13093000000003485,
iris,BADGESampler,,main,clean,0.2,17,0.3,45,0.7533333333333333,0.399705788681161,0.4295164652388513,0.0,0.0,0.0,0.19853092768947178,0.9333333333333333,0.006752300000016476,0.006464100000016515,0.16369110000005094,
iris,BADGESampler,,main,clean,0.2,18,0.05,7,0.84,0.6712151876862276,0.6318715256331069,0.0,0.0,0.0,0.3400406064832121,1.0,0.004411799999957111,0.008998500000075182,0.06499870000004648,
iris,BADGESampler,,main,clean,0.2,18,0.1,15,0.78,0.5923607938020873,0.5455173473564541,0.0,0.0,0.0,0.22924925398283588,1.0,0.005277800000044408,0.009082800000101088,0.09509790000004159,
iris,BADGESampler,,main,clean,0.2,18,0.15,22,0.7666666666666667,0.5839074057209068,0.532014424208294,0.0,0.0,0.0,0.1470037802073088,1.0,0.004592899999920519,0.006296900000052119,0.12150430000008328,
iris,BADGESampler,,main,clean,0.2,18,0.2,30,0.84,0.6234872506003193,0.6164720527958076,0.0,0.0,0.0,0.14844530843398548,1.0,0.0034421000000293134,0.0036698000000114916,0.14109510000002956,
iris,BADGESampler,,main,clean,0.2,18,0.3,45,0.8666666666666667,0.6164103580843225,0.6544107156687307,0.0,0.0,0.0,0.20332347206489285,1.0,0.00625999999999749,0.0033657000000175685,0.16766410000002452,
iris,BADGESampler,,main,clean,0.2,19,0.05,7,0.82,0.5793461357115841,0.5752252894638552,0.0,0.0,0.0,0.19048242569179097,1.0,0.004796300000066367,0.010953300000096533,0.05430490000003374,
iris,BADGESampler,,main,clean,0.2,19,0.1,15,0.7733333333333333,0.48120819795448133,0.48449194817233066,0.0,0.0,0.0,0.22892616473804228,0.875,0.004993300000023737,0.006180299999982708,0.08015590000002248,
iris,BADGESampler,,main,clean,0.2,19,0.15,22,0.74,0.4663491482951982,0.4445530004844981,0.0,0.0,0.0,0.1853026694438032,1.0,0.0028957999999192907,0.006383000000028005,0.10478870000008556,
iris,BADGESampler,,main,clean,0.2,19,0.2,30,0.7466666666666667,0.5731686139614693,0.5149220938411077,0.0,0.0,0.0,0.1751458943147467,1.0,0.004760300000043571,0.004638800000066112,0.12345279999999548,
iris,BADGESampler,,main,clean,0.2,19,0.3,45,0.7,0.529752848536376,0.472666089955985,0.0,0.0,0.0,0.2127195383617842,1.0,0.004169999999930951,0.004727099999968232,0.14600640000003295,
iris,BADGESampler,,main,clean,0.2,20,0.05,7,0.8,0.6295570832114857,0.5744038389344999,0.0,0.0,0.0,0.18314430850204771,1.0,0.0030451000000084605,0.010032600000045022,0.057588300000020354,
iris,BADGESampler,,main,clean,0.2,20,0.1,15,0.84,0.6659323679491874,0.6303393343888227,0.0,0.0,0.0,0.24218589722777006,1.0,0.00304879999998775,0.00587350000000697,0.0773949999999104,
iris,BADGESampler,,main,clean,0.2,20,0.15,22,0.86,0.6882209890713717,0.663709048759882,0.0,0.0,0.0,0.1565888445653148,1.0,0.0031265000000075815,0.004240800000047784,0.09525569999993877,
iris,BADGESampler,,main,clean,0.2,20,0.2,30,0.8733333333333333,0.6853377466263468,0.6843851651109923,0.0,0.0,0.0,0.14336553864645848,1.0,0.00203390000001491,0.004069699999945442,0.1113882999999305,
iris,BADGESampler,,main,clean,0.2,20,0.3,45,0.8866666666666667,0.6676391761437805,0.7022646986409632,0.0,0.0,0.0,0.19812447603970143,1.0,0.0026265999999850465,0.003681199999959972,0.12601069999993797,
iris,BADGESampler,,main,clean,0.2,22,0.05,7,0.8133333333333334,0.5643135260972384,0.5633481424668563,0.0,0.0,0.0,0.2529995835198213,1.0,0.002607200000056764,0.005324100000052567,0.03747570000007272,
iris,BADGESampler,,main,clean,0.2,22,0.1,15,0.76,0.5168726669367001,0.4928858521445537,0.0,0.0,0.0,0.22141663951875984,0.875,0.002989800000023024,0.00555100000008224,0.05572770000003402,
iris,BADGESampler,,main,clean,0.2,22,0.15,22,0.7333333333333333,0.4937047348197828,0.46469286498828594,0.0,0.0,0.0,0.15494584995780333,1.0,0.0020133000000441825,0.0034714000000803935,0.06775470000002315,
iris,BADGESampler,,main,clean,0.2,22,0.2,30,0.7866666666666666,0.4847272460866677,0.4989141328633575,0.0,0.0,0.0,0.20565663454619543,1.0,0.0015292000000499684,0.0020542999999406675,0.08027670000001308,
iris,BADGESampler,,main,clean,0.2,22,0.3,45,0.8866666666666667,0.6850248493112289,0.703686334639638,0.0,0.0,0.0,0.20159143409551192,1.0,0.0038778000000547763,0.005551299999979165,0.10020630000008168,
iris,BADGESampler,,main,clean,0.2,21,0.05,7,0.82,0.5675209832344755,0.562110561062807,0.0,0.0,0.0,0.24106176941496738,1.0,0.004200400000058835,0.010017199999992954,0.05846280000002935,
iris,BADGESampler,,main,clean,0.2,21,0.1,15,0.76,0.4697131875966938,0.44722931686657397,0.0,0.0,0.0,0.16928020892026557,0.875,0.0031352000000879343,0.008869099999969876,0.0803756999999905,
iris,BADGESampler,,main,clean,0.2,21,0.15,22,0.7533333333333333,0.44973547107242035,0.4242656872687701,0.0,0.0,0.0,0.2630484887888231,1.0,0.001984700000093653,0.00315699999998742,0.09661819999996624,
iris,BADGESampler,,main,clean,0.2,21,0.2,30,0.7133333333333334,0.4018775162212528,0.3563356001026563,0.0,0.0,0.0,0.20853333990441814,1.0,0.0027861000000939384,0.004700800000023264,0.11647130000005745,
iris,BADGESampler,,main,clean,0.2,21,0.3,45,0.8533333333333334,0.5985854266997307,0.6285549887567564,0.0,0.0,0.0,0.17860200565020803,1.0,0.006992599999989579,0.009981899999957022,0.14914229999999407,
iris,BADGESampler,,main,clean,0.2,24,0.05,7,0.8133333333333334,0.5643135260972384,0.5633481424668563,0.0,0.0,0.0,0.33956422182604473,1.0,0.002728700000034223,0.004899700000009943,0.04558780000002116,
iris,BADGESampler,,main,clean,0.2,24,0.1,15,0.7933333333333333,0.526267217062283,0.520168840906903,0.0,0.0,0.0,0.20056157673387848,1.0,0.0017671000000518688,0.0030934999999772117,0.058900999999991654,
iris,BADGESampler,,main,clean,0.2,24,0.15,22,0.7666666666666667,0.5854683496513994,0.5329217017544574,0.0,0.0,0.0,0.17363295613818824,1.0,0.0015186000000539934,0.0027556000000004133,0.070068200000037,
iris,BADGESampler,,main,clean,0.2,24,0.2,30,0.8666666666666667,0.6579860456222357,0.6658811441990933,0.0,0.0,0.0,0.23553619199290032,1.0,0.0016346999999541367,0.0021444000000201413,0.08281899999997222,
iris,BADGESampler,,main,clean,0.2,24,0.3,45,0.8933333333333333,0.6693130360968871,0.7125183048953103,0.0,0.0,0.0,0.1954888568271894,1.0,0.0031384999999772845,0.0032151999999996406,0.09554909999997108,
iris,BADGESampler,,main,clean,0.2,23,0.05,7,0.52,0.5603041690566286,0.4137795873571159,0.0,0.0,0.0,0.29773343887033976,0.75,0.004036899999960042,0.015814200000022538,0.06655060000002777,
iris,BADGESampler,,main,clean,0.2,23,0.1,15,0.72,0.41112081376711473,0.3973520204720489,0.0,0.0,0.0,0.26207982590932577,1.0,0.004581800000096337,0.013375600000017585,0.10343840000007276,
iris,BADGESampler,,main,clean,0.2,23,0.15,22,0.7666666666666667,0.4531268123732836,0.46624139726023733,0.0,0.0,0.0,0.24356991546577023,1.0,0.002914600000053724,0.00991030000000137,0.12890860000004523,
iris,BADGESampler,,main,clean,0.2,23,0.2,30,0.8466666666666667,0.617795341900856,0.6195000957124879,0.0,0.0,0.0,0.2027688313249544,1.0,0.0015819000000192318,0.005438099999992119,0.14378370000008545,
iris,BADGESampler,,main,clean,0.2,23,0.3,45,0.86,0.6086891261545395,0.6379530211801758,0.0,0.0,0.0,0.24337952870648863,1.0,0.004709400000024289,0.009770400000093105,0.16546470000002955,
iris,BADGESampler,,main,clean,0.2,26,0.05,7,0.8266666666666667,0.5895540328600398,0.5874770921590411,0.0,0.0,0.0,0.21204880229530082,1.0,0.0025421999999934997,0.005475399999909314,0.037692399999968984,
iris,BADGESampler,,main,clean,0.2,26,0.1,15,0.7866666666666666,0.47137631397915813,0.49309626182543975,0.0,0.0,0.0,0.2011723278352513,0.875,0.0016846999999415857,0.0026076999999986583,0.05032630000005156,
iris,BADGESampler,,main,clean,0.2,26,0.15,22,0.7533333333333333,0.4543788847071547,0.44909412799030096,0.0,0.0,0.0,0.20478032412249617,1.0,0.0021937999999863678,0.003243200000042634,0.06769540000004781,
iris,BADGESampler,,main,clean,0.2,26,0.2,30,0.7666666666666667,0.5589393621834542,0.5185616787205868,0.0,0.0,0.0,0.23533724809029083,1.0,0.0016021000000137064,0.0032928000000538304,0.08344560000000456,
iris,BADGESampler,,main,clean,0.2,26,0.3,45,0.8733333333333333,0.6481917756423826,0.67118901257582,0.0,0.0,0.0,0.18439580938039726,1.0,0.006444600000008904,0.009367300000008072,0.11375559999999041,
iris,BADGESampler,,main,clean,0.2,25,0.05,7,0.8066666666666666,0.5293690628485926,0.5427881241124912,0.0,0.0,0.0,0.2535225281842417,1.0,0.0014801999999463078,0.0033677999999781605,0.04633539999997538,
iris,BADGESampler,,main,clean,0.2,25,0.1,15,0.7533333333333333,0.42592927409202647,0.43714581268869035,0.0,0.0,0.0,0.2796612344877577,1.0,0.004616900000087298,0.007751700000085293,0.07291159999999763,
iris,BADGESampler,,main,clean,0.2,25,0.15,22,0.6933333333333334,0.35718040772109766,0.3557068702372779,0.0,0.0,0.0,0.18693046783192882,1.0,0.001671600000008766,0.005553200000008474,0.0897347999999738,
iris,BADGESampler,,main,clean,0.2,25,0.2,30,0.6533333333333333,0.30619534634246,0.30569508826902264,0.0,0.0,0.0,0.19981035233994576,1.0,0.002103500000089298,0.005730999999968844,0.10888450000004468,
iris,BADGESampler,,main,clean,0.2,25,0.3,45,0.84,0.6193113725250489,0.6174481944619079,0.0,0.0,0.0,0.1854625603462116,1.0,0.0041142000000036205,0.006971700000008241,0.13145729999996547,
iris,BADGESampler,,main,clean,0.2,27,0.05,7,0.8266666666666667,0.6534762508409035,0.6103971645085184,0.0,0.0,0.0,0.23534973283964966,1.0,0.004225900000051297,0.009249699999941186,0.058501200000023346,
iris,BADGESampler,,main,clean,0.2,27,0.1,15,0.7866666666666666,0.5972807960069357,0.5529977720777041,0.0,0.0,0.0,0.23664258541455752,1.0,0.0018025999999053965,0.0026249000000007072,0.07168379999995977,
iris,BADGESampler,,main,clean,0.2,27,0.15,22,0.7666666666666667,0.5615771399557424,0.5257431819539724,0.0,0.0,0.0,0.22427603088775427,1.0,0.004456200000049648,0.00620800000001509,0.09648589999994783,
iris,BADGESampler,,main,clean,0.2,27,0.2,30,0.7533333333333333,0.5391061150628617,0.5072386538829206,0.0,0.0,0.0,0.2502815335470738,1.0,0.004458499999941523,0.006003700000064782,0.1195086000000174,
iris,BADGESampler,,main,clean,0.2,27,0.3,45,0.8866666666666667,0.644671382851725,0.6941341256482051,0.0,0.0,0.0,0.10530605151471767,1.0,0.0027273000000604952,0.004827699999964352,0.13353080000001682,
iris,BADGESampler,,main,clean,0.2,28,0.05,7,0.8266666666666667,0.6307775586367221,0.6049240120753526,0.0,0.0,0.0,0.3167895927280444,1.0,0.00167579999992995,0.006304000000000087,0.06192060000000765,
iris,BADGESampler,,main,clean,0.2,28,0.1,15,0.8666666666666667,0.6765249695266772,0.6718628639208437,0.0,0.0,0.0,0.202030590963455,1.0,0.005221699999992779,0.008075400000052468,0.09238900000002559,
iris,BADGESampler,,main,clean,0.2,28,0.15,22,0.8733333333333333,0.6660424111209998,0.6806002143622722,0.0,0.0,0.0,0.12187907280585944,1.0,0.002856000000065251,0.004037699999912547,0.10845979999999145,
iris,BADGESampler,,main,clean,0.2,28,0.2,30,0.88,0.6761847499620495,0.6938371430475265,0.0,0.0,0.0,0.15991170607047656,1.0,0.0016305999999985943,0.002405699999940225,0.12004690000003393,
iris,BADGESampler,,main,clean,0.2,28,0.3,45,0.8733333333333333,0.6486792778364964,0.6753309599640053,0.0,0.0,0.0,0.15642859801192818,1.0,0.002309699999955228,0.0027154000000564338,0.13219600000002174,
iris,BADGESampler,,main,clean,0.2,29,0.05,7,0.7866666666666666,0.5353993983961683,0.5257261111768297,0.0,0.0,0.0,0.32186554643819176,1.0,0.0015038999999887892,0.006020999999918786,0.049203900000065914,
iris,BADGESampler,,main,clean,0.2,29,0.1,15,0.8266666666666667,0.5432662709166215,0.5712262272263251,0.0,0.0,0.0,0.30239078957124593,1.0,0.006724700000063422,0.009171000000037566,0.08446079999998801,
iris,BADGESampler,,main,clean,0.2,29,0.15,22,0.8266666666666667,0.5264513592958759,0.5637808448347972,0.0,0.0,0.0,0.1996870299051357,1.0,0.005219399999987218,0.011427600000047278,0.1100099999999884,
iris,BADGESampler,,main,clean,0.2,29,0.2,30,0.7133333333333334,0.39447901325858953,0.3926671570400413,0.0,0.0,0.0,0.2726523135639296,1.0,0.0015792000000374173,0.0030504999999720894,0.12173949999998968,
iris,BADGESampler,,main,clean,0.2,29,0.3,45,0.7533333333333333,0.41043149408751384,0.4300411605747131,0.0,0.0,0.0,0.1547141983364539,1.0,0.002309699999955228,0.0031129999999848224,0.13740250000000742,
iris,BADGESampler,,main,clean,0.3,0,0.05,7,0.8133333333333334,0.6182350542108561,0.5859270111119727,0.0,0.0,0.0,0.2591514811044913,1.0,0.0027019000000336746,0.005608999999935804,0.056157399999960944,
iris,BADGESampler,,main,clean,0.3,0,0.1,15,0.8,0.5932237745730077,0.5632969554602154,0.0,0.0,0.0,0.2741270221613998,1.0,0.0030767000000651024,0.004941999999914515,0.07487109999999575,
iris,BADGESampler,,main,clean,0.3,0,0.15,22,0.78,0.5790402135124264,0.5404585414436308,0.0,0.0,0.0,0.11005724999912192,1.0,0.004736900000011701,0.006989000000089618,0.0965772999999217,
iris,BADGESampler,,main,clean,0.3,0,0.2,30,0.76,0.5543764672166432,0.5145118840839106,0.0,0.0,0.0,0.12739154291651017,1.0,0.002608799999961775,0.0034904999999980646,0.11910009999996873,
iris,BADGESampler,,main,clean,0.3,0,0.3,45,0.7266666666666667,0.5021579211012575,0.4724887762559678,0.0,0.0,0.0,0.14074431220111447,1.0,0.004119700000046578,0.005692500000009204,0.14456209999991643,
iris,BADGESampler,,main,clean,0.3,1,0.05,7,0.8266666666666667,0.6550256828579779,0.6109364906166366,0.0,0.0,0.0,0.24668332832057405,1.0,0.0027341999999634936,0.005070000000046093,0.04511030000003302,
iris,BADGESampler,,main,clean,0.3,1,0.1,15,0.8266666666666667,0.6346078299558547,0.6064531167206708,0.0,0.0,0.0,0.2114678930546564,1.0,0.002974699999981567,0.004385000000070249,0.0634452000000465,
iris,BADGESampler,,main,clean,0.3,1,0.15,22,0.84,0.6335198773597995,0.6220513071203159,0.0,0.0,0.0,0.13509466801650152,1.0,0.0028671999999687614,0.0041995999999926426,0.08581810000009682,
iris,BADGESampler,,main,clean,0.3,1,0.2,30,0.84,0.6058307729155212,0.612578831210381,0.0,0.0,0.0,0.23655959126085147,0.875,0.005885599999942315,0.006488399999966532,0.11327970000002097,
iris,BADGESampler,,main,clean,0.3,1,0.3,45,0.8466666666666667,0.5875931388969364,0.6165126219069006,0.0,0.0,0.0,0.1525931998039309,0.9333333333333333,0.006615500000066277,0.006968000000028951,0.1434310000000778,
iris,BADGESampler,,main,clean,0.3,2,0.05,7,0.8333333333333334,0.6227616767673503,0.6026569407784246,0.0,0.0,0.0,0.17364907852303924,1.0,0.002755999999976666,0.007510899999942922,0.05442530000004808,
iris,BADGESampler,,main,clean,0.3,2,0.1,15,0.8533333333333334,0.6612870494395353,0.645147003482001,0.0,0.0,0.0,0.2914987468367669,0.875,0.006295900000054644,0.019552299999986644,0.1019479000000274,
iris,BADGESampler,,main,clean,0.3,2,0.15,22,0.8733333333333333,0.6597442052478536,0.674296365432139,0.0,0.0,0.0,0.20719556580481374,1.0,0.005588600000010047,0.00572480000005271,0.13764320000007046,
iris,BADGESampler,,main,clean,0.3,2,0.2,30,0.8666666666666667,0.6296495286944446,0.6540191301797325,0.0,0.0,0.0,0.22443999959741498,1.0,0.0049264000000448505,0.007159999999998945,0.16308310000010806,
iris,BADGESampler,,main,clean,0.3,2,0.3,45,0.86,0.6064309268089467,0.6375080403123925,0.0,0.0,0.0,0.16915504641471582,1.0,0.004237600000010389,0.005779500000016924,0.18334440000000995,
iris,BADGESampler,,main,clean,0.3,3,0.05,7,0.82,0.5640187099039138,0.5581531252378312,0.0,0.0,0.0,0.25404931401381214,1.0,0.004092399999990448,0.01214900000002217,0.066064200000028,
iris,BADGESampler,,main,clean,0.3,3,0.1,15,0.8066666666666666,0.5045754945919338,0.5160314382397193,0.0,0.0,0.0,0.17620698722179934,1.0,0.0049271000000317144,0.011040500000035536,0.1047360000000026,
iris,BADGESampler,,main,clean,0.3,3,0.15,22,0.7733333333333333,0.4406226604080943,0.4592428355835717,0.0,0.0,0.0,0.12714320374452764,1.0,0.006454000000076121,0.011668100000065351,0.13955909999992855,
iris,BADGESampler,,main,clean,0.3,3,0.2,30,0.74,0.39258952147860715,0.4060451310891686,0.0,0.0,0.0,0.13879388916091479,1.0,0.002976800000055846,0.005922700000041914,0.16157329999998638,
iris,BADGESampler,,main,clean,0.3,3,0.3,45,0.84,0.5489624130318331,0.5862591159801913,0.0,0.0,0.0,0.1762865073426595,1.0,0.004406599999924765,0.006705400000100781,0.1867359000000306,
iris,BADGESampler,,main,clean,0.3,4,0.05,7,0.7866666666666666,0.578642553792151,0.5390513362343552,0.0,0.0,0.0,0.12578240694742335,1.0,0.004071100000032857,0.009037900000066657,0.06643189999999777,
iris,BADGESampler,,main,clean,0.3,4,0.1,15,0.78,0.47982806983659815,0.4869919527350514,0.0,0.0,0.0,0.17211274188627207,1.0,0.005482299999925999,0.007731499999977132,0.10079639999992196,
iris,BADGESampler,,main,clean,0.3,4,0.15,22,0.74,0.4250375866477006,0.4215802406820183,0.0,0.0,0.0,0.2211066921282626,1.0,0.0029343999999582593,0.009463299999993069,0.12868919999993977,
iris,BADGESampler,,main,clean,0.3,4,0.2,30,0.7866666666666666,0.4574552277471316,0.4860400695041647,0.0,0.0,0.0,0.10684193914418515,1.0,0.00537609999992128,0.010227900000018053,0.16602509999995618,
iris,BADGESampler,,main,clean,0.3,4,0.3,45,0.7733333333333333,0.4231736972916108,0.4547288516228664,0.0,0.0,0.0,0.2334869872126942,1.0,0.010284500000011576,0.011436300000013944,0.21352879999994911,
iris,BADGESampler,,main,clean,0.3,5,0.05,7,0.8533333333333334,0.642639557248139,0.6420777486442031,0.0,0.0,0.0,0.22934506857378076,1.0,0.004997099999968668,0.011476799999968534,0.0705839999999398,
iris,BADGESampler,,main,clean,0.3,5,0.1,15,0.8333333333333334,0.5415374445164981,0.5800846416975016,0.0,0.0,0.0,0.18193749761884395,1.0,0.004635600000028717,0.013063999999985754,0.09573929999999109,
iris,BADGESampler,,main,clean,0.3,5,0.15,22,0.8133333333333334,0.48621448440995313,0.5334861558762842,0.0,0.0,0.0,0.1752522861313334,1.0,0.001677500000027976,0.0034153000000287648,0.11442109999995864,
iris,BADGESampler,,main,clean,0.3,5,0.2,30,0.78,0.4355811600112735,0.4729665511021828,0.0,0.0,0.0,0.20948370576564934,1.0,0.00453220000008514,0.009760099999994054,0.1474789999999757,
iris,BADGESampler,,main,clean,0.3,5,0.3,45,0.7333333333333333,0.3697690105864146,0.3976915483739445,0.0,0.0,0.0,0.21281497279658765,0.9333333333333333,0.007566199999928358,0.008456200000068748,0.18360099999995327,
iris,BADGESampler,,main,clean,0.3,6,0.05,7,0.82,0.5378539213739197,0.5562383863263478,0.0,0.0,0.0,0.2491916628456709,0.75,0.0018569000000070446,0.005582099999969614,0.05165769999996428,
iris,BADGESampler,,main,clean,0.3,6,0.1,15,0.7866666666666666,0.48747907913932,0.4925954244006659,0.0,0.0,0.0,0.1714702325543993,1.0,0.003025200000024597,0.010872300000073665,0.07816609999997581,
iris,BADGESampler,,main,clean,0.3,6,0.15,22,0.74,0.42020469466748556,0.41342384084502476,0.0,0.0,0.0,0.18900677773720748,1.0,0.002800600000000486,0.0061251999999285545,0.10814930000003642,
iris,BADGESampler,,main,clean,0.3,6,0.2,30,0.84,0.5703380745681909,0.5990413066154714,0.0,0.0,0.0,0.25094965153073245,1.0,0.005692900000099144,0.017049200000087694,0.14695549999999002,
iris,BADGESampler,,main,clean,0.3,6,0.3,45,0.86,0.602140828341242,0.6307670665130045,0.0,0.0,0.0,0.18377869986829096,1.0,0.004084100000000035,0.00756130000002031,0.1800745000000461,
iris,BADGESampler,,main,clean,0.3,7,0.05,7,0.8466666666666667,0.6506516350006384,0.6318346055045373,0.0,0.0,0.0,0.11636993741484558,1.0,0.004569700000047305,0.00948059999996076,0.06942500000002383,
iris,BADGESampler,,main,clean,0.3,7,0.1,15,0.84,0.6210166506570753,0.6123828290204621,0.0,0.0,0.0,0.2580402878039943,0.875,0.005677600000012717,0.009302499999989777,0.10196369999994204,
iris,BADGESampler,,main,clean,0.3,7,0.15,22,0.8533333333333334,0.604709256833525,0.6260574329425304,0.0,0.0,0.0,0.2403493763402928,0.8571428571428571,0.004937100000006467,0.007249400000091555,0.13127459999998337,
iris,BADGESampler,,main,clean,0.3,7,0.2,30,0.86,0.5855127863301197,0.6338857142857143,0.0,0.0,0.0,0.15934199469479907,1.0,0.007233100000007653,0.009803600000054757,0.16407730000003085,
iris,BADGESampler,,main,clean,0.3,7,0.3,45,0.8533333333333334,0.569940073831822,0.6187609926097016,0.0,0.0,0.0,0.16681127467884183,1.0,0.007066799999961404,0.008427499999925203,0.19395159999999123,
iris,BADGESampler,,main,clean,0.3,8,0.05,7,0.82,0.6254684690281429,0.5955308340911531,0.0,0.0,0.0,0.14595802394272855,1.0,0.002837099999965176,0.050001999999949476,0.10031909999997879,
iris,BADGESampler,,main,clean,0.3,8,0.1,15,0.7933333333333333,0.579116574968871,0.5541373550742379,0.0,0.0,0.0,0.2245612999603055,1.0,0.00595110000006116,0.011409200000002784,0.13724279999996725,
iris,BADGESampler,,main,clean,0.3,8,0.15,22,0.7666666666666667,0.5454516488173842,0.5183659093474327,0.0,0.0,0.0,0.21379089227342515,1.0,0.005091799999945579,0.013269799999989118,0.17554709999990337,
iris,BADGESampler,,main,clean,0.3,8,0.2,30,0.7333333333333333,0.48620293620527544,0.4691468783940473,0.0,0.0,0.0,0.2257239773911764,1.0,0.0031854000000066662,0.008591999999907785,0.21459759999993366,
iris,BADGESampler,,main,clean,0.3,8,0.3,45,0.84,0.5649462943355066,0.5986846479391145,0.0,0.0,0.0,0.21619940653007835,1.0,0.0038613000000395914,0.010994299999993018,0.24036409999996522,
iris,BADGESampler,,main,clean,0.3,9,0.05,7,0.8,0.554382267247827,0.5426612244897959,0.0,0.0,0.0,0.11201334085373019,1.0,0.002428400000098918,0.012414300000045841,0.054106900000078895,
iris,BADGESampler,,main,clean,0.3,9,0.1,15,0.7666666666666667,0.460322999249579,0.4614504195535184,0.0,0.0,0.0,0.2087479866662766,1.0,0.0031424999999671854,0.0039275999999972555,0.07786730000009356,
iris,BADGESampler,,main,clean,0.3,9,0.15,22,0.7733333333333333,0.44859615271585074,0.4642897722661386,0.0,0.0,0.0,0.2269153713035439,1.0,0.004630899999938265,0.009076199999981327,0.10477869999999712,
iris,BADGESampler,,main,clean,0.3,9,0.2,30,0.7666666666666667,0.43643567957107166,0.45343988740642477,0.0,0.0,0.0,0.2005208830757686,1.0,0.006729899999982081,0.006866800000011608,0.14008650000005218,
iris,BADGESampler,,main,clean,0.3,9,0.3,45,0.7533333333333333,0.42309209557832994,0.43749520529416275,0.0,0.0,0.0,0.22083039054099998,1.0,0.007055100000002312,0.011035799999945084,0.18050780000010036,
iris,BADGESampler,,main,clean,0.3,10,0.05,7,0.8333333333333334,0.659486892724918,0.6201351808870379,0.0,0.0,0.0,0.34359564242401175,1.0,0.002395999999976084,0.0069753999999875305,0.06149859999993623,
iris,BADGESampler,,main,clean,0.3,10,0.1,15,0.8533333333333334,0.6496034996624794,0.6443179284731625,0.0,0.0,0.0,0.20904403587396694,1.0,0.005174699999997756,0.008037100000024111,0.09024299999998675,
iris,BADGESampler,,main,clean,0.3,10,0.15,22,0.8533333333333334,0.6179091327063995,0.6358096107155078,0.0,0.0,0.0,0.12751396881918214,1.0,0.004724299999907089,0.006394999999997708,0.11788159999991876,
iris,BADGESampler,,main,clean,0.3,10,0.2,30,0.8533333333333334,0.6089743754985518,0.6318889002071237,0.0,0.0,0.0,0.12888555129815493,1.0,0.002664500000037151,0.0037472000000207117,0.13720929999999498,
iris,BADGESampler,,main,clean,0.3,10,0.3,45,0.8666666666666667,0.6131766419310577,0.6482585061132287,0.0,0.0,0.0,0.21379050260665447,1.0,0.004874299999983123,0.006358500000033018,0.1585187999999107,
iris,BADGESampler,,main,clean,0.3,12,0.05,7,0.8333333333333334,0.5818726610081947,0.5902648359371071,0.0,0.0,0.0,0.2361025373363022,0.75,0.0026924000000008164,0.006602900000075351,0.04573249999998552,
iris,BADGESampler,,main,clean,0.3,12,0.1,15,0.8,0.49660637772684685,0.5169427184136363,0.0,0.0,0.0,0.1877590080155225,1.0,0.003079899999988811,0.005405900000027941,0.06815819999997075,
iris,BADGESampler,,main,clean,0.3,12,0.15,22,0.78,0.45734976646901493,0.4782036027035844,0.0,0.0,0.0,0.1437911815708571,1.0,0.002748200000041834,0.005287599999974191,0.08928319999995438,
iris,BADGESampler,,main,clean,0.3,12,0.2,30,0.7533333333333333,0.4414172062876294,0.445171519286086,0.0,0.0,0.0,0.21765916913868233,1.0,0.002962400000001253,0.005697599999962222,0.11260670000001483,
iris,BADGESampler,,main,clean,0.3,12,0.3,45,0.8466666666666667,0.6030596978954257,0.6206925516622839,0.0,0.0,0.0,0.1903500106470357,1.0,0.004523399999925459,0.005945499999938875,0.13539419999995062,
iris,BADGESampler,,main,clean,0.3,11,0.05,7,0.84,0.6439807185013899,0.6217034719190815,0.0,0.0,0.0,0.2779249426670763,1.0,0.0028071000000409185,0.010943700000098033,0.05976680000003398,
iris,BADGESampler,,main,clean,0.3,11,0.1,15,0.7666666666666667,0.48313673889162007,0.47920420298559147,0.0,0.0,0.0,0.221666798730752,1.0,0.0020422999999709646,0.0075186999999914406,0.0816644000000224,
iris,BADGESampler,,main,clean,0.3,11,0.15,22,0.7666666666666667,0.44267997220499894,0.4590647080194997,0.0,0.0,0.0,0.17748979200120246,1.0,0.004740199999901051,0.0034126000000469503,0.10533090000001266,
iris,BADGESampler,,main,clean,0.3,11,0.2,30,0.7,0.38330406995632266,0.3707196650356787,0.0,0.0,0.0,0.17551824603884864,1.0,0.006624399999964226,0.00571279999996932,0.13787170000000515,
iris,BADGESampler,,main,clean,0.3,11,0.3,45,0.7066666666666667,0.41765035102365133,0.4083058808180306,0.0,0.0,0.0,0.23486244126305017,1.0,0.007846500000027845,0.009706299999947987,0.18105439999999362,
iris,BADGESampler,,main,clean,0.3,13,0.05,7,0.8333333333333334,0.637785341273063,0.6151127724432873,0.0,0.0,0.0,0.19579417003940108,1.0,0.0034737000000859553,0.011803099999951883,0.06137269999999262,
iris,BADGESampler,,main,clean,0.3,13,0.1,15,0.86,0.6488319597525184,0.6556608646949751,0.0,0.0,0.0,0.31031270043247416,1.0,0.005079899999941517,0.0059751999999662075,0.08680189999995491,
iris,BADGESampler,,main,clean,0.3,13,0.15,22,0.8666666666666667,0.6456617255236008,0.6643007971892383,0.0,0.0,0.0,0.15280192146555335,1.0,0.0029458000000204265,0.004806499999972402,0.10564539999995759,
iris,BADGESampler,,main,clean,0.3,13,0.2,30,0.8733333333333333,0.6480522230939658,0.6742956884879528,0.0,0.0,0.0,0.18301249097430644,1.0,0.0031340000000454893,0.0044157000000950575,0.12416880000000674,
iris,BADGESampler,,main,clean,0.3,13,0.3,45,0.88,0.6416314970974564,0.6784283103685749,0.0,0.0,0.0,0.19968951817516228,1.0,0.00471760000004906,0.004258099999901788,0.14365679999991698,
iris,BADGESampler,,main,clean,0.3,14,0.05,7,0.8133333333333334,0.5311042767679813,0.5455533501523631,0.0,0.0,0.0,0.3243163155712886,1.0,0.0037611000000197237,0.006521799999973155,0.044648800000004485,
iris,BADGESampler,,main,clean,0.3,14,0.1,15,0.78,0.46902013572978035,0.4791418258176624,0.0,0.0,0.0,0.17580821360583562,1.0,0.0031397000000197295,0.010035199999947508,0.07942839999998341,
iris,BADGESampler,,main,clean,0.3,14,0.15,22,0.7866666666666666,0.4638402974834771,0.4756073597350344,0.0,0.0,0.0,0.18331744727182983,1.0,0.0038872999999739477,0.012306399999943096,0.11724649999996473,
iris,BADGESampler,,main,clean,0.3,14,0.2,30,0.6866666666666666,0.35709074841415633,0.3356785887167605,0.0,0.0,0.0,0.2583263732731791,1.0,0.004843399999913345,0.005502900000010413,0.15505149999989953,
iris,BADGESampler,,main,clean,0.3,14,0.3,45,0.84,0.5285137614985758,0.5815857083109279,0.0,0.0,0.0,0.15354314942130892,1.0,0.0040754999999990105,0.005161799999996219,0.1769246999999723,
iris,BADGESampler,,main,clean,0.3,15,0.05,7,0.7866666666666666,0.5615189012962782,0.5373719930326739,0.0,0.0,0.0,0.231865933462971,1.0,0.00572460000000774,0.006206499999962034,0.06545500000004267,
iris,BADGESampler,,main,clean,0.3,15,0.1,15,0.7666666666666667,0.4994219263614129,0.49421136253951725,0.0,0.0,0.0,0.21137655044575376,1.0,0.003913799999963885,0.005395000000021355,0.09250520000000506,
iris,BADGESampler,,main,clean,0.3,15,0.15,22,0.7066666666666667,0.43531759277357024,0.42107340120305914,0.0,0.0,0.0,0.1664453134875535,1.0,0.004915499999924577,0.006628200000022844,0.12557890000005045,
iris,BADGESampler,,main,clean,0.3,15,0.2,30,0.7466666666666667,0.4103768062203312,0.4252425177229721,0.0,0.0,0.0,0.16692114138398886,1.0,0.0031123999999636,0.009051799999951982,0.15763520000007247,
iris,BADGESampler,,main,clean,0.3,15,0.3,45,0.7466666666666667,0.3709610217970403,0.4049307803679784,0.0,0.0,0.0,0.24166749349516745,1.0,0.006942199999912191,0.009896099999991748,0.19632130000002235,
iris,BADGESampler,,main,clean,0.3,16,0.05,7,0.8333333333333334,0.566857158557575,0.5881850479594779,0.0,0.0,0.0,0.31971136569188535,1.0,0.002551199999970777,0.00599570000008498,0.056845699999939825,
iris,BADGESampler,,main,clean,0.3,16,0.1,15,0.8333333333333334,0.5230088237871209,0.5726687853654755,0.0,0.0,0.0,0.21372994745428459,1.0,0.005602100000032806,0.007723599999962971,0.08697540000002846,
iris,BADGESampler,,main,clean,0.3,16,0.15,22,0.8133333333333334,0.4776545296659192,0.5286672176330971,0.0,0.0,0.0,0.1449706587202781,1.0,0.004426200000011704,0.008506000000011227,0.11982230000000982,
iris,BADGESampler,,main,clean,0.3,16,0.2,30,0.78,0.4420023705456529,0.4745555470081664,0.0,0.0,0.0,0.15385359621576317,1.0,0.0049658000000363245,0.009910900000022593,0.1507825999999568,
iris,BADGESampler,,main,clean,0.3,16,0.3,45,0.8466666666666667,0.5877466602889108,0.6097085214289695,0.0,0.0,0.0,0.23582667607807975,0.9333333333333333,0.0038733000000092943,0.007730599999945298,0.1741253999999799,
iris,BADGESampler,,main,clean,0.3,17,0.05,7,0.82,0.5667195993847186,0.5727825202256789,0.0,0.0,0.0,0.26525418544447016,1.0,0.003924100000062936,0.006939900000020316,0.04865740000002461,
iris,BADGESampler,,main,clean,0.3,17,0.1,15,0.84,0.5562997348384802,0.5941300439418382,0.0,0.0,0.0,0.19803845294552713,1.0,0.002180899999984831,0.009743200000002616,0.07241380000004938,
iris,BADGESampler,,main,clean,0.3,17,0.15,22,0.82,0.5096870258559317,0.5479198172749123,0.0,0.0,0.0,0.15746293956314875,1.0,0.0044950000000199,0.009056699999973716,0.10180700000000797,
iris,BADGESampler,,main,clean,0.3,17,0.2,30,0.7933333333333333,0.45237934576602523,0.4868962070969599,0.0,0.0,0.0,0.2197865659720737,1.0,0.004290099999934682,0.005763000000001739,0.12721810000005007,
iris,BADGESampler,,main,clean,0.3,17,0.3,45,0.74,0.36012271443266336,0.39142232515504144,0.0,0.0,0.0,0.22812874694105484,1.0,0.003084900000089874,0.0033831000000645872,0.14727510000000166,
iris,BADGESampler,,main,clean,0.3,18,0.05,7,0.84,0.6712151876862276,0.6318715256331069,0.0,0.0,0.0,0.3400406064832121,1.0,0.0030915999999479027,0.009688399999959074,0.06540410000002339,
iris,BADGESampler,,main,clean,0.3,18,0.1,15,0.7866666666666666,0.5733023529322481,0.5419534231383933,0.0,0.0,0.0,0.22924925398283588,1.0,0.0030989000000545275,0.0059882000000470725,0.0891702000000123,
iris,BADGESampler,,main,clean,0.3,18,0.15,22,0.7666666666666667,0.5436067744336673,0.5128950236106066,0.0,0.0,0.0,0.11238230361390607,1.0,0.0034402000000000044,0.009897599999931117,0.1136080999999649,
iris,BADGESampler,,main,clean,0.3,18,0.2,30,0.78,0.5542354120183676,0.5289544079307567,0.0,0.0,0.0,0.1686315712019148,1.0,0.0029871000000412096,0.004100400000083937,0.13132229999996525,
iris,BADGESampler,,main,clean,0.3,18,0.3,45,0.8533333333333334,0.5994673499824366,0.6277383567617798,0.0,0.0,0.0,0.19851231033832786,1.0,0.004068999999958578,0.005478500000094755,0.21974829999999201,
iris,BADGESampler,,main,clean,0.3,19,0.05,7,0.82,0.5793461357115841,0.5752252894638552,0.0,0.0,0.0,0.19048242569179097,1.0,0.009818999999993139,0.014248999999949774,0.07723779999992075,
iris,BADGESampler,,main,clean,0.3,19,0.1,15,0.78,0.47174317122835635,0.4870846104894374,0.0,0.0,0.0,0.22892616473804228,0.875,0.0030956000000514905,0.006233800000018164,0.10023469999998724,
iris,BADGESampler,,main,clean,0.3,19,0.15,22,0.7333333333333333,0.4272294809293645,0.4247104247104247,0.0,0.0,0.0,0.14280395091765816,1.0,0.004807600000049206,0.010812399999963418,0.13765249999994467,
iris,BADGESampler,,main,clean,0.3,19,0.2,30,0.7,0.37847169289034716,0.36800308187432534,0.0,0.0,0.0,0.21873129543334108,0.875,0.005663199999958124,0.011049200000002202,0.1731896000000006,
iris,BADGESampler,,main,clean,0.3,19,0.3,45,0.8333333333333334,0.5580245607713685,0.5876434037330689,0.0,0.0,0.0,0.1990480219528544,1.0,0.006114300000035655,0.007606000000009772,0.2092150999999376,
iris,BADGESampler,,main,clean,0.3,20,0.05,7,0.8,0.6295570832114857,0.5744038389344999,0.0,0.0,0.0,0.18314430850204771,1.0,0.004539700000009361,0.012010600000053273,0.06708019999996395,
iris,BADGESampler,,main,clean,0.3,20,0.1,15,0.8333333333333334,0.6377748891418584,0.6152195464243898,0.0,0.0,0.0,0.24218589722777006,1.0,0.004377399999953013,0.008431299999983821,0.09443720000001576,
iris,BADGESampler,,main,clean,0.3,20,0.15,22,0.8666666666666667,0.6765355217378244,0.671817329681886,0.0,0.0,0.0,0.16612378048346474,1.0,0.004783599999996113,0.010065199999985452,0.12634639999998853,
iris,BADGESampler,,main,clean,0.3,20,0.2,30,0.8666666666666667,0.6571407411223281,0.6679014410687598,0.0,0.0,0.0,0.209573641450823,1.0,0.002914099999998143,0.004299100000025646,0.14440089999993688,
iris,BADGESampler,,main,clean,0.3,20,0.3,45,0.8733333333333333,0.648009994277304,0.6743859878012981,0.0,0.0,0.0,0.20972460320915592,1.0,0.004137299999911193,0.004011300000001938,0.16636539999990418,
iris,BADGESampler,,main,clean,0.3,21,0.05,7,0.82,0.5675209832344755,0.562110561062807,0.0,0.0,0.0,0.24106176941496738,1.0,0.006309800000053656,0.006387300000028517,0.0742146000000048,
iris,BADGESampler,,main,clean,0.3,21,0.1,15,0.7666666666666667,0.48178384826142967,0.4587520709764511,0.0,0.0,0.0,0.16928020892026557,0.875,0.003033200000004399,0.011923900000056165,0.10021740000001955,
iris,BADGESampler,,main,clean,0.3,21,0.15,22,0.74,0.43551804191843496,0.40844559662327123,0.0,0.0,0.0,0.1871517609302533,1.0,0.002584500000011758,0.004907699999989745,0.11730280000006132,
iris,BADGESampler,,main,clean,0.3,21,0.2,30,0.6933333333333334,0.38343754870019514,0.34179413047340623,0.0,0.0,0.0,0.22329193730341385,1.0,0.0018770000000358777,0.00471319999996922,0.13298210000004929,
iris,BADGESampler,,main,clean,0.3,21,0.3,45,0.8266666666666667,0.5300909417891861,0.5637717013711993,0.0,0.0,0.0,0.20414499100154163,1.0,0.002518899999927271,0.005031799999983377,0.1508098000000473,
iris,BADGESampler,,main,clean,0.3,22,0.05,7,0.8133333333333334,0.5643135260972384,0.5633481424668563,0.0,0.0,0.0,0.2529995835198213,1.0,0.0026699999999664215,0.009014900000011039,0.07082390000005034,
iris,BADGESampler,,main,clean,0.3,22,0.1,15,0.7666666666666667,0.5305733713840947,0.503991035958032,0.0,0.0,0.0,0.22141663951875984,0.875,0.006049899999993613,0.010686099999929866,0.10344130000009955,
iris,BADGESampler,,main,clean,0.3,22,0.15,22,0.8266666666666667,0.5610095919459003,0.5789775131249396,0.0,0.0,0.0,0.13049413036609592,1.0,0.003014600000028622,0.005641799999921204,0.13203420000002097,
iris,BADGESampler,,main,clean,0.3,22,0.2,30,0.8333333333333334,0.548838319036063,0.5810045833554407,0.0,0.0,0.0,0.18832997639489496,1.0,0.004931300000066585,0.008034299999962968,0.1617042999999967,
iris,BADGESampler,,main,clean,0.3,22,0.3,45,0.8533333333333334,0.5900080259883862,0.625288555025067,0.0,0.0,0.0,0.1404227594368477,1.0,0.00766119999991588,0.007428899999922578,0.1924132000000327,
iris,BADGESampler,,main,clean,0.3,23,0.05,7,0.52,0.5603041690566286,0.4137795873571159,0.0,0.0,0.0,0.29773343887033976,0.75,0.0032066999999642576,0.030930399999988367,0.08245369999997365,
iris,BADGESampler,,main,clean,0.3,23,0.1,15,0.74,0.4170718738488096,0.41648745227184003,0.0,0.0,0.0,0.26207982590932577,1.0,0.0023789000000533633,0.007352699999955803,0.10316190000003189,
iris,BADGESampler,,main,clean,0.3,23,0.15,22,0.7666666666666667,0.4227878071354264,0.44250134209627306,0.0,0.0,0.0,0.22001563349615186,1.0,0.0030418000000054235,0.00501099999996768,0.12488540000003923,
iris,BADGESampler,,main,clean,0.3,23,0.2,30,0.7466666666666667,0.4250466792870613,0.42660258581639987,0.0,0.0,0.0,0.2381443038171871,1.0,0.002167200000030789,0.008868499999948654,0.15603910000004362,
iris,BADGESampler,,main,clean,0.3,23,0.3,45,0.8133333333333334,0.5180839212047237,0.5371757321332887,0.0,0.0,0.0,0.18315423301151312,0.9333333333333333,0.007281300000045121,0.01319100000000617,0.19470269999999346,
iris,BADGESampler,,main,clean,0.3,24,0.05,7,0.8133333333333334,0.5643135260972384,0.5633481424668563,0.0,0.0,0.0,0.33956422182604473,1.0,0.0031707999999071035,0.00867849999997361,0.06648330000007263,
iris,BADGESampler,,main,clean,0.3,24,0.1,15,0.7933333333333333,0.5273162132061715,0.5221967547263013,0.0,0.0,0.0,0.20056157673387848,1.0,0.005453200000033576,0.009385400000041955,0.09976189999997587,
iris,BADGESampler,,main,clean,0.3,24,0.15,22,0.7933333333333333,0.5234977554968346,0.5183396050763908,0.0,0.0,0.0,0.2602965071069549,0.8571428571428571,0.006060499999989588,0.004932900000085283,0.1270966000000726,
iris,BADGESampler,,main,clean,0.3,24,0.2,30,0.8666666666666667,0.6365371967717001,0.6612765644832808,0.0,0.0,0.0,0.17533460079154606,1.0,0.003942499999993743,0.0061769000000140295,0.15442170000005717,
iris,BADGESampler,,main,clean,0.3,24,0.3,45,0.8733333333333333,0.6072143819030738,0.6620873925754811,0.0,0.0,0.0,0.1560784790535193,1.0,0.006389000000012857,0.008535300000062307,0.1810613000000103,
iris,BADGESampler,,main,clean,0.3,25,0.05,7,0.8066666666666666,0.5293690628485926,0.5427881241124912,0.0,0.0,0.0,0.2535225281842417,1.0,0.0027904999999464053,0.007310999999958767,0.054303199999935714,
iris,BADGESampler,,main,clean,0.3,25,0.1,15,0.7666666666666667,0.44660941466904236,0.46174893454571636,0.0,0.0,0.0,0.2796612344877577,1.0,0.0033789000000297165,0.00521979999996347,0.07907890000001316,
iris,BADGESampler,,main,clean,0.3,25,0.15,22,0.7333333333333333,0.3941173639735742,0.40450747375325413,0.0,0.0,0.0,0.191416276159291,1.0,0.0050217000000429834,0.004211800000007315,0.10299399999996695,
iris,BADGESampler,,main,clean,0.3,25,0.2,30,0.7866666666666666,0.44610707809659117,0.47818895533040523,0.0,0.0,0.0,0.18990629531497732,1.0,0.0024867000000767803,0.004585799999972551,0.13251249999996162,
iris,BADGESampler,,main,clean,0.3,25,0.3,45,0.8533333333333334,0.5967354343182,0.6277821520703549,0.0,0.0,0.0,0.25329101770103213,1.0,0.004113200000006145,0.010722499999928914,0.15855149999993046,
iris,BADGESampler,,main,clean,0.3,26,0.05,7,0.8266666666666667,0.5895540328600398,0.5874770921590411,0.0,0.0,0.0,0.21204880229530082,1.0,0.003417899999931251,0.005623600000035367,0.05447580000009111,
iris,BADGESampler,,main,clean,0.3,26,0.1,15,0.8066666666666666,0.4902761087194515,0.5229187731715538,0.0,0.0,0.0,0.2011723278352513,0.875,0.006029300000022886,0.009057799999936833,0.0858663000000206,
iris,BADGESampler,,main,clean,0.3,26,0.15,22,0.7666666666666667,0.45273141008850654,0.45795368757551014,0.0,0.0,0.0,0.217271364785302,1.0,0.003028900000003887,0.004854300000033618,0.10499560000005204,
iris,BADGESampler,,main,clean,0.3,26,0.2,30,0.72,0.4009984962448406,0.38597568349473016,0.0,0.0,0.0,0.19042525545149108,1.0,0.00300789999994322,0.004405099999985396,0.12585150000006706,
iris,BADGESampler,,main,clean,0.3,26,0.3,45,0.8533333333333334,0.5765212269143578,0.6198159776340796,0.0,0.0,0.0,0.19790357303876815,0.8666666666666667,0.007330000000024484,0.011154900000065027,0.16682120000007217,
iris,BADGESampler,,main,clean,0.3,27,0.05,7,0.8266666666666667,0.6534762508409035,0.6103971645085184,0.0,0.0,0.0,0.23534973283964966,1.0,0.004540900000051806,0.012706299999990733,0.0765831999999591,
iris,BADGESampler,,main,clean,0.3,27,0.1,15,0.78,0.5672596516552815,0.5326385944312165,0.0,0.0,0.0,0.23664258541455752,1.0,0.005286800000021685,0.008313899999961905,0.10585140000000592,
iris,BADGESampler,,main,clean,0.3,27,0.15,22,0.7666666666666667,0.5205973529033846,0.5058093479480793,0.0,0.0,0.0,0.24976492623040847,1.0,0.0050747999999885,0.007907699999918805,0.1342915999999832,
iris,BADGESampler,,main,clean,0.3,27,0.2,30,0.7466666666666667,0.4961639393865248,0.4801833843262351,0.0,0.0,0.0,0.20794679458053583,1.0,0.0055158999999775915,0.0060290000000122745,0.17243669999993472,
iris,BADGESampler,,main,clean,0.3,27,0.3,45,0.8533333333333334,0.5684849400827908,0.6183026755966593,0.0,0.0,0.0,0.09345935768457633,1.0,0.008579800000006799,0.006511799999998402,0.20840669999995498,
iris,BADGESampler,,main,clean,0.3,28,0.05,7,0.8266666666666667,0.6307775586367221,0.6049240120753526,0.0,0.0,0.0,0.3167895927280444,1.0,0.007077300000105424,0.012981099999933576,0.10638989999995374,
iris,BADGESampler,,main,clean,0.3,28,0.1,15,0.8466666666666667,0.6313702066396096,0.6319606530976436,0.0,0.0,0.0,0.202030590963455,1.0,0.006044499999916297,0.011072399999989102,0.14343539999993027,
iris,BADGESampler,,main,clean,0.3,28,0.15,22,0.84,0.5899156308871533,0.608263595482401,0.0,0.0,0.0,0.11957505992059983,1.0,0.0051373000000012325,0.008749200000011115,0.17712629999994078,
iris,BADGESampler,,main,clean,0.3,28,0.2,30,0.86,0.6047194169302311,0.6384689728856827,0.0,0.0,0.0,0.21365472874816357,1.0,0.00477750000004562,0.010256199999957971,0.21114890000001196,
iris,BADGESampler,,main,clean,0.3,28,0.3,45,0.8733333333333333,0.6192262375762414,0.6643870272740627,0.0,0.0,0.0,0.19310449376618505,1.0,0.009934400000020105,0.008761100000015176,0.245739399999934,
iris,BADGESampler,,main,clean,0.3,29,0.05,7,0.7866666666666666,0.5353993983961683,0.5257261111768297,0.0,0.0,0.0,0.32186554643819176,1.0,0.004545899999925496,0.021758800000043266,0.07045779999998558,
iris,BADGESampler,,main,clean,0.3,29,0.1,15,0.8266666666666667,0.55332308755756,0.5735931795800894,0.0,0.0,0.0,0.30239078957124593,1.0,0.005219499999952859,0.008624100000020007,0.10239730000000691,
iris,BADGESampler,,main,clean,0.3,29,0.15,22,0.82,0.5187752930430891,0.5511907821643093,0.0,0.0,0.0,0.21537090800824074,1.0,0.0037221000000045024,0.0072751000000153,0.12694229999999607,
iris,BADGESampler,,main,clean,0.3,29,0.2,30,0.7933333333333333,0.46851417155155745,0.498810701380889,0.0,0.0,0.0,0.2613620038660635,0.875,0.0026654999999209394,0.004024400000048445,0.14366960000006657,
iris,BADGESampler,,main,clean,0.3,29,0.3,45,0.78,0.4568251151862032,0.47940947626618335,0.0,0.0,0.0,0.1397699592142003,1.0,0.007289799999966817,0.005087099999968814,0.1724464999999782,
iris,CoreSetSampler,,main,clean,0.0,0,0.05,7,0.8133333333333334,0.6412741266574404,0.5917675070941648,0.0,0.0,0.0,0.23555936864573693,1.0,0.00047939999990376236,0.005387999999925341,0.05532879999998386,
iris,CoreSetSampler,,main,clean,0.0,0,0.1,15,0.7933333333333333,0.6248401785062486,0.5666502143559329,0.0,0.0,0.0,0.12381805941476566,1.0,0.0005090999999310952,0.004747499999893989,0.07820589999994354,
iris,CoreSetSampler,,main,clean,0.0,0,0.15,22,0.7666666666666667,0.6083404722426906,0.5396081627109436,0.0,0.0,0.0,0.10190628570317803,1.0,0.0012772000000040862,0.008272300000044197,0.11162179999996624,
iris,CoreSetSampler,,main,clean,0.0,0,0.2,30,0.8733333333333333,0.7060205214031219,0.6882069564720807,0.0,0.0,0.0,0.17892581035381083,1.0,0.0010417999999390304,0.006099500000004809,0.13575240000000122,
iris,CoreSetSampler,,main,clean,0.0,0,0.3,45,0.9066666666666666,0.7549662813240526,0.7559915343224466,0.0,0.0,0.0,0.0876150760540382,1.0,0.0013908999999330263,0.005635499999925742,0.15432189999989987,
iris,CoreSetSampler,,main,clean,0.0,1,0.05,7,0.84,0.6687135213085517,0.631158086738433,0.0,0.0,0.0,0.16579907031506708,1.0,0.000699899999972331,0.013000400000009904,0.07548269999995227,
iris,CoreSetSampler,,main,clean,0.0,1,0.1,15,0.8666666666666667,0.6967858730970384,0.6757362582358094,0.0,0.0,0.0,0.13087787339157853,1.0,0.0011146000000508138,0.007710799999927076,0.1135581999999431,
iris,CoreSetSampler,,main,clean,0.0,1,0.15,22,0.88,0.7144576477818988,0.7008666982225341,0.0,0.0,0.0,0.09295171794145386,1.0,0.0013704000000416272,0.00754400000005262,0.1349940999999717,
iris,CoreSetSampler,,main,clean,0.0,1,0.2,30,0.8866666666666667,0.7246031769163463,0.7141390614568589,0.0,0.0,0.0,0.1247383260148526,1.0,0.0006541000000197528,0.005009100000052058,0.15745259999994232,
iris,CoreSetSampler,,main,clean,0.0,1,0.3,45,0.9066666666666666,0.7549662813240526,0.7559915343224466,0.0,0.0,0.0,0.12138555336312654,0.9333333333333333,0.002020199999947181,0.007737499999961983,0.18337129999997615,
iris,CoreSetSampler,,main,clean,0.0,2,0.05,7,0.8133333333333334,0.6426583176523605,0.5923326221845838,0.0,0.0,0.0,0.2256299591610323,1.0,0.00033699999994496466,0.009681800000066687,0.05752240000003894,
iris,CoreSetSampler,,main,clean,0.0,2,0.1,15,0.86,0.6882209890713717,0.663709048759882,0.0,0.0,0.0,0.1165302217392359,1.0,0.0010330999999723645,0.009588900000039757,0.0836655000000519,
iris,CoreSetSampler,,main,clean,0.0,2,0.15,22,0.8666666666666667,0.6967858730970384,0.6757362582358094,0.0,0.0,0.0,0.07297631405136137,1.0,0.0006316000000197164,0.0066041000000041095,0.1061862999999903,
iris,CoreSetSampler,,main,clean,0.0,2,0.2,30,0.88,0.7144576477818988,0.7008666982225341,0.0,0.0,0.0,0.11785827556963577,1.0,0.0004214000000501983,0.005124099999989085,0.11999660000003587,
iris,CoreSetSampler,,main,clean,0.0,2,0.3,45,0.9066666666666666,0.7549662813240526,0.7559915343224466,0.0,0.0,0.0,0.10503063822626947,1.0,0.0010228000001006876,0.004020500000024185,0.1365202000000636,
iris,CoreSetSampler,,main,clean,0.0,3,0.05,7,0.82,0.5570313202057576,0.5605114250629286,0.0,0.0,0.0,0.13946778231030493,1.0,0.0006692999999131644,0.011813599999982216,0.06408329999999296,
iris,CoreSetSampler,,main,clean,0.0,3,0.1,15,0.82,0.5904525933829081,0.5707446216107056,0.0,0.0,0.0,0.17843289302455512,0.875,0.0007268000000522079,0.0067558000000644824,0.0946072000000413,
iris,CoreSetSampler,,main,clean,0.0,3,0.15,22,0.8733333333333333,0.7050658288104134,0.6880338915258941,0.0,0.0,0.0,0.13247129330787935,1.0,0.00038510000001679145,0.013667600000076163,0.12747720000004392,
iris,CoreSetSampler,,main,clean,0.0,3,0.2,30,0.88,0.7144576477818988,0.7008666982225341,0.0,0.0,0.0,0.12323123979126546,1.0,0.00043819999996230763,0.011061000000040622,0.14735040000005029,
iris,CoreSetSampler,,main,clean,0.0,3,0.3,45,0.9,0.7436509495527129,0.7415485456111208,0.0,0.0,0.0,0.11562313486838623,1.0,0.0008644999999205538,0.004442499999981919,0.16088680000007116,
iris,CoreSetSampler,,main,clean,0.0,4,0.05,7,0.78,0.5633638505618787,0.5198424176746422,0.0,0.0,0.0,0.20021322027377042,1.0,0.0006409000000076048,0.007966099999975995,0.05295300000000225,
iris,CoreSetSampler,,main,clean,0.0,4,0.1,15,0.76,0.459561608694417,0.44161271009950714,0.0,0.0,0.0,0.16635008339426854,1.0,0.0010991999999987456,0.006595700000048055,0.07242939999991904,
iris,CoreSetSampler,,main,clean,0.0,4,0.15,22,0.7333333333333333,0.4185689287594192,0.39006307208489255,0.0,0.0,0.0,0.17022094757222966,1.0,0.0006140000000414148,0.003962200000046323,0.09053709999989223,
iris,CoreSetSampler,,main,clean,0.0,4,0.2,30,0.8733333333333333,0.7050658288104134,0.6880338915258941,0.0,0.0,0.0,0.12010389860486288,1.0,0.00041829999997844425,0.004425200000014229,0.10329529999989973,
iris,CoreSetSampler,,main,clean,0.0,4,0.3,45,0.9,0.7449573670061777,0.7416919230031858,0.0,0.0,0.0,0.10703682925866151,1.0,0.0010764999999537395,0.0038260999999693013,0.11619569999993473,
iris,CoreSetSampler,,main,clean,0.0,5,0.05,7,0.8266666666666667,0.5821191639092937,0.5841317511874256,0.0,0.0,0.0,0.27008423553980654,1.0,0.00046880000002147426,0.007986300000084157,0.06230440000001636,
iris,CoreSetSampler,,main,clean,0.0,5,0.1,15,0.82,0.5432453894988165,0.5591805673683825,0.0,0.0,0.0,0.08297927740767573,1.0,0.0009143999999423613,0.013010200000053374,0.0938631000000214,
iris,CoreSetSampler,,main,clean,0.0,5,0.15,22,0.8066666666666666,0.5200703089390011,0.5330658447076915,0.0,0.0,0.0,0.11619698951488532,1.0,0.0010475000000269574,0.027007199999957265,0.1505375000000413,
iris,CoreSetSampler,,main,clean,0.0,5,0.2,30,0.8733333333333333,0.7060205214031219,0.6882069564720807,0.0,0.0,0.0,0.1169608964092211,1.0,0.0006751999999323743,0.00858010000001741,0.17418350000002647,
iris,CoreSetSampler,,main,clean,0.0,5,0.3,45,0.9,0.7436509495527129,0.7415485456111208,0.0,0.0,0.0,0.06972786885005618,1.0,0.0027017999999543463,0.007981400000062422,0.2057838000000629,
iris,CoreSetSampler,,main,clean,0.0,6,0.05,7,0.82,0.5619175351486162,0.5624965181957392,0.0,0.0,0.0,0.15124163984864897,1.0,0.0005036000000018248,0.01530009999999038,0.06845150000003741,
iris,CoreSetSampler,,main,clean,0.0,6,0.1,15,0.7666666666666667,0.51368492676922,0.47653133745245746,0.0,0.0,0.0,0.18475487062464396,0.875,0.0011468000000149914,0.011451699999952325,0.11005490000002283,
iris,CoreSetSampler,,main,clean,0.0,6,0.15,22,0.8733333333333333,0.7050658288104134,0.6880338915258941,0.0,0.0,0.0,0.1748690460572337,1.0,0.000600599999984297,0.008026900000004389,0.13189380000005713,
iris,CoreSetSampler,,main,clean,0.0,6,0.2,30,0.88,0.7144576477818988,0.7008666982225341,0.0,0.0,0.0,0.12320573288775952,1.0,0.0015312000000449189,0.006347900000037043,0.1625415000000885,
iris,CoreSetSampler,,main,clean,0.0,6,0.3,45,0.9,0.7436509495527129,0.7415485456111208,0.0,0.0,0.0,0.11558737092192871,1.0,0.002160399999979745,0.010723399999960748,0.19710710000003928,
iris,CoreSetSampler,,main,clean,0.0,7,0.05,7,0.8466666666666667,0.6735735454651065,0.6412050161871702,0.0,0.0,0.0,0.1499627993956274,1.0,0.0008192000000235566,0.011339700000007724,0.059817500000008295,
iris,CoreSetSampler,,main,clean,0.0,7,0.1,15,0.8666666666666667,0.6967858730970384,0.6757362582358094,0.0,0.0,0.0,0.13639508731051864,1.0,0.0006360000000995569,0.006070399999998699,0.07807930000001306,
iris,CoreSetSampler,,main,clean,0.0,7,0.15,22,0.8733333333333333,0.7050658288104134,0.6880338915258941,0.0,0.0,0.0,0.08500204096610228,1.0,0.0006362999999964813,0.005404999999996107,0.1005968000000621,
iris,CoreSetSampler,,main,clean,0.0,7,0.2,30,0.8933333333333333,0.7337944072126301,0.7276184569180799,0.0,0.0,0.0,0.13074821834971137,1.0,0.0009919000000309097,0.008814700000016273,0.1255486000000019,
iris,CoreSetSampler,,main,clean,0.0,7,0.3,45,0.9133333333333333,0.7657240393319231,0.7707383569303354,0.0,0.0,0.0,0.08819741019571099,1.0,0.001440599999909864,0.005804300000022522,0.14333970000006957,
iris,CoreSetSampler,,main,clean,0.0,8,0.05,7,0.82,0.6467113936056552,0.6006861021484542,0.0,0.0,0.0,0.1572846310601085,1.0,0.00033150000001569424,0.024782299999969837,0.0656083999999737,
iris,CoreSetSampler,,main,clean,0.0,8,0.1,15,0.7866666666666666,0.6253213150048325,0.5619186596405891,0.0,0.0,0.0,0.1392711904973743,1.0,0.000472500000000764,0.007952999999929489,0.08543510000004062,
iris,CoreSetSampler,,main,clean,0.0,8,0.15,22,0.7733333333333333,0.6162210450142598,0.5482286177543575,0.0,0.0,0.0,0.11810757609709015,1.0,0.0006086000000777858,0.004364699999996446,0.10132350000003498,
iris,CoreSetSampler,,main,clean,0.0,8,0.2,30,0.88,0.7144576477818988,0.7008666982225341,0.0,0.0,0.0,0.15486316277240852,1.0,0.0005293000000392567,0.0032608999999865773,0.12427009999998972,
iris,CoreSetSampler,,main,clean,0.0,8,0.3,45,0.9,0.7436509495527129,0.7415485456111208,0.0,0.0,0.0,0.11561706734332147,1.0,0.002275899999972353,0.00998349999997572,0.15311580000002323,
iris,CoreSetSampler,,main,clean,0.0,9,0.05,7,0.78,0.5431974867146336,0.5209769775959018,0.0,0.0,0.0,0.26222536836913146,1.0,0.0002888999999868247,0.00350659999992331,0.04176330000007056,
iris,CoreSetSampler,,main,clean,0.0,9,0.1,15,0.7866666666666666,0.49761867443606683,0.4974892898587989,0.0,0.0,0.0,0.10080898462225986,1.0,0.0004163000000971806,0.0023283999998966465,0.05618040000001656,
iris,CoreSetSampler,,main,clean,0.0,9,0.15,22,0.7933333333333333,0.4926094108507009,0.502639011725771,0.0,0.0,0.0,0.132058973791411,1.0,0.0006527999998979794,0.006248000000027787,0.08492300000000341,
iris,CoreSetSampler,,main,clean,0.0,9,0.2,30,0.8533333333333334,0.6866619841386131,0.6536686063521993,0.0,0.0,0.0,0.12816392750438294,1.0,0.0009980999999470441,0.01784439999994447,0.1224130000000514,
iris,CoreSetSampler,,main,clean,0.0,9,0.3,45,0.8866666666666667,0.7246031769163463,0.7141390614568589,0.0,0.0,0.0,0.051111459060168216,1.0,0.0013765999999577616,0.0060514000000466694,0.141996899999981,
iris,CoreSetSampler,,main,clean,0.0,10,0.05,7,0.8333333333333334,0.6607920793426151,0.62055617805847,0.0,0.0,0.0,0.26883415156012797,1.0,0.0003110999999762498,0.0031394999999747597,0.03891749999991134,
iris,CoreSetSampler,,main,clean,0.0,10,0.1,15,0.86,0.6890518004413542,0.6638956080488512,0.0,0.0,0.0,0.13425819693328622,1.0,0.0004825999999411579,0.004731500000048072,0.05161709999993036,
iris,CoreSetSampler,,main,clean,0.0,10,0.15,22,0.86,0.6890518004413542,0.6638956080488512,0.0,0.0,0.0,0.0690329439412141,1.0,0.0006328000000621614,0.00456080000003567,0.0686020999999073,
iris,CoreSetSampler,,main,clean,0.0,10,0.2,30,0.8666666666666667,0.6967858730970384,0.6757362582358094,0.0,0.0,0.0,0.06111473705403633,1.0,0.0004318999999668449,0.0028065999999853375,0.0812357999999449,
iris,CoreSetSampler,,main,clean,0.0,10,0.3,45,0.8933333333333333,0.7337944072126301,0.7276184569180799,0.0,0.0,0.0,0.09426188884696596,1.0,0.0015041999999994005,0.0059896000000208005,0.10096490000000813,
iris,CoreSetSampler,,main,clean,0.0,11,0.05,7,0.8133333333333334,0.5507506447905753,0.5549480144286484,0.0,0.0,0.0,0.27915181885498447,1.0,0.00046460000010029034,0.00467120000007526,0.04794860000004064,
iris,CoreSetSampler,,main,clean,0.0,11,0.1,15,0.76,0.5107381276859678,0.4772223537547636,0.0,0.0,0.0,0.08511185710328419,1.0,0.0006772000000410117,0.004090300000029856,0.06266619999996692,
iris,CoreSetSampler,,main,clean,0.0,11,0.15,22,0.8466666666666667,0.6750498631643848,0.6416026620488269,0.0,0.0,0.0,0.10270078737067309,1.0,0.0006007000000636253,0.005157200000098783,0.08028139999998984,
iris,CoreSetSampler,,main,clean,0.0,11,0.2,30,0.8733333333333333,0.7060205214031219,0.6882069564720807,0.0,0.0,0.0,0.11034967182459995,1.0,0.0006743999999798689,0.0064903999999614825,0.10146999999994932,
iris,CoreSetSampler,,main,clean,0.0,11,0.3,45,0.8933333333333333,0.7337944072126301,0.7276184569180799,0.0,0.0,0.0,0.0766151334807857,1.0,0.0014076999999588224,0.00548079999998663,0.12296870000000126,
iris,CoreSetSampler,,main,clean,0.0,13,0.05,7,0.84,0.6669659159546624,0.6306467921328158,0.0,0.0,0.0,0.15735395775199498,1.0,0.0006546000000753338,0.005980499999964195,0.04869989999997415,
iris,CoreSetSampler,,main,clean,0.0,13,0.1,15,0.86,0.6882209890713717,0.663709048759882,0.0,0.0,0.0,0.1325646776124593,1.0,0.0006014000000504893,0.005586799999946379,0.06365219999997862,
iris,CoreSetSampler,,main,clean,0.0,13,0.15,22,0.8733333333333333,0.7050658288104134,0.6880338915258941,0.0,0.0,0.0,0.08871786886969542,1.0,0.00038070000005063775,0.004903699999999844,0.07919119999996838,
iris,CoreSetSampler,,main,clean,0.0,13,0.2,30,0.8866666666666667,0.7246031769163463,0.7141390614568589,0.0,0.0,0.0,0.1364562430344499,1.0,0.0004340000000411237,0.0058561000000736385,0.09402360000001408,
iris,CoreSetSampler,,main,clean,0.0,13,0.3,45,0.9,0.7449573670061777,0.7416919230031858,0.0,0.0,0.0,0.11831897023971258,1.0,0.001392300000020441,0.004176600000050712,0.11006889999998748,
iris,CoreSetSampler,,main,clean,0.0,12,0.05,7,0.8266666666666667,0.5626306141845216,0.5712262272263251,0.0,0.0,0.0,0.23120788630853067,0.75,0.00070180000000164,0.010927700000024743,0.05782299999998486,
iris,CoreSetSampler,,main,clean,0.0,12,0.1,15,0.8133333333333334,0.5512177473313538,0.5498088325827042,0.0,0.0,0.0,0.13369357968838536,1.0,0.0007150999999794294,0.009065799999916635,0.08165359999998145,
iris,CoreSetSampler,,main,clean,0.0,12,0.15,22,0.8733333333333333,0.706020521403122,0.6882069564720807,0.0,0.0,0.0,0.13257768207338946,1.0,0.0003758999999945445,0.004157200000008743,0.11336689999995997,
iris,CoreSetSampler,,main,clean,0.0,12,0.2,30,0.88,0.7144576477818988,0.7008666982225341,0.0,0.0,0.0,0.11736522889611388,1.0,0.00044130000003406167,0.011260099999958584,0.1452467000000297,
iris,CoreSetSampler,,main,clean,0.0,12,0.3,45,0.9133333333333333,0.7657240393319231,0.7707383569303354,0.0,0.0,0.0,0.11127802937006091,1.0,0.0021451000000070053,0.011579299999993964,0.1745091999999886,
iris,CoreSetSampler,,main,clean,0.0,14,0.05,7,0.8066666666666666,0.5553647000893485,0.5409466158969852,0.0,0.0,0.0,0.13948179401754893,1.0,0.0006828000000496104,0.008498200000076395,0.05405559999996967,
iris,CoreSetSampler,,main,clean,0.0,14,0.1,15,0.7466666666666667,0.5243600716047311,0.46082289137573373,0.0,0.0,0.0,0.1587033479864528,1.0,0.0012884000000212836,0.007468500000072709,0.08625789999996414,
iris,CoreSetSampler,,main,clean,0.0,14,0.15,22,0.8733333333333333,0.7050658288104134,0.6880338915258941,0.0,0.0,0.0,0.1814359801283713,1.0,0.0007434000000330343,0.025607699999909528,0.12656309999999849,
iris,CoreSetSampler,,main,clean,0.0,14,0.2,30,0.88,0.7144576477818988,0.7008666982225341,0.0,0.0,0.0,0.12323091084802121,1.0,0.0010603999999148073,0.007103199999960452,0.15133209999999053,
iris,CoreSetSampler,,main,clean,0.0,14,0.3,45,0.9,0.7436509495527129,0.7415485456111208,0.0,0.0,0.0,0.11724338296912874,1.0,0.002082699999959914,0.006200400000011541,0.17764699999997902,
iris,CoreSetSampler,,main,clean,0.0,15,0.05,7,0.8066666666666666,0.548567204191924,0.5426806299525264,0.0,0.0,0.0,0.24506451367028773,1.0,0.00045189999991634977,0.006984699999975419,0.04841500000009091,
iris,CoreSetSampler,,main,clean,0.0,15,0.1,15,0.8,0.5069188961411141,0.5155942837036102,0.0,0.0,0.0,0.10571370854377656,1.0,0.0011947000000418484,0.007888500000035492,0.09082020000005286,
iris,CoreSetSampler,,main,clean,0.0,15,0.15,22,0.86,0.6882209890713717,0.663709048759882,0.0,0.0,0.0,0.13417396413745913,1.0,0.000983000000019274,0.019766900000036003,0.1365066000000752,
iris,CoreSetSampler,,main,clean,0.0,15,0.2,30,0.86,0.6907358850090398,0.6642681063461342,0.0,0.0,0.0,0.12742600020032718,1.0,0.0010161999999809268,0.012183300000060626,0.16855000000009568,
iris,CoreSetSampler,,main,clean,0.0,15,0.3,45,0.9066666666666666,0.7549662813240526,0.7559915343224466,0.0,0.0,0.0,0.1129903654429035,1.0,0.0014288000000988177,0.009344199999986813,0.19011150000005728,
iris,CoreSetSampler,,main,clean,0.0,16,0.05,7,0.82,0.5633105739407298,0.5637533878102745,0.0,0.0,0.0,0.23512101687141837,1.0,0.0005137999999078602,0.009645999999975174,0.05489090000003216,
iris,CoreSetSampler,,main,clean,0.0,16,0.1,15,0.82,0.5344112229142619,0.552063405301995,0.0,0.0,0.0,0.1278699970377951,1.0,0.0012427000000343469,0.008983900000089307,0.08581360000005134,
iris,CoreSetSampler,,main,clean,0.0,16,0.15,22,0.8133333333333334,0.5518254330703721,0.5532071384694967,0.0,0.0,0.0,0.13173720460934946,1.0,0.0014091000000462373,0.01096010000003389,0.12110520000010183,
iris,CoreSetSampler,,main,clean,0.0,16,0.2,30,0.8933333333333333,0.7387328272950491,0.7282217481230558,0.0,0.0,0.0,0.15572419676913576,0.875,0.0006448999999975058,0.016874299999926734,0.15717800000004445,
iris,CoreSetSampler,,main,clean,0.0,16,0.3,45,0.9066666666666666,0.7549662813240526,0.7559915343224466,0.0,0.0,0.0,0.08924792057963013,1.0,0.002616600000010294,0.009971599999971659,0.1874715000000151,
iris,CoreSetSampler,,main,clean,0.0,17,0.05,7,0.8266666666666667,0.5853204583800632,0.5815266743881286,0.0,0.0,0.0,0.23896237921180816,1.0,0.0006423999999469743,0.010595800000032796,0.044029899999941335,
iris,CoreSetSampler,,main,clean,0.0,17,0.1,15,0.8066666666666666,0.5193179124544459,0.5276743993293196,0.0,0.0,0.0,0.12198939386253863,1.0,0.0006726000000298882,0.005901699999981247,0.06443130000002384,
iris,CoreSetSampler,,main,clean,0.0,17,0.15,22,0.7866666666666666,0.5098136285137309,0.5060786775898477,0.0,0.0,0.0,0.13113688311626984,1.0,0.000613799999996445,0.00719770000000608,0.08742879999999786,
iris,CoreSetSampler,,main,clean,0.0,17,0.2,30,0.8733333333333333,0.7060205214031219,0.6882069564720807,0.0,0.0,0.0,0.1622243869973526,1.0,0.0004162000000178523,0.005122800000094685,0.10487169999998969,
iris,CoreSetSampler,,main,clean,0.0,17,0.3,45,0.9,0.7436509495527129,0.7415485456111208,0.0,0.0,0.0,0.0993651582582687,1.0,0.001482399999986228,0.008030599999983679,0.13159710000002178,
iris,CoreSetSampler,,main,clean,0.0,18,0.05,7,0.82,0.6467113936056552,0.6006861021484542,0.0,0.0,0.0,0.273873641911728,1.0,0.00042839999991883815,0.005499299999996765,0.038284299999986615,
iris,CoreSetSampler,,main,clean,0.0,18,0.1,15,0.7866666666666666,0.6195992198288597,0.5588789115646259,0.0,0.0,0.0,0.14258964640582739,1.0,0.0007460000000492073,0.0044105000000627115,0.054580099999952836,
iris,CoreSetSampler,,main,clean,0.0,18,0.15,22,0.8666666666666667,0.6967858730970384,0.6757362582358094,0.0,0.0,0.0,0.1303751498137533,1.0,0.0006202999999231906,0.003942499999993743,0.0767938999999842,
iris,CoreSetSampler,,main,clean,0.0,18,0.2,30,0.8733333333333333,0.7079605393464979,0.6885525109503922,0.0,0.0,0.0,0.1408190965783054,1.0,0.00043250000010175427,0.006763900000009926,0.09464930000001459,
iris,CoreSetSampler,,main,clean,0.0,18,0.3,45,0.9066666666666666,0.7549662813240526,0.7559915343224466,0.0,0.0,0.0,0.05516546412696381,1.0,0.001670399999966321,0.004690600000003542,0.11476370000002589,
iris,CoreSetSampler,,main,clean,0.0,19,0.05,7,0.82,0.5609290950148423,0.5650379986300923,0.0,0.0,0.0,0.27380128808993104,0.75,0.0004750000000512955,0.009147399999960726,0.05809620000002269,
iris,CoreSetSampler,,main,clean,0.0,19,0.1,15,0.7666666666666667,0.5203358549168838,0.48193210005518144,0.0,0.0,0.0,0.15003904923667932,1.0,0.0013590999999451014,0.014143100000069353,0.1059439000000566,
iris,CoreSetSampler,,main,clean,0.0,19,0.15,22,0.8533333333333334,0.6802584697887846,0.652130612244898,0.0,0.0,0.0,0.2170639628185141,1.0,0.000643999999965672,0.014893400000005386,0.13541360000010627,
iris,CoreSetSampler,,main,clean,0.0,19,0.2,30,0.8733333333333333,0.7060205214031219,0.6882069564720807,0.0,0.0,0.0,0.12325939591750597,1.0,0.000707000000033986,0.008033199999999852,0.16365390000009938,
iris,CoreSetSampler,,main,clean,0.0,19,0.3,45,0.9066666666666666,0.7549662813240526,0.7559915343224466,0.0,0.0,0.0,0.0841019873841212,1.0,0.0010466999999607651,0.007652499999949214,0.1906903000000284,
iris,CoreSetSampler,,main,clean,0.0,20,0.05,7,0.84,0.6659323679491874,0.6303393343888227,0.0,0.0,0.0,0.2213593702958925,1.0,0.001352399999973386,0.013661800000022595,0.0846664000000601,
iris,CoreSetSampler,,main,clean,0.0,20,0.1,15,0.8466666666666667,0.6735735454651065,0.6412050161871702,0.0,0.0,0.0,0.1062265322041296,1.0,0.000471100000027036,0.0045893000000205575,0.10617580000007365,
iris,CoreSetSampler,,main,clean,0.0,20,0.15,22,0.8466666666666667,0.6750498631643848,0.6416026620488269,0.0,0.0,0.0,0.11760558723922988,1.0,0.0011839999999665451,0.014432899999974325,0.140858900000012,
iris,CoreSetSampler,,main,clean,0.0,20,0.2,30,0.8733333333333333,0.7060205214031219,0.6882069564720807,0.0,0.0,0.0,0.1119762670968427,1.0,0.0010000999999419946,0.009212700000034602,0.16611430000000382,
iris,CoreSetSampler,,main,clean,0.0,20,0.3,45,0.9,0.7436509495527129,0.7415485456111208,0.0,0.0,0.0,0.10816295467953657,1.0,0.0008404000000155065,0.002730999999926098,0.17603889999998046,
iris,CoreSetSampler,,main,clean,0.0,21,0.05,7,0.82,0.5752379291356511,0.5674005959010385,0.0,0.0,0.0,0.12594910036793153,1.0,0.00032349999992220546,0.008119099999930768,0.0499561999999969,
iris,CoreSetSampler,,main,clean,0.0,21,0.1,15,0.7666666666666667,0.46512972702665967,0.44615345176754084,0.0,0.0,0.0,0.15049369063856083,1.0,0.00046109999993859674,0.012870900000052643,0.0730654000000186,
iris,CoreSetSampler,,main,clean,0.0,21,0.15,22,0.72,0.3981979113102823,0.3699980873394077,0.0,0.0,0.0,0.10663595846316107,1.0,0.000983199999950557,0.022414500000081716,0.11305560000005244,
iris,CoreSetSampler,,main,clean,0.0,21,0.2,30,0.88,0.7144576477818988,0.7008666982225341,0.0,0.0,0.0,0.1558327317797948,1.0,0.0004308000000037282,0.007838300000003073,0.12922409999998763,
iris,CoreSetSampler,,main,clean,0.0,21,0.3,45,0.9,0.7436509495527129,0.7415485456111208,0.0,0.0,0.0,0.11560500709894021,1.0,0.0022589000000152737,0.013895199999979013,0.1744139999999561,
iris,CoreSetSampler,,main,clean,0.0,22,0.05,7,0.8133333333333334,0.5490643523327478,0.5486539745615036,0.0,0.0,0.0,0.22857468342590473,1.0,0.0007223999999723674,0.00902999999993881,0.07040830000005371,
iris,CoreSetSampler,,main,clean,0.0,22,0.1,15,0.78,0.6165021023791256,0.5525598451665479,0.0,0.0,0.0,0.10232527198360826,1.0,0.0017502999999123858,0.012949499999990621,0.09929840000006607,
iris,CoreSetSampler,,main,clean,0.0,22,0.15,22,0.7666666666666667,0.6075529380103233,0.539097352809606,0.0,0.0,0.0,0.1620938168371528,1.0,0.0009165000000166401,0.008263899999974456,0.12774020000006203,
iris,CoreSetSampler,,main,clean,0.0,22,0.2,30,0.8733333333333333,0.7060205214031219,0.6882069564720807,0.0,0.0,0.0,0.18076738575591522,1.0,0.0010601999999835243,0.013730200000054538,0.16155890000004547,
iris,CoreSetSampler,,main,clean,0.0,22,0.3,45,0.9,0.7436509495527129,0.7415485456111208,0.0,0.0,0.0,0.09907335433902738,1.0,0.0022315000001071894,0.009348700000032295,0.18584129999999277,
iris,CoreSetSampler,,main,clean,0.0,23,0.05,7,0.78,0.5431974867146336,0.5209769775959018,0.0,0.0,0.0,0.09212687747959036,1.0,0.00031849999993482925,0.00906740000004902,0.05865969999990739,
iris,CoreSetSampler,,main,clean,0.0,23,0.1,15,0.7866666666666666,0.49761867443606683,0.4974892898587989,0.0,0.0,0.0,0.09900945160162065,1.0,0.002204699999992954,0.01146860000005745,0.0990479999999252,
iris,CoreSetSampler,,main,clean,0.0,23,0.15,22,0.7933333333333333,0.4926094108507009,0.502639011725771,0.0,0.0,0.0,0.1374778210385948,1.0,0.0014960000000883156,0.025324100000034377,0.16242429999999786,
iris,CoreSetSampler,,main,clean,0.0,23,0.2,30,0.86,0.6907358850090398,0.6642681063461342,0.0,0.0,0.0,0.13441842817859379,1.0,0.0010088000000223474,0.020256199999948876,0.20446449999997185,
iris,CoreSetSampler,,main,clean,0.0,23,0.3,45,0.8933333333333333,0.7337944072126301,0.7276184569180799,0.0,0.0,0.0,0.07064139447238557,1.0,0.0020762999999988097,0.013100200000053519,0.23810979999996107,
iris,CoreSetSampler,,main,clean,0.0,24,0.05,7,0.8,0.6315428074125389,0.5753464814422748,0.0,0.0,0.0,0.2654369578542335,1.0,0.0006586000000652348,0.00853030000007493,0.0621757000000116,
iris,CoreSetSampler,,main,clean,0.0,24,0.1,15,0.76,0.6051918781720853,0.53409442535381,0.0,0.0,0.0,0.08657633686064162,1.0,0.0010892000000239932,0.008420399999977235,0.08336469999994733,
iris,CoreSetSampler,,main,clean,0.0,24,0.15,22,0.8466666666666667,0.6750498631643848,0.6416026620488269,0.0,0.0,0.0,0.2011131839760471,1.0,0.00039079999999103165,0.0031910999999809064,0.10204520000002049,
iris,CoreSetSampler,,main,clean,0.0,24,0.2,30,0.8666666666666667,0.6981281862909945,0.676005958011242,0.0,0.0,0.0,0.06388601455216467,1.0,0.00104810000004818,0.008209500000020853,0.1261527000000342,
iris,CoreSetSampler,,main,clean,0.0,24,0.3,45,0.8933333333333333,0.7337944072126301,0.7276184569180799,0.0,0.0,0.0,0.0631983599985414,1.0,0.0024406999999655454,0.00854119999996783,0.15463579999993726,
iris,CoreSetSampler,,main,clean,0.0,25,0.05,7,0.8,0.5422469679550463,0.5332304975970988,0.0,0.0,0.0,0.2442771136733752,1.0,0.0007400000000643558,0.01051299999994626,0.052028400000040165,
iris,CoreSetSampler,,main,clean,0.0,25,0.1,15,0.76,0.47075113888000253,0.45724914645139975,0.0,0.0,0.0,0.1408521744664592,1.0,0.0010776999999961845,0.007310999999958767,0.07852580000007947,
iris,CoreSetSampler,,main,clean,0.0,25,0.15,22,0.8733333333333333,0.7060205214031219,0.6882069564720807,0.0,0.0,0.0,0.19421532233335728,1.0,0.0012691000000586428,0.009268500000075619,0.09768930000007003,
iris,CoreSetSampler,,main,clean,0.0,25,0.2,30,0.8866666666666667,0.7246031769163463,0.7141390614568589,0.0,0.0,0.0,0.07005982240481257,1.0,0.0005002999999987878,0.004759899999953632,0.11370069999998123,
iris,CoreSetSampler,,main,clean,0.0,25,0.3,45,0.9133333333333333,0.7657240393319231,0.7707383569303354,0.0,0.0,0.0,0.09721849157733731,1.0,0.002119800000059513,0.008223700000030476,0.14144890000000032,
iris,CoreSetSampler,,main,clean,0.0,26,0.05,7,0.8266666666666667,0.5774707987994665,0.5795609390941906,0.0,0.0,0.0,0.2606801706266465,0.75,0.00046299999996790575,0.008443499999998494,0.0465043000000378,
iris,CoreSetSampler,,main,clean,0.0,26,0.1,15,0.7733333333333333,0.5245016244410197,0.4951994373555712,0.0,0.0,0.0,0.12972321713455254,1.0,0.000467299999968418,0.003564399999959278,0.05937830000004851,
iris,CoreSetSampler,,main,clean,0.0,26,0.15,22,0.8533333333333334,0.6838063565338025,0.6529974105499732,0.0,0.0,0.0,0.14269079208610133,1.0,0.0008014999999659267,0.007015299999920899,0.0816084000000501,
iris,CoreSetSampler,,main,clean,0.0,26,0.2,30,0.88,0.7186593633920438,0.7015292412422846,0.0,0.0,0.0,0.1140647861416645,1.0,0.0007245999998986008,0.00748939999994036,0.10221599999999853,
iris,CoreSetSampler,,main,clean,0.0,26,0.3,45,0.9066666666666666,0.7549662813240526,0.7559915343224466,0.0,0.0,0.0,0.09747920057329994,1.0,0.0011216000000331405,0.004495199999951183,0.12163060000000314,
iris,CoreSetSampler,,main,clean,0.0,27,0.05,7,0.8066666666666666,0.6427245972931609,0.5860725797420568,0.0,0.0,0.0,0.26997200519976894,1.0,0.0005258999999568914,0.007548599999950056,0.04861570000002757,
iris,CoreSetSampler,,main,clean,0.0,27,0.1,15,0.78,0.6218063917127533,0.5555155288050936,0.0,0.0,0.0,0.1259969580088805,1.0,0.0007309000000077504,0.0039669999999887295,0.06408090000002176,
iris,CoreSetSampler,,main,clean,0.0,27,0.15,22,0.86,0.6890518004413542,0.6638956080488512,0.0,0.0,0.0,0.08998085161523285,1.0,0.00048529999992297235,0.0030920000000378423,0.07775880000008328,
iris,CoreSetSampler,,main,clean,0.0,27,0.2,30,0.8666666666666667,0.6967858730970384,0.6757362582358094,0.0,0.0,0.0,0.05988132888153787,1.0,0.0007636000000275089,0.0052831000000423955,0.10337720000006811,
iris,CoreSetSampler,,main,clean,0.0,27,0.3,45,0.8866666666666667,0.7246031769163463,0.7141390614568589,0.0,0.0,0.0,0.09183835069387444,1.0,0.002218200000015713,0.00897820000000138,0.13181889999998475,
iris,CoreSetSampler,,main,clean,0.0,28,0.05,7,0.86,0.6890518004413543,0.6638956080488512,0.0,0.0,0.0,0.24013758993192513,1.0,0.0009577000000717817,0.01261669999996684,0.07806770000001961,
iris,CoreSetSampler,,main,clean,0.0,28,0.1,15,0.8666666666666667,0.6967858730970384,0.6757362582358094,0.0,0.0,0.0,0.1627238131118812,1.0,0.0012278000000378597,0.010599800000022697,0.12226049999992483,
iris,CoreSetSampler,,main,clean,0.0,28,0.15,22,0.8733333333333333,0.706020521403122,0.6882069564720807,0.0,0.0,0.0,0.07677426594650065,1.0,0.0011210999999775595,0.019484900000065863,0.16795919999992748,
iris,CoreSetSampler,,main,clean,0.0,28,0.2,30,0.88,0.7144576477818988,0.7008666982225341,0.0,0.0,0.0,0.11299178224212181,1.0,0.0062387000000398984,0.015010800000027302,0.2251011999999264,
iris,CoreSetSampler,,main,clean,0.0,28,0.3,45,0.9066666666666666,0.7549662813240526,0.7559915343224466,0.0,0.0,0.0,0.0746074292329821,1.0,0.0025512999999364183,0.00978039999995417,0.2551899999999705,
iris,CoreSetSampler,,main,clean,0.0,29,0.05,7,0.7866666666666666,0.5600078144553412,0.5329217017544574,0.0,0.0,0.0,0.0738796852309104,1.0,0.0007361000000400963,0.05751969999994344,0.12901820000001862,
iris,CoreSetSampler,,main,clean,0.0,29,0.1,15,0.8266666666666667,0.5561272888067065,0.5721110260627874,0.0,0.0,0.0,0.09147717825894931,1.0,0.00042150000001583976,0.002398900000002868,0.14038589999995565,
iris,CoreSetSampler,,main,clean,0.0,29,0.15,22,0.82,0.5382518487595789,0.5557268552228546,0.0,0.0,0.0,0.11733113269005326,1.0,0.0010406999999759137,0.05077429999994365,0.2295289999999568,
iris,CoreSetSampler,,main,clean,0.0,29,0.2,30,0.8733333333333333,0.7060205214031219,0.6882069564720807,0.0,0.0,0.0,0.13092061603839383,1.0,0.0004486000000269996,0.014823400000068432,0.2619581000000153,
iris,CoreSetSampler,,main,clean,0.0,29,0.3,45,0.9133333333333333,0.7657240393319231,0.7707383569303354,0.0,0.0,0.0,0.06461143855717867,1.0,0.0027472999998963132,0.028051600000026156,0.32232999999996537,
iris,CoreSetSampler,,main,clean,0.1,0,0.05,7,0.8133333333333334,0.6163869328714771,0.5805991693093404,0.0,0.0,0.0,0.23555936864573693,1.0,0.00041860000010274234,0.00726200000008248,0.050020600000152626,
iris,CoreSetSampler,,main,clean,0.1,0,0.1,15,0.7933333333333333,0.5775054430854877,0.5484167030385106,0.0,0.0,0.0,0.1220877727979997,1.0,0.0010948999999982334,0.008061600000019098,0.07520660000000134,
iris,CoreSetSampler,,main,clean,0.1,0,0.15,22,0.76,0.554063462006264,0.5122530612244898,0.0,0.0,0.0,0.13128749638255996,1.0,0.0005137000000559055,0.0031295999999656487,0.08652189999997972,
iris,CoreSetSampler,,main,clean,0.1,0,0.2,30,0.74,0.528254402023781,0.48857018084459447,0.0,0.0,0.0,0.15745545632608804,1.0,0.0008980000000065047,0.0033492999998543382,0.11003990000017438,
iris,CoreSetSampler,,main,clean,0.1,0,0.3,45,0.8866666666666667,0.6783758144503824,0.7031577859461459,0.0,0.0,0.0,0.16156288972697427,1.0,0.002138799999784169,0.012115199999925608,0.14084780000007413,
iris,CoreSetSampler,,main,clean,0.1,1,0.05,7,0.84,0.6669659159546624,0.6306467921328158,0.0,0.0,0.0,0.16579907031506708,1.0,0.0007663000001230102,0.010433499999862761,0.06977710000001025,
iris,CoreSetSampler,,main,clean,0.1,1,0.1,15,0.86,0.6667942178225926,0.6553388354227947,0.0,0.0,0.0,0.1445196368726712,1.0,0.0005427000000963744,0.00312290000010762,0.08682150000004185,
iris,CoreSetSampler,,main,clean,0.1,1,0.15,22,0.86,0.6671148595914476,0.6560539098663816,0.0,0.0,0.0,0.09392433981999146,1.0,0.0008791000000201166,0.007814999999936845,0.10692979999998897,
iris,CoreSetSampler,,main,clean,0.1,1,0.2,30,0.86,0.6480212377368919,0.6529555012583979,0.0,0.0,0.0,0.12649338456468967,1.0,0.00040660000013303943,0.0026176999999734107,0.12311720000002424,
iris,CoreSetSampler,,main,clean,0.1,1,0.3,45,0.8933333333333333,0.6880052991588135,0.7165308822789475,0.0,0.0,0.0,0.11466017250501158,1.0,0.0038621999999577383,0.009855999999899723,0.15737820000003921,
iris,CoreSetSampler,,main,clean,0.1,2,0.05,7,0.8266666666666667,0.6313999435829638,0.6052526768370844,0.0,0.0,0.0,0.2256299591610323,1.0,0.002007499999990614,0.013283799999953771,0.07001320000017586,
iris,CoreSetSampler,,main,clean,0.1,2,0.1,15,0.8533333333333334,0.6623255075749594,0.6483858214764608,0.0,0.0,0.0,0.1046308127295878,1.0,0.0007307000000764674,0.012881000000106724,0.11200789999998051,
iris,CoreSetSampler,,main,clean,0.1,2,0.15,22,0.86,0.6535947635645508,0.6566131454940812,0.0,0.0,0.0,0.08960726792865359,1.0,0.0006115000001045701,0.011459699999932127,0.1422943000000032,
iris,CoreSetSampler,,main,clean,0.1,2,0.2,30,0.8533333333333334,0.6397694458853979,0.6435867204636659,0.0,0.0,0.0,0.10328237538186426,1.0,0.0010219999999208085,0.010877799999889248,0.1726889999999912,
iris,CoreSetSampler,,main,clean,0.1,2,0.3,45,0.8733333333333333,0.6660424111209998,0.6806002143622722,0.0,0.0,0.0,0.10952030844111874,1.0,0.0015257000000019616,0.006942299999991519,0.2001169000000118,
iris,CoreSetSampler,,main,clean,0.1,3,0.05,7,0.8266666666666667,0.5713089680145055,0.5698979092599237,0.0,0.0,0.0,0.13946778231030493,1.0,0.0006846999999652326,0.01110370000014882,0.06698419999997896,
iris,CoreSetSampler,,main,clean,0.1,3,0.1,15,0.8266666666666667,0.5864105218610103,0.5754401032804507,0.0,0.0,0.0,0.17330099432822324,0.875,0.00046059999999670254,0.006852900000012596,0.08438709999995808,
iris,CoreSetSampler,,main,clean,0.1,3,0.15,22,0.7666666666666667,0.5070424412219753,0.4839532647587955,0.0,0.0,0.0,0.13345811873894464,1.0,0.0010945999999876221,0.00667980000002899,0.10772359999987202,
iris,CoreSetSampler,,main,clean,0.1,3,0.2,30,0.8533333333333334,0.6304840660939149,0.6400335697611413,0.0,0.0,0.0,0.12150755758216197,1.0,0.0006407000000763219,0.011288499999864143,0.1325334999999086,
iris,CoreSetSampler,,main,clean,0.1,3,0.3,45,0.8733333333333333,0.6359722432248999,0.6714575061245754,0.0,0.0,0.0,0.13908668033664828,1.0,0.0014960000000883156,0.008629600000176652,0.15515529999993305,
iris,CoreSetSampler,,main,clean,0.1,4,0.05,7,0.7933333333333333,0.5620153521441397,0.5343288726765434,0.0,0.0,0.0,0.20021322027377042,1.0,0.0004888999999366206,0.006513599999834696,0.04800820000014028,
iris,CoreSetSampler,,main,clean,0.1,4,0.1,15,0.7666666666666667,0.47764100778074325,0.460479346583586,0.0,0.0,0.0,0.18586880663606214,1.0,0.0006909999999606953,0.005358799999839903,0.06558820000009291,
iris,CoreSetSampler,,main,clean,0.1,4,0.15,22,0.7466666666666667,0.43777411982506015,0.41632173833060093,0.0,0.0,0.0,0.1621232802415445,1.0,0.0009251000001313514,0.010116100000004735,0.08874390000005405,
iris,CoreSetSampler,,main,clean,0.1,4,0.2,30,0.76,0.45243269985120194,0.4582527175690959,0.0,0.0,0.0,0.11155528792908331,1.0,0.001399799999944662,0.0074749999998857675,0.11553849999995691,
iris,CoreSetSampler,,main,clean,0.1,4,0.3,45,0.8666666666666667,0.636487825991481,0.6583177351586256,0.0,0.0,0.0,0.1181802380921189,1.0,0.000876099999914004,0.0085247999998046,0.1388365000000249,
iris,CoreSetSampler,,main,clean,0.1,5,0.05,7,0.82,0.5743771906611427,0.5715124840405787,0.0,0.0,0.0,0.27008423553980654,1.0,0.0007513999998991494,0.01221480000003794,0.06845160000011674,
iris,CoreSetSampler,,main,clean,0.1,5,0.1,15,0.8133333333333334,0.5385638634172152,0.5486539745615036,0.0,0.0,0.0,0.08104325230350272,1.0,0.0012358999999833031,0.009471499999790467,0.10008970000012596,
iris,CoreSetSampler,,main,clean,0.1,5,0.15,22,0.78,0.46969883018435127,0.4852975970775011,0.0,0.0,0.0,0.11727408592548914,1.0,0.002370100000007369,0.01289849999989201,0.13756960000000618,
iris,CoreSetSampler,,main,clean,0.1,5,0.2,30,0.8466666666666667,0.6534678322974743,0.6370499584958517,0.0,0.0,0.0,0.1266329690981983,1.0,0.001382900000180598,0.011175900000125694,0.17808179999997265,
iris,CoreSetSampler,,main,clean,0.1,5,0.3,45,0.8666666666666667,0.6765249695266772,0.6718628639208437,0.0,0.0,0.0,0.09105643756600314,1.0,0.0033836000000064814,0.012999999999919964,0.21352330000013353,
iris,CoreSetSampler,,main,clean,0.1,7,0.05,7,0.84,0.6453214073223152,0.6259115926721882,0.0,0.0,0.0,0.1499627993956274,1.0,0.00045849999992242374,0.005682299999989482,0.06264740000005986,
iris,CoreSetSampler,,main,clean,0.1,7,0.1,15,0.8533333333333334,0.6384967962400661,0.6396619169645432,0.0,0.0,0.0,0.13739113795393426,1.0,0.0011232000001655251,0.009053600000015649,0.09875529999999344,
iris,CoreSetSampler,,main,clean,0.1,7,0.15,22,0.8666666666666667,0.6479402455560727,0.6613410934542999,0.0,0.0,0.0,0.0808702200407148,1.0,0.0010572000001047854,0.010168600000042716,0.12524600000006103,
iris,CoreSetSampler,,main,clean,0.1,7,0.2,30,0.8666666666666667,0.625732534450239,0.6580806988477228,0.0,0.0,0.0,0.11681839016724184,1.0,0.001629499999808104,0.0070963999999094085,0.1493212999998832,
iris,CoreSetSampler,,main,clean,0.1,7,0.3,45,0.8866666666666667,0.6575346336058158,0.6992453795137132,0.0,0.0,0.0,0.08265391533009483,1.0,0.0021426000000701606,0.007983099999819387,0.1806742999999642,
iris,CoreSetSampler,,main,clean,0.1,6,0.05,7,0.8133333333333334,0.5496726534034724,0.5484627395933646,0.0,0.0,0.0,0.15124163984864897,1.0,0.00048549999996794213,0.013365200000180266,0.06584330000009686,
iris,CoreSetSampler,,main,clean,0.1,6,0.1,15,0.78,0.4820446770860778,0.4806239957331774,0.0,0.0,0.0,0.17212932026635988,0.875,0.0011392999999770836,0.014224000000012893,0.10505480000006173,
iris,CoreSetSampler,,main,clean,0.1,6,0.15,22,0.7266666666666667,0.44703355094571273,0.4092034847625446,0.0,0.0,0.0,0.11885946623357764,1.0,0.0008916000001590874,0.016315400000166846,0.15311160000010204,
iris,CoreSetSampler,,main,clean,0.1,6,0.2,30,0.8466666666666667,0.5887844960043913,0.6166810194122585,0.0,0.0,0.0,0.14157443524129815,1.0,0.0008763999999246153,0.0194046999999955,0.1955199999999877,
iris,CoreSetSampler,,main,clean,0.1,6,0.3,45,0.88,0.6326913659789832,0.6809950297387525,0.0,0.0,0.0,0.119873170757298,1.0,0.0014257000000270637,0.011940300000105708,0.22517640000000938,
iris,CoreSetSampler,,main,clean,0.1,8,0.05,7,0.82,0.6254684690281429,0.5955308340911531,0.0,0.0,0.0,0.1572846310601085,1.0,0.001139400000056412,0.031085799999800656,0.07120439999994232,
iris,CoreSetSampler,,main,clean,0.1,8,0.1,15,0.7933333333333333,0.5796688356759457,0.5488576933663639,0.0,0.0,0.0,0.13830700581458072,1.0,0.0008124999999381544,0.003643199999942226,0.08874059999993733,
iris,CoreSetSampler,,main,clean,0.1,8,0.15,22,0.76,0.532487498540489,0.501600735322983,0.0,0.0,0.0,0.11024166964985484,1.0,0.0006018000001404289,0.0066867000000456756,0.10355569999978798,
iris,CoreSetSampler,,main,clean,0.1,8,0.2,30,0.76,0.508742345070879,0.4950342966743604,0.0,0.0,0.0,0.14123326158277186,1.0,0.00039790000005268666,0.002305900000010297,0.12139609999985623,
iris,CoreSetSampler,,main,clean,0.1,8,0.3,45,0.8866666666666667,0.6472348249883815,0.6947504755077853,0.0,0.0,0.0,0.14356066610840312,1.0,0.0021212999999988824,0.008796000000074855,0.14760879999994359,
iris,CoreSetSampler,,main,clean,0.1,9,0.05,7,0.7866666666666666,0.5637171754104086,0.5386071686540445,0.0,0.0,0.0,0.26222536836913146,1.0,0.0006891999998970277,0.010622900000043956,0.04058779999991202,
iris,CoreSetSampler,,main,clean,0.1,9,0.1,15,0.8066666666666666,0.5354389997908364,0.5410999754099808,0.0,0.0,0.0,0.09256451365971013,1.0,0.0011804000000665837,0.004980299999942872,0.06793130000005476,
iris,CoreSetSampler,,main,clean,0.1,9,0.15,22,0.8,0.4915440132768457,0.5151188359086426,0.0,0.0,0.0,0.11728454969581108,1.0,0.0009713000001738692,0.010448099999848637,0.10014430000001084,
iris,CoreSetSampler,,main,clean,0.1,9,0.2,30,0.7466666666666667,0.43799328958592654,0.44280512338699834,0.0,0.0,0.0,0.10322304594777298,1.0,0.0009660999999141495,0.012863299999935407,0.14028559999997015,
iris,CoreSetSampler,,main,clean,0.1,9,0.3,45,0.8533333333333334,0.6180999637944665,0.6326450961913738,0.0,0.0,0.0,0.1433523176089647,1.0,0.0019914999998036365,0.01835110000001805,0.17388869999990675,
iris,CoreSetSampler,,main,clean,0.1,10,0.05,7,0.8466666666666667,0.6504302200210541,0.6320867531640662,0.0,0.0,0.0,0.26883415156012797,1.0,0.0006882000000132393,0.009253899999976056,0.06065940000007686,
iris,CoreSetSampler,,main,clean,0.1,10,0.1,15,0.84,0.6228242549428668,0.6173687847182551,0.0,0.0,0.0,0.13461590336837578,1.0,0.0011477000000468252,0.010552500000130749,0.08637320000002546,
iris,CoreSetSampler,,main,clean,0.1,10,0.15,22,0.84,0.6241189369916205,0.6180920230057514,0.0,0.0,0.0,0.07622503839554233,1.0,0.0006269000000429514,0.004530899999963367,0.1024200000001656,
iris,CoreSetSampler,,main,clean,0.1,10,0.2,30,0.8466666666666667,0.6085125781884579,0.6203297458271603,0.0,0.0,0.0,0.0704904102410309,1.0,0.0006834000000708329,0.0044138000000657485,0.11983110000005581,
iris,CoreSetSampler,,main,clean,0.1,10,0.3,45,0.86,0.6279337253176916,0.6455518557313086,0.0,0.0,0.0,0.10266684743739504,1.0,0.0014842999999018502,0.00752850000003491,0.13777600000003076,
iris,CoreSetSampler,,main,clean,0.1,11,0.05,7,0.8066666666666666,0.5356664798758642,0.5444094428213122,0.0,0.0,0.0,0.27915181885498447,1.0,0.0004900999999790656,0.01538740000000871,0.07490209999991748,
iris,CoreSetSampler,,main,clean,0.1,11,0.1,15,0.7533333333333333,0.47320768032416344,0.45529204021734343,0.0,0.0,0.0,0.09982058480632612,1.0,0.0010882999999921594,0.0067917000001216365,0.10299099999997452,
iris,CoreSetSampler,,main,clean,0.1,11,0.15,22,0.8266666666666667,0.6149879833617092,0.5896788280728055,0.0,0.0,0.0,0.12349876803936718,1.0,0.0009294000001318636,0.007901199999878372,0.13451599999984865,
iris,CoreSetSampler,,main,clean,0.1,11,0.2,30,0.8466666666666667,0.617795341900856,0.6195000957124879,0.0,0.0,0.0,0.11558593669326461,1.0,0.0011030999999093183,0.014440300000160278,0.17142059999991943,
iris,CoreSetSampler,,main,clean,0.1,11,0.3,45,0.8733333333333333,0.6356536260175079,0.6666857050385051,0.0,0.0,0.0,0.06807933756425279,1.0,0.0020798000000468164,0.011364700000058292,0.2036476999999195,
iris,CoreSetSampler,,main,clean,0.1,12,0.05,7,0.8533333333333334,0.6429474732698418,0.6342166438002027,0.0,0.0,0.0,0.23120788630853067,0.75,0.0007052000000840053,0.009369299999889336,0.05530900000007932,
iris,CoreSetSampler,,main,clean,0.1,12,0.1,15,0.8066666666666666,0.51762033401171,0.5314218450780934,0.0,0.0,0.0,0.11312976233860454,1.0,0.0007315000000289729,0.008057299999791212,0.0843696000001728,
iris,CoreSetSampler,,main,clean,0.1,12,0.15,22,0.78,0.4827429494325595,0.4899967789748586,0.0,0.0,0.0,0.10464411154554654,1.0,0.0003689999998641724,0.003959199999826524,0.10806690000003982,
iris,CoreSetSampler,,main,clean,0.1,12,0.2,30,0.8533333333333334,0.6371592334790296,0.6358870589387196,0.0,0.0,0.0,0.07741856242464877,1.0,0.0007227000000966655,0.007390299999997296,0.13465960000007726,
iris,CoreSetSampler,,main,clean,0.1,12,0.3,45,0.8933333333333333,0.6773876035160598,0.7139803904763071,0.0,0.0,0.0,0.11199850786204825,1.0,0.0028107000000545668,0.016188699999929668,0.16953120000016497,
iris,CoreSetSampler,,main,clean,0.1,13,0.05,7,0.8333333333333334,0.6387789742287183,0.6155927892825557,0.0,0.0,0.0,0.15735395775199498,1.0,0.0006212000000687112,0.01074279999988903,0.05958920000011858,
iris,CoreSetSampler,,main,clean,0.1,13,0.1,15,0.8466666666666667,0.6398688933686753,0.6325431576828224,0.0,0.0,0.0,0.133127036911238,1.0,0.0005644000000302185,0.009754400000019814,0.08363840000015443,
iris,CoreSetSampler,,main,clean,0.1,13,0.15,22,0.8466666666666667,0.6313169459299575,0.6293063974161955,0.0,0.0,0.0,0.0904635373809705,1.0,0.0006333999999696971,0.008754599999974744,0.10549840000021504,
iris,CoreSetSampler,,main,clean,0.1,13,0.2,30,0.8533333333333334,0.6449088672179633,0.6425350020093934,0.0,0.0,0.0,0.14664472145065938,1.0,0.0007659999998850253,0.006233599999859507,0.12682920000020204,
iris,CoreSetSampler,,main,clean,0.1,13,0.3,45,0.8733333333333333,0.6517315387364282,0.6751065837862467,0.0,0.0,0.0,0.10785727729649015,1.0,0.0013304999999945721,0.011051400000042122,0.15605300000015632,
iris,CoreSetSampler,,main,clean,0.1,14,0.05,7,0.8266666666666667,0.5739979266102389,0.5710590418587337,0.0,0.0,0.0,0.13948179401754893,1.0,0.0009390999998686311,0.014015100000051461,0.08234010000001035,
iris,CoreSetSampler,,main,clean,0.1,14,0.1,15,0.78,0.5163218459701455,0.4922948670217071,0.0,0.0,0.0,0.1682295471100684,1.0,0.0007158999999319349,0.009881599999971513,0.10681100000010701,
iris,CoreSetSampler,,main,clean,0.1,14,0.15,22,0.8466666666666667,0.6196033551184092,0.6279369765775905,0.0,0.0,0.0,0.16967643205427527,1.0,0.0009724999999889405,0.01291569999989406,0.14300440000010894,
iris,CoreSetSampler,,main,clean,0.1,14,0.2,30,0.84,0.6038147217738908,0.6131876393531166,0.0,0.0,0.0,0.1337423429269926,1.0,0.0007011999998667306,0.006537199999911536,0.16006430000015825,
iris,CoreSetSampler,,main,clean,0.1,14,0.3,45,0.8666666666666667,0.6383999069497795,0.6613410934542999,0.0,0.0,0.0,0.11327833599927396,1.0,0.0009668000000147003,0.0053832999999485764,0.17582500000003165,
iris,CoreSetSampler,,main,clean,0.1,15,0.05,7,0.8133333333333334,0.5667392122144298,0.5614332892639322,0.0,0.0,0.0,0.24506451367028773,1.0,0.00045959999988554046,0.0066518000000996835,0.05156689999989794,
iris,CoreSetSampler,,main,clean,0.1,15,0.1,15,0.76,0.450335472026398,0.4514367346938776,0.0,0.0,0.0,0.10983380962762604,1.0,0.0005932999999913591,0.004719700000123339,0.0710461999999552,
iris,CoreSetSampler,,main,clean,0.1,15,0.15,22,0.7933333333333333,0.5037274015657893,0.5140942417344783,0.0,0.0,0.0,0.14127276722385665,1.0,0.0006162999998196028,0.008153799999945477,0.0967668999999205,
iris,CoreSetSampler,,main,clean,0.1,15,0.2,30,0.7733333333333333,0.5042496278204822,0.4885440794798091,0.0,0.0,0.0,0.07442221818265396,1.0,0.000651999999945474,0.00821589999986827,0.12567569999987427,
iris,CoreSetSampler,,main,clean,0.1,15,0.3,45,0.8933333333333333,0.6644488128993831,0.7081421792315231,0.0,0.0,0.0,0.12683374154479268,0.9333333333333333,0.0024069999999483116,0.014330000000200016,0.15662879999990764,
iris,CoreSetSampler,,main,clean,0.1,16,0.05,7,0.8333333333333334,0.5609663699027001,0.5853477402190412,0.0,0.0,0.0,0.23512101687141837,1.0,0.0004848999999467196,0.010256499999968582,0.05581580000011854,
iris,CoreSetSampler,,main,clean,0.1,16,0.1,15,0.82,0.508049306316927,0.5463001838392649,0.0,0.0,0.0,0.1337215818608808,1.0,0.0011151000001063949,0.0098500999999942,0.09273389999998471,
iris,CoreSetSampler,,main,clean,0.1,16,0.15,22,0.7933333333333333,0.5204088573644533,0.5146957269151913,0.0,0.0,0.0,0.13585210399108616,1.0,0.0017855999999483174,0.01682159999995747,0.14335060000007616,
iris,CoreSetSampler,,main,clean,0.1,16,0.2,30,0.8666666666666667,0.6649389489078741,0.6692776574753831,0.0,0.0,0.0,0.15681592372201336,1.0,0.000730999999859705,0.010177300000123068,0.17164270000012039,
iris,CoreSetSampler,,main,clean,0.1,16,0.3,45,0.8733333333333333,0.6604294895426819,0.6781595636061879,0.0,0.0,0.0,0.1018701704277072,1.0,0.001323599999977887,0.007588199999872813,0.19205260000012458,
iris,CoreSetSampler,,main,clean,0.1,17,0.05,7,0.84,0.591624277153846,0.6035368234804047,0.0,0.0,0.0,0.23896237921180816,1.0,0.000709099999994578,0.010749499999974432,0.07375759999990805,
iris,CoreSetSampler,,main,clean,0.1,17,0.1,15,0.8,0.4923521617171571,0.5114780649728453,0.0,0.0,0.0,0.1293298078950747,1.0,0.000965499999892927,0.010418300000083036,0.1088508999998794,
iris,CoreSetSampler,,main,clean,0.1,17,0.15,22,0.7933333333333333,0.4777723394818054,0.5006853916756066,0.0,0.0,0.0,0.1645737443598954,1.0,0.0010273000000324828,0.011028199999827848,0.1465731999999207,
iris,CoreSetSampler,,main,clean,0.1,17,0.2,30,0.86,0.6079726484263142,0.6420153944679445,0.0,0.0,0.0,0.1582448587199822,1.0,0.0007456999999249092,0.00936649999994188,0.17862990000003265,
iris,CoreSetSampler,,main,clean,0.1,17,0.3,45,0.88,0.6326913659789832,0.6809950297387525,0.0,0.0,0.0,0.11809020615621958,1.0,0.0014845000000605069,0.01284340000006523,0.2151798999998391,
iris,CoreSetSampler,,main,clean,0.1,18,0.05,7,0.8266666666666667,0.6334854311090563,0.6024338266912463,0.0,0.0,0.0,0.273873641911728,1.0,0.0007239999999910651,0.009573999999929583,0.07051830000000336,
iris,CoreSetSampler,,main,clean,0.1,18,0.1,15,0.78,0.5677686578603816,0.5334655415367707,0.0,0.0,0.0,0.12382488626630082,1.0,0.0011241999998219399,0.01222619999998642,0.10173970000005284,
iris,CoreSetSampler,,main,clean,0.1,18,0.15,22,0.76,0.5365349134844157,0.4989141328633575,0.0,0.0,0.0,0.13370260347493151,1.0,0.000626100000090446,0.004325200000039331,0.11828220000006695,
iris,CoreSetSampler,,main,clean,0.1,18,0.2,30,0.8666666666666667,0.6242485794147845,0.6520968726754488,0.0,0.0,0.0,0.20854358233577128,1.0,0.0011845999999877677,0.008421399999861023,0.14807150000001457,
iris,CoreSetSampler,,main,clean,0.1,18,0.3,45,0.8933333333333333,0.6648119030118734,0.7068064320314187,0.0,0.0,0.0,0.06717747962096829,1.0,0.003012200000057419,0.01604629999997087,0.18572290000020075,
iris,CoreSetSampler,,main,clean,0.1,19,0.05,7,0.8066666666666666,0.5360823957577608,0.5423925998543727,0.0,0.0,0.0,0.27380128808993104,0.75,0.0007534000001214736,0.012138099999901897,0.07365780000009181,
iris,CoreSetSampler,,main,clean,0.1,19,0.1,15,0.7733333333333333,0.4993787631512693,0.483927156287336,0.0,0.0,0.0,0.13063361429661852,1.0,0.0011724000000867818,0.0164346999999907,0.10971059999997124,
iris,CoreSetSampler,,main,clean,0.1,19,0.15,22,0.8466666666666667,0.6534531286418643,0.631943059687219,0.0,0.0,0.0,0.17537942709974644,1.0,0.001074300000027506,0.011771700000053897,0.14734790000011344,
iris,CoreSetSampler,,main,clean,0.1,19,0.2,30,0.8533333333333334,0.6662432768984098,0.6440394732038922,0.0,0.0,0.0,0.14400295239610017,1.0,0.002472000000125263,0.022381800000175645,0.1852232000001095,
iris,CoreSetSampler,,main,clean,0.1,19,0.3,45,0.8866666666666667,0.6879730563022696,0.7021731927629041,0.0,0.0,0.0,0.12282381276343791,1.0,0.0014034999999239517,0.005952399999841873,0.20523350000007667,
iris,CoreSetSampler,,main,clean,0.1,20,0.05,7,0.8266666666666667,0.6525582020084985,0.6100728505285608,0.0,0.0,0.0,0.2213593702958925,1.0,0.0004848999999467196,0.010477699999910328,0.06806899999992311,
iris,CoreSetSampler,,main,clean,0.1,20,0.1,15,0.8333333333333334,0.6374493564755735,0.6113288285532914,0.0,0.0,0.0,0.09925435027143344,1.0,0.0010651999998572137,0.009548999999879015,0.0969967999999426,
iris,CoreSetSampler,,main,clean,0.1,20,0.15,22,0.8333333333333334,0.6374493564755735,0.6113288285532914,0.0,0.0,0.0,0.12344340914424946,1.0,0.0006080000000565633,0.00546899999994821,0.12001719999989291,
iris,CoreSetSampler,,main,clean,0.1,20,0.2,30,0.84,0.6210166506570753,0.6123828290204621,0.0,0.0,0.0,0.11896899891590969,1.0,0.0007057999998778541,0.007393999999976586,0.1441780000000108,
iris,CoreSetSampler,,main,clean,0.1,20,0.3,45,0.88,0.6735848421199058,0.6876718179753059,0.0,0.0,0.0,0.13133076081591757,1.0,0.0027904999999464053,0.008007399999996778,0.17506780000007893,
iris,CoreSetSampler,,main,clean,0.1,21,0.05,7,0.8266666666666667,0.6029666239821404,0.5817582235344173,0.0,0.0,0.0,0.12594910036793153,1.0,0.000496600000133185,0.01072030000000268,0.05556449999994584,
iris,CoreSetSampler,,main,clean,0.1,21,0.1,15,0.7733333333333333,0.4754736450298744,0.4634261597875149,0.0,0.0,0.0,0.14953219554941077,1.0,0.002619200000026467,0.005753200000071956,0.07694449999985409,
iris,CoreSetSampler,,main,clean,0.1,21,0.15,22,0.7133333333333334,0.3966978814391628,0.36474301844971396,0.0,0.0,0.0,0.10500198963243493,1.0,0.0006201999999575492,0.008392500000127256,0.10743119999983719,
iris,CoreSetSampler,,main,clean,0.1,21,0.2,30,0.8533333333333334,0.6285723878918537,0.6398340147479038,0.0,0.0,0.0,0.13651479723945786,1.0,0.0010707000001275446,0.01590210000017578,0.14567379999994046,
iris,CoreSetSampler,,main,clean,0.1,21,0.3,45,0.88,0.6583607005308112,0.6878883401774998,0.0,0.0,0.0,0.11135527119813006,1.0,0.002742900000157533,0.012193300000035379,0.17708919999995487,
iris,CoreSetSampler,,main,clean,0.1,22,0.05,7,0.8266666666666667,0.574367745888004,0.5733378325452937,0.0,0.0,0.0,0.22857468342590473,1.0,0.0006628999999520602,0.009599600000001374,0.05570809999994708,
iris,CoreSetSampler,,main,clean,0.1,22,0.1,15,0.7933333333333333,0.5841029700406445,0.5565980056378874,0.0,0.0,0.0,0.1026707576531948,1.0,0.001064200000200799,0.009377900000117734,0.08289650000006077,
iris,CoreSetSampler,,main,clean,0.1,22,0.15,22,0.7533333333333333,0.5278874624298341,0.5003377905372433,0.0,0.0,0.0,0.15872212424607532,1.0,0.0003937999999834574,0.003312100000130158,0.09709010000005946,
iris,CoreSetSampler,,main,clean,0.1,22,0.2,30,0.8466666666666667,0.6100103415694468,0.6237296986361727,0.0,0.0,0.0,0.1708351722134355,1.0,0.00043159999995623366,0.005365299999994022,0.11641959999997198,
iris,CoreSetSampler,,main,clean,0.1,22,0.3,45,0.8666666666666667,0.6170475460796859,0.6550644446983422,0.0,0.0,0.0,0.09988079979528054,1.0,0.002185600000075283,0.009665199999972174,0.1404935000000478,
iris,CoreSetSampler,,main,clean,0.1,23,0.05,7,0.7866666666666666,0.5404118802521222,0.526872773567879,0.0,0.0,0.0,0.09212687747959036,1.0,0.0005123999999341322,0.014823200000137149,0.06381959999998799,
iris,CoreSetSampler,,main,clean,0.1,23,0.1,15,0.7333333333333333,0.463036997142605,0.4472727174622702,0.0,0.0,0.0,0.08076206501040684,1.0,0.0006785000000490982,0.008616299999857802,0.08292649999998503,
iris,CoreSetSampler,,main,clean,0.1,23,0.15,22,0.8,0.4915440132768457,0.5151188359086426,0.0,0.0,0.0,0.1723300278240327,1.0,0.0005554999997912091,0.004006500000059532,0.10641110000005938,
iris,CoreSetSampler,,main,clean,0.1,23,0.2,30,0.8333333333333334,0.61393291144368,0.6013768127763005,0.0,0.0,0.0,0.12298097599401536,1.0,0.0006843000001026667,0.0078117000000474945,0.14603540000007342,
iris,CoreSetSampler,,main,clean,0.1,23,0.3,45,0.88,0.6593734667142648,0.6856322284127482,0.0,0.0,0.0,0.06665838872955375,1.0,0.0022688000001380715,0.031785899999931644,0.2013445000000047,
iris,CoreSetSampler,,main,clean,0.1,24,0.05,7,0.82,0.6467113936056552,0.6006861021484542,0.0,0.0,0.0,0.2654369578542335,1.0,0.00048050000009425275,0.00501099999996768,0.05119179999996959,
iris,CoreSetSampler,,main,clean,0.1,24,0.1,15,0.78,0.5929844728325003,0.5457063900182556,0.0,0.0,0.0,0.08179614998040122,1.0,0.0010361999998167448,0.00854620000018258,0.07587880000005498,
iris,CoreSetSampler,,main,clean,0.1,24,0.15,22,0.7533333333333333,0.5779841315720287,0.5211891156573412,0.0,0.0,0.0,0.20255339420906,1.0,0.0009757999998782907,0.007524899999907575,0.10098370000014256,
iris,CoreSetSampler,,main,clean,0.1,24,0.2,30,0.84,0.6333612340938586,0.6234003779788801,0.0,0.0,0.0,0.11123664618197171,1.0,0.0010441000001719658,0.006825800000115123,0.12886870000011186,
iris,CoreSetSampler,,main,clean,0.1,24,0.3,45,0.8666666666666667,0.6522052099650559,0.6655531669044029,0.0,0.0,0.0,0.06199850779655564,1.0,0.0022185000000263244,0.009247899999991205,0.15816570000015417,
iris,CoreSetSampler,,main,clean,0.1,26,0.05,7,0.82,0.5585116039376451,0.5664568166002661,0.0,0.0,0.0,0.2606801706266465,0.75,0.0003133999998681247,0.0055683000000499305,0.038360000000011496,
iris,CoreSetSampler,,main,clean,0.1,26,0.1,15,0.7733333333333333,0.5041704078907557,0.49016781949735777,0.0,0.0,0.0,0.1076257912613956,1.0,0.0007063999998990766,0.002793199999814533,0.05213720000006106,
iris,CoreSetSampler,,main,clean,0.1,26,0.15,22,0.84,0.6313998975752932,0.6174841237670585,0.0,0.0,0.0,0.11036799836196953,1.0,0.0006324000000859087,0.003616599999986647,0.0770190000000639,
iris,CoreSetSampler,,main,clean,0.1,26,0.2,30,0.8533333333333334,0.6199897408970204,0.6330014360027769,0.0,0.0,0.0,0.11946996283578148,1.0,0.000419899999997142,0.010174100000085673,0.099808400000029,
iris,CoreSetSampler,,main,clean,0.1,26,0.3,45,0.8733333333333333,0.6474524049591844,0.671685268934281,0.0,0.0,0.0,0.11244945890084006,1.0,0.001399600000013379,0.005416900000000169,0.11756390000005013,
iris,CoreSetSampler,,main,clean,0.1,25,0.05,7,0.8133333333333334,0.5365670534315727,0.5471051006144143,0.0,0.0,0.0,0.2442771136733752,1.0,0.0007525000000896398,0.009234599999899729,0.04358789999992041,
iris,CoreSetSampler,,main,clean,0.1,25,0.1,15,0.78,0.4490379244952741,0.47478610327718757,0.0,0.0,0.0,0.1182830425483872,1.0,0.0007187999999587191,0.004658800000015617,0.059755600000016784,
iris,CoreSetSampler,,main,clean,0.1,25,0.15,22,0.8533333333333334,0.659457035697418,0.6443972111505024,0.0,0.0,0.0,0.17865196570661027,1.0,0.0006005000000186556,0.004321500000060041,0.07785730000000513,
iris,CoreSetSampler,,main,clean,0.1,25,0.2,30,0.8666666666666667,0.6626649557996809,0.6611443898564208,0.0,0.0,0.0,0.07330462140539172,1.0,0.0010068000001410837,0.010204299999941213,0.10747590000005403,
iris,CoreSetSampler,,main,clean,0.1,25,0.3,45,0.8866666666666667,0.6925310855020607,0.7022646986409632,0.0,0.0,0.0,0.12038682731948555,1.0,0.002161600000135877,0.008970900000122128,0.13433250000002772,
iris,CoreSetSampler,,main,clean,0.1,27,0.05,7,0.7866666666666666,0.5984732603516429,0.5473439141421311,0.0,0.0,0.0,0.26997200519976894,1.0,0.00031620000004295434,0.004635900000039328,0.04289700000003904,
iris,CoreSetSampler,,main,clean,0.1,27,0.1,15,0.78,0.5758032292553654,0.5357394041841319,0.0,0.0,0.0,0.12354517571277773,1.0,0.001107999999931053,0.008360099999890735,0.06798509999998714,
iris,CoreSetSampler,,main,clean,0.1,27,0.15,22,0.74,0.5233937996749457,0.48557866653724874,0.0,0.0,0.0,0.07578839259812815,1.0,0.0003960999999890191,0.003495100000009188,0.08049710000000232,
iris,CoreSetSampler,,main,clean,0.1,27,0.2,30,0.86,0.6185349765071879,0.6432910444115109,0.0,0.0,0.0,0.10691856880980796,1.0,0.00105729999995674,0.007644999999911306,0.09842620000017632,
iris,CoreSetSampler,,main,clean,0.1,27,0.3,45,0.88,0.6409081449075434,0.6805904578043691,0.0,0.0,0.0,0.08023936185169254,1.0,0.0014188000000103784,0.003345199999785109,0.11964370000009694,
iris,CoreSetSampler,,main,clean,0.1,28,0.05,7,0.8333333333333334,0.6374460691634961,0.6150593632278577,0.0,0.0,0.0,0.24013758993192513,1.0,0.00033080000002883025,0.0038838999998915824,0.045085599999993065,
iris,CoreSetSampler,,main,clean,0.1,28,0.1,15,0.8733333333333333,0.6713505376676274,0.6773514269171891,0.0,0.0,0.0,0.16682581863908563,1.0,0.0005456999999751133,0.008810899999843969,0.06251849999989645,
iris,CoreSetSampler,,main,clean,0.1,28,0.15,22,0.8466666666666667,0.6111197652087618,0.6236898342687051,0.0,0.0,0.0,0.08981527054645032,1.0,0.0011115999998310144,0.0062800000000606815,0.08467469999982313,
iris,CoreSetSampler,,main,clean,0.1,28,0.2,30,0.8533333333333334,0.6194917417492202,0.636697549625556,0.0,0.0,0.0,0.1145009039280765,1.0,0.00043370000003051246,0.005050400000072841,0.09780939999996008,
iris,CoreSetSampler,,main,clean,0.1,28,0.3,45,0.8733333333333333,0.6374353384854512,0.6722701641626292,0.0,0.0,0.0,0.08316049454218157,1.0,0.001445299999886629,0.004825099999834492,0.11790579999978945,
iris,CoreSetSampler,,main,clean,0.1,29,0.05,7,0.8,0.5622015237925836,0.5478619574521191,0.0,0.0,0.0,0.0738796852309104,1.0,0.0005287999999836757,0.016328800000110277,0.07130929999993896,
iris,CoreSetSampler,,main,clean,0.1,29,0.1,15,0.82,0.538053861812525,0.5583720952315065,0.0,0.0,0.0,0.08532555717729856,1.0,0.0007551999999577674,0.0044407000000319385,0.10273449999999684,
iris,CoreSetSampler,,main,clean,0.1,29,0.15,22,0.8,0.488245091386449,0.5170783356503185,0.0,0.0,0.0,0.10269635686716226,1.0,0.0006115000001045701,0.009731999999985419,0.13225979999992887,
iris,CoreSetSampler,,main,clean,0.1,29,0.2,30,0.76,0.4601464831984868,0.4550979479899421,0.0,0.0,0.0,0.11810954296466934,1.0,0.0012719999999717402,0.013718400000016118,0.18969190000007075,
iris,CoreSetSampler,,main,clean,0.1,29,0.3,45,0.8733333333333333,0.6720555078391849,0.6739801212200333,0.0,0.0,0.0,0.12736234554244114,1.0,0.032313799999883486,0.01911870000003546,0.25805579999996553,
iris,CoreSetSampler,,main,clean,0.2,0,0.05,7,0.8133333333333334,0.6163869328714771,0.5805991693093404,0.0,0.0,0.0,0.23555936864573693,1.0,0.00047519999998257845,0.008088300000054005,0.0416931999998269,
iris,CoreSetSampler,,main,clean,0.2,0,0.1,15,0.7933333333333333,0.5775054430854877,0.5484167030385106,0.0,0.0,0.0,0.1220877727979997,1.0,0.000974499999983891,0.007682700000032128,0.058575599999812766,
iris,CoreSetSampler,,main,clean,0.2,0,0.15,22,0.76,0.554063462006264,0.5122530612244898,0.0,0.0,0.0,0.13128749638255996,1.0,0.0009242000000995176,0.005140900000014881,0.07719239999983074,
iris,CoreSetSampler,,main,clean,0.2,0,0.2,30,0.74,0.528254402023781,0.48857018084459447,0.0,0.0,0.0,0.15745545632608804,1.0,0.00044959999991078803,0.002609699999993609,0.09101329999998597,
iris,CoreSetSampler,,main,clean,0.2,0,0.3,45,0.8666666666666667,0.6447511902754198,0.6614175155740681,0.0,0.0,0.0,0.16156288972697427,1.0,0.0021446999999170657,0.008586100000002261,0.11365519999981188,
iris,CoreSetSampler,,main,clean,0.2,1,0.05,7,0.84,0.6669659159546624,0.6306467921328158,0.0,0.0,0.0,0.16579907031506708,1.0,0.0004651000001558714,0.00512750000007145,0.05104810000011639,
iris,CoreSetSampler,,main,clean,0.2,1,0.1,15,0.86,0.6667942178225926,0.6553388354227947,0.0,0.0,0.0,0.1445196368726712,1.0,0.0010832000000391417,0.007522499999822685,0.0768970999999965,
iris,CoreSetSampler,,main,clean,0.2,1,0.15,22,0.86,0.6671148595914476,0.6560539098663816,0.0,0.0,0.0,0.09392433981999146,1.0,0.0010162999999465683,0.009053300000005038,0.10015090000001692,
iris,CoreSetSampler,,main,clean,0.2,1,0.2,30,0.86,0.6480212377368919,0.6529555012583979,0.0,0.0,0.0,0.12649338456468967,1.0,0.00040460000013808894,0.0025949999999284046,0.11290690000009818,
iris,CoreSetSampler,,main,clean,0.2,1,0.3,45,0.88,0.6409523620225038,0.6797868045558904,0.0,0.0,0.0,0.11466017250501158,1.0,0.0013989000001402019,0.004665400000021691,0.12660940000000664,
iris,CoreSetSampler,,main,clean,0.2,2,0.05,7,0.8266666666666667,0.6313999435829638,0.6052526768370844,0.0,0.0,0.0,0.2256299591610323,1.0,0.00036210000007486087,0.0194635999998809,0.07651250000003529,
iris,CoreSetSampler,,main,clean,0.2,2,0.1,15,0.8533333333333334,0.6623255075749594,0.6483858214764608,0.0,0.0,0.0,0.1046308127295878,1.0,0.0004543000000012398,0.04382439999994858,0.12909110000009605,
iris,CoreSetSampler,,main,clean,0.2,2,0.15,22,0.86,0.6535947635645508,0.6566131454940812,0.0,0.0,0.0,0.08960726792865359,1.0,0.000392800000099669,0.004102699999975812,0.14135179999993852,
iris,CoreSetSampler,,main,clean,0.2,2,0.2,30,0.8533333333333334,0.6397694458853979,0.6435867204636659,0.0,0.0,0.0,0.10328237538186426,1.0,0.00041650000002846355,0.004065200000013647,0.21036019999996824,
iris,CoreSetSampler,,main,clean,0.2,2,0.3,45,0.8866666666666667,0.6589006408825796,0.6990070852569017,0.0,0.0,0.0,0.10952030844111874,1.0,0.09697049999999763,0.09344810000015968,0.4677134000000933,
iris,CoreSetSampler,,main,clean,0.2,3,0.05,7,0.8266666666666667,0.5713089680145055,0.5698979092599237,0.0,0.0,0.0,0.13946778231030493,1.0,0.0007408000001305481,0.01052439999989474,0.06328060000009827,
iris,CoreSetSampler,,main,clean,0.2,3,0.1,15,0.8266666666666667,0.5864105218610103,0.5754401032804507,0.0,0.0,0.0,0.17330099432822324,0.875,0.0009912000000440457,0.010834500000100888,0.09590339999999742,
iris,CoreSetSampler,,main,clean,0.2,3,0.15,22,0.7666666666666667,0.5070424412219753,0.4839532647587955,0.0,0.0,0.0,0.13345811873894464,1.0,0.0010179999999309075,0.010671400000092035,0.12870790000010857,
iris,CoreSetSampler,,main,clean,0.2,3,0.2,30,0.8533333333333334,0.6304840660939149,0.6400335697611413,0.0,0.0,0.0,0.12150755758216197,1.0,0.000605299999961062,0.16856649999999718,0.31051819999993313,
iris,CoreSetSampler,,main,clean,0.2,3,0.3,45,0.8533333333333334,0.5971649437025638,0.6295572837019124,0.0,0.0,0.0,0.13908668033664828,1.0,0.0012649999998757266,0.007369899999957852,0.3513891000000058,
iris,CoreSetSampler,,main,clean,0.2,4,0.05,7,0.7933333333333333,0.5620153521441397,0.5343288726765434,0.0,0.0,0.0,0.20021322027377042,1.0,0.0007008000000041648,0.005813499999931082,0.059198299999934534,
iris,CoreSetSampler,,main,clean,0.2,4,0.1,15,0.7666666666666667,0.47764100778074325,0.460479346583586,0.0,0.0,0.0,0.18586880663606214,1.0,0.0007548999999471562,0.005965300000070783,0.08785979999993287,
iris,CoreSetSampler,,main,clean,0.2,4,0.15,22,0.7466666666666667,0.43777411982506015,0.41632173833060093,0.0,0.0,0.0,0.1621232802415445,1.0,0.0010141000000203348,0.012388999999984662,0.12365220000015142,
iris,CoreSetSampler,,main,clean,0.2,4,0.2,30,0.76,0.45243269985120194,0.4582527175690959,0.0,0.0,0.0,0.11155528792908331,1.0,0.0008479000000534143,0.010152200000220546,0.15706569999997555,
iris,CoreSetSampler,,main,clean,0.2,4,0.3,45,0.8533333333333334,0.619917280162791,0.6332555414815207,0.0,0.0,0.0,0.1181802380921189,1.0,0.0034871999998813408,0.012283100000104241,0.19329629999992903,
iris,CoreSetSampler,,main,clean,0.2,5,0.05,7,0.82,0.5743771906611427,0.5715124840405787,0.0,0.0,0.0,0.27008423553980654,1.0,0.0008772000001044944,0.011641700000154742,0.12110349999989012,
iris,CoreSetSampler,,main,clean,0.2,5,0.1,15,0.8133333333333334,0.5385638634172152,0.5486539745615036,0.0,0.0,0.0,0.08104325230350272,1.0,0.0018743000000540633,0.024492999999893073,0.19730439999989358,
iris,CoreSetSampler,,main,clean,0.2,5,0.15,22,0.78,0.46969883018435127,0.4852975970775011,0.0,0.0,0.0,0.11727408592548914,1.0,0.0024223000000347383,0.009702000000061162,0.2406177000000298,
iris,CoreSetSampler,,main,clean,0.2,5,0.2,30,0.8466666666666667,0.6534678322974743,0.6370499584958517,0.0,0.0,0.0,0.1266329690981983,1.0,0.0006934000000455853,0.028463300000112213,0.33659399999987727,
iris,CoreSetSampler,,main,clean,0.2,5,0.3,45,0.8533333333333334,0.6383906175843894,0.6395842596256216,0.0,0.0,0.0,0.09105643756600314,1.0,0.0012300999999297346,0.01797790000000532,0.3926446999998916,
iris,CoreSetSampler,,main,clean,0.2,6,0.05,7,0.8133333333333334,0.5496726534034724,0.5484627395933646,0.0,0.0,0.0,0.15124163984864897,1.0,0.0008283999998184299,0.019099100000175895,0.12611519999995835,
iris,CoreSetSampler,,main,clean,0.2,6,0.1,15,0.78,0.4820446770860778,0.4806239957331774,0.0,0.0,0.0,0.17212932026635988,0.875,0.0019962999999734166,0.019080900000062684,0.16647159999979522,
iris,CoreSetSampler,,main,clean,0.2,6,0.15,22,0.7266666666666667,0.44703355094571273,0.4092034847625446,0.0,0.0,0.0,0.11885946623357764,1.0,0.0004147000001921697,0.027624500000001717,0.2050526999998965,
iris,CoreSetSampler,,main,clean,0.2,6,0.2,30,0.8466666666666667,0.5887844960043913,0.6166810194122585,0.0,0.0,0.0,0.14157443524129815,1.0,0.0010945999999876221,0.027996200000188765,0.2603357999998934,
iris,CoreSetSampler,,main,clean,0.2,6,0.3,45,0.86,0.5968619270085189,0.6390288824231146,0.0,0.0,0.0,0.119873170757298,1.0,0.0008811999998670217,0.00893080000014379,0.27751629999988836,
iris,CoreSetSampler,,main,clean,0.2,7,0.05,7,0.84,0.6453214073223152,0.6259115926721882,0.0,0.0,0.0,0.1499627993956274,1.0,0.0003263000000970351,0.0043114000000059605,0.09115509999992355,
iris,CoreSetSampler,,main,clean,0.2,7,0.1,15,0.8533333333333334,0.6384967962400661,0.6396619169645432,0.0,0.0,0.0,0.13739113795393426,1.0,0.001228299999866067,0.01933880000001409,0.23213480000003983,
iris,CoreSetSampler,,main,clean,0.2,7,0.15,22,0.8666666666666667,0.6479402455560727,0.6613410934542999,0.0,0.0,0.0,0.0808702200407148,1.0,0.001206799999863506,0.011519099999986793,0.33526019999999335,
iris,CoreSetSampler,,main,clean,0.2,7,0.2,30,0.8666666666666667,0.625732534450239,0.6580806988477228,0.0,0.0,0.0,0.11681839016724184,1.0,0.001398200000039651,0.023287600000003295,0.384926299999961,
iris,CoreSetSampler,,main,clean,0.2,7,0.3,45,0.8733333333333333,0.625675531637794,0.6658752143516686,0.0,0.0,0.0,0.08265391533009483,1.0,0.0008723000000827597,0.0030259999998634157,0.3956897000000481,
iris,CoreSetSampler,,main,clean,0.2,9,0.05,7,0.7866666666666666,0.5637171754104086,0.5386071686540445,0.0,0.0,0.0,0.26222536836913146,1.0,0.0006905000000188011,0.0129253999998582,0.05089140000018233,
iris,CoreSetSampler,,main,clean,0.2,9,0.1,15,0.8066666666666666,0.5354389997908364,0.5410999754099808,0.0,0.0,0.0,0.09256451365971013,1.0,0.0011315000001559383,0.00798520000012104,0.08572490000005928,
iris,CoreSetSampler,,main,clean,0.2,9,0.15,22,0.8,0.4915440132768457,0.5151188359086426,0.0,0.0,0.0,0.11728454969581108,1.0,0.0006278999999267398,0.011829499999976179,0.11934600000017781,
iris,CoreSetSampler,,main,clean,0.2,9,0.2,30,0.7466666666666667,0.43799328958592654,0.44280512338699834,0.0,0.0,0.0,0.10322304594777298,1.0,0.0012229999999817665,0.012505599999940387,0.15502060000017082,
iris,CoreSetSampler,,main,clean,0.2,9,0.3,45,0.86,0.6045683480511042,0.6375080403123925,0.0,0.0,0.0,0.1433523176089647,1.0,0.0019419000000198139,0.014459100000067338,0.19047230000001036,
iris,CoreSetSampler,,main,clean,0.2,8,0.05,7,0.82,0.6254684690281429,0.5955308340911531,0.0,0.0,0.0,0.1572846310601085,1.0,0.0006988999998611689,0.03185680000001412,0.08857130000001234,
iris,CoreSetSampler,,main,clean,0.2,8,0.1,15,0.7933333333333333,0.5796688356759457,0.5488576933663639,0.0,0.0,0.0,0.13830700581458072,1.0,0.0013019000000440428,0.00969529999997576,0.1186176000001069,
iris,CoreSetSampler,,main,clean,0.2,8,0.15,22,0.76,0.532487498540489,0.501600735322983,0.0,0.0,0.0,0.11024166964985484,1.0,0.0009641999999985273,0.010171300000138217,0.14544539999997141,
iris,CoreSetSampler,,main,clean,0.2,8,0.2,30,0.76,0.508742345070879,0.4950342966743604,0.0,0.0,0.0,0.14123326158277186,1.0,0.0009932000000389962,0.007327399999894624,0.17175889999998617,
iris,CoreSetSampler,,main,clean,0.2,8,0.3,45,0.8733333333333333,0.6096337019056102,0.6617459457036073,0.0,0.0,0.0,0.14356066610840312,1.0,0.002115300000014031,0.00942950000012388,0.1994448000000375,
iris,CoreSetSampler,,main,clean,0.2,10,0.05,7,0.8466666666666667,0.6504302200210541,0.6320867531640662,0.0,0.0,0.0,0.26883415156012797,1.0,0.0005167999997865991,0.007511300000032861,0.07814889999986008,
iris,CoreSetSampler,,main,clean,0.2,10,0.1,15,0.84,0.6228242549428668,0.6173687847182551,0.0,0.0,0.0,0.13461590336837578,1.0,0.001073099999985061,0.00805450000007113,0.10473939999997128,
iris,CoreSetSampler,,main,clean,0.2,10,0.15,22,0.84,0.6241189369916205,0.6180920230057514,0.0,0.0,0.0,0.07622503839554233,1.0,0.0009494000000813685,0.007025299999895651,0.1313023999998677,
iris,CoreSetSampler,,main,clean,0.2,10,0.2,30,0.8466666666666667,0.6085125781884579,0.6203297458271603,0.0,0.0,0.0,0.0704904102410309,1.0,0.0006952000001092529,0.00544779999995626,0.1512553999998545,
iris,CoreSetSampler,,main,clean,0.2,10,0.3,45,0.84,0.581350859724021,0.603042369554024,0.0,0.0,0.0,0.10266684743739504,1.0,0.0021143000001302426,0.007953100000122504,0.17690079999988484,
iris,CoreSetSampler,,main,clean,0.2,11,0.05,7,0.8066666666666666,0.5356664798758642,0.5444094428213122,0.0,0.0,0.0,0.27915181885498447,1.0,0.0004740000001675071,0.005992699999978868,0.039664700000002995,
iris,CoreSetSampler,,main,clean,0.2,11,0.1,15,0.7533333333333333,0.47320768032416344,0.45529204021734343,0.0,0.0,0.0,0.09982058480632612,1.0,0.0010822000001553533,0.006730199999992692,0.06152679999991051,
iris,CoreSetSampler,,main,clean,0.2,11,0.15,22,0.8266666666666667,0.6149879833617092,0.5896788280728055,0.0,0.0,0.0,0.12349876803936718,1.0,0.0006128999998509244,0.004890400000022055,0.07799470000009023,
iris,CoreSetSampler,,main,clean,0.2,11,0.2,30,0.8466666666666667,0.617795341900856,0.6195000957124879,0.0,0.0,0.0,0.11558593669326461,1.0,0.0006598999998459476,0.006979600000022401,0.1006300999999894,
iris,CoreSetSampler,,main,clean,0.2,11,0.3,45,0.86,0.5942729464410594,0.6318346055045373,0.0,0.0,0.0,0.06807933756425279,1.0,0.0020698999999240186,0.010260999999900378,0.1278505000000223,
iris,CoreSetSampler,,main,clean,0.2,12,0.05,7,0.8533333333333334,0.6429474732698418,0.6342166438002027,0.0,0.0,0.0,0.23120788630853067,0.75,0.00044920000004822214,0.005468300000075033,0.04275729999994837,
iris,CoreSetSampler,,main,clean,0.2,12,0.1,15,0.8066666666666666,0.51762033401171,0.5314218450780934,0.0,0.0,0.0,0.11312976233860454,1.0,0.0005194000000301457,0.005284099999926184,0.060958199999959106,
iris,CoreSetSampler,,main,clean,0.2,12,0.15,22,0.78,0.4827429494325595,0.4899967789748586,0.0,0.0,0.0,0.10464411154554654,1.0,0.0006541000000197528,0.004846999999926993,0.07740510000007816,
iris,CoreSetSampler,,main,clean,0.2,12,0.2,30,0.8533333333333334,0.6371592334790296,0.6358870589387196,0.0,0.0,0.0,0.07741856242464877,1.0,0.000423899999987043,0.00541020000014214,0.09512459999996281,
iris,CoreSetSampler,,main,clean,0.2,12,0.3,45,0.88,0.6446548855734211,0.680194884685067,0.0,0.0,0.0,0.11199850786204825,1.0,0.002249600000141072,0.008276699999896664,0.1245673999999326,
iris,CoreSetSampler,,main,clean,0.2,13,0.05,7,0.8333333333333334,0.6387789742287183,0.6155927892825557,0.0,0.0,0.0,0.15735395775199498,1.0,0.0016347000000678236,0.018882300000086616,0.11844199999995908,
iris,CoreSetSampler,,main,clean,0.2,13,0.1,15,0.8466666666666667,0.6398688933686753,0.6325431576828224,0.0,0.0,0.0,0.133127036911238,1.0,0.0010654000000158703,0.011969899999940026,0.15978689999997187,
iris,CoreSetSampler,,main,clean,0.2,13,0.15,22,0.8466666666666667,0.6313169459299575,0.6293063974161955,0.0,0.0,0.0,0.0904635373809705,1.0,0.0009562000000187254,0.014594900000020061,0.19580219999988913,
iris,CoreSetSampler,,main,clean,0.2,13,0.2,30,0.8533333333333334,0.6449088672179633,0.6425350020093934,0.0,0.0,0.0,0.14664472145065938,1.0,0.0011325000000397267,0.012933699999848614,0.23967479999987518,
iris,CoreSetSampler,,main,clean,0.2,13,0.3,45,0.8533333333333334,0.5959931151325485,0.6285549887567564,0.0,0.0,0.0,0.10785727729649015,1.0,0.0021444999999857828,0.011079300000119474,0.275081499999942,
iris,CoreSetSampler,,main,clean,0.2,14,0.05,7,0.8266666666666667,0.5739979266102389,0.5710590418587337,0.0,0.0,0.0,0.13948179401754893,1.0,0.000578200000063589,0.008319799999981115,0.09910960000001978,
iris,CoreSetSampler,,main,clean,0.2,14,0.1,15,0.78,0.5163218459701455,0.4922948670217071,0.0,0.0,0.0,0.1682295471100684,1.0,0.006391699999994671,0.024316600000020117,0.15494280000007166,
iris,CoreSetSampler,,main,clean,0.2,14,0.15,22,0.8466666666666667,0.6196033551184092,0.6279369765775905,0.0,0.0,0.0,0.16967643205427527,1.0,0.0010766000000330678,0.025752199999942604,0.20677339999997457,
iris,CoreSetSampler,,main,clean,0.2,14,0.2,30,0.84,0.6038147217738908,0.6131876393531166,0.0,0.0,0.0,0.1337423429269926,1.0,0.0004364999999779684,0.004811200000176541,0.2438285000000633,
iris,CoreSetSampler,,main,clean,0.2,14,0.3,45,0.8466666666666667,0.5987343400947929,0.6195885968023109,0.0,0.0,0.0,0.11327833599927396,1.0,0.0022822000000815024,0.018769499999962136,0.2767871000000923,
iris,CoreSetSampler,,main,clean,0.2,15,0.05,7,0.8133333333333334,0.5667392122144298,0.5614332892639322,0.0,0.0,0.0,0.24506451367028773,1.0,0.00047010000002956076,0.006534199999805423,0.053336499999886655,
iris,CoreSetSampler,,main,clean,0.2,15,0.1,15,0.76,0.450335472026398,0.4514367346938776,0.0,0.0,0.0,0.10983380962762604,1.0,0.0007211000001916545,0.004009100000075705,0.0678651999999147,
iris,CoreSetSampler,,main,clean,0.2,15,0.15,22,0.7933333333333333,0.5037274015657893,0.5140942417344783,0.0,0.0,0.0,0.14127276722385665,1.0,0.00040300000000570435,0.004306499999984226,0.08272880000004079,
iris,CoreSetSampler,,main,clean,0.2,15,0.2,30,0.7733333333333333,0.5042496278204822,0.4885440794798091,0.0,0.0,0.0,0.07442221818265396,1.0,0.0004320000000461732,0.006501599999864993,0.0996717999998964,
iris,CoreSetSampler,,main,clean,0.2,15,0.3,45,0.8666666666666667,0.6168776752546521,0.6467174568494053,0.0,0.0,0.0,0.12683374154479268,0.9333333333333333,0.0010134000001471577,0.006332300000167379,0.11928020000004835,
iris,CoreSetSampler,,main,clean,0.2,16,0.05,7,0.8333333333333334,0.5609663699027001,0.5853477402190412,0.0,0.0,0.0,0.23512101687141837,1.0,0.00034479999999348365,0.006957100000136052,0.04368859999999586,
iris,CoreSetSampler,,main,clean,0.2,16,0.1,15,0.82,0.508049306316927,0.5463001838392649,0.0,0.0,0.0,0.1337215818608808,1.0,0.0005791999999473774,0.005373100000042541,0.06577150000020993,
iris,CoreSetSampler,,main,clean,0.2,16,0.15,22,0.7933333333333333,0.5204088573644533,0.5146957269151913,0.0,0.0,0.0,0.13585210399108616,1.0,0.0006140999998933694,0.01079200000003766,0.09254890000011073,
iris,CoreSetSampler,,main,clean,0.2,16,0.2,30,0.8666666666666667,0.6649389489078741,0.6692776574753831,0.0,0.0,0.0,0.15681592372201336,1.0,0.0006753000000117027,0.010734700000057273,0.11581570000021202,
iris,CoreSetSampler,,main,clean,0.2,16,0.3,45,0.8733333333333333,0.6401500294872724,0.6730379616201448,0.0,0.0,0.0,0.1018701704277072,1.0,0.0008364000000256056,0.00623659999996562,0.13144020000004275,
iris,CoreSetSampler,,main,clean,0.2,17,0.05,7,0.84,0.591624277153846,0.6035368234804047,0.0,0.0,0.0,0.23896237921180816,1.0,0.000740199999881952,0.010190400000055888,0.06193759999996473,
iris,CoreSetSampler,,main,clean,0.2,17,0.1,15,0.8,0.4923521617171571,0.5114780649728453,0.0,0.0,0.0,0.1293298078950747,1.0,0.0011027000000467524,0.00952659999984462,0.08774590000007265,
iris,CoreSetSampler,,main,clean,0.2,17,0.15,22,0.7933333333333333,0.4777723394818054,0.5006853916756066,0.0,0.0,0.0,0.1645737443598954,1.0,0.0006757000001016422,0.008066399999961504,0.11189310000008845,
iris,CoreSetSampler,,main,clean,0.2,17,0.2,30,0.86,0.6079726484263142,0.6420153944679445,0.0,0.0,0.0,0.1582448587199822,1.0,0.0008242999999765743,0.012180299999954514,0.14554599999996753,
iris,CoreSetSampler,,main,clean,0.2,17,0.3,45,0.8666666666666667,0.6015439315163192,0.6474503694242297,0.0,0.0,0.0,0.11809020615621958,1.0,0.0021917999999914173,0.020476599999938117,0.1898977000000741,
iris,CoreSetSampler,,main,clean,0.2,18,0.05,7,0.8266666666666667,0.6334854311090563,0.6024338266912463,0.0,0.0,0.0,0.273873641911728,1.0,0.00033500000017738785,0.0033412000000225817,0.0869798000001083,
iris,CoreSetSampler,,main,clean,0.2,18,0.1,15,0.78,0.5677686578603816,0.5334655415367707,0.0,0.0,0.0,0.12382488626630082,1.0,0.0011204999998426501,0.03222019999998338,0.13982230000010532,
iris,CoreSetSampler,,main,clean,0.2,18,0.15,22,0.76,0.5365349134844157,0.4989141328633575,0.0,0.0,0.0,0.13370260347493151,1.0,0.0010615000001052977,0.02277800000001662,0.18803000000002612,
iris,CoreSetSampler,,main,clean,0.2,18,0.2,30,0.8666666666666667,0.6242485794147845,0.6520968726754488,0.0,0.0,0.0,0.20854358233577128,1.0,0.0011008000001311302,0.008262400000148773,0.2059907000000294,
iris,CoreSetSampler,,main,clean,0.2,18,0.3,45,0.88,0.6184132636087782,0.6728129748756412,0.0,0.0,0.0,0.06717747962096829,1.0,0.0008155000000442669,0.002899900000102207,0.23347499999999854,
iris,CoreSetSampler,,main,clean,0.2,19,0.05,7,0.8066666666666666,0.5360823957577608,0.5423925998543727,0.0,0.0,0.0,0.27380128808993104,0.75,0.0007364000000507076,0.022753799999918556,0.16491480000013325,
iris,CoreSetSampler,,main,clean,0.2,19,0.1,15,0.7733333333333333,0.4993787631512693,0.483927156287336,0.0,0.0,0.0,0.13063361429661852,1.0,0.0004615000000285363,0.009180499999956737,0.18873740000003636,
iris,CoreSetSampler,,main,clean,0.2,19,0.15,22,0.8466666666666667,0.6534531286418643,0.631943059687219,0.0,0.0,0.0,0.17537942709974644,1.0,0.0009759000001849927,0.01810669999986203,0.25546830000007503,
iris,CoreSetSampler,,main,clean,0.2,19,0.2,30,0.8533333333333334,0.6662432768984098,0.6440394732038922,0.0,0.0,0.0,0.14400295239610017,1.0,0.00043789999995169637,0.019159199999876364,0.28246179999996457,
iris,CoreSetSampler,,main,clean,0.2,19,0.3,45,0.8866666666666667,0.656199064835273,0.6951920827416608,0.0,0.0,0.0,0.12282381276343791,1.0,0.0008029000000533415,0.0032897000000957632,0.34566670000003796,
iris,CoreSetSampler,,main,clean,0.2,20,0.05,7,0.8266666666666667,0.6525582020084985,0.6100728505285608,0.0,0.0,0.0,0.2213593702958925,1.0,0.0006855999999970663,0.00858660000017153,0.04662959999996019,
iris,CoreSetSampler,,main,clean,0.2,20,0.1,15,0.8333333333333334,0.6374493564755735,0.6113288285532914,0.0,0.0,0.0,0.09925435027143344,1.0,0.0004536000001280627,0.0051536000000851345,0.059689599999956044,
iris,CoreSetSampler,,main,clean,0.2,20,0.15,22,0.8333333333333334,0.6374493564755735,0.6113288285532914,0.0,0.0,0.0,0.12344340914424946,1.0,0.0003806999998232641,0.0028275999998186307,0.07039690000010523,
iris,CoreSetSampler,,main,clean,0.2,20,0.2,30,0.84,0.6210166506570753,0.6123828290204621,0.0,0.0,0.0,0.11896899891590969,1.0,0.0005512000000180706,0.003951899999947273,0.08756730000004609,
iris,CoreSetSampler,,main,clean,0.2,20,0.3,45,0.8533333333333334,0.6180999637944665,0.6326450961913738,0.0,0.0,0.0,0.13133076081591757,1.0,0.00123000000007778,0.006735400000025038,0.10676630000011755,
iris,CoreSetSampler,,main,clean,0.2,22,0.05,7,0.8266666666666667,0.574367745888004,0.5733378325452937,0.0,0.0,0.0,0.22857468342590473,1.0,0.0005866999999852851,0.003888599999982034,0.029473100000132035,
iris,CoreSetSampler,,main,clean,0.2,22,0.1,15,0.7933333333333333,0.5841029700406445,0.5565980056378874,0.0,0.0,0.0,0.1026707576531948,1.0,0.0004593999999542575,0.0042258000000856555,0.043535199999951146,
iris,CoreSetSampler,,main,clean,0.2,22,0.15,22,0.7533333333333333,0.5278874624298341,0.5003377905372433,0.0,0.0,0.0,0.15872212424607532,1.0,0.0004088999999112275,0.002600799999981973,0.06607839999992393,
iris,CoreSetSampler,,main,clean,0.2,22,0.2,30,0.8466666666666667,0.6100103415694468,0.6237296986361727,0.0,0.0,0.0,0.1708351722134355,1.0,0.0005260999998881744,0.007885299999998097,0.08370590000004086,
iris,CoreSetSampler,,main,clean,0.2,22,0.3,45,0.86,0.5960457170366248,0.6365967356455051,0.0,0.0,0.0,0.09988079979528054,1.0,0.0008529000001544773,0.004633600000033766,0.09635230000003503,
iris,CoreSetSampler,,main,clean,0.2,21,0.05,7,0.8266666666666667,0.6029666239821404,0.5817582235344173,0.0,0.0,0.0,0.12594910036793153,1.0,0.00030800000013186946,0.005801999999903273,0.035772000000179105,
iris,CoreSetSampler,,main,clean,0.2,21,0.1,15,0.7733333333333333,0.4754736450298744,0.4634261597875149,0.0,0.0,0.0,0.14953219554941077,1.0,0.0011736999999811815,0.009660500000109096,0.06463090000011107,
iris,CoreSetSampler,,main,clean,0.2,21,0.15,22,0.7133333333333334,0.3966978814391628,0.36474301844971396,0.0,0.0,0.0,0.10500198963243493,1.0,0.000926599999957034,0.009588299999904848,0.0846998000001804,
iris,CoreSetSampler,,main,clean,0.2,21,0.2,30,0.8533333333333334,0.6285723878918537,0.6398340147479038,0.0,0.0,0.0,0.13651479723945786,1.0,0.0004126999999698455,0.0047882000001209235,0.10763540000016292,
iris,CoreSetSampler,,main,clean,0.2,21,0.3,45,0.8666666666666667,0.6198085507599502,0.6550771209099818,0.0,0.0,0.0,0.11135527119813006,1.0,0.0009087999999337626,0.00708270000018274,0.12434540000003835,
iris,CoreSetSampler,,main,clean,0.2,23,0.05,7,0.7866666666666666,0.5404118802521222,0.526872773567879,0.0,0.0,0.0,0.09212687747959036,1.0,0.0005811999999423278,0.023507399999971312,0.06950179999989814,
iris,CoreSetSampler,,main,clean,0.2,23,0.1,15,0.7333333333333333,0.463036997142605,0.4472727174622702,0.0,0.0,0.0,0.08076206501040684,1.0,0.0011423999999351508,0.008616099999926519,0.09550789999980225,
iris,CoreSetSampler,,main,clean,0.2,23,0.15,22,0.8,0.4915440132768457,0.5151188359086426,0.0,0.0,0.0,0.1723300278240327,1.0,0.0007960999998886109,0.00758799999994153,0.12334049999981289,
iris,CoreSetSampler,,main,clean,0.2,23,0.2,30,0.8333333333333334,0.61393291144368,0.6013768127763005,0.0,0.0,0.0,0.12298097599401536,1.0,0.0005373000001327455,0.007036299999981566,0.16255449999994198,
iris,CoreSetSampler,,main,clean,0.2,23,0.3,45,0.8533333333333334,0.5980070770023702,0.6291233453572069,0.0,0.0,0.0,0.06665838872955375,1.0,0.0010380999999597407,0.02104759999997441,0.20085329999983514,
iris,CoreSetSampler,,main,clean,0.2,24,0.05,7,0.82,0.6467113936056552,0.6006861021484542,0.0,0.0,0.0,0.2654369578542335,1.0,0.0008218000000397296,0.010280700000066645,0.07110919999990983,
iris,CoreSetSampler,,main,clean,0.2,24,0.1,15,0.78,0.5929844728325003,0.5457063900182556,0.0,0.0,0.0,0.08179614998040122,1.0,0.001024800000095638,0.010314600000128848,0.09948199999985263,
iris,CoreSetSampler,,main,clean,0.2,24,0.15,22,0.7533333333333333,0.5779841315720287,0.5211891156573412,0.0,0.0,0.0,0.20255339420906,1.0,0.0010557999999036838,0.007696799999848736,0.12793809999993755,
iris,CoreSetSampler,,main,clean,0.2,24,0.2,30,0.84,0.6333612340938586,0.6234003779788801,0.0,0.0,0.0,0.11123664618197171,1.0,0.0010773999999855732,0.009786800000028961,0.1640341999998327,
iris,CoreSetSampler,,main,clean,0.2,24,0.3,45,0.8466666666666667,0.6196033551184092,0.6279369765775905,0.0,0.0,0.0,0.06199850779655564,1.0,0.002250000000003638,0.008002999999916938,0.19372569999995903,
iris,CoreSetSampler,,main,clean,0.2,25,0.05,7,0.8133333333333334,0.5365670534315727,0.5471051006144143,0.0,0.0,0.0,0.2442771136733752,1.0,0.00030530000003636815,0.003453999999919688,0.05448930000011387,
iris,CoreSetSampler,,main,clean,0.2,25,0.1,15,0.78,0.4490379244952741,0.47478610327718757,0.0,0.0,0.0,0.1182830425483872,1.0,0.0006991999998717802,0.008552499999950669,0.08019530000001396,
iris,CoreSetSampler,,main,clean,0.2,25,0.15,22,0.8533333333333334,0.659457035697418,0.6443972111505024,0.0,0.0,0.0,0.17865196570661027,1.0,0.001310399999965739,0.010532400000101916,0.12436120000006667,
iris,CoreSetSampler,,main,clean,0.2,25,0.2,30,0.8666666666666667,0.6626649557996809,0.6611443898564208,0.0,0.0,0.0,0.07330462140539172,1.0,0.0016894999998839921,0.017557399999986956,0.1642199000000346,
iris,CoreSetSampler,,main,clean,0.2,25,0.3,45,0.8733333333333333,0.6436031348052561,0.6693848454052848,0.0,0.0,0.0,0.12038682731948555,1.0,0.0016961999999693944,0.00932609999995293,0.19376850000003287,
iris,CoreSetSampler,,main,clean,0.2,26,0.05,7,0.82,0.5585116039376451,0.5664568166002661,0.0,0.0,0.0,0.2606801706266465,0.75,0.0004726999998183601,0.007834000000002561,0.06534259999989445,
iris,CoreSetSampler,,main,clean,0.2,26,0.1,15,0.7733333333333333,0.5041704078907557,0.49016781949735777,0.0,0.0,0.0,0.1076257912613956,1.0,0.0010474999999132706,0.006685999999945125,0.09163979999993899,
iris,CoreSetSampler,,main,clean,0.2,26,0.15,22,0.84,0.6313998975752932,0.6174841237670585,0.0,0.0,0.0,0.11036799836196953,1.0,0.0009643999999298103,0.007976500000040687,0.13613399999985631,
iris,CoreSetSampler,,main,clean,0.2,26,0.2,30,0.8533333333333334,0.6199897408970204,0.6330014360027769,0.0,0.0,0.0,0.11946996283578148,1.0,0.0005486000000018976,0.020003499999802443,0.16570809999984704,
iris,CoreSetSampler,,main,clean,0.2,26,0.3,45,0.86,0.5986081838857128,0.6392791264478437,0.0,0.0,0.0,0.11244945890084006,1.0,0.0008457000001271808,0.004277900000033696,0.1784321000000091,
iris,CoreSetSampler,,main,clean,0.2,27,0.05,7,0.7866666666666666,0.5984732603516429,0.5473439141421311,0.0,0.0,0.0,0.26997200519976894,1.0,0.0006358999999065418,0.009541199999830496,0.04464209999991908,
iris,CoreSetSampler,,main,clean,0.2,27,0.1,15,0.78,0.5758032292553654,0.5357394041841319,0.0,0.0,0.0,0.12354517571277773,1.0,0.0004481000000851054,0.0031541000000743225,0.05460589999984222,
iris,CoreSetSampler,,main,clean,0.2,27,0.15,22,0.74,0.5233937996749457,0.48557866653724874,0.0,0.0,0.0,0.07578839259812815,1.0,0.00040820000003805035,0.002204500000061671,0.06609959999991588,
iris,CoreSetSampler,,main,clean,0.2,27,0.2,30,0.86,0.6185349765071879,0.6432910444115109,0.0,0.0,0.0,0.10691856880980796,1.0,0.0006599999999252759,0.0037956999999551044,0.08100539999986722,
iris,CoreSetSampler,,main,clean,0.2,27,0.3,45,0.8666666666666667,0.5946546032871358,0.6463615602299235,0.0,0.0,0.0,0.08023936185169254,1.0,0.0014059999998607964,0.005156499999884545,0.10027360000003682,
iris,CoreSetSampler,,main,clean,0.2,28,0.05,7,0.8333333333333334,0.6374460691634961,0.6150593632278577,0.0,0.0,0.0,0.24013758993192513,1.0,0.00035420000017438724,0.003321500000083688,0.034949800000049436,
iris,CoreSetSampler,,main,clean,0.2,28,0.1,15,0.8733333333333333,0.6713505376676274,0.6773514269171891,0.0,0.0,0.0,0.16682581863908563,1.0,0.0005951000000550266,0.004624499999863474,0.051334400000087044,
iris,CoreSetSampler,,main,clean,0.2,28,0.15,22,0.8466666666666667,0.6111197652087618,0.6236898342687051,0.0,0.0,0.0,0.08981527054645032,1.0,0.0010084999998980493,0.005237000000079206,0.07379240000000209,
iris,CoreSetSampler,,main,clean,0.2,28,0.2,30,0.8533333333333334,0.6194917417492202,0.636697549625556,0.0,0.0,0.0,0.1145009039280765,1.0,0.001015800000004674,0.008721000000150525,0.09410479999996824,
iris,CoreSetSampler,,main,clean,0.2,28,0.3,45,0.86,0.6076276208050603,0.641304510353246,0.0,0.0,0.0,0.08316049454218157,1.0,0.0008989999998902931,0.0032478000000537577,0.10733110000001034,
iris,CoreSetSampler,,main,clean,0.2,29,0.05,7,0.8,0.5622015237925836,0.5478619574521191,0.0,0.0,0.0,0.0738796852309104,1.0,0.0003311000000394415,0.009639600000127757,0.043997600000011516,
iris,CoreSetSampler,,main,clean,0.2,29,0.1,15,0.82,0.538053861812525,0.5583720952315065,0.0,0.0,0.0,0.08532555717729856,1.0,0.001136299999870971,0.00718349999988277,0.07308979999993426,
iris,CoreSetSampler,,main,clean,0.2,29,0.15,22,0.8,0.488245091386449,0.5170783356503185,0.0,0.0,0.0,0.10269635686716226,1.0,0.0006358000000545871,0.006857300000092437,0.09909990000005564,
iris,CoreSetSampler,,main,clean,0.2,29,0.2,30,0.76,0.4601464831984868,0.4550979479899421,0.0,0.0,0.0,0.11810954296466934,1.0,0.0004444000001058157,0.004963500000030763,0.11472140000000763,
iris,CoreSetSampler,,main,clean,0.2,29,0.3,45,0.86,0.615073585749968,0.6416885653505694,0.0,0.0,0.0,0.12736234554244114,1.0,0.0008548000000700995,0.006210100000089369,0.1331763000000592,
iris,CoreSetSampler,,main,clean,0.3,0,0.05,7,0.8133333333333334,0.6163869328714771,0.5805991693093404,0.0,0.0,0.0,0.23555936864573693,1.0,0.0009388000000853935,0.009481099999902654,0.07624290000012479,
iris,CoreSetSampler,,main,clean,0.3,0,0.1,15,0.8,0.5605193441453922,0.547172759149593,0.0,0.0,0.0,0.1220877727979997,1.0,0.0008135999999012711,0.014254700000037701,0.10847140000009858,
iris,CoreSetSampler,,main,clean,0.3,0,0.15,22,0.7866666666666666,0.549032288217415,0.5297641124293716,0.0,0.0,0.0,0.1312689316014078,1.0,0.0007471000001260109,0.007590700000037032,0.13477700000021287,
iris,CoreSetSampler,,main,clean,0.3,0,0.2,30,0.72,0.46584986180750404,0.44443719474813875,0.0,0.0,0.0,0.13220225524187956,1.0,0.0007476000000679051,0.006227399999943373,0.15410460000020976,
iris,CoreSetSampler,,main,clean,0.3,0,0.3,45,0.8466666666666667,0.5569733135566289,0.6042569263019464,0.0,0.0,0.0,0.13327893837206153,1.0,0.009845699999914359,0.003988299999946321,0.18874940000000606,
iris,CoreSetSampler,,main,clean,0.3,1,0.05,7,0.84,0.6669659159546624,0.6306467921328158,0.0,0.0,0.0,0.16579907031506708,1.0,0.000714100000095641,0.009011599999894315,0.048546199999918827,
iris,CoreSetSampler,,main,clean,0.3,1,0.1,15,0.8533333333333334,0.6384967962400661,0.6396619169645432,0.0,0.0,0.0,0.1445196368726712,1.0,0.0007870999997976469,0.00662689999990107,0.06806319999986954,
iris,CoreSetSampler,,main,clean,0.3,1,0.15,22,0.8533333333333334,0.6171630715244115,0.6324921672101663,0.0,0.0,0.0,0.09566365642600572,1.0,0.0006161000001156935,0.0049421999999594846,0.08898489999978665,
iris,CoreSetSampler,,main,clean,0.3,1,0.2,30,0.8466666666666667,0.5887844960043914,0.6166810194122585,0.0,0.0,0.0,0.1089203099946307,1.0,0.0004266000000825443,0.0031613999999535736,0.10229489999983343,
iris,CoreSetSampler,,main,clean,0.3,1,0.3,45,0.8533333333333334,0.5885461215916105,0.6255268611250886,0.0,0.0,0.0,0.09906211125363873,1.0,0.0014473999999609077,0.0053336000000854256,0.12104819999990468,
iris,CoreSetSampler,,main,clean,0.3,2,0.05,7,0.8266666666666667,0.6313999435829638,0.6052526768370844,0.0,0.0,0.0,0.2256299591610323,1.0,0.0004630999999335472,0.007667499999797656,0.053716200000053504,
iris,CoreSetSampler,,main,clean,0.3,2,0.1,15,0.86,0.6751524942369073,0.6609721821313526,0.0,0.0,0.0,0.1046308127295878,1.0,0.0011752999998861924,0.011714799999936076,0.08113700000012614,
iris,CoreSetSampler,,main,clean,0.3,2,0.15,22,0.8533333333333334,0.6372810042255982,0.6395684008960478,0.0,0.0,0.0,0.10056612414622774,1.0,0.0006701999998313113,0.006882099999984348,0.10223530000007486,
iris,CoreSetSampler,,main,clean,0.3,2,0.2,30,0.8333333333333334,0.6025599558060298,0.6016069858073602,0.0,0.0,0.0,0.08515753474753819,1.0,0.0004956000000220229,0.004862799999955314,0.11967750000007982,
iris,CoreSetSampler,,main,clean,0.3,2,0.3,45,0.8533333333333334,0.5920192441732587,0.6213656582119452,0.0,0.0,0.0,0.10890847584195905,1.0,0.0014339999997901032,0.0046679000001859094,0.140569300000152,
iris,CoreSetSampler,,main,clean,0.3,3,0.05,7,0.8266666666666667,0.5713089680145055,0.5698979092599237,0.0,0.0,0.0,0.13946778231030493,1.0,0.0004896000000371714,0.004731499999934385,0.05409119999990253,
iris,CoreSetSampler,,main,clean,0.3,3,0.1,15,0.8333333333333334,0.5835971329155559,0.584231591762418,0.0,0.0,0.0,0.17330099432822324,0.875,0.0012809999998353305,0.012186899999960588,0.08313090000001466,
iris,CoreSetSampler,,main,clean,0.3,3,0.15,22,0.7666666666666667,0.47106344215904156,0.4670173384779357,0.0,0.0,0.0,0.148546546271823,1.0,0.0009594000000561209,0.009852899999941656,0.1066516999999294,
iris,CoreSetSampler,,main,clean,0.3,3,0.2,30,0.8533333333333334,0.5770788032132446,0.6201514379817323,0.0,0.0,0.0,0.1338839970044369,1.0,0.0009870000001228618,0.009317900000041845,0.13562679999995453,
iris,CoreSetSampler,,main,clean,0.3,3,0.3,45,0.8533333333333334,0.5677719385308861,0.6118217085720778,0.0,0.0,0.0,0.12792939267864717,1.0,0.001042899999902147,0.009512699999959295,0.15693590000000768,
iris,CoreSetSampler,,main,clean,0.3,4,0.05,7,0.7933333333333333,0.5620153521441397,0.5343288726765434,0.0,0.0,0.0,0.20021322027377042,1.0,0.0004624999999123247,0.004910799999834126,0.04174979999993411,
iris,CoreSetSampler,,main,clean,0.3,4,0.1,15,0.78,0.49357367665682306,0.4812949086325891,0.0,0.0,0.0,0.18586880663606214,1.0,0.000488800000084666,0.004113800000141055,0.06235859999992499,
iris,CoreSetSampler,,main,clean,0.3,4,0.15,22,0.76,0.45642139376743956,0.43709768950141875,0.0,0.0,0.0,0.16577472327680343,1.0,0.0009536000000025524,0.009040700000014112,0.08989640000004329,
iris,CoreSetSampler,,main,clean,0.3,4,0.2,30,0.6933333333333334,0.4180289304438435,0.37412568118469947,0.0,0.0,0.0,0.0891796218547005,1.0,0.0011268999999174412,0.007994900000085181,0.13902719999987312,
iris,CoreSetSampler,,main,clean,0.3,4,0.3,45,0.8266666666666667,0.5196666158451061,0.563826429499345,0.0,0.0,0.0,0.13352369388380822,1.0,0.002303999999867301,0.032913199999939025,0.19148939999990944,
iris,CoreSetSampler,,main,clean,0.3,5,0.05,7,0.82,0.5743771906611427,0.5715124840405787,0.0,0.0,0.0,0.27008423553980654,1.0,0.0006591999999727705,0.020874800000001414,0.1255945000000338,
iris,CoreSetSampler,,main,clean,0.3,5,0.1,15,0.8133333333333334,0.5462082411262452,0.5515000820680609,0.0,0.0,0.0,0.08104325230350272,1.0,0.0007339000001138629,0.006144700000049852,0.15289710000001833,
iris,CoreSetSampler,,main,clean,0.3,5,0.15,22,0.78,0.467304304185852,0.48479938865418865,0.0,0.0,0.0,0.11135898891824217,1.0,0.0006287999999585736,0.006377999999813255,0.20173160000013013,
iris,CoreSetSampler,,main,clean,0.3,5,0.2,30,0.7466666666666667,0.45903109261387065,0.44961970609055735,0.0,0.0,0.0,0.12739024200531163,1.0,0.001174300000002404,0.017043499999999767,0.2521217000000888,
iris,CoreSetSampler,,main,clean,0.3,5,0.3,45,0.8466666666666667,0.6070036680732944,0.6189547370588299,0.0,0.0,0.0,0.12215131508257591,1.0,0.0021061999998437386,0.018920100000059392,0.3213855000001331,
iris,CoreSetSampler,,main,clean,0.3,6,0.05,7,0.8133333333333334,0.5496726534034724,0.5484627395933646,0.0,0.0,0.0,0.15124163984864897,1.0,0.0003087000000050466,0.004613900000094873,0.030405699999846547,
iris,CoreSetSampler,,main,clean,0.3,6,0.1,15,0.7866666666666666,0.4848763089557212,0.4902677834139436,0.0,0.0,0.0,0.17212932026635988,0.875,0.00045599999998557905,0.005770299999994677,0.047736600000007456,
iris,CoreSetSampler,,main,clean,0.3,6,0.15,22,0.74,0.46468377829579915,0.4307505376085086,0.0,0.0,0.0,0.11033706577784176,1.0,0.00047990000007303024,0.004940099999885206,0.06168699999989258,
iris,CoreSetSampler,,main,clean,0.3,6,0.2,30,0.8333333333333334,0.5728476427065704,0.592901142916804,0.0,0.0,0.0,0.12047426209484163,1.0,0.0004313000001729961,0.004855000000134169,0.07472029999985352,
iris,CoreSetSampler,,main,clean,0.3,6,0.3,45,0.8266666666666667,0.537778934686022,0.568386155790021,0.0,0.0,0.0,0.13081981351543928,0.9333333333333333,0.0008826000000681233,0.004213300000174058,0.08741889999987507,
iris,CoreSetSampler,,main,clean,0.3,7,0.05,7,0.84,0.6453214073223152,0.6259115926721882,0.0,0.0,0.0,0.1499627993956274,1.0,0.00030530000003636815,0.0034491999999772815,0.033999499999936234,
iris,CoreSetSampler,,main,clean,0.3,7,0.1,15,0.8466666666666667,0.6300942593515532,0.6280326127030641,0.0,0.0,0.0,0.13739113795393426,1.0,0.001078699999879973,0.009114700000054654,0.06080899999983558,
iris,CoreSetSampler,,main,clean,0.3,7,0.15,22,0.8466666666666667,0.6100199908213227,0.6215984971835795,0.0,0.0,0.0,0.08738453210886842,1.0,0.0008857000000261905,0.0074359000000185915,0.08645189999992908,
iris,CoreSetSampler,,main,clean,0.3,7,0.2,30,0.8533333333333334,0.5887718679027015,0.6261918740554704,0.0,0.0,0.0,0.13363558645033863,1.0,0.0011377000000720727,0.008629100000007384,0.11201949999986027,
iris,CoreSetSampler,,main,clean,0.3,7,0.3,45,0.84,0.5508588487816541,0.5922902198425094,0.0,0.0,0.0,0.08779625746790372,1.0,0.0008709000001090317,0.003161500000032902,0.12502069999982268,
iris,CoreSetSampler,,main,clean,0.3,8,0.05,7,0.82,0.6254684690281429,0.5955308340911531,0.0,0.0,0.0,0.1572846310601085,1.0,0.00037029999998594576,0.01612569999997504,0.05399620000002869,
iris,CoreSetSampler,,main,clean,0.3,8,0.1,15,0.7933333333333333,0.5566558292727707,0.5430111246308633,0.0,0.0,0.0,0.13830700581458072,1.0,0.0006184000001212553,0.003195399999867732,0.06544349999990118,
iris,CoreSetSampler,,main,clean,0.3,8,0.15,22,0.7933333333333333,0.5316626290825278,0.5326143265634115,0.0,0.0,0.0,0.10612789987550589,1.0,0.0003928999999516236,0.0030584000000999367,0.07621820000008483,
iris,CoreSetSampler,,main,clean,0.3,8,0.2,30,0.8533333333333334,0.5778640699318099,0.6213507483081994,0.0,0.0,0.0,0.15306192108124336,1.0,0.0004562999999961903,0.002656699999988632,0.09354220000000169,
iris,CoreSetSampler,,main,clean,0.3,8,0.3,45,0.8466666666666667,0.5577319545871536,0.6042125468317537,0.0,0.0,0.0,0.09722529855526643,1.0,0.0021242999998776213,0.014335999999957494,0.12144929999999476,
iris,CoreSetSampler,,main,clean,0.3,9,0.05,7,0.7866666666666666,0.5637171754104086,0.5386071686540445,0.0,0.0,0.0,0.26222536836913146,1.0,0.0008371000001261564,0.00793389999989813,0.06176279999999679,
iris,CoreSetSampler,,main,clean,0.3,9,0.1,15,0.76,0.4991060219437203,0.48045349888265054,0.0,0.0,0.0,0.09256451365971013,1.0,0.0012051000001065404,0.00971309999999903,0.08991209999999228,
iris,CoreSetSampler,,main,clean,0.3,9,0.15,22,0.7933333333333333,0.4866746103496279,0.5049753269384232,0.0,0.0,0.0,0.17969826476530493,1.0,0.00043380000010984077,0.00553089999993972,0.1112562999999227,
iris,CoreSetSampler,,main,clean,0.3,9,0.2,30,0.7866666666666666,0.47073755999910155,0.4905869189629443,0.0,0.0,0.0,0.11163013927693537,1.0,0.000938399999995454,0.00803089999999429,0.1358570999998392,
iris,CoreSetSampler,,main,clean,0.3,9,0.3,45,0.84,0.5600145253999449,0.5917542309743556,0.0,0.0,0.0,0.13027820555344105,1.0,0.0028572999999596504,0.008245500000157335,0.16354339999998047,
iris,CoreSetSampler,,main,clean,0.3,10,0.05,7,0.8466666666666667,0.6504302200210541,0.6320867531640662,0.0,0.0,0.0,0.26883415156012797,1.0,0.000649199999998018,0.00823009999999158,0.036512799999854906,
iris,CoreSetSampler,,main,clean,0.3,10,0.1,15,0.8333333333333334,0.5929432922018065,0.5973887513139876,0.0,0.0,0.0,0.13461590336837578,1.0,0.00045760000011796365,0.004780299999993076,0.048609799999894676,
iris,CoreSetSampler,,main,clean,0.3,10,0.15,22,0.8266666666666667,0.5532246658963659,0.5783422201733308,0.0,0.0,0.0,0.07642142770478373,1.0,0.00065719999997782,0.00319919999992635,0.06364099999996142,
iris,CoreSetSampler,,main,clean,0.3,10,0.2,30,0.82,0.5365838967523272,0.5637533878102745,0.0,0.0,0.0,0.07054099586488846,1.0,0.0006561000000147033,0.004700599999978294,0.07906299999990551,
iris,CoreSetSampler,,main,clean,0.3,10,0.3,45,0.8333333333333334,0.5158719670641347,0.5709939478964454,0.0,0.0,0.0,0.11364154020356224,1.0,0.0008341999998719984,0.0027211999999963155,0.0941771999998764,
iris,CoreSetSampler,,main,clean,0.3,11,0.05,7,0.8066666666666666,0.5356664798758642,0.5444094428213122,0.0,0.0,0.0,0.27915181885498447,1.0,0.0006902000000081898,0.008397099999911006,0.06869000000006054,
iris,CoreSetSampler,,main,clean,0.3,11,0.1,15,0.76,0.48479801508165254,0.4676911792067055,0.0,0.0,0.0,0.09982058480632612,1.0,0.0008711000000403146,0.010504099999934624,0.09552039999994122,
iris,CoreSetSampler,,main,clean,0.3,11,0.15,22,0.72,0.4084278902245749,0.3938286707017257,0.0,0.0,0.0,0.11820482210874546,1.0,0.0011561999999685213,0.006723100000044724,0.12287629999991623,
iris,CoreSetSampler,,main,clean,0.3,11,0.2,30,0.84,0.5825553118783015,0.5887437436623232,0.0,0.0,0.0,0.18072797418231773,1.0,0.0007262999999966269,0.007058800000095289,0.1448700999999346,
iris,CoreSetSampler,,main,clean,0.3,11,0.3,45,0.8266666666666667,0.5399605759407042,0.5559498481477271,0.0,0.0,0.0,0.0639265929602184,1.0,0.002203999999892403,0.012022699999988617,0.18149210000001403,
iris,CoreSetSampler,,main,clean,0.3,12,0.05,7,0.8533333333333334,0.6429474732698418,0.6342166438002027,0.0,0.0,0.0,0.23120788630853067,0.75,0.0006396999999651598,0.011204700000007506,0.061475200000131736,
iris,CoreSetSampler,,main,clean,0.3,12,0.1,15,0.8,0.4980416477870729,0.514507120104548,0.0,0.0,0.0,0.11312976233860454,1.0,0.0007484999998723652,0.007862499999873762,0.08414600000014616,
iris,CoreSetSampler,,main,clean,0.3,12,0.15,22,0.7866666666666666,0.4832943153783005,0.4924142444823553,0.0,0.0,0.0,0.09308893292877418,1.0,0.001100700000051802,0.01151760000016111,0.11521970000012516,
iris,CoreSetSampler,,main,clean,0.3,12,0.2,30,0.76,0.41394286679188375,0.439115578918164,0.0,0.0,0.0,0.075120479779528,1.0,0.0006994000000304368,0.007410299999946801,0.1382023000001027,
iris,CoreSetSampler,,main,clean,0.3,12,0.3,45,0.8466666666666667,0.5659483509774584,0.6033573963515078,0.0,0.0,0.0,0.13653510235988314,1.0,0.0019176999999217514,0.00908490000006168,0.1791683000001285,
iris,CoreSetSampler,,main,clean,0.3,13,0.05,7,0.8333333333333334,0.6387789742287183,0.6155927892825557,0.0,0.0,0.0,0.15735395775199498,1.0,0.0007686999999805266,0.01916069999992942,0.08901390000005449,
iris,CoreSetSampler,,main,clean,0.3,13,0.1,15,0.8466666666666667,0.6186096991314346,0.6244360017574573,0.0,0.0,0.0,0.133127036911238,1.0,0.0019174999999904685,0.013491299999941475,0.12819839999997384,
iris,CoreSetSampler,,main,clean,0.3,13,0.15,22,0.84,0.5895846322119925,0.6022516954350065,0.0,0.0,0.0,0.08463749503553293,1.0,0.0010426000001189095,0.01264919999994163,0.1622049000000061,
iris,CoreSetSampler,,main,clean,0.3,13,0.2,30,0.84,0.5688755615782854,0.5970393998849698,0.0,0.0,0.0,0.12291808853534808,1.0,0.001183500000024651,0.013773899999932837,0.19605329999990317,
iris,CoreSetSampler,,main,clean,0.3,13,0.3,45,0.8466666666666667,0.5422701953147201,0.5979129602124036,0.0,0.0,0.0,0.10059603049439056,1.0,0.00969559999998637,0.011550500000112152,0.2851215000000593,
iris,CoreSetSampler,,main,clean,0.3,14,0.05,7,0.8266666666666667,0.5739979266102389,0.5710590418587337,0.0,0.0,0.0,0.13948179401754893,1.0,0.0010072000000036496,0.018808000000035463,0.13565429999994194,
iris,CoreSetSampler,,main,clean,0.3,14,0.1,15,0.78,0.49666163641241434,0.4860733444040851,0.0,0.0,0.0,0.1682295471100684,1.0,0.00046369999995476974,0.012623099999927945,0.15665919999992184,
iris,CoreSetSampler,,main,clean,0.3,14,0.15,22,0.72,0.4296983018544575,0.40225609764270503,0.0,0.0,0.0,0.1592927552853174,1.0,0.0010689999999158317,0.015167799999971976,0.2264514999999392,
iris,CoreSetSampler,,main,clean,0.3,14,0.2,30,0.8333333333333334,0.5538077635539641,0.5829731238210862,0.0,0.0,0.0,0.1374442196063318,1.0,0.01689910000004602,0.02218870000001516,0.2951949999999215,
iris,CoreSetSampler,,main,clean,0.3,14,0.3,45,0.8266666666666667,0.5335737513566764,0.5670180927395482,0.0,0.0,0.0,0.11768929936948776,1.0,0.004321399999980713,0.03372059999992416,0.39702519999991637,
iris,CoreSetSampler,,main,clean,0.3,15,0.05,7,0.8133333333333334,0.5667392122144298,0.5614332892639322,0.0,0.0,0.0,0.24506451367028773,1.0,0.000698499999998603,0.011343800000076953,0.05549689999998009,
iris,CoreSetSampler,,main,clean,0.3,15,0.1,15,0.7666666666666667,0.454472276655978,0.4588699030129484,0.0,0.0,0.0,0.10983380962762604,1.0,0.0012655000000449945,0.00590979999992669,0.08112499999992906,
iris,CoreSetSampler,,main,clean,0.3,15,0.15,22,0.7266666666666667,0.3923027477383788,0.3894978901404352,0.0,0.0,0.0,0.13697755835776143,1.0,0.0006048000000191678,0.0045795999999427295,0.10179180000000088,
iris,CoreSetSampler,,main,clean,0.3,15,0.2,30,0.78,0.44275691453388033,0.47372377226730467,0.0,0.0,0.0,0.18347081933690695,1.0,0.0009371000001010543,0.005109799999900133,0.12530100000003586,
iris,CoreSetSampler,,main,clean,0.3,15,0.3,45,0.7066666666666667,0.3401657968534224,0.3591744411641784,0.0,0.0,0.0,0.1377008146403505,1.0,0.0014092999999775202,0.004287199999907898,0.15918429999987893,
iris,CoreSetSampler,,main,clean,0.3,16,0.05,7,0.8333333333333334,0.5609663699027001,0.5853477402190412,0.0,0.0,0.0,0.23512101687141837,1.0,0.00035150000007888593,0.003950500000200918,0.049670000000105574,
iris,CoreSetSampler,,main,clean,0.3,16,0.1,15,0.8266666666666667,0.5259244209056947,0.5624554529644398,0.0,0.0,0.0,0.1337215818608808,1.0,0.001146699999935663,0.009949600000027203,0.08139389999996638,
iris,CoreSetSampler,,main,clean,0.3,16,0.15,22,0.8466666666666667,0.689514783373153,0.6451422031981431,0.0,0.0,0.0,0.13044840755253181,1.0,0.001009900000099151,0.012949499999876934,0.12018520000015087,
iris,CoreSetSampler,,main,clean,0.3,16,0.2,30,0.8533333333333334,0.6505054036864644,0.6437938606282242,0.0,0.0,0.0,0.17560879015167363,0.875,0.0007185000001754815,0.007755799999813462,0.14123300000005656,
iris,CoreSetSampler,,main,clean,0.3,16,0.3,45,0.8333333333333334,0.5866174395517287,0.5971858052538149,0.0,0.0,0.0,0.10796510027570973,1.0,0.0021781999998893298,0.010101399999939531,0.17142690000014227,
iris,CoreSetSampler,,main,clean,0.3,18,0.05,7,0.8266666666666667,0.6334854311090563,0.6024338266912463,0.0,0.0,0.0,0.273873641911728,1.0,0.0005032999999912136,0.005370700000185025,0.050607800000079806,
iris,CoreSetSampler,,main,clean,0.3,18,0.1,15,0.7933333333333333,0.5772707260487085,0.5487428571428571,0.0,0.0,0.0,0.12382488626630082,1.0,0.0004370000001472363,0.0029836999999588443,0.06502709999995204,
iris,CoreSetSampler,,main,clean,0.3,18,0.15,22,0.76,0.5221262358758045,0.49333790349345213,0.0,0.0,0.0,0.12107049599703985,1.0,0.0006308000001808978,0.004541700000117999,0.0795696999998654,
iris,CoreSetSampler,,main,clean,0.3,18,0.2,30,0.7666666666666667,0.5268894129865652,0.5007326022276005,0.0,0.0,0.0,0.17475267683042905,1.0,0.0005396999999902619,0.0032051999999112013,0.09920710000005784,
iris,CoreSetSampler,,main,clean,0.3,18,0.3,45,0.8533333333333334,0.5827140494385843,0.6170726641061879,0.0,0.0,0.0,0.16041626923878574,1.0,0.004553799999939656,0.010917000000063126,0.13947259999986272,
iris,CoreSetSampler,,main,clean,0.3,17,0.05,7,0.84,0.591624277153846,0.6035368234804047,0.0,0.0,0.0,0.23896237921180816,1.0,0.0004427999999734311,0.005089600000019345,0.04455199999983961,
iris,CoreSetSampler,,main,clean,0.3,17,0.1,15,0.8066666666666666,0.4843452657244569,0.5211891156573412,0.0,0.0,0.0,0.1293298078950747,1.0,0.0011582000001908455,0.006192700000156037,0.07070989999988342,
iris,CoreSetSampler,,main,clean,0.3,17,0.15,22,0.7933333333333333,0.4569984881238907,0.49517156972492127,0.0,0.0,0.0,0.16514651651642212,1.0,0.0010002999999869644,0.011288400000012189,0.10071009999978742,
iris,CoreSetSampler,,main,clean,0.3,17,0.2,30,0.7666666666666667,0.45787937569460413,0.4666401709641893,0.0,0.0,0.0,0.15614490126340397,1.0,0.0013279999998303538,0.012302900000122463,0.14944439999999304,
iris,CoreSetSampler,,main,clean,0.3,17,0.3,45,0.84,0.5393688253053507,0.5874794391153527,0.0,0.0,0.0,0.1293547777580853,1.0,0.002009099999895625,0.032214300000077856,0.20785079999996015,
iris,CoreSetSampler,,main,clean,0.3,19,0.05,7,0.8066666666666666,0.5360823957577608,0.5423925998543727,0.0,0.0,0.0,0.27380128808993104,0.75,0.0007134999998470448,0.013598699999874952,0.07253579999996873,
iris,CoreSetSampler,,main,clean,0.3,19,0.1,15,0.7866666666666666,0.5158068608367595,0.5047973411937782,0.0,0.0,0.0,0.13063361429661852,1.0,0.0005174000000351953,0.007216799999923751,0.09849310000004152,
iris,CoreSetSampler,,main,clean,0.3,19,0.15,22,0.74,0.4769774451546335,0.44141805970288095,0.0,0.0,0.0,0.15938748295165459,1.0,0.0010294000001067616,0.00909559999990961,0.13225299999999152,
iris,CoreSetSampler,,main,clean,0.3,19,0.2,30,0.6933333333333334,0.4028182614153128,0.3697389876052003,0.0,0.0,0.0,0.06881464089443518,1.0,0.0012566999998853134,0.00935869999989336,0.1648569999999836,
iris,CoreSetSampler,,main,clean,0.3,19,0.3,45,0.86,0.5721994254805862,0.6280326127030641,0.0,0.0,0.0,0.14425261469149647,0.9333333333333333,0.0027485999999043997,0.016002900000103182,0.20261290000007648,
iris,CoreSetSampler,,main,clean,0.3,20,0.05,7,0.8266666666666667,0.6525582020084985,0.6100728505285608,0.0,0.0,0.0,0.2213593702958925,1.0,0.00039470000001529115,0.005185299999993731,0.034247399999912886,
iris,CoreSetSampler,,main,clean,0.3,20,0.1,15,0.82,0.6019801993186128,0.5860992930945165,0.0,0.0,0.0,0.09925435027143344,1.0,0.0004377000000204134,0.003439399999933812,0.045267299999977695,
iris,CoreSetSampler,,main,clean,0.3,20,0.15,22,0.8133333333333334,0.5825235766383172,0.568629928362889,0.0,0.0,0.0,0.1199355957150079,1.0,0.00038259999996625993,0.002952300000060859,0.05512049999992996,
iris,CoreSetSampler,,main,clean,0.3,20,0.2,30,0.8266666666666667,0.585763168240502,0.5866705752704808,0.0,0.0,0.0,0.11414559020122499,1.0,0.00040079999985209724,0.0026348999999754597,0.06482289999985369,
iris,CoreSetSampler,,main,clean,0.3,20,0.3,45,0.8266666666666667,0.5534952952746459,0.5775391484299891,0.0,0.0,0.0,0.12631720240494246,1.0,0.0008279000001039094,0.0026614999999310385,0.07525299999997515,
iris,CoreSetSampler,,main,clean,0.3,21,0.05,7,0.8266666666666667,0.6029666239821404,0.5817582235344173,0.0,0.0,0.0,0.12594910036793153,1.0,0.0004641000000447093,0.005825299999969502,0.05081859999995686,
iris,CoreSetSampler,,main,clean,0.3,21,0.1,15,0.7866666666666666,0.4752476794804663,0.4822324349481471,0.0,0.0,0.0,0.14953219554941077,1.0,0.0011119000000689994,0.010348499999963678,0.07945429999995213,
iris,CoreSetSampler,,main,clean,0.3,21,0.15,22,0.72,0.36698236588095823,0.37149273688606316,0.0,0.0,0.0,0.09102035368027521,1.0,0.0006395000000338769,0.006418599999960861,0.09795480000002499,
iris,CoreSetSampler,,main,clean,0.3,21,0.2,30,0.8466666666666667,0.6300003784872473,0.6279073563255912,0.0,0.0,0.0,0.12778646096831223,1.0,0.0006775000001653098,0.006872700000030818,0.12035339999988537,
iris,CoreSetSampler,,main,clean,0.3,21,0.3,45,0.84,0.5697317363103126,0.60144120474817,0.0,0.0,0.0,0.09209894609133625,1.0,0.0013025000000652653,0.007569500000045082,0.14281630000004952,
iris,CoreSetSampler,,main,clean,0.3,22,0.05,7,0.8266666666666667,0.574367745888004,0.5733378325452937,0.0,0.0,0.0,0.22857468342590473,1.0,0.0006879000000026281,0.007333000000016909,0.05171359999985725,
iris,CoreSetSampler,,main,clean,0.3,22,0.1,15,0.78,0.5456326155114763,0.527883011650715,0.0,0.0,0.0,0.1026707576531948,1.0,0.0004916000000321219,0.0072482999999010644,0.06907269999987875,
iris,CoreSetSampler,,main,clean,0.3,22,0.15,22,0.7533333333333333,0.48738492482046414,0.48048902826430034,0.0,0.0,0.0,0.160437952700048,1.0,0.0009340999999949418,0.007264399999939997,0.09380229999987932,
iris,CoreSetSampler,,main,clean,0.3,22,0.2,30,0.7333333333333333,0.4658223749836442,0.4574487698806483,0.0,0.0,0.0,0.164625453359248,1.0,0.001111600000058388,0.00599570000008498,0.10944960000006176,
iris,CoreSetSampler,,main,clean,0.3,22,0.3,45,0.8466666666666667,0.5532292373383942,0.5993662364287952,0.0,0.0,0.0,0.17202262330699997,0.9333333333333333,0.002059999999801221,0.009955799999943338,0.13894019999997909,
iris,CoreSetSampler,,main,clean,0.3,23,0.05,7,0.7866666666666666,0.5404118802521222,0.526872773567879,0.0,0.0,0.0,0.09212687747959036,1.0,0.0004444000001058157,0.014536200000065946,0.05470369999989089,
iris,CoreSetSampler,,main,clean,0.3,23,0.1,15,0.74,0.44197596220242746,0.4452372940224097,0.0,0.0,0.0,0.08076206501040684,1.0,0.000434100000120452,0.0033313000001271575,0.0769402999999329,
iris,CoreSetSampler,,main,clean,0.3,23,0.15,22,0.7,0.40662075422188765,0.40305495350953735,0.0,0.0,0.0,0.16755939280310067,1.0,0.0007070000001476728,0.005472599999848171,0.09760759999994661,
iris,CoreSetSampler,,main,clean,0.3,23,0.2,30,0.78,0.46641166745244433,0.48360584963582576,0.0,0.0,0.0,0.12869844513905782,1.0,0.0005816000000322674,0.006615199999941979,0.11814989999993486,
iris,CoreSetSampler,,main,clean,0.3,23,0.3,45,0.8533333333333334,0.5803327234618023,0.6110816288776452,0.0,0.0,0.0,0.12698325074740557,1.0,0.0009500999999545456,0.006871199999977762,0.15930860000003122,
iris,CoreSetSampler,,main,clean,0.3,24,0.05,7,0.82,0.6467113936056552,0.6006861021484542,0.0,0.0,0.0,0.2654369578542335,1.0,0.0006411999997908424,0.009168900000076974,0.08291220000000976,
iris,CoreSetSampler,,main,clean,0.3,24,0.1,15,0.7866666666666666,0.5972614998988335,0.5528117635379822,0.0,0.0,0.0,0.08179614998040122,1.0,0.0008020999998734624,0.005909100000053513,0.10205580000001646,
iris,CoreSetSampler,,main,clean,0.3,24,0.15,22,0.7533333333333333,0.5508386603472124,0.506713782841225,0.0,0.0,0.0,0.18935485678649888,1.0,0.000663600000052611,0.004696100000046499,0.12270390000003317,
iris,CoreSetSampler,,main,clean,0.3,24,0.2,30,0.82,0.5871851174352061,0.5813617835960041,0.0,0.0,0.0,0.09937656699570956,1.0,0.0010855999998966581,0.006070099999988088,0.17423519999988457,
iris,CoreSetSampler,,main,clean,0.3,24,0.3,45,0.82,0.5543358315018168,0.5708211504452446,0.0,0.0,0.0,0.06610262182890055,1.0,0.0015144000001328095,0.015556500000002416,0.210041899999851,
iris,CoreSetSampler,,main,clean,0.3,25,0.05,7,0.8133333333333334,0.5365670534315727,0.5471051006144143,0.0,0.0,0.0,0.2442771136733752,1.0,0.0003755999998702464,0.006047699999953693,0.03449829999999565,
iris,CoreSetSampler,,main,clean,0.3,25,0.1,15,0.78,0.4536760683245552,0.4769795918367347,0.0,0.0,0.0,0.1182830425483872,1.0,0.0006564000000253145,0.003200399999968795,0.046194999999897846,
iris,CoreSetSampler,,main,clean,0.3,25,0.15,22,0.7266666666666667,0.38722156297686106,0.39176062669947614,0.0,0.0,0.0,0.17954398022867263,1.0,0.0005627000000458793,0.0030042999999295716,0.06136270000001787,
iris,CoreSetSampler,,main,clean,0.3,25,0.2,30,0.7733333333333333,0.45201381335376256,0.4673628507895404,0.0,0.0,0.0,0.1506163935176129,1.0,0.00041699999997035775,0.00775300000009338,0.08423609999999826,
iris,CoreSetSampler,,main,clean,0.3,25,0.3,45,0.8466666666666667,0.5685590755883873,0.6063127725146461,0.0,0.0,0.0,0.12367917442503804,1.0,0.0008181000000604399,0.005033700000012686,0.09809439999980896,
iris,CoreSetSampler,,main,clean,0.3,27,0.05,7,0.7866666666666666,0.5984732603516429,0.5473439141421311,0.0,0.0,0.0,0.26997200519976894,1.0,0.0006409999998595595,0.009327900000016598,0.040730400000029476,
iris,CoreSetSampler,,main,clean,0.3,27,0.1,15,0.7866666666666666,0.5797561540641032,0.5427699287661785,0.0,0.0,0.0,0.12354517571277773,1.0,0.0004472999999052263,0.003292500000043219,0.05289429999993445,
iris,CoreSetSampler,,main,clean,0.3,27,0.15,22,0.74,0.5096719706922359,0.47974523940383434,0.0,0.0,0.0,0.06873709102972335,1.0,0.000629900000149064,0.0035368999999718653,0.0643089999998665,
iris,CoreSetSampler,,main,clean,0.3,27,0.2,30,0.7066666666666667,0.46263873844677156,0.4339507193872131,0.0,0.0,0.0,0.07789652233435974,1.0,0.0004283000000668835,0.00231789999998,0.07560699999999088,
iris,CoreSetSampler,,main,clean,0.3,27,0.3,45,0.8266666666666667,0.5244203904158665,0.5634599376499584,0.0,0.0,0.0,0.12148256111884541,1.0,0.0008290999999189808,0.0022830999998859625,0.08675619999985429,
iris,CoreSetSampler,,main,clean,0.3,26,0.05,7,0.82,0.5585116039376451,0.5664568166002661,0.0,0.0,0.0,0.2606801706266465,0.75,0.000299400000130845,0.003596100000095248,0.031224000000065644,
iris,CoreSetSampler,,main,clean,0.3,26,0.1,15,0.7866666666666666,0.513558599435003,0.5061578621396606,0.0,0.0,0.0,0.1076257912613956,1.0,0.0010922999999820604,0.00433300000008785,0.05422939999994014,
iris,CoreSetSampler,,main,clean,0.3,26,0.15,22,0.7533333333333333,0.4759494519992258,0.45609599824504377,0.0,0.0,0.0,0.1037438603653622,1.0,0.0009155000000191649,0.009460300000000643,0.0807406000001265,
iris,CoreSetSampler,,main,clean,0.3,26,0.2,30,0.8333333333333334,0.5935090435682887,0.5984185052689512,0.0,0.0,0.0,0.15770873523618822,1.0,0.00041190000001734006,0.003548200000068391,0.10325050000005831,
iris,CoreSetSampler,,main,clean,0.3,26,0.3,45,0.84,0.5815399698278708,0.6017075462527947,0.0,0.0,0.0,0.10588294499539155,1.0,0.001422699999920951,0.012636299999940093,0.12887660000001233,
iris,CoreSetSampler,,main,clean,0.3,28,0.05,7,0.8333333333333334,0.6374460691634961,0.6150593632278577,0.0,0.0,0.0,0.24013758993192513,1.0,0.0003013000000464672,0.003625100000135717,0.038318000000117536,
iris,CoreSetSampler,,main,clean,0.3,28,0.1,15,0.8466666666666667,0.619754566658194,0.6242912855478664,0.0,0.0,0.0,0.16682581863908563,1.0,0.0010695999999370542,0.010079599999926359,0.06764180000004671,
iris,CoreSetSampler,,main,clean,0.3,28,0.15,22,0.8533333333333334,0.6052057647450428,0.6292672939217545,0.0,0.0,0.0,0.08487444639190127,1.0,0.0009454000000914675,0.008654400000068563,0.09518470000011803,
iris,CoreSetSampler,,main,clean,0.3,28,0.2,30,0.8533333333333334,0.571984359419837,0.6180219027784004,0.0,0.0,0.0,0.10577218555535844,1.0,0.0005948000000444154,0.005527799999981653,0.10953970000014124,
iris,CoreSetSampler,,main,clean,0.3,28,0.3,45,0.8533333333333334,0.5658932147563946,0.61173125626532,0.0,0.0,0.0,0.07433343399249796,1.0,0.001228600000104052,0.0030494000000089727,0.13082340000005388,
iris,CoreSetSampler,,main,clean,0.3,29,0.05,7,0.8,0.5622015237925836,0.5478619574521191,0.0,0.0,0.0,0.0738796852309104,1.0,0.0008500999999796477,0.01105439999992086,0.0570809000000736,
iris,CoreSetSampler,,main,clean,0.3,29,0.1,15,0.8066666666666666,0.5198154321866217,0.5346223394210613,0.0,0.0,0.0,0.08532555717729856,1.0,0.0007351000001563079,0.0029755000000477594,0.07542980000016541,
iris,CoreSetSampler,,main,clean,0.3,29,0.15,22,0.8,0.47384540946533454,0.5083069432160756,0.0,0.0,0.0,0.12353418442287448,1.0,0.0013226000000940985,0.010735299999851122,0.1097031000001607,
iris,CoreSetSampler,,main,clean,0.3,29,0.2,30,0.7733333333333333,0.46717066615803715,0.47562794390618124,0.0,0.0,0.0,0.11566484469998271,1.0,0.0011905000001206645,0.010900999999876149,0.13048920000005637,
iris,CoreSetSampler,,main,clean,0.3,29,0.3,45,0.7266666666666667,0.3943086929392712,0.40210653765998594,0.0,0.0,0.0,0.12688243787540893,0.9333333333333333,0.0009345000000848813,0.0037503999999444204,0.16298200000005636,
iris,BALDSampler,,main,clean,0.0,0,0.05,7,0.8133333333333334,0.6412741266574404,0.5917675070941648,0.0029589106299524326,0.0,0.0,0.24468446667276178,1.0,0.001000300000214338,0.00746949999984281,0.03828120000002855,
iris,BALDSampler,,main,clean,0.0,0,0.1,15,0.78,0.6318090553701667,0.5605950870903075,0.0023440363133676798,0.0,0.0,0.12731600587144157,1.0,0.001459699999941222,0.0043539000000691885,0.055171199999904275,
iris,BALDSampler,,main,clean,0.0,0,0.15,22,0.7533333333333333,0.6395976285108463,0.5502092131487647,0.002453855519861458,0.0,0.0,0.025511017500693765,1.0,0.001592600000094535,0.0045144999999138236,0.08132149999983085,
iris,BALDSampler,,main,clean,0.0,0,0.2,30,0.8733333333333333,0.706020521403122,0.6882069564720807,0.0018432085376625246,0.0,0.0,0.10288714612885873,1.0,0.0027735999999549676,0.010432699999910255,0.11534649999998692,
iris,BALDSampler,,main,clean,0.0,0,0.3,45,0.8933333333333333,0.73379440721263,0.7276184569180799,0.0024677190052644943,0.0,0.0,0.20741540200362843,1.0,0.0019907999999304593,0.009560099999816885,0.14057179999986147,
iris,BALDSampler,,main,clean,0.0,1,0.05,7,0.84,0.6669659159546624,0.6306467921328158,0.0018580785829881014,0.0,0.0,0.009506971401567865,1.0,0.001632700000072873,0.005831800000123621,0.07421320000003107,
iris,BALDSampler,,main,clean,0.0,1,0.1,15,0.84,0.6669659159546624,0.6306467921328158,0.0016589979997829636,0.0,0.0,0.016749109995227968,1.0,0.0008441999998467509,0.0031386999999085674,0.08568130000003293,
iris,BALDSampler,,main,clean,0.0,1,0.15,22,0.86,0.6882209890713717,0.663709048759882,0.0015125833288624887,0.0,0.0,0.19740560518251726,1.0,0.0021517000000130793,0.007244700000001103,0.1265622999999323,
iris,BALDSampler,,main,clean,0.0,1,0.2,30,0.86,0.6890518004413542,0.6638956080488512,0.0013897310735384374,0.0,0.0,0.03692906047602611,1.0,0.0013888999999380758,0.004625799999985247,0.14399490000005244,
iris,BALDSampler,,main,clean,0.0,1,0.3,45,0.9066666666666666,0.7542575670288613,0.7559238095238096,0.0012217662190264007,0.0,0.0,0.08340003750716087,1.0,0.001308800000060728,0.00466750000009597,0.16363609999984874,
iris,BALDSampler,,main,clean,0.0,2,0.05,7,0.86,0.6890518004413543,0.6638956080488512,0.002887364089780853,0.0,0.0,0.0655415047237925,1.0,0.002099899999848276,0.028825400000187074,0.0999510999999984,
iris,BALDSampler,,main,clean,0.0,2,0.1,15,0.8733333333333333,0.6932539307214272,0.6835874981535613,0.0021353268966682534,0.0,0.0,0.1540753835384816,1.0,0.002231299999948533,0.03180790000010347,0.16957330000013826,
iris,BALDSampler,,main,clean,0.0,2,0.15,22,0.8733333333333333,0.6986032673159308,0.6847321876423833,0.0017736921289350266,0.0,0.0,0.07718003529598606,1.0,0.0007485999999516935,0.0040430000001379085,0.18213200000013785,
iris,BALDSampler,,main,clean,0.0,2,0.2,30,0.8933333333333333,0.7285803426759341,0.7246802928838009,0.0015579977829834543,0.0,0.0,0.12640062428511745,1.0,0.0028265999999348423,0.01961159999996198,0.22369560000015554,
iris,BALDSampler,,main,clean,0.0,2,0.3,45,0.9266666666666666,0.7959037461477685,0.8018797324369291,0.0012724592149413942,0.0,0.0,0.08394819012346506,1.0,0.030896799999936775,0.054690700000037396,0.32887190000019473,
iris,BALDSampler,,main,clean,0.0,3,0.05,7,0.8133333333333334,0.5357942500546836,0.5464083412157387,0.005049627549079838,0.0,0.0,0.22651976418311756,1.0,0.00207589999990887,0.012668999999959851,0.1773885000000064,
iris,BALDSampler,,main,clean,0.0,3,0.1,15,0.7866666666666666,0.4890010739736287,0.49620345111240305,0.003952734372912461,0.0,0.0,0.23647163969677806,1.0,0.0012576999999964755,0.011468500000091808,0.21159069999998792,
iris,BALDSampler,,main,clean,0.0,3,0.15,22,0.7533333333333333,0.4649486455651194,0.4571545039228386,0.0033807438091564756,0.0,0.0,0.054670797651601225,1.0,0.0020615999999336054,0.011959599999954662,0.2460244999999759,
iris,BALDSampler,,main,clean,0.0,3,0.2,30,0.74,0.46891672508771975,0.45571371219378404,0.0025824449971580503,0.0,0.0,0.11100291708246487,1.0,0.0020164999998542044,0.013965800000050876,0.28398970000012014,
iris,BALDSampler,,main,clean,0.0,3,0.3,45,0.9133333333333333,0.767290343969384,0.7708655411110612,0.0018000363822974208,0.0,0.0,0.12099139996270016,1.0,0.0018689000000904343,0.01390369999990071,0.3193644000000404,
iris,BALDSampler,,main,clean,0.0,4,0.05,7,0.7866666666666666,0.5325724904852677,0.5233152460254091,0.002505134346293132,0.0,0.0,0.005429624067482486,1.0,0.0021705000001475128,0.008513500000162821,0.061275199999954566,
iris,BALDSampler,,main,clean,0.0,4,0.1,15,0.7933333333333333,0.5403899429641931,0.5338898891901083,0.0021374387486955485,0.0,0.0,0.052620112472004946,1.0,0.0019136000000798958,0.01067590000002383,0.09358550000001742,
iris,BALDSampler,,main,clean,0.0,4,0.15,22,0.7666666666666667,0.5038531392852209,0.4925268105947589,0.0017963580528527756,0.0,0.0,0.09271563067542823,1.0,0.004851899999948728,0.014016600000104518,0.13231089999999313,
iris,BALDSampler,,main,clean,0.0,4,0.2,30,0.7533333333333333,0.4770134428585324,0.4685258559789322,0.0015238408294676112,0.0,0.0,0.08345071766991265,1.0,0.0019035999998777697,0.010903300000109084,0.16284599999994498,
iris,BALDSampler,,main,clean,0.0,4,0.3,45,0.7333333333333333,0.448508945338573,0.435705408245454,0.001319172375827112,0.0,0.0,0.13182697021200301,1.0,0.0018751000000065687,0.0108181999999033,0.19690569999988838,
iris,BALDSampler,,main,clean,0.0,5,0.05,7,0.82,0.5874797407232872,0.5788679501544939,0.003548038773488707,0.0,0.0,0.18050329803353155,1.0,0.0009858999999323714,0.003685700000005454,0.04753989999994701,
iris,BALDSampler,,main,clean,0.0,5,0.1,15,0.8066666666666666,0.5607978038232156,0.5449365491310679,0.002709578709692073,0.0,0.0,0.18032886492905878,1.0,0.002267000000074404,0.010516600000073595,0.07565699999986464,
iris,BALDSampler,,main,clean,0.0,5,0.15,22,0.7866666666666666,0.5526850045636086,0.5202254373130382,0.0023788856341024145,0.0,0.0,0.06001060136750036,1.0,0.001317800000151692,0.00561070000003383,0.09527509999998074,
iris,BALDSampler,,main,clean,0.0,5,0.2,30,0.76,0.5121908465036336,0.48049339428697213,0.0020691743656114942,0.0,0.0,0.10192468386245715,1.0,0.0013232999999672757,0.006025800000088566,0.11529429999995955,
iris,BALDSampler,,main,clean,0.0,5,0.3,45,0.6533333333333333,0.4988701497586228,0.4070058339030756,0.0016204955674038845,0.0,0.0,0.10392477142761582,1.0,0.0013203000000885368,0.0038504999999986467,0.14323990000002595,
iris,BALDSampler,,main,clean,0.0,6,0.05,7,0.8066666666666666,0.5453934336702313,0.5435733933483371,0.002438582400952065,0.0,0.0,0.010909041322195084,1.0,0.0009310000000368746,0.060432199999922886,0.12667630000009922,
iris,BALDSampler,,main,clean,0.0,6,0.1,15,0.7266666666666667,0.4907388948420886,0.4523574123853654,0.00228008868022268,0.0,0.0,0.016804775133630503,1.0,0.0017972000000554544,0.020271599999887258,0.1675873000001502,
iris,BALDSampler,,main,clean,0.0,6,0.15,22,0.8333333333333334,0.659486892724918,0.6201351808870379,0.002312444147381768,0.0,0.0,0.021819981264247668,1.0,0.0007703000001129112,0.0036611000000448257,0.1922908000001371,
iris,BALDSampler,,main,clean,0.0,6,0.2,30,0.86,0.6890518004413542,0.6638956080488512,0.0022565813664071517,0.0,0.0,0.2310090275752621,1.0,0.0018486000001303182,0.018829100000175458,0.23604100000011385,
iris,BALDSampler,,main,clean,0.0,6,0.3,45,0.9066666666666666,0.7542575670288613,0.7559238095238096,0.0018157848319315087,0.0,0.0,0.09723441501403467,1.0,0.0007871999998769752,0.004871499999808293,0.2611186000001453,
iris,BALDSampler,,main,clean,0.0,7,0.05,7,0.8333333333333334,0.6588407919873353,0.6199243317810601,0.002376795055821404,0.0,0.0,0.07970684117594076,1.0,0.002094999999826541,0.03207369999995535,0.09793119999994815,
iris,BALDSampler,,main,clean,0.0,7,0.1,15,0.8666666666666667,0.6981281862909945,0.676005958011242,0.002019127997744445,0.0,0.0,0.07386496826414432,1.0,0.0020203999999921507,0.009753400000136025,0.12732329999994363,
iris,BALDSampler,,main,clean,0.0,7,0.15,22,0.88,0.7160100313235859,0.7011154962653707,0.0019039518233306169,0.0,0.0,0.1127999154009293,1.0,0.001264700000092489,0.006650399999898582,0.150970099999995,
iris,BALDSampler,,main,clean,0.0,7,0.2,30,0.92,0.8030703904742088,0.7874017024726389,0.0017110625396311516,0.0,0.0,0.09252061246534889,1.0,0.0017534999999497813,0.006610499999851527,0.18135260000008202,
iris,BALDSampler,,main,clean,0.0,7,0.3,45,0.9333333333333333,0.8130427037493442,0.818005634903832,0.0014676824764551012,0.0,0.0,0.11332681641421963,1.0,0.001246699999910561,0.010254000000031738,0.21351529999992636,
iris,BALDSampler,,main,clean,0.0,8,0.05,7,0.8333333333333334,0.659486892724918,0.6201351808870379,0.0033925618419350934,0.0,0.0,0.18117438634639899,1.0,0.0021061999998437386,0.046823599999925136,0.11460230000011506,
iris,BALDSampler,,main,clean,0.0,8,0.1,15,0.8133333333333334,0.6261363537161067,0.5857875600308373,0.002589440253216259,0.0,0.0,0.1404824824357241,1.0,0.0022469000000455708,0.011958399999912217,0.14909390000002531,
iris,BALDSampler,,main,clean,0.0,8,0.15,22,0.7733333333333333,0.6112067934507569,0.5452201021757227,0.002283689554158847,0.0,0.0,0.1484430225807944,1.0,0.0018798000000970205,0.011180400000057489,0.17687640000008287,
iris,BALDSampler,,main,clean,0.0,8,0.2,30,0.7133333333333334,0.5853845933682159,0.5031650865042018,0.0021435848262652372,0.0,0.0,0.04946140029882759,1.0,0.002191899999843372,0.007467500000075233,0.2021661999999651,
iris,BALDSampler,,main,clean,0.0,8,0.3,45,0.8866666666666667,0.7303731197671405,0.7149297829556379,0.0021180365398051496,0.0,0.0,0.0867300566897554,1.0,0.002014099999996688,0.005902200000036828,0.22934910000003583,
iris,BALDSampler,,main,clean,0.0,9,0.05,7,0.8266666666666667,0.6124778284045994,0.5970114820861272,0.0030808370918393863,0.0,0.0,0.21087131229720443,1.0,0.002114099999971586,0.012136000000054992,0.06465860000002976,
iris,BALDSampler,,main,clean,0.0,9,0.1,15,0.74,0.5180110968974441,0.4833437518365951,0.002622019508814216,0.0,0.0,0.1683840727056375,1.0,0.0018772000000808475,0.007264999999961219,0.09409949999985656,
iris,BALDSampler,,main,clean,0.0,9,0.15,22,0.7266666666666667,0.5220704196648656,0.473765844507674,0.002667668363576494,0.0,0.0,0.11054106937224635,1.0,0.0013382999998157175,0.010075099999994563,0.12485079999987647,
iris,BALDSampler,,main,clean,0.0,9,0.2,30,0.68,0.5114937952303026,0.4611614555969305,0.0022714615770202395,0.0,0.0,0.1397557753451269,1.0,0.0018849000000500382,0.01090199999998731,0.15364389999990635,
iris,BALDSampler,,main,clean,0.0,9,0.3,45,0.5333333333333333,0.4613225839944302,0.3683406433857937,0.0017994073711893016,0.0,0.0,0.10176298594092884,1.0,0.0012951999999586405,0.005486100000098304,0.17234469999993962,
iris,BALDSampler,,main,clean,0.0,10,0.05,7,0.8333333333333334,0.659486892724918,0.6201351808870379,0.0038456383729746357,0.0,0.0,0.05159612009288078,1.0,0.0014636000000791682,0.005796800000098301,0.05403929999988577,
iris,BALDSampler,,main,clean,0.0,10,0.1,15,0.8466666666666667,0.672843838367481,0.6410058621782706,0.002084545931866355,0.0,0.0,0.23934805714535576,1.0,0.0013695000000097934,0.0049559000001409,0.07610619999991286,
iris,BALDSampler,,main,clean,0.0,10,0.15,22,0.88,0.7139461047527011,0.7007836734693877,0.0018798410230472953,0.0,0.0,0.10772055141620548,1.0,0.0019173000000591855,0.008949900000061461,0.10114459999999781,
iris,BALDSampler,,main,clean,0.0,10,0.2,30,0.9066666666666666,0.7549662813240525,0.7559915343224466,0.0017533760379933698,0.0,0.0,0.10028188109783298,1.0,0.0018230999999104824,0.006315499999800522,0.1262944999998581,
iris,BALDSampler,,main,clean,0.0,10,0.3,45,0.92,0.7773403198092464,0.7859265306122449,0.0015209836127706303,0.0,0.0,0.0446911267838823,1.0,0.0018503000001146575,0.006182200000012017,0.15049999999996544,
iris,BALDSampler,,main,clean,0.0,11,0.05,7,0.86,0.6890518004413543,0.6638956080488512,0.0026801834948828596,0.0,0.0,0.023436539715314703,1.0,0.0026748000000225147,0.008337900000014997,0.0638271000000259,
iris,BALDSampler,,main,clean,0.0,11,0.1,15,0.8733333333333333,0.6932539307214272,0.6835874981535613,0.00227557601056411,0.0,0.0,0.041374372699355996,1.0,0.0011769999998705316,0.007367800000110947,0.08342369999991206,
iris,BALDSampler,,main,clean,0.0,11,0.15,22,0.8733333333333333,0.6932539307214272,0.6835874981535613,0.0017630679585103,0.0,0.0,0.10366562073717045,1.0,0.0012741999998979736,0.003225899999961257,0.09684070000002976,
iris,BALDSampler,,main,clean,0.0,11,0.2,30,0.88,0.7060957820405909,0.6972491718817473,0.001597853316126309,0.0,0.0,0.07148474081567327,1.0,0.0010078000000248721,0.002215299999988929,0.11032010000008086,
iris,BALDSampler,,main,clean,0.0,11,0.3,45,0.9,0.7577910040723149,0.7429751965483791,0.0013615238655566464,0.0,0.0,0.13471210122884203,1.0,0.001260599999795886,0.00453020000009019,0.12692390000006526,
iris,BALDSampler,,main,clean,0.0,12,0.05,7,0.8266666666666667,0.5707801936996932,0.5814720220374919,0.003013633768250118,0.0,0.0,0.031245144788172585,1.0,0.0016319999999723223,0.01447680000001128,0.06857250000007298,
iris,BALDSampler,,main,clean,0.0,12,0.1,15,0.7866666666666666,0.5028371419729724,0.5079806288617033,0.002720029866280612,0.0,0.0,0.2210579557656388,1.0,0.0013116999998601386,0.006864700000051016,0.09082970000008572,
iris,BALDSampler,,main,clean,0.0,12,0.15,22,0.7533333333333333,0.47532905613175686,0.4661500398172263,0.002477046833760948,0.0,0.0,0.019928951245821374,1.0,0.0018279999999322172,0.010727599999881932,0.13191210000013598,
iris,BALDSampler,,main,clean,0.0,12,0.2,30,0.72,0.45358057858967055,0.43731294169265245,0.001915748489492556,0.0,0.0,0.16216367887410754,1.0,0.0013059000000339438,0.01886519999993652,0.17968150000001515,
iris,BALDSampler,,main,clean,0.0,12,0.3,45,0.8933333333333333,0.73379440721263,0.7276184569180799,0.0017041989525697872,0.0,0.0,0.14330736824387383,1.0,0.0018967999999404128,0.01608770000007098,0.215908600000148,
iris,BALDSampler,,main,clean,0.0,13,0.05,7,0.8333333333333334,0.659486892724918,0.6201351808870379,0.0028178412229456495,0.0,0.0,0.0035041312208461406,1.0,0.0012511000002177752,0.006518200000073193,0.05472239999994599,
iris,BALDSampler,,main,clean,0.0,13,0.1,15,0.84,0.665590288299027,0.6302367346938775,0.0018226185572827874,0.0,0.0,0.04657871348697229,1.0,0.002019300000029034,0.01067190000003393,0.08632949999991979,
iris,BALDSampler,,main,clean,0.0,13,0.15,22,0.86,0.6907358850090398,0.6642681063461342,0.001354671926956327,0.0,0.0,0.07347980865804063,1.0,0.0023372000000563276,0.011053800000127012,0.11575939999988805,
iris,BALDSampler,,main,clean,0.0,13,0.2,30,0.88,0.7060957820405909,0.6972491718817473,0.0012004680901048538,0.0,0.0,0.07760599354322954,1.0,0.0017531000000872154,0.009305199999971592,0.13869729999987612,
iris,BALDSampler,,main,clean,0.0,13,0.3,45,0.8933333333333333,0.7369386693284251,0.7258030326964697,0.0009471475797395694,0.0,0.0,0.0848883020819993,1.0,0.001202599999942322,0.006053700000165918,0.1602960999998686,
iris,BALDSampler,,main,clean,0.0,14,0.05,7,0.8,0.6003596377017547,0.5519116719411182,0.0021773675218548227,0.0,0.0,0.006966033017906242,1.0,0.001464899999973568,0.007119699999975637,0.051938400000153706,
iris,BALDSampler,,main,clean,0.0,14,0.1,15,0.7133333333333334,0.5879218108407793,0.49269021976893257,0.00205691025347441,0.0,0.0,0.02124430600715034,1.0,0.0018972000000303524,0.012098500000092827,0.09371730000020762,
iris,BALDSampler,,main,clean,0.0,14,0.15,22,0.58,0.6119933711737433,0.4534407698494855,0.0019390466959901959,0.0,0.0,0.08838517087508858,1.0,0.0019205999999485357,0.02037819999986823,0.12887460000001738,
iris,BALDSampler,,main,clean,0.0,14,0.2,30,0.5866666666666667,0.6338878986664648,0.46664346461627515,0.0038671880841730996,0.0,0.0,0.14762349366603242,1.0,0.0009181999998872925,0.007083200000124634,0.14698840000005475,
iris,BALDSampler,,main,clean,0.0,14,0.3,45,0.7466666666666667,0.6289868364696006,0.5431825181697703,0.0022732836195673805,0.0,0.0,0.02415420501493657,1.0,0.000807300000133182,0.00281900000004498,0.1695513000001938,
iris,BALDSampler,,main,clean,0.0,15,0.05,7,0.7866666666666666,0.5500036418880931,0.5317234829184382,0.003277915780276641,0.0,0.0,0.17358633018607145,1.0,0.002449999999953434,0.01506729999982781,0.06600920000005317,
iris,BALDSampler,,main,clean,0.0,15,0.1,15,0.7466666666666667,0.5101063140775121,0.48174298371191077,0.003048154491397642,0.0,0.0,0.08584798947542135,1.0,0.0019680000000334985,0.008596399999987625,0.09225270000001728,
iris,BALDSampler,,main,clean,0.0,15,0.15,22,0.7066666666666667,0.4674881492359676,0.4292797274056412,0.0033539211088388205,0.0,0.0,0.037600063427446755,1.0,0.0026530000000093423,0.01256310000007943,0.11869999999998981,
iris,BALDSampler,,main,clean,0.0,15,0.2,30,0.6733333333333333,0.4446663267641797,0.39619285513181296,0.0024394022857245,0.0,0.0,0.07439398964899321,1.0,0.0013191000000460917,0.004915600000003906,0.14175629999999728,
iris,BALDSampler,,main,clean,0.0,15,0.3,45,0.6266666666666667,0.4405063337971022,0.3636106450611584,0.001987570044119817,0.0,0.0,0.1507976006479804,1.0,0.0014708999999584194,0.00634700000000521,0.17295239999998557,
iris,BALDSampler,,main,clean,0.0,16,0.05,7,0.8133333333333334,0.5476969271247464,0.5492432890831404,0.0019125165347352226,0.0,0.0,0.0022030301946847075,1.0,0.0014572000000043772,0.007437399999844274,0.06066149999992376,
iris,BALDSampler,,main,clean,0.0,16,0.1,15,0.7933333333333333,0.4926094108507009,0.502639011725771,0.0015428495173242579,0.0,0.0,0.03368823231949053,1.0,0.0019881999999142863,0.011238399999911053,0.09831209999993007,
iris,BALDSampler,,main,clean,0.0,16,0.15,22,0.76,0.4784399058109778,0.4716227274915358,0.0015121914149475882,0.0,0.0,0.04044751638110319,1.0,0.0061709999999948195,0.015113599999949656,0.1491556999999375,
iris,BALDSampler,,main,clean,0.0,16,0.2,30,0.8533333333333334,0.690469351964474,0.6545277665180381,0.0012875855292395627,0.0,0.0,0.024971209518173207,1.0,0.002284400000007736,0.018114299999979266,0.1957151999999951,
iris,BALDSampler,,main,clean,0.0,16,0.3,45,0.88,0.7139461047527011,0.7007836734693877,0.0020537946515912396,0.0,0.0,0.04514692929797937,1.0,0.0021452999999382882,0.013495000000148138,0.2327304999998887,
iris,BALDSampler,,main,clean,0.0,17,0.05,7,0.8066666666666666,0.5656780397861423,0.5568642169721646,0.003287178561195106,0.0,0.0,0.007009845795870107,1.0,0.00260430000002998,0.011928200000056677,0.07138820000000123,
iris,BALDSampler,,main,clean,0.0,17,0.1,15,0.7866666666666666,0.5199189263084989,0.5103707439280311,0.0022728129666025818,0.0,0.0,0.07406853555963938,1.0,0.0021339999998417625,0.01132170000005317,0.10552460000008068,
iris,BALDSampler,,main,clean,0.0,17,0.15,22,0.76,0.4896148660583569,0.4689429791266239,0.001920022048147099,0.0,0.0,0.059028045091113465,1.0,0.001912899999979345,0.011972400000104244,0.14564629999995304,
iris,BALDSampler,,main,clean,0.0,17,0.2,30,0.7866666666666666,0.5296006858649858,0.520420457519205,0.0017658027851709945,0.0,0.0,0.17563358362596815,1.0,0.0012762000001202978,0.010651699999925768,0.17232940000008057,
iris,BALDSampler,,main,clean,0.0,17,0.3,45,0.7466666666666667,0.5296638462082746,0.49421684367023794,0.001684849895271422,0.0,0.0,0.14328489856199614,1.0,0.001957500000116852,0.01342560000011872,0.20616979999999785,
iris,BALDSampler,,main,clean,0.0,18,0.05,7,0.82,0.5942912327585488,0.5821633003154977,0.004980162230035723,0.0,0.0,0.19905888861078647,1.0,0.002492699999947945,0.013179100000115795,0.059271000000080676,
iris,BALDSampler,,main,clean,0.0,18,0.1,15,0.8133333333333334,0.5692994656470155,0.5608291884745836,0.0037478935591798643,0.0,0.0,0.1828089743607239,1.0,0.0021907000000283006,0.009777200000144148,0.08807249999995292,
iris,BALDSampler,,main,clean,0.0,18,0.15,22,0.8,0.5517094318646846,0.5353840283851449,0.003383691024024122,0.0,0.0,0.23313989016822992,1.0,0.001245800000106101,0.004297299999961979,0.1072246000001087,
iris,BALDSampler,,main,clean,0.0,18,0.2,30,0.7866666666666666,0.5476580602358903,0.5186155066238736,0.0026843303804184176,0.0,0.0,0.12612841443616096,1.0,0.0017456000000493077,0.005703699999912715,0.1292856000000029,
iris,BALDSampler,,main,clean,0.0,18,0.3,45,0.7466666666666667,0.5351222063199812,0.4922209552275207,0.002200403750338568,0.0,0.0,0.09625928203276736,1.0,0.0008470000000215805,0.003135600000177874,0.14793950000012046,
iris,BALDSampler,,main,clean,0.0,19,0.05,7,0.8133333333333334,0.5823428682740553,0.5713341304463152,0.0018145738637384556,0.0,0.0,0.07350753250341605,1.0,0.0021110999998654734,0.013284100000191756,0.07453799999984767,
iris,BALDSampler,,main,clean,0.0,19,0.1,15,0.8066666666666666,0.531080466776508,0.53423508312496,0.0014034623141104784,0.0,0.0,0.12818258111948758,1.0,0.0029449999999542342,0.015047399999957634,0.11664769999993041,
iris,BALDSampler,,main,clean,0.0,19,0.15,22,0.7466666666666667,0.4986763330162512,0.4652018902578097,0.0014214521001812816,0.0,0.0,0.10244430809181237,1.0,0.001360399999839501,0.008029900000110501,0.14954259999990427,
iris,BALDSampler,,main,clean,0.0,19,0.2,30,0.72,0.47573753281894193,0.431352857801352,0.0015131948284808003,0.0,0.0,0.15173288704017612,1.0,0.0028923999998369254,0.021707899999910296,0.20146069999987049,
iris,BALDSampler,,main,clean,0.0,19,0.3,45,0.9,0.751823353981513,0.7424064303816005,0.001301680782338366,0.0,0.0,0.12325494323605865,1.0,0.0022811999999703403,0.012182400000028792,0.2341730999999072,
iris,BALDSampler,,main,clean,0.0,20,0.05,7,0.8533333333333334,0.690469351964474,0.6545277665180381,0.004667256921103674,0.0,0.0,0.13017624988189289,1.0,0.0015774999999393913,0.007874300000139556,0.06678169999986494,
iris,BALDSampler,,main,clean,0.0,20,0.1,15,0.88,0.7346249737691952,0.703743816882739,0.00424117587848212,0.0,0.0,0.22522078060447503,1.0,0.0013189000001148088,0.004700499999898966,0.08664649999991525,
iris,BALDSampler,,main,clean,0.0,20,0.15,22,0.9,0.7577910040723148,0.7429751965483791,0.00396728518530054,0.0,0.0,0.08096458519992664,1.0,0.0021142000000509142,0.006085299999995186,0.10748590000002878,
iris,BALDSampler,,main,clean,0.0,20,0.2,30,0.9266666666666666,0.8125564476804747,0.8026452685653829,0.003432258485773443,0.0,0.0,0.15822087598522103,0.875,0.0015991999998732354,0.002817299999833267,0.1262214999999287,
iris,BALDSampler,,main,clean,0.0,20,0.3,45,0.9466666666666667,0.8621603459595923,0.851456931395815,0.0025458307426522737,0.0,0.0,0.13554642528961258,1.0,0.0012761000000409695,0.004207800000131101,0.14224590000003445,
iris,BALDSampler,,main,clean,0.0,21,0.05,7,0.8333333333333334,0.6227616767673504,0.6026569407784246,0.0030562539184270654,0.0,0.0,0.10862562660501737,1.0,0.002708999999867956,0.010897099999965576,0.07527520000007826,
iris,BALDSampler,,main,clean,0.0,21,0.1,15,0.8466666666666667,0.6518891449823618,0.6310491142893038,0.002883762595282613,0.0,0.0,0.18486420173995075,0.875,0.0019830999999612686,0.009421900000006644,0.1024851000001945,
iris,BALDSampler,,main,clean,0.0,21,0.15,22,0.84,0.6218819469038701,0.6157815362422403,0.0023983445578784784,0.0,0.0,0.07249413744263065,1.0,0.0007781000001614302,0.0024922000000060507,0.11213590000011209,
iris,BALDSampler,,main,clean,0.0,21,0.2,30,0.82,0.5693452726309288,0.5713744131502402,0.0017580379317695127,0.0,0.0,0.025507362864614205,1.0,0.0007613999998739018,0.0025547000000187836,0.12231390000010833,
iris,BALDSampler,,main,clean,0.0,21,0.3,45,0.8,0.5448121136961283,0.5395871394701194,0.0015644421696924963,0.0,0.0,0.10853441613715341,1.0,0.0007662000000436819,0.0030126000001473585,0.13276810000002115,
iris,BALDSampler,,main,clean,0.0,22,0.05,7,0.8,0.5594136739690462,0.548713180317885,0.002541682155883601,0.0,0.0,0.04224032591509483,1.0,0.0014561999998932151,0.005258300000150484,0.064641599999959,
iris,BALDSampler,,main,clean,0.0,22,0.1,15,0.7933333333333333,0.5263235711263733,0.5226672311255663,0.0019018710795730143,0.0,0.0,0.1422989539775673,1.0,0.001932500000066284,0.010527499999852807,0.09420589999990625,
iris,BALDSampler,,main,clean,0.0,22,0.15,22,0.7133333333333334,0.47005296045352557,0.4332269762451242,0.0016278414672696545,0.0,0.0,0.05096524136180815,1.0,0.0019095000000106666,0.010051699999849006,0.12097459999995408,
iris,BALDSampler,,main,clean,0.0,22,0.2,30,0.6666666666666666,0.42238131070973806,0.3797062263280437,0.0017095221041289084,0.0,0.0,0.07949347454621879,1.0,0.0019108999999843945,0.0048580000000129075,0.14291019999996024,
iris,BALDSampler,,main,clean,0.0,22,0.3,45,0.6133333333333333,0.4150385477154491,0.3483773493525585,0.0013251382809061315,0.0,0.0,0.092876383579844,1.0,0.0019520000000738946,0.007209299999885843,0.17477959999996528,
iris,BALDSampler,,main,clean,0.0,23,0.05,7,0.78,0.5291471718840739,0.5034407084555359,0.0032645236698570224,0.0,0.0,0.043066046284784054,1.0,0.0023014000000785018,0.03376370000000861,0.09872580000001108,
iris,BALDSampler,,main,clean,0.0,23,0.1,15,0.7333333333333333,0.47801433377921476,0.4485497494941775,0.0030005062087693005,0.0,0.0,0.17975028905101942,1.0,0.002238199999965218,0.013446299999941402,0.1280532000000676,
iris,BALDSampler,,main,clean,0.0,23,0.15,22,0.7066666666666667,0.4312179094074052,0.40230057554948956,0.002947812862283564,0.0,0.0,0.10041459550278464,1.0,0.0014790000000175496,0.014941700000008495,0.15632469999991372,
iris,BALDSampler,,main,clean,0.0,23,0.2,30,0.6666666666666666,0.4050145778155878,0.36511003454252333,0.0023343536666506487,0.0,0.0,0.12262016994202793,1.0,0.00628469999992376,0.005416299999978946,0.18786849999992228,
iris,BALDSampler,,main,clean,0.0,23,0.3,45,0.92,0.7808311536749418,0.7861639322874197,0.0019076041802461345,0.0,0.0,0.12013501243457489,1.0,0.0019303999999920052,0.009784699999954682,0.2308287000000746,
iris,BALDSampler,,main,clean,0.0,24,0.05,7,0.8,0.629311566749074,0.5742857142857143,0.004044615883684294,0.0,0.0,0.10854308253940267,1.0,0.004204600000093706,0.004942400000118141,0.05421339999998054,
iris,BALDSampler,,main,clean,0.0,24,0.1,15,0.7666666666666667,0.6071613032965413,0.5388415225610196,0.003561819820847953,0.0,0.0,0.17233157450533992,1.0,0.0013586000000032072,0.00655929999993532,0.07436780000011822,
iris,BALDSampler,,main,clean,0.0,24,0.15,22,0.8866666666666667,0.7234939951563694,0.7139803904763071,0.003388568403384037,0.0,0.0,0.27090604227888565,1.0,0.0012573000001339096,0.003789300000107687,0.09457810000003519,
iris,BALDSampler,,main,clean,0.0,24,0.2,30,0.9133333333333333,0.767290343969384,0.7708655411110612,0.003103904939431343,0.0,0.0,0.14304667608534966,1.0,0.0022747999998955493,0.005170700000007855,0.11916070000006584,
iris,BALDSampler,,main,clean,0.0,24,0.3,45,0.68,0.5800073569974031,0.4941485628478626,0.0018758011417729897,0.0,0.0,0.08431393055098862,1.0,0.003108700000211684,0.008587199999965378,0.14695069999993393,
iris,BALDSampler,,main,clean,0.0,25,0.05,7,0.8066666666666666,0.5461403318782265,0.5466771475234903,0.004593789433953756,0.0,0.0,0.020375729658056868,1.0,0.0024516000000858185,0.008135300000049028,0.056994499999973414,
iris,BALDSampler,,main,clean,0.0,25,0.1,15,0.7466666666666667,0.4880027893895649,0.4628744468494957,0.0034085087825298163,0.0,0.0,0.12682405294343335,1.0,0.0016672000001562992,0.013128300000062154,0.09070450000012897,
iris,BALDSampler,,main,clean,0.0,25,0.15,22,0.72,0.46256623054388213,0.4261219251452244,0.0037657645976898546,0.0,0.0,0.099881381547223,1.0,0.0013223000000834872,0.004881599999862374,0.1103989000000638,
iris,BALDSampler,,main,clean,0.0,25,0.2,30,0.6733333333333333,0.43525170653575124,0.3806493666084299,0.002963795268485163,0.0,0.0,0.08183672126432105,1.0,0.0012968000000910251,0.004879999999957363,0.1288549000000785,
iris,BALDSampler,,main,clean,0.0,25,0.3,45,0.58,0.422538803109936,0.34732576500160767,0.0024889774736275736,0.0,0.0,0.09387830111945762,1.0,0.0013045999999121705,0.005441900000050737,0.15904780000005303,
iris,BALDSampler,,main,clean,0.0,26,0.05,7,0.8,0.6010347945238744,0.5602300748390717,0.002558110129867855,0.0,0.0,0.03494838104875228,1.0,0.0014770000000225991,0.0054919000001518725,0.04736840000009579,
iris,BALDSampler,,main,clean,0.0,26,0.1,15,0.7733333333333333,0.5661841471951832,0.5280513213727985,0.0023919812003649864,0.0,0.0,0.1791456540116394,1.0,0.0012217000000873668,0.004498300000022937,0.06426880000003621,
iris,BALDSampler,,main,clean,0.0,26,0.15,22,0.7533333333333333,0.5550633929602249,0.5101683300511135,0.0020612786590974907,0.0,0.0,0.1145155939549968,1.0,0.0034646999999949912,0.00747430000001259,0.09600569999997788,
iris,BALDSampler,,main,clean,0.0,26,0.2,30,0.6866666666666666,0.5050776044139752,0.45893207861755186,0.0017677156319535706,0.0,0.0,0.07670807154543342,1.0,0.003875099999959275,0.00950009999996837,0.13152110000009998,
iris,BALDSampler,,main,clean,0.0,26,0.3,45,0.8933333333333333,0.7337944072126301,0.7276184569180799,0.0013396378185815397,0.0,0.0,0.1055213409736099,0.9333333333333333,0.0013850000000275031,0.00645329999997557,0.15167539999993096,
iris,BALDSampler,,main,clean,0.0,27,0.05,7,0.8066666666666666,0.635180813172581,0.5828577799714192,0.002318294145144395,0.0,0.0,0.21223078569124515,1.0,0.0025759000000107335,0.014371999999866603,0.07589099999995597,
iris,BALDSampler,,main,clean,0.0,27,0.1,15,0.7666666666666667,0.6075529380103233,0.539097352809606,0.0020321544383967542,0.0,0.0,0.1531854987420518,1.0,0.0013205999998717743,0.004928800000016054,0.09202529999993203,
iris,BALDSampler,,main,clean,0.0,27,0.15,22,0.7333333333333333,0.5957668744210505,0.5168220510741791,0.0020348888334467724,0.0,0.0,0.15321305449915798,1.0,0.0012406999999257096,0.003525800000033996,0.11067279999997481,
iris,BALDSampler,,main,clean,0.0,27,0.2,30,0.6933333333333334,0.5885854647266857,0.503197332603128,0.0018190504123879805,0.0,0.0,0.19086960671118025,1.0,0.0032541000000492204,0.006036699999867778,0.1388297999999395,
iris,BALDSampler,,main,clean,0.0,27,0.3,45,0.9466666666666667,0.8322171290759947,0.8508386787884723,0.0014378348662125117,0.0,0.0,0.11347152129173106,1.0,0.004077700000152618,0.011553299999832234,0.1666135000000395,
iris,BALDSampler,,main,clean,0.0,28,0.05,7,0.8466666666666667,0.672843838367481,0.6410058621782706,0.002643474705051163,0.0,0.0,0.006167797226005189,1.0,0.0022865999999339692,0.015294100000119215,0.061156100000062,
iris,BALDSampler,,main,clean,0.0,28,0.1,15,0.8466666666666667,0.672843838367481,0.6410058621782706,0.0025634666025121256,0.0,0.0,0.0035975930652149962,1.0,0.0013676000000941713,0.01015159999997195,0.09063200000014149,
iris,BALDSampler,,main,clean,0.0,28,0.15,22,0.8466666666666667,0.6735735454651065,0.6412050161871702,0.0018591796127015686,0.0,0.0,0.041788053840866764,1.0,0.0014074999999138527,0.007660499999929016,0.11262759999999616,
iris,BALDSampler,,main,clean,0.0,28,0.2,30,0.86,0.6933208584680062,0.6648253082377061,0.0014555098622620194,0.0,0.0,0.02482865359940148,1.0,0.001800600000024133,0.011719100000163962,0.1418565999999828,
iris,BALDSampler,,main,clean,0.0,28,0.3,45,0.88,0.7277351910916086,0.7028455614106202,0.0011230651044920488,0.0,0.0,0.06447353134865469,1.0,0.0026709999999638967,0.0062397000001510605,0.1670016000000487,
iris,BALDSampler,,main,clean,0.0,29,0.05,7,0.7933333333333333,0.5617225490592905,0.5254525509642323,0.0047815843613037215,0.0,0.0,0.06067765686278223,1.0,0.0028425999998944462,0.02313359999993736,0.07350449999989905,
iris,BALDSampler,,main,clean,0.0,29,0.1,15,0.74,0.4465761756645259,0.4261255531274123,0.0026422447330678514,0.0,0.0,0.2273828341476039,1.0,0.001308600000129445,0.006564099999877726,0.09587199999987206,
iris,BALDSampler,,main,clean,0.0,29,0.15,22,0.7066666666666667,0.39833998726042275,0.373867340540643,0.0030765238728800515,0.0,0.0,0.19747412784844356,1.0,0.0018602999998620362,0.007837599999902523,0.12213509999992311,
iris,BALDSampler,,main,clean,0.0,29,0.2,30,0.6733333333333333,0.3750477365371424,0.3408647480070261,0.002359501180500781,0.0,0.0,0.0997736393045063,1.0,0.0013343000000531902,0.010638599999992948,0.14898749999997563,
iris,BALDSampler,,main,clean,0.0,29,0.3,45,0.62,0.3728959537791903,0.3156683993069439,0.0021519315965209396,0.0,0.0,0.1142522049624986,1.0,0.0017196000001149514,0.008566700000073979,0.18682689999991453,
iris,BALDSampler,,main,clean,0.1,0,0.05,7,0.8133333333333334,0.6187947838596597,0.5862140681263024,0.0029589106299524326,0.0,0.0,0.24468446667276178,1.0,0.002242199999955119,0.010165000000142754,0.06380629999989651,
iris,BALDSampler,,main,clean,0.1,0,0.1,15,0.7733333333333333,0.5876821804593163,0.541411296560038,0.002317902543872055,0.0,0.0,0.09826602319716395,1.0,0.0019720000000233995,0.007077199999912409,0.09825599999999213,
iris,BALDSampler,,main,clean,0.1,0,0.15,22,0.74,0.5679252442070664,0.5137579039933375,0.002352749804294646,0.0,0.0,0.10157013286536144,1.0,0.001358299999992596,0.004884300000185249,0.11580419999995684,
iris,BALDSampler,,main,clean,0.1,0,0.2,30,0.7133333333333334,0.532597838196948,0.489939545615762,0.001913297126764829,0.0,0.0,0.05874426245884465,1.0,0.0013174999999137071,0.004607599999872036,0.13297379999994519,
iris,BALDSampler,,main,clean,0.1,0,0.3,45,0.8933333333333333,0.6870537420725007,0.7185571089960386,0.0014109043831257088,0.0,0.0,0.095710505571458,1.0,0.001226200000019162,0.004989900000055059,0.15875069999992775,
iris,BALDSampler,,main,clean,0.1,1,0.05,7,0.82,0.6496443831061652,0.6017906464957918,0.0018580785829881014,0.0,0.0,0.009506971401567865,1.0,0.002965500000073007,0.010319500000150583,0.08243050000010044,
iris,BALDSampler,,main,clean,0.1,1,0.1,15,0.82,0.6496443831061652,0.6017906464957918,0.0017310976803035089,0.0,0.0,0.05424909032455533,1.0,0.0024898000001485343,0.005729400000063833,0.11826410000003307,
iris,BALDSampler,,main,clean,0.1,1,0.15,22,0.8333333333333334,0.659486892724918,0.6201351808870379,0.0015856226929845435,0.0,0.0,0.14873156658304915,1.0,0.0020907999999053573,0.009538100000099803,0.14667660000009164,
iris,BALDSampler,,main,clean,0.1,1,0.2,30,0.8333333333333334,0.63880003261365,0.6153795963640961,0.0015629761427010877,0.0,0.0,0.047145314317458234,1.0,0.003273999999919397,0.010160699999914868,0.1780865000000631,
iris,BALDSampler,,main,clean,0.1,1,0.3,45,0.8733333333333333,0.6745389503737803,0.6811860932350137,0.0013283506759872905,0.0,0.0,0.07013921358682772,1.0,0.002221500000132437,0.017242600000145103,0.21603529999993043,
iris,BALDSampler,,main,clean,0.1,2,0.05,7,0.8066666666666666,0.6192100791663194,0.5795757671627181,0.002887364089780853,0.0,0.0,0.0655415047237925,1.0,0.002679599999964921,0.017534800000021278,0.07429669999987709,
iris,BALDSampler,,main,clean,0.1,2,0.1,15,0.8533333333333334,0.660639383114608,0.648190815631614,0.0025009335373371404,0.0,0.0,0.07144721855707083,1.0,0.0020970000000488653,0.009776299999884941,0.10828479999986484,
iris,BALDSampler,,main,clean,0.1,2,0.15,22,0.8533333333333334,0.6432598416107558,0.6443759676195981,0.001981127871426918,0.0,0.0,0.11397492290833354,1.0,0.0019684999999753927,0.01173489999996491,0.14318460000004052,
iris,BALDSampler,,main,clean,0.1,2,0.2,30,0.8533333333333334,0.6432598416107558,0.6443759676195981,0.0017155909935224513,0.0,0.0,0.12552095966093857,1.0,0.0018586000001050706,0.011429099999986647,0.17661240000006728,
iris,BALDSampler,,main,clean,0.1,2,0.3,45,0.88,0.6779520618401871,0.6940917348420925,0.0013930939277365735,0.0,0.0,0.0762826046699039,1.0,0.0018018999999185326,0.013633399999889662,0.21077739999986989,
iris,BALDSampler,,main,clean,0.1,3,0.05,7,0.82,0.5499890459224253,0.5594790005749916,0.005049627549079838,0.0,0.0,0.22651976418311756,1.0,0.001974399999880916,0.011842200000046432,0.05932140000004438,
iris,BALDSampler,,main,clean,0.1,3,0.1,15,0.8,0.5052037659213773,0.5175479682478913,0.003980287739315431,0.0,0.0,0.23777030763594822,1.0,0.0013273999998091313,0.005970700000034412,0.07807990000014797,
iris,BALDSampler,,main,clean,0.1,3,0.15,22,0.7733333333333333,0.47801399637781505,0.47983337919722013,0.0033380132361221187,0.0,0.0,0.09444273323757595,1.0,0.0011431000000357017,0.09231260000001384,0.19188020000001416,
iris,BALDSampler,,main,clean,0.1,3,0.2,30,0.7533333333333333,0.4649486455651194,0.4571545039228386,0.0026697653822476894,0.0,0.0,0.08425363501218203,1.0,0.0016256999999768595,0.00789929999996275,0.21542300000010073,
iris,BALDSampler,,main,clean,0.1,3,0.3,45,0.8933333333333333,0.6987907866067914,0.7197728450262934,0.0019348551258292397,0.0,0.0,0.08137802403793734,1.0,0.0016504000000168162,0.008564099999830432,0.3700532000000294,
iris,BALDSampler,,main,clean,0.1,4,0.05,7,0.78,0.5361586070134869,0.5210366113845191,0.002505134346293132,0.0,0.0,0.005429624067482486,1.0,0.002148799999986295,0.03917520000004515,0.11577150000016445,
iris,BALDSampler,,main,clean,0.1,4,0.1,15,0.7733333333333333,0.5236491199221827,0.5091652726573878,0.0021622576908657543,0.0,0.0,0.04883072551668716,1.0,0.0010802000001604029,0.004627199999958975,0.13146530000017265,
iris,BALDSampler,,main,clean,0.1,4,0.15,22,0.7533333333333333,0.4722208826623634,0.4710523206479124,0.0018383842395465675,0.0,0.0,0.0951446915291998,1.0,0.0010363999999754014,0.004807199999959266,0.14733190000015384,
iris,BALDSampler,,main,clean,0.1,4,0.2,30,0.74,0.44912421736268093,0.44532340623545835,0.0015934809045200504,0.0,0.0,0.16975383913396958,1.0,0.0012440000000424334,0.21930300000008174,0.3781378000001041,
iris,BALDSampler,,main,clean,0.1,4,0.3,45,0.7266666666666667,0.3952989271314089,0.40277248736649784,0.0013255254651400132,0.0,0.0,0.055747944030517416,1.0,0.0012154999999438587,0.004899300000033691,0.47859680000010485,
iris,BALDSampler,,main,clean,0.1,5,0.05,7,0.84,0.632409892896336,0.6216320560295373,0.003548038773488707,0.0,0.0,0.18050329803353155,1.0,0.0012394999998832645,0.00682690000007824,0.08195699999987482,
iris,BALDSampler,,main,clean,0.1,5,0.1,15,0.8533333333333334,0.6332375169668364,0.6409288376119088,0.002882977805816117,0.0,0.0,0.28049026890307194,1.0,0.0017093999999815424,0.007547499999873253,0.13676639999994222,
iris,BALDSampler,,main,clean,0.1,5,0.15,22,0.8266666666666667,0.5833492596245785,0.5856501677233977,0.002215100042987849,0.0,0.0,0.2106668184144898,1.0,0.001029199999948105,0.0036632000001191045,0.14953459999992447,
iris,BALDSampler,,main,clean,0.1,5,0.2,30,0.8,0.5239621719596661,0.5309960464531778,0.0018485798644889834,0.0,0.0,0.26719326557635736,1.0,0.0010181000000102358,0.0037222000000838307,0.16214199999990342,
iris,BALDSampler,,main,clean,0.1,5,0.3,45,0.7533333333333333,0.45620275950469513,0.45643923730760394,0.001442487790044041,0.0,0.0,0.06355754590158384,1.0,0.001119799999969473,0.056262199999991935,0.23343580000005204,
iris,BALDSampler,,main,clean,0.1,6,0.05,7,0.7933333333333333,0.5488597754668476,0.5339765540078172,0.002438582400952065,0.0,0.0,0.010909041322195084,1.0,0.0022792999998273444,0.012406199999986711,0.0721229000000676,
iris,BALDSampler,,main,clean,0.1,6,0.1,15,0.7466666666666667,0.488689930791701,0.46591508143980204,0.0023757115874086625,0.0,0.0,0.05663498811870722,1.0,0.0019203000001652981,0.011222799999814015,0.10825120000004063,
iris,BALDSampler,,main,clean,0.1,6,0.15,22,0.7066666666666667,0.45235757840961494,0.4290279694233137,0.0023491621013515024,0.0,0.0,0.022435936141213038,1.0,0.001960300000064308,0.009759799999983443,0.14858300000014424,
iris,BALDSampler,,main,clean,0.1,6,0.2,30,0.6866666666666666,0.41595657841249084,0.40682546128904645,0.0021686305652082877,0.0,0.0,0.09681695261460962,1.0,0.1405282000000625,0.01745970000001762,0.6273803999999927,
iris,BALDSampler,,main,clean,0.1,6,0.3,45,0.84,0.590984128715991,0.6082930035251239,0.001890113310331872,0.0,0.0,0.05213866212146021,1.0,0.0022160000000894797,0.013946499999974549,0.6874434000001202,
iris,BALDSampler,,main,clean,0.1,7,0.05,7,0.8266666666666667,0.6307737018736306,0.6049788275365808,0.002376795055821404,0.0,0.0,0.07970684117594076,1.0,0.04510000000004766,0.008405099999890808,0.49151869999991504,
iris,BALDSampler,,main,clean,0.1,7,0.1,15,0.8533333333333334,0.6682972337055134,0.6500829456452523,0.0020368255313013076,0.0,0.0,0.0852265557268343,1.0,0.0011839000001145905,0.00564699999995355,0.5100213999999141,
iris,BALDSampler,,main,clean,0.1,7,0.15,22,0.88,0.699989200025397,0.6969044574302194,0.0019168960857255865,0.0,0.0,0.10685931524190259,1.0,0.0011806999998498213,0.003934800000024552,0.6249307000000499,
iris,BALDSampler,,main,clean,0.1,7,0.2,30,0.88,0.6985948532707884,0.6951095971683531,0.0018200293300745692,0.0,0.0,0.03981358922114518,1.0,0.0011047999998936575,0.004959699999972145,0.6417311000000154,
iris,BALDSampler,,main,clean,0.1,7,0.3,45,0.9,0.7179316361127641,0.735389379488034,0.0015061819577397181,0.0,0.0,0.13790623050391523,1.0,0.0013071999999283435,0.005039800000076866,0.781602600000042,
iris,BALDSampler,,main,clean,0.1,8,0.05,7,0.8333333333333334,0.6063817289679565,0.5904919498254924,0.0033925618419350934,0.0,0.0,0.18117438634639899,1.0,0.0013315999999576889,0.04949469999996836,0.09932240000011916,
iris,BALDSampler,,main,clean,0.1,8,0.1,15,0.8066666666666666,0.6147770086941368,0.5781796625849676,0.00238500976792177,0.0,0.0,0.02991359092585731,1.0,0.0011337999999341264,0.007808900000100039,0.11818710000011379,
iris,BALDSampler,,main,clean,0.1,8,0.15,22,0.7866666666666666,0.5845755158539185,0.5483452901910386,0.003049740922891215,0.0,0.0,0.2896709022708804,1.0,0.0010899999999764987,0.004745599999978367,0.17849870000009105,
iris,BALDSampler,,main,clean,0.1,8,0.2,30,0.74,0.5311737563516186,0.4955613768490868,0.002453105403895761,0.0,0.0,0.14389064539888174,1.0,0.001053800000136107,0.004162500000120417,0.19200190000015027,
iris,BALDSampler,,main,clean,0.1,8,0.3,45,0.86,0.62840041533631,0.6483707814088184,0.0019480144958055482,0.0,0.0,0.09279044738813196,1.0,0.0010360000001128356,0.0032366000000365602,0.2061869999999999,
iris,BALDSampler,,main,clean,0.1,9,0.05,7,0.7866666666666666,0.5764187724751021,0.5432388755007024,0.0030808370918393863,0.0,0.0,0.21087131229720443,1.0,0.0012149000001500099,0.005023899999969217,0.1092558000000281,
iris,BALDSampler,,main,clean,0.1,9,0.1,15,0.7533333333333333,0.5185621785835742,0.48304438876277034,0.0026355042435372428,0.0,0.0,0.09911156303175188,1.0,0.002139599999964048,0.004308199999968565,0.12920250000001943,
iris,BALDSampler,,main,clean,0.1,9,0.15,22,0.74,0.5035288659028344,0.4602693779717249,0.0023950213303817747,0.0,0.0,0.10629954730413907,1.0,0.0010213000000476313,0.00380459999996674,0.14314569999987725,
iris,BALDSampler,,main,clean,0.1,9,0.2,30,0.7,0.48771917542247334,0.423993312894605,0.002226751027884683,0.0,0.0,0.14221495525171252,1.0,0.00110299999982999,0.003985699999930148,0.16367689999992763,
iris,BALDSampler,,main,clean,0.1,9,0.3,45,0.66,0.47993111479030515,0.40103887009812567,0.002065030626052888,0.0,0.0,0.15932389188070115,0.9333333333333333,0.001105199999983597,0.0045118999998976506,0.18165810000004967,
iris,BALDSampler,,main,clean,0.1,10,0.05,7,0.8266666666666667,0.6534762508409035,0.6103971645085184,0.0038456383729746357,0.0,0.0,0.05159612009288078,1.0,0.0020958000000064203,0.009951099999852886,0.06158389999995961,
iris,BALDSampler,,main,clean,0.1,10,0.1,15,0.8333333333333334,0.6374460691634961,0.6150593632278577,0.0021667358501744546,0.0,0.0,0.18348716595670592,1.0,0.0018614000000525266,0.007879300000013245,0.0889035000000149,
iris,BALDSampler,,main,clean,0.1,10,0.15,22,0.8533333333333334,0.660639383114608,0.648190815631614,0.0019091940567279586,0.0,0.0,0.13446041432469943,1.0,0.002104199999848788,0.0072104000000763335,0.11282179999989239,
iris,BALDSampler,,main,clean,0.1,10,0.2,30,0.86,0.6479107042277182,0.6554697743755474,0.001820415625958468,0.0,0.0,0.06798636320735711,1.0,0.0026899000001776585,0.005950500000153625,0.13167649999991227,
iris,BALDSampler,,main,clean,0.1,10,0.3,45,0.8733333333333333,0.646015108189441,0.6742498139584873,0.0015192588496580005,0.0,0.0,0.049368789343145196,1.0,0.0008007999999790627,0.003933400000050824,0.14871129999983168,
iris,BALDSampler,,main,clean,0.1,11,0.05,7,0.8133333333333334,0.5896480673288476,0.5726832765728626,0.0026801834948828596,0.0,0.0,0.023436539715314703,1.0,0.002029900000025009,0.007450099999914528,0.044879000000037195,
iris,BALDSampler,,main,clean,0.1,11,0.1,15,0.7533333333333333,0.5344814541666155,0.49840454385908933,0.0025782685922985903,0.0,0.0,0.030209700968350267,1.0,0.0008041000000957865,0.0028086999998322426,0.06324029999996128,
iris,BALDSampler,,main,clean,0.1,11,0.15,22,0.72,0.47965782314488953,0.446986363953545,0.0020497995716580036,0.0,0.0,0.045222688337326296,1.0,0.002026200000045719,0.009220199999845136,0.09302269999989221,
iris,BALDSampler,,main,clean,0.1,11,0.2,30,0.6933333333333334,0.4590285067395368,0.4215339824397965,0.0017625038861269829,0.0,0.0,0.25754322540007124,0.875,0.0008244000000559026,0.007374400000117021,0.11680699999988065,
iris,BALDSampler,,main,clean,0.1,11,0.3,45,0.76,0.4925447003391648,0.45893059292256577,0.001446168777229262,0.0,0.0,0.1619107466974395,1.0,0.001284700000041994,0.005452099999956772,0.1410127999999986,
iris,BALDSampler,,main,clean,0.1,13,0.05,7,0.8266666666666667,0.6314115971077994,0.605088412838934,0.0028178412229456495,0.0,0.0,0.0035041312208461406,1.0,0.0014241999999740074,0.00717039999994995,0.08459390000007261,
iris,BALDSampler,,main,clean,0.1,13,0.1,15,0.8266666666666667,0.6095415478707221,0.599820223374497,0.0018340141517599155,0.0,0.0,0.04646334887942273,1.0,0.0012874000001374952,0.00636409999992793,0.16836530000000494,
iris,BALDSampler,,main,clean,0.1,13,0.15,22,0.8466666666666667,0.6209219896023754,0.62809167233946,0.0013789327527262735,0.0,0.0,0.05299201452550068,1.0,0.002872600000046077,0.013139800000089963,0.22190440000008493,
iris,BALDSampler,,main,clean,0.1,13,0.2,30,0.8533333333333334,0.6333512058417082,0.6405812075677391,0.0012738100168328478,0.0,0.0,0.05028417523536416,1.0,0.0018483999999716616,0.010943700000098033,0.25795860000016546,
iris,BALDSampler,,main,clean,0.1,13,0.3,45,0.8666666666666667,0.6502935875991358,0.6628595189493353,0.0010296431895711832,0.0,0.0,0.1424030673657784,1.0,0.001246499999979278,0.008251599999994141,0.286323799999991,
iris,BALDSampler,,main,clean,0.1,12,0.05,7,0.8266666666666667,0.575876400020196,0.583088621617989,0.003013633768250118,0.0,0.0,0.031245144788172585,1.0,0.0015400999998291809,0.022565200000144614,0.09400059999984478,
iris,BALDSampler,,main,clean,0.1,12,0.1,15,0.7933333333333333,0.5156591202110016,0.5209313235811551,0.002721060704915325,0.0,0.0,0.22180450646951633,1.0,0.0031238999999914085,0.013099999999894862,0.1507934999999634,
iris,BALDSampler,,main,clean,0.1,12,0.15,22,0.7533333333333333,0.4682990307422657,0.46335238995701244,0.0024944182828341432,0.0,0.0,0.07890196568494896,1.0,0.0035073000001375476,0.0150684000000183,0.1993316999999024,
iris,BALDSampler,,main,clean,0.1,12,0.2,30,0.7266666666666667,0.46361904592518416,0.4455826598530138,0.0020073429436127214,0.0,0.0,0.14369422136706167,1.0,0.0020421000001533685,0.0325719999998455,0.28585819999989326,
iris,BALDSampler,,main,clean,0.1,12,0.3,45,0.7,0.4768516627515081,0.4493641961399851,0.001879091744593046,0.0,0.0,0.1345597908677788,1.0,0.00599370000009003,0.015574799999967581,0.3749780999999075,
iris,BALDSampler,,main,clean,0.1,15,0.05,7,0.8,0.5691700421616517,0.5522201860823263,0.003277915780276641,0.0,0.0,0.17358633018607145,1.0,0.0016036000001804496,0.015534299999899304,0.07329730000014933,
iris,BALDSampler,,main,clean,0.1,15,0.1,15,0.7533333333333333,0.4868317954150124,0.47814573307896013,0.0031531894418556222,0.0,0.0,0.09219922159305544,1.0,0.002931699999862758,0.008472900000015215,0.10307239999997364,
iris,BALDSampler,,main,clean,0.1,15,0.15,22,0.7,0.42718130949160654,0.40785408962300534,0.0030801856493549323,0.0,0.0,0.05524256441710386,1.0,0.0018560999999408523,0.0078000999999403575,0.12909030000014354,
iris,BALDSampler,,main,clean,0.1,15,0.2,30,0.66,0.3978054856219473,0.36928095332371713,0.002260217670116714,0.0,0.0,0.10647917364551447,1.0,0.0019420999999510968,0.007423300000027666,0.15344230000005155,
iris,BALDSampler,,main,clean,0.1,15,0.3,45,0.6333333333333333,0.38810913834308297,0.3459721252037388,0.0019355459270828082,0.0,0.0,0.17084701667485883,1.0,0.0011342999998760206,0.004518799999914336,0.17856010000014066,
iris,BALDSampler,,main,clean,0.1,14,0.05,7,0.8066666666666666,0.577708910370883,0.5464406320847291,0.0021773675218548227,0.0,0.0,0.006966033017906242,1.0,0.0021070999998755724,0.01299210000001949,0.0922181000000819,
iris,BALDSampler,,main,clean,0.1,14,0.1,15,0.7466666666666667,0.5609343210861129,0.5004775325184662,0.0020748105222798616,0.0,0.0,0.030692418387936904,1.0,0.0015906999999515392,0.010850500000060492,0.13112359999990986,
iris,BALDSampler,,main,clean,0.1,14,0.15,22,0.52,0.5064702083779095,0.3841440884053861,0.0017834794927453351,0.0,0.0,0.005217783187476122,1.0,0.0018568000000414031,0.012236599999823738,0.16850859999999557,
iris,BALDSampler,,main,clean,0.1,14,0.2,30,0.5733333333333334,0.5003945128510385,0.4007458291025118,0.00364546630895151,0.0,0.0,0.09944270029048469,1.0,0.001934599999913189,0.014269400000102905,0.2030065999999806,
iris,BALDSampler,,main,clean,0.1,14,0.3,45,0.7266666666666667,0.49943856959531996,0.46619371801371884,0.0026128939327062155,0.0,0.0,0.06754471664293347,1.0,0.0016263999998500367,0.01028760000008333,0.24378909999995813,
iris,BALDSampler,,main,clean,0.1,16,0.05,7,0.82,0.5570313202057576,0.5605114250629286,0.0019125165347352226,0.0,0.0,0.0022030301946847075,1.0,0.00088370000003124,0.005133699999987584,0.05658359999983986,
iris,BALDSampler,,main,clean,0.1,16,0.1,15,0.7866666666666666,0.47140990169198915,0.49237550679817343,0.0015051550442458615,0.0,0.0,0.05938159547301543,1.0,0.0007827999997971347,0.0032922999998845626,0.0685876999998527,
iris,BALDSampler,,main,clean,0.1,16,0.15,22,0.7533333333333333,0.4497038229171648,0.4529055869433778,0.0015718280524995893,0.0,0.0,0.030926332518337922,1.0,0.0007808000000295579,0.0037918000000445318,0.08210629999985031,
iris,BALDSampler,,main,clean,0.1,16,0.2,30,0.82,0.581278928711107,0.5813531467533368,0.001425616178582131,0.0,0.0,0.01986110779627956,1.0,0.0007803999999396183,0.004539900000054331,0.10026259999995091,
iris,BALDSampler,,main,clean,0.1,16,0.3,45,0.8733333333333333,0.6392175880398585,0.6710629330966948,0.00211078626299737,0.0,0.0,0.13185025839086015,1.0,0.0019750999999814667,0.016230900000209658,0.13869609999983368,
iris,BALDSampler,,main,clean,0.1,17,0.05,7,0.8,0.5373984152771706,0.541655622207451,0.003287178561195106,0.0,0.0,0.007009845795870107,1.0,0.0010087999999086605,0.0057785000001331355,0.049748700000009194,
iris,BALDSampler,,main,clean,0.1,17,0.1,15,0.78,0.5006331880495011,0.49481856553736064,0.002282144654673336,0.0,0.0,0.08006911912971709,1.0,0.004978399999799876,0.011277199999994991,0.0874688999999762,
iris,BALDSampler,,main,clean,0.1,17,0.15,22,0.7866666666666666,0.49311533742198227,0.5012463213635254,0.0020848804405706307,0.0,0.0,0.0394402543099523,1.0,0.0019750999999814667,0.008710199999995893,0.1299031000000923,
iris,BALDSampler,,main,clean,0.1,17,0.2,30,0.78,0.4964804413962925,0.4899972617302643,0.002004668303565889,0.0,0.0,0.18651251828906562,1.0,0.0015505000001212466,0.01516540000011446,0.1661143000001175,
iris,BALDSampler,,main,clean,0.1,17,0.3,45,0.7733333333333333,0.5232737409044363,0.49861826163463274,0.0016229778681395514,0.0,0.0,0.216262403090214,0.9333333333333333,0.001832700000022669,0.01168399999983194,0.19713500000011663,
iris,BALDSampler,,main,clean,0.1,18,0.05,7,0.8133333333333334,0.5656804665077871,0.5662008148670441,0.004980162230035723,0.0,0.0,0.19905888861078647,1.0,0.0016004999999950087,0.008164200000010169,0.05615110000007917,
iris,BALDSampler,,main,clean,0.1,18,0.1,15,0.76,0.579966555579276,0.5258682730858131,0.0036975151260681197,0.0,0.0,0.15778544476876738,1.0,0.0018867999999656604,0.008178999999927328,0.08109670000021652,
iris,BALDSampler,,main,clean,0.1,18,0.15,22,0.74,0.5703257089437477,0.510261002479068,0.004433977194384494,0.0,0.0,0.19851553434580013,1.0,0.0018406000001505163,0.005166000000144777,0.09932430000003478,
iris,BALDSampler,,main,clean,0.1,18,0.2,30,0.72,0.5394878673657865,0.49072374214540515,0.0033074220983164843,0.0,0.0,0.11789083249447294,1.0,0.0017253000000891916,0.0029011999999966065,0.11336980000010044,
iris,BALDSampler,,main,clean,0.1,18,0.3,45,0.9133333333333333,0.7234431571185423,0.7635393421154623,0.0023555622700365633,0.0,0.0,0.0744538525958181,1.0,0.0012578999999277585,0.0032105000000228756,0.13168140000016137,
iris,BALDSampler,,main,clean,0.1,19,0.05,7,0.8133333333333334,0.594524930905476,0.5753287867100378,0.0018145738637384556,0.0,0.0,0.07350753250341605,1.0,0.0014834999999493448,0.008252699999957258,0.058154299999841896,
iris,BALDSampler,,main,clean,0.1,19,0.1,15,0.8066666666666666,0.5209398948627207,0.5368787177635131,0.0014119642898984125,0.0,0.0,0.1693674764885399,1.0,0.0020480999999108462,0.010328999999956068,0.08754380000004858,
iris,BALDSampler,,main,clean,0.1,19,0.15,22,0.7733333333333333,0.4613724159686595,0.4697364681372449,0.0013430005192729966,0.0,0.0,0.18552542403070532,1.0,0.0009597999999186868,0.005899999999883221,0.1087361999998393,
iris,BALDSampler,,main,clean,0.1,19,0.2,30,0.7133333333333334,0.4197846705164477,0.40493348448371863,0.001433237878175092,0.0,0.0,0.1129063836535888,0.875,0.0018603000000894099,0.011438300000008894,0.14211989999989783,
iris,BALDSampler,,main,clean,0.1,19,0.3,45,0.7333333333333333,0.5693038899954304,0.507034114539883,0.001503288656417843,0.0,0.0,0.13193906237735872,1.0,0.0013255999999728374,0.009253799999896728,0.16845519999992575,
iris,BALDSampler,,main,clean,0.1,20,0.05,7,0.8333333333333334,0.6607920793426151,0.62055617805847,0.004667256921103674,0.0,0.0,0.13017624988189289,1.0,0.0021377999999003805,0.008082500000000437,0.054184700000178054,
iris,BALDSampler,,main,clean,0.1,20,0.1,15,0.8666666666666667,0.7138682811355909,0.6788550860517496,0.004381977165960768,0.0,0.0,0.23193220548037558,1.0,0.0015517999997882725,0.004852000000028056,0.06904860000008739,
iris,BALDSampler,,main,clean,0.1,20,0.15,22,0.8866666666666667,0.7419116631817836,0.7163421126838476,0.003990906165199141,0.0,0.0,0.07886676997109854,1.0,0.0009033999999701336,0.003889999999955762,0.08155550000014955,
iris,BALDSampler,,main,clean,0.1,20,0.2,30,0.8933333333333333,0.736882369263124,0.7270212447575639,0.0034560777718030955,0.0,0.0,0.17141189956388894,1.0,0.001864100000148028,0.0054817000000184635,0.10316870000019662,
iris,BALDSampler,,main,clean,0.1,20,0.3,45,0.9066666666666666,0.7648264242089783,0.7555444112361701,0.0024953930191868685,0.0,0.0,0.09761605543675493,0.9333333333333333,0.0016949000000749948,0.005641799999921204,0.12070149999999558,
iris,BALDSampler,,main,clean,0.1,21,0.05,7,0.8333333333333334,0.6217152909239348,0.6017359651664348,0.0030562539184270654,0.0,0.0,0.10862562660501737,1.0,0.000962899999876754,0.004195399999844085,0.03378619999989496,
iris,BALDSampler,,main,clean,0.1,21,0.1,15,0.8266666666666667,0.6023459928411775,0.5915108543488543,0.0027676109479993632,0.0,0.0,0.18381899877325278,1.0,0.0007897000000411936,0.003023499999926571,0.04797869999993054,
iris,BALDSampler,,main,clean,0.1,21,0.15,22,0.84,0.6147492505911955,0.6150864891833049,0.002302143556436304,0.0,0.0,0.06267815109195037,1.0,0.0017806999999265827,0.0066762999999809836,0.07143610000002809,
iris,BALDSampler,,main,clean,0.1,21,0.2,30,0.8266666666666667,0.5562757482010858,0.5775904829115839,0.0017409911839015094,0.0,0.0,0.07822742074679007,1.0,0.0018598000001475157,0.006691799999998693,0.09332689999996546,
iris,BALDSampler,,main,clean,0.1,21,0.3,45,0.8066666666666666,0.5142982644586974,0.5358704175125404,0.0015230700630751123,0.0,0.0,0.05996549906951305,1.0,0.0012934000001223467,0.004660600000079285,0.11095969999996669,
iris,BALDSampler,,main,clean,0.1,22,0.05,7,0.8066666666666666,0.5652283743093459,0.5571466075769261,0.002541682155883601,0.0,0.0,0.04224032591509483,1.0,0.0020874000001640525,0.009191300000111369,0.06142550000004121,
iris,BALDSampler,,main,clean,0.1,22,0.1,15,0.7466666666666667,0.51278067180252,0.48382554045006837,0.0020054984139332224,0.0,0.0,0.1776443844942756,1.0,0.0015458000000307948,0.010958699999946475,0.08835429999999178,
iris,BALDSampler,,main,clean,0.1,22,0.15,22,0.7266666666666667,0.4538898117057303,0.4308329151690947,0.0019061639844928388,0.0,0.0,0.1012601140028465,1.0,0.0018228000001272449,0.007227199999988443,0.11204939999993258,
iris,BALDSampler,,main,clean,0.1,22,0.2,30,0.7933333333333333,0.4963966505189781,0.5077152529148091,0.001677378827077261,0.0,0.0,0.1319420452463686,1.0,0.002118400000199472,0.004768400000102702,0.1370652999999038,
iris,BALDSampler,,main,clean,0.1,22,0.3,45,0.8866666666666667,0.6764588888377077,0.7044964882017989,0.0013416408762383777,0.0,0.0,0.0701701010834794,1.0,0.0018474999999398278,0.009546000000000276,0.16335529999992104,
iris,BALDSampler,,main,clean,0.1,24,0.05,7,0.8066666666666666,0.635180813172581,0.5828577799714192,0.004044615883684294,0.0,0.0,0.10854308253940267,1.0,0.0014332000000649714,0.005134999999881984,0.042233199999827775,
iris,BALDSampler,,main,clean,0.1,24,0.1,15,0.7933333333333333,0.5254489380281742,0.5237876714275852,0.0035625906109798128,0.0,0.0,0.1406054212054556,1.0,0.0021242000000256667,0.004397199999857548,0.0651053999999931,
iris,BALDSampler,,main,clean,0.1,24,0.15,22,0.8,0.5193702993714959,0.5263274017809456,0.0026353131075675306,0.0,0.0,0.2332324435703985,1.0,0.0018069000000195956,0.005846499999961452,0.08743559999993522,
iris,BALDSampler,,main,clean,0.1,24,0.2,30,0.8,0.5179435800401095,0.5218448812527792,0.0022342338011564628,0.0,0.0,0.2058281508542233,1.0,0.001861399999825153,0.006226499999911539,0.10708949999980177,
iris,BALDSampler,,main,clean,0.1,24,0.3,45,0.66,0.46848798277064724,0.38764084177626335,0.0017076286417528027,0.0,0.0,0.11674290636338926,0.9333333333333333,0.0007534999999734282,0.0024984000001495588,0.12255139999979292,
iris,BALDSampler,,main,clean,0.1,23,0.05,7,0.7933333333333333,0.5259601576823183,0.5187711546908509,0.0032645236698570224,0.0,0.0,0.043066046284784054,1.0,0.0009723000000576576,0.01680460000011408,0.0620501000000786,
iris,BALDSampler,,main,clean,0.1,23,0.1,15,0.74,0.4660341436588859,0.45016512921004953,0.0026480622356736608,0.0,0.0,0.17463979303934019,1.0,0.0013212000001203705,0.006973700000116878,0.08365959999991901,
iris,BALDSampler,,main,clean,0.1,23,0.15,22,0.76,0.4750643290595567,0.46861338019765464,0.002565596575895311,0.0,0.0,0.05540134876088148,1.0,0.0007822000000032858,0.0028575999999702617,0.09696809999991274,
iris,BALDSampler,,main,clean,0.1,23,0.2,30,0.76,0.4678851562928976,0.46310455336662815,0.003047271672763245,0.0,0.0,0.03935741104320842,1.0,0.0018148999999993976,0.008300800000142772,0.12398349999989478,
iris,BALDSampler,,main,clean,0.1,23,0.3,45,0.7466666666666667,0.45514354948306346,0.4431102264177861,0.00142964194808148,0.0,0.0,0.09586030974329149,1.0,0.0017651000000569184,0.008880999999973938,0.1544427999999698,
iris,BALDSampler,,main,clean,0.1,25,0.05,7,0.8066666666666666,0.5508807146164215,0.5496178852515113,0.004593789433953756,0.0,0.0,0.020375729658056868,1.0,0.0018059999999877618,0.005866900000000896,0.04107700000008663,
iris,BALDSampler,,main,clean,0.1,25,0.1,15,0.7533333333333333,0.4723007325800032,0.46529483987908865,0.003374665488611525,0.0,0.0,0.1292334929729128,1.0,0.0008184999999230058,0.0036651999998866813,0.054925000000139335,
iris,BALDSampler,,main,clean,0.1,25,0.15,22,0.7333333333333333,0.4505292692647726,0.43489559089602803,0.003648706461534431,0.0,0.0,0.10488727593240878,1.0,0.0014038000001619366,0.0034528999999565713,0.07445290000009663,
iris,BALDSampler,,main,clean,0.1,25,0.2,30,0.7,0.4277985015436172,0.3988140972778142,0.0029058906317500563,0.0,0.0,0.08028076009503182,1.0,0.000981099999989965,0.007220799999913652,0.08984060000011596,
iris,BALDSampler,,main,clean,0.1,25,0.3,45,0.6266666666666667,0.39945150683498803,0.3468731735827002,0.0024034348785165194,0.0,0.0,0.08013772422613391,1.0,0.0007869000000937376,0.0027603999999428197,0.10122920000003433,
iris,BALDSampler,,main,clean,0.1,26,0.05,7,0.8066666666666666,0.6055506620522423,0.5682489635300364,0.002558110129867855,0.0,0.0,0.03494838104875228,1.0,0.0020810000000892614,0.009978600000067672,0.062000399999988076,
iris,BALDSampler,,main,clean,0.1,26,0.1,15,0.7866666666666666,0.5494979852931666,0.5349379184770696,0.0024022445499380218,0.0,0.0,0.20451547035065681,1.0,0.0019921000000522326,0.008537100000012288,0.08360579999998663,
iris,BALDSampler,,main,clean,0.1,26,0.15,22,0.7466666666666667,0.50865773187664,0.48897149838550175,0.0020182270845949834,0.0,0.0,0.09256307946202644,1.0,0.0013328000000001339,0.002914800000098694,0.09662249999996675,
iris,BALDSampler,,main,clean,0.1,26,0.2,30,0.6933333333333334,0.42983296673147536,0.4199617635624857,0.0018687698953625612,0.0,0.0,0.07018670033693504,1.0,0.0018832999999176536,0.004343099999914557,0.12621869999998125,
iris,BALDSampler,,main,clean,0.1,26,0.3,45,0.6333333333333333,0.37458283057729286,0.3604619177371221,0.001468276324102452,0.0,0.0,0.13299660342040795,1.0,0.0023022000000310072,0.009135199999946053,0.15175849999991442,
iris,BALDSampler,,main,clean,0.1,27,0.05,7,0.8066666666666666,0.6346631359390216,0.5826262395398415,0.002318294145144395,0.0,0.0,0.21223078569124515,1.0,0.0010004999999182473,0.004765900000165857,0.06579970000007052,
iris,BALDSampler,,main,clean,0.1,27,0.1,15,0.7733333333333333,0.5882717759790521,0.5388200847398877,0.00201657143547683,0.0,0.0,0.16353152038593566,1.0,0.0009933999999702792,0.003098800000088886,0.07797740000000886,
iris,BALDSampler,,main,clean,0.1,27,0.15,22,0.74,0.5582378170027824,0.5062539429087083,0.0020129759904642225,0.0,0.0,0.15549825419953048,1.0,0.0021494000000075175,0.002676500000006854,0.10247210000011364,
iris,BALDSampler,,main,clean,0.1,27,0.2,30,0.7,0.5358039044385461,0.4816070690492337,0.0017738428112764881,0.0,0.0,0.13338099032520792,1.0,0.00174990000004982,0.0025944999999865104,0.12448859999994966,
iris,BALDSampler,,main,clean,0.1,27,0.3,45,0.9,0.7088204394327953,0.7332956070605127,0.0014437293580367781,0.0,0.0,0.13004498873885106,1.0,0.0014659999999366846,0.00589469999999892,0.14343510000003334,
iris,BALDSampler,,main,clean,0.1,28,0.05,7,0.8266666666666667,0.630777558636722,0.6049240120753526,0.002643474705051163,0.0,0.0,0.006167797226005189,1.0,0.0026935999999295746,0.012777700000015102,0.08691840000005868,
iris,BALDSampler,,main,clean,0.1,28,0.1,15,0.8266666666666667,0.6314115971077994,0.605088412838934,0.002594459024928556,0.0,0.0,0.0037899976907859595,1.0,0.0014451000001827197,0.01138119999995979,0.1246576000000914,
iris,BALDSampler,,main,clean,0.1,28,0.15,22,0.82,0.6044782992139399,0.5904881400489932,0.0019212428683487318,0.0,0.0,0.04025959717389164,1.0,0.002122299999882671,0.011882399999876725,0.1648345999999492,
iris,BALDSampler,,main,clean,0.1,28,0.2,30,0.8333333333333334,0.6322733747733194,0.6145646784229576,0.0015162874876117824,0.0,0.0,0.05603473139176758,1.0,0.001523899999938294,0.00588659999993979,0.18388970000000882,
iris,BALDSampler,,main,clean,0.1,28,0.3,45,0.8466666666666667,0.620160799647323,0.6248148613198211,0.0011754714578613018,0.0,0.0,0.054109677687161455,1.0,0.001431700000011915,0.007117099999959464,0.20514430000002903,
iris,BALDSampler,,main,clean,0.1,29,0.05,7,0.8,0.5535008375734876,0.5327439330236807,0.0047815843613037215,0.0,0.0,0.06067765686278223,1.0,0.0027456999998776155,0.024776999999858162,0.12548800000013216,
iris,BALDSampler,,main,clean,0.1,29,0.1,15,0.7533333333333333,0.4497757805965881,0.44526785580688644,0.002661420953218167,0.0,0.0,0.16913367690040304,1.0,0.0025073000001611945,0.013098700000000463,0.15838860000008026,
iris,BALDSampler,,main,clean,0.1,29,0.15,22,0.7133333333333334,0.39343697009525236,0.3841879732436929,0.0036257618123847917,0.0,0.0,0.09761056046803947,1.0,0.0008730000001833105,0.0024911999998948886,0.18016350000016246,
iris,BALDSampler,,main,clean,0.1,29,0.2,30,0.6866666666666666,0.37163686732536777,0.35301456370453665,0.002379119739465377,0.0,0.0,0.12336338743091674,1.0,0.025709100000085527,0.009749000000056185,0.23860750000017106,
iris,BALDSampler,,main,clean,0.1,29,0.3,45,0.6533333333333333,0.36873403733533483,0.3325894648963668,0.001956357083947787,0.0,0.0,0.15481220076965213,1.0,0.0008789999999407883,0.006257400000095004,0.2525531000001138,
iris,BALDSampler,,main,clean,0.2,0,0.05,7,0.8133333333333334,0.6187947838596597,0.5862140681263024,0.0029589106299524326,0.0,0.0,0.24468446667276178,1.0,0.0020125999999436317,0.009362700000110635,0.05620069999986299,
iris,BALDSampler,,main,clean,0.2,0,0.1,15,0.7733333333333333,0.5876821804593163,0.541411296560038,0.002317902543872055,0.0,0.0,0.09826602319716395,1.0,0.0019446000001153152,0.007019599999921411,0.07982990000004975,
iris,BALDSampler,,main,clean,0.2,0,0.15,22,0.74,0.5679252442070664,0.5137579039933375,0.002352749804294646,0.0,0.0,0.10157013286536144,1.0,0.0019454000000678207,0.007435700000087309,0.10329290000004221,
iris,BALDSampler,,main,clean,0.2,0,0.2,30,0.7133333333333334,0.532597838196948,0.489939545615762,0.001913297126764829,0.0,0.0,0.05874426245884465,1.0,0.000826999999844702,0.0029187000000092667,0.11750250000000051,
iris,BALDSampler,,main,clean,0.2,0,0.3,45,0.88,0.6463599998332005,0.6852396711976962,0.0014109043831257088,0.0,0.0,0.095710505571458,1.0,0.0015059000002111134,0.0069332000000486005,0.13542489999986174,
iris,BALDSampler,,main,clean,0.2,1,0.05,7,0.82,0.6496443831061652,0.6017906464957918,0.0018580785829881014,0.0,0.0,0.009506971401567865,1.0,0.0009798000000955653,0.0036658000001352775,0.04404589999990094,
iris,BALDSampler,,main,clean,0.2,1,0.1,15,0.82,0.6496443831061652,0.6017906464957918,0.0017310976803035089,0.0,0.0,0.05424909032455533,1.0,0.0018184000000474043,0.007273899999972855,0.06852189999995062,
iris,BALDSampler,,main,clean,0.2,1,0.15,22,0.8333333333333334,0.659486892724918,0.6201351808870379,0.0015856226929845435,0.0,0.0,0.14873156658304915,1.0,0.0018525999998928455,0.0075679999999920256,0.09062119999998686,
iris,BALDSampler,,main,clean,0.2,1,0.2,30,0.8333333333333334,0.63880003261365,0.6153795963640961,0.0015629761427010877,0.0,0.0,0.047145314317458234,1.0,0.001285900000084439,0.004373499999928754,0.10571550000008756,
iris,BALDSampler,,main,clean,0.2,1,0.3,45,0.86,0.6252102133283337,0.6477857388505335,0.0013283506759872905,0.0,0.0,0.07013921358682772,1.0,0.0007992999999260064,0.0026075000000673754,0.11745190000010552,
iris,BALDSampler,,main,clean,0.2,2,0.05,7,0.8066666666666666,0.6192100791663194,0.5795757671627181,0.002887364089780853,0.0,0.0,0.0655415047237925,1.0,0.0012593999999808148,0.007017700000005789,0.04810850000012579,
iris,BALDSampler,,main,clean,0.2,2,0.1,15,0.8533333333333334,0.660639383114608,0.648190815631614,0.0025009335373371404,0.0,0.0,0.07144721855707083,1.0,0.001360500000146203,0.005387299999938477,0.06918800000016745,
iris,BALDSampler,,main,clean,0.2,2,0.15,22,0.8533333333333334,0.6432598416107558,0.6443759676195981,0.001981127871426918,0.0,0.0,0.11397492290833354,1.0,0.001897099999951024,0.007681700000148339,0.09361140000009982,
iris,BALDSampler,,main,clean,0.2,2,0.2,30,0.8533333333333334,0.6432598416107558,0.6443759676195981,0.0017155909935224513,0.0,0.0,0.12552095966093857,1.0,0.0014148000000204775,0.008861799999976938,0.11609459999999672,
iris,BALDSampler,,main,clean,0.2,2,0.3,45,0.8666666666666667,0.648856204515302,0.6649513426074826,0.0013930939277365735,0.0,0.0,0.0762826046699039,1.0,0.0018175000000155705,0.008562400000073467,0.1444785999999567,
iris,BALDSampler,,main,clean,0.2,3,0.05,7,0.82,0.5499890459224253,0.5594790005749916,0.005049627549079838,0.0,0.0,0.22651976418311756,1.0,0.0009907999999541062,0.01106219999996938,0.05696110000008048,
iris,BALDSampler,,main,clean,0.2,3,0.1,15,0.8,0.5052037659213773,0.5175479682478913,0.003980287739315431,0.0,0.0,0.23777030763594822,1.0,0.0018301999998584506,0.005560000000059517,0.08166120000009869,
iris,BALDSampler,,main,clean,0.2,3,0.15,22,0.7733333333333333,0.47801399637781505,0.47983337919722013,0.0033380132361221187,0.0,0.0,0.09444273323757595,1.0,0.0011593000001539622,0.0032241999999769178,0.09838890000014544,
iris,BALDSampler,,main,clean,0.2,3,0.2,30,0.7533333333333333,0.4649486455651194,0.4571545039228386,0.0026697653822476894,0.0,0.0,0.08425363501218203,1.0,0.0012955999998212064,0.007425299999795243,0.12224350000019513,
iris,BALDSampler,,main,clean,0.2,3,0.3,45,0.74,0.4980644491385023,0.4775534669795613,0.0019348551258292397,0.0,0.0,0.08137802403793734,1.0,0.0008224000000609522,0.004174000000148226,0.14041530000008606,
iris,BALDSampler,,main,clean,0.2,4,0.05,7,0.78,0.5361586070134869,0.5210366113845191,0.002505134346293132,0.0,0.0,0.005429624067482486,1.0,0.0008986000000277272,0.0028655999999500636,0.029015100000151506,
iris,BALDSampler,,main,clean,0.2,4,0.1,15,0.7733333333333333,0.5236491199221827,0.5091652726573878,0.0021622576908657543,0.0,0.0,0.04883072551668716,1.0,0.0008722000000034313,0.003643399999873509,0.043587399999978516,
iris,BALDSampler,,main,clean,0.2,4,0.15,22,0.7533333333333333,0.4722208826623634,0.4710523206479124,0.0018383842395465675,0.0,0.0,0.0951446915291998,1.0,0.000896900000043388,0.005229699999972581,0.06155770000009397,
iris,BALDSampler,,main,clean,0.2,4,0.2,30,0.74,0.44912421736268093,0.44532340623545835,0.0015934809045200504,0.0,0.0,0.16975383913396958,1.0,0.000825599999870974,0.0050321000001076754,0.07463920000009239,
iris,BALDSampler,,main,clean,0.2,4,0.3,45,0.8266666666666667,0.6231643900722958,0.6016712487731342,0.0013255254651400132,0.0,0.0,0.055747944030517416,1.0,0.0007854000000406813,0.005826999999953841,0.08889440000007198,
iris,BALDSampler,,main,clean,0.2,7,0.05,7,0.8266666666666667,0.6307737018736306,0.6049788275365808,0.002376795055821404,0.0,0.0,0.07970684117594076,1.0,0.0009456000000227505,0.003133700000034878,0.02769180000018423,
iris,BALDSampler,,main,clean,0.2,7,0.1,15,0.8533333333333334,0.6682972337055134,0.6500829456452523,0.0020368255313013076,0.0,0.0,0.0852265557268343,1.0,0.0008315000000038708,0.0029615999999350606,0.03792140000018662,
iris,BALDSampler,,main,clean,0.2,7,0.15,22,0.88,0.699989200025397,0.6969044574302194,0.0019168960857255865,0.0,0.0,0.10685931524190259,1.0,0.0008182999999917229,0.0023290999999971973,0.04738580000002912,
iris,BALDSampler,,main,clean,0.2,7,0.2,30,0.88,0.6985948532707884,0.6951095971683531,0.0018200293300745692,0.0,0.0,0.03981358922114518,1.0,0.0007619999998951243,0.0021858999998585205,0.06077940000000126,
iris,BALDSampler,,main,clean,0.2,7,0.3,45,0.88,0.6783035712167974,0.6922378075360854,0.0015061819577397181,0.0,0.0,0.13790623050391523,1.0,0.0016583999999966181,0.005636399999957575,0.08057800000005955,
iris,BALDSampler,,main,clean,0.2,5,0.05,7,0.84,0.632409892896336,0.6216320560295373,0.003548038773488707,0.0,0.0,0.18050329803353155,1.0,0.0038856000001032953,0.011402999999972963,0.05867760000000999,
iris,BALDSampler,,main,clean,0.2,5,0.1,15,0.8533333333333334,0.6332375169668364,0.6409288376119088,0.002882977805816117,0.0,0.0,0.28049026890307194,1.0,0.0007918000001154724,0.0030897000001459674,0.07146160000002055,
iris,BALDSampler,,main,clean,0.2,5,0.15,22,0.8266666666666667,0.5833492596245785,0.5856501677233977,0.002215100042987849,0.0,0.0,0.2106668184144898,1.0,0.0008155999998962216,0.002718299999969531,0.08559669999999642,
iris,BALDSampler,,main,clean,0.2,5,0.2,30,0.8,0.5239621719596661,0.5309960464531778,0.0018485798644889834,0.0,0.0,0.26719326557635736,1.0,0.0018826999998964311,0.007086399999934656,0.1031282999999803,
iris,BALDSampler,,main,clean,0.2,5,0.3,45,0.74,0.4245894968007405,0.4262477288044742,0.001442487790044041,0.0,0.0,0.06355754590158384,1.0,0.001979899999923873,0.006143199999996796,0.12736599999993814,
iris,BALDSampler,,main,clean,0.2,6,0.05,7,0.7933333333333333,0.5488597754668476,0.5339765540078172,0.002438582400952065,0.0,0.0,0.010909041322195084,1.0,0.0011750000001029548,0.004592900000034206,0.03900150000004032,
iris,BALDSampler,,main,clean,0.2,6,0.1,15,0.7466666666666667,0.488689930791701,0.46591508143980204,0.0023757115874086625,0.0,0.0,0.05663498811870722,1.0,0.0007954000000154338,0.003754400000161695,0.05438950000007026,
iris,BALDSampler,,main,clean,0.2,6,0.15,22,0.7066666666666667,0.45235757840961494,0.4290279694233137,0.0023491621013515024,0.0,0.0,0.022435936141213038,1.0,0.000837199999978111,0.006327199999986988,0.07178040000007968,
iris,BALDSampler,,main,clean,0.2,6,0.2,30,0.6866666666666666,0.41595657841249084,0.40682546128904645,0.0021686305652082877,0.0,0.0,0.09681695261460962,1.0,0.0015978999999788357,0.00908379999987119,0.09464890000003834,
iris,BALDSampler,,main,clean,0.2,6,0.3,45,0.84,0.5571046327443571,0.5954809821491722,0.001890113310331872,0.0,0.0,0.05213866212146021,1.0,0.00119459999996252,0.005458399999952235,0.11197139999990213,
iris,BALDSampler,,main,clean,0.2,8,0.05,7,0.8333333333333334,0.6063817289679565,0.5904919498254924,0.0033925618419350934,0.0,0.0,0.18117438634639899,1.0,0.0009425000000646833,0.02448340000000826,0.04946430000018154,
iris,BALDSampler,,main,clean,0.2,8,0.1,15,0.8066666666666666,0.6147770086941368,0.5781796625849676,0.00238500976792177,0.0,0.0,0.02991359092585731,1.0,0.0008596000000125059,0.008867199999940567,0.07007190000012997,
iris,BALDSampler,,main,clean,0.2,8,0.15,22,0.7866666666666666,0.5845755158539185,0.5483452901910386,0.003049740922891215,0.0,0.0,0.2896709022708804,1.0,0.0008576000000175554,0.003681000000142376,0.08204840000007607,
iris,BALDSampler,,main,clean,0.2,8,0.2,30,0.74,0.5311737563516186,0.4955613768490868,0.002453105403895761,0.0,0.0,0.14389064539888174,1.0,0.0011938000000100146,0.0031685000001289154,0.10051190000012866,
iris,BALDSampler,,main,clean,0.2,8,0.3,45,0.84,0.5877449895323196,0.6055576307797249,0.0019480144958055482,0.0,0.0,0.09279044738813196,1.0,0.0008909000000585365,0.0026812000000973057,0.11372750000009546,
iris,BALDSampler,,main,clean,0.2,9,0.05,7,0.7866666666666666,0.5764187724751021,0.5432388755007024,0.0030808370918393863,0.0,0.0,0.21087131229720443,1.0,0.0010053000000880274,0.00367340000002514,0.053885100000115926,
iris,BALDSampler,,main,clean,0.2,9,0.1,15,0.7533333333333333,0.5185621785835742,0.48304438876277034,0.0026355042435372428,0.0,0.0,0.09911156303175188,1.0,0.0013599999999769352,0.0060401000000638305,0.08237099999996644,
iris,BALDSampler,,main,clean,0.2,9,0.15,22,0.74,0.5035288659028344,0.4602693779717249,0.0023950213303817747,0.0,0.0,0.10629954730413907,1.0,0.002135299999963536,0.010258799999974144,0.1111422000001312,
iris,BALDSampler,,main,clean,0.2,9,0.2,30,0.7,0.48771917542247334,0.423993312894605,0.002226751027884683,0.0,0.0,0.14221495525171252,1.0,0.0014298999999482476,0.003947400000015477,0.1286488000000645,
iris,BALDSampler,,main,clean,0.2,9,0.3,45,0.6733333333333333,0.48399960687433463,0.4047222364452987,0.002065030626052888,0.0,0.0,0.15932389188070115,0.9333333333333333,0.0009405999999216874,0.004577599999947779,0.14734019999991688,
iris,BALDSampler,,main,clean,0.2,10,0.05,7,0.8266666666666667,0.6534762508409035,0.6103971645085184,0.0038456383729746357,0.0,0.0,0.05159612009288078,1.0,0.0020637000000078842,0.008757600000080856,0.05529239999987112,
iris,BALDSampler,,main,clean,0.2,10,0.1,15,0.8333333333333334,0.6374460691634961,0.6150593632278577,0.0021667358501744546,0.0,0.0,0.18348716595670592,1.0,0.0014386000000286003,0.005441999999902691,0.07394899999985682,
iris,BALDSampler,,main,clean,0.2,10,0.15,22,0.8533333333333334,0.660639383114608,0.648190815631614,0.0019091940567279586,0.0,0.0,0.13446041432469943,1.0,0.0008144000000811502,0.0044032000000697735,0.0860422999999173,
iris,BALDSampler,,main,clean,0.2,10,0.2,30,0.86,0.6479107042277182,0.6554697743755474,0.001820415625958468,0.0,0.0,0.06798636320735711,1.0,0.0008364000000256056,0.0026637000000846456,0.09712790000003224,
iris,BALDSampler,,main,clean,0.2,10,0.3,45,0.86,0.6084313951753804,0.6420153944679445,0.0015192588496580005,0.0,0.0,0.049368789343145196,1.0,0.0013429000000542146,0.00415219999990768,0.11437309999996614,
iris,BALDSampler,,main,clean,0.2,11,0.05,7,0.8133333333333334,0.5896480673288476,0.5726832765728626,0.0026801834948828596,0.0,0.0,0.023436539715314703,1.0,0.0015932999999677122,0.004619099999899845,0.05862589999992451,
iris,BALDSampler,,main,clean,0.2,11,0.1,15,0.7533333333333333,0.5344814541666155,0.49840454385908933,0.0025782685922985903,0.0,0.0,0.030209700968350267,1.0,0.002081600000110484,0.009236999999984619,0.08401699999990342,
iris,BALDSampler,,main,clean,0.2,11,0.15,22,0.72,0.47965782314488953,0.446986363953545,0.0020497995716580036,0.0,0.0,0.045222688337326296,1.0,0.0009520999999494961,0.005122799999980998,0.09901960000001964,
iris,BALDSampler,,main,clean,0.2,11,0.2,30,0.6933333333333334,0.4590285067395368,0.4215339824397965,0.0017625038861269829,0.0,0.0,0.25754322540007124,0.875,0.00137999999992644,0.007135500000003958,0.11877770000000965,
iris,BALDSampler,,main,clean,0.2,11,0.3,45,0.6133333333333333,0.41264617324175035,0.37722463318080157,0.001446168777229262,0.0,0.0,0.1619107466974395,1.0,0.0008143000000018219,0.002981300000101328,0.17780960000004598,
iris,BALDSampler,,main,clean,0.2,12,0.05,7,0.8266666666666667,0.575876400020196,0.583088621617989,0.003013633768250118,0.0,0.0,0.031245144788172585,1.0,0.001542100000051505,0.007223500000009153,0.0545875000000251,
iris,BALDSampler,,main,clean,0.2,12,0.1,15,0.7933333333333333,0.5156591202110016,0.5209313235811551,0.002721060704915325,0.0,0.0,0.22180450646951633,1.0,0.0008759999998346757,0.00866519999999582,0.07270610000000488,
iris,BALDSampler,,main,clean,0.2,12,0.15,22,0.7533333333333333,0.4682990307422657,0.46335238995701244,0.0024944182828341432,0.0,0.0,0.07890196568494896,1.0,0.0014345000001867447,0.0037324999998418207,0.0915044000000762,
iris,BALDSampler,,main,clean,0.2,12,0.2,30,0.7266666666666667,0.46361904592518416,0.4455826598530138,0.0020073429436127214,0.0,0.0,0.14369422136706167,1.0,0.0008066000000326312,0.011943700000074386,0.12539480000009462,
iris,BALDSampler,,main,clean,0.2,12,0.3,45,0.7,0.4608847274190918,0.43746752821918017,0.001879091744593046,0.0,0.0,0.1345597908677788,1.0,0.001741599999832033,0.012355200000001787,0.15687960000013845,
iris,BALDSampler,,main,clean,0.2,13,0.05,7,0.8266666666666667,0.6314115971077994,0.605088412838934,0.0028178412229456495,0.0,0.0,0.0035041312208461406,1.0,0.0010004000000662927,0.0040688999999929365,0.044956299999967086,
iris,BALDSampler,,main,clean,0.2,13,0.1,15,0.8266666666666667,0.6095415478707221,0.599820223374497,0.0018340141517599155,0.0,0.0,0.04646334887942273,1.0,0.0009780000000318978,0.005509500000016487,0.0634867999999642,
iris,BALDSampler,,main,clean,0.2,13,0.15,22,0.8466666666666667,0.6209219896023754,0.62809167233946,0.0013789327527262735,0.0,0.0,0.05299201452550068,1.0,0.001780800000005911,0.010477300000047762,0.09081500000002052,
iris,BALDSampler,,main,clean,0.2,13,0.2,30,0.8533333333333334,0.6333512058417082,0.6405812075677391,0.0012738100168328478,0.0,0.0,0.05028417523536416,1.0,0.0007468000001153996,0.0036634000000503875,0.10430029999997714,
iris,BALDSampler,,main,clean,0.2,13,0.3,45,0.8533333333333334,0.6251032654320554,0.6350738722581496,0.0010296431895711832,0.0,0.0,0.1424030673657784,1.0,0.0007898999999724765,0.0035130999999637424,0.12155910000001313,
iris,BALDSampler,,main,clean,0.2,14,0.05,7,0.8066666666666666,0.577708910370883,0.5464406320847291,0.0021773675218548227,0.0,0.0,0.006966033017906242,1.0,0.0015558000000055472,0.005894799999850875,0.04255030000012994,
iris,BALDSampler,,main,clean,0.2,14,0.1,15,0.7466666666666667,0.5609343210861129,0.5004775325184662,0.0020748105222798616,0.0,0.0,0.030692418387936904,1.0,0.0012454000000161614,0.005511400000159483,0.06213190000016766,
iris,BALDSampler,,main,clean,0.2,14,0.15,22,0.52,0.5064702083779095,0.3841440884053861,0.0017834794927453351,0.0,0.0,0.005217783187476122,1.0,0.0008055000000695145,0.0030378000001292094,0.07541060000016842,
iris,BALDSampler,,main,clean,0.2,14,0.2,30,0.5733333333333334,0.5003945128510385,0.4007458291025118,0.00364546630895151,0.0,0.0,0.09944270029048469,1.0,0.0007497000001421839,0.005077700000128971,0.08864220000009482,
iris,BALDSampler,,main,clean,0.2,14,0.3,45,0.7,0.4597446717239165,0.4265065667577721,0.0026128939327062155,0.0,0.0,0.06754471664293347,1.0,0.000791700000036144,0.0033409000000119704,0.10574640000004365,
iris,BALDSampler,,main,clean,0.2,15,0.05,7,0.8,0.5691700421616517,0.5522201860823263,0.003277915780276641,0.0,0.0,0.17358633018607145,1.0,0.0016325999999935448,0.011484699999982695,0.04752350000012484,
iris,BALDSampler,,main,clean,0.2,15,0.1,15,0.7533333333333333,0.4868317954150124,0.47814573307896013,0.0031531894418556222,0.0,0.0,0.09219922159305544,1.0,0.0008843000000524626,0.0029730999999628693,0.05820620000008603,
iris,BALDSampler,,main,clean,0.2,15,0.15,22,0.7,0.42718130949160654,0.40785408962300534,0.0030801856493549323,0.0,0.0,0.05524256441710386,1.0,0.0007950000001528679,0.002719900000101916,0.07211520000009841,
iris,BALDSampler,,main,clean,0.2,15,0.2,30,0.66,0.3978054856219473,0.36928095332371713,0.002260217670116714,0.0,0.0,0.10647917364551447,1.0,0.0008098999999219814,0.004905199999939214,0.0896615000001475,
iris,BALDSampler,,main,clean,0.2,15,0.3,45,0.6466666666666666,0.393954099258398,0.3554587449231143,0.0019355459270828082,0.0,0.0,0.17084701667485883,1.0,0.001872800000001007,0.006894799999827228,0.11296970000012152,
iris,BALDSampler,,main,clean,0.2,16,0.05,7,0.82,0.5570313202057576,0.5605114250629286,0.0019125165347352226,0.0,0.0,0.0022030301946847075,1.0,0.000953699999854507,0.00520819999997002,0.03039220000005116,
iris,BALDSampler,,main,clean,0.2,16,0.1,15,0.7866666666666666,0.47140990169198915,0.49237550679817343,0.0015051550442458615,0.0,0.0,0.05938159547301543,1.0,0.0008729999999559368,0.003592100000105347,0.0532940000000508,
iris,BALDSampler,,main,clean,0.2,16,0.15,22,0.7533333333333333,0.4497038229171648,0.4529055869433778,0.0015718280524995893,0.0,0.0,0.030926332518337922,1.0,0.0008194000001822133,0.004151299999875846,0.06780930000013541,
iris,BALDSampler,,main,clean,0.2,16,0.2,30,0.82,0.581278928711107,0.5813531467533368,0.001425616178582131,0.0,0.0,0.01986110779627956,1.0,0.000909599999886268,0.005507000000079643,0.08317060000013043,
iris,BALDSampler,,main,clean,0.2,16,0.3,45,0.86,0.6220330144204405,0.6450636970708963,0.00211078626299737,0.0,0.0,0.13185025839086015,1.0,0.000759400000106325,0.004140600000027916,0.09499499999992622,
iris,BALDSampler,,main,clean,0.2,17,0.05,7,0.8,0.5373984152771706,0.541655622207451,0.003287178561195106,0.0,0.0,0.007009845795870107,1.0,0.0021291000000474014,0.006160100000215607,0.03311009999993075,
iris,BALDSampler,,main,clean,0.2,17,0.1,15,0.78,0.5006331880495011,0.49481856553736064,0.002282144654673336,0.0,0.0,0.08006911912971709,1.0,0.000837199999978111,0.0035821999999825493,0.046082899999873916,
iris,BALDSampler,,main,clean,0.2,17,0.15,22,0.7866666666666666,0.49311533742198227,0.5012463213635254,0.0020848804405706307,0.0,0.0,0.0394402543099523,1.0,0.0009067000000868575,0.0036927000001014676,0.06006260000003749,
iris,BALDSampler,,main,clean,0.2,17,0.2,30,0.78,0.4964804413962925,0.4899972617302643,0.002004668303565889,0.0,0.0,0.18651251828906562,1.0,0.000851400000101421,0.004918899999893256,0.0748415999998997,
iris,BALDSampler,,main,clean,0.2,17,0.3,45,0.7533333333333333,0.46228023025569287,0.44630686759752686,0.0016229778681395514,0.0,0.0,0.216262403090214,0.9333333333333333,0.0008169000000179949,0.003926999999976033,0.08902910000006159,
iris,BALDSampler,,main,clean,0.2,19,0.05,7,0.8133333333333334,0.594524930905476,0.5753287867100378,0.0018145738637384556,0.0,0.0,0.07350753250341605,1.0,0.0021641999999246764,0.004806799999869327,0.03339570000002823,
iris,BALDSampler,,main,clean,0.2,19,0.1,15,0.8066666666666666,0.5209398948627207,0.5368787177635131,0.0014119642898984125,0.0,0.0,0.1693674764885399,1.0,0.000849000000016531,0.003562299999884999,0.04642909999984113,
iris,BALDSampler,,main,clean,0.2,19,0.15,22,0.7733333333333333,0.4613724159686595,0.4697364681372449,0.0013430005192729966,0.0,0.0,0.18552542403070532,1.0,0.000853000000006432,0.003935100000035163,0.060482399999955305,
iris,BALDSampler,,main,clean,0.2,19,0.2,30,0.7133333333333334,0.4197846705164477,0.40493348448371863,0.001433237878175092,0.0,0.0,0.1129063836535888,0.875,0.0019064000000525994,0.012743900000032227,0.09230109999998604,
iris,BALDSampler,,main,clean,0.2,19,0.3,45,0.7333333333333333,0.5413619836094666,0.49041577773072975,0.001503288656417843,0.0,0.0,0.13193906237735872,1.0,0.0009334000001217646,0.00542200000018056,0.10729779999996936,
iris,BALDSampler,,main,clean,0.2,18,0.05,7,0.8133333333333334,0.5656804665077871,0.5662008148670441,0.004980162230035723,0.0,0.0,0.19905888861078647,1.0,0.0019681999999647815,0.009342999999944368,0.06581970000002002,
iris,BALDSampler,,main,clean,0.2,18,0.1,15,0.76,0.579966555579276,0.5258682730858131,0.0036975151260681197,0.0,0.0,0.15778544476876738,1.0,0.0009602000000086264,0.006522299999915049,0.08005249999996522,
iris,BALDSampler,,main,clean,0.2,18,0.15,22,0.74,0.5703257089437477,0.510261002479068,0.004433977194384494,0.0,0.0,0.19851553434580013,1.0,0.0008387000000311673,0.002103699999906894,0.0896284000000378,
iris,BALDSampler,,main,clean,0.2,18,0.2,30,0.72,0.5394878673657865,0.49072374214540515,0.0033074220983164843,0.0,0.0,0.11789083249447294,1.0,0.0008258000000296306,0.0019574000000375236,0.10102469999992536,
iris,BALDSampler,,main,clean,0.2,18,0.3,45,0.9,0.6847033000787758,0.7281040369906885,0.0023555622700365633,0.0,0.0,0.0744538525958181,1.0,0.0008772000001044944,0.0021735999998782063,0.11437499999988177,
iris,BALDSampler,,main,clean,0.2,20,0.05,7,0.8333333333333334,0.6607920793426151,0.62055617805847,0.004667256921103674,0.0,0.0,0.13017624988189289,1.0,0.0009960999998384068,0.0035484999998516287,0.043148199999905046,
iris,BALDSampler,,main,clean,0.2,20,0.1,15,0.8666666666666667,0.7138682811355909,0.6788550860517496,0.004381977165960768,0.0,0.0,0.23193220548037558,1.0,0.0007863999999244697,0.002759799999921597,0.05548639999983607,
iris,BALDSampler,,main,clean,0.2,20,0.15,22,0.8866666666666667,0.7419116631817836,0.7163421126838476,0.003990906165199141,0.0,0.0,0.07886676997109854,1.0,0.0012541999999484688,0.003776899999820671,0.06880789999991066,
iris,BALDSampler,,main,clean,0.2,20,0.2,30,0.8933333333333333,0.736882369263124,0.7270212447575639,0.0034560777718030955,0.0,0.0,0.17141189956388894,1.0,0.0007955999999467167,0.002137899999979709,0.07983339999987038,
iris,BALDSampler,,main,clean,0.2,20,0.3,45,0.8933333333333333,0.7244222096259728,0.724239333948449,0.0024953930191868685,0.0,0.0,0.09761605543675493,0.9333333333333333,0.0018138000000362808,0.00477750000004562,0.09949299999993855,
iris,BALDSampler,,main,clean,0.2,21,0.05,7,0.8333333333333334,0.6217152909239348,0.6017359651664348,0.0030562539184270654,0.0,0.0,0.10862562660501737,1.0,0.0010232000001906272,0.008572799999910785,0.04460370000015246,
iris,BALDSampler,,main,clean,0.2,21,0.1,15,0.8266666666666667,0.6023459928411775,0.5915108543488543,0.0027676109479993632,0.0,0.0,0.18381899877325278,1.0,0.0024621999998544197,0.00908649999996669,0.07219110000005458,
iris,BALDSampler,,main,clean,0.2,21,0.15,22,0.84,0.6147492505911955,0.6150864891833049,0.002302143556436304,0.0,0.0,0.06267815109195037,1.0,0.0008540999999695487,0.004623399999900357,0.08824700000013763,
iris,BALDSampler,,main,clean,0.2,21,0.2,30,0.8266666666666667,0.5562757482010858,0.5775904829115839,0.0017409911839015094,0.0,0.0,0.07822742074679007,1.0,0.0018489999999928841,0.007486200000130339,0.11212769999997363,
iris,BALDSampler,,main,clean,0.2,21,0.3,45,0.8,0.5011488451401793,0.5215695088862845,0.0015230700630751123,0.0,0.0,0.05996549906951305,1.0,0.0008096999999906984,0.002943299999969895,0.12796140000000378,
iris,BALDSampler,,main,clean,0.2,22,0.05,7,0.8066666666666666,0.5652283743093459,0.5571466075769261,0.002541682155883601,0.0,0.0,0.04224032591509483,1.0,0.001407599999993181,0.005196700000169585,0.04406560000006721,
iris,BALDSampler,,main,clean,0.2,22,0.1,15,0.7466666666666667,0.51278067180252,0.48382554045006837,0.0020054984139332224,0.0,0.0,0.1776443844942756,1.0,0.0008669999999710853,0.005081600000039543,0.0573612000000594,
iris,BALDSampler,,main,clean,0.2,22,0.15,22,0.7266666666666667,0.4538898117057303,0.4308329151690947,0.0019061639844928388,0.0,0.0,0.1012601140028465,1.0,0.0007821000001513312,0.0026774999998906424,0.06747870000003786,
iris,BALDSampler,,main,clean,0.2,22,0.2,30,0.7933333333333333,0.4963966505189781,0.5077152529148091,0.001677378827077261,0.0,0.0,0.1319420452463686,1.0,0.0007729000001290842,0.0022913999998763757,0.08621229999994284,
iris,BALDSampler,,main,clean,0.2,22,0.3,45,0.8733333333333333,0.644788999607277,0.6737106528396833,0.0013416408762383777,0.0,0.0,0.0701701010834794,1.0,0.0010890999999446649,0.006577400000196576,0.10200699999995777,
iris,BALDSampler,,main,clean,0.2,23,0.05,7,0.7933333333333333,0.5259601576823183,0.5187711546908509,0.0032645236698570224,0.0,0.0,0.043066046284784054,1.0,0.0012158999998064246,0.01046230000019932,0.042134000000032756,
iris,BALDSampler,,main,clean,0.2,23,0.1,15,0.74,0.4660341436588859,0.45016512921004953,0.0026480622356736608,0.0,0.0,0.17463979303934019,1.0,0.000793100000009872,0.004804700000022422,0.054544700000178636,
iris,BALDSampler,,main,clean,0.2,23,0.15,22,0.76,0.4750643290595567,0.46861338019765464,0.002565596575895311,0.0,0.0,0.05540134876088148,1.0,0.0008025000001907756,0.00326719999998204,0.06657160000008844,
iris,BALDSampler,,main,clean,0.2,23,0.2,30,0.76,0.4678851562928976,0.46310455336662815,0.003047271672763245,0.0,0.0,0.03935741104320842,1.0,0.0007767000001877022,0.0032100000000809814,0.07757820000006177,
iris,BALDSampler,,main,clean,0.2,23,0.3,45,0.5933333333333334,0.3033643115705573,0.2861274256981066,0.00142964194808148,0.0,0.0,0.09586030974329149,1.0,0.0008871999998518731,0.0033083999999234948,0.09246980000011717,
iris,BALDSampler,,main,clean,0.2,24,0.05,7,0.8066666666666666,0.635180813172581,0.5828577799714192,0.004044615883684294,0.0,0.0,0.10854308253940267,1.0,0.0014979000000039377,0.00807570000006308,0.03788429999985965,
iris,BALDSampler,,main,clean,0.2,24,0.1,15,0.7933333333333333,0.5254489380281742,0.5237876714275852,0.0035625906109798128,0.0,0.0,0.1406054212054556,1.0,0.001860999999962587,0.007397599999876547,0.06410959999993793,
iris,BALDSampler,,main,clean,0.2,24,0.15,22,0.8,0.5193702993714959,0.5263274017809456,0.0026353131075675306,0.0,0.0,0.2332324435703985,1.0,0.0010867999999391031,0.008021800000051371,0.08011639999995168,
iris,BALDSampler,,main,clean,0.2,24,0.2,30,0.8,0.5179435800401095,0.5218448812527792,0.0022342338011564628,0.0,0.0,0.2058281508542233,1.0,0.000780099999929007,0.0026231000001644134,0.09032559999991463,
iris,BALDSampler,,main,clean,0.2,24,0.3,45,0.7733333333333333,0.4905446095005287,0.47536659319688196,0.0017076286417528027,0.0,0.0,0.11674290636338926,0.9333333333333333,0.0007519999999203719,0.0023682999999437016,0.1007096000000729,
iris,BALDSampler,,main,clean,0.2,25,0.05,7,0.8066666666666666,0.5508807146164215,0.5496178852515113,0.004593789433953756,0.0,0.0,0.020375729658056868,1.0,0.0009922000001552078,0.004612800000131756,0.028916999999864856,
iris,BALDSampler,,main,clean,0.2,25,0.1,15,0.7533333333333333,0.4723007325800032,0.46529483987908865,0.003374665488611525,0.0,0.0,0.1292334929729128,1.0,0.0008832999999413005,0.004028000000062093,0.04353509999987182,
iris,BALDSampler,,main,clean,0.2,25,0.15,22,0.7333333333333333,0.4505292692647726,0.43489559089602803,0.003648706461534431,0.0,0.0,0.10488727593240878,1.0,0.0008139999999912106,0.0032074000000648084,0.05593699999985802,
iris,BALDSampler,,main,clean,0.2,25,0.2,30,0.7,0.4277985015436172,0.3988140972778142,0.0029058906317500563,0.0,0.0,0.08028076009503182,1.0,0.0012598000000707543,0.004769899999928384,0.07181809999997313,
iris,BALDSampler,,main,clean,0.2,25,0.3,45,0.6266666666666667,0.39167901724151144,0.3450770495253146,0.0024034348785165194,0.0,0.0,0.08013772422613391,1.0,0.0007803999999396183,0.0027990999999474298,0.08649399999990237,
iris,BALDSampler,,main,clean,0.2,26,0.05,7,0.8066666666666666,0.6055506620522423,0.5682489635300364,0.002558110129867855,0.0,0.0,0.03494838104875228,1.0,0.0019866000000092754,0.010245400000030713,0.0630598000000191,
iris,BALDSampler,,main,clean,0.2,26,0.1,15,0.7866666666666666,0.5494979852931666,0.5349379184770696,0.0024022445499380218,0.0,0.0,0.20451547035065681,1.0,0.0009989000000132364,0.00793100000009872,0.07896920000007412,
iris,BALDSampler,,main,clean,0.2,26,0.15,22,0.7466666666666667,0.50865773187664,0.48897149838550175,0.0020182270845949834,0.0,0.0,0.09256307946202644,1.0,0.0009929999998803396,0.002632899999980509,0.08999630000016623,
iris,BALDSampler,,main,clean,0.2,26,0.2,30,0.6933333333333334,0.42983296673147536,0.4199617635624857,0.0018687698953625612,0.0,0.0,0.07018670033693504,1.0,0.0007877999998981977,0.0028256999999030086,0.10138460000007399,
iris,BALDSampler,,main,clean,0.2,26,0.3,45,0.6333333333333333,0.3672806906010887,0.3618743209837666,0.001468276324102452,0.0,0.0,0.13299660342040795,1.0,0.0008283999998184299,0.0035736000002088986,0.11323510000011083,
iris,BALDSampler,,main,clean,0.2,27,0.05,7,0.8066666666666666,0.6346631359390216,0.5826262395398415,0.002318294145144395,0.0,0.0,0.21223078569124515,1.0,0.0009627000001728447,0.003324799999973038,0.031163999999989755,
iris,BALDSampler,,main,clean,0.2,27,0.1,15,0.7733333333333333,0.5882717759790521,0.5388200847398877,0.00201657143547683,0.0,0.0,0.16353152038593566,1.0,0.0018394000001080713,0.00696709999988343,0.054638500000010026,
iris,BALDSampler,,main,clean,0.2,27,0.15,22,0.74,0.5582378170027824,0.5062539429087083,0.0020129759904642225,0.0,0.0,0.15549825419953048,1.0,0.0017579000000296219,0.006847099999959028,0.07750220000002628,
iris,BALDSampler,,main,clean,0.2,27,0.2,30,0.7,0.5358039044385461,0.4816070690492337,0.0017738428112764881,0.0,0.0,0.13338099032520792,1.0,0.0019072999998570594,0.00565350000010767,0.10141569999996136,
iris,BALDSampler,,main,clean,0.2,27,0.3,45,0.8866666666666667,0.6652143616897932,0.6986275371042172,0.0014437293580367781,0.0,0.0,0.13004498873885106,1.0,0.0018625000000156433,0.00744059999988167,0.12585749999993823,
iris,BALDSampler,,main,clean,0.2,28,0.05,7,0.8266666666666667,0.630777558636722,0.6049240120753526,0.002643474705051163,0.0,0.0,0.006167797226005189,1.0,0.0023104999997940467,0.00965079999991758,0.0625092999998742,
iris,BALDSampler,,main,clean,0.2,28,0.1,15,0.8266666666666667,0.6314115971077994,0.605088412838934,0.002594459024928556,0.0,0.0,0.0037899976907859595,1.0,0.0018529000001308304,0.009092000000009648,0.09123120000003837,
iris,BALDSampler,,main,clean,0.2,28,0.15,22,0.82,0.6044782992139399,0.5904881400489932,0.0019212428683487318,0.0,0.0,0.04025959717389164,1.0,0.0009030999999595224,0.004473700000062308,0.10404659999994692,
iris,BALDSampler,,main,clean,0.2,28,0.2,30,0.8333333333333334,0.6322733747733194,0.6145646784229576,0.0015162874876117824,0.0,0.0,0.05603473139176758,1.0,0.0008794000000307278,0.003813799999988987,0.1204070999999658,
iris,BALDSampler,,main,clean,0.2,28,0.3,45,0.8333333333333334,0.6028066825660626,0.6022836358333975,0.0011754714578613018,0.0,0.0,0.054109677687161455,1.0,0.000794300000052317,0.002814299999954528,0.14148449999993318,
iris,BALDSampler,,main,clean,0.2,29,0.05,7,0.8,0.5535008375734876,0.5327439330236807,0.0047815843613037215,0.0,0.0,0.06067765686278223,1.0,0.0009211999999934051,0.006125399999973524,0.03922259999990274,
iris,BALDSampler,,main,clean,0.2,29,0.1,15,0.7533333333333333,0.4497757805965881,0.44526785580688644,0.002661420953218167,0.0,0.0,0.16913367690040304,1.0,0.0014097000000674598,0.009474599999975908,0.06358209999984865,
iris,BALDSampler,,main,clean,0.2,29,0.15,22,0.7133333333333334,0.39343697009525236,0.3841879732436929,0.0036257618123847917,0.0,0.0,0.09761056046803947,1.0,0.0019369999999980791,0.006575800000064191,0.08790799999997034,
iris,BALDSampler,,main,clean,0.2,29,0.2,30,0.6866666666666666,0.37163686732536777,0.35301456370453665,0.002379119739465377,0.0,0.0,0.12336338743091674,1.0,0.0019760000000133005,0.00761330000000271,0.1144474000000173,
iris,BALDSampler,,main,clean,0.2,29,0.3,45,0.6533333333333333,0.359078854298003,0.3279963919269365,0.001956357083947787,0.0,0.0,0.15481220076965213,1.0,0.0008112000000437547,0.0028808000001845357,0.12630709999984902,
iris,BALDSampler,,main,clean,0.3,1,0.05,7,0.82,0.6496443831061652,0.6017906464957918,0.0018580785829881014,0.0,0.0,0.009506971401567865,1.0,0.001075500000069951,0.0030974999999671127,0.038116500000114684,
iris,BALDSampler,,main,clean,0.3,1,0.1,15,0.82,0.6319617062119317,0.5982602027108218,0.0017310976803035089,0.0,0.0,0.05424909032455533,1.0,0.0010108999999829393,0.0028652000000874978,0.05008909999992284,
iris,BALDSampler,,main,clean,0.3,1,0.15,22,0.8133333333333334,0.6073213044866518,0.5822799911069176,0.0015740892009435522,0.0,0.0,0.1436032381054623,1.0,0.000799700000015946,0.0027213999999275984,0.06827610000004825,
iris,BALDSampler,,main,clean,0.3,1,0.2,30,0.8,0.572262970967285,0.5577843007136779,0.0015222670402783578,0.0,0.0,0.030575971450543582,1.0,0.0016204999999445135,0.006464900000082707,0.08838100000002669,
iris,BALDSampler,,main,clean,0.3,1,0.3,45,0.82,0.5679658534825345,0.5756368141179855,0.0013674160615187354,0.0,0.0,0.06835501786781081,1.0,0.0014654000001428358,0.004003499999953419,0.10444380000012643,
iris,BALDSampler,,main,clean,0.3,0,0.05,7,0.8133333333333334,0.6187947838596597,0.5862140681263024,0.0029589106299524326,0.0,0.0,0.24468446667276178,1.0,0.0009067000000868575,0.003412499999967622,0.04223450000017692,
iris,BALDSampler,,main,clean,0.3,0,0.1,15,0.78,0.5874920116108683,0.5454909018196361,0.002317902543872055,0.0,0.0,0.09826602319716395,1.0,0.0008040999998684129,0.002643199999965873,0.05906530000015664,
iris,BALDSampler,,main,clean,0.3,0,0.15,22,0.76,0.5748822056125192,0.5266344149964909,0.002351926707041644,0.0,0.0,0.11283107384073512,1.0,0.0018515000001571025,0.007299399999965317,0.0835472999999638,
iris,BALDSampler,,main,clean,0.3,0,0.2,30,0.74,0.5514078808712715,0.5043278664842155,0.0017601687601891403,0.0,0.0,0.05070423938954173,1.0,0.0017777999998997984,0.006652999999914755,0.10642900000016198,
iris,BALDSampler,,main,clean,0.3,0,0.3,45,0.6866666666666666,0.4877883540361069,0.45541418825822494,0.0013998235102160147,0.0,0.0,0.09071238234536565,1.0,0.0018368000000918983,0.0072546999999758555,0.13359220000006644,
iris,BALDSampler,,main,clean,0.3,2,0.05,7,0.8066666666666666,0.6192100791663194,0.5795757671627181,0.002887364089780853,0.0,0.0,0.0655415047237925,1.0,0.0021279000000049564,0.013361000000031709,0.05988190000016402,
iris,BALDSampler,,main,clean,0.3,2,0.1,15,0.8333333333333334,0.637785341273063,0.6151127724432873,0.0025009335373371404,0.0,0.0,0.07144721855707083,1.0,0.0008811999998670217,0.0036328999999568623,0.07233370000017203,
iris,BALDSampler,,main,clean,0.3,2,0.15,22,0.8466666666666667,0.6209219896023754,0.62809167233946,0.002036845687973489,0.0,0.0,0.16227480755378038,1.0,0.001323200000115321,0.004042499999968641,0.09087240000008023,
iris,BALDSampler,,main,clean,0.3,2,0.2,30,0.8333333333333334,0.6050737114846398,0.6058217125993078,0.0018122794564426961,0.0,0.0,0.10819062777784864,1.0,0.0012676000001192733,0.004996099999971193,0.10868870000012976,
iris,BALDSampler,,main,clean,0.3,2,0.3,45,0.8466666666666667,0.6115748851581182,0.6241669112930407,0.0014892640591432193,0.0,0.0,0.08160738364372287,1.0,0.0012304000001677196,0.005486699999892153,0.12748210000017934,
iris,BALDSampler,,main,clean,0.3,3,0.05,7,0.82,0.5499890459224253,0.5594790005749916,0.005049627549079838,0.0,0.0,0.22651976418311756,1.0,0.0017479000000548695,0.012145600000167178,0.04503999999997177,
iris,BALDSampler,,main,clean,0.3,3,0.1,15,0.8,0.5061378262278411,0.5184593741682826,0.003980287739315431,0.0,0.0,0.23777030763594822,1.0,0.0008376000000680506,0.0036981000000650965,0.059540399999832516,
iris,BALDSampler,,main,clean,0.3,3,0.15,22,0.7733333333333333,0.47579639782045824,0.47940360085971334,0.0033700506623720672,0.0,0.0,0.09138138966899015,1.0,0.0008541999998215033,0.006840499999952954,0.08074739999983649,
iris,BALDSampler,,main,clean,0.3,3,0.2,30,0.74,0.44331994446874046,0.43512628266851455,0.0026890586674994943,0.0,0.0,0.06233607596293121,1.0,0.0008285999999770866,0.003314600000067003,0.09697970000001988,
iris,BALDSampler,,main,clean,0.3,3,0.3,45,0.7066666666666667,0.4161539696781109,0.4109096488156823,0.00207459083739136,0.0,0.0,0.07202485193441178,1.0,0.0013449999999011197,0.00652869999998984,0.11928560000001198,
iris,BALDSampler,,main,clean,0.3,4,0.05,7,0.78,0.5361586070134869,0.5210366113845191,0.002505134346293132,0.0,0.0,0.005429624067482486,1.0,0.002077600000120583,0.008244399999966845,0.062322200000153316,
iris,BALDSampler,,main,clean,0.3,4,0.1,15,0.78,0.5265471037453846,0.5143797269556877,0.0021622576908657543,0.0,0.0,0.04883072551668716,1.0,0.0013461000000916101,0.00788860000011482,0.08252450000009048,
iris,BALDSampler,,main,clean,0.3,4,0.15,22,0.7533333333333333,0.4701153982652555,0.46905250569660145,0.0019509069807428186,0.0,0.0,0.11198954273555076,1.0,0.001289399999905072,0.00636979999990217,0.10118580000016664,
iris,BALDSampler,,main,clean,0.3,4,0.2,30,0.7533333333333333,0.4598270605917852,0.45937579458451555,0.0016992909141686219,0.0,0.0,0.13198852498225055,1.0,0.0009015000000545115,0.004454000000123415,0.11532370000008996,
iris,BALDSampler,,main,clean,0.3,4,0.3,45,0.72,0.4349744090794503,0.40999877893488235,0.0013423147167925364,0.0,0.0,0.06960308545174684,1.0,0.0008413999998992949,0.0038413999998283543,0.12964750000014647,
iris,BALDSampler,,main,clean,0.3,5,0.05,7,0.84,0.632409892896336,0.6216320560295373,0.003548038773488707,0.0,0.0,0.18050329803353155,1.0,0.0009416000000328495,0.0035205000001496956,0.031088400000044203,
iris,BALDSampler,,main,clean,0.3,5,0.1,15,0.8466666666666667,0.6129031946267278,0.6247298848005246,0.002882977805816117,0.0,0.0,0.28049026890307194,1.0,0.0008672999999816966,0.0033688000000893226,0.04690249999998741,
iris,BALDSampler,,main,clean,0.3,5,0.15,22,0.8133333333333334,0.544889867501211,0.552441000607184,0.0021951957453899057,0.0,0.0,0.2064482264368179,1.0,0.002306200000020908,0.008156000000099084,0.07503449999990153,
iris,BALDSampler,,main,clean,0.3,5,0.2,30,0.8,0.5158179658735741,0.520652279790188,0.0017899240154367474,0.0,0.0,0.1591856548036525,1.0,0.0021297999999205786,0.005117299999938041,0.10041870000009112,
iris,BALDSampler,,main,clean,0.3,5,0.3,45,0.7466666666666667,0.418321015163754,0.41779486916272834,0.0014414474000082518,0.0,0.0,0.09342510972349777,1.0,0.0012960000001385197,0.005966499999885855,0.11951290000001791,
iris,BALDSampler,,main,clean,0.3,6,0.05,7,0.7933333333333333,0.5488597754668476,0.5339765540078172,0.002438582400952065,0.0,0.0,0.010909041322195084,1.0,0.0009082999999918684,0.003935399999818401,0.050600599999825135,
iris,BALDSampler,,main,clean,0.3,6,0.1,15,0.7466666666666667,0.4646408753887577,0.45866072348478687,0.0023757115874086625,0.0,0.0,0.05663498811870722,1.0,0.001669500000161861,0.012023699999872406,0.0748263999998926,
iris,BALDSampler,,main,clean,0.3,6,0.15,22,0.7,0.4044825648156727,0.4068960714036977,0.002246782675984656,0.0,0.0,0.056243300190763255,1.0,0.0009448999999221996,0.005890200000067125,0.09090189999983522,
iris,BALDSampler,,main,clean,0.3,6,0.2,30,0.6933333333333334,0.37972040288785586,0.38408346122984227,0.0023204668197352417,0.0,0.0,0.04821762483997362,1.0,0.0008481999998366518,0.0037345999999160995,0.10739599999988059,
iris,BALDSampler,,main,clean,0.3,6,0.3,45,0.6266666666666667,0.3120144862051214,0.31129065331332423,0.0019404883140811105,0.0,0.0,0.06441711820895415,1.0,0.0009527000001980923,0.007836799999950017,0.12778979999984585,
iris,BALDSampler,,main,clean,0.3,7,0.05,7,0.8266666666666667,0.6307737018736306,0.6049788275365808,0.002376795055821404,0.0,0.0,0.07970684117594076,1.0,0.0009847999999692547,0.004520299999967392,0.05522570000016458,
iris,BALDSampler,,main,clean,0.3,7,0.1,15,0.8466666666666667,0.6534678322974743,0.6370499584958517,0.0020368255313013076,0.0,0.0,0.0852265557268343,1.0,0.002274499999884938,0.010095599999885962,0.08597970000005262,
iris,BALDSampler,,main,clean,0.3,7,0.15,22,0.8466666666666667,0.6208611697690422,0.6282977333621229,0.0019119585841002376,0.0,0.0,0.10507926681827062,0.8571428571428571,0.0016325000001415901,0.008426499999814041,0.11342260000014903,
iris,BALDSampler,,main,clean,0.3,7,0.2,30,0.86,0.6268762652038288,0.6456630460528542,0.0017658659958515767,0.0,0.0,0.08293240227786852,1.0,0.0020037000001593697,0.007504400000016176,0.13609780000001592,
iris,BALDSampler,,main,clean,0.3,7,0.3,45,0.8533333333333334,0.6042604621413767,0.6287314952038174,0.001531402741516145,0.0,0.0,0.13900813775866064,0.9333333333333333,0.0023837999999614112,0.006471099999998842,0.1633008000001155,
iris,BALDSampler,,main,clean,0.3,8,0.05,7,0.8333333333333334,0.6063817289679565,0.5904919498254924,0.0033925618419350934,0.0,0.0,0.18117438634639899,1.0,0.001120800000080635,0.04136590000007345,0.08462809999991805,
iris,BALDSampler,,main,clean,0.3,8,0.1,15,0.8,0.591110684486521,0.5654310080472487,0.00238500976792177,0.0,0.0,0.02991359092585731,1.0,0.0024326999998720567,0.01359279999996943,0.12325629999986631,
iris,BALDSampler,,main,clean,0.3,8,0.15,22,0.7933333333333333,0.5690905164028909,0.5501013935002499,0.0028303888875814698,0.0,0.0,0.2562495942375788,1.0,0.0022371000000021013,0.013359000000036758,0.16013349999980164,
iris,BALDSampler,,main,clean,0.3,8,0.2,30,0.7466666666666667,0.5073367113465334,0.4866802625276632,0.002223950497277166,0.0,0.0,0.11661474388639799,1.0,0.0019450999998298357,0.00941740000007485,0.19402649999983623,
iris,BALDSampler,,main,clean,0.3,8,0.3,45,0.6466666666666666,0.45609233216477346,0.42537842871541104,0.0019509852958146797,0.0,0.0,0.09252623294931842,1.0,0.0027529000001322856,0.010868399999935718,0.23975479999990057,
iris,BALDSampler,,main,clean,0.3,9,0.05,7,0.7866666666666666,0.5764187724751021,0.5432388755007024,0.0030808370918393863,0.0,0.0,0.21087131229720443,1.0,0.001118200000064462,0.007172200000013618,0.09646229999998468,
iris,BALDSampler,,main,clean,0.3,9,0.1,15,0.7533333333333333,0.5220843298684559,0.48691501774613877,0.0026355042435372428,0.0,0.0,0.09911156303175188,1.0,0.0022580999998353946,0.008092199999964578,0.12374210000007224,
iris,BALDSampler,,main,clean,0.3,9,0.15,22,0.7333333333333333,0.5006728435151747,0.45994553062988836,0.0024425310885702006,0.0,0.0,0.17745947853418903,1.0,0.0010943999998289655,0.002805999999964115,0.13589010000009694,
iris,BALDSampler,,main,clean,0.3,9,0.2,30,0.7266666666666667,0.4903168877496399,0.4419070076055811,0.0022452196920324102,0.0,0.0,0.16726926102912695,1.0,0.0018617000000631378,0.008337800000163043,0.16097050000007584,
iris,BALDSampler,,main,clean,0.3,9,0.3,45,0.7,0.4832378132169857,0.41686740891362156,0.0020165016403016767,0.0,0.0,0.14661603218288802,1.0,0.003509000000121887,0.006302499999947031,0.189762200000132,
iris,BALDSampler,,main,clean,0.3,10,0.05,7,0.8266666666666667,0.6534762508409035,0.6103971645085184,0.0038456383729746357,0.0,0.0,0.05159612009288078,1.0,0.000885299999936251,0.0030919999999241554,0.02864599999998063,
iris,BALDSampler,,main,clean,0.3,10,0.1,15,0.8266666666666667,0.6180216459983285,0.600566603046171,0.0021667358501744546,0.0,0.0,0.18348716595670592,1.0,0.0007727000001978013,0.002671499999905791,0.038882000000057815,
iris,BALDSampler,,main,clean,0.3,10,0.15,22,0.8333333333333334,0.5943772606006456,0.6014873283538276,0.0018766579466429861,0.0,0.0,0.1284496054388596,1.0,0.000750400000015361,0.002617999999984022,0.05245609999997214,
iris,BALDSampler,,main,clean,0.3,10,0.2,30,0.8333333333333334,0.5823133776330439,0.5965647335651044,0.001718329727451843,0.0,0.0,0.08106299948269739,1.0,0.000811300000123083,0.003963499999827036,0.06467960000009043,
iris,BALDSampler,,main,clean,0.3,10,0.3,45,0.8266666666666667,0.5201875417837528,0.5646163588018425,0.001468260966377923,0.0,0.0,0.0604391546833047,1.0,0.0007768000000396569,0.0029176999998981046,0.07583810000005542,
iris,BALDSampler,,main,clean,0.3,11,0.05,7,0.8133333333333334,0.5896480673288476,0.5726832765728626,0.0026801834948828596,0.0,0.0,0.023436539715314703,1.0,0.00095629999987068,0.0027680000000600558,0.026780499999858876,
iris,BALDSampler,,main,clean,0.3,11,0.1,15,0.7533333333333333,0.5090398420450414,0.49029837341582677,0.0025782685922985903,0.0,0.0,0.030209700968350267,1.0,0.0008159999999861611,0.0028551999998853717,0.040398999999979424,
iris,BALDSampler,,main,clean,0.3,11,0.15,22,0.72,0.48578210897664886,0.4537612906950502,0.001992621106366176,0.0,0.0,0.03152534136831485,1.0,0.0008469000001696259,0.0033363999998528016,0.062110099999927115,
iris,BALDSampler,,main,clean,0.3,11,0.2,30,0.7133333333333334,0.4769546269856765,0.4434553935875369,0.0016736595779789504,0.0,0.0,0.2694802747016584,0.875,0.001864600000089922,0.007157200000165176,0.07988860000000386,
iris,BALDSampler,,main,clean,0.3,11,0.3,45,0.76,0.46099257661260745,0.44760710822524735,0.0013981647520017386,0.0,0.0,0.15900882158294122,1.0,0.0009540999999444466,0.0029637000000093394,0.09864500000003318,
iris,BALDSampler,,main,clean,0.3,12,0.05,7,0.8266666666666667,0.575876400020196,0.583088621617989,0.003013633768250118,0.0,0.0,0.031245144788172585,1.0,0.00204440000015893,0.010476400000015929,0.052132199999959994,
iris,BALDSampler,,main,clean,0.3,12,0.1,15,0.7866666666666666,0.4867784487363482,0.5043238818790715,0.002721060704915325,0.0,0.0,0.22180450646951633,1.0,0.0008209000000078959,0.0039161999998214014,0.06841860000008637,
iris,BALDSampler,,main,clean,0.3,12,0.15,22,0.7533333333333333,0.4460118800134627,0.45515010175369586,0.002470640677167929,0.0,0.0,0.07454380157201033,1.0,0.0016977000000224507,0.007552300000043033,0.09573440000008304,
iris,BALDSampler,,main,clean,0.3,12,0.2,30,0.72,0.42456420200460404,0.4216431229214001,0.0020076315232620857,0.0,0.0,0.13731218615197066,1.0,0.0008190999999442283,0.009165200000097684,0.11526329999992413,
iris,BALDSampler,,main,clean,0.3,12,0.3,45,0.66,0.3522293538998528,0.34560784740241246,0.0018417741988393114,0.0,0.0,0.14519116528270504,1.0,0.0018082999999933236,0.010864000000083252,0.14071050000006835,
iris,BALDSampler,,main,clean,0.3,13,0.05,7,0.8266666666666667,0.6314115971077994,0.605088412838934,0.0028178412229456495,0.0,0.0,0.0035041312208461406,1.0,0.0009326000001692591,0.006386699999893608,0.04569909999986521,
iris,BALDSampler,,main,clean,0.3,13,0.1,15,0.8333333333333334,0.6170026889707332,0.6102891198077247,0.0018340141517599155,0.0,0.0,0.04646334887942273,1.0,0.0018436000000292552,0.010762200000044686,0.07763009999985115,
iris,BALDSampler,,main,clean,0.3,13,0.15,22,0.8333333333333334,0.6050218187454397,0.6060401126053638,0.00142649505185594,0.0,0.0,0.06601513416312862,1.0,0.002039099999819882,0.01081120000003466,0.10922709999999825,
iris,BALDSampler,,main,clean,0.3,13,0.2,30,0.8333333333333334,0.5990349503285878,0.6031377389440177,0.0013069651901775337,0.0,0.0,0.05898776620450294,1.0,0.0018265999999584892,0.009524700000156372,0.1360288999999284,
iris,BALDSampler,,main,clean,0.3,13,0.3,45,0.8266666666666667,0.5693412078793318,0.5790824820889591,0.0010469791988295526,0.0,0.0,0.11831776705484491,1.0,0.0016899999998258863,0.0086725999999544,0.16105179999999564,
iris,BALDSampler,,main,clean,0.3,15,0.05,7,0.8,0.5691700421616517,0.5522201860823263,0.003277915780276641,0.0,0.0,0.17358633018607145,1.0,0.0012878000000000611,0.003721300000051997,0.02736559999993915,
iris,BALDSampler,,main,clean,0.3,15,0.1,15,0.76,0.49084601113794585,0.4846585227187923,0.0031531894418556222,0.0,0.0,0.09219922159305544,1.0,0.0007994000000053347,0.0028112999998484156,0.03782520000004297,
iris,BALDSampler,,main,clean,0.3,15,0.15,22,0.72,0.4409346784676397,0.426900561026729,0.002982913862322372,0.0,0.0,0.06903403517129021,1.0,0.0018768999998428626,0.004343800000015108,0.05947799999989911,
iris,BALDSampler,,main,clean,0.3,15,0.2,30,0.68,0.38769964964917375,0.369517601358574,0.0022846991221598945,0.0,0.0,0.11830663872850235,1.0,0.0017318000000159373,0.006709399999863308,0.07993480000004638,
iris,BALDSampler,,main,clean,0.3,15,0.3,45,0.6533333333333333,0.34293702690933814,0.323270848440415,0.0018940260638780108,0.0,0.0,0.169089122684231,1.0,0.0007951000000048225,0.0061880000000655855,0.09666339999989759,
iris,BALDSampler,,main,clean,0.3,14,0.05,7,0.8066666666666666,0.577708910370883,0.5464406320847291,0.0021773675218548227,0.0,0.0,0.006966033017906242,1.0,0.0009236999999302498,0.004403700000011668,0.04260880000015277,
iris,BALDSampler,,main,clean,0.3,14,0.1,15,0.7533333333333333,0.5632762823659953,0.5048837367383541,0.0020748105222798616,0.0,0.0,0.030692418387936904,1.0,0.0019148999999742955,0.012480699999969147,0.07343639999999141,
iris,BALDSampler,,main,clean,0.3,14,0.15,22,0.5333333333333333,0.46814532320501007,0.3548636151948522,0.0017498557295955136,0.0,0.0,0.048965498910945864,1.0,0.0017301999998835527,0.008074099999930695,0.09748310000009042,
iris,BALDSampler,,main,clean,0.3,14,0.2,30,0.5466666666666666,0.4333633952004844,0.3400490414677152,0.0034143364915430394,0.0,0.0,0.13419007908082853,1.0,0.0012481000001116627,0.007498500000110653,0.12034360000006927,
iris,BALDSampler,,main,clean,0.3,14,0.3,45,0.5666666666666667,0.42956216473459324,0.3452879365885226,0.00255929077560393,0.0,0.0,0.17487637383831878,1.0,0.0007899999998244311,0.0064341999998305255,0.13446540000018103,
iris,BALDSampler,,main,clean,0.3,17,0.05,7,0.8,0.5373984152771706,0.541655622207451,0.003287178561195106,0.0,0.0,0.007009845795870107,1.0,0.0010849999998754356,0.005744399999912275,0.03771469999992405,
iris,BALDSampler,,main,clean,0.3,17,0.1,15,0.7666666666666667,0.48092587018753685,0.4788883109565142,0.002282144654673336,0.0,0.0,0.08006911912971709,1.0,0.0013407999999799358,0.0059689999998226995,0.056248099999947954,
iris,BALDSampler,,main,clean,0.3,17,0.15,22,0.76,0.46934429611434275,0.4612837008935621,0.0020556656438782883,0.0,0.0,0.04390689390592804,1.0,0.0008069000000432425,0.004544599999917409,0.06932979999987765,
iris,BALDSampler,,main,clean,0.3,17,0.2,30,0.7866666666666666,0.49487524755760726,0.5030993801239753,0.0019999129962477297,0.0,0.0,0.11565490316614636,1.0,0.0008040000000164582,0.0037769000000480446,0.08173469999996996,
iris,BALDSampler,,main,clean,0.3,17,0.3,45,0.7933333333333333,0.5043557281615374,0.5091273377854333,0.0019495437506017752,0.0,0.0,0.22280317955120435,0.9333333333333333,0.0008124999999381544,0.003496699999914199,0.09547619999989365,
iris,BALDSampler,,main,clean,0.3,16,0.05,7,0.82,0.5570313202057576,0.5605114250629286,0.0019125165347352226,0.0,0.0,0.0022030301946847075,1.0,0.0014708999999584194,0.004102099999954589,0.04326420000006692,
iris,BALDSampler,,main,clean,0.3,16,0.1,15,0.78,0.4677828536739878,0.48444440837350733,0.0015051550442458615,0.0,0.0,0.05938159547301543,1.0,0.0009371000001010543,0.006168699999989258,0.05889690000003611,
iris,BALDSampler,,main,clean,0.3,16,0.15,22,0.7466666666666667,0.43324086885299207,0.4376642196283262,0.0015989930502689803,0.0,0.0,0.035177959366937225,1.0,0.0007961999999679392,0.0044674999999188,0.07435169999985192,
iris,BALDSampler,,main,clean,0.3,16,0.2,30,0.8266666666666667,0.583347901062712,0.5730520206310433,0.0014464209188084672,0.0,0.0,0.022089181687792184,1.0,0.0016542000000754342,0.01118029999997816,0.10182629999985693,
iris,BALDSampler,,main,clean,0.3,16,0.3,45,0.82,0.5612692292166352,0.5590127495556483,0.0019621263573603533,0.0,0.0,0.1395578623698429,1.0,0.0008660999999392516,0.00485249999996995,0.11514379999994162,
iris,BALDSampler,,main,clean,0.3,18,0.05,7,0.8133333333333334,0.5656804665077871,0.5662008148670441,0.004980162230035723,0.0,0.0,0.19905888861078647,1.0,0.0009168000001409382,0.003738300000122763,0.05709400000000642,
iris,BALDSampler,,main,clean,0.3,18,0.1,15,0.7666666666666667,0.5839074057209068,0.532014424208294,0.0036975151260681197,0.0,0.0,0.15778544476876738,1.0,0.002026200000045719,0.008751000000074782,0.08337890000007064,
iris,BALDSampler,,main,clean,0.3,18,0.15,22,0.7466666666666667,0.5579501615488276,0.5082026938114115,0.004248521083277422,0.0,0.0,0.1852129997818042,1.0,0.001971400000002177,0.005782400000043708,0.10515510000004724,
iris,BALDSampler,,main,clean,0.3,18,0.2,30,0.74,0.5550173854955285,0.5033798977946082,0.0033021969347079294,0.0,0.0,0.12383161788731095,1.0,0.0020635000000766013,0.005180100000188759,0.1226364999999987,
iris,BALDSampler,,main,clean,0.3,18,0.3,45,0.88,0.672213479804818,0.6897757047957641,0.002331142975778544,0.0,0.0,0.08266957862493136,1.0,0.0008186000000023341,0.0018839000001662498,0.13789900000006128,
iris,BALDSampler,,main,clean,0.3,19,0.05,7,0.8133333333333334,0.594524930905476,0.5753287867100378,0.0018145738637384556,0.0,0.0,0.07350753250341605,1.0,0.0009547000001930428,0.007040899999992689,0.032706000000189306,
iris,BALDSampler,,main,clean,0.3,19,0.1,15,0.7933333333333333,0.5025809516964712,0.5180275175094736,0.0014119642898984125,0.0,0.0,0.1693674764885399,1.0,0.0009460999999646447,0.003528299999970841,0.04727210000010018,
iris,BALDSampler,,main,clean,0.3,19,0.15,22,0.7733333333333333,0.4413666867298603,0.4621275183486488,0.0013363289541887913,0.0,0.0,0.12995112961087804,1.0,0.002017199999954755,0.01106989999993857,0.08207790000005843,
iris,BALDSampler,,main,clean,0.3,19,0.2,30,0.7266666666666667,0.37858122917550613,0.38603129043130346,0.0013110575873537256,0.0,0.0,0.1509941549952671,1.0,0.0021137999999609747,0.011746399999992718,0.10962330000006659,
iris,BALDSampler,,main,clean,0.3,19,0.3,45,0.8466666666666667,0.555037981219777,0.6047272687737152,0.0011838204672426503,0.0,0.0,0.14943759606904117,1.0,0.0020867999999154563,0.0065652000000682165,0.14070409999999356,
iris,BALDSampler,,main,clean,0.3,20,0.05,7,0.8333333333333334,0.6607920793426151,0.62055617805847,0.004667256921103674,0.0,0.0,0.13017624988189289,1.0,0.002219100000047547,0.010252000000036787,0.06371710000007624,
iris,BALDSampler,,main,clean,0.3,20,0.1,15,0.8666666666666667,0.691871519267423,0.6743030887275016,0.004381977165960768,0.0,0.0,0.23193220548037558,1.0,0.0018062000001464185,0.008006500000192318,0.09253990000001977,
iris,BALDSampler,,main,clean,0.3,20,0.15,22,0.8666666666666667,0.6989117072145619,0.675331457173351,0.003909769327568932,0.0,0.0,0.08119583202932001,1.0,0.0018321000000014465,0.006591200000002573,0.11590760000012779,
iris,BALDSampler,,main,clean,0.3,20,0.2,30,0.8733333333333333,0.692646853302329,0.68338257325536,0.0033381765864030216,0.0,0.0,0.1679116729337094,1.0,0.0012699999999767897,0.003773199999841381,0.13977920000002086,
iris,BALDSampler,,main,clean,0.3,20,0.3,45,0.8666666666666667,0.6398933089966179,0.661367309966262,0.002592101583875475,0.0,0.0,0.10502312851413345,1.0,0.001730299999962881,0.007050400000025547,0.16238739999994323,
iris,BALDSampler,,main,clean,0.3,21,0.05,7,0.8333333333333334,0.6217152909239348,0.6017359651664348,0.0030562539184270654,0.0,0.0,0.10862562660501737,1.0,0.0020351999999093096,0.010070000000041546,0.052520799999911105,
iris,BALDSampler,,main,clean,0.3,21,0.1,15,0.8266666666666667,0.5990058393794483,0.5899663445025055,0.0027676109479993632,0.0,0.0,0.18381899877325278,1.0,0.0018654000000424276,0.008515600000009727,0.07391939999979513,
iris,BALDSampler,,main,clean,0.3,21,0.15,22,0.82,0.575422185641421,0.5774696604473444,0.0023577033892353866,0.0,0.0,0.05783832916978931,1.0,0.0008053999999901862,0.0025397999997949228,0.08385249999992084,
iris,BALDSampler,,main,clean,0.3,21,0.2,30,0.7933333333333333,0.4919600924202248,0.5128973488372718,0.0018549332135248953,0.0,0.0,0.07887676906983371,1.0,0.0007668999999168591,0.00241039999991699,0.09499879999998484,
iris,BALDSampler,,main,clean,0.3,21,0.3,45,0.76,0.4215812140080685,0.43551812805690826,0.0016290556304140336,0.0,0.0,0.10529272148298471,1.0,0.0007998000000952743,0.0041203000000678,0.10698439999987386,
iris,BALDSampler,,main,clean,0.3,22,0.05,7,0.8066666666666666,0.5652283743093459,0.5571466075769261,0.002541682155883601,0.0,0.0,0.04224032591509483,1.0,0.0015932000001157576,0.004350800000111121,0.04515790000004927,
iris,BALDSampler,,main,clean,0.3,22,0.1,15,0.7533333333333333,0.5150718083790676,0.4888538994015982,0.0020054984139332224,0.0,0.0,0.1776443844942756,1.0,0.001290900000185502,0.005786400000033609,0.06585210000002917,
iris,BALDSampler,,main,clean,0.3,22,0.15,22,0.74,0.43788463284237894,0.43543353834073073,0.0019296866907473561,0.0,0.0,0.11351077785032337,1.0,0.0016508000001067558,0.0068071999999119726,0.08758290000014313,
iris,BALDSampler,,main,clean,0.3,22,0.2,30,0.7866666666666666,0.49558799797642816,0.49660795081121306,0.0016555738175456983,0.0,0.0,0.14042121006116987,1.0,0.0016406000002007204,0.006224200000133351,0.10969700000009652,
iris,BALDSampler,,main,clean,0.3,22,0.3,45,0.6266666666666667,0.3021442689809455,0.2853245848534616,0.0018911594919294025,0.0,0.0,0.12046047648719332,1.0,0.0013824999998632848,0.006695499999977983,0.13068029999999453,
iris,BALDSampler,,main,clean,0.3,24,0.05,7,0.8066666666666666,0.635180813172581,0.5828577799714192,0.004044615883684294,0.0,0.0,0.10854308253940267,1.0,0.0018658999999843218,0.006254800000078831,0.04890490000002501,
iris,BALDSampler,,main,clean,0.3,24,0.1,15,0.7866666666666666,0.5047813329833531,0.5074206935359077,0.0035625906109798128,0.0,0.0,0.1406054212054556,1.0,0.0013538000000608008,0.006281100000023798,0.06556840000007469,
iris,BALDSampler,,main,clean,0.3,24,0.15,22,0.7866666666666666,0.49197256763577407,0.49843417818957836,0.002591744208776947,0.0,0.0,0.23924959698294454,1.0,0.0008302999999614258,0.004710500000101092,0.08155990000000202,
iris,BALDSampler,,main,clean,0.3,24,0.2,30,0.7866666666666666,0.48203934742680543,0.4859233781749412,0.0022873169109831754,0.0,0.0,0.213422845816567,0.875,0.0015711999999439286,0.005801999999903273,0.09995400000002519,
iris,BALDSampler,,main,clean,0.3,24,0.3,45,0.7,0.4832378132169857,0.41686740891362156,0.0017552019419370837,0.0,0.0,0.11175745296260613,1.0,0.001102599999967424,0.0032816999998885876,0.11462550000010197,
iris,BALDSampler,,main,clean,0.3,23,0.05,7,0.7933333333333333,0.5259601576823183,0.5187711546908509,0.0032645236698570224,0.0,0.0,0.043066046284784054,1.0,0.0019108000001324399,0.026068499999837513,0.074951800000008,
iris,BALDSampler,,main,clean,0.3,23,0.1,15,0.74,0.4422641289395412,0.4433958554520074,0.0026480622356736608,0.0,0.0,0.17463979303934019,1.0,0.0018061999999190448,0.010715099999970334,0.10034110000015062,
iris,BALDSampler,,main,clean,0.3,23,0.15,22,0.7,0.38788739410569667,0.38712584154694,0.002467968985027031,0.0,0.0,0.06311233608389619,1.0,0.0007590999998683401,0.002832899999930305,0.11166309999998703,
iris,BALDSampler,,main,clean,0.3,23,0.2,30,0.6866666666666666,0.3758766660703476,0.37208321334268923,0.0023391832754542513,0.0,0.0,0.11103160428841118,1.0,0.0012579000001551321,0.005209200000081182,0.12862740000014128,
iris,BALDSampler,,main,clean,0.3,23,0.3,45,0.6466666666666666,0.32986136330025484,0.31908795276898266,0.0019757564969301957,0.0,0.0,0.12420165808026137,1.0,0.0007433000000673928,0.002885500000047614,0.14800100000002203,
iris,BALDSampler,,main,clean,0.3,26,0.05,7,0.8066666666666666,0.6055506620522423,0.5682489635300364,0.002558110129867855,0.0,0.0,0.03494838104875228,1.0,0.0015762000000449916,0.00764789999993809,0.0424691000000621,
iris,BALDSampler,,main,clean,0.3,26,0.1,15,0.7866666666666666,0.5453910104257698,0.5325977406023711,0.0024022445499380218,0.0,0.0,0.20451547035065681,1.0,0.0011061999998673855,0.005322699999851466,0.06104400000003807,
iris,BALDSampler,,main,clean,0.3,26,0.15,22,0.7733333333333333,0.5260446570706181,0.5141650309740399,0.0020040197886975236,0.0,0.0,0.14810397687837643,1.0,0.001740700000027573,0.005195999999841661,0.08156120000012379,
iris,BALDSampler,,main,clean,0.3,26,0.2,30,0.7333333333333333,0.4484772618341161,0.44479701904439756,0.0018447610320836277,0.0,0.0,0.06871683545273952,1.0,0.0008611000000655622,0.0030431999998654646,0.09240159999990283,
iris,BALDSampler,,main,clean,0.3,26,0.3,45,0.6533333333333333,0.3384593116089628,0.33998704821355585,0.001381036047467161,0.0,0.0,0.08093363386150647,1.0,0.0012613999999757652,0.003532100000029459,0.10867110000003777,
iris,BALDSampler,,main,clean,0.3,25,0.05,7,0.8066666666666666,0.5508807146164215,0.5496178852515113,0.004593789433953756,0.0,0.0,0.020375729658056868,1.0,0.0013303000000632892,0.005063500000005661,0.05008799999995972,
iris,BALDSampler,,main,clean,0.3,25,0.1,15,0.78,0.4924029350503634,0.4967328769259348,0.003374665488611525,0.0,0.0,0.1292334929729128,1.0,0.0016722000000299886,0.008608499999809283,0.06873829999994996,
iris,BALDSampler,,main,clean,0.3,25,0.15,22,0.7466666666666667,0.4564878105490172,0.44750136195949136,0.003344840536606624,0.0,0.0,0.11764871632395665,1.0,0.0007239999999910651,0.0029365999998844927,0.0798291999999492,
iris,BALDSampler,,main,clean,0.3,25,0.2,30,0.7,0.4193013836815126,0.39332459589340324,0.0027582297274930875,0.0,0.0,0.036062690676937,1.0,0.0011919000000943925,0.006195400000024165,0.10008910000010474,
iris,BALDSampler,,main,clean,0.3,25,0.3,45,0.6866666666666666,0.41901802066579996,0.3805165042997535,0.002582801907451356,0.0,0.0,0.11733129185111121,1.0,0.001303999999890948,0.0055374000000938395,0.11974080000004506,
iris,BALDSampler,,main,clean,0.3,27,0.05,7,0.8066666666666666,0.6346631359390216,0.5826262395398415,0.002318294145144395,0.0,0.0,0.21223078569124515,1.0,0.0017562000000452826,0.008460199999944962,0.05022870000016155,
iris,BALDSampler,,main,clean,0.3,27,0.1,15,0.7866666666666666,0.598199811669865,0.5535548704080068,0.00201657143547683,0.0,0.0,0.16353152038593566,1.0,0.0018055000000458676,0.0061555999998290645,0.07081160000007003,
iris,BALDSampler,,main,clean,0.3,27,0.15,22,0.7466666666666667,0.5494795920925277,0.505121010787255,0.002070063021482882,0.0,0.0,0.16952576962222551,1.0,0.0011868000001413748,0.0037689000000682427,0.08607619999997951,
iris,BALDSampler,,main,clean,0.3,27,0.2,30,0.7133333333333334,0.5280936473682941,0.48005653959980565,0.0017541934608498386,0.0,0.0,0.12865281684322294,1.0,0.0008048999998209183,0.0022631999997884122,0.09981560000005629,
iris,BALDSampler,,main,clean,0.3,27,0.3,45,0.68,0.48458446220127155,0.447520129082584,0.001417067534978222,0.0,0.0,0.0632447725770896,1.0,0.000978300000042509,0.007198499999958585,0.11534000000006017,
iris,BALDSampler,,main,clean,0.3,28,0.05,7,0.8266666666666667,0.630777558636722,0.6049240120753526,0.002643474705051163,0.0,0.0,0.006167797226005189,1.0,0.0016077000000223052,0.006405099999938102,0.0515698000001521,
iris,BALDSampler,,main,clean,0.3,28,0.1,15,0.82,0.6032377666907112,0.5900338765544879,0.002594459024928556,0.0,0.0,0.0037899976907859595,1.0,0.001039099999843529,0.00773229999981595,0.07043220000014117,
iris,BALDSampler,,main,clean,0.3,28,0.15,22,0.8,0.5625186763902188,0.5532690882536637,0.001933482540171513,0.0,0.0,0.04226526668733578,1.0,0.0012113000000226748,0.005759699999998702,0.09167969999998604,
iris,BALDSampler,,main,clean,0.3,28,0.2,30,0.8066666666666666,0.5539212350069268,0.55582376399105,0.001518845199522379,0.0,0.0,0.047470942139745106,1.0,0.0012033000000428729,0.004286300000103438,0.10930770000004486,
iris,BALDSampler,,main,clean,0.3,28,0.3,45,0.8066666666666666,0.5204705903853034,0.5414412835323227,0.0012206896319441865,0.0,0.0,0.07394611516828403,1.0,0.001780600000074628,0.007461499999863008,0.13384300000006988,
iris,BALDSampler,,main,clean,0.3,29,0.05,7,0.8,0.5535008375734876,0.5327439330236807,0.0047815843613037215,0.0,0.0,0.06067765686278223,1.0,0.0012858999998570653,0.005960200000117766,0.05928319999998166,
iris,BALDSampler,,main,clean,0.3,29,0.1,15,0.7533333333333333,0.45761740468188905,0.4486637102794969,0.002661420953218167,0.0,0.0,0.16913367690040304,1.0,0.0018933000001197797,0.01003050000008443,0.08532420000005914,
iris,BALDSampler,,main,clean,0.3,29,0.15,22,0.7066666666666667,0.3937801404046081,0.38184516898273574,0.003685646723897512,0.0,0.0,0.1054821440700848,1.0,0.0008989999998902931,0.0033458999998856598,0.09655620000012277,
iris,BALDSampler,,main,clean,0.3,29,0.2,30,0.6733333333333333,0.36297967640578654,0.3444070220485173,0.0023906424249955233,0.0,0.0,0.12947964125968978,1.0,0.0008140999998431653,0.002634600000192222,0.10947910000004413,
iris,BALDSampler,,main,clean,0.3,29,0.3,45,0.6533333333333333,0.3498917641392977,0.3246677566084465,0.0020189257973206956,0.0,0.0,0.12817039705046726,1.0,0.0007682000000386324,0.0026680999999371124,0.11996350000003986,
iris,QBCSampler,,main,clean,0.0,0,0.05,7,0.8266666666666667,0.6522540766247575,0.6099646258503402,0.9608227758538082,0.0,0.0,0.41553389555049614,1.0,0.0016708999999082152,0.009403799999972762,0.056678900000179055,
iris,QBCSampler,,main,clean,0.0,0,0.1,15,0.7866666666666666,0.6198221368971629,0.5590013112007007,0.8768548459306577,0.0,0.0,0.29664746817174903,1.0,0.0014744000000064261,0.0083730999999716,0.08319990000018151,
iris,QBCSampler,,main,clean,0.0,0,0.15,22,0.76,0.6042424494301822,0.5334485795361884,0.8591587494285177,0.0,0.0,0.16293456195787262,1.0,0.0010446999999658146,0.0036050999999588385,0.1023717000000488,
iris,QBCSampler,,main,clean,0.0,0,0.2,30,0.9,0.7436509495527129,0.7415485456111208,0.8587990540547215,0.0,0.0,0.18839168551650382,1.0,0.0013810000000376021,0.006904000000076849,0.12657990000002428,
iris,QBCSampler,,main,clean,0.0,0,0.3,45,0.9666666666666667,0.8801106732223011,0.9037141640512019,0.8077278946593808,0.0,0.0,0.23931155750722793,1.0,0.0014092000001255656,0.006937299999890456,0.14843510000014248,
iris,QBCSampler,,main,clean,0.0,1,0.05,7,0.84,0.6712151876862276,0.6318715256331069,0.9562508622280923,0.0,0.0,0.3489430254672643,1.0,0.0011471000000256026,0.0050564000000576925,0.04244260000018585,
iris,QBCSampler,,main,clean,0.0,1,0.1,15,0.8733333333333333,0.7206021232401235,0.6906098592632469,0.8877750648017011,0.0,0.0,0.33761124192522085,1.0,0.0013378999999531516,0.006680500000129541,0.06405830000016977,
iris,QBCSampler,,main,clean,0.0,1,0.15,22,0.9,0.7660355440487252,0.7436826319432358,0.8482388512174449,0.0,0.0,0.22070383226224952,1.0,0.001426699999910852,0.005692800000133502,0.08406920000015816,
iris,QBCSampler,,main,clean,0.0,1,0.2,30,0.9266666666666666,0.8125564476804747,0.8026452685653829,0.7939856254457969,0.0,0.0,0.1502390837833395,1.0,0.0014400000000023283,0.005121900000176538,0.10347580000006928,
iris,QBCSampler,,main,clean,0.0,1,0.3,45,0.9666666666666667,0.8850620966553381,0.9037675791580496,0.7387954676646927,0.0,0.0,0.11218786185117098,1.0,0.0009832999999161984,0.002993800000012925,0.118985400000156,
iris,QBCSampler,,main,clean,0.0,2,0.05,7,0.8533333333333334,0.6818188711582578,0.652516389967057,0.952244290887913,0.0,0.0,0.3355168455689568,1.0,0.0011363999999502994,0.010574200000064593,0.04665079999995214,
iris,QBCSampler,,main,clean,0.0,2,0.1,15,0.8733333333333333,0.7151056003701348,0.6897559431278082,0.8818217247749406,0.0,0.0,0.3111124229465428,1.0,0.001026799999863215,0.010544900000013513,0.07229729999994561,
iris,QBCSampler,,main,clean,0.0,2,0.15,22,0.8933333333333333,0.7433112454113615,0.728747439940184,0.8644174886715155,0.0,0.0,0.2300502217585318,1.0,0.0009660000000621949,0.004406900000049063,0.08676220000006651,
iris,QBCSampler,,main,clean,0.0,2,0.2,30,0.9266666666666666,0.8024440070096257,0.8022085453675192,0.812723532173207,0.0,0.0,0.2075576001231288,1.0,0.0011794000001827953,0.005135999999993146,0.1028639999999541,
iris,QBCSampler,,main,clean,0.0,2,0.3,45,0.98,0.9192316125079704,0.9410122562924206,0.7721490904607886,0.0,0.0,0.12141849657070584,1.0,0.0014840000001186127,0.00610499999993408,0.12063259999990805,
iris,QBCSampler,,main,clean,0.0,3,0.05,7,0.8333333333333334,0.5814349949419173,0.5832046093379579,0.9442124831859338,0.0,0.0,0.33015701445894613,1.0,0.0013951000000815839,0.011330199999974866,0.0673597999998492,
iris,QBCSampler,,main,clean,0.0,3,0.1,15,0.8333333333333334,0.5890464685156208,0.5922441465320278,0.8878806275000599,0.0,0.0,0.2436922048349711,1.0,0.0009075999998913176,0.006957900000088557,0.08930820000000494,
iris,QBCSampler,,main,clean,0.0,3,0.15,22,0.8,0.5381478390903005,0.5350029203070266,0.9090637046935834,0.0,0.0,0.3277559461015995,1.0,0.0007064000001264503,0.005970500000103129,0.11194839999984652,
iris,QBCSampler,,main,clean,0.0,3,0.2,30,0.7666666666666667,0.5002216579611448,0.4885934921401149,0.9155423093423085,0.0,0.0,0.26006254115947264,1.0,0.001297700000122859,0.009891800000104922,0.13790689999996175,
iris,QBCSampler,,main,clean,0.0,3,0.3,45,0.92,0.803070390474209,0.7874017024726389,0.9142055531507317,0.0,0.0,0.17200004500299668,1.0,0.0012641000000712665,0.00509779999993043,0.15426849999994374,
iris,QBCSampler,,main,clean,0.0,4,0.05,7,0.82,0.564295279183877,0.5660644790948279,0.9526168552435641,0.0,0.0,0.3039140360448578,1.0,0.0010947000000669505,0.01218050000011317,0.047710100000131206,
iris,QBCSampler,,main,clean,0.0,4,0.1,15,0.8066666666666666,0.5249029821148731,0.5357725665075567,0.8841078286865118,0.0,0.0,0.32425359607279747,1.0,0.000714100000095641,0.00520449999999073,0.06506730000000971,
iris,QBCSampler,,main,clean,0.0,4,0.15,22,0.7933333333333333,0.4985993727313585,0.5084470210493603,0.8830983293314552,0.0,0.0,0.3116471192768012,1.0,0.0007138000000850298,0.0032464999999319843,0.07790479999994204,
iris,QBCSampler,,main,clean,0.0,4,0.2,30,0.76,0.4524476814813912,0.4531044451301707,0.8717237943025973,0.0,0.0,0.17824954257673326,1.0,0.0011034999999992579,0.00588770000013028,0.09517150000010588,
iris,QBCSampler,,main,clean,0.0,4,0.3,45,0.8866666666666667,0.7246031769163463,0.7141390614568589,0.8929808274674045,0.0,0.0,0.17354661699933566,1.0,0.0005940999999438645,0.002912700000024415,0.10951260000001639,
iris,QBCSampler,,main,clean,0.0,5,0.05,7,0.8266666666666667,0.5729022877333171,0.5806573597604853,0.9579432976204525,0.0,0.0,0.33518811809472915,1.0,0.00150220000000445,0.010071899999957168,0.05899649999992107,
iris,QBCSampler,,main,clean,0.0,5,0.1,15,0.84,0.5752256686965543,0.5980577831901719,0.8750931043336497,0.0,0.0,0.3382042484812726,1.0,0.0014169000000947563,0.007761800000025687,0.07764479999991636,
iris,QBCSampler,,main,clean,0.0,5,0.15,22,0.8333333333333334,0.5691669732113657,0.5857364932603287,0.8652225521401075,0.0,0.0,0.2564121251329902,1.0,0.0006837999999333988,0.0026686000001063803,0.08939800000007381,
iris,QBCSampler,,main,clean,0.0,5,0.2,30,0.8266666666666667,0.5667570201222487,0.5761313205366557,0.8670443932997002,0.0,0.0,0.24399508220548927,1.0,0.0006379999999808206,0.0029409999999643333,0.0999775000000227,
iris,QBCSampler,,main,clean,0.0,5,0.3,45,0.9733333333333334,0.9143625311853999,0.9222414299226981,0.8797225625336894,0.0,0.0,0.2052740118986606,1.0,0.0006368000001657492,0.0036273000000619504,0.11499899999989793,
iris,QBCSampler,,main,clean,0.0,6,0.05,7,0.8333333333333334,0.5941730876162266,0.5928696106099411,0.9507841413974649,0.0,0.0,0.41774133113300443,0.75,0.000742599999966842,0.0038610999999946216,0.048169700000016746,
iris,QBCSampler,,main,clean,0.0,6,0.1,15,0.7933333333333333,0.5122248380517381,0.5112748636264159,0.8897071144471792,0.0,0.0,0.31591310816321383,1.0,0.0013898000001972832,0.010585900000023685,0.07729679999988548,
iris,QBCSampler,,main,clean,0.0,6,0.15,22,0.7666666666666667,0.49957603304573256,0.4763387675371369,0.9081658045250832,0.0,0.0,0.33315158811324075,1.0,0.0016057000000273547,0.009943100000100458,0.10457659999997304,
iris,QBCSampler,,main,clean,0.0,6,0.2,30,0.7266666666666667,0.48622493804122385,0.43218929110406934,0.9341407380385838,0.0,0.0,0.3178524104015472,1.0,0.0010807999999542517,0.0040804999998727,0.12307989999999336,
iris,QBCSampler,,main,clean,0.0,6,0.3,45,0.7066666666666667,0.5964158855856995,0.5114780100169788,0.9168350951153083,0.0,0.0,0.17879965802762143,1.0,0.001548700000057579,0.006331799999998111,0.15157799999997223,
iris,QBCSampler,,main,clean,0.0,7,0.05,7,0.8466666666666667,0.6750498631643848,0.6416026620488269,0.9482972958824405,0.0,0.0,0.3199176766390702,1.0,0.001224800000045434,0.0038988000001154433,0.061089900000069974,
iris,QBCSampler,,main,clean,0.0,7,0.1,15,0.88,0.7225098528948911,0.7021065635057377,0.8840163909049561,0.0,0.0,0.34668485608036204,1.0,0.001527000000123735,0.008795299999974304,0.08854550000000927,
iris,QBCSampler,,main,clean,0.0,7,0.15,22,0.8933333333333333,0.7433112454113615,0.728747439940184,0.8706559187912946,0.0,0.0,0.18220855263891103,1.0,0.0009526999999707186,0.003361099999892758,0.1067120000000159,
iris,QBCSampler,,main,clean,0.0,7,0.2,30,0.9266666666666666,0.8024440070096257,0.8022085453675192,0.8163572983635543,0.0,0.0,0.18856713951210174,1.0,0.0014040999999451742,0.005362699999977849,0.12366599999995742,
iris,QBCSampler,,main,clean,0.0,7,0.3,45,0.98,0.9192316125079704,0.9410122562924206,0.7737501582425961,0.0,0.0,0.12386678943397937,1.0,0.0006389000000126543,0.001981100000193692,0.1330990000001293,
iris,QBCSampler,,main,clean,0.0,8,0.05,7,0.8333333333333334,0.659486892724918,0.6201351808870379,0.9516491742600732,0.0,0.0,0.3355541922266939,1.0,0.0018193999999311927,0.02511939999999413,0.0815592999999808,
iris,QBCSampler,,main,clean,0.0,8,0.1,15,0.8266666666666667,0.6522540766247575,0.6099646258503402,0.8717056272344572,0.0,0.0,0.3216392068055812,1.0,0.0007568999999421067,0.00730440000006638,0.10290359999999055,
iris,QBCSampler,,main,clean,0.0,8,0.15,22,0.78,0.6152170261835382,0.5518147720362261,0.8539464188027386,0.0,0.0,0.24581979062108458,1.0,0.0015730999998595507,0.004938999999922089,0.12309510000000046,
iris,QBCSampler,,main,clean,0.0,8,0.2,30,0.9,0.7476338362851507,0.7419782010797596,0.8554455517137713,0.0,0.0,0.1538889348528541,1.0,0.0006711999999424734,0.0023462000001472916,0.1350803000000269,
iris,QBCSampler,,main,clean,0.0,8,0.3,45,0.96,0.870521418179061,0.8857921001989628,0.7782109874872881,0.0,0.0,0.18892176747286504,1.0,0.001512299999831157,0.004192500000044674,0.16473610000002736,
iris,QBCSampler,,main,clean,0.0,9,0.05,7,0.78,0.5315045475826812,0.5151205366415913,0.9524093662805392,0.0,0.0,0.2963732781342074,1.0,0.0016390999999202904,0.012237300000151663,0.06985840000015742,
iris,QBCSampler,,main,clean,0.0,9,0.1,15,0.7466666666666667,0.47538762828761866,0.45458054188893265,0.8906346994129876,0.0,0.0,0.2746347433384917,1.0,0.0014652999998361338,0.006946400000060748,0.0994508000001133,
iris,QBCSampler,,main,clean,0.0,9,0.15,22,0.6866666666666666,0.41161473221783107,0.37481561257114016,0.8839140066097961,0.0,0.0,0.21738886162298035,1.0,0.0014012999999977183,0.008097399999996924,0.12664510000013252,
iris,QBCSampler,,main,clean,0.0,9,0.2,30,0.86,0.6933208584680062,0.6648253082377061,0.9217860593598282,0.0,0.0,0.1760436824801897,1.0,0.0005854999999428401,0.002980600000000777,0.1375233000001117,
iris,QBCSampler,,main,clean,0.0,9,0.3,45,0.9266666666666666,0.8024440070096257,0.8022085453675192,0.8421684563329269,0.0,0.0,0.23070639651599797,1.0,0.0006141000001207431,0.003811099999893486,0.16128610000009758,
iris,QBCSampler,,main,clean,0.0,10,0.05,7,0.8466666666666667,0.6773082883819697,0.6421974809457369,0.9569115485447757,0.0,0.0,0.37795277491273055,1.0,0.001168700000107492,0.005175599999802216,0.047569999999950596,
iris,QBCSampler,,main,clean,0.0,10,0.1,15,0.88,0.7277351910916086,0.7028455614106202,0.8962712974212402,0.0,0.0,0.26741223214482485,1.0,0.0013452000000597764,0.0062202999999954045,0.06685530000004292,
iris,QBCSampler,,main,clean,0.0,10,0.15,22,0.8933333333333333,0.7581756800057784,0.7302382722834697,0.8549644903865611,0.0,0.0,0.18314036418523041,1.0,0.000622300000031828,0.0025324999999156717,0.07806540000001405,
iris,QBCSampler,,main,clean,0.0,10,0.2,30,0.9266666666666666,0.8125564476804747,0.8026452685653829,0.7992605765815723,0.0,0.0,0.18095290051977583,1.0,0.0009611999998924148,0.0029392000001280394,0.09085989999994126,
iris,QBCSampler,,main,clean,0.0,10,0.3,45,0.98,0.9192316125079704,0.9410122562924206,0.7633316951243236,0.0,0.0,0.12254035702739915,1.0,0.0006108000000040192,0.002737799999977142,0.10181370000009338,
iris,QBCSampler,,main,clean,0.0,11,0.05,7,0.8266666666666667,0.5897063802727586,0.5888155615250099,0.9652257991063686,0.0,0.0,0.37394434262845644,0.75,0.0018552999999883468,0.008723400000008041,0.07536240000013095,
iris,QBCSampler,,main,clean,0.0,11,0.1,15,0.7866666666666666,0.5217895644135242,0.5134680682570161,0.8950579405442785,0.0,0.0,0.2887491415804887,1.0,0.0015794000000823871,0.01100389999987783,0.10769110000001092,
iris,QBCSampler,,main,clean,0.0,11,0.15,22,0.76,0.4967460277244456,0.46950927697183675,0.8982609560851688,0.0,0.0,0.3221182042843947,1.0,0.0016206000000238419,0.00653769999985343,0.1335417000000234,
iris,QBCSampler,,main,clean,0.0,11,0.2,30,0.7133333333333334,0.48090158701931823,0.4255639915966944,0.9358719907809094,0.0,0.0,0.2803081724461175,1.0,0.0010254999999688152,0.005529300000034709,0.15155640000011772,
iris,QBCSampler,,main,clean,0.0,11,0.3,45,0.9333333333333333,0.8410911493201384,0.8188082691528172,0.9155799522479694,0.0,0.0,0.1961594207401051,1.0,0.0009443999999803054,0.005134799999950701,0.17576320000011947,
iris,QBCSampler,,main,clean,0.0,12,0.05,7,0.84,0.5837870549705113,0.5973257641256532,0.9505284562194599,0.0,0.0,0.32809334668979784,0.75,0.001614499999959662,0.01179220000017267,0.06105800000000272,
iris,QBCSampler,,main,clean,0.0,12,0.1,15,0.8466666666666667,0.58381080795093,0.6101143119915681,0.8955201440341227,0.0,0.0,0.3165379684130869,1.0,0.0021242000000256667,0.010961399999814603,0.09294460000000981,
iris,QBCSampler,,main,clean,0.0,12,0.15,22,0.82,0.5539476745172143,0.5654539807266434,0.9235874252541169,0.0,0.0,0.30923233249498633,1.0,0.0018310000000383297,0.007115399999975125,0.11391159999993761,
iris,QBCSampler,,main,clean,0.0,12,0.2,30,0.7866666666666666,0.5323076029272408,0.5225860634694455,0.9351711362537047,0.0,0.0,0.27999676518323147,0.875,0.001257099999975253,0.005975700000135475,0.13583779999999024,
iris,QBCSampler,,main,clean,0.0,12,0.3,45,0.9333333333333333,0.8410911493201384,0.8188082691528172,0.91033870947344,0.0,0.0,0.1547786972041141,1.0,0.0011226999999962572,0.005487200000061421,0.15344489999984035,
iris,QBCSampler,,main,clean,0.0,13,0.05,7,0.8333333333333334,0.662783426505471,0.6211859270317655,0.9574077961450952,0.0,0.0,0.33280451273418526,1.0,0.0011022999999568128,0.012976600000001781,0.059312699999964025,
iris,QBCSampler,,main,clean,0.0,13,0.1,15,0.86,0.7015527750702963,0.6664858716814338,0.8872164647739502,0.0,0.0,0.22632373091897856,1.0,0.0013725999999678606,0.008306700000048295,0.0826076999999259,
iris,QBCSampler,,main,clean,0.0,13,0.15,22,0.88,0.7346249737691952,0.703743816882739,0.8451630672829634,0.0,0.0,0.329137882609188,1.0,0.001309199999923294,0.006222199999911027,0.10046749999992244,
iris,QBCSampler,,main,clean,0.0,13,0.2,30,0.9,0.7660355440487252,0.7436826319432358,0.7998758812528934,0.0,0.0,0.1408434230419826,1.0,0.0014130000001841836,0.003363000000035754,0.11888119999980518,
iris,QBCSampler,,main,clean,0.0,13,0.3,45,0.9466666666666667,0.8448528384416771,0.8511690525435782,0.7517426729596236,0.0,0.0,0.12339220468351156,1.0,0.0008894000000054803,0.003312300000061441,0.13460359999999127,
iris,QBCSampler,,main,clean,0.0,14,0.05,7,0.8266666666666667,0.5953116365306577,0.5756368141179855,0.9403610199675416,0.0,0.0,0.31761396053455226,1.0,0.0011555999999472988,0.006649599999946076,0.05331949999981589,
iris,QBCSampler,,main,clean,0.0,14,0.1,15,0.7866666666666666,0.5336686865042738,0.510893347265199,0.8924668784133726,0.0,0.0,0.34989720650603234,1.0,0.001324800000020332,0.010351399999990463,0.08092839999994794,
iris,QBCSampler,,main,clean,0.0,14,0.15,22,0.7466666666666667,0.5153803867260804,0.4681329372732563,0.9348898962299963,0.0,0.0,0.2757375963168767,0.8571428571428571,0.0014082999998663581,0.0071626999999807595,0.10345999999981359,
iris,QBCSampler,,main,clean,0.0,14,0.2,30,0.7466666666666667,0.612142124882102,0.5328904998376632,0.9262570711229681,0.0,0.0,0.16823559541377192,1.0,0.001261099999965154,0.005638699999963137,0.1273059000000103,
iris,QBCSampler,,main,clean,0.0,14,0.3,45,0.9133333333333333,0.7941216731131326,0.7726314170414115,0.8798145303965976,0.0,0.0,0.17435823894416422,1.0,0.0009754000000157248,0.007952100000011342,0.15048149999984162,
iris,QBCSampler,,main,clean,0.0,15,0.05,7,0.8,0.531978609763013,0.5282754405622899,0.9444974742769692,0.0,0.0,0.33701090742970374,1.0,0.0015065000000049622,0.011558700000023236,0.05616789999999128,
iris,QBCSampler,,main,clean,0.0,15,0.1,15,0.7466666666666667,0.4665146819114249,0.4500082193157997,0.8795477466075755,0.0,0.0,0.2796384709749711,1.0,0.000989099999969767,0.007713500000136264,0.07732279999981984,
iris,QBCSampler,,main,clean,0.0,15,0.15,22,0.74,0.4450796024715305,0.43043507088355126,0.9199342578352693,0.0,0.0,0.25779346820077675,1.0,0.0006061999999928958,0.0020898999998735235,0.09080079999989721,
iris,QBCSampler,,main,clean,0.0,15,0.2,30,0.7533333333333333,0.46759135714191546,0.45010306974138986,0.9159629753060621,0.0,0.0,0.32026495504344704,1.0,0.0009832000000642438,0.004132399999889458,0.10537399999998343,
iris,QBCSampler,,main,clean,0.0,15,0.3,45,0.96,0.8641855068202222,0.8856970310281228,0.9080097594396996,0.0,0.0,0.3050646477109487,1.0,0.0006965999998556072,0.007766999999830659,0.12198420000004262,
iris,QBCSampler,,main,clean,0.0,16,0.05,7,0.82,0.5508791373161784,0.5571960178174566,0.966535213068918,0.0,0.0,0.3749443997508033,1.0,0.0014729000001807435,0.008734300000014628,0.05187789999990855,
iris,QBCSampler,,main,clean,0.0,16,0.1,15,0.8133333333333334,0.5413717228338257,0.5393294033046369,0.9103554468549426,0.0,0.0,0.3455929813541288,1.0,0.001391600000033577,0.009096200000158206,0.07356210000011743,
iris,QBCSampler,,main,clean,0.0,16,0.15,22,0.8333333333333334,0.5695201749790157,0.580375024237321,0.8904337437326476,0.0,0.0,0.3778641934669423,1.0,0.0009804999999687425,0.004248299999972005,0.09337080000000242,
iris,QBCSampler,,main,clean,0.0,16,0.2,30,0.82,0.5547382955963798,0.5602757131316903,0.8887863254185357,0.0,0.0,0.2273273647210285,0.875,0.0016359000001102686,0.00650420000010854,0.11201970000001893,
iris,QBCSampler,,main,clean,0.0,16,0.3,45,0.98,0.9305506621576433,0.9410449800736683,0.8986119544405712,0.0,0.0,0.25038739684921274,1.0,0.000678899999911664,0.0038042000001041743,0.1280091999999513,
iris,QBCSampler,,main,clean,0.0,17,0.05,7,0.8266666666666667,0.5725978984872478,0.5797883412171401,0.954730848108194,0.0,0.0,0.43276390813861965,1.0,0.0007744999998067215,0.005387400000017806,0.04921630000012556,
iris,QBCSampler,,main,clean,0.0,17,0.1,15,0.8133333333333334,0.5287490050496302,0.5431242366565182,0.8948832268113467,0.0,0.0,0.34682919039499593,1.0,0.0010130999999091728,0.006184099999927639,0.07090630000016063,
iris,QBCSampler,,main,clean,0.0,17,0.15,22,0.8333333333333334,0.5610795934452277,0.5823953659598182,0.8948639271590475,0.0,0.0,0.35340194121497337,1.0,0.0006648999999470107,0.0048427000001538545,0.08402950000004239,
iris,QBCSampler,,main,clean,0.0,17,0.2,30,0.84,0.5928300801819849,0.6061193395032815,0.9081252328011231,0.0,0.0,0.2510442226783661,1.0,0.0013960000001134176,0.004737999999861131,0.10474930000009408,
iris,QBCSampler,,main,clean,0.0,17,0.3,45,0.9666666666666667,0.8850620966553381,0.9037675791580496,0.8962125834083067,0.0,0.0,0.19195894366912097,1.0,0.0007315000000289729,0.002097800000001371,0.11937809999994897,
iris,QBCSampler,,main,clean,0.0,18,0.05,7,0.8266666666666667,0.6550256828579779,0.6109364906166366,0.9662122927413721,0.0,0.0,0.3600940433050206,1.0,0.001782199999979639,0.00975190000008297,0.04452960000003259,
iris,QBCSampler,,main,clean,0.0,18,0.1,15,0.7733333333333333,0.6118207894998574,0.5455983561107668,0.8684876919858282,0.0,0.0,0.30889524236417853,1.0,0.0017347999998946761,0.006211200000052486,0.06773210000005747,
iris,QBCSampler,,main,clean,0.0,18,0.15,22,0.8666666666666667,0.6967858730970384,0.6757362582358094,0.8672264852901431,0.0,0.0,0.24556617805197498,1.0,0.001393199999938588,0.00557699999990291,0.09213699999986602,
iris,QBCSampler,,main,clean,0.0,18,0.2,30,0.9066666666666666,0.7608755956611575,0.7565319826935709,0.8443986446604204,0.0,0.0,0.31406663548736513,1.0,0.001455699999951321,0.008616500000016458,0.11783669999999802,
iris,QBCSampler,,main,clean,0.0,18,0.3,45,0.9533333333333334,0.849780562488021,0.8681109348039796,0.7753852813579937,0.0,0.0,0.10517929152869439,1.0,0.0006831000000602216,0.007428699999991295,0.1412806000000728,
iris,QBCSampler,,main,clean,0.0,19,0.05,7,0.8266666666666667,0.5875423296792054,0.5823370277824201,0.9595948076326088,0.0,0.0,0.30945398851149447,0.75,0.0015286000000287459,0.011366799999905197,0.10338120000005802,
iris,QBCSampler,,main,clean,0.0,19,0.1,15,0.7933333333333333,0.5260196191335303,0.5204703572958522,0.8844466777337486,0.0,0.0,0.2967087823387641,1.0,0.001524400000107562,0.01527129999999488,0.14932360000011613,
iris,QBCSampler,,main,clean,0.0,19,0.15,22,0.74,0.4936937743203382,0.4512399099218157,0.9073454963724031,0.0,0.0,0.3508301286011383,1.0,0.0009195999998610205,0.01141009999992093,0.2215863999999783,
iris,QBCSampler,,main,clean,0.0,19,0.2,30,0.7133333333333334,0.4894107426046118,0.4306193326366237,0.9492644074362319,0.0,0.0,0.3386271574791788,1.0,0.0012786999998297688,0.00700989999995727,0.25410880000004,
iris,QBCSampler,,main,clean,0.0,19,0.3,45,0.9266666666666666,0.8125564476804746,0.8026452685653829,0.9040162677843678,0.0,0.0,0.1935747435632214,1.0,0.0013753999999153166,0.025098400000160836,0.2989918000000671,
iris,QBCSampler,,main,clean,0.0,20,0.05,7,0.8333333333333334,0.662783426505471,0.6211859270317655,0.9544740073550799,0.0,0.0,0.3390587047371874,1.0,0.0008341999998719984,0.0037601000001359353,0.052192800000057105,
iris,QBCSampler,,main,clean,0.0,20,0.1,15,0.8666666666666667,0.7081288291800827,0.6778813673827861,0.8835370126088067,0.0,0.0,0.3564788610086804,1.0,0.0010016999999606924,0.0043148999998265936,0.06734960000017054,
iris,QBCSampler,,main,clean,0.0,20,0.15,22,0.8866666666666667,0.7352943572511146,0.7155592175135396,0.8572076128252768,0.0,0.0,0.24048862120089368,1.0,0.001636899999994057,0.002617100000179562,0.08565560000010919,
iris,QBCSampler,,main,clean,0.0,20,0.2,30,0.92,0.7925051624197303,0.7868729885244303,0.7959304770819348,0.0,0.0,0.17883509831608435,1.0,0.001363100000162376,0.004991799999970681,0.10507330000018555,
iris,QBCSampler,,main,clean,0.0,20,0.3,45,0.9666666666666667,0.8850620966553381,0.9037675791580496,0.7549338408867501,0.0,0.0,0.11043327603207223,1.0,0.0014041999997971288,0.004675800000086383,0.12460580000015398,
iris,QBCSampler,,main,clean,0.0,21,0.05,7,0.8066666666666666,0.552117857303347,0.5367552962665918,0.9366898995072093,0.0,0.0,0.32478464962825276,0.75,0.0016137000000071566,0.01273100000003069,0.08657850000008693,
iris,QBCSampler,,main,clean,0.0,21,0.1,15,0.8066666666666666,0.520600061365785,0.5270728580885541,0.8796172182093147,0.0,0.0,0.2634528571887083,1.0,0.0014175000001159788,0.012615000000096188,0.13846760000001268,
iris,QBCSampler,,main,clean,0.0,21,0.15,22,0.8066666666666666,0.520600061365785,0.5270728580885541,0.8824813290692922,0.0,0.0,0.20727085903101436,1.0,0.0006121000001257926,0.008305399999926522,0.1760085999999319,
iris,QBCSampler,,main,clean,0.0,21,0.2,30,0.7866666666666666,0.4832815769469231,0.4860644508953325,0.8446394249186071,0.0,0.0,0.27863987710413574,1.0,0.003484899999875779,0.019827000000077533,0.21765310000000682,
iris,QBCSampler,,main,clean,0.0,21,0.3,45,0.9066666666666666,0.7571306080900333,0.7561944834034595,0.854831231964198,0.0,0.0,0.19155463146196242,1.0,0.0013885000000755099,0.00762469999995119,0.23308539999993627,
iris,QBCSampler,,main,clean,0.0,22,0.05,7,0.8266666666666667,0.5836961896687799,0.5800784544153732,0.949254092797656,0.0,0.0,0.2985932137672135,1.0,0.0007226000000173372,0.0032787000000098487,0.029332399999930203,
iris,QBCSampler,,main,clean,0.0,22,0.1,15,0.7666666666666667,0.6071613032965413,0.5388415225610196,0.87991974343436,0.0,0.0,0.23601026791258628,1.0,0.0014151000000310887,0.007693799999969997,0.04802549999999428,
iris,QBCSampler,,main,clean,0.0,22,0.15,22,0.86,0.6890518004413542,0.6638956080488512,0.864703066192117,0.0,0.0,0.20297469288088119,1.0,0.0005627000000458793,0.0024033000001963956,0.06562850000000253,
iris,QBCSampler,,main,clean,0.0,22,0.2,30,0.9066666666666666,0.7608755956611575,0.7565319826935709,0.8568573496624371,0.0,0.0,0.3455481503964703,1.0,0.0013394999998581625,0.0068893000000116444,0.08689189999995506,
iris,QBCSampler,,main,clean,0.0,22,0.3,45,0.9666666666666667,0.8801106732223011,0.9037141640512019,0.7784148524930573,0.0,0.0,0.14441615445122388,1.0,0.0013670000000729488,0.004834200000004785,0.10424209999996492,
iris,QBCSampler,,main,clean,0.0,23,0.05,7,0.5866666666666667,0.6187123760130202,0.4552562820865752,1.0491972309799984,0.0,0.0,0.4528885025839302,0.75,0.0007060999998884654,0.00930360000006658,0.033995500000173706,
iris,QBCSampler,,main,clean,0.0,23,0.1,15,0.7666666666666667,0.5032001677422306,0.48385118643930136,0.9540970729267013,0.0,0.0,0.21186782194593434,1.0,0.0009876000001440843,0.010005699999965145,0.05442410000000564,
iris,QBCSampler,,main,clean,0.0,23,0.15,22,0.8333333333333334,0.5723826647807674,0.589732211315982,0.943751255238842,0.0,0.0,0.37155825249754404,1.0,0.0006343000000015309,0.003448100000014165,0.06562600000006569,
iris,QBCSampler,,main,clean,0.0,23,0.2,30,0.7733333333333333,0.4915281596046862,0.47981132151800415,0.8640276682203797,0.0,0.0,0.2981603687200899,1.0,0.0009545000000343862,0.005197299999963434,0.08856370000012248,
iris,QBCSampler,,main,clean,0.0,23,0.3,45,0.94,0.8167114929527717,0.833982948121967,0.8764591774654764,0.0,0.0,0.24807724674424275,1.0,0.0006069999999454012,0.007352399999945192,0.10355570000001535,
iris,QBCSampler,,main,clean,0.0,24,0.05,7,0.8133333333333334,0.6401804206005287,0.5913142857142857,0.9588132667950084,0.0,0.0,0.2649600198242972,1.0,0.0009359000000586093,0.003702500000144937,0.04795420000004924,
iris,QBCSampler,,main,clean,0.0,24,0.1,15,0.7866666666666666,0.6195992198288597,0.5588789115646259,0.8753221351638133,0.0,0.0,0.24934127425430347,1.0,0.0005874000000858359,0.0029798000000482716,0.05792840000003707,
iris,QBCSampler,,main,clean,0.0,24,0.15,22,0.8666666666666667,0.6981281862909945,0.676005958011242,0.869250660795935,0.0,0.0,0.16938063784312898,1.0,0.000576600000158578,0.0023562999999739986,0.06827960000009625,
iris,QBCSampler,,main,clean,0.0,24,0.2,30,0.9066666666666666,0.7608755956611575,0.7565319826935709,0.8628811520921887,0.0,0.0,0.3458472688319821,1.0,0.0005876000000171189,0.0024777999999514577,0.0777923999999075,
iris,QBCSampler,,main,clean,0.0,24,0.3,45,0.9666666666666667,0.8850620966553381,0.9037675791580496,0.7646910720249603,0.0,0.0,0.13726545522226047,1.0,0.0006043999999292282,0.0021202000000357657,0.08658250000007683,
iris,QBCSampler,,main,clean,0.0,25,0.05,7,0.8133333333333334,0.5464189414853494,0.5496322704596721,0.9507054853408037,0.0,0.0,0.34987124822789906,1.0,0.0014946000001145876,0.0055396999998720275,0.04777760000001763,
iris,QBCSampler,,main,clean,0.0,25,0.1,15,0.74,0.4572435339713336,0.43923262368001087,0.8835366963008756,0.0,0.0,0.2639238658019021,1.0,0.0006852999999864551,0.003375700000106008,0.058652500000107466,
iris,QBCSampler,,main,clean,0.0,25,0.15,22,0.7133333333333334,0.43066679298852717,0.40140730761114807,0.923845324936741,0.0,0.0,0.17884413842166821,1.0,0.0006344999999328138,0.0025179000001571694,0.06811930000003485,
iris,QBCSampler,,main,clean,0.0,25,0.2,30,0.86,0.6890518004413542,0.6638956080488512,0.9212204387883675,0.0,0.0,0.14148313829681142,1.0,0.000541799999837167,0.002317700000048717,0.08052420000012717,
iris,QBCSampler,,main,clean,0.0,25,0.3,45,0.9333333333333333,0.8037974551773084,0.8176016452576428,0.8464044075416434,0.0,0.0,0.31975114292667295,1.0,0.001344400000107271,0.010278800000151023,0.10457250000013119,
iris,QBCSampler,,main,clean,0.0,27,0.05,7,0.8133333333333334,0.6412741266574404,0.5917675070941648,0.962760116697067,0.0,0.0,0.33116848474899574,1.0,0.0011265000000548753,0.005580799999961528,0.035127900000134105,
iris,QBCSampler,,main,clean,0.0,27,0.1,15,0.7933333333333333,0.6243719110131059,0.5664096776958334,0.8889617177292445,0.0,0.0,0.20384090794046844,1.0,0.0006140000000414148,0.0025201999999353575,0.04494140000019797,
iris,QBCSampler,,main,clean,0.0,27,0.15,22,0.8666666666666667,0.7004099176605743,0.676454462051257,0.8708535954055341,0.0,0.0,0.14599933620142463,1.0,0.0007547999998678279,0.0020746000000144704,0.05502050000018244,
iris,QBCSampler,,main,clean,0.0,27,0.2,30,0.9066666666666666,0.7608755956611575,0.7565319826935709,0.8598289440692456,0.0,0.0,0.36068948314078597,1.0,0.0012919000000692904,0.004612399999814443,0.06823410000015429,
iris,QBCSampler,,main,clean,0.0,27,0.3,45,0.9466666666666667,0.8365829144738786,0.8509627406851713,0.756671933162777,0.0,0.0,0.1430803684006278,1.0,0.0005934000000706874,0.0020892000000003463,0.07689770000001772,
iris,QBCSampler,,main,clean,0.0,26,0.05,7,0.82,0.5786477599955145,0.5705888430313807,0.9462945555790773,0.0,0.0,0.35514165372605,0.75,0.0007284000000709057,0.0033114000000296073,0.0381281999998464,
iris,QBCSampler,,main,clean,0.0,26,0.1,15,0.8,0.5256430549592289,0.525912677881031,0.8723205741642108,0.0,0.0,0.3075051397692283,1.0,0.001267300000108662,0.00858269999980621,0.06265139999982239,
iris,QBCSampler,,main,clean,0.0,26,0.15,22,0.7733333333333333,0.4972424931438162,0.4781099940991452,0.8853094826740575,0.0,0.0,0.27324813744261955,1.0,0.0012507000001278357,0.006682599999976446,0.08512739999991936,
iris,QBCSampler,,main,clean,0.0,26,0.2,30,0.7333333333333333,0.5055191399306636,0.434301388449309,0.9265733301237569,0.0,0.0,0.36681161738767765,0.875,0.0015376999999716645,0.006466499999987718,0.10709489999999278,
iris,QBCSampler,,main,clean,0.0,26,0.3,45,0.9333333333333333,0.8226344718871866,0.8183576606742303,0.927962512710686,0.0,0.0,0.23112204912741569,0.9333333333333333,0.0013899000000492379,0.005514499999890177,0.13316909999980453,
iris,QBCSampler,,main,clean,0.0,28,0.05,7,0.82,0.6461350870712756,0.6004644575682504,0.9414889722041725,0.0,0.0,0.3584238979744401,0.75,0.001431700000011915,0.009075399999801448,0.05067430000008244,
iris,QBCSampler,,main,clean,0.0,28,0.1,15,0.8866666666666667,0.7246031769163463,0.7141390614568589,0.8698258548448345,0.0,0.0,0.3609064395958444,1.0,0.0014691999999740801,0.004242700000077093,0.06382959999996274,
iris,QBCSampler,,main,clean,0.0,28,0.15,22,0.9,0.751823353981513,0.7424064303816005,0.8669545266950702,0.0,0.0,0.1668506080446664,1.0,0.0006451000001561624,0.002197600000044986,0.07554140000002008,
iris,QBCSampler,,main,clean,0.0,28,0.2,30,0.9266666666666666,0.7918863111239692,0.8016599157804853,0.8157352642469686,0.0,0.0,0.19084986048788682,1.0,0.0015532000002167479,0.005362000000104672,0.09686400000009598,
iris,QBCSampler,,main,clean,0.0,28,0.3,45,0.98,0.9305506621576433,0.9410449800736683,0.7885212289789855,0.0,0.0,0.17489519250602045,1.0,0.001186799999914001,0.00512140000000727,0.11548440000001392,
iris,QBCSampler,,main,clean,0.0,29,0.05,7,0.8,0.6302971958909425,0.574757819889755,1.0200497723030848,0.0,0.0,0.4115426203187798,1.0,0.0017603999999664666,0.018888399999923422,0.09960099999989325,
iris,QBCSampler,,main,clean,0.0,29,0.1,15,0.8,0.5246939404586991,0.5262517401786018,0.9310771920116272,0.0,0.0,0.24625356563385697,1.0,0.0011377000000720727,0.007025099999964368,0.12799909999989723,
iris,QBCSampler,,main,clean,0.0,29,0.15,22,0.78,0.5086836514494921,0.4902404560526987,0.9135075757149471,0.0,0.0,0.38621725168617743,0.8571428571428571,0.0017957999998543528,0.013522899999998117,0.15851869999983137,
iris,QBCSampler,,main,clean,0.0,29,0.2,30,0.7933333333333333,0.5253724474264635,0.5134994072641498,0.89695188091064,0.0,0.0,0.2648235617736772,1.0,0.0014661999998679676,0.0088216999999986,0.18631429999982174,
iris,QBCSampler,,main,clean,0.0,29,0.3,45,0.9733333333333334,0.9011219347136157,0.9221767019765943,0.9026782534707897,0.0,0.0,0.21696642369933639,1.0,0.0014132999999674212,0.006497200000012526,0.20834439999998722,
iris,QBCSampler,,main,clean,0.1,0,0.05,7,0.82,0.6245717100042641,0.5952502404261426,0.9608227758538082,0.0,0.0,0.41553389555049614,1.0,0.001548700000057579,0.009418200000027355,0.04105200000003606,
iris,QBCSampler,,main,clean,0.1,0,0.1,15,0.7933333333333333,0.5876204837757326,0.5548379902550734,0.8794914071439058,0.0,0.0,0.2679036193082721,1.0,0.0013662000001204433,0.007420099999990271,0.06461680000006709,
iris,QBCSampler,,main,clean,0.1,0,0.15,22,0.7733333333333333,0.5730950612468364,0.532249552505155,0.8591034982277479,0.0,0.0,0.19763877153714457,1.0,0.0013151000000561908,0.006156899999950838,0.08248639999987972,
iris,QBCSampler,,main,clean,0.1,0,0.2,30,0.7333333333333333,0.5274499082726196,0.49006946682275965,0.8479776423991456,0.0,0.0,0.1571534283000975,1.0,0.001298599999927319,0.0025060999998913758,0.10149200000000747,
iris,QBCSampler,,main,clean,0.1,0,0.3,45,0.88,0.6654029969373344,0.6905951803001807,0.8864232764900213,0.0,0.0,0.2182500026058474,1.0,0.0006106999999246909,0.007454199999983757,0.11725599999999758,
iris,QBCSampler,,main,clean,0.1,1,0.05,7,0.84,0.6687135213085517,0.631158086738433,0.9562508622280923,0.0,0.0,0.3489430254672643,1.0,0.0007064000001264503,0.003166700000065248,0.030254800000193427,
iris,QBCSampler,,main,clean,0.1,1,0.1,15,0.8666666666666667,0.7037042596540184,0.6770802856430762,0.8808386973706608,0.0,0.0,0.32198172180097945,1.0,0.0006089999999403517,0.0026691000000482745,0.041197900000042864,
iris,QBCSampler,,main,clean,0.1,1,0.15,22,0.88,0.7186593633920438,0.7015292412422846,0.8512938892017596,0.0,0.0,0.21068158432035017,1.0,0.0006046000000878848,0.002074499999935142,0.05012080000005881,
iris,QBCSampler,,main,clean,0.1,1,0.2,30,0.8866666666666667,0.7144700766492658,0.7118566431813224,0.7922091449433435,0.0,0.0,0.1634297953392922,1.0,0.0005796000000373169,0.0019760000000133005,0.05883080000012342,
iris,QBCSampler,,main,clean,0.1,1,0.3,45,0.9333333333333333,0.782015375640402,0.8143590078400009,0.7417495663810513,0.0,0.0,0.11264170143316492,1.0,0.0006607000000258267,0.0019933000000946777,0.0671417000000929,
iris,QBCSampler,,main,clean,0.1,2,0.05,7,0.8533333333333334,0.6589728179429745,0.6433298942586483,0.952244290887913,0.0,0.0,0.3355168455689568,1.0,0.0016330000000834843,0.007854999999835854,0.060755700000072466,
iris,QBCSampler,,main,clean,0.1,2,0.1,15,0.8666666666666667,0.6759455430348182,0.6676345011234763,0.8751733899546885,0.0,0.0,0.30613736885569925,0.875,0.001033000000006723,0.02248009999993883,0.12531280000007428,
iris,QBCSampler,,main,clean,0.1,2,0.15,22,0.8866666666666667,0.6886977731403906,0.7043373739431599,0.8505370783280036,0.0,0.0,0.28514096538249634,1.0,0.0013093000000026223,0.008417400000098496,0.14928059999988363,
iris,QBCSampler,,main,clean,0.1,2,0.2,30,0.9066666666666666,0.7193369161951434,0.7482902704555471,0.8264067019116607,0.0,0.0,0.2531996589859108,1.0,0.0013252999999622261,0.006241199999976743,0.17021359999989727,
iris,QBCSampler,,main,clean,0.1,2,0.3,45,0.9466666666666667,0.8051898179234397,0.8475960413708304,0.7846625797254348,0.0,0.0,0.11297214503190742,1.0,0.0012933000000430184,0.0051487000000634,0.18956499999990228,
iris,QBCSampler,,main,clean,0.1,3,0.05,7,0.84,0.5956845963302192,0.6001529955745418,0.9442124831859338,0.0,0.0,0.33015701445894613,1.0,0.02756890000000567,0.011408300000084637,0.09748029999991559,
iris,QBCSampler,,main,clean,0.1,3,0.1,15,0.8333333333333334,0.5637750239080246,0.5833200909986078,0.8813113745489008,0.0,0.0,0.28387304953490694,1.0,0.0009793000001536711,0.011377999999922395,0.12485209999999825,
iris,QBCSampler,,main,clean,0.1,3,0.15,22,0.8333333333333334,0.5780035295845154,0.5904239343727988,0.8850145889199711,0.0,0.0,0.312288193569294,1.0,0.001339700000016819,0.008208800000147676,0.14406209999992825,
iris,QBCSampler,,main,clean,0.1,3,0.2,30,0.8066666666666666,0.5485889014799095,0.5473833758610698,0.9047542509541564,0.0,0.0,0.2810773836375448,1.0,0.0008342999999513268,0.00316619999989598,0.15661090000003242,
iris,QBCSampler,,main,clean,0.1,3,0.3,45,0.9,0.7216092659193553,0.7302382722834697,0.8630042317676498,0.0,0.0,0.1243727449142145,1.0,0.0014329000000543601,0.004303300000174204,0.17265210000005027,
iris,QBCSampler,,main,clean,0.1,4,0.05,7,0.8266666666666667,0.5821191639092939,0.5841317511874256,0.9526168552435641,0.0,0.0,0.3039140360448578,1.0,0.0007278000000496831,0.003809499999988475,0.0381024000000707,
iris,QBCSampler,,main,clean,0.1,4,0.1,15,0.82,0.553817627040704,0.5653308767081222,0.8804319765690762,0.0,0.0,0.34982665000402335,1.0,0.0010076000000935892,0.008000399999900765,0.05680219999999281,
iris,QBCSampler,,main,clean,0.1,4,0.15,22,0.8,0.5007658754934818,0.522379631021496,0.859945110865237,0.0,0.0,0.26545772993797645,1.0,0.0009165999999822816,0.004545799999959854,0.0716610000001765,
iris,QBCSampler,,main,clean,0.1,4,0.2,30,0.78,0.4701539663046632,0.4826472635446849,0.8557690471299658,0.0,0.0,0.23812866741707484,1.0,0.0005725999999413034,0.0020865999999841733,0.08110150000015892,
iris,QBCSampler,,main,clean,0.1,4,0.3,45,0.88,0.6459333354890544,0.6821291193662733,0.8834646449385999,0.0,0.0,0.1503455188483434,1.0,0.001258300000017698,0.0048606000000290805,0.10079540000015186,
iris,QBCSampler,,main,clean,0.1,5,0.05,7,0.8266666666666667,0.581479949109112,0.5825104324786046,0.9579432976204525,0.0,0.0,0.33518811809472915,1.0,0.0016253999999662483,0.009930299999950876,0.04945550000002186,
iris,QBCSampler,,main,clean,0.1,5,0.1,15,0.8333333333333334,0.5701785481204641,0.5864471270416954,0.8745493575891607,0.0,0.0,0.3166934524295099,1.0,0.000922599999967133,0.006206799999972645,0.07061210000006213,
iris,QBCSampler,,main,clean,0.1,5,0.15,22,0.82,0.5270238843339242,0.5525234586765608,0.8612345764197489,0.0,0.0,0.23157474458751445,1.0,0.0014271000000007916,0.00741809999999532,0.0943482000000131,
iris,QBCSampler,,main,clean,0.1,5,0.2,30,0.8133333333333334,0.5190457433518497,0.5426494020947933,0.8691643777245661,0.0,0.0,0.208853374439547,1.0,0.0014373999999861553,0.006599199999982375,0.11769570000001295,
iris,QBCSampler,,main,clean,0.1,5,0.3,45,0.9466666666666667,0.820368969088954,0.8495139758286063,0.8935668727703475,0.0,0.0,0.2565212785237757,1.0,0.0013568999997914943,0.006634500000018306,0.13989799999990282,
iris,QBCSampler,,main,clean,0.1,6,0.05,7,0.8333333333333334,0.5920328591064049,0.5914276853771199,0.9507841413974649,0.0,0.0,0.41774133113300443,0.75,0.0017150999999557826,0.012615999999979977,0.06723650000003545,
iris,QBCSampler,,main,clean,0.1,6,0.1,15,0.8,0.5040031265659353,0.5185662456858643,0.8889853022857122,0.0,0.0,0.3558179929034273,1.0,0.0010024000000612432,0.008602399999972477,0.0880591000000095,
iris,QBCSampler,,main,clean,0.1,6,0.15,22,0.76,0.45547904844013765,0.4550657020682954,0.8905486033254543,0.0,0.0,0.2870735975340331,1.0,0.0009354999999686697,0.004341899999872112,0.10377199999993536,
iris,QBCSampler,,main,clean,0.1,6,0.2,30,0.7266666666666667,0.4108242065390946,0.4047631550247004,0.8918129766073571,0.0,0.0,0.20054931288842462,1.0,0.0011566999999104155,0.005632400000195048,0.11911880000002384,
iris,QBCSampler,,main,clean,0.1,6,0.3,45,0.6733333333333333,0.48380904330425845,0.4473163537675866,0.9102489391708541,0.0,0.0,0.19221063108336603,1.0,0.0009142000001247652,0.0025143000000298343,0.13276089999999385,
iris,QBCSampler,,main,clean,0.1,7,0.05,7,0.8466666666666667,0.6516495109008545,0.6317868792548544,0.9482972958824405,0.0,0.0,0.3199176766390702,1.0,0.0009949000000233355,0.004868499999929554,0.03523589999986143,
iris,QBCSampler,,main,clean,0.1,7,0.1,15,0.8733333333333333,0.6858506667483728,0.6803691491717511,0.8792471281928032,0.0,0.0,0.3514331849757095,1.0,0.0013535000000501896,0.007860999999820706,0.05554690000008122,
iris,QBCSampler,,main,clean,0.1,7,0.15,22,0.88,0.6795881180471024,0.6906856822856708,0.8515223151803708,0.0,0.0,0.17129240391987274,1.0,0.001448000000209504,0.005864199999905395,0.07746859999997469,
iris,QBCSampler,,main,clean,0.1,7,0.2,30,0.9066666666666666,0.7037110922481582,0.7458143198720066,0.8190268588819518,0.0,0.0,0.2305691774747508,1.0,0.000622100000100545,0.0037878999999065854,0.09462639999992462,
iris,QBCSampler,,main,clean,0.1,7,0.3,45,0.9466666666666667,0.7965516899694083,0.8466146375161996,0.8004492469339225,0.0,0.0,0.13781199549067874,1.0,0.0006367000000864209,0.0021042999999281164,0.10517819999995481,
iris,QBCSampler,,main,clean,0.1,8,0.05,7,0.8333333333333334,0.6388000326136501,0.6153795963640961,0.9516491742600732,0.0,0.0,0.3355541922266939,1.0,0.0014782999999169988,0.03133249999996224,0.0794805999998971,
iris,QBCSampler,,main,clean,0.1,8,0.1,15,0.82,0.6254684690281429,0.5955308340911531,0.8789703726218172,0.0,0.0,0.32893773236194257,1.0,0.0006923000000824686,0.004957399999966583,0.09885570000005828,
iris,QBCSampler,,main,clean,0.1,8,0.15,22,0.7866666666666666,0.5833682734388529,0.547092760857626,0.8600302747031433,0.0,0.0,0.2093409543340333,1.0,0.0009574999999131251,0.004121100000020306,0.11585839999997916,
iris,QBCSampler,,main,clean,0.1,8,0.2,30,0.8733333333333333,0.6605398934152945,0.6778922684210741,0.8533387127491893,0.0,0.0,0.14350232513206806,1.0,0.0006577999999990425,0.004529000000047745,0.13183869999988929,
iris,QBCSampler,,main,clean,0.1,8,0.3,45,0.9133333333333333,0.727048978309915,0.7620622790007985,0.7781779111666774,0.0,0.0,0.1680109424189843,1.0,0.0013859999999112915,0.00681510000003982,0.15291389999993044,
iris,QBCSampler,,main,clean,0.1,9,0.05,7,0.7933333333333333,0.5622720779777904,0.5432959458070241,0.9524093662805392,0.0,0.0,0.2963732781342074,1.0,0.0018162000001211709,0.00865950000002158,0.06045159999985117,
iris,QBCSampler,,main,clean,0.1,9,0.1,15,0.76,0.5029140922829571,0.4790667439695005,0.8977681555964232,0.0,0.0,0.28011460503783214,1.0,0.0007152000000587577,0.006339799999977913,0.07598659999985102,
iris,QBCSampler,,main,clean,0.1,9,0.15,22,0.72,0.4321853979373512,0.4103968343454193,0.8808678509650987,0.0,0.0,0.2145027143780611,1.0,0.0009959000001344975,0.0037898000000495813,0.09017799999992349,
iris,QBCSampler,,main,clean,0.1,9,0.2,30,0.6733333333333333,0.37380738011340553,0.3509955106126764,0.8927223457754856,0.0,0.0,0.1859843634819527,1.0,0.0007216999999855034,0.0024510999999165506,0.1037485999997898,
iris,QBCSampler,,main,clean,0.1,9,0.3,45,0.8666666666666667,0.6468353448511802,0.6601553997141857,0.8723253793209307,0.0,0.0,0.1667301394219831,1.0,0.0008600999999544001,0.003339399999958914,0.11960159999989628,
iris,QBCSampler,,main,clean,0.1,10,0.05,7,0.8466666666666667,0.6750498631643848,0.6416026620488269,0.9569115485447757,0.0,0.0,0.37795277491273055,1.0,0.0015293000001292967,0.008480100000042512,0.03800260000002709,
iris,QBCSampler,,main,clean,0.1,10,0.1,15,0.8666666666666667,0.6844733937589288,0.6682133629693324,0.8908804212268133,0.0,0.0,0.2821543771548469,1.0,0.0005932999999913591,0.002271300000074916,0.049302500000067084,
iris,QBCSampler,,main,clean,0.1,10,0.15,22,0.8733333333333333,0.6970077531157501,0.6811429250358801,0.8692737249923551,0.0,0.0,0.1905445488427188,1.0,0.0012993000000278698,0.004986400000007052,0.06866580000018985,
iris,QBCSampler,,main,clean,0.1,10,0.2,30,0.9066666666666666,0.7216506067724604,0.7480493022308241,0.819097585298117,0.0,0.0,0.18461352885484456,1.0,0.0012993000000278698,0.004647499999919091,0.08523120000018025,
iris,QBCSampler,,main,clean,0.1,10,0.3,45,0.9533333333333334,0.8209362197304052,0.8649877551020408,0.7896063199520932,0.0,0.0,0.15914088103143714,1.0,0.0005779000000529777,0.0017872999999326566,0.09321590000013202,
iris,QBCSampler,,main,clean,0.1,11,0.05,7,0.8266666666666667,0.5863048386142223,0.5875484422970456,0.9652257991063686,0.0,0.0,0.37394434262845644,0.75,0.0008076000001437933,0.004629999999906431,0.03272190000006958,
iris,QBCSampler,,main,clean,0.1,11,0.1,15,0.7933333333333333,0.5213727128332627,0.5197814760291057,0.9047273663791826,0.0,0.0,0.36955849440182553,0.875,0.0014363000000230386,0.00846400000000358,0.052964800000154355,
iris,QBCSampler,,main,clean,0.1,11,0.15,22,0.7666666666666667,0.4651996404589105,0.46442075153127504,0.8810155080732517,0.0,0.0,0.29993354588700516,0.8571428571428571,0.000987199999826771,0.003673200000093857,0.07046379999997043,
iris,QBCSampler,,main,clean,0.1,11,0.2,30,0.7333333333333333,0.4359599116461227,0.4171219811839255,0.9200711681166007,0.0,0.0,0.18668838233163637,1.0,0.0008668000000398024,0.005508200000122088,0.08394090000001597,
iris,QBCSampler,,main,clean,0.1,11,0.3,45,0.7,0.5183746878971176,0.474387337979971,0.9238376596373483,0.0,0.0,0.19760349542298059,1.0,0.0005860999999640626,0.0023312999999234307,0.09506020000003446,
iris,QBCSampler,,main,clean,0.1,12,0.05,7,0.8466666666666667,0.5994271211533123,0.6145694428019352,0.9505284562194599,0.0,0.0,0.32809334668979784,0.75,0.0018783000000439642,0.012533299999859082,0.0705603000001247,
iris,QBCSampler,,main,clean,0.1,12,0.1,15,0.82,0.5429810259481419,0.5605362879024971,0.9029946324985245,0.0,0.0,0.2861857169804768,1.0,0.0020220000001245353,0.015075099999876329,0.10883869999997842,
iris,QBCSampler,,main,clean,0.1,12,0.15,22,0.7933333333333333,0.515039606638146,0.5204867659338906,0.9293560987876225,0.0,0.0,0.2452892846786956,1.0,0.0012316000002101646,0.007368699999915407,0.12920809999991434,
iris,QBCSampler,,main,clean,0.1,12,0.2,30,0.78,0.5149328183055092,0.5081648785099444,0.932660049012225,0.0,0.0,0.31097870005170436,0.875,0.0011740999998437474,0.0060856000000057975,0.14905509999994138,
iris,QBCSampler,,main,clean,0.1,12,0.3,45,0.9066666666666666,0.772709120064132,0.7531821443795156,0.8682838786778485,0.0,0.0,0.13335054089550258,1.0,0.001243200000089928,0.006390499999952226,0.17296060000012403,
iris,QBCSampler,,main,clean,0.1,13,0.05,7,0.84,0.6447870693677409,0.6207138115156378,0.9574077961450952,0.0,0.0,0.33280451273418526,1.0,0.0013283000000683387,0.01129070000001775,0.061692099999845595,
iris,QBCSampler,,main,clean,0.1,13,0.1,15,0.8533333333333334,0.6447657975608857,0.6399445184920299,0.8755966662853941,0.0,0.0,0.2913084480305143,1.0,0.0009465000000545842,0.00734310000007099,0.08030819999999039,
iris,QBCSampler,,main,clean,0.1,13,0.15,22,0.86,0.6482531388166757,0.6492771493197376,0.8619253971263199,0.0,0.0,0.24457725544381442,1.0,0.0010697000000163825,0.005436999999801628,0.09968789999993533,
iris,QBCSampler,,main,clean,0.1,13,0.2,30,0.88,0.6654235079345773,0.6849178291804836,0.8033650957123195,0.0,0.0,0.1641545202883716,1.0,0.0012527999999747408,0.005126199999949677,0.11430099999984122,
iris,QBCSampler,,main,clean,0.1,13,0.3,45,0.9066666666666666,0.6858387264468093,0.7415018388171793,0.7661953968085693,0.0,0.0,0.11871066908915037,1.0,0.0023267999999916356,0.004855899999938629,0.13419789999989007,
iris,QBCSampler,,main,clean,0.1,14,0.05,7,0.82,0.5728204536618298,0.5617474878439692,0.9403610199675416,0.0,0.0,0.31761396053455226,1.0,0.0038840999998228654,0.010463800000025003,0.06184149999990041,
iris,QBCSampler,,main,clean,0.1,14,0.1,15,0.78,0.49403460082877343,0.49204156827482476,0.8935388162619767,0.0,0.0,0.3217872181038982,1.0,0.001242000000047483,0.010314700000208177,0.08643119999987903,
iris,QBCSampler,,main,clean,0.1,14,0.15,22,0.7466666666666667,0.4722677188898799,0.45228414670132977,0.921287226711763,0.0,0.0,0.27392427307140327,1.0,0.0013433000001441542,0.004278000000113025,0.104756499999894,
iris,QBCSampler,,main,clean,0.1,14,0.2,30,0.7066666666666667,0.4402726222022014,0.411096845656169,0.9119754472094312,0.0,0.0,0.22934633601783655,1.0,0.0009562000000187254,0.003593700000010358,0.1193954999998823,
iris,QBCSampler,,main,clean,0.1,14,0.3,45,0.8866666666666667,0.683579115322203,0.697694608800687,0.8649723356338341,0.0,0.0,0.12667469856645255,1.0,0.0009152999998605083,0.003506400000105714,0.13795789999994668,
iris,QBCSampler,,main,clean,0.1,15,0.05,7,0.82,0.564472694401736,0.567820223864274,0.9444974742769692,0.0,0.0,0.33701090742970374,1.0,0.0008100000000013097,0.0063654000000497035,0.039614900000060516,
iris,QBCSampler,,main,clean,0.1,15,0.1,15,0.7666666666666667,0.4949412501148249,0.48235020995654243,0.8776062539241085,0.0,0.0,0.2661871403476493,1.0,0.0012898999998469662,0.007282799999984491,0.0625356999998985,
iris,QBCSampler,,main,clean,0.1,15,0.15,22,0.7266666666666667,0.4569015335015891,0.42686195168909935,0.901289297245951,0.0,0.0,0.25330486044485306,1.0,0.0015275000000656291,0.00615549999997711,0.08575689999997849,
iris,QBCSampler,,main,clean,0.1,15,0.2,30,0.7466666666666667,0.46117019493199224,0.44055872482317643,0.877601434464685,0.0,0.0,0.14334087035555315,1.0,0.0008162000001448177,0.005588299999999435,0.1108612999998968,
iris,QBCSampler,,main,clean,0.1,15,0.3,45,0.78,0.5411047452204932,0.524765367110382,0.8760362898087072,0.0,0.0,0.2584620195263517,1.0,0.001450499999918975,0.009766899999931411,0.14116009999997914,
iris,QBCSampler,,main,clean,0.1,17,0.05,7,0.8333333333333334,0.5724155816667613,0.591074989499268,0.954730848108194,0.0,0.0,0.43276390813861965,1.0,0.0010543000000780012,0.005456599999888567,0.041163600000118095,
iris,QBCSampler,,main,clean,0.1,17,0.1,15,0.8133333333333334,0.5178720467419793,0.5427193844072107,0.8809223244574231,0.0,0.0,0.3101977713099947,1.0,0.0013436000001547654,0.007175799999913579,0.0603816000000279,
iris,QBCSampler,,main,clean,0.1,17,0.15,22,0.8266666666666667,0.5356393467489857,0.5667411589589533,0.8778159915626464,0.0,0.0,0.3428636315344963,1.0,0.0007114999998520943,0.0034087000001363776,0.07405659999994896,
iris,QBCSampler,,main,clean,0.1,17,0.2,30,0.84,0.5657540402083057,0.5966928171743695,0.8758512281930759,0.0,0.0,0.21883341022382827,1.0,0.0011155999998209154,0.005697199999985969,0.09070059999999103,
iris,QBCSampler,,main,clean,0.1,17,0.3,45,0.7933333333333333,0.5192139172947741,0.5283848885741569,0.8525847240212507,0.0,0.0,0.16207523119369213,1.0,0.0009801999999581312,0.0035488999999415682,0.10549960000003011,
iris,QBCSampler,,main,clean,0.1,16,0.05,7,0.8333333333333334,0.5540758270257945,0.581815411447641,0.966535213068918,0.0,0.0,0.3749443997508033,1.0,0.001515000000154032,0.0089488999999503,0.05572030000007544,
iris,QBCSampler,,main,clean,0.1,16,0.1,15,0.8266666666666667,0.536579195209209,0.565960229072279,0.8927655976815458,0.0,0.0,0.33209408135125784,1.0,0.0013664999999036809,0.007361300000184201,0.07759840000016993,
iris,QBCSampler,,main,clean,0.1,16,0.15,22,0.8266666666666667,0.5425787870060074,0.5654679754154979,0.8749846319688273,0.0,0.0,0.27005903139184423,1.0,0.0013710999999148044,0.005868299999974624,0.0977551000000858,
iris,QBCSampler,,main,clean,0.1,16,0.2,30,0.82,0.529528451375734,0.5531931046075927,0.8686610986594915,0.0,0.0,0.2875067801385016,1.0,0.001578200000039942,0.005323600000110673,0.12010800000007293,
iris,QBCSampler,,main,clean,0.1,16,0.3,45,0.9466666666666667,0.8039311505589062,0.84461210057195,0.8903937955961904,0.0,0.0,0.25545902088814987,1.0,0.0012984999998479907,0.005645299999969211,0.17465440000000854,
iris,QBCSampler,,main,clean,0.1,18,0.05,7,0.8266666666666667,0.6534762508409035,0.6103971645085184,0.9662122927413721,0.0,0.0,0.3600940433050206,1.0,0.0014825000000655564,0.009596600000122635,0.05743069999994077,
iris,QBCSampler,,main,clean,0.1,18,0.1,15,0.7866666666666666,0.5968147224138665,0.5526256001284264,0.8673118176312388,0.0,0.0,0.33344444627631253,1.0,0.0014258999999583466,0.008376600000019607,0.0756971999999223,
iris,QBCSampler,,main,clean,0.1,18,0.15,22,0.7533333333333333,0.577088196189318,0.5205916295912667,0.8739245891606355,0.0,0.0,0.1928947186339101,1.0,0.0013986000001295906,0.005506900000000314,0.09270729999980176,
iris,QBCSampler,,main,clean,0.1,18,0.2,30,0.8533333333333334,0.6495084145905257,0.6447120424535732,0.8500476477046306,0.0,0.0,0.17156529013311755,1.0,0.00113229999988107,0.0038074000001415698,0.10831759999996393,
iris,QBCSampler,,main,clean,0.1,18,0.3,45,0.9066666666666666,0.7166191888946167,0.7486629564641526,0.8033614601054179,0.0,0.0,0.19575358470183463,1.0,0.0009754000000157248,0.0040873000000374304,0.12450319999993553,
iris,QBCSampler,,main,clean,0.1,19,0.05,7,0.8266666666666667,0.5851104645352483,0.5807736922338401,0.9595948076326088,0.0,0.0,0.30945398851149447,0.75,0.00140449999980774,0.011332100000117862,0.054554699999926015,
iris,QBCSampler,,main,clean,0.1,19,0.1,15,0.8133333333333334,0.5464422658701694,0.5509723881723018,0.8864010214579106,0.0,0.0,0.3171040634423985,1.0,0.0009625000000141881,0.005671699999993507,0.0714661999998043,
iris,QBCSampler,,main,clean,0.1,19,0.15,22,0.7866666666666666,0.5381132762733167,0.5136980319282588,0.8938090114838829,0.0,0.0,0.2577890512479281,1.0,0.0008249999998497515,0.0035399999999299325,0.08741359999999077,
iris,QBCSampler,,main,clean,0.1,19,0.2,30,0.7533333333333333,0.4936472384953808,0.4635468905467667,0.9129589246035341,0.0,0.0,0.3811168657061016,1.0,0.0009129000000029919,0.004861500000060914,0.10293549999983043,
iris,QBCSampler,,main,clean,0.1,19,0.3,45,0.9066666666666666,0.736746297920776,0.7533397809707639,0.8910759149161542,0.0,0.0,0.19540831777977227,1.0,0.0009391999999479594,0.0038246999999955733,0.11987969999995585,
iris,QBCSampler,,main,clean,0.1,20,0.05,7,0.84,0.6480045835667618,0.6234541022500214,0.9544740073550799,0.0,0.0,0.3390587047371874,1.0,0.0010855000000447035,0.005284400000164169,0.03434530000004088,
iris,QBCSampler,,main,clean,0.1,20,0.1,15,0.8466666666666667,0.6522994918408311,0.6332029747316367,0.8621036626310635,0.0,0.0,0.2530349288254649,1.0,0.0013825000000906584,0.009555700000191791,0.059883099999979095,
iris,QBCSampler,,main,clean,0.1,20,0.15,22,0.86,0.6744570674874503,0.6585491125575446,0.8502052616249737,0.0,0.0,0.2660369823190976,1.0,0.0012954999999692518,0.006340099999988524,0.07997730000010961,
iris,QBCSampler,,main,clean,0.1,20,0.2,30,0.88,0.6853094714454738,0.6935141606971671,0.8222100153946733,0.0,0.0,0.2468105912017576,1.0,0.0005630999999084452,0.0019213999999010412,0.0883244999999988,
iris,QBCSampler,,main,clean,0.1,20,0.3,45,0.92,0.7545068871463717,0.78123798852331,0.764708854941038,0.0,0.0,0.1192177012812075,1.0,0.0013253999998141808,0.0031096999998680985,0.10480290000009518,
iris,QBCSampler,,main,clean,0.1,21,0.05,7,0.8133333333333334,0.5456765333059787,0.5484167030385106,0.9366898995072093,0.0,0.0,0.32478464962825276,0.75,0.0007315999998809275,0.004224700000122539,0.03277769999999691,
iris,QBCSampler,,main,clean,0.1,21,0.1,15,0.8,0.5043234199231763,0.5204586523517967,0.8706357338793236,0.0,0.0,0.29419865079524793,1.0,0.0013672000000042317,0.006634699999949589,0.05462620000002971,
iris,QBCSampler,,main,clean,0.1,21,0.15,22,0.7933333333333333,0.4883423727787913,0.5071290065016539,0.8645414843667153,0.0,0.0,0.22736467623035914,1.0,0.001373700000158351,0.0035697000000709522,0.0714892000000873,
iris,QBCSampler,,main,clean,0.1,21,0.2,30,0.7866666666666666,0.4672138606611753,0.48765947850139457,0.844167573515497,0.0,0.0,0.25193507553548056,1.0,0.0013065000000551663,0.005797300000040195,0.0904144000000997,
iris,QBCSampler,,main,clean,0.1,21,0.3,45,0.7266666666666667,0.39639137625151977,0.3932152288613059,0.8395291696738995,0.0,0.0,0.1451706650638202,1.0,0.0013130999998338666,0.004973500000005515,0.12030380000010155,
iris,QBCSampler,,main,clean,0.1,22,0.05,7,0.82,0.5757368691875188,0.5684966258724374,0.949254092797656,0.0,0.0,0.2985932137672135,1.0,0.001957199999878867,0.008575099999916347,0.06933830000002672,
iris,QBCSampler,,main,clean,0.1,22,0.1,15,0.8066666666666666,0.5330449258990605,0.5380306944688191,0.8774875988284658,0.0,0.0,0.2795020465232914,1.0,0.0009990000000925647,0.004914000000098895,0.09220449999997982,
iris,QBCSampler,,main,clean,0.1,22,0.15,22,0.72,0.4390187190436032,0.4155958407832947,0.8605343307837827,0.0,0.0,0.21471813580144403,1.0,0.0011005999999724736,0.005546099999946819,0.1097620000000461,
iris,QBCSampler,,main,clean,0.1,22,0.2,30,0.8533333333333334,0.628620831644368,0.6396842032289242,0.8801215209127782,0.0,0.0,0.18134814982687952,1.0,0.0007892000000992994,0.004192999999986569,0.12505749999991167,
iris,QBCSampler,,main,clean,0.1,22,0.3,45,0.9266666666666666,0.7511514864816307,0.7955537242455025,0.826773616794048,0.0,0.0,0.2398516887974695,1.0,0.001115799999979572,0.0048142999999072345,0.15190899999993235,
iris,QBCSampler,,main,clean,0.1,23,0.05,7,0.52,0.577729816914742,0.4201867708268508,1.0491972309799984,0.0,0.0,0.4528885025839302,0.75,0.003090499999871099,0.044436099999984435,0.13053139999988161,
iris,QBCSampler,,main,clean,0.1,23,0.1,15,0.78,0.516247067252376,0.5070290979539249,0.9704677849700387,0.0,0.0,0.22631351687814855,1.0,0.0014611999999942782,0.032089799999994284,0.1799706999997852,
iris,QBCSampler,,main,clean,0.1,23,0.15,22,0.8,0.5050910929017632,0.5246327798716512,0.9175919514873218,0.0,0.0,0.38357071716361874,1.0,0.0006349000000227534,0.003520100000059756,0.19124560000000201,
iris,QBCSampler,,main,clean,0.1,23,0.2,30,0.6933333333333334,0.40541077294392647,0.38254821287013446,0.8586328572963922,0.0,0.0,0.2851489214930397,1.0,0.000605100000029779,0.002948500000002241,0.20186519999992925,
iris,QBCSampler,,main,clean,0.1,23,0.3,45,0.7666666666666667,0.43065668764481274,0.4489837340618568,0.9175852462239305,0.0,0.0,0.15846881110858022,1.0,0.0014951999999084364,0.024136199999929886,0.2680958999999348,
iris,QBCSampler,,main,clean,0.1,24,0.05,7,0.82,0.6467113936056552,0.6006861021484542,0.9588132667950084,0.0,0.0,0.2649600198242972,1.0,0.0017625999998927,0.013301499999897715,0.07894459999988612,
iris,QBCSampler,,main,clean,0.1,24,0.1,15,0.8,0.606932534318943,0.5684367479263344,0.8810286956704128,0.0,0.0,0.2453675053807145,1.0,0.0006088000000090688,0.0030342000000018743,0.11528099999986807,
iris,QBCSampler,,main,clean,0.1,24,0.15,22,0.8533333333333334,0.660639383114608,0.648190815631614,0.8530930799434763,0.0,0.0,0.18067996130044084,1.0,0.001470599999947808,0.009975999999824126,0.1628349000000071,
iris,QBCSampler,,main,clean,0.1,24,0.2,30,0.8866666666666667,0.6956205214519561,0.7082635274040076,0.8501856143231359,0.0,0.0,0.33996820337978073,0.875,0.0013625999999931082,0.01051170000005186,0.18322059999991325,
iris,QBCSampler,,main,clean,0.1,24,0.3,45,0.9466666666666667,0.8047777690812895,0.8466784383610431,0.7821716143634888,0.0,0.0,0.16579455578018495,1.0,0.000586899999916568,0.0028227000000242697,0.20280819999993582,
iris,QBCSampler,,main,clean,0.1,25,0.05,7,0.8066666666666666,0.5282022698691488,0.5392469366071198,0.9507054853408037,0.0,0.0,0.34987124822789906,1.0,0.0007044999999834545,0.0036283999997976935,0.0910174000000552,
iris,QBCSampler,,main,clean,0.1,25,0.1,15,0.7733333333333333,0.475982938868986,0.48039455516052926,0.8817611404377098,0.0,0.0,0.32041549848372486,1.0,0.001590399999940928,0.01171499999986736,0.12130920000004153,
iris,QBCSampler,,main,clean,0.1,25,0.15,22,0.74,0.4430442557333345,0.4318127363030527,0.8717432465082728,0.0,0.0,0.21480215660818747,1.0,0.0015316000001348584,0.008213200000000143,0.14242730000000847,
iris,QBCSampler,,main,clean,0.1,25,0.2,30,0.68,0.3733340919722069,0.35148933758183565,0.861757141476836,0.0,0.0,0.155563998063387,1.0,0.0005564000000504166,0.002009900000075504,0.15083929999991597,
iris,QBCSampler,,main,clean,0.1,25,0.3,45,0.86,0.6542421964566142,0.6475272735672291,0.8600486735830938,0.0,0.0,0.14437586526596385,1.0,0.0015275999999175838,0.005407999999988533,0.24914639999997235,
iris,QBCSampler,,main,clean,0.1,26,0.05,7,0.8266666666666667,0.5751757614672699,0.5799670843585524,0.9462945555790773,0.0,0.0,0.35514165372605,0.75,0.0006873999998333602,0.0032780999999886262,0.07892070000002605,
iris,QBCSampler,,main,clean,0.1,26,0.1,15,0.7933333333333333,0.4934862136230209,0.5140066047404467,0.8692491258150217,0.0,0.0,0.32323460334177223,1.0,0.001323400000046604,0.010400099999969825,0.1432942000001276,
iris,QBCSampler,,main,clean,0.1,26,0.15,22,0.7533333333333333,0.4609800603313351,0.46394024487033314,0.897668621080834,0.0,0.0,0.24482112937313225,1.0,0.0018360999999913474,0.005191599999989194,0.1679940000001352,
iris,QBCSampler,,main,clean,0.1,26,0.2,30,0.7266666666666667,0.42457031273444495,0.4146405081882351,0.8892323487164684,0.0,0.0,0.27754912572118184,1.0,0.0014012000001457636,0.01063350000003993,0.19640130000016143,
iris,QBCSampler,,main,clean,0.1,26,0.3,45,0.68,0.5296960786777867,0.4696168333514878,0.8882399775994375,0.0,0.0,0.22433103963448342,1.0,0.0013341000001219072,0.006166099999973085,0.24154900000007729,
iris,QBCSampler,,main,clean,0.1,27,0.05,7,0.8133333333333334,0.6426583176523605,0.5923326221845838,0.962760116697067,0.0,0.0,0.33116848474899574,1.0,0.0014416999999866675,0.01147650000007161,0.09642329999996946,
iris,QBCSampler,,main,clean,0.1,27,0.1,15,0.8,0.6074322586169155,0.5686163319312932,0.89465626944572,0.0,0.0,0.2217072951896416,1.0,0.0014640000001691078,0.007783100000096965,0.14418129999990015,
iris,QBCSampler,,main,clean,0.1,27,0.15,22,0.86,0.6591382630803739,0.6569107544345981,0.8712965146035753,0.0,0.0,0.21395723316673493,1.0,0.0013842000000749977,0.005606400000033318,0.17257099999983438,
iris,QBCSampler,,main,clean,0.1,27,0.2,30,0.88,0.6808449268713659,0.6927060240081682,0.8469530744292207,0.0,0.0,0.32596867344819214,1.0,0.0006274999998368003,0.004884499999889158,0.18430399999988367,
iris,QBCSampler,,main,clean,0.1,27,0.3,45,0.92,0.7346200347816263,0.7779385412548517,0.7627027382403867,0.0,0.0,0.13369217199152658,1.0,0.0005738999998357031,0.002179000000069209,0.19314589999999043,
iris,QBCSampler,,main,clean,0.1,28,0.05,7,0.82,0.6224241272607623,0.5899236923696451,0.9414889722041725,0.0,0.0,0.3584238979744401,0.75,0.0010878999999022199,0.005538699999988239,0.05206369999996241,
iris,QBCSampler,,main,clean,0.1,28,0.1,15,0.86,0.6667942178225926,0.6553388354227947,0.8665403129463289,0.0,0.0,0.33932268068211036,1.0,0.0013711999999941327,0.005074100000001636,0.07305109999992965,
iris,QBCSampler,,main,clean,0.1,28,0.15,22,0.8666666666666667,0.6596588677950881,0.6644212398932067,0.8719679986944017,0.0,0.0,0.2000142664142913,1.0,0.0006288000001859473,0.004166599999962273,0.08774629999993522,
iris,QBCSampler,,main,clean,0.1,28,0.2,30,0.8933333333333333,0.6980853083081554,0.718503276628977,0.8459705289224245,0.0,0.0,0.24427881407665686,1.0,0.000865699999849312,0.003028699999958917,0.10637760000008711,
iris,QBCSampler,,main,clean,0.1,28,0.3,45,0.9466666666666667,0.7965516899694083,0.8466146375161996,0.8089086098914584,0.0,0.0,0.18958853792535546,1.0,0.001333600000180013,0.006123800000068513,0.12627790000010464,
iris,QBCSampler,,main,clean,0.1,29,0.05,7,0.8066666666666666,0.6346631359390215,0.5826262395398415,1.0200497723030848,0.0,0.0,0.4115426203187798,1.0,0.0008043999998790241,0.010541300000113552,0.05063230000018848,
iris,QBCSampler,,main,clean,0.1,29,0.1,15,0.7533333333333333,0.46564504629963394,0.4636324287065343,0.9187034771907964,0.0,0.0,0.23720285831961285,1.0,0.0006817000000864937,0.004505199999812248,0.06315600000016275,
iris,QBCSampler,,main,clean,0.1,29,0.15,22,0.7333333333333333,0.43048464684171106,0.42431309138332407,0.8774686868536926,0.0,0.0,0.25296437222232726,1.0,0.0011952999998356972,0.004539399999885063,0.07563170000003083,
iris,QBCSampler,,main,clean,0.1,29,0.2,30,0.68,0.3845505232043147,0.36085263644162874,0.9050267250989514,0.0,0.0,0.21562387944142203,1.0,0.001357099999950151,0.003969699999970544,0.09133810000002995,
iris,QBCSampler,,main,clean,0.1,29,0.3,45,0.8533333333333334,0.6802584697887846,0.652130612244898,0.8888916690233282,0.0,0.0,0.20736515379555892,1.0,0.0013549999998758722,0.006353300000000672,0.11701830000015434,
iris,QBCSampler,,main,clean,0.2,0,0.05,7,0.82,0.6245717100042641,0.5952502404261426,0.9608227758538082,0.0,0.0,0.41553389555049614,1.0,0.001446299999997791,0.009605199999896286,0.04970909999997275,
iris,QBCSampler,,main,clean,0.2,0,0.1,15,0.7933333333333333,0.5876204837757326,0.5548379902550734,0.8794914071439058,0.0,0.0,0.2679036193082721,1.0,0.000612900000078298,0.00321099999996477,0.06640149999998357,
iris,QBCSampler,,main,clean,0.2,0,0.15,22,0.7733333333333333,0.5730950612468364,0.532249552505155,0.8591034982277479,0.0,0.0,0.19763877153714457,1.0,0.0013664000000517262,0.00555819999999585,0.0849906999999348,
iris,QBCSampler,,main,clean,0.2,0,0.2,30,0.7333333333333333,0.5274499082726196,0.49006946682275965,0.8479776423991456,0.0,0.0,0.1571534283000975,1.0,0.000964400000157184,0.0033538999998654617,0.11634219999996276,
iris,QBCSampler,,main,clean,0.2,0,0.3,45,0.8666666666666667,0.6456794938648516,0.6642542329779957,0.8864232764900213,0.0,0.0,0.2182500026058474,1.0,0.0006121999999777472,0.011404300000094736,0.1364270999999917,
iris,QBCSampler,,main,clean,0.2,1,0.05,7,0.84,0.6687135213085517,0.631158086738433,0.9562508622280923,0.0,0.0,0.3489430254672643,1.0,0.0011258000001816981,0.006422899999961373,0.03704339999990225,
iris,QBCSampler,,main,clean,0.2,1,0.1,15,0.8666666666666667,0.7037042596540184,0.6770802856430762,0.8808386973706608,0.0,0.0,0.32198172180097945,1.0,0.0014724000000114756,0.008016100000077131,0.0604756999998699,
iris,QBCSampler,,main,clean,0.2,1,0.15,22,0.88,0.7186593633920438,0.7015292412422846,0.8512938892017596,0.0,0.0,0.21068158432035017,1.0,0.001319400000056703,0.005346700000018245,0.08029949999991004,
iris,QBCSampler,,main,clean,0.2,1,0.2,30,0.8866666666666667,0.7144700766492658,0.7118566431813224,0.7922091449433435,0.0,0.0,0.1634297953392922,1.0,0.0010472999999819876,0.004779699999971854,0.09750280000002931,
iris,QBCSampler,,main,clean,0.2,1,0.3,45,0.92,0.7347086054664143,0.7778153855773635,0.7417495663810513,0.0,0.0,0.11264170143316492,1.0,0.0006515999998555344,0.0031532999998944433,0.11062919999994847,
iris,QBCSampler,,main,clean,0.2,2,0.05,7,0.8533333333333334,0.6589728179429745,0.6433298942586483,0.952244290887913,0.0,0.0,0.3355168455689568,1.0,0.0007749999999759893,0.005642200000011144,0.03261079999992944,
iris,QBCSampler,,main,clean,0.2,2,0.1,15,0.8666666666666667,0.6759455430348182,0.6676345011234763,0.8751733899546885,0.0,0.0,0.30613736885569925,0.875,0.0007969999999204447,0.004112699999950564,0.04571230000010473,
iris,QBCSampler,,main,clean,0.2,2,0.15,22,0.8866666666666667,0.6886977731403906,0.7043373739431599,0.8505370783280036,0.0,0.0,0.28514096538249634,1.0,0.0005969999999706488,0.0029971999999816035,0.05655879999994795,
iris,QBCSampler,,main,clean,0.2,2,0.2,30,0.9066666666666666,0.7193369161951434,0.7482902704555471,0.8264067019116607,0.0,0.0,0.2531996589859108,1.0,0.0008505999999215419,0.002658800000062911,0.066807800000106,
iris,QBCSampler,,main,clean,0.2,2,0.3,45,0.9333333333333333,0.7700326780594653,0.8126519887502838,0.7846625797254348,0.0,0.0,0.11297214503190742,1.0,0.000579099999868049,0.0020838000000367174,0.07549829999993563,
iris,QBCSampler,,main,clean,0.2,3,0.05,7,0.84,0.5956845963302192,0.6001529955745418,0.9442124831859338,0.0,0.0,0.33015701445894613,1.0,0.0016151000002082583,0.011509200000091369,0.05480389999979707,
iris,QBCSampler,,main,clean,0.2,3,0.1,15,0.8333333333333334,0.5637750239080246,0.5833200909986078,0.8813113745489008,0.0,0.0,0.28387304953490694,1.0,0.0006456999999500113,0.006062299999939569,0.06951589999994212,
iris,QBCSampler,,main,clean,0.2,3,0.15,22,0.8333333333333334,0.5780035295845154,0.5904239343727988,0.8850145889199711,0.0,0.0,0.312288193569294,1.0,0.0005947000001924607,0.0029683999998724175,0.08154930000000604,
iris,QBCSampler,,main,clean,0.2,3,0.2,30,0.8066666666666666,0.5485889014799095,0.5473833758610698,0.9047542509541564,0.0,0.0,0.2810773836375448,1.0,0.0006068000000141183,0.003601300000127594,0.09283289999984845,
iris,QBCSampler,,main,clean,0.2,3,0.3,45,0.8866666666666667,0.6833256581799086,0.698192614605246,0.8630042317676498,0.0,0.0,0.1243727449142145,1.0,0.001334499999984473,0.005341699999917182,0.11016289999997753,
iris,QBCSampler,,main,clean,0.2,4,0.05,7,0.8266666666666667,0.5821191639092939,0.5841317511874256,0.9526168552435641,0.0,0.0,0.3039140360448578,1.0,0.000766000000112399,0.0043797999999242165,0.033479099999794926,
iris,QBCSampler,,main,clean,0.2,4,0.1,15,0.82,0.553817627040704,0.5653308767081222,0.8804319765690762,0.0,0.0,0.34982665000402335,1.0,0.0007636000000275089,0.004846099999895159,0.05009399999994457,
iris,QBCSampler,,main,clean,0.2,4,0.15,22,0.8,0.5007658754934818,0.522379631021496,0.859945110865237,0.0,0.0,0.26545772993797645,1.0,0.001556899999968664,0.004602100000056453,0.06906509999998889,
iris,QBCSampler,,main,clean,0.2,4,0.2,30,0.78,0.4701539663046632,0.4826472635446849,0.8557690471299658,0.0,0.0,0.23812866741707484,1.0,0.001286599999957616,0.0047495000001163135,0.08753219999994144,
iris,QBCSampler,,main,clean,0.2,4,0.3,45,0.8666666666666667,0.6250443427047018,0.6545762578199464,0.8834646449385999,0.0,0.0,0.1503455188483434,1.0,0.0014561999998932151,0.0075679999999920256,0.1123243999998067,
iris,QBCSampler,,main,clean,0.2,5,0.05,7,0.8266666666666667,0.581479949109112,0.5825104324786046,0.9579432976204525,0.0,0.0,0.33518811809472915,1.0,0.0007318000000395841,0.0035213999999541556,0.02919430000019929,
iris,QBCSampler,,main,clean,0.2,5,0.1,15,0.8333333333333334,0.5701785481204641,0.5864471270416954,0.8745493575891607,0.0,0.0,0.3166934524295099,1.0,0.0006290999999691849,0.0034198000000742468,0.04031470000018089,
iris,QBCSampler,,main,clean,0.2,5,0.15,22,0.82,0.5270238843339242,0.5525234586765608,0.8612345764197489,0.0,0.0,0.23157474458751445,1.0,0.0006588000001102046,0.0026972000000569096,0.05181080000011207,
iris,QBCSampler,,main,clean,0.2,5,0.2,30,0.8133333333333334,0.5190457433518497,0.5426494020947933,0.8691643777245661,0.0,0.0,0.208853374439547,1.0,0.000591200000144454,0.002279000000044107,0.06280750000018998,
iris,QBCSampler,,main,clean,0.2,5,0.3,45,0.9333333333333333,0.7694274271546678,0.8111364256980644,0.8935668727703475,0.0,0.0,0.2565212785237757,1.0,0.0014083999999456864,0.005063800000016272,0.08617500000013933,
iris,QBCSampler,,main,clean,0.2,6,0.05,7,0.8333333333333334,0.5920328591064049,0.5914276853771199,0.9507841413974649,0.0,0.0,0.41774133113300443,0.75,0.0008209000000078959,0.004175099999883969,0.032071300000097835,
iris,QBCSampler,,main,clean,0.2,6,0.1,15,0.8,0.5040031265659353,0.5185662456858643,0.8889853022857122,0.0,0.0,0.3558179929034273,1.0,0.0016388999999890075,0.0036436000000321656,0.05560970000010457,
iris,QBCSampler,,main,clean,0.2,6,0.15,22,0.76,0.45547904844013765,0.4550657020682954,0.8905486033254543,0.0,0.0,0.2870735975340331,1.0,0.0014845000000605069,0.007878299999902083,0.08539089999999305,
iris,QBCSampler,,main,clean,0.2,6,0.2,30,0.7266666666666667,0.4108242065390946,0.4047631550247004,0.8918129766073571,0.0,0.0,0.20054931288842462,1.0,0.000816700000086712,0.0036417000001165434,0.09676840000020093,
iris,QBCSampler,,main,clean,0.2,6,0.3,45,0.6866666666666666,0.48544769144658895,0.45028894596798597,0.9102489391708541,0.0,0.0,0.19221063108336603,1.0,0.0006840000000920554,0.0031029999997826962,0.11213150000003225,
iris,QBCSampler,,main,clean,0.2,7,0.05,7,0.8466666666666667,0.6516495109008545,0.6317868792548544,0.9482972958824405,0.0,0.0,0.3199176766390702,1.0,0.0016977999998744053,0.010879100000011022,0.06318540000006578,
iris,QBCSampler,,main,clean,0.2,7,0.1,15,0.8733333333333333,0.6858506667483728,0.6803691491717511,0.8792471281928032,0.0,0.0,0.3514331849757095,1.0,0.0014251000000058411,0.009380800000144518,0.08987720000004629,
iris,QBCSampler,,main,clean,0.2,7,0.15,22,0.88,0.6795881180471024,0.6906856822856708,0.8515223151803708,0.0,0.0,0.17129240391987274,1.0,0.0016877000000476983,0.003132699999923716,0.11176500000010492,
iris,QBCSampler,,main,clean,0.2,7,0.2,30,0.9066666666666666,0.7037110922481582,0.7458143198720066,0.8190268588819518,0.0,0.0,0.2305691774747508,1.0,0.0007187999999587191,0.002236200000197641,0.12704439999993156,
iris,QBCSampler,,main,clean,0.2,7,0.3,45,0.9333333333333333,0.7581291382110145,0.8112797615403557,0.8004492469339225,0.0,0.0,0.13781199549067874,1.0,0.001072200000180601,0.004967100000158098,0.14605520000009165,
iris,QBCSampler,,main,clean,0.2,8,0.05,7,0.8333333333333334,0.6388000326136501,0.6153795963640961,0.9516491742600732,0.0,0.0,0.3355541922266939,1.0,0.0013331000000107451,0.018793499999901542,0.06741360000000896,
iris,QBCSampler,,main,clean,0.2,8,0.1,15,0.82,0.6254684690281429,0.5955308340911531,0.8789703726218172,0.0,0.0,0.32893773236194257,1.0,0.0013331000000107451,0.00999839999985852,0.09345310000003337,
iris,QBCSampler,,main,clean,0.2,8,0.15,22,0.7866666666666666,0.5833682734388529,0.547092760857626,0.8600302747031433,0.0,0.0,0.2093409543340333,1.0,0.0013817999999901076,0.006564499999967666,0.1150927999999567,
iris,QBCSampler,,main,clean,0.2,8,0.2,30,0.8733333333333333,0.6605398934152945,0.6778922684210741,0.8533387127491893,0.0,0.0,0.14350232513206806,1.0,0.0009935000000496075,0.005630399999972724,0.13139070000011088,
iris,QBCSampler,,main,clean,0.2,8,0.3,45,0.9,0.6878157125237435,0.7260984854646907,0.7781779111666774,0.0,0.0,0.1680109424189843,1.0,0.0012719000001197855,0.006351600000016333,0.15207980000013777,
iris,QBCSampler,,main,clean,0.2,9,0.05,7,0.7933333333333333,0.5622720779777904,0.5432959458070241,0.9524093662805392,0.0,0.0,0.2963732781342074,1.0,0.0010824000000866363,0.0038449999999556894,0.0381612999999561,
iris,QBCSampler,,main,clean,0.2,9,0.1,15,0.76,0.5029140922829571,0.4790667439695005,0.8977681555964232,0.0,0.0,0.28011460503783214,1.0,0.0014375999999174383,0.0072194000001672975,0.060594799999989846,
iris,QBCSampler,,main,clean,0.2,9,0.15,22,0.72,0.4321853979373512,0.4103968343454193,0.8808678509650987,0.0,0.0,0.2145027143780611,1.0,0.001466100000016013,0.005699999999933425,0.08309159999998883,
iris,QBCSampler,,main,clean,0.2,9,0.2,30,0.6733333333333333,0.37380738011340553,0.3509955106126764,0.8927223457754856,0.0,0.0,0.1859843634819527,1.0,0.0014965000000302098,0.006189499999891268,0.1071226999999908,
iris,QBCSampler,,main,clean,0.2,9,0.3,45,0.8533333333333334,0.5962383501331383,0.623491666903268,0.8723253793209307,0.0,0.0,0.1667301394219831,1.0,0.0015366000000085478,0.008547599999928934,0.13307460000009996,
iris,QBCSampler,,main,clean,0.2,10,0.05,7,0.8466666666666667,0.6750498631643848,0.6416026620488269,0.9569115485447757,0.0,0.0,0.37795277491273055,1.0,0.0016582000000653352,0.010862000000088301,0.06311789999995199,
iris,QBCSampler,,main,clean,0.2,10,0.1,15,0.8666666666666667,0.6844733937589288,0.6682133629693324,0.8908804212268133,0.0,0.0,0.2821543771548469,1.0,0.0013639999999668362,0.00655189999997674,0.0877723999999489,
iris,QBCSampler,,main,clean,0.2,10,0.15,22,0.8733333333333333,0.6970077531157501,0.6811429250358801,0.8692737249923551,0.0,0.0,0.1905445488427188,1.0,0.0016502999999374879,0.007841699999971752,0.10743890000003375,
iris,QBCSampler,,main,clean,0.2,10,0.2,30,0.9066666666666666,0.7216506067724604,0.7480493022308241,0.819097585298117,0.0,0.0,0.18461352885484456,1.0,0.0005877000000964472,0.0018640000000686996,0.11568489999990561,
iris,QBCSampler,,main,clean,0.2,10,0.3,45,0.94,0.7820385430947165,0.8285455465421843,0.7896063199520932,0.0,0.0,0.15914088103143714,1.0,0.0005820999999741616,0.0018215000000054715,0.13300570000001244,
iris,QBCSampler,,main,clean,0.2,11,0.05,7,0.8266666666666667,0.5863048386142223,0.5875484422970456,0.9652257991063686,0.0,0.0,0.37394434262845644,0.75,0.0006832999999915046,0.0027050999999573833,0.044431100000110746,
iris,QBCSampler,,main,clean,0.2,11,0.1,15,0.7933333333333333,0.5213727128332627,0.5197814760291057,0.9047273663791826,0.0,0.0,0.36955849440182553,0.875,0.001367500000014843,0.007983799999919938,0.06818079999993643,
iris,QBCSampler,,main,clean,0.2,11,0.15,22,0.7666666666666667,0.4651996404589105,0.46442075153127504,0.8810155080732517,0.0,0.0,0.29993354588700516,0.8571428571428571,0.001369900000099733,0.008198300000003655,0.09384739999995872,
iris,QBCSampler,,main,clean,0.2,11,0.2,30,0.7333333333333333,0.4359599116461227,0.4171219811839255,0.9200711681166007,0.0,0.0,0.18668838233163637,1.0,0.0009301000000050408,0.003547000000025946,0.11269110000012006,
iris,QBCSampler,,main,clean,0.2,11,0.3,45,0.7,0.4894215945485883,0.45619480591589845,0.9238376596373483,0.0,0.0,0.19760349542298059,1.0,0.0013635999998768966,0.005509799999799725,0.1390455999999176,
iris,QBCSampler,,main,clean,0.2,12,0.05,7,0.8466666666666667,0.5994271211533123,0.6145694428019352,0.9505284562194599,0.0,0.0,0.32809334668979784,0.75,0.0015519000000949745,0.01119620000008581,0.06278380000003381,
iris,QBCSampler,,main,clean,0.2,12,0.1,15,0.82,0.5429810259481419,0.5605362879024971,0.9029946324985245,0.0,0.0,0.2861857169804768,1.0,0.001039600000012797,0.009076900000081878,0.08405130000005556,
iris,QBCSampler,,main,clean,0.2,12,0.15,22,0.7933333333333333,0.515039606638146,0.5204867659338906,0.9293560987876225,0.0,0.0,0.2452892846786956,1.0,0.0009970000000976142,0.005043099999966216,0.1040098000000853,
iris,QBCSampler,,main,clean,0.2,12,0.2,30,0.78,0.5149328183055092,0.5081648785099444,0.932660049012225,0.0,0.0,0.31097870005170436,0.875,0.0012669000000187225,0.006930000000011205,0.1256577000001471,
iris,QBCSampler,,main,clean,0.2,12,0.3,45,0.8933333333333333,0.7468970799242145,0.7223149783920797,0.8682838786778485,0.0,0.0,0.13335054089550258,1.0,0.0013254000000415544,0.00527139999985593,0.14978590000009717,
iris,QBCSampler,,main,clean,0.2,13,0.05,7,0.84,0.6447870693677409,0.6207138115156378,0.9574077961450952,0.0,0.0,0.33280451273418526,1.0,0.0007470999998986372,0.004406199999948512,0.04567169999995713,
iris,QBCSampler,,main,clean,0.2,13,0.1,15,0.8533333333333334,0.6447657975608857,0.6399445184920299,0.8755966662853941,0.0,0.0,0.2913084480305143,1.0,0.0013692999998511368,0.009324699999979202,0.07299330000000737,
iris,QBCSampler,,main,clean,0.2,13,0.15,22,0.86,0.6482531388166757,0.6492771493197376,0.8619253971263199,0.0,0.0,0.24457725544381442,1.0,0.0010022000001299602,0.004906399999981659,0.09128390000000763,
iris,QBCSampler,,main,clean,0.2,13,0.2,30,0.88,0.6654235079345773,0.6849178291804836,0.8033650957123195,0.0,0.0,0.1641545202883716,1.0,0.000991300000123374,0.006536099999948419,0.110638599999902,
iris,QBCSampler,,main,clean,0.2,13,0.3,45,0.8933333333333333,0.6537777442141893,0.7086672935416947,0.7661953968085693,0.0,0.0,0.11871066908915037,1.0,0.0010150999999041233,0.006035599999904662,0.12780279999992672,
iris,QBCSampler,,main,clean,0.2,14,0.05,7,0.82,0.5728204536618298,0.5617474878439692,0.9403610199675416,0.0,0.0,0.31761396053455226,1.0,0.0017053999999916414,0.008758599999964645,0.04351359999986926,
iris,QBCSampler,,main,clean,0.2,14,0.1,15,0.78,0.49403460082877343,0.49204156827482476,0.8935388162619767,0.0,0.0,0.3217872181038982,1.0,0.0010479000000032102,0.006396700000095734,0.06206709999992199,
iris,QBCSampler,,main,clean,0.2,14,0.15,22,0.7466666666666667,0.4722677188898799,0.45228414670132977,0.921287226711763,0.0,0.0,0.27392427307140327,1.0,0.0018814000000020314,0.00486670000009326,0.08072629999992387,
iris,QBCSampler,,main,clean,0.2,14,0.2,30,0.7066666666666667,0.4402726222022014,0.411096845656169,0.9119754472094312,0.0,0.0,0.22934633601783655,1.0,0.0009829000000536325,0.004507399999965855,0.09832179999989421,
iris,QBCSampler,,main,clean,0.2,14,0.3,45,0.6666666666666666,0.44750484188955386,0.4280498454384245,0.8649723356338341,0.0,0.0,0.12667469856645255,1.0,0.0009778999999525695,0.0035305999999764026,0.1148232000000462,
iris,QBCSampler,,main,clean,0.2,15,0.05,7,0.82,0.564472694401736,0.567820223864274,0.9444974742769692,0.0,0.0,0.33701090742970374,1.0,0.0015501999998832616,0.011142099999915445,0.06446029999983693,
iris,QBCSampler,,main,clean,0.2,15,0.1,15,0.7666666666666667,0.4949412501148249,0.48235020995654243,0.8776062539241085,0.0,0.0,0.2661871403476493,1.0,0.0013822999999320018,0.009913399999959438,0.09320649999995112,
iris,QBCSampler,,main,clean,0.2,15,0.15,22,0.7266666666666667,0.4569015335015891,0.42686195168909935,0.901289297245951,0.0,0.0,0.25330486044485306,1.0,0.0011979999999311985,0.004056699999864577,0.11028599999986,
iris,QBCSampler,,main,clean,0.2,15,0.2,30,0.7466666666666667,0.46117019493199224,0.44055872482317643,0.877601434464685,0.0,0.0,0.14334087035555315,1.0,0.000983899999937421,0.0037168999999721564,0.12820079999983136,
iris,QBCSampler,,main,clean,0.2,15,0.3,45,0.7666666666666667,0.4766105390338657,0.4765745207198494,0.8760362898087072,0.0,0.0,0.2584620195263517,1.0,0.0011105000000952714,0.00656739999999445,0.1592937999998867,
iris,QBCSampler,,main,clean,0.2,16,0.05,7,0.8333333333333334,0.5540758270257945,0.581815411447641,0.966535213068918,0.0,0.0,0.3749443997508033,1.0,0.0011899999999513966,0.006013899999970818,0.05026610000004439,
iris,QBCSampler,,main,clean,0.2,16,0.1,15,0.8266666666666667,0.536579195209209,0.565960229072279,0.8927655976815458,0.0,0.0,0.33209408135125784,1.0,0.0008040999998684129,0.004116699999940465,0.07429999999999382,
iris,QBCSampler,,main,clean,0.2,16,0.15,22,0.8266666666666667,0.5425787870060074,0.5654679754154979,0.8749846319688273,0.0,0.0,0.27005903139184423,1.0,0.0017500999999811029,0.009112399999821719,0.10626360000014756,
iris,QBCSampler,,main,clean,0.2,16,0.2,30,0.82,0.529528451375734,0.5531931046075927,0.8686610986594915,0.0,0.0,0.2875067801385016,1.0,0.003058900000041831,0.006017499999870779,0.1341706000000613,
iris,QBCSampler,,main,clean,0.2,16,0.3,45,0.9333333333333333,0.7604540035597427,0.8094070296077824,0.8903937955961904,0.0,0.0,0.25545902088814987,1.0,0.0013573999999607622,0.006946599999992031,0.17173479999996744,
iris,QBCSampler,,main,clean,0.2,17,0.05,7,0.8333333333333334,0.5724155816667613,0.591074989499268,0.954730848108194,0.0,0.0,0.43276390813861965,1.0,0.0018612999999731983,0.01098069999989093,0.0640194000000065,
iris,QBCSampler,,main,clean,0.2,17,0.1,15,0.8133333333333334,0.5178720467419793,0.5427193844072107,0.8809223244574231,0.0,0.0,0.3101977713099947,1.0,0.0006570999998984917,0.0031362999998236774,0.07732940000005328,
iris,QBCSampler,,main,clean,0.2,17,0.15,22,0.8266666666666667,0.5356393467489857,0.5667411589589533,0.8778159915626464,0.0,0.0,0.3428636315344963,1.0,0.0008316999999351538,0.007668500000136191,0.0964165000000321,
iris,QBCSampler,,main,clean,0.2,17,0.2,30,0.84,0.5657540402083057,0.5966928171743695,0.8758512281930759,0.0,0.0,0.21883341022382827,1.0,0.0013236999998298415,0.004103700000086974,0.11608339999997952,
iris,QBCSampler,,main,clean,0.2,17,0.3,45,0.7933333333333333,0.5073043220044422,0.5215974313956048,0.8525847240212507,0.0,0.0,0.16207523119369213,1.0,0.0022004999998443964,0.003708100000039849,0.14086980000001859,
iris,QBCSampler,,main,clean,0.2,18,0.05,7,0.8266666666666667,0.6534762508409035,0.6103971645085184,0.9662122927413721,0.0,0.0,0.3600940433050206,1.0,0.0008129000000280939,0.0047431000000415224,0.049924599999940256,
iris,QBCSampler,,main,clean,0.2,18,0.1,15,0.7866666666666666,0.5968147224138665,0.5526256001284264,0.8673118176312388,0.0,0.0,0.33344444627631253,1.0,0.0007092999999258609,0.003089400000135356,0.06249830000001566,
iris,QBCSampler,,main,clean,0.2,18,0.15,22,0.7533333333333333,0.577088196189318,0.5205916295912667,0.8739245891606355,0.0,0.0,0.1928947186339101,1.0,0.0015699999999014835,0.0029313999998521467,0.07611950000000434,
iris,QBCSampler,,main,clean,0.2,18,0.2,30,0.8533333333333334,0.6495084145905257,0.6447120424535732,0.8500476477046306,0.0,0.0,0.17156529013311755,1.0,0.0008556000000226049,0.0022655000000213477,0.09229430000004868,
iris,QBCSampler,,main,clean,0.2,18,0.3,45,0.8933333333333333,0.6779205794858637,0.7137175779221395,0.8033614601054179,0.0,0.0,0.19575358470183463,1.0,0.001575799999955052,0.005181600000014441,0.10816619999991417,
iris,QBCSampler,,main,clean,0.2,19,0.05,7,0.8266666666666667,0.5851104645352483,0.5807736922338401,0.9595948076326088,0.0,0.0,0.30945398851149447,0.75,0.0007651999999325199,0.007532700000183468,0.03881350000006023,
iris,QBCSampler,,main,clean,0.2,19,0.1,15,0.8133333333333334,0.5464422658701694,0.5509723881723018,0.8864010214579106,0.0,0.0,0.3171040634423985,1.0,0.0010494000000562664,0.005992599999899539,0.05663060000006226,
iris,QBCSampler,,main,clean,0.2,19,0.15,22,0.7866666666666666,0.5381132762733167,0.5136980319282588,0.8938090114838829,0.0,0.0,0.2577890512479281,1.0,0.0010442000000239204,0.005026899999847956,0.07508700000016688,
iris,QBCSampler,,main,clean,0.2,19,0.2,30,0.7533333333333333,0.4936472384953808,0.4635468905467667,0.9129589246035341,0.0,0.0,0.3811168657061016,1.0,0.0010283000001436449,0.005182500000046275,0.09250259999998889,
iris,QBCSampler,,main,clean,0.2,19,0.3,45,0.9,0.7121588468212415,0.7350976197752198,0.8910759149161542,0.0,0.0,0.19540831777977227,1.0,0.0009664000001521345,0.003775900000164256,0.11768740000002254,
iris,QBCSampler,,main,clean,0.2,20,0.05,7,0.84,0.6480045835667618,0.6234541022500214,0.9544740073550799,0.0,0.0,0.3390587047371874,1.0,0.0016528999999536609,0.009283000000095853,0.054580400000077134,
iris,QBCSampler,,main,clean,0.2,20,0.1,15,0.8466666666666667,0.6522994918408311,0.6332029747316367,0.8621036626310635,0.0,0.0,0.2530349288254649,1.0,0.0011078999998517247,0.006709900000032576,0.07297640000001593,
iris,QBCSampler,,main,clean,0.2,20,0.15,22,0.86,0.6744570674874503,0.6585491125575446,0.8502052616249737,0.0,0.0,0.2660369823190976,1.0,0.0011185000000750733,0.0039598999999270745,0.09069150000004811,
iris,QBCSampler,,main,clean,0.2,20,0.2,30,0.88,0.6853094714454738,0.6935141606971671,0.8222100153946733,0.0,0.0,0.2468105912017576,1.0,0.0006680999999844062,0.0032542000001285487,0.10040600000002087,
iris,QBCSampler,,main,clean,0.2,20,0.3,45,0.9066666666666666,0.7082794641546419,0.7475746225567914,0.764708854941038,0.0,0.0,0.1192177012812075,1.0,0.0009674000000359229,0.002823300000045492,0.11076329999991685,
iris,QBCSampler,,main,clean,0.2,21,0.05,7,0.8133333333333334,0.5456765333059787,0.5484167030385106,0.9366898995072093,0.0,0.0,0.32478464962825276,0.75,0.0007078999999521329,0.00368520000006356,0.04017359999988912,
iris,QBCSampler,,main,clean,0.2,21,0.1,15,0.8,0.5043234199231763,0.5204586523517967,0.8706357338793236,0.0,0.0,0.29419865079524793,1.0,0.0007428999999774533,0.005783300000075542,0.05652479999980642,
iris,QBCSampler,,main,clean,0.2,21,0.15,22,0.7933333333333333,0.4883423727787913,0.5071290065016539,0.8645414843667153,0.0,0.0,0.22736467623035914,1.0,0.0007327999999233725,0.0028600000000551518,0.0666056000000026,
iris,QBCSampler,,main,clean,0.2,21,0.2,30,0.7866666666666666,0.4672138606611753,0.48765947850139457,0.844167573515497,0.0,0.0,0.25193507553548056,1.0,0.0014459999999871798,0.005216099999870494,0.08679519999986951,
iris,QBCSampler,,main,clean,0.2,21,0.3,45,0.72,0.3635036951430345,0.3742279557298021,0.8395291696738995,0.0,0.0,0.1451706650638202,1.0,0.0009806999999000254,0.003802700000051118,0.10533659999987321,
iris,QBCSampler,,main,clean,0.2,22,0.05,7,0.82,0.5757368691875188,0.5684966258724374,0.949254092797656,0.0,0.0,0.2985932137672135,1.0,0.001105900000084148,0.0054139999999733845,0.03849029999992126,
iris,QBCSampler,,main,clean,0.2,22,0.1,15,0.8066666666666666,0.5330449258990605,0.5380306944688191,0.8774875988284658,0.0,0.0,0.2795020465232914,1.0,0.0005980000000818109,0.0029342000000269763,0.04946309999991172,
iris,QBCSampler,,main,clean,0.2,22,0.15,22,0.72,0.4390187190436032,0.4155958407832947,0.8605343307837827,0.0,0.0,0.21471813580144403,1.0,0.0005994999999074935,0.0026376999999229156,0.059090900000001056,
iris,QBCSampler,,main,clean,0.2,22,0.2,30,0.8533333333333334,0.628620831644368,0.6396842032289242,0.8801215209127782,0.0,0.0,0.18134814982687952,1.0,0.0005762999999205931,0.002382900000156951,0.06937220000008892,
iris,QBCSampler,,main,clean,0.2,22,0.3,45,0.9133333333333333,0.7194649898315825,0.7617983393419357,0.826773616794048,0.0,0.0,0.2398516887974695,1.0,0.0006364999999277643,0.002816400000028807,0.07952559999989717,
iris,QBCSampler,,main,clean,0.2,23,0.05,7,0.52,0.577729816914742,0.4201867708268508,1.0491972309799984,0.0,0.0,0.4528885025839302,0.75,0.001210900000160109,0.0157369999999446,0.06583260000002156,
iris,QBCSampler,,main,clean,0.2,23,0.1,15,0.78,0.516247067252376,0.5070290979539249,0.9704677849700387,0.0,0.0,0.22631351687814855,1.0,0.0010016999999606924,0.00785120000000461,0.08323969999992187,
iris,QBCSampler,,main,clean,0.2,23,0.15,22,0.8,0.5050910929017632,0.5246327798716512,0.9175919514873218,0.0,0.0,0.38357071716361874,1.0,0.0018780999998853076,0.007230799999888404,0.1114881000000878,
iris,QBCSampler,,main,clean,0.2,23,0.2,30,0.6933333333333334,0.40541077294392647,0.38254821287013446,0.8586328572963922,0.0,0.0,0.2851489214930397,1.0,0.0014710999998897023,0.009070399999927758,0.14196880000008605,
iris,QBCSampler,,main,clean,0.2,23,0.3,45,0.7866666666666666,0.4657066914027578,0.48254866892961473,0.9175852462239305,0.0,0.0,0.15846881110858022,1.0,0.0014653000000635075,0.008379800000057003,0.16924640000002,
iris,QBCSampler,,main,clean,0.2,24,0.05,7,0.82,0.6467113936056552,0.6006861021484542,0.9588132667950084,0.0,0.0,0.2649600198242972,1.0,0.001271300000098563,0.009931100000130755,0.0459929999999531,
iris,QBCSampler,,main,clean,0.2,24,0.1,15,0.8,0.606932534318943,0.5684367479263344,0.8810286956704128,0.0,0.0,0.2453675053807145,1.0,0.0015550999999049964,0.0033416000001125212,0.06891079999991234,
iris,QBCSampler,,main,clean,0.2,24,0.15,22,0.8533333333333334,0.660639383114608,0.648190815631614,0.8530930799434763,0.0,0.0,0.18067996130044084,1.0,0.0010669000000689266,0.0038789999998698477,0.08589080000001559,
iris,QBCSampler,,main,clean,0.2,24,0.2,30,0.8866666666666667,0.6956205214519561,0.7082635274040076,0.8501856143231359,0.0,0.0,0.33996820337978073,0.875,0.0006011999998918327,0.003174800000124378,0.09806279999997969,
iris,QBCSampler,,main,clean,0.2,24,0.3,45,0.9333333333333333,0.7544954449152742,0.8097373112651406,0.7821716143634888,0.0,0.0,0.16579455578018495,1.0,0.0006060000000616128,0.0028161999998701504,0.12135729999999967,
iris,QBCSampler,,main,clean,0.2,26,0.05,7,0.8266666666666667,0.5751757614672699,0.5799670843585524,0.9462945555790773,0.0,0.0,0.35514165372605,0.75,0.0008304000000407541,0.0037663000000520697,0.04737199999999575,
iris,QBCSampler,,main,clean,0.2,26,0.1,15,0.7933333333333333,0.4934862136230209,0.5140066047404467,0.8692491258150217,0.0,0.0,0.32323460334177223,1.0,0.000646799999913128,0.0031796000000667846,0.061208300000089366,
iris,QBCSampler,,main,clean,0.2,26,0.15,22,0.7533333333333333,0.4609800603313351,0.46394024487033314,0.897668621080834,0.0,0.0,0.24482112937313225,1.0,0.0010747999999694002,0.003814700000020821,0.07827019999990625,
iris,QBCSampler,,main,clean,0.2,26,0.2,30,0.7266666666666667,0.42457031273444495,0.4146405081882351,0.8892323487164684,0.0,0.0,0.27754912572118184,1.0,0.0013123999999606895,0.004916400000183785,0.09869750000007116,
iris,QBCSampler,,main,clean,0.2,26,0.3,45,0.8933333333333333,0.703636084934665,0.7189514930414809,0.8882399775994375,0.0,0.0,0.22433103963448342,1.0,0.0017496000000392087,0.004474099999924874,0.12415030000011029,
iris,QBCSampler,,main,clean,0.2,25,0.05,7,0.8066666666666666,0.5282022698691488,0.5392469366071198,0.9507054853408037,0.0,0.0,0.34987124822789906,1.0,0.0008131000001867505,0.008883100000048216,0.059164400000099704,
iris,QBCSampler,,main,clean,0.2,25,0.1,15,0.7733333333333333,0.475982938868986,0.48039455516052926,0.8817611404377098,0.0,0.0,0.32041549848372486,1.0,0.0015339000001404202,0.009251400000039212,0.08509499999991021,
iris,QBCSampler,,main,clean,0.2,25,0.15,22,0.74,0.4430442557333345,0.4318127363030527,0.8717432465082728,0.0,0.0,0.21480215660818747,1.0,0.0013948000000709726,0.0064016999999694235,0.11286139999992884,
iris,QBCSampler,,main,clean,0.2,25,0.2,30,0.68,0.3733340919722069,0.35148933758183565,0.861757141476836,0.0,0.0,0.155563998063387,1.0,0.0017265999999835913,0.008716699999922639,0.14086150000002817,
iris,QBCSampler,,main,clean,0.2,25,0.3,45,0.8466666666666667,0.6062167554176427,0.6168936677639406,0.8600486735830938,0.0,0.0,0.14437586526596385,1.0,0.0015121000001272478,0.0063483999999789376,0.1876162999999451,
iris,QBCSampler,,main,clean,0.2,27,0.05,7,0.8133333333333334,0.6426583176523605,0.5923326221845838,0.962760116697067,0.0,0.0,0.33116848474899574,1.0,0.0012033000000428729,0.007121399999959976,0.07747670000003382,
iris,QBCSampler,,main,clean,0.2,27,0.1,15,0.8,0.6074322586169155,0.5686163319312932,0.89465626944572,0.0,0.0,0.2217072951896416,1.0,0.001141800000141302,0.004567100000031132,0.10094060000005811,
iris,QBCSampler,,main,clean,0.2,27,0.15,22,0.86,0.6591382630803739,0.6569107544345981,0.8712965146035753,0.0,0.0,0.21395723316673493,1.0,0.0013556000001244684,0.003181799999993018,0.12009280000006584,
iris,QBCSampler,,main,clean,0.2,27,0.2,30,0.88,0.6808449268713659,0.6927060240081682,0.8469530744292207,0.0,0.0,0.32596867344819214,1.0,0.0010588000000097963,0.004476699999941047,0.1383146000000579,
iris,QBCSampler,,main,clean,0.2,27,0.3,45,0.9066666666666666,0.7044539155365187,0.7439164506445395,0.7627027382403867,0.0,0.0,0.13369217199152658,1.0,0.0013894999999592983,0.004698200000120778,0.1569712000000436,
iris,QBCSampler,,main,clean,0.2,28,0.05,7,0.82,0.6224241272607623,0.5899236923696451,0.9414889722041725,0.0,0.0,0.3584238979744401,0.75,0.0007364999999026622,0.003330099999857339,0.03856099999984508,
iris,QBCSampler,,main,clean,0.2,28,0.1,15,0.86,0.6667942178225926,0.6553388354227947,0.8665403129463289,0.0,0.0,0.33932268068211036,1.0,0.0006455000000187283,0.003271000000040658,0.05094399999984489,
iris,QBCSampler,,main,clean,0.2,28,0.15,22,0.8666666666666667,0.6596588677950881,0.6644212398932067,0.8719679986944017,0.0,0.0,0.2000142664142913,1.0,0.0006166999999095424,0.00257980000014868,0.061852699999917604,
iris,QBCSampler,,main,clean,0.2,28,0.2,30,0.8933333333333333,0.6980853083081554,0.718503276628977,0.8459705289224245,0.0,0.0,0.24427881407665686,1.0,0.0006527000000460248,0.0023928000000523753,0.07278640000004089,
iris,QBCSampler,,main,clean,0.2,28,0.3,45,0.9333333333333333,0.7615357201351305,0.8117635379822318,0.8089086098914584,0.0,0.0,0.18958853792535546,1.0,0.0005619999999453285,0.0021947000000182015,0.08126700000002529,
iris,QBCSampler,,main,clean,0.2,29,0.05,7,0.8066666666666666,0.6346631359390215,0.5826262395398415,1.0200497723030848,0.0,0.0,0.4115426203187798,1.0,0.000843600000052902,0.006521499999962543,0.03526699999997618,
iris,QBCSampler,,main,clean,0.2,29,0.1,15,0.7533333333333333,0.46564504629963394,0.4636324287065343,0.9187034771907964,0.0,0.0,0.23720285831961285,1.0,0.0010399000000234082,0.006281899999976304,0.05288689999997587,
iris,QBCSampler,,main,clean,0.2,29,0.15,22,0.7333333333333333,0.43048464684171106,0.42431309138332407,0.8774686868536926,0.0,0.0,0.25296437222232726,1.0,0.0006632999998146261,0.0027595999999903142,0.06571659999985968,
iris,QBCSampler,,main,clean,0.2,29,0.2,30,0.68,0.3845505232043147,0.36085263644162874,0.9050267250989514,0.0,0.0,0.21562387944142203,1.0,0.0007171999998263345,0.002692299999807801,0.07594799999992574,
iris,QBCSampler,,main,clean,0.2,29,0.3,45,0.84,0.623567034871154,0.620787781591043,0.8888916690233282,0.0,0.0,0.20736515379555892,1.0,0.0006004999997912819,0.0026663000001008186,0.087902799999938,
iris,QBCSampler,,main,clean,0.3,0,0.05,7,0.82,0.6245717100042641,0.5952502404261426,0.9608227758538082,0.0,0.0,0.41553389555049614,1.0,0.001595599999973274,0.010838699999794699,0.03984730000001946,
iris,QBCSampler,,main,clean,0.3,0,0.1,15,0.8066666666666666,0.5987497793577191,0.5717394882425835,0.8794914071439058,0.0,0.0,0.2679036193082721,1.0,0.0006278999999267398,0.0028571000000283675,0.04973139999992782,
iris,QBCSampler,,main,clean,0.3,0,0.15,22,0.7933333333333333,0.5881132019126528,0.5552081677353258,0.8646480359391576,0.0,0.0,0.2099812684205291,0.8571428571428571,0.0014865000000554573,0.01657440000008137,0.0847924999998213,
iris,QBCSampler,,main,clean,0.3,0,0.2,30,0.74,0.5423974027170775,0.4960774154594299,0.8473471609582626,0.0,0.0,0.15608516137998124,1.0,0.0013351999998576503,0.00694389999989653,0.10891289999995024,
iris,QBCSampler,,main,clean,0.3,0,0.3,45,0.8333333333333334,0.5877378778827458,0.5977235454210708,0.8605074951597044,0.0,0.0,0.1759721796085792,1.0,0.0005696000000625645,0.0034688000000642205,0.1189919999999347,
iris,QBCSampler,,main,clean,0.3,1,0.05,7,0.84,0.6687135213085517,0.631158086738433,0.9562508622280923,0.0,0.0,0.3489430254672643,1.0,0.0015855999999985215,0.012298099999952683,0.06607680000001892,
iris,QBCSampler,,main,clean,0.3,1,0.1,15,0.8533333333333334,0.6682972337055134,0.6500829456452523,0.8808386973706608,0.0,0.0,0.32198172180097945,1.0,0.0013536999999814725,0.008472499999925276,0.0910406000000421,
iris,QBCSampler,,main,clean,0.3,1,0.15,22,0.8666666666666667,0.6612075166816721,0.6686368453260496,0.8545349404485085,0.0,0.0,0.2594694815058817,1.0,0.001481399999875066,0.006584200000133933,0.12342899999998735,
iris,QBCSampler,,main,clean,0.3,1,0.2,30,0.8733333333333333,0.6604294895426819,0.6781595636061879,0.8013112590223146,0.0,0.0,0.1216402959424764,1.0,0.0005845999999110063,0.0018847000001187553,0.1317289000000983,
iris,QBCSampler,,main,clean,0.3,1,0.3,45,0.8933333333333333,0.6722728237160303,0.7131224277109498,0.7551106486981277,0.0,0.0,0.11309848546181991,1.0,0.0005538000000342436,0.0017589999999927386,0.177975300000071,
iris,QBCSampler,,main,clean,0.3,2,0.05,7,0.8533333333333334,0.6589728179429745,0.6433298942586483,0.952244290887913,0.0,0.0,0.3355168455689568,1.0,0.0006762999998954911,0.004313700000011522,0.06335510000008071,
iris,QBCSampler,,main,clean,0.3,2,0.1,15,0.8666666666666667,0.6751584412042868,0.6678092859581611,0.8751733899546885,0.0,0.0,0.30613736885569925,0.875,0.0015168999998422805,0.03378939999993236,0.11545390000014777,
iris,QBCSampler,,main,clean,0.3,2,0.15,22,0.8666666666666667,0.6363699892268889,0.6609182034216007,0.8473772188403397,0.0,0.0,0.3067631518817956,1.0,0.0013959000000340893,0.010818499999913911,0.14393990000007761,
iris,QBCSampler,,main,clean,0.3,2,0.2,30,0.8866666666666667,0.6667881243861417,0.701817969093301,0.836953999475964,0.0,0.0,0.24694759442239175,1.0,0.0012977999999748135,0.006678999999849111,0.1655539000000772,
iris,QBCSampler,,main,clean,0.3,2,0.3,45,0.9,0.6875818997937561,0.7301285787852477,0.7890323751120252,0.0,0.0,0.11563373579692308,1.0,0.0014571000001524226,0.0074527000001580745,0.18868169999996098,
iris,QBCSampler,,main,clean,0.3,3,0.05,7,0.84,0.5956845963302192,0.6001529955745418,0.9442124831859338,0.0,0.0,0.33015701445894613,1.0,0.000692099999923812,0.00391500000000633,0.09560820000001513,
iris,QBCSampler,,main,clean,0.3,3,0.1,15,0.8333333333333334,0.5705266091465104,0.585516053224289,0.8813113745489008,0.0,0.0,0.28387304953490694,1.0,0.001937399999860645,0.012259799999810639,0.13033500000005915,
iris,QBCSampler,,main,clean,0.3,3,0.15,22,0.8266666666666667,0.5537404489011803,0.5747713458774918,0.8829113627043931,0.0,0.0,0.337849581877153,1.0,0.001464500000111002,0.008505700000114302,0.15461819999995896,
iris,QBCSampler,,main,clean,0.3,3,0.2,30,0.8066666666666666,0.5274008962981261,0.5394055888399766,0.9060240190384627,0.0,0.0,0.28150227739036227,1.0,0.0014478000000508473,0.008350400000153968,0.18075240000007398,
iris,QBCSampler,,main,clean,0.3,3,0.3,45,0.86,0.6113057019644909,0.639629779759492,0.8509198870602066,0.0,0.0,0.11519435377703348,1.0,0.0018344000000070082,0.004182500000069922,0.19802520000007462,
iris,QBCSampler,,main,clean,0.3,5,0.05,7,0.8266666666666667,0.581479949109112,0.5825104324786046,0.9579432976204525,0.0,0.0,0.33518811809472915,1.0,0.0007398000000193861,0.0034992000000784174,0.045413000000053216,
iris,QBCSampler,,main,clean,0.3,5,0.1,15,0.8266666666666667,0.5412630133407634,0.5696059201020033,0.8745493575891607,0.0,0.0,0.3166934524295099,1.0,0.001340099999879385,0.0099992000000384,0.0728171000000657,
iris,QBCSampler,,main,clean,0.3,5,0.15,22,0.8133333333333334,0.5164322302793758,0.5407763264763749,0.8675681877988108,0.0,0.0,0.24150429858109548,1.0,0.0009603999999399093,0.008483700000169847,0.0935996000000614,
iris,QBCSampler,,main,clean,0.3,5,0.2,30,0.8066666666666666,0.4908859113118446,0.5215584317256615,0.8642886024220824,0.0,0.0,0.19858181316538565,1.0,0.0009479000000283122,0.003947899999957372,0.11134470000001784,
iris,QBCSampler,,main,clean,0.3,5,0.3,45,0.78,0.45296135141889304,0.4765149119400934,0.8682423001617423,0.0,0.0,0.21055283802136485,1.0,0.001833900000065114,0.005828000000065003,0.1354189999999562,
iris,QBCSampler,,main,clean,0.3,4,0.05,7,0.8266666666666667,0.5821191639092939,0.5841317511874256,0.9526168552435641,0.0,0.0,0.3039140360448578,1.0,0.0015324000000873639,0.008531400000038047,0.07811870000000454,
iris,QBCSampler,,main,clean,0.3,4,0.1,15,0.8066666666666666,0.5378707495098366,0.5427440550730904,0.8804319765690762,0.0,0.0,0.34982665000402335,1.0,0.0013719999999466381,0.008276899999827947,0.10387790000004316,
iris,QBCSampler,,main,clean,0.3,4,0.15,22,0.8,0.49864421064449244,0.5181484991844056,0.8598472083900767,0.0,0.0,0.2525120831446336,1.0,0.0013086999999813997,0.006985600000007253,0.1279781999999159,
iris,QBCSampler,,main,clean,0.3,4,0.2,30,0.7866666666666666,0.47417950029378253,0.48988295798328435,0.8712677217214431,0.0,0.0,0.2939205821714154,1.0,0.0014594000001579843,0.007403500000009444,0.15141810000000078,
iris,QBCSampler,,main,clean,0.3,4,0.3,45,0.7266666666666667,0.3952038466668712,0.39533283486666015,0.856322736766753,0.0,0.0,0.14674639266909847,1.0,0.001319599999987986,0.0055979999999635766,0.17441370000005918,
iris,QBCSampler,,main,clean,0.3,6,0.05,7,0.8333333333333334,0.5920328591064049,0.5914276853771199,0.9507841413974649,0.0,0.0,0.41774133113300443,0.75,0.0015149999999266583,0.019262700000126642,0.07397500000001855,
iris,QBCSampler,,main,clean,0.3,6,0.1,15,0.8066666666666666,0.5167919837772943,0.5318286093262447,0.8889853022857122,0.0,0.0,0.3558179929034273,1.0,0.0010039000001142995,0.01169160000017655,0.10102730000016891,
iris,QBCSampler,,main,clean,0.3,6,0.15,22,0.7666666666666667,0.44180691596464583,0.4599185492483922,0.8870855007774303,0.0,0.0,0.25108361659528355,1.0,0.0015553999999156076,0.008789199999910124,0.12713210000015351,
iris,QBCSampler,,main,clean,0.3,6,0.2,30,0.7333333333333333,0.39739615721464183,0.40331911744975996,0.8815448862240076,0.0,0.0,0.21282061835281224,1.0,0.0012525999998160842,0.0042180000000371365,0.14269239999998717,
iris,QBCSampler,,main,clean,0.3,6,0.3,45,0.6933333333333334,0.41463820440308125,0.4059266590143056,0.9051324511033819,0.0,0.0,0.20116577836902813,1.0,0.0009830000001329608,0.002689700000019002,0.16178030000014587,
iris,QBCSampler,,main,clean,0.3,7,0.05,7,0.8466666666666667,0.6516495109008545,0.6317868792548544,0.9482972958824405,0.0,0.0,0.3199176766390702,1.0,0.0015465999999833002,0.009799400000019887,0.05764299999987088,
iris,QBCSampler,,main,clean,0.3,7,0.1,15,0.8666666666666667,0.6777091917437041,0.6676441559041029,0.8792471281928032,0.0,0.0,0.3514331849757095,1.0,0.0014730999998846528,0.007855000000063228,0.07814069999994899,
iris,QBCSampler,,main,clean,0.3,7,0.15,22,0.8666666666666667,0.6424925133822016,0.6609721821313526,0.8536146553516349,0.0,0.0,0.1796418875106407,1.0,0.0015186000000539934,0.005320900000015172,0.09412209999982224,
iris,QBCSampler,,main,clean,0.3,7,0.2,30,0.88,0.6411001796982728,0.6819363077378214,0.8186082736082236,0.0,0.0,0.19909146430121558,1.0,0.0009727999999995518,0.0024240000000190776,0.10466320000000451,
iris,QBCSampler,,main,clean,0.3,7,0.3,45,0.9066666666666666,0.6813845066169678,0.7405890065886475,0.7879638800600207,0.0,0.0,0.12520192166318106,1.0,0.0006210000001374283,0.0017718999999942753,0.11307029999989027,
iris,QBCSampler,,main,clean,0.3,8,0.05,7,0.8333333333333334,0.6388000326136501,0.6153795963640961,0.9516491742600732,0.0,0.0,0.3355541922266939,1.0,0.0007886000000780768,0.016494999999849824,0.04521539999996094,
iris,QBCSampler,,main,clean,0.3,8,0.1,15,0.82,0.6130149176599722,0.5908401033195692,0.8789703726218172,0.0,0.0,0.32893773236194257,1.0,0.0014293000001543987,0.004921100000046863,0.05853919999981372,
iris,QBCSampler,,main,clean,0.3,8,0.15,22,0.7933333333333333,0.577773486131536,0.5497571578290603,0.8627657234150676,0.0,0.0,0.20672896007208383,1.0,0.000622100000100545,0.0028102000001126726,0.0699451999998928,
iris,QBCSampler,,main,clean,0.3,8,0.2,30,0.76,0.5211437805664669,0.5001513750694085,0.8280837946500379,0.0,0.0,0.15582328957052727,1.0,0.0006726999999955297,0.0026411000001189677,0.08633069999996223,
iris,QBCSampler,,main,clean,0.3,8,0.3,45,0.8466666666666667,0.5820306718437351,0.6116518963702421,0.8345077372452671,0.0,0.0,0.11431194413019125,1.0,0.0006917000000612461,0.004881199999999808,0.10278219999986504,
iris,QBCSampler,,main,clean,0.3,9,0.05,7,0.7933333333333333,0.5622720779777904,0.5432959458070241,0.9524093662805392,0.0,0.0,0.2963732781342074,1.0,0.0007350999999289343,0.0036626999999498366,0.038531599999942046,
iris,QBCSampler,,main,clean,0.3,9,0.1,15,0.76,0.5038639192400779,0.48164551052800364,0.8977681555964232,0.0,0.0,0.28011460503783214,1.0,0.0006229000000530505,0.003229199999850607,0.048840400000017326,
iris,QBCSampler,,main,clean,0.3,9,0.15,22,0.7333333333333333,0.4213302365829472,0.4211419147521707,0.8721858420370638,0.0,0.0,0.2283957268102131,1.0,0.0006442999999762833,0.0022736999999324325,0.06118930000002365,
iris,QBCSampler,,main,clean,0.3,9,0.2,30,0.7,0.382927179766744,0.3781444728073476,0.8548505418024073,0.0,0.0,0.2443614153059641,1.0,0.0006240000000161672,0.0020598000000973116,0.07205419999991136,
iris,QBCSampler,,main,clean,0.3,9,0.3,45,0.7533333333333333,0.4148202337382784,0.4398129399673086,0.8950109819434108,0.0,0.0,0.15476013918106404,1.0,0.0006972000001042034,0.003150199999936376,0.1023457999999664,
iris,QBCSampler,,main,clean,0.3,10,0.05,7,0.8466666666666667,0.6750498631643848,0.6416026620488269,0.9569115485447757,0.0,0.0,0.37795277491273055,1.0,0.0015714000001025852,0.010038699999995515,0.054298000000017055,
iris,QBCSampler,,main,clean,0.3,10,0.1,15,0.86,0.6559668219487952,0.6522605600360424,0.8908804212268133,0.0,0.0,0.2821543771548469,1.0,0.0009741999999732798,0.003933700000061435,0.07150619999993069,
iris,QBCSampler,,main,clean,0.3,10,0.15,22,0.86,0.6329831019173572,0.6458525556976437,0.867790642570453,0.0,0.0,0.18475515107665696,1.0,0.0019422999998823798,0.004054600000017672,0.08876740000005157,
iris,QBCSampler,,main,clean,0.3,10,0.2,30,0.88,0.6458510920924843,0.6821039456091941,0.8362316158093124,0.0,0.0,0.1781397466726478,1.0,0.0011242000000493135,0.0033786999999847467,0.10295040000005429,
iris,QBCSampler,,main,clean,0.3,10,0.3,45,0.9066666666666666,0.6814074498822521,0.7372305286180338,0.7914404230563367,0.0,0.0,0.15418070497898612,1.0,0.0010014999998020357,0.003308500000002823,0.11585009999998874,
iris,QBCSampler,,main,clean,0.3,11,0.05,7,0.8266666666666667,0.5863048386142223,0.5875484422970456,0.9652257991063686,0.0,0.0,0.37394434262845644,0.75,0.0011852000000089902,0.003885300000092684,0.043017700000063996,
iris,QBCSampler,,main,clean,0.3,11,0.1,15,0.8,0.5418965310381528,0.5374563051662136,0.9047273663791826,0.0,0.0,0.36955849440182553,0.875,0.0014407999999548338,0.0064626999999291,0.059133200000133,
iris,QBCSampler,,main,clean,0.3,11,0.15,22,0.78,0.49464069234611835,0.4933555603326479,0.8889805987969491,0.0,0.0,0.25176293464804106,1.0,0.0006379000001288659,0.004798100000016348,0.07418080000002192,
iris,QBCSampler,,main,clean,0.3,11,0.2,30,0.7466666666666667,0.4713093215358328,0.4524347951106579,0.9186153389372871,0.0,0.0,0.24993693978734313,1.0,0.0009359999999105639,0.0035600999999587657,0.09203690000003917,
iris,QBCSampler,,main,clean,0.3,11,0.3,45,0.6733333333333333,0.36513258378025787,0.3472966163999112,0.8771551813470398,0.0,0.0,0.15076298013457468,1.0,0.0009110000000873697,0.0033436000001074717,0.10842170000000806,
iris,QBCSampler,,main,clean,0.3,12,0.05,7,0.8466666666666667,0.5994271211533123,0.6145694428019352,0.9505284562194599,0.0,0.0,0.32809334668979784,0.75,0.0014979000000039377,0.011229400000047463,0.05672550000008414,
iris,QBCSampler,,main,clean,0.3,12,0.1,15,0.82,0.5462981355775207,0.5622117193818045,0.9029946324985245,0.0,0.0,0.2861857169804768,1.0,0.0006232000000636617,0.004676500000186934,0.06908840000005512,
iris,QBCSampler,,main,clean,0.3,12,0.15,22,0.8,0.500869230157463,0.5229156328711343,0.9272353914053737,0.0,0.0,0.261009955812277,1.0,0.0009665999998560437,0.0041440999998485495,0.08649609999997665,
iris,QBCSampler,,main,clean,0.3,12,0.2,30,0.7866666666666666,0.4981159291118545,0.5075484019412646,0.9225581303701977,0.0,0.0,0.28285027496517195,1.0,0.0009793000001536711,0.0042348000001766195,0.10136560000000827,
iris,QBCSampler,,main,clean,0.3,12,0.3,45,0.86,0.6337584056343136,0.6477484301185022,0.8517592538017189,0.0,0.0,0.1223869057637037,1.0,0.0009563000000980537,0.0031942000000526605,0.11815980000005766,
iris,QBCSampler,,main,clean,0.3,13,0.05,7,0.84,0.6447870693677409,0.6207138115156378,0.9574077961450952,0.0,0.0,0.33280451273418526,1.0,0.0011301999998067913,0.006202899999834699,0.04334680000010849,
iris,QBCSampler,,main,clean,0.3,13,0.1,15,0.8466666666666667,0.6345781733616558,0.6280550888882561,0.8755966662853941,0.0,0.0,0.2913084480305143,1.0,0.0010592999999516906,0.003849899999977424,0.05932990000019345,
iris,QBCSampler,,main,clean,0.3,13,0.15,22,0.8533333333333334,0.6320650276438196,0.6363896564400368,0.8596380340385787,0.0,0.0,0.22653940283607316,1.0,0.00106909999999516,0.004366500000060114,0.07618939999997565,
iris,QBCSampler,,main,clean,0.3,13,0.2,30,0.86,0.6190696722128549,0.6447120424535732,0.7986543307248504,0.0,0.0,0.1956439732837182,1.0,0.001236400000152571,0.00578470000004927,0.09522400000014386,
iris,QBCSampler,,main,clean,0.3,13,0.3,45,0.8666666666666667,0.6020677660619908,0.6475446343702304,0.7608418997429204,0.0,0.0,0.12242987372278931,1.0,0.001287100000126884,0.005435799999986557,0.11325299999998606,
iris,QBCSampler,,main,clean,0.3,15,0.05,7,0.82,0.564472694401736,0.567820223864274,0.9444974742769692,0.0,0.0,0.33701090742970374,1.0,0.0007433999999193475,0.009838600000193765,0.04644869999992807,
iris,QBCSampler,,main,clean,0.3,15,0.1,15,0.7666666666666667,0.49817717574845644,0.4852303650055497,0.8776062539241085,0.0,0.0,0.2661871403476493,1.0,0.0015816000000086206,0.008695199999920078,0.06588849999980084,
iris,QBCSampler,,main,clean,0.3,15,0.15,22,0.7733333333333333,0.4896317414249908,0.4827567503064623,0.8962540023892888,0.0,0.0,0.2318062071392217,1.0,0.0011429000001044187,0.003818300000148156,0.08231019999993805,
iris,QBCSampler,,main,clean,0.3,15,0.2,30,0.72,0.4274225375577255,0.4074147349890378,0.8806347950746484,0.0,0.0,0.29644312447504273,1.0,0.0005917000000863482,0.003597200000058365,0.09326360000000022,
iris,QBCSampler,,main,clean,0.3,15,0.3,45,0.7333333333333333,0.4164629437677808,0.4160698537989726,0.882106699456342,0.0,0.0,0.15212076380384817,1.0,0.0005710000000362925,0.0028400999999576015,0.10517979999985982,
iris,QBCSampler,,main,clean,0.3,14,0.05,7,0.82,0.5728204536618298,0.5617474878439692,0.9403610199675416,0.0,0.0,0.31761396053455226,1.0,0.0014441000000715576,0.011488299999882656,0.058137299999998504,
iris,QBCSampler,,main,clean,0.3,14,0.1,15,0.7866666666666666,0.49912663607307145,0.50060772726228,0.8935388162619767,0.0,0.0,0.3217872181038982,1.0,0.0006385000001500885,0.007194100000106118,0.07296530000007806,
iris,QBCSampler,,main,clean,0.3,14,0.15,22,0.7666666666666667,0.4834958748405855,0.4744257475938619,0.9084895564359056,0.0,0.0,0.2948449192477246,0.8571428571428571,0.0012921000000005733,0.0061322999999902095,0.09085329999993519,
iris,QBCSampler,,main,clean,0.3,14,0.2,30,0.7266666666666667,0.44110666170945956,0.4210292105132649,0.8985547340706794,0.0,0.0,0.19514065840830483,1.0,0.000553399999944304,0.002133300000195959,0.09941509999998743,
iris,QBCSampler,,main,clean,0.3,14,0.3,45,0.66,0.3924668724368309,0.38643848816199,0.8660418532976776,0.0,0.0,0.1274395520292103,1.0,0.0006300000000010186,0.0030848999999761872,0.11307920000012928,
iris,QBCSampler,,main,clean,0.3,16,0.05,7,0.8333333333333334,0.5540758270257945,0.581815411447641,0.966535213068918,0.0,0.0,0.3749443997508033,1.0,0.0014108000000305765,0.008176600000069811,0.0569098999999369,
iris,QBCSampler,,main,clean,0.3,16,0.1,15,0.8266666666666667,0.537794782036284,0.56705540349632,0.8927655976815458,0.0,0.0,0.33209408135125784,1.0,0.0013539999999920838,0.007319800000004761,0.08091530000001512,
iris,QBCSampler,,main,clean,0.3,16,0.15,22,0.8333333333333334,0.5456733522284267,0.5790429022741559,0.8686302984019558,0.0,0.0,0.2597961853345951,1.0,0.0007047999999940657,0.003761000000167769,0.09186569999997118,
iris,QBCSampler,,main,clean,0.3,16,0.2,30,0.8066666666666666,0.5007714466966368,0.5273945296082017,0.8710736240011285,0.0,0.0,0.23767009568224426,1.0,0.0005815000001803128,0.0022848000000976754,0.10760689999983697,
iris,QBCSampler,,main,clean,0.3,16,0.3,45,0.7933333333333333,0.4849571638549342,0.5085300079562765,0.8687801018455376,0.0,0.0,0.2397030688945783,1.0,0.0013854000001174427,0.007028600000012375,0.12674409999999625,
iris,QBCSampler,,main,clean,0.3,17,0.05,7,0.8333333333333334,0.5724155816667613,0.591074989499268,0.954730848108194,0.0,0.0,0.43276390813861965,1.0,0.0014481999999134132,0.009287200000017037,0.0577534999999898,
iris,QBCSampler,,main,clean,0.3,17,0.1,15,0.82,0.5292503440923343,0.5562639789129753,0.8809223244574231,0.0,0.0,0.3101977713099947,1.0,0.0006574999999884312,0.00354090000018914,0.07439799999997376,
iris,QBCSampler,,main,clean,0.3,17,0.15,22,0.8333333333333334,0.5476401400457079,0.5805450197385307,0.8706706191452204,0.0,0.0,0.2854070664241131,1.0,0.0008950000001277658,0.0029690999999729684,0.08540289999996276,
iris,QBCSampler,,main,clean,0.3,17,0.2,30,0.8266666666666667,0.5215258956255233,0.5640009776398639,0.8541065480210522,0.0,0.0,0.21092772984281344,1.0,0.0014377999998487212,0.0049229000001105305,0.10542920000011691,
iris,QBCSampler,,main,clean,0.3,17,0.3,45,0.7866666666666666,0.4649412851128843,0.4949382532520668,0.8507454317788715,0.0,0.0,0.15651642149743789,1.0,0.0013149999999768625,0.005221699999992779,0.12609840000004624,
iris,QBCSampler,,main,clean,0.3,18,0.05,7,0.8266666666666667,0.6534762508409035,0.6103971645085184,0.9662122927413721,0.0,0.0,0.3600940433050206,1.0,0.0015123000000585307,0.009326399999963542,0.05324330000007649,
iris,QBCSampler,,main,clean,0.3,18,0.1,15,0.7866666666666666,0.5972614998988336,0.5528117635379822,0.8673118176312388,0.0,0.0,0.33344444627631253,1.0,0.001365900000109832,0.008125299999846902,0.07635470000013811,
iris,QBCSampler,,main,clean,0.3,18,0.15,22,0.78,0.580333377007608,0.5404585414436308,0.8680558637300392,0.0,0.0,0.17723117304427308,1.0,0.001369900000099733,0.0044473000000380125,0.09824680000019725,
iris,QBCSampler,,main,clean,0.3,18,0.2,30,0.7533333333333333,0.569042906260218,0.5181812182406125,0.868354505825037,0.0,0.0,0.23001735161304876,1.0,0.0006831999999121763,0.006092699999953766,0.12198499999999513,
iris,QBCSampler,,main,clean,0.3,18,0.3,45,0.8533333333333334,0.619655234831647,0.6362402539972367,0.8441704975642588,0.0,0.0,0.265977547718042,1.0,0.0013004999998429412,0.010963100000026316,0.14856040000017856,
iris,QBCSampler,,main,clean,0.3,19,0.05,7,0.8266666666666667,0.5851104645352483,0.5807736922338401,0.9595948076326088,0.0,0.0,0.30945398851149447,0.75,0.000933199999963108,0.006261900000026799,0.04492439999989983,
iris,QBCSampler,,main,clean,0.3,19,0.1,15,0.82,0.5609290950148423,0.5650379986300923,0.8864010214579106,0.0,0.0,0.3171040634423985,1.0,0.0013834999999744468,0.010755300000028,0.06641480000007505,
iris,QBCSampler,,main,clean,0.3,19,0.15,22,0.8066666666666666,0.5595626341904969,0.5444198741660367,0.8941365935478119,0.0,0.0,0.2748159378961705,1.0,0.0006338000000596367,0.0053522000000612024,0.08308650000003581,
iris,QBCSampler,,main,clean,0.3,19,0.2,30,0.78,0.5334545675148651,0.49766883309867016,0.8993159754179324,0.0,0.0,0.40661110674613854,1.0,0.001011100000141596,0.0068097999999281456,0.10325390000002699,
iris,QBCSampler,,main,clean,0.3,19,0.3,45,0.72,0.4604303235431982,0.4019478249689626,0.8802589679495508,0.0,0.0,0.18155132469308552,1.0,0.0013014999999541033,0.004995300000018688,0.12392789999989873,
iris,QBCSampler,,main,clean,0.3,20,0.05,7,0.84,0.6480045835667618,0.6234541022500214,0.9544740073550799,0.0,0.0,0.3390587047371874,1.0,0.0008937000000059925,0.005148099999814804,0.05220439999993687,
iris,QBCSampler,,main,clean,0.3,20,0.1,15,0.84,0.6240732611245589,0.617704046044715,0.8621036626310635,0.0,0.0,0.2530349288254649,1.0,0.0010988999999881344,0.005606999999827167,0.07036010000001625,
iris,QBCSampler,,main,clean,0.3,20,0.15,22,0.8466666666666667,0.6329738073904411,0.629431814475358,0.8652355786862681,0.0,0.0,0.2499136426583995,1.0,0.0013776000000689237,0.0038607000001320557,0.09125730000005206,
iris,QBCSampler,,main,clean,0.3,20,0.2,30,0.86,0.640596694016925,0.6504100827229982,0.8197109456561461,0.0,0.0,0.26646207836430624,1.0,0.001485399999864967,0.005841400000008434,0.1143621000001076,
iris,QBCSampler,,main,clean,0.3,20,0.3,45,0.8733333333333333,0.6288412892973643,0.6693923249484693,0.776984883938186,0.0,0.0,0.14105938116088992,1.0,0.0010591000000204076,0.0030369999999493302,0.13256299999989096,
iris,QBCSampler,,main,clean,0.3,21,0.05,7,0.8133333333333334,0.5456765333059787,0.5484167030385106,0.9366898995072093,0.0,0.0,0.32478464962825276,0.75,0.0007938999999623775,0.008563200000025972,0.05471220000003996,
iris,QBCSampler,,main,clean,0.3,21,0.1,15,0.7866666666666666,0.48967289061324093,0.4991109460431997,0.8706357338793236,0.0,0.0,0.29419865079524793,1.0,0.001421499999878506,0.011154600000054415,0.0876064999999926,
iris,QBCSampler,,main,clean,0.3,21,0.15,22,0.78,0.45135454933805685,0.47912936003230633,0.8597000905413069,0.0,0.0,0.21887151461196616,1.0,0.0010640000000421423,0.008939600000076098,0.1074598000000151,
iris,QBCSampler,,main,clean,0.3,21,0.2,30,0.7666666666666667,0.4068939987583908,0.4437036103465613,0.853701497430317,0.0,0.0,0.22704695697543414,1.0,0.0017692000001261476,0.00384329999997135,0.12568910000004507,
iris,QBCSampler,,main,clean,0.3,21,0.3,45,0.7333333333333333,0.33674586835235815,0.3708685704532432,0.844804352352441,0.0,0.0,0.1527383874818334,1.0,0.0010124999998879503,0.003636599999936152,0.1463492000000315,
iris,QBCSampler,,main,clean,0.3,22,0.05,7,0.82,0.5757368691875188,0.5684966258724374,0.949254092797656,0.0,0.0,0.2985932137672135,1.0,0.0012086000001545472,0.005977300000040486,0.0657455000000482,
iris,QBCSampler,,main,clean,0.3,22,0.1,15,0.8066666666666666,0.5329251391021258,0.5368787177635131,0.8774875988284658,0.0,0.0,0.2795020465232914,1.0,0.0019201000000066415,0.010875400000031732,0.09992949999991652,
iris,QBCSampler,,main,clean,0.3,22,0.15,22,0.7866666666666666,0.50201050555708,0.5014147627536001,0.8595089140549342,0.0,0.0,0.20760499351198833,1.0,0.0013844000000062806,0.007298699999864766,0.13160130000005665,
iris,QBCSampler,,main,clean,0.3,22,0.2,30,0.84,0.59020987157658,0.6079005965457137,0.8629210705570995,0.0,0.0,0.18492768460892267,1.0,0.0014217000000371627,0.009630799999968076,0.15895829999999478,
iris,QBCSampler,,main,clean,0.3,22,0.3,45,0.8866666666666667,0.6607830281805851,0.6986710128688329,0.8196370106086074,0.0,0.0,0.21204746173378855,1.0,0.0016554999999698339,0.012903699999924356,0.19140519999996286,
iris,QBCSampler,,main,clean,0.3,23,0.05,7,0.52,0.577729816914742,0.4201867708268508,1.0491972309799984,0.0,0.0,0.4528885025839302,0.75,0.0019738999999390217,0.035370699999930366,0.09353550000014366,
iris,QBCSampler,,main,clean,0.3,23,0.1,15,0.7666666666666667,0.5152094639075692,0.49139487806095133,0.9704677849700387,0.0,0.0,0.22631351687814855,1.0,0.0014652999998361338,0.01885090000018863,0.13201490000005833,
iris,QBCSampler,,main,clean,0.3,23,0.15,22,0.8066666666666666,0.5168447004656812,0.538457882307568,0.9209009003130546,0.0,0.0,0.27781966046178236,1.0,0.001443699999981618,0.008124899999984336,0.16231979999997748,
iris,QBCSampler,,main,clean,0.3,23,0.2,30,0.7,0.4011807995422973,0.3881632339937578,0.872227495707607,0.0,0.0,0.3449872911789806,1.0,0.0014197999998941668,0.010776800000030562,0.19006860000013148,
iris,QBCSampler,,main,clean,0.3,23,0.3,45,0.7733333333333333,0.44417844286673674,0.46278401247299955,0.8736654498056695,0.0,0.0,0.15307897374656906,1.0,0.0014364999999543215,0.007540500000004613,0.22234300000013718,
iris,QBCSampler,,main,clean,0.3,25,0.05,7,0.8066666666666666,0.5282022698691488,0.5392469366071198,0.9507054853408037,0.0,0.0,0.34987124822789906,1.0,0.0011961000000155764,0.005930499999976746,0.06162270000004355,
iris,QBCSampler,,main,clean,0.3,25,0.1,15,0.78,0.48171095537938247,0.4894007174480707,0.8817611404377098,0.0,0.0,0.32041549848372486,1.0,0.001019600000063292,0.005583599999908984,0.07525810000015554,
iris,QBCSampler,,main,clean,0.3,25,0.15,22,0.7533333333333333,0.4520445155949382,0.4484198846163759,0.8634241812595299,0.0,0.0,0.2186476134657022,1.0,0.0014545999999882042,0.00924869999994371,0.1057284000000891,
iris,QBCSampler,,main,clean,0.3,25,0.2,30,0.7333333333333333,0.42273961327942083,0.40946057236977557,0.8614641286730176,0.0,0.0,0.19530184216942062,1.0,0.0016029999999318534,0.00658120000002782,0.1325319000000036,
iris,QBCSampler,,main,clean,0.3,25,0.3,45,0.66,0.34373448499642967,0.32430253509998913,0.8433485062441458,0.0,0.0,0.1353545756291013,1.0,0.0014521999999033142,0.006512900000188893,0.1594870000001265,
iris,QBCSampler,,main,clean,0.3,24,0.05,7,0.82,0.6467113936056552,0.6006861021484542,0.9588132667950084,0.0,0.0,0.2649600198242972,1.0,0.0017454000001180248,0.0107977000000119,0.06957969999984925,
iris,QBCSampler,,main,clean,0.3,24,0.1,15,0.8,0.6069351305091535,0.5684966258724374,0.8810286956704128,0.0,0.0,0.2453675053807145,1.0,0.0013954000000921951,0.00865139999996245,0.09897049999995033,
iris,QBCSampler,,main,clean,0.3,24,0.15,22,0.8466666666666667,0.6321679357883958,0.6321647825212204,0.8609962168629156,0.0,0.0,0.16547172899708343,1.0,0.001383999999916341,0.007257800000161296,0.1323451999999179,
iris,QBCSampler,,main,clean,0.3,24,0.2,30,0.8733333333333333,0.6574457017953486,0.6776691830407522,0.8474385850101133,0.0,0.0,0.32413908676197445,1.0,0.0038664999999582506,0.02529070000014144,0.19984099999987848,
iris,QBCSampler,,main,clean,0.3,24,0.3,45,0.9,0.6745148139179563,0.726149111216239,0.7780623539810878,0.0,0.0,0.15664645273207078,1.0,0.0016337000001840352,0.011973600000146689,0.2319169999998394,
iris,QBCSampler,,main,clean,0.3,26,0.05,7,0.8266666666666667,0.5751757614672699,0.5799670843585524,0.9462945555790773,0.0,0.0,0.35514165372605,0.75,0.0015604000000166707,0.009649800000033792,0.05915750000008302,
iris,QBCSampler,,main,clean,0.3,26,0.1,15,0.7933333333333333,0.4990199824467754,0.5171400162508325,0.8692491258150217,0.0,0.0,0.32323460334177223,1.0,0.0014055999999982305,0.009244099999932587,0.08628110000017841,
iris,QBCSampler,,main,clean,0.3,26,0.15,22,0.76,0.43857913647992697,0.4570947256844875,0.8736144673547999,0.0,0.0,0.2575023903290298,1.0,0.0008934999998473359,0.0060776000000259955,0.10598010000012437,
iris,QBCSampler,,main,clean,0.3,26,0.2,30,0.7266666666666667,0.4049806956699477,0.41110837673593603,0.899318552693933,0.0,0.0,0.2210642225665534,1.0,0.001365099999929953,0.0038100000001577428,0.12423790000002555,
iris,QBCSampler,,main,clean,0.3,26,0.3,45,0.64,0.2848437617079318,0.29049604784960636,0.8582619676265438,0.0,0.0,0.1785698133165239,1.0,0.0013374000000112574,0.004918399999951362,0.14970070000003943,
iris,QBCSampler,,main,clean,0.3,27,0.05,7,0.8133333333333334,0.6426583176523605,0.5923326221845838,0.962760116697067,0.0,0.0,0.33116848474899574,1.0,0.0012576999999964755,0.009341200000108074,0.042358600000170554,
iris,QBCSampler,,main,clean,0.3,27,0.1,15,0.8066666666666666,0.6123672910619117,0.5769504428944386,0.89465626944572,0.0,0.0,0.2217072951896416,1.0,0.0007436999999299587,0.0027198000000225875,0.05377190000012888,
iris,QBCSampler,,main,clean,0.3,27,0.15,22,0.7666666666666667,0.5462729451586953,0.5190330496471237,0.861600252254888,0.0,0.0,0.2671880486837695,1.0,0.000588400000196998,0.00225559999989855,0.06995590000019547,
iris,QBCSampler,,main,clean,0.3,27,0.2,30,0.8466666666666667,0.6082715133461769,0.6236898342687051,0.9010778052058348,0.0,0.0,0.14419010779240138,1.0,0.000992900000028385,0.005979300000035437,0.08640370000011899,
iris,QBCSampler,,main,clean,0.3,27,0.3,45,0.8666666666666667,0.6286062872719298,0.6573875250415945,0.8032886401885483,0.0,0.0,0.21119014568323535,1.0,0.0008967999999640597,0.0030406000000766653,0.09809080000013637,
iris,QBCSampler,,main,clean,0.3,28,0.05,7,0.82,0.6224241272607623,0.5899236923696451,0.9414889722041725,0.0,0.0,0.3584238979744401,0.75,0.0023745999999391643,0.015412599999990562,0.08413139999993291,
iris,QBCSampler,,main,clean,0.3,28,0.1,15,0.8533333333333334,0.6384967962400661,0.6396619169645432,0.8665403129463289,0.0,0.0,0.33932268068211036,1.0,0.0006771000000753702,0.007738400000107504,0.0987872000000607,
iris,QBCSampler,,main,clean,0.3,28,0.15,22,0.86,0.6190696722128549,0.6447120424535732,0.8721283428912946,0.0,0.0,0.1912738298048821,1.0,0.0005604000000403175,0.0020329000001311215,0.1074361000000863,
iris,QBCSampler,,main,clean,0.3,28,0.2,30,0.8733333333333333,0.6350260595720545,0.6685909779925552,0.8474258454779849,0.0,0.0,0.255198112799301,1.0,0.0005509000000074593,0.0021370999997998297,0.115937699999904,
iris,QBCSampler,,main,clean,0.3,28,0.3,45,0.8933333333333333,0.6422814467845884,0.7065218721072013,0.8068226006192893,0.0,0.0,0.15534382665308205,1.0,0.0005421000000751519,0.00202450000006138,0.12876639999990402,
iris,QBCSampler,,main,clean,0.3,29,0.05,7,0.8066666666666666,0.6346631359390215,0.5826262395398415,1.0200497723030848,0.0,0.0,0.4115426203187798,1.0,0.0011268999999174412,0.01881849999995211,0.07133350000003702,
iris,QBCSampler,,main,clean,0.3,29,0.1,15,0.7533333333333333,0.4706332279449645,0.46747271966845366,0.9187034771907964,0.0,0.0,0.23720285831961285,1.0,0.0015271999998276442,0.013841700000057244,0.09911499999998341,
iris,QBCSampler,,main,clean,0.3,29,0.15,22,0.7333333333333333,0.4346712700994071,0.4296671999175022,0.8751306463513654,0.0,0.0,0.24915258561374967,1.0,0.0009751000000051135,0.006580199999916658,0.12281989999996767,
iris,QBCSampler,,main,clean,0.3,29,0.2,30,0.6733333333333333,0.35569683025533627,0.3438803419496756,0.8977331187221951,0.0,0.0,0.1957145844476714,1.0,0.0017051999998329848,0.005572999999913009,0.14697019999994154,
iris,QBCSampler,,main,clean,0.3,29,0.3,45,0.6066666666666667,0.32016565544107894,0.2937915757641503,0.8900404650649982,0.0,0.0,0.20534103769641482,1.0,0.0009747000001425477,0.008534900000086054,0.18011709999996128,
iris,EntropySampler,,main,clean,0.0,0,0.05,7,0.8266666666666667,0.6522540766247575,0.6099646258503402,0.7769551390464118,0.0,0.0,0.41553389555049614,1.0,0.0004125999998905172,0.009621800000104486,0.03931089999991855,
iris,EntropySampler,,main,clean,0.0,0,0.1,15,0.8,0.6295570832114857,0.5744038389344999,0.6820787916585245,0.0,0.0,0.3909698896933024,1.0,0.00014110000006439805,0.0030480000000352447,0.04905389999998988,
iris,EntropySampler,,main,clean,0.0,0,0.15,22,0.7733333333333333,0.6110029082487279,0.5450938775510205,0.5924726834505373,0.0,0.0,0.25454330114854484,1.0,0.00015979999989212956,0.0019483999999465595,0.06296959999986029,
iris,EntropySampler,,main,clean,0.0,0,0.2,30,0.7333333333333333,0.5915989204737705,0.5134693877551021,0.4852505449413161,0.0,0.0,0.15076188937861307,1.0,0.0003013000000464672,0.004222499999968932,0.0877943000000414,
iris,EntropySampler,,main,clean,0.0,0,0.3,45,0.92,0.7773403198092464,0.7859265306122449,0.5543357949021259,0.0,0.0,0.20065092932995263,1.0,0.0001794000002064422,0.009535599999935584,0.10992459999988569,
iris,EntropySampler,,main,clean,0.0,1,0.05,7,0.8533333333333334,0.6838063565338025,0.6529974105499732,0.7870988869947794,0.0,0.0,0.42407395026759354,1.0,0.00021440000000438886,0.004405399999996007,0.03572379999991426,
iris,EntropySampler,,main,clean,0.0,1,0.1,15,0.8866666666666667,0.7303731197671405,0.7149297829556379,0.6874199214799216,0.0,0.0,0.3843261974591492,1.0,0.00030299999980343273,0.006720699999959834,0.056009500000072876,
iris,EntropySampler,,main,clean,0.0,1,0.15,22,0.9133333333333333,0.7705224609491912,0.7711194866048691,0.5555318993943443,0.0,0.0,0.20923472427368303,1.0,0.00028560000009747455,0.004819699999870863,0.07381749999990461,
iris,EntropySampler,,main,clean,0.0,1,0.2,30,0.9333333333333333,0.8071044224973737,0.8177533513813235,0.5005407206690873,0.0,0.0,0.17278278566355498,1.0,0.0002555999999458436,0.00420990000020538,0.09086010000009992,
iris,EntropySampler,,main,clean,0.0,1,0.3,45,0.9866666666666667,0.94878832043511,0.9602776916338867,0.365544862565416,0.0,0.0,0.10667804337898085,1.0,0.000264399999878151,0.004145800000060262,0.10545180000008259,
iris,EntropySampler,,main,clean,0.0,2,0.05,7,0.8533333333333334,0.6806461729990796,0.6522271369579056,0.7796434016240117,0.0,0.0,0.43431945463511457,1.0,0.00021240000000943837,0.004448199999842473,0.028155499999911626,
iris,EntropySampler,,main,clean,0.0,2,0.1,15,0.8866666666666667,0.7246031769163463,0.7141390614568589,0.7054092840195743,0.0,0.0,0.39848577684989256,1.0,0.0001357000001007691,0.0035618000001704786,0.03892219999988811,
iris,EntropySampler,,main,clean,0.0,2,0.15,22,0.92,0.7781977109835039,0.7859859304356341,0.6058745842011041,0.0,0.0,0.2602173541213581,1.0,0.00013540000009015785,0.00255139999990206,0.051002399999788395,
iris,EntropySampler,,main,clean,0.0,2,0.2,30,0.94,0.8167114929527717,0.833982948121967,0.51436185527357,0.0,0.0,0.1682704520208922,1.0,0.00019659999998111743,0.0035652999999911117,0.06437809999988531,
iris,EntropySampler,,main,clean,0.0,2,0.3,45,0.9866666666666667,0.94878832043511,0.9602776916338867,0.39194518653187593,0.0,0.0,0.11916529654869121,1.0,0.00015719999987595656,0.00245519999998578,0.07376169999997728,
iris,EntropySampler,,main,clean,0.0,4,0.05,7,0.8266666666666667,0.572902287733317,0.5806573597604853,0.7546554978634619,0.0,0.0,0.4387231973745581,1.0,0.00021190000006754417,0.00675479999995332,0.041345600000113336,
iris,EntropySampler,,main,clean,0.0,4,0.1,15,0.8,0.5206838855013642,0.5268146507499634,0.6949095026761719,0.0,0.0,0.3871811242091805,1.0,0.00022990000002209854,0.00818739999999707,0.056620000000066284,
iris,EntropySampler,,main,clean,0.0,4,0.15,22,0.8066666666666666,0.521656994553733,0.5338726423842225,0.62502586459269,0.0,0.0,0.24682793506751013,1.0,0.0001356000000214408,0.0022062000000460102,0.06776140000010855,
iris,EntropySampler,,main,clean,0.0,4,0.2,30,0.78,0.486544017683972,0.4896275084012794,0.5750791117781232,0.0,0.0,0.1964512174598294,1.0,0.00015200000007098424,0.0033738999998149666,0.08566820000010011,
iris,EntropySampler,,main,clean,0.0,4,0.3,45,0.92,0.7781977109835039,0.7859859304356341,0.4656416893302191,0.0,0.0,0.13239610538734928,1.0,0.0003549000000475644,0.005759699999998702,0.10977950000005876,
iris,EntropySampler,,main,clean,0.0,3,0.05,7,0.84,0.5956845963302192,0.6001529955745418,0.7629991300748029,0.0,0.0,0.41795786708780747,1.0,0.0004390999999941414,0.012225899999975809,0.06313929999987522,
iris,EntropySampler,,main,clean,0.0,3,0.1,15,0.84,0.5871387848475426,0.6021834887177409,0.6987416602849441,0.0,0.0,0.37779395633880897,1.0,0.00033970000004046597,0.010649299999840878,0.08758659999989504,
iris,EntropySampler,,main,clean,0.0,3,0.15,22,0.8133333333333334,0.545946093205325,0.5543976075039329,0.7233149377542153,0.0,0.0,0.39982278410236466,1.0,0.00014679999981126457,0.006715699999858771,0.10356969999998,
iris,EntropySampler,,main,clean,0.0,3,0.2,30,0.7733333333333333,0.5112155860708867,0.5003098818467631,0.6189009813546111,0.0,0.0,0.2225163532537037,1.0,0.00034440000013091776,0.005219200000055935,0.12061999999991713,
iris,EntropySampler,,main,clean,0.0,3,0.3,45,0.9266666666666666,0.8314786667170627,0.8031884679783747,0.5393239371450728,0.0,0.0,0.17075779241923822,1.0,0.00021870000000490109,0.004228900000043723,0.13620379999997567,
iris,EntropySampler,,main,clean,0.0,5,0.05,7,0.84,0.5953712326338169,0.6076831375235672,0.7864734830404394,0.0,0.0,0.4180024061498534,1.0,0.00042069999994964746,0.004608799999914481,0.06101839999996628,
iris,EntropySampler,,main,clean,0.0,5,0.1,15,0.84,0.5860829347262471,0.6028832023772728,0.7154018120594714,0.0,0.0,0.4204175973942567,1.0,0.00026070000012623495,0.004481299999952171,0.07918399999994108,
iris,EntropySampler,,main,clean,0.0,5,0.15,22,0.8466666666666667,0.6047861499807596,0.6175434067345147,0.6494603009098122,0.0,0.0,0.29253128398617134,1.0,0.0002472999999554304,0.0051522000001114066,0.11400559999992765,
iris,EntropySampler,,main,clean,0.0,5,0.2,30,0.8066666666666666,0.5676724548470639,0.5545369558634715,0.6521835561683211,0.0,0.0,0.2665297244113439,1.0,0.00033899999993991514,0.008076099999925646,0.14332899999999427,
iris,EntropySampler,,main,clean,0.0,5,0.3,45,0.9333333333333333,0.8226344718871866,0.8183576606742303,0.49940665229018993,0.0,0.0,0.15575061631365886,1.0,0.0003721000000496133,0.0030209999999897263,0.16648329999998168,
iris,EntropySampler,,main,clean,0.0,6,0.05,7,0.8266666666666667,0.5744671374602087,0.5779369748299126,0.7798257969125683,0.0,0.0,0.44360690629129823,0.75,0.0003129000001536042,0.0051085000000057335,0.049930399999993824,
iris,EntropySampler,,main,clean,0.0,6,0.1,15,0.7866666666666666,0.505068362486096,0.5022341594764635,0.712829749246899,0.0,0.0,0.4027962000887606,1.0,0.0002921000000242202,0.010096199999907185,0.07530220000012378,
iris,EntropySampler,,main,clean,0.0,6,0.15,22,0.7666666666666667,0.49609363284697305,0.47082821683937787,0.6477691048131163,0.0,0.0,0.27681568295049147,1.0,0.0001428999999006919,0.00356780000015533,0.08561260000010407,
iris,EntropySampler,,main,clean,0.0,6,0.2,30,0.72,0.46325675607052963,0.41503779151202236,0.6907677577922954,0.0,0.0,0.2768398319532033,1.0,0.00015289999987544434,0.0024210999999922933,0.09449500000005173,
iris,EntropySampler,,main,clean,0.0,6,0.3,45,0.6866666666666666,0.5866384927163132,0.5008747759269195,0.5822962784103886,0.0,0.0,0.19522816879938773,1.0,0.00012449999985619797,0.002005900000085603,0.10835120000001552,
iris,EntropySampler,,main,clean,0.0,7,0.05,7,0.8533333333333334,0.6806461729990796,0.6522271369579056,0.7755426329270707,0.0,0.0,0.4476610418241872,1.0,0.00021720000017921848,0.004052499999943393,0.031317799999897034,
iris,EntropySampler,,main,clean,0.0,7,0.1,15,0.88,0.7160100313235859,0.7011154962653707,0.7000540250226267,0.0,0.0,0.39628372328448447,1.0,0.00019420000012360106,0.0030185999999048363,0.043743899999981295,
iris,EntropySampler,,main,clean,0.0,7,0.15,22,0.92,0.7808311536749418,0.7861639322874197,0.5721700820433799,0.0,0.0,0.22603555081818522,1.0,0.0001352000001588749,0.002713800000037736,0.05248829999982263,
iris,EntropySampler,,main,clean,0.0,7,0.2,30,0.94,0.8191599501911045,0.8340750470114582,0.48201533382963346,0.0,0.0,0.1492763900429011,1.0,0.00011849999987134652,0.0016196000001400535,0.06269689999999173,
iris,EntropySampler,,main,clean,0.0,7,0.3,45,0.9866666666666667,0.94878832043511,0.9602776916338867,0.3761020486923055,0.0,0.0,0.11120065686931248,1.0,0.00014349999992191442,0.002051599999958853,0.07273220000001857,
iris,EntropySampler,,main,clean,0.0,8,0.05,7,0.8266666666666667,0.6525582020084985,0.6100728505285608,0.7798187178033218,0.0,0.0,0.43512941910529424,1.0,0.00041410000017094717,0.04040390000000116,0.09644460000004074,
iris,EntropySampler,,main,clean,0.0,8,0.1,15,0.8066666666666666,0.6362241991277289,0.5833200909986078,0.7020181865968349,0.0,0.0,0.39405341098269037,1.0,0.00032129999999597203,0.009927300000072137,0.12209610000013527,
iris,EntropySampler,,main,clean,0.0,8,0.15,22,0.78,0.6156436477147474,0.552063405301995,0.5333668262084557,0.0,0.0,0.1925159515332891,1.0,0.00036079999995308754,0.007910500000207321,0.1458297000001494,
iris,EntropySampler,,main,clean,0.0,8,0.2,30,0.7533333333333333,0.6005361469775675,0.5277520568787655,0.5156375166684402,0.0,0.0,0.18945084868575704,1.0,0.00017119999984060996,0.005867699999953402,0.15772990000004938,
iris,EntropySampler,,main,clean,0.0,8,0.3,45,0.9266666666666666,0.7899623019936001,0.8015498244339508,0.4413764948249578,0.0,0.0,0.1351634215872421,1.0,0.00014209999994818645,0.0017470999998749903,0.16846129999998993,
iris,EntropySampler,,main,clean,0.0,9,0.05,7,0.8066666666666666,0.5782072118811749,0.5629619968725843,0.768843656317202,0.0,0.0,0.42440494800062106,1.0,0.00045960000011291413,0.009391899999855013,0.05310659999986456,
iris,EntropySampler,,main,clean,0.0,9,0.1,15,0.78,0.5319919536144244,0.5139033666332721,0.7056470913037433,0.0,0.0,0.4229827707425252,1.0,0.000138699999979508,0.002350299999989147,0.06352640000000065,
iris,EntropySampler,,main,clean,0.0,9,0.15,22,0.7466666666666667,0.4935562131453277,0.45817307110194494,0.5899908964682764,0.0,0.0,0.20899872345240114,1.0,0.0001253000000360771,0.0019970000000739674,0.07233189999988099,
iris,EntropySampler,,main,clean,0.0,9,0.2,30,0.8,0.5369308331035368,0.5236583179427362,0.5480939747574887,0.0,0.0,0.19912161531430475,1.0,0.00013690000014321413,0.002457099999901402,0.08886549999988347,
iris,EntropySampler,,main,clean,0.0,9,0.3,45,0.8266666666666667,0.6117420452623226,0.5968537114868405,0.48965475157225363,0.0,0.0,0.17537650172843045,1.0,0.00029920000019956206,0.007764699999825098,0.11381630000005316,
iris,EntropySampler,,main,clean,0.0,10,0.05,7,0.8466666666666667,0.6735735454651065,0.6412050161871702,0.7797826194609442,0.0,0.0,0.4475387686017749,1.0,0.00045030000001133885,0.009607100000039281,0.06296910000014577,
iris,EntropySampler,,main,clean,0.0,10,0.1,15,0.8866666666666667,0.7268647333702032,0.7144558758616006,0.701861338904811,0.0,0.0,0.3934272718760503,1.0,0.0003169999999954598,0.007289800000080504,0.0815752999999404,
iris,EntropySampler,,main,clean,0.0,10,0.15,22,0.92,0.7808311536749418,0.7861639322874197,0.5648834844431854,0.0,0.0,0.22215378761851046,1.0,0.00012910000009469513,0.0018058999999084335,0.09235609999996086,
iris,EntropySampler,,main,clean,0.0,10,0.2,30,0.94,0.8191599501911045,0.8340750470114582,0.4816418854044092,0.0,0.0,0.1490884212918771,1.0,0.00012859999992542726,0.001609800000096584,0.1021522000000914,
iris,EntropySampler,,main,clean,0.0,10,0.3,45,0.9866666666666667,0.94878832043511,0.9602776916338867,0.37484010153511454,0.0,0.0,0.1100844469299398,1.0,0.0003069999997933337,0.004107400000066264,0.1153137000001152,
iris,EntropySampler,,main,clean,0.0,11,0.05,7,0.82,0.5795475485930971,0.5772411466749365,0.7935617631686626,0.0,0.0,0.4594165209799655,0.75,0.00040039999998953135,0.009620599999834667,0.060293400000091424,
iris,EntropySampler,,main,clean,0.0,11,0.1,15,0.7933333333333333,0.529417832126572,0.5226672311255663,0.719458941943411,0.0,0.0,0.4191479177705054,0.875,0.00030940000010559743,0.007575899999892499,0.08360850000008213,
iris,EntropySampler,,main,clean,0.0,11,0.15,22,0.76,0.5002421727370491,0.47393611922323436,0.6487873896911053,0.0,0.0,0.2835174601338875,1.0,0.0002030999999078631,0.005284300000084841,0.10607530000015686,
iris,EntropySampler,,main,clean,0.0,11,0.2,30,0.72,0.46675949865433436,0.4244606919060577,0.6587459280111546,0.0,0.0,0.24439899857998143,1.0,0.00020390000008774223,0.0041831000000911445,0.12175430000002052,
iris,EntropySampler,,main,clean,0.0,11,0.3,45,0.6733333333333333,0.5812379362337778,0.495116603547937,0.5560033286139919,0.0,0.0,0.20480593349813486,1.0,0.0002703000000110478,0.005603500000006534,0.15084040000010646,
iris,EntropySampler,,main,clean,0.0,12,0.05,7,0.8466666666666667,0.6114198324992794,0.6175640550077517,0.777224550761209,0.0,0.0,0.43594697925185555,0.75,0.00021809999998367857,0.007541499999888401,0.06190650000007736,
iris,EntropySampler,,main,clean,0.0,12,0.1,15,0.8466666666666667,0.595439180994792,0.6153592077138521,0.6784480587060171,0.0,0.0,0.35040720705447137,1.0,0.000274799999942843,0.009858399999984613,0.08696050000003197,
iris,EntropySampler,,main,clean,0.0,12,0.15,22,0.8266666666666667,0.5686197032310097,0.5791977406590102,0.717913665199134,0.0,0.0,0.38379105219540993,1.0,0.0002944999998817366,0.00694300000009207,0.1100946000001386,
iris,EntropySampler,,main,clean,0.0,12,0.2,30,0.7866666666666666,0.5279369231130098,0.5192929650848758,0.6118258968628834,0.0,0.0,0.2180581804421567,1.0,0.0003050000000257569,0.005908300000101008,0.13007740000011836,
iris,EntropySampler,,main,clean,0.0,12,0.3,45,0.9333333333333333,0.8410911493201384,0.8188082691528172,0.506338213925597,0.0,0.0,0.15315712595225825,1.0,0.0002955999998448533,0.005240000000185319,0.14998239999999896,
iris,EntropySampler,,main,clean,0.0,13,0.05,7,0.84,0.6669659159546624,0.6306467921328158,0.7798888932946246,0.0,0.0,0.43525390291686183,1.0,0.0004332999999405729,0.008829599999899074,0.04926150000005691,
iris,EntropySampler,,main,clean,0.0,13,0.1,15,0.88,0.7160100313235859,0.7011154962653707,0.7111414704935899,0.0,0.0,0.42523180880396044,1.0,0.0003123999999843363,0.00847650000014255,0.07265099999995073,
iris,EntropySampler,,main,clean,0.0,13,0.15,22,0.9133333333333333,0.767290343969384,0.7708655411110612,0.5813327463487331,0.0,0.0,0.23687818372409986,1.0,0.0002997999999934109,0.005135299999892595,0.09061799999994946,
iris,EntropySampler,,main,clean,0.0,13,0.2,30,0.9333333333333333,0.8037974551773084,0.8176016452576428,0.49760700652049017,0.0,0.0,0.15879978743018994,1.0,0.00015919999987090705,0.003400300000066636,0.10881189999986418,
iris,EntropySampler,,main,clean,0.0,13,0.3,45,0.9866666666666667,0.94878832043511,0.9602776916338867,0.3814497922004584,0.0,0.0,0.11455806725902555,1.0,0.0003251999999065447,0.004677700000002005,0.12766839999994772,
iris,EntropySampler,,main,clean,0.0,15,0.05,7,0.8,0.5440108989558673,0.538094791152318,0.7629790204826928,0.0,0.0,0.46392762336586757,1.0,0.000398000000132015,0.012934899999891059,0.050786399999878995,
iris,EntropySampler,,main,clean,0.0,15,0.1,15,0.7733333333333333,0.5011462976381726,0.49199849920882205,0.6942891899163549,0.0,0.0,0.3953602259129597,1.0,0.00014149999992696394,0.002765000000181317,0.06068739999977879,
iris,EntropySampler,,main,clean,0.0,15,0.15,22,0.7466666666666667,0.45935290041553545,0.4423563435898062,0.6189403959680465,0.0,0.0,0.2549648087111672,1.0,0.00011830000016743725,0.001996200000121462,0.06866949999994176,
iris,EntropySampler,,main,clean,0.0,15,0.2,30,0.7,0.4255472064327807,0.38986414740997694,0.5694251682293345,0.0,0.0,0.20753238230161206,1.0,0.00014680000003863825,0.002498900000091453,0.0808820999998261,
iris,EntropySampler,,main,clean,0.0,15,0.3,45,0.9066666666666666,0.7542575670288613,0.7559238095238096,0.4867579806714081,0.0,0.0,0.14194233573700699,1.0,0.00014220000002751476,0.0029197000001204287,0.09095189999993636,
iris,EntropySampler,,main,clean,0.0,14,0.05,7,0.8266666666666667,0.5685589893507881,0.5730194722217691,0.7642901032875804,0.0,0.0,0.42806345065842194,1.0,0.00021070000002509914,0.010150199999998222,0.0604092999999466,
iris,EntropySampler,,main,clean,0.0,14,0.1,15,0.7933333333333333,0.5170595443926244,0.511279337327915,0.6866298854603958,0.0,0.0,0.3445504591203483,1.0,0.00028550000001814624,0.010092299999996612,0.08649839999998221,
iris,EntropySampler,,main,clean,0.0,14,0.15,22,0.76,0.5006666432872459,0.4682326847464462,0.7296099951081073,0.0,0.0,0.3578735190485554,1.0,0.0002835999998751504,0.0054218000000219035,0.10721889999990708,
iris,EntropySampler,,main,clean,0.0,14,0.2,30,0.7133333333333334,0.4758972723195452,0.42034427424075305,0.672330161088475,0.0,0.0,0.2537428331183146,1.0,0.0002818000000388565,0.005800700000008874,0.12676140000007763,
iris,EntropySampler,,main,clean,0.0,14,0.3,45,0.6933333333333334,0.5965914129463744,0.5100397140587768,0.5436919254375023,0.0,0.0,0.16910497555860748,1.0,0.00015749999988656782,0.002740700000003926,0.1387297999999646,
iris,EntropySampler,,main,clean,0.0,16,0.05,7,0.82,0.5599265307059716,0.5649259683492104,0.8070829671175059,0.0,0.0,0.4578749138676559,1.0,0.000204800000119576,0.003131299999949988,0.03763980000007905,
iris,EntropySampler,,main,clean,0.0,16,0.1,15,0.8466666666666667,0.5857151889009033,0.6094658878295146,0.7183949807956547,0.0,0.0,0.42544149909340834,0.875,0.00014840000017102284,0.009412099999963175,0.05860080000002199,
iris,EntropySampler,,main,clean,0.0,16,0.15,22,0.8466666666666667,0.5895827415257959,0.6108954109393189,0.6610767394616139,0.0,0.0,0.32466413295601904,0.8571428571428571,0.0002983000001677283,0.004993999999896914,0.07605060000014419,
iris,EntropySampler,,main,clean,0.0,16,0.2,30,0.8333333333333334,0.590123402743823,0.5954809038192361,0.622247104327475,0.0,0.0,0.2598227163433475,1.0,0.0002713000001222099,0.0041476999999758846,0.09433770000009645,
iris,EntropySampler,,main,clean,0.0,16,0.3,45,0.96,0.870521418179061,0.8857921001989628,0.5677331182237005,0.0,0.0,0.19154893376704563,1.0,0.00012769999989359349,0.004371500000161177,0.11273500000015702,
iris,EntropySampler,,main,clean,0.0,17,0.05,7,0.8266666666666667,0.5725978984872478,0.5797883412171401,0.7884692323519491,0.0,0.0,0.43276390813861965,1.0,0.00022209999997357954,0.0057979999999133724,0.05673879999994824,
iris,EntropySampler,,main,clean,0.0,17,0.1,15,0.8466666666666667,0.5892377191542785,0.6131100630597213,0.7180348121451386,0.0,0.0,0.4330474120821953,1.0,0.0002931999999873369,0.00633260000017799,0.07812330000001566,
iris,EntropySampler,,main,clean,0.0,17,0.15,22,0.8533333333333334,0.6047681719202439,0.6281579672333047,0.6558418083096006,0.0,0.0,0.30934920514907877,1.0,0.0002680999998574407,0.006901200000129393,0.0985294999998132,
iris,EntropySampler,,main,clean,0.0,17,0.2,30,0.82,0.5612417961387904,0.5688764877661763,0.6339155876486817,0.0,0.0,0.2603265101446786,1.0,0.00030850000007376366,0.005724900000132038,0.11955530000000181,
iris,EntropySampler,,main,clean,0.0,17,0.3,45,0.9533333333333334,0.8571871881141632,0.8682571050219008,0.49545710318054853,0.0,0.0,0.15432903262857714,1.0,0.0003403999999136431,0.005650800000012168,0.14194629999997233,
iris,EntropySampler,,main,clean,0.0,18,0.05,7,0.84,0.6712151876862276,0.6318715256331069,0.7923803492621777,0.0,0.0,0.43200881848223405,1.0,0.000228099999958431,0.0038541999999779364,0.031966600000032486,
iris,EntropySampler,,main,clean,0.0,18,0.1,15,0.7933333333333333,0.6257831488068794,0.5671304879291026,0.7026999497944113,0.0,0.0,0.42655251027822516,1.0,0.00014950000013413955,0.0032877000001008128,0.04222119999985807,
iris,EntropySampler,,main,clean,0.0,18,0.15,22,0.7666666666666667,0.6075529380103233,0.539097352809606,0.6070530252913369,0.0,0.0,0.2668407037106909,1.0,0.00014969999983804883,0.002097900000080699,0.05061829999999645,
iris,EntropySampler,,main,clean,0.0,18,0.2,30,0.9066666666666666,0.7542575670288613,0.7559238095238096,0.534690394374407,0.0,0.0,0.17685459348401744,1.0,0.00012600000013662793,0.0016390999999202904,0.05934409999986201,
iris,EntropySampler,,main,clean,0.0,18,0.3,45,0.9866666666666667,0.94878832043511,0.9602776916338867,0.3907483665539402,0.0,0.0,0.12297552177080713,1.0,0.00014389999978448031,0.0034044000001358654,0.06978549999985262,
iris,EntropySampler,,main,clean,0.0,19,0.05,7,0.8266666666666667,0.5855646190875206,0.5852876262543897,0.7677120829608076,0.0,0.0,0.43729853917698414,0.75,0.00022220000005290785,0.009831999999960317,0.05268150000006244,
iris,EntropySampler,,main,clean,0.0,19,0.1,15,0.78,0.5111974729456744,0.5011776287154288,0.6918429109916174,0.0,0.0,0.3784744736320258,1.0,0.00015430000007654598,0.003853400000025431,0.07231369999999515,
iris,EntropySampler,,main,clean,0.0,19,0.15,22,0.76,0.5043272518758548,0.47169301391247526,0.684075164847693,0.0,0.0,0.31058186467173643,1.0,0.0002730000001065491,0.007607899999811707,0.0922310999999354,
iris,EntropySampler,,main,clean,0.0,19,0.2,30,0.7133333333333334,0.484195019791899,0.4301164097655521,0.7004064019886267,0.0,0.0,0.2837099689544186,1.0,0.00012349999997240957,0.0022337999998853775,0.1047823999999764,
iris,EntropySampler,,main,clean,0.0,19,0.3,45,0.92,0.803070390474209,0.7874017024726389,0.5430012961082019,0.0,0.0,0.17571321556668865,1.0,0.0002892999998493906,0.004868200000146317,0.12741349999987506,
iris,EntropySampler,,main,clean,0.0,20,0.05,7,0.8466666666666667,0.6750498631643848,0.6416026620488269,0.7818479900611778,0.0,0.0,0.4172530046009928,1.0,0.0003008999999565276,0.006275099999811573,0.03877009999996517,
iris,EntropySampler,,main,clean,0.0,20,0.1,15,0.88,0.7186593633920438,0.7015292412422846,0.7006516805154219,0.0,0.0,0.4067426872701686,1.0,0.0001480999999330379,0.003290999999990163,0.04836369999998169,
iris,EntropySampler,,main,clean,0.0,20,0.15,22,0.9066666666666666,0.7608755956611575,0.7565319826935709,0.5801903947076488,0.0,0.0,0.2269808847949871,1.0,0.00011499999982333975,0.0020619999997961713,0.05917700000009063,
iris,EntropySampler,,main,clean,0.0,20,0.2,30,0.9266666666666666,0.7959037461477685,0.8018797324369291,0.4907662085590381,0.0,0.0,0.1651255985041684,1.0,0.00030690000016875274,0.004734200000029887,0.07405620000008639,
iris,EntropySampler,,main,clean,0.0,20,0.3,45,0.9866666666666667,0.9405073022327175,0.9602666666666667,0.3715490664657924,0.0,0.0,0.10841954340798994,1.0,0.00018989999989571515,0.0028985999999804335,0.08804299999997056,
iris,EntropySampler,,main,clean,0.0,21,0.05,7,0.8266666666666667,0.5833365095389678,0.5771344924418952,0.7643567153846,0.0,0.0,0.4490634769736298,0.75,0.0002917999997862353,0.006421899999850211,0.036882699999978286,
iris,EntropySampler,,main,clean,0.0,21,0.1,15,0.8066666666666666,0.5232311225843748,0.5301689646786791,0.6684616405395793,0.0,0.0,0.371240197089746,1.0,0.0001684000001205277,0.0040440999998736515,0.049445800000057716,
iris,EntropySampler,,main,clean,0.0,21,0.15,22,0.8,0.5055012988530656,0.5152221262635316,0.6061298339966107,0.0,0.0,0.2376223553453681,1.0,0.00017690000004222384,0.0032013999998525833,0.06094460000008439,
iris,EntropySampler,,main,clean,0.0,21,0.2,30,0.7733333333333333,0.4708083596708871,0.4703762749914594,0.5476628774676309,0.0,0.0,0.17368792439883685,1.0,0.00017890000003717432,0.0027463999999781663,0.07012059999988196,
iris,EntropySampler,,main,clean,0.0,21,0.3,45,0.9,0.7449573670061777,0.7416919230031858,0.5452573848749777,0.0,0.0,0.1769875865415414,1.0,0.00016219999997701962,0.001997800000026473,0.08661039999992681,
iris,EntropySampler,,main,clean,0.0,22,0.05,7,0.82,0.5650346628014624,0.5692475760185348,0.7681480069029284,0.0,0.0,0.4682244001407248,1.0,0.00037510000015572587,0.00900950000004741,0.04150219999996807,
iris,EntropySampler,,main,clean,0.0,22,0.1,15,0.78,0.5143770927593768,0.5051987119102089,0.687117403833162,0.0,0.0,0.36039742258233637,1.0,0.00019450000013421231,0.004485500000100728,0.05879419999996571,
iris,EntropySampler,,main,clean,0.0,22,0.15,22,0.7533333333333333,0.47120944831510003,0.4546208781376584,0.6312277076958622,0.0,0.0,0.28931919567261577,1.0,0.0002865000001293083,0.0051938999999947555,0.0760043999998743,
iris,EntropySampler,,main,clean,0.0,22,0.2,30,0.8,0.5138196146793828,0.5213672783979922,0.5818959243618742,0.0,0.0,0.2162792110723072,1.0,0.00030070000002524466,0.005636800000047515,0.09815400000002228,
iris,EntropySampler,,main,clean,0.0,22,0.3,45,0.9666666666666667,0.8850620966553381,0.9037675791580496,0.557819509921787,0.0,0.0,0.2074376671196451,1.0,0.0002885000001242588,0.008563800000047195,0.11858119999988048,
iris,EntropySampler,,main,clean,0.0,24,0.05,7,0.8266666666666667,0.586488315107913,0.588413457094229,0.7664914337141295,0.0,0.0,0.4216917373964145,1.0,0.0004410999999890919,0.00686319999999796,0.03620980000005147,
iris,EntropySampler,,main,clean,0.0,24,0.1,15,0.8266666666666667,0.5659983211938628,0.5773762818349738,0.6848082619329068,0.0,0.0,0.37769994111380595,1.0,0.00021700000002056186,0.005752700000130062,0.05393040000012661,
iris,EntropySampler,,main,clean,0.0,24,0.15,22,0.78,0.6156436477147474,0.552063405301995,0.6121220815839014,0.0,0.0,0.2482900413493694,1.0,0.0002872999998544401,0.006001699999842458,0.06796090000011645,
iris,EntropySampler,,main,clean,0.0,24,0.2,30,0.92,0.7781977109835039,0.7859859304356341,0.5291229414479971,0.0,0.0,0.18286784807533157,1.0,0.0001490999998168263,0.0021575000000666478,0.077913800000033,
iris,EntropySampler,,main,clean,0.0,24,0.3,45,0.9866666666666667,0.94878832043511,0.9602776916338867,0.37007401075587604,0.0,0.0,0.11141872203290504,1.0,0.00014570000007552153,0.0034151000002111687,0.08881310000015219,
iris,EntropySampler,,main,clean,0.0,23,0.05,7,0.5866666666666667,0.6187123760130202,0.4552562820865752,0.931013543078127,0.0,0.0,0.4528885025839302,0.75,0.00021390000006249466,0.02013149999993402,0.06386369999995622,
iris,EntropySampler,,main,clean,0.0,23,0.1,15,0.7733333333333333,0.47240484150104517,0.46771024142015377,0.6843958109606877,0.0,0.0,0.29807168078097995,1.0,0.0002865000001293083,0.014630699999997887,0.09780829999999696,
iris,EntropySampler,,main,clean,0.0,23,0.15,22,0.8066666666666666,0.5113373678000988,0.5222858370978558,0.7566292996409107,0.0,0.0,0.45649626940624166,0.8571428571428571,0.00026580000007925264,0.011674800000037067,0.12794860000008157,
iris,EntropySampler,,main,clean,0.0,23,0.2,30,0.7666666666666667,0.4684832797096158,0.46790096953937094,0.689863066979584,0.0,0.0,0.3722412593214735,1.0,0.00038489999997182167,0.009043499999961568,0.15564739999990707,
iris,EntropySampler,,main,clean,0.0,23,0.3,45,0.9466666666666667,0.8448528384416771,0.8511690525435782,0.696854278024802,0.0,0.0,0.3090703713977429,1.0,0.0001502000000073167,0.0042398999999022635,0.1680149999999685,
iris,EntropySampler,,main,clean,0.0,25,0.05,7,0.8066666666666666,0.5510316164213167,0.5481660456213242,0.767183669211229,0.0,0.0,0.4806464384842469,1.0,0.0003877000001466513,0.009473099999922852,0.05088969999997062,
iris,EntropySampler,,main,clean,0.0,25,0.1,15,0.78,0.5080992713543752,0.5011479440994042,0.6977738317389612,0.0,0.0,0.38402649267299305,1.0,0.00029900000004090543,0.006745700000010402,0.07073239999999714,
iris,EntropySampler,,main,clean,0.0,25,0.15,22,0.7533333333333333,0.46767608198609817,0.4514772223419964,0.6130746332408489,0.0,0.0,0.2685801185493649,1.0,0.00032749999991210643,0.0052550000000337604,0.08862920000001395,
iris,EntropySampler,,main,clean,0.0,25,0.2,30,0.7,0.42807410983482663,0.39300494790402035,0.5499222843639295,0.0,0.0,0.19196411226174814,1.0,0.00013579999995272374,0.0017539999998916755,0.09780030000001716,
iris,EntropySampler,,main,clean,0.0,25,0.3,45,0.9066666666666666,0.7542575670288613,0.7559238095238096,0.4941673950684756,0.0,0.0,0.14599797309752824,1.0,0.0003689000000122178,0.006376099999897633,0.11962640000001556,
iris,EntropySampler,,main,clean,0.0,26,0.05,7,0.82,0.5768360612153036,0.5739436188829017,0.772054160477175,0.0,0.0,0.44133229941179775,0.75,0.0003827999998975429,0.009494899999936024,0.04468090000000302,
iris,EntropySampler,,main,clean,0.0,26,0.1,15,0.7933333333333333,0.5271324243670464,0.5221967547263013,0.7051323268555975,0.0,0.0,0.4081815649392614,1.0,0.00014209999994818645,0.005153699999937089,0.05806829999983165,
iris,EntropySampler,,main,clean,0.0,26,0.15,22,0.7666666666666667,0.5045272408162887,0.48021316676982495,0.6288797883561191,0.0,0.0,0.26517310584175674,1.0,0.00023420000002261077,0.0038299000000279193,0.07521059999999125,
iris,EntropySampler,,main,clean,0.0,26,0.2,30,0.7266666666666667,0.47915805986370996,0.43151567597596757,0.6555953773814843,0.0,0.0,0.2679587258808095,1.0,0.00029080000012982055,0.004884800000127143,0.09269589999985328,
iris,EntropySampler,,main,clean,0.0,26,0.3,45,0.68,0.5869827905968598,0.5007973197171528,0.5357476483789413,0.0,0.0,0.1703291880042711,1.0,0.0003211999999166437,0.0027790000001459703,0.11062889999993786,
iris,EntropySampler,,main,clean,0.0,27,0.05,7,0.7933333333333333,0.6272140574597094,0.5678489055578381,0.7800256733683849,0.0,0.0,0.4379649442173809,1.0,0.0003752000000076805,0.009520599999859769,0.04237100000000282,
iris,EntropySampler,,main,clean,0.0,27,0.1,15,0.7933333333333333,0.6272140574597094,0.5678489055578381,0.6994431632741342,0.0,0.0,0.4085920998272565,1.0,0.00027869999985341565,0.006766400000060457,0.06255650000002788,
iris,EntropySampler,,main,clean,0.0,27,0.15,22,0.7666666666666667,0.6095326266406835,0.5403722581318754,0.5495789130319146,0.0,0.0,0.2051197555547431,1.0,0.0002783999998428044,0.005081399999880887,0.08003529999996317,
iris,EntropySampler,,main,clean,0.0,27,0.2,30,0.8933333333333333,0.7387328272950491,0.7282217481230558,0.49663367628608956,0.0,0.0,0.1561319085358911,1.0,0.0002686000000267086,0.004166799999893556,0.09788430000003245,
iris,EntropySampler,,main,clean,0.0,27,0.3,45,0.98,0.9192316125079704,0.9410122562924206,0.4022803811401351,0.0,0.0,0.13207273755005297,1.0,0.00028240000006007904,0.005191699999841148,0.11564739999994345,
iris,EntropySampler,,main,clean,0.0,28,0.05,7,0.82,0.6461350870712756,0.6004644575682504,0.7718710177867101,0.0,0.0,0.43624985249219217,0.75,0.0004532000000381231,0.0075411000000258355,0.044354999999995925,
iris,EntropySampler,,main,clean,0.0,28,0.1,15,0.7933333333333333,0.6248401785062486,0.5666502143559329,0.6868482407864482,0.0,0.0,0.3880978308847297,1.0,0.00013990000002195302,0.003442800000129864,0.05478410000000622,
iris,EntropySampler,,main,clean,0.0,28,0.15,22,0.9,0.7449573670061777,0.7416919230031858,0.5655902242338836,0.0,0.0,0.22158879137951898,1.0,0.00027260000001660956,0.005372599999873273,0.07240100000012717,
iris,EntropySampler,,main,clean,0.0,28,0.2,30,0.9333333333333333,0.8037974551773084,0.8176016452576428,0.5388395486949837,0.0,0.0,0.2036961586653341,1.0,0.00014580000015484984,0.002979399999958332,0.08786699999996017,
iris,EntropySampler,,main,clean,0.0,28,0.3,45,0.9866666666666667,0.94878832043511,0.9602776916338867,0.3916123743811869,0.0,0.0,0.1161466500062144,1.0,0.0002703000000110478,0.004472599999871818,0.10489440000014838,
iris,EntropySampler,,main,clean,0.0,29,0.05,7,0.8,0.6302971958909425,0.574757819889755,0.873743145821984,0.0,0.0,0.41154262031877975,1.0,0.00042109999981221335,0.016994800000020405,0.05787929999996777,
iris,EntropySampler,,main,clean,0.0,29,0.1,15,0.7666666666666667,0.513975329260016,0.49517156972492127,0.7281712859019288,0.0,0.0,0.42404772442066385,1.0,0.0002961000000141212,0.011425799999869923,0.0839866000001166,
iris,EntropySampler,,main,clean,0.0,29,0.15,22,0.76,0.5002421727370491,0.47393611922323436,0.7120849302340472,0.0,0.0,0.41923148409997524,0.7142857142857143,0.0003263000000970351,0.0038340999999491032,0.10099140000011175,
iris,EntropySampler,,main,clean,0.0,29,0.2,30,0.72,0.46261122189453047,0.41871625674865026,0.6100110971899593,0.0,0.0,0.23741697182396043,1.0,0.0002901000000292697,0.004970199999888791,0.11899089999997159,
iris,EntropySampler,,main,clean,0.0,29,0.3,45,0.9333333333333333,0.8071044224973737,0.8177533513813235,0.4246411740782955,0.0,0.0,0.12050032494713113,1.0,0.00029079999990244687,0.004756199999974342,0.14015760000006594,
iris,EntropySampler,,main,clean,0.1,0,0.05,7,0.82,0.6245717100042641,0.5952502404261426,0.7769551390464118,0.0,0.0,0.41553389555049614,1.0,0.0002350000002024899,0.0034689999999955035,0.042947700000013356,
iris,EntropySampler,,main,clean,0.1,0,0.1,15,0.7933333333333333,0.5796031584652579,0.5543846484287913,0.6809317894570607,0.0,0.0,0.37999387447556876,1.0,0.000304499999856489,0.008552999999892563,0.06469960000003994,
iris,EntropySampler,,main,clean,0.1,0,0.15,22,0.7866666666666666,0.574172747097044,0.5463278380432905,0.5768738666043813,0.0,0.0,0.22736210044563523,1.0,0.00033240000016121485,0.0031363999999030057,0.08224590000008902,
iris,EntropySampler,,main,clean,0.1,0,0.2,30,0.7466666666666667,0.534180455865432,0.5003377905372433,0.5002110840216627,0.0,0.0,0.16195191231868847,1.0,0.00035249999996267434,0.004911799999945288,0.09528370000020914,
iris,EntropySampler,,main,clean,0.1,0,0.3,45,0.9066666666666666,0.7108803756100407,0.7481400190655695,0.5145560289724583,0.0,0.0,0.17205114514997316,1.0,0.00027879999993274396,0.007273599999962244,0.11417120000010073,
iris,EntropySampler,,main,clean,0.1,1,0.05,7,0.8533333333333334,0.6818188711582578,0.652516389967057,0.7870988869947794,0.0,0.0,0.42407395026759354,1.0,0.0003243000001020846,0.008688300000130766,0.06146719999992456,
iris,EntropySampler,,main,clean,0.1,1,0.1,15,0.8733333333333333,0.7079605393464979,0.6885525109503922,0.6950455153115592,0.0,0.0,0.39511137030884613,1.0,0.0003246999999646505,0.008284999999887077,0.08621739999989586,
iris,EntropySampler,,main,clean,0.1,1,0.15,22,0.9,0.7476338362851507,0.7419782010797596,0.5598289651229927,0.0,0.0,0.2185774249521397,1.0,0.0002795000000332948,0.004972899999984293,0.10785789999999906,
iris,EntropySampler,,main,clean,0.1,1,0.2,30,0.9066666666666666,0.7415344660400898,0.7536474062964035,0.4679888518497963,0.0,0.0,0.1413931824061157,1.0,0.00027809999983219313,0.00535819999981868,0.12806879999993726,
iris,EntropySampler,,main,clean,0.1,1,0.3,45,0.9533333333333334,0.8210293749076218,0.8654305471678609,0.34572320655482935,0.0,0.0,0.09869508533209763,1.0,0.00029229999995550315,0.004177600000048187,0.14563729999986208,
iris,EntropySampler,,main,clean,0.1,2,0.05,7,0.86,0.6665154497220921,0.6556007678378779,0.7796434016240117,0.0,0.0,0.43431945463511457,1.0,0.0005141000001458451,0.02262150000001384,0.08884650000004513,
iris,EntropySampler,,main,clean,0.1,2,0.1,15,0.88,0.6937458409565708,0.6941151022173971,0.6954098897979841,0.0,0.0,0.3935642741483569,1.0,0.0002984000000196829,0.013848000000052707,0.11930260000008275,
iris,EntropySampler,,main,clean,0.1,2,0.15,22,0.9,0.708803985002797,0.7341037317533637,0.6123794205473041,0.0,0.0,0.28375660099050176,1.0,0.0002116000000569329,0.0046339000000443775,0.1323022999999921,
iris,EntropySampler,,main,clean,0.1,2,0.2,30,0.92,0.730534588706986,0.7765071931048457,0.5195467537473237,0.0,0.0,0.17442613603659313,1.0,0.00044520000005832117,0.007018500000185668,0.1541804000000866,
iris,EntropySampler,,main,clean,0.1,2,0.3,45,0.94,0.7973098414602303,0.8278546419198974,0.39827958177713557,0.0,0.0,0.11987391235573996,1.0,0.0003142999998999585,0.005791100000124061,0.17585430000008273,
iris,EntropySampler,,main,clean,0.1,4,0.05,7,0.82,0.5444336149335923,0.5646759266815741,0.7546554978634619,0.0,0.0,0.4387231973745581,1.0,0.00021540000011555094,0.004549699999870427,0.05117870000003677,
iris,EntropySampler,,main,clean,0.1,4,0.1,15,0.8,0.5001530965168106,0.5189615232729035,0.706313061850001,0.0,0.0,0.40331211109064063,1.0,0.0001583999999184016,0.00596199999995406,0.06822590000001583,
iris,EntropySampler,,main,clean,0.1,4,0.15,22,0.7866666666666666,0.46146308027595034,0.4841597236884132,0.621202084336779,0.0,0.0,0.24519792426201667,1.0,0.0002811000001656794,0.0053470000000288564,0.08455010000011498,
iris,EntropySampler,,main,clean,0.1,4,0.2,30,0.78,0.4485833083797232,0.4707582517059547,0.5559266874527928,0.0,0.0,0.18466001768591572,1.0,0.0015262999997958104,0.003772499999968204,0.10130329999992682,
iris,EntropySampler,,main,clean,0.1,4,0.3,45,0.88,0.6779520618401871,0.6940917348420925,0.47698575523915526,0.0,0.0,0.14152904854757464,1.0,0.0003282999998646119,0.007290700000112338,0.12652359999992768,
iris,EntropySampler,,main,clean,0.1,3,0.05,7,0.8266666666666667,0.5763464073922198,0.5743488080232888,0.7629991300748029,0.0,0.0,0.41795786708780747,1.0,0.00038790000007793424,0.012020399999983056,0.06796250000002146,
iris,EntropySampler,,main,clean,0.1,3,0.1,15,0.8133333333333334,0.5288388850098998,0.5421483691150005,0.6974649554114397,0.0,0.0,0.37451737898595006,1.0,0.00030359999982465524,0.00954649999994217,0.09277159999987816,
iris,EntropySampler,,main,clean,0.1,3,0.15,22,0.8266666666666667,0.527554255591452,0.5638503596887989,0.6301699368974697,0.0,0.0,0.26893940320348814,1.0,0.00029960000006212795,0.006236500000113665,0.11304629999995086,
iris,EntropySampler,,main,clean,0.1,3,0.2,30,0.7933333333333333,0.48336552064571636,0.5063587467193728,0.6350688589226957,0.0,0.0,0.2611967606410402,1.0,0.0003452000000834232,0.007017099999984566,0.13623729999994794,
iris,EntropySampler,,main,clean,0.1,3,0.3,45,0.92,0.739649129885728,0.7794356927016854,0.5168338266594559,0.0,0.0,0.16299049904165766,1.0,0.0003185999999004707,0.010970700000143552,0.21944940000003044,
iris,EntropySampler,,main,clean,0.1,5,0.05,7,0.8466666666666667,0.6100199908213227,0.6215984971835795,0.7864734830404394,0.0,0.0,0.4180024061498534,1.0,0.0004079999998793937,0.011081099999955768,0.0829059000000143,
iris,EntropySampler,,main,clean,0.1,5,0.1,15,0.8666666666666667,0.6400807219260498,0.6608982819773284,0.6987510258326536,0.0,0.0,0.40600038635190294,1.0,0.00022719999992659723,0.010060700000167344,0.1082291999998688,
iris,EntropySampler,,main,clean,0.1,5,0.15,22,0.8533333333333334,0.5962430189208348,0.6260315559349784,0.6420031559928695,0.0,0.0,0.3102862441518891,1.0,0.00032670000018697465,0.006353899999794521,0.1337141999999858,
iris,EntropySampler,,main,clean,0.1,5,0.2,30,0.82,0.5446798219917804,0.5622361006309503,0.6009766505866209,0.0,0.0,0.23301198876389076,1.0,0.00030169999990903307,0.0062345000001187145,0.1573255999999219,
iris,EntropySampler,,main,clean,0.1,5,0.3,45,0.92,0.7667094688712641,0.784160873006499,0.4618554121930848,0.0,0.0,0.13721611252246405,1.0,0.00022050000006856862,0.004029299999956493,0.17369370000005802,
iris,EntropySampler,,main,clean,0.1,6,0.05,7,0.8133333333333334,0.5689078020624843,0.5579573231694627,0.7798257969125683,0.0,0.0,0.44360690629129823,0.75,0.0003227000001970737,0.006222699999852921,0.05307799999991403,
iris,EntropySampler,,main,clean,0.1,6,0.1,15,0.7866666666666666,0.5039906029654581,0.5025613409541216,0.7121201273992527,0.0,0.0,0.43046408551244314,0.875,0.000307099999872662,0.009729500000048574,0.07121219999999084,
iris,EntropySampler,,main,clean,0.1,6,0.15,22,0.7666666666666667,0.46794193641097187,0.46126942846777513,0.6064554958170236,0.0,0.0,0.23920800563886674,1.0,0.0001325000000633736,0.002337299999908282,0.08218519999991258,
iris,EntropySampler,,main,clean,0.1,6,0.2,30,0.7533333333333333,0.46768161246397394,0.444318100289283,0.5598649770628709,0.0,0.0,0.2032676897275909,1.0,0.00013800000010633084,0.00241520000008677,0.09192020000000412,
iris,EntropySampler,,main,clean,0.1,6,0.3,45,0.7066666666666667,0.5026232311164606,0.4674010913311854,0.5607460163815431,0.0,0.0,0.18900001629842114,1.0,0.00038220000010369404,0.003853700000036042,0.11581589999991593,
iris,EntropySampler,,main,clean,0.1,7,0.05,7,0.8466666666666667,0.6506516350006384,0.6318346055045373,0.7755426329270707,0.0,0.0,0.4476610418241872,1.0,0.00044360000015331025,0.006696899999951711,0.04871629999979632,
iris,EntropySampler,,main,clean,0.1,7,0.1,15,0.8733333333333333,0.6844691488764447,0.6804640467147249,0.6853641215420707,0.0,0.0,0.3667111999548629,1.0,0.00018720000002758752,0.005193799999915427,0.06548629999997502,
iris,EntropySampler,,main,clean,0.1,7,0.15,22,0.9,0.7069175474931285,0.7332930723989532,0.5935226074055582,0.0,0.0,0.26408746406480793,1.0,0.0003229000001283566,0.005752900000061345,0.08453699999995479,
iris,EntropySampler,,main,clean,0.1,7,0.2,30,0.9133333333333333,0.7231007617290661,0.7622576524886656,0.4942201974237731,0.0,0.0,0.15700372599094048,1.0,0.00016089999985524628,0.0029041000000233907,0.09741149999990739,
iris,EntropySampler,,main,clean,0.1,7,0.3,45,0.9533333333333334,0.8342152462860878,0.8652559233134383,0.39035700709228044,0.0,0.0,0.11358992283846367,1.0,0.00026950000005854235,0.0035179000001335226,0.1111919999998463,
iris,EntropySampler,,main,clean,0.1,8,0.05,7,0.8266666666666667,0.6314115971077993,0.605088412838934,0.7798187178033218,0.0,0.0,0.43512941910529424,1.0,0.0002233999998679792,0.027031999999962864,0.06595640000000458,
iris,EntropySampler,,main,clean,0.1,8,0.1,15,0.8133333333333334,0.6199296421554877,0.5864434273324176,0.7130555848887032,0.0,0.0,0.41289151454916917,1.0,0.000141299999995681,0.003205400000069858,0.0775135000001228,
iris,EntropySampler,,main,clean,0.1,8,0.15,22,0.7866666666666666,0.5723279119361978,0.5408685927915206,0.5425260546643231,0.0,0.0,0.19797083319818334,1.0,0.0001454999999168649,0.0022490000001198496,0.08801880000009987,
iris,EntropySampler,,main,clean,0.1,8,0.2,30,0.7533333333333333,0.5267809599025883,0.4991109460431997,0.5343769704953389,0.0,0.0,0.20070903934152867,1.0,0.0001268000000891334,0.001967200000080993,0.0970471999999063,
iris,EntropySampler,,main,clean,0.1,8,0.3,45,0.8933333333333333,0.6695800366316903,0.7135908603992323,0.46742780310956944,0.0,0.0,0.1491509980039315,1.0,0.00014110000006439805,0.0022524999999404827,0.11098059999994803,
iris,EntropySampler,,main,clean,0.1,9,0.05,7,0.8133333333333334,0.5680575626943124,0.5630415518254495,0.768843656317202,0.0,0.0,0.42440494800062106,1.0,0.000325299999985873,0.004056400000081339,0.05307459999994535,
iris,EntropySampler,,main,clean,0.1,9,0.1,15,0.7866666666666666,0.5256829584667394,0.5126940468597012,0.6953687670832113,0.0,0.0,0.39740928747834053,0.875,0.0003309999999601132,0.007385999999996784,0.07752919999984442,
iris,EntropySampler,,main,clean,0.1,9,0.15,22,0.76,0.5100096080485168,0.4786544431196898,0.6719206098889281,0.0,0.0,0.30857821918919986,1.0,0.00025909999999385036,0.009148399999958201,0.09480359999997745,
iris,EntropySampler,,main,clean,0.1,9,0.2,30,0.7133333333333334,0.40924755612114816,0.3966816340088137,0.7028746230443985,0.0,0.0,0.3023536327125306,1.0,0.0002136000000518834,0.003460599999925762,0.10701429999994616,
iris,EntropySampler,,main,clean,0.1,9,0.3,45,0.6466666666666666,0.37457772460627925,0.3379727629142727,0.6731954919371238,0.0,0.0,0.3136658029813263,1.0,0.0002260999999634805,0.00473399999987123,0.12432760000001508,
iris,EntropySampler,,main,clean,0.1,10,0.05,7,0.8333333333333334,0.6607920793426151,0.62055617805847,0.7797826194609442,0.0,0.0,0.4475387686017749,1.0,0.0004656999999497202,0.006363799999917319,0.051102399999990666,
iris,EntropySampler,,main,clean,0.1,10,0.1,15,0.8733333333333333,0.6899418209377876,0.6853022207210323,0.6962844459304701,0.0,0.0,0.3946810428424084,1.0,0.00034630000004653994,0.007000199999993129,0.07265520000009928,
iris,EntropySampler,,main,clean,0.1,10,0.15,22,0.88,0.701546091556394,0.6985297605253779,0.557749316892058,0.0,0.0,0.20025798777334466,1.0,0.0002810999999383057,0.0043242000001555425,0.09075000000007094,
iris,EntropySampler,,main,clean,0.1,10,0.2,30,0.8933333333333333,0.7076076972754498,0.7224059921675982,0.48464804154269703,0.0,0.0,0.1577620006184837,1.0,0.00019160000010742806,0.004004699999995864,0.10182119999990391,
iris,EntropySampler,,main,clean,0.1,10,0.3,45,0.9466666666666667,0.7999088416567588,0.8465507835510733,0.3779323515268172,0.0,0.0,0.11206013275078738,1.0,0.0001511999998911051,0.0020442000000002736,0.11085230000003321,
iris,EntropySampler,,main,clean,0.1,11,0.05,7,0.82,0.5784402447733035,0.5766654160073517,0.7935617631686626,0.0,0.0,0.4594165209799655,0.75,0.00046469999983855814,0.01051940000002105,0.06952680000017608,
iris,EntropySampler,,main,clean,0.1,11,0.1,15,0.7933333333333333,0.5259376886363015,0.5219908490720883,0.7170953129394378,0.0,0.0,0.427475362353825,0.875,0.00029140000015104306,0.006854900000007547,0.08966890000010608,
iris,EntropySampler,,main,clean,0.1,11,0.15,22,0.7733333333333333,0.5037698730620539,0.48876256217642877,0.6459152566424075,0.0,0.0,0.27728875121889035,1.0,0.0002842999999757012,0.004865899999913381,0.10926119999999173,
iris,EntropySampler,,main,clean,0.1,11,0.2,30,0.74,0.4802386212469042,0.44513580526251284,0.4923191036150252,0.0,0.0,0.15534933474177665,1.0,0.0002847000000656408,0.004927700000052937,0.12843770000017685,
iris,EntropySampler,,main,clean,0.1,11,0.3,45,0.6533333333333333,0.4168946367266137,0.36064265043408844,0.5209891562450386,0.0,0.0,0.16726323075069124,1.0,0.00030340000012074597,0.00490059999992809,0.15606580000007853,
iris,EntropySampler,,main,clean,0.1,12,0.05,7,0.84,0.6014615005666405,0.6046176516968185,0.777224550761209,0.0,0.0,0.43594697925185555,0.75,0.00021479999986695475,0.01628759999994145,0.04998289999980443,
iris,EntropySampler,,main,clean,0.1,12,0.1,15,0.82,0.5245989775387733,0.5546180792020259,0.6944777636712525,0.0,0.0,0.3742531026154782,1.0,0.0003133999998681247,0.01501260000009097,0.0818064999998569,
iris,EntropySampler,,main,clean,0.1,12,0.15,22,0.8333333333333334,0.5460539017529752,0.5811281426589517,0.6228196500001372,0.0,0.0,0.25829864333523,1.0,0.0002803000002131739,0.006573400000206675,0.1066700999999739,
iris,EntropySampler,,main,clean,0.1,12,0.2,30,0.7866666666666666,0.4717223986970976,0.4935706225150989,0.6482077349554071,0.0,0.0,0.28377703006558025,1.0,0.0003662999999960448,0.007607000000007247,0.13237379999986842,
iris,EntropySampler,,main,clean,0.1,12,0.3,45,0.9066666666666666,0.7271378515791415,0.7511238295279848,0.5236941897786968,0.0,0.0,0.16390188676448716,1.0,0.00013940000008005882,0.0039043000001584005,0.14307769999982156,
iris,EntropySampler,,main,clean,0.1,13,0.05,7,0.84,0.643490910543753,0.6206455945181422,0.7798888932946246,0.0,0.0,0.43525390291686183,1.0,0.0003913000000466127,0.017825799999855008,0.0699862999999823,
iris,EntropySampler,,main,clean,0.1,13,0.1,15,0.8666666666666667,0.6572499814259286,0.6642681063461342,0.701937014486799,0.0,0.0,0.38760390096621083,1.0,0.00013599999988400668,0.003051099999993312,0.08523809999996956,
iris,EntropySampler,,main,clean,0.1,13,0.15,22,0.9,0.6986257037326049,0.7312315557531098,0.607405738383122,0.0,0.0,0.26893755477607517,1.0,0.0002856999999494292,0.006408500000134154,0.10883029999990868,
iris,EntropySampler,,main,clean,0.1,13,0.2,30,0.9066666666666666,0.7120555936195484,0.7463600658088689,0.49340754509610907,0.0,0.0,0.1523379781622268,1.0,0.00033529999996062543,0.01939789999983077,0.14326789999995526,
iris,EntropySampler,,main,clean,0.1,13,0.3,45,0.9533333333333334,0.8091332244958134,0.8635971015557306,0.4119838847606036,0.0,0.0,0.12465576108260726,1.0,0.00033329999996567494,0.005230299999993804,0.16320699999982935,
iris,EntropySampler,,main,clean,0.1,14,0.05,7,0.8266666666666667,0.5783544847419996,0.5752769950371298,0.7642901032875804,0.0,0.0,0.42806345065842194,1.0,0.00021030000016253325,0.0042414999998072744,0.06847410000000309,
iris,EntropySampler,,main,clean,0.1,14,0.1,15,0.7866666666666666,0.5071454931144057,0.5022551563919674,0.6916730977056506,0.0,0.0,0.35404915270056564,1.0,0.0001366999999845575,0.0034063999999034422,0.0782441999999719,
iris,EntropySampler,,main,clean,0.1,14,0.15,22,0.7733333333333333,0.4846666969692042,0.47637515140651904,0.6335589153448905,0.0,0.0,0.27141382588087243,1.0,0.00029339999991861987,0.0072053999999752705,0.10212739999997211,
iris,EntropySampler,,main,clean,0.1,14,0.2,30,0.7333333333333333,0.4465375319873354,0.4201942273204074,0.616362149869255,0.0,0.0,0.2369096293140503,1.0,0.0003100999999787746,0.006252099999983329,0.1264697999999953,
iris,EntropySampler,,main,clean,0.1,14,0.3,45,0.7066666666666667,0.5095630441829632,0.471116215928378,0.5136328743958091,0.0,0.0,0.15886707453355495,1.0,0.0003033999998933723,0.006173499999931664,0.1490217999999004,
iris,EntropySampler,,main,clean,0.1,15,0.05,7,0.8066666666666666,0.5599647683104217,0.5512530270212208,0.7629790204826928,0.0,0.0,0.46392762336586757,1.0,0.000474400000030073,0.011045699999840508,0.06062189999988732,
iris,EntropySampler,,main,clean,0.1,15,0.1,15,0.78,0.518632660721635,0.5076929564321985,0.688805074631705,0.0,0.0,0.40512214077469233,1.0,0.0003246999999646505,0.007588000000168904,0.08255099999996673,
iris,EntropySampler,,main,clean,0.1,15,0.15,22,0.7533333333333333,0.470761010125829,0.4569049871163443,0.6113130829005152,0.0,0.0,0.2519786222531447,1.0,0.0002822999999807507,0.004670499999974709,0.09972279999988132,
iris,EntropySampler,,main,clean,0.1,15,0.2,30,0.8066666666666666,0.5198548774022373,0.5329052229199138,0.5454715313124994,0.0,0.0,0.17671240086675505,1.0,0.00023149999992710946,0.003024500000037733,0.11647739999989426,
iris,EntropySampler,,main,clean,0.1,15,0.3,45,0.8333333333333334,0.6038369364144806,0.6021146131575037,0.5440070042800694,0.0,0.0,0.21008357298887947,1.0,0.000269599999910497,0.006539100000054532,0.13797389999990628,
iris,EntropySampler,,main,clean,0.1,16,0.05,7,0.8333333333333334,0.580759023123604,0.5907913046671918,0.8070829671175059,0.0,0.0,0.4578749138676559,1.0,0.00042440000015631085,0.009379800000033356,0.05688780000014049,
iris,EntropySampler,,main,clean,0.1,16,0.1,15,0.8466666666666667,0.5695269420827833,0.6079672091936027,0.716738896643081,0.0,0.0,0.4303596381524143,1.0,0.0002140999999937776,0.008628999999928055,0.07849730000020827,
iris,EntropySampler,,main,clean,0.1,16,0.15,22,0.84,0.5580870970769561,0.59317227160925,0.6376609457234073,0.0,0.0,0.2816817574258551,1.0,0.00019320000001243898,0.002384699999993245,0.0929689000001872,
iris,EntropySampler,,main,clean,0.1,16,0.2,30,0.82,0.543240903626612,0.5612284151423398,0.5967973536067162,0.0,0.0,0.22657310140530149,1.0,0.00020599999993464735,0.006201200000077733,0.11220460000004095,
iris,EntropySampler,,main,clean,0.1,16,0.3,45,0.7533333333333333,0.4713721431660753,0.4693005504509239,0.513052022968372,0.0,0.0,0.15657215194128807,1.0,0.00019389999988561613,0.003482800000028874,0.13175770000020748,
iris,EntropySampler,,main,clean,0.1,17,0.05,7,0.8333333333333334,0.5724155816667613,0.591074989499268,0.7884692323519491,0.0,0.0,0.43276390813861965,1.0,0.0004024000002118555,0.009936400000015055,0.056200600000011036,
iris,EntropySampler,,main,clean,0.1,17,0.1,15,0.8333333333333334,0.558128448655453,0.5848229562156789,0.7024128644978389,0.0,0.0,0.4105832383186671,1.0,0.00031680000006417686,0.007263599999987491,0.07514519999995173,
iris,EntropySampler,,main,clean,0.1,17,0.15,22,0.8466666666666667,0.5785365482159143,0.6101688491862078,0.6040714389673585,0.0,0.0,0.26261033913706183,1.0,0.0002936999999292311,0.006306100000074366,0.09558910000009746,
iris,EntropySampler,,main,clean,0.1,17,0.2,30,0.8333333333333334,0.5558064912743944,0.5840023596054934,0.5709392831384899,0.0,0.0,0.21291998178096633,1.0,0.00036969999996472325,0.006081700000095225,0.11639239999999518,
iris,EntropySampler,,main,clean,0.1,17,0.3,45,0.8,0.5384518468175724,0.5433916936531313,0.4688909254346678,0.0,0.0,0.14371735272487668,1.0,0.0002104000000144879,0.0031182000000171683,0.1342096999999285,
iris,EntropySampler,,main,clean,0.1,18,0.05,7,0.8266666666666667,0.6534762508409035,0.6103971645085184,0.7923803492621777,0.0,0.0,0.43200881848223405,1.0,0.0003982000000632979,0.009541599999920436,0.05460579999999027,
iris,EntropySampler,,main,clean,0.1,18,0.1,15,0.8,0.6074322586169155,0.5686163319312932,0.7027063265972915,0.0,0.0,0.4299460601147147,1.0,0.00020009999980175053,0.004464699999971344,0.06796110000004774,
iris,EntropySampler,,main,clean,0.1,18,0.15,22,0.7733333333333333,0.588239530225667,0.5386281765183442,0.6237866129575572,0.0,0.0,0.2829309066699758,1.0,0.00020289999997658015,0.0030416000001878274,0.0805628999999044,
iris,EntropySampler,,main,clean,0.1,18,0.2,30,0.7333333333333333,0.5522386489277586,0.4984801770498578,0.5401259620060364,0.0,0.0,0.1697206586511027,1.0,0.00018789999990076467,0.002760000000080254,0.10152879999986908,
iris,EntropySampler,,main,clean,0.1,18,0.3,45,0.8866666666666667,0.6882559741196682,0.7055892580066553,0.6303997189311391,0.0,0.0,0.25664138393593616,1.0,0.00022010000020600273,0.012686999999914406,0.12399519999985387,
iris,EntropySampler,,main,clean,0.1,19,0.05,7,0.8266666666666667,0.5964803216540076,0.5886445288127852,0.7677120829608076,0.0,0.0,0.43729853917698414,0.75,0.00041080000005422335,0.016757300000108444,0.06555309999998826,
iris,EntropySampler,,main,clean,0.1,19,0.1,15,0.78,0.48459053453240664,0.49284236926534536,0.6992296644971285,0.0,0.0,0.3932419108282254,1.0,0.0002191999999467953,0.00929279999991195,0.08740710000006402,
iris,EntropySampler,,main,clean,0.1,19,0.15,22,0.7533333333333333,0.44328592418180224,0.44742516977831137,0.6209041801072007,0.0,0.0,0.24505697848612548,1.0,0.0002031999999871914,0.004278899999917485,0.10230000000001382,
iris,EntropySampler,,main,clean,0.1,19,0.2,30,0.7266666666666667,0.4224575259248134,0.4115968407884069,0.6288673385225594,0.0,0.0,0.24948501171232507,1.0,0.00019040000006498303,0.003940700000157449,0.12109550000013769,
iris,EntropySampler,,main,clean,0.1,19,0.3,45,0.7066666666666667,0.5632358913591979,0.49566265808514287,0.547067275796315,0.0,0.0,0.1764869980303677,1.0,0.0002867999999125459,0.005567899999959991,0.1482604000000265,
iris,EntropySampler,,main,clean,0.1,20,0.05,7,0.8266666666666667,0.6313509090857214,0.6014229605567941,0.7818479900611778,0.0,0.0,0.4172530046009928,1.0,0.00024450000000797445,0.003773400000000038,0.0349097000000711,
iris,EntropySampler,,main,clean,0.1,20,0.1,15,0.8666666666666667,0.6751584412042867,0.6678092859581611,0.6966616920805866,0.0,0.0,0.409541334163949,1.0,0.00016089999985524628,0.003122799999800918,0.0465483000000404,
iris,EntropySampler,,main,clean,0.1,20,0.15,22,0.78,0.5897672886303608,0.5388415225610196,0.5967077180101764,0.0,0.0,0.2650756356279243,1.0,0.00013639999997394625,0.002323100000012346,0.05665879999992285,
iris,EntropySampler,,main,clean,0.1,20,0.2,30,0.88,0.6747738737316781,0.6910530612244898,0.44422862239187144,0.0,0.0,0.1345268915178497,1.0,0.0001319999998941057,0.0041595000000143045,0.06731459999991785,
iris,EntropySampler,,main,clean,0.1,20,0.3,45,0.94,0.7905057546471936,0.8292127773268122,0.4678201339568972,0.0,0.0,0.1577900033414404,1.0,0.00017270000012103992,0.0023527000000740372,0.0765020999999706,
iris,EntropySampler,,main,clean,0.1,21,0.05,7,0.82,0.5644367980669339,0.5669428992457981,0.7643567153846,0.0,0.0,0.4490634769736298,0.75,0.0002362999998695159,0.004344299999957002,0.04224429999999302,
iris,EntropySampler,,main,clean,0.1,21,0.1,15,0.8,0.48149544537670613,0.5139075151263165,0.6854649014622187,0.0,0.0,0.39067827940008015,1.0,0.00029330000006666523,0.008067799999935232,0.06570619999979499,
iris,EntropySampler,,main,clean,0.1,21,0.15,22,0.8133333333333334,0.4895460675929591,0.5321932259252165,0.6148507157504125,0.0,0.0,0.23504113558757322,1.0,0.00029700000004595495,0.006157899999834626,0.08204959999989114,
iris,EntropySampler,,main,clean,0.1,21,0.2,30,0.7933333333333333,0.45903877971232976,0.4935541778778245,0.5222994026373226,0.0,0.0,0.17262662540809987,1.0,0.00034329999994042737,0.0021947000000182015,0.09194989999991776,
iris,EntropySampler,,main,clean,0.1,21,0.3,45,0.8866666666666667,0.6589051715894538,0.6984347201593027,0.47906563216082304,0.0,0.0,0.147486078007486,1.0,0.00016849999997248233,0.002360700000053839,0.11642259999985072,
iris,EntropySampler,,main,clean,0.1,22,0.05,7,0.8266666666666667,0.5814316460172998,0.5832054421768708,0.7681480069029284,0.0,0.0,0.4682244001407248,1.0,0.00023579999992762168,0.003516100000069855,0.04443500000002132,
iris,EntropySampler,,main,clean,0.1,22,0.1,15,0.7866666666666666,0.5252108908906691,0.516847024771356,0.6860062723781755,0.0,0.0,0.38235487406563506,1.0,0.0001299000000472006,0.002720799999906376,0.06111390000000938,
iris,EntropySampler,,main,clean,0.1,22,0.15,22,0.7666666666666667,0.48112704666684947,0.47161182981902144,0.6005169980973214,0.0,0.0,0.23146439279711428,1.0,0.0003080999999838241,0.005566699999917546,0.07810019999988072,
iris,EntropySampler,,main,clean,0.1,22,0.2,30,0.8,0.5109582172219572,0.5199696687298984,0.5316894467875245,0.0,0.0,0.16890936700406328,1.0,0.00014529999998558196,0.003138399999897956,0.09069189999991067,
iris,EntropySampler,,main,clean,0.1,22,0.3,45,0.9333333333333333,0.7698781194415658,0.8122469119692033,0.4932190817266556,0.0,0.0,0.16646463074485904,1.0,0.00032229999987976043,0.007056799999872965,0.11329159999991134,
iris,EntropySampler,,main,clean,0.1,23,0.05,7,0.52,0.577729816914742,0.4201867708268508,0.931013543078127,0.0,0.0,0.4528885025839302,0.75,0.0002474000000347587,0.010317699999859542,0.045431099999859725,
iris,EntropySampler,,main,clean,0.1,23,0.1,15,0.7333333333333333,0.449004285273824,0.428485155140614,0.7082821070009255,0.0,0.0,0.33954513954054744,1.0,0.00016649999997753184,0.011491200000136814,0.07932129999994686,
iris,EntropySampler,,main,clean,0.1,23,0.15,22,0.78,0.4790015106760812,0.4835884225704802,0.7284545559866861,0.0,0.0,0.40811842006010596,1.0,0.0003360999999131309,0.013075000000071668,0.11015069999984917,
iris,EntropySampler,,main,clean,0.1,23,0.2,30,0.7733333333333333,0.5120131420359294,0.4970649535931902,0.7694486295103955,0.0,0.0,0.4229765870638687,1.0,0.00024069999994935642,0.010767199999918375,0.1349996999999803,
iris,EntropySampler,,main,clean,0.1,23,0.3,45,0.9,0.7634710466697724,0.7398520295940811,0.7038594223432263,0.0,0.0,0.3246195219115077,0.9333333333333333,0.00018209999984719616,0.007666499999913867,0.1544926999999916,
iris,EntropySampler,,main,clean,0.1,24,0.05,7,0.8266666666666667,0.5652130505525189,0.5828577799714192,0.7664914337141295,0.0,0.0,0.4216917373964145,1.0,0.002259000000094602,0.009365999999999985,0.061242700000093464,
iris,EntropySampler,,main,clean,0.1,24,0.1,15,0.82,0.5385990697636126,0.5602107243037263,0.6922390572002891,0.0,0.0,0.38201305147060094,1.0,0.00013590000003205205,0.003051799999866489,0.0705892999999378,
iris,EntropySampler,,main,clean,0.1,24,0.15,22,0.7866666666666666,0.596821180270621,0.5526876718179753,0.6236101292761663,0.0,0.0,0.25985314429935974,1.0,0.00011930000005122565,0.0020627999999760505,0.08230570000000625,
iris,EntropySampler,,main,clean,0.1,24,0.2,30,0.7466666666666667,0.5493932055637742,0.5074242850751404,0.48740454680228257,0.0,0.0,0.14823270803687855,1.0,0.00033639999992374214,0.005358899999919231,0.14363300000013624,
iris,EntropySampler,,main,clean,0.1,24,0.3,45,0.9,0.698458788675224,0.7331459413590949,0.5128288365219856,0.0,0.0,0.17314696297819177,1.0,0.0003245999998853222,0.00785049999990406,0.17070409999996627,
iris,EntropySampler,,main,clean,0.1,25,0.05,7,0.8066666666666666,0.542618709155777,0.547760631575224,0.767183669211229,0.0,0.0,0.4806464384842469,1.0,0.00040239999998448184,0.010098800000150732,0.05902990000004138,
iris,EntropySampler,,main,clean,0.1,25,0.1,15,0.7933333333333333,0.518269096703051,0.5220056823045536,0.7015462221866855,0.0,0.0,0.3674563996683605,1.0,0.00030800000013186946,0.007625799999914307,0.08137360000000626,
iris,EntropySampler,,main,clean,0.1,25,0.15,22,0.7733333333333333,0.4813095139355272,0.48059709176533066,0.6289156299442233,0.0,0.0,0.29409814122700123,1.0,0.00035869999987880874,0.006053099999917322,0.09851419999995414,
iris,EntropySampler,,main,clean,0.1,25,0.2,30,0.7266666666666667,0.41603786844861806,0.40998121019279743,0.5466480237886924,0.0,0.0,0.19974825861196288,1.0,0.00023809999993318343,0.003561799999943105,0.11154639999995197,
iris,EntropySampler,,main,clean,0.1,25,0.3,45,0.9,0.7275969308150502,0.7369026306882364,0.3968773914429133,0.0,0.0,0.10743817758915689,1.0,0.0002934999999979482,0.004275800000186791,0.12872939999988375,
iris,EntropySampler,,main,clean,0.1,27,0.05,7,0.82,0.6467113936056552,0.6006861021484542,0.7800256733683849,0.0,0.0,0.4379649442173809,1.0,0.0004043999999794323,0.009099200000036944,0.06840599999986807,
iris,EntropySampler,,main,clean,0.1,27,0.1,15,0.8,0.6084548509956607,0.5693331758489562,0.7095660691684631,0.0,0.0,0.4219419294309743,1.0,0.00035979999984192546,0.00752280000006067,0.09022830000003523,
iris,EntropySampler,,main,clean,0.1,27,0.15,22,0.7733333333333333,0.5733194887141572,0.5325089857152956,0.5378122733886225,0.0,0.0,0.18839179955462657,1.0,0.00029079999990244687,0.004655200000115656,0.11184090000006108,
iris,EntropySampler,,main,clean,0.1,27,0.2,30,0.74,0.5422757283498312,0.49614730392856704,0.5504424716257065,0.0,0.0,0.21071545915487705,1.0,0.00029649999987668707,0.004268400000000838,0.13126080000006368,
iris,EntropySampler,,main,clean,0.1,27,0.3,45,0.9,0.6932055108010989,0.7310849451493308,0.4808627391362716,0.0,0.0,0.15472183940815118,1.0,0.0002856999999494292,0.006652999999914755,0.15099310000005062,
iris,EntropySampler,,main,clean,0.1,26,0.05,7,0.8066666666666666,0.5737808212995633,0.5566797405894285,0.772054160477175,0.0,0.0,0.44133229941179775,0.75,0.000466599999981554,0.00990959999990082,0.06827840000005381,
iris,EntropySampler,,main,clean,0.1,26,0.1,15,0.7933333333333333,0.5012005603277645,0.5145142779532104,0.6990470339581601,0.0,0.0,0.4090217803119709,1.0,0.0003346000000874483,0.008940400000028603,0.09232740000015838,
iris,EntropySampler,,main,clean,0.1,26,0.15,22,0.76,0.44349026501805666,0.45564085162412477,0.607345354659266,0.0,0.0,0.24128372504965911,1.0,0.00027569999997467676,0.005719600000020364,0.11309560000017882,
iris,EntropySampler,,main,clean,0.1,26,0.2,30,0.7266666666666667,0.4081642930395516,0.4071302881786834,0.5935967001224367,0.0,0.0,0.2277802735506757,1.0,0.0002696999999898253,0.005698299999949086,0.13167150000003858,
iris,EntropySampler,,main,clean,0.1,26,0.3,45,0.6866666666666666,0.5295562364259129,0.46987537288965703,0.534980295923655,0.0,0.0,0.17012541249698174,1.0,0.00026569999999992433,0.00440230000003794,0.1626122000000123,
iris,EntropySampler,,main,clean,0.1,28,0.05,7,0.82,0.6245717100042641,0.5952502404261426,0.7718710177867101,0.0,0.0,0.43624985249219217,0.75,0.00043989999994664686,0.011570500000061656,0.06516369999985727,
iris,EntropySampler,,main,clean,0.1,28,0.1,15,0.8,0.6074322586169156,0.5686163319312932,0.6959488843903932,0.0,0.0,0.38879703277725997,1.0,0.00030160000005707843,0.008253499999909764,0.09085749999985637,
iris,EntropySampler,,main,clean,0.1,28,0.15,22,0.8866666666666667,0.6859104489966188,0.7073519730578179,0.5641840733417623,0.0,0.0,0.2255790204388475,1.0,0.000287800000023708,0.0054981999999199616,0.12399639999989631,
iris,EntropySampler,,main,clean,0.1,28,0.2,30,0.9066666666666666,0.7200244844137943,0.7505714911260789,0.5325596588590545,0.0,0.0,0.18494627748602954,1.0,0.00011979999999311985,0.0019310000000132277,0.13179749999994783,
iris,EntropySampler,,main,clean,0.1,28,0.3,45,0.9466666666666667,0.7998554170112778,0.8466146375161996,0.37501132184254427,0.0,0.0,0.10769609894175189,1.0,0.00012230000015733822,0.001785800000106974,0.1479345000000194,
iris,EntropySampler,,main,clean,0.1,29,0.05,7,0.8066666666666666,0.6346631359390215,0.5826262395398415,0.873743145821984,0.0,0.0,0.41154262031877975,1.0,0.00025550000009388896,0.00664369999981318,0.03974590000007083,
iris,EntropySampler,,main,clean,0.1,29,0.1,15,0.7733333333333333,0.5253208030433208,0.5072338092543361,0.7304123360126284,0.0,0.0,0.4244611079101619,1.0,0.0001557999999022286,0.008084100000132821,0.05928200000016659,
iris,EntropySampler,,main,clean,0.1,29,0.15,22,0.7666666666666667,0.5116158209575989,0.48785222866647227,0.6741935674925266,0.0,0.0,0.3524422373957991,1.0,0.00015989999997145787,0.002463699999907476,0.07133500000009008,
iris,EntropySampler,,main,clean,0.1,29,0.2,30,0.7333333333333333,0.48007710540186294,0.4429977468511541,0.5435552193456745,0.0,0.0,0.19085568958299995,1.0,0.00013779999994767422,0.002680699999928038,0.08324400000014975,
iris,EntropySampler,,main,clean,0.1,29,0.3,45,0.8866666666666667,0.7234939951563694,0.7139803904763071,0.40354357590024126,0.0,0.0,0.11014187176363102,1.0,0.0002984000000196829,0.004542700000001787,0.11005380000005971,
iris,EntropySampler,,main,clean,0.2,0,0.05,7,0.82,0.6245717100042641,0.5952502404261426,0.7769551390464118,0.0,0.0,0.41553389555049614,1.0,0.00029860000017833954,0.0049439000001711975,0.03501690000007329,
iris,EntropySampler,,main,clean,0.2,0,0.1,15,0.7933333333333333,0.5796031584652579,0.5543846484287913,0.6809317894570607,0.0,0.0,0.37999387447556876,1.0,0.0001423999999587977,0.0031470000001263543,0.0473303000001124,
iris,EntropySampler,,main,clean,0.2,0,0.15,22,0.7866666666666666,0.574172747097044,0.5463278380432905,0.5768738666043813,0.0,0.0,0.22736210044563523,1.0,0.0002104000000144879,0.003407900000183872,0.0638261000001421,
iris,EntropySampler,,main,clean,0.2,0,0.2,30,0.7466666666666667,0.534180455865432,0.5003377905372433,0.5002110840216627,0.0,0.0,0.16195191231868847,1.0,0.000340900000082911,0.00458440000011251,0.08555560000013429,
iris,EntropySampler,,main,clean,0.2,0,0.3,45,0.8933333333333333,0.6885923937557079,0.7186741755396153,0.5145560289724583,0.0,0.0,0.17205114514997316,1.0,0.0002967000000353437,0.006916099999898506,0.10540530000002946,
iris,EntropySampler,,main,clean,0.2,1,0.05,7,0.8533333333333334,0.6818188711582578,0.652516389967057,0.7870988869947794,0.0,0.0,0.42407395026759354,1.0,0.0002373999998326326,0.0045667000001685665,0.037169800000128816,
iris,EntropySampler,,main,clean,0.2,1,0.1,15,0.8733333333333333,0.7079605393464979,0.6885525109503922,0.6950455153115592,0.0,0.0,0.39511137030884613,1.0,0.0001963999998224608,0.004073399999924732,0.04920670000001337,
iris,EntropySampler,,main,clean,0.2,1,0.15,22,0.9,0.7476338362851507,0.7419782010797596,0.5598289651229927,0.0,0.0,0.2185774249521397,1.0,0.00019109999993816018,0.002208899999914138,0.05887980000011339,
iris,EntropySampler,,main,clean,0.2,1,0.2,30,0.9066666666666666,0.7415344660400898,0.7536474062964035,0.4679888518497963,0.0,0.0,0.1413931824061157,1.0,0.00018010000007961935,0.002404800000022078,0.06947009999998954,
iris,EntropySampler,,main,clean,0.2,1,0.3,45,0.94,0.7785829917336115,0.8276398296502611,0.34572320655482935,0.0,0.0,0.09869508533209763,1.0,0.0001338999998097279,0.0021228999999038933,0.07977449999998498,
iris,EntropySampler,,main,clean,0.2,2,0.05,7,0.86,0.6665154497220921,0.6556007678378779,0.7796434016240117,0.0,0.0,0.43431945463511457,1.0,0.00042379999990771466,0.010800499999959357,0.06227579999995214,
iris,EntropySampler,,main,clean,0.2,2,0.1,15,0.88,0.6937458409565708,0.6941151022173971,0.6954098897979841,0.0,0.0,0.3935642741483569,1.0,0.00030070000002524466,0.011889500000052067,0.0900558999999248,
iris,EntropySampler,,main,clean,0.2,2,0.15,22,0.9,0.708803985002797,0.7341037317533637,0.6123794205473041,0.0,0.0,0.28375660099050176,1.0,0.00027270000009593787,0.007336300000133633,0.11334600000009232,
iris,EntropySampler,,main,clean,0.2,2,0.2,30,0.92,0.730534588706986,0.7765071931048457,0.5195467537473237,0.0,0.0,0.17442613603659313,1.0,0.00019989999987046758,0.004922299999861934,0.1325025999999525,
iris,EntropySampler,,main,clean,0.2,2,0.3,45,0.9266666666666666,0.7640970469717061,0.7929308557128045,0.39827958177713557,0.0,0.0,0.11987391235573996,1.0,0.00018309999995835824,0.005174599999918428,0.1513414000000921,
iris,EntropySampler,,main,clean,0.2,3,0.05,7,0.8266666666666667,0.5763464073922198,0.5743488080232888,0.7629991300748029,0.0,0.0,0.41795786708780747,1.0,0.0004036999998788815,0.011645199999975375,0.06454979999989519,
iris,EntropySampler,,main,clean,0.2,3,0.1,15,0.8133333333333334,0.5288388850098998,0.5421483691150005,0.6974649554114397,0.0,0.0,0.37451737898595006,1.0,0.00029799999992974335,0.009650299999975687,0.089444100000037,
iris,EntropySampler,,main,clean,0.2,3,0.15,22,0.8266666666666667,0.527554255591452,0.5638503596887989,0.6301699368974697,0.0,0.0,0.26893940320348814,1.0,0.0002043000001776818,0.004126199999973323,0.108615699999973,
iris,EntropySampler,,main,clean,0.2,3,0.2,30,0.7933333333333333,0.48336552064571636,0.5063587467193728,0.6350688589226957,0.0,0.0,0.2611967606410402,1.0,0.0002943999998024083,0.005627700000104596,0.12852150000003348,
iris,EntropySampler,,main,clean,0.2,3,0.3,45,0.9066666666666666,0.6985457288379193,0.7451890398742815,0.5168338266594559,0.0,0.0,0.16299049904165766,1.0,0.0003040999999939231,0.004890100000011444,0.14960819999987507,
iris,EntropySampler,,main,clean,0.2,4,0.05,7,0.82,0.5444336149335923,0.5646759266815741,0.7546554978634619,0.0,0.0,0.4387231973745581,1.0,0.0003721000000496133,0.008056399999986752,0.044545399999833535,
iris,EntropySampler,,main,clean,0.2,4,0.1,15,0.8,0.5001530965168106,0.5189615232729035,0.706313061850001,0.0,0.0,0.40331211109064063,1.0,0.00033899999993991514,0.01155649999986963,0.0759091999998418,
iris,EntropySampler,,main,clean,0.2,4,0.15,22,0.7866666666666666,0.46146308027595034,0.4841597236884132,0.621202084336779,0.0,0.0,0.24519792426201667,1.0,0.00034370000003036694,0.008733299999903466,0.10035130000005665,
iris,EntropySampler,,main,clean,0.2,4,0.2,30,0.78,0.4485833083797232,0.4707582517059547,0.5559266874527928,0.0,0.0,0.18466001768591572,1.0,0.00022490000014840916,0.01409749999993437,0.12512339999989308,
iris,EntropySampler,,main,clean,0.2,4,0.3,45,0.8666666666666667,0.6392795997529842,0.6607664330195865,0.47698575523915526,0.0,0.0,0.14152904854757464,1.0,0.00023759999999128922,0.003589500000089174,0.14033289999997578,
iris,EntropySampler,,main,clean,0.2,5,0.05,7,0.8466666666666667,0.6100199908213227,0.6215984971835795,0.7864734830404394,0.0,0.0,0.4180024061498534,1.0,0.000465200000007826,0.010559699999930672,0.05793760000005932,
iris,EntropySampler,,main,clean,0.2,5,0.1,15,0.8666666666666667,0.6400807219260498,0.6608982819773284,0.6987510258326536,0.0,0.0,0.40600038635190294,1.0,0.0003168999999161315,0.008823099999972328,0.08314739999991616,
iris,EntropySampler,,main,clean,0.2,5,0.15,22,0.8533333333333334,0.5962430189208348,0.6260315559349784,0.6420031559928695,0.0,0.0,0.3102862441518891,1.0,0.0003481999999621621,0.007043599999860817,0.10587459999987914,
iris,EntropySampler,,main,clean,0.2,5,0.2,30,0.82,0.5446798219917804,0.5622361006309503,0.6009766505866209,0.0,0.0,0.23301198876389076,1.0,0.0002842000001237466,0.0056813000001056935,0.12481339999999363,
iris,EntropySampler,,main,clean,0.2,5,0.3,45,0.9066666666666666,0.735536698535523,0.7519534956863128,0.4618554121930848,0.0,0.0,0.13721611252246405,1.0,0.00028510000015558035,0.005016899999873203,0.14792390000002342,
iris,EntropySampler,,main,clean,0.2,6,0.05,7,0.8133333333333334,0.5689078020624843,0.5579573231694627,0.7798257969125683,0.0,0.0,0.44360690629129823,0.75,0.00024359999997614068,0.005199799999900279,0.041480900000124166,
iris,EntropySampler,,main,clean,0.2,6,0.1,15,0.7866666666666666,0.5039906029654581,0.5025613409541216,0.7121201273992527,0.0,0.0,0.43046408551244314,0.875,0.00029909999989286007,0.008364499999970576,0.0631620000001476,
iris,EntropySampler,,main,clean,0.2,6,0.15,22,0.7666666666666667,0.46794193641097187,0.46126942846777513,0.6064554958170236,0.0,0.0,0.23920800563886674,1.0,0.0003468999998403888,0.004409200000054625,0.08367850000013277,
iris,EntropySampler,,main,clean,0.2,6,0.2,30,0.7533333333333333,0.46768161246397394,0.444318100289283,0.5598649770628709,0.0,0.0,0.2032676897275909,1.0,0.00013790000002700253,0.00368150000008427,0.09842150000008587,
iris,EntropySampler,,main,clean,0.2,6,0.3,45,0.7066666666666667,0.476637888416576,0.45349756406449365,0.5607460163815431,0.0,0.0,0.18900001629842114,1.0,0.0001720000000204891,0.0033427999999275926,0.11620659999994132,
iris,EntropySampler,,main,clean,0.2,7,0.05,7,0.8466666666666667,0.6506516350006384,0.6318346055045373,0.7755426329270707,0.0,0.0,0.4476610418241872,1.0,0.00041920000012396486,0.010069499999872278,0.052670199999965917,
iris,EntropySampler,,main,clean,0.2,7,0.1,15,0.8733333333333333,0.6844691488764447,0.6804640467147249,0.6853641215420707,0.0,0.0,0.3667111999548629,1.0,0.0001617000000351254,0.0031954000000951055,0.06462409999994634,
iris,EntropySampler,,main,clean,0.2,7,0.15,22,0.9,0.7069175474931285,0.7332930723989532,0.5935226074055582,0.0,0.0,0.26408746406480793,1.0,0.00019850000012411328,0.003903900000068461,0.07857869999998002,
iris,EntropySampler,,main,clean,0.2,7,0.2,30,0.9133333333333333,0.7231007617290661,0.7622576524886656,0.4942201974237731,0.0,0.0,0.15700372599094048,1.0,0.00023089999990588694,0.003818899999942005,0.09285060000001977,
iris,EntropySampler,,main,clean,0.2,7,0.3,45,0.94,0.7906483532596204,0.829594333092634,0.39035700709228044,0.0,0.0,0.11358992283846367,1.0,0.0002059000000826927,0.002740000000130749,0.10798120000004019,
iris,EntropySampler,,main,clean,0.2,8,0.05,7,0.8266666666666667,0.6314115971077993,0.605088412838934,0.7798187178033218,0.0,0.0,0.43512941910529424,1.0,0.0005865000000540022,0.01447769999981574,0.05623470000000452,
iris,EntropySampler,,main,clean,0.2,8,0.1,15,0.8133333333333334,0.6199296421554877,0.5864434273324176,0.7130555848887032,0.0,0.0,0.41289151454916917,1.0,0.00034269999991920486,0.009706300000061674,0.07839110000008986,
iris,EntropySampler,,main,clean,0.2,8,0.15,22,0.7866666666666666,0.5723279119361978,0.5408685927915206,0.5425260546643231,0.0,0.0,0.19797083319818334,1.0,0.00015260000009220676,0.002873300000146628,0.09323680000011336,
iris,EntropySampler,,main,clean,0.2,8,0.2,30,0.7533333333333333,0.5267809599025883,0.4991109460431997,0.5343769704953389,0.0,0.0,0.20070903934152867,1.0,0.0003052000001844135,0.005655600000181948,0.1144369999999526,
iris,EntropySampler,,main,clean,0.2,8,0.3,45,0.88,0.6313084553860323,0.6795594446731361,0.46742780310956944,0.0,0.0,0.1491509980039315,1.0,0.0002974000001358945,0.00506150000001071,0.14329560000010133,
iris,EntropySampler,,main,clean,0.2,9,0.05,7,0.8133333333333334,0.5680575626943124,0.5630415518254495,0.768843656317202,0.0,0.0,0.42440494800062106,1.0,0.0004380000000310247,0.012107099999866477,0.06271130000004632,
iris,EntropySampler,,main,clean,0.2,9,0.1,15,0.7866666666666666,0.5256829584667394,0.5126940468597012,0.6953687670832113,0.0,0.0,0.39740928747834053,0.875,0.00020710000012513774,0.005823299999974552,0.08126990000005208,
iris,EntropySampler,,main,clean,0.2,9,0.15,22,0.76,0.5100096080485168,0.4786544431196898,0.6719206098889281,0.0,0.0,0.30857821918919986,1.0,0.0003139000000373926,0.007432800000060524,0.10374660000002223,
iris,EntropySampler,,main,clean,0.2,9,0.2,30,0.7133333333333334,0.40924755612114816,0.3966816340088137,0.7028746230443985,0.0,0.0,0.3023536327125306,1.0,0.00027150000005349284,0.005843600000162041,0.12606240000013713,
iris,EntropySampler,,main,clean,0.2,9,0.3,45,0.6533333333333333,0.3748364500115277,0.34196783703886924,0.6731954919371238,0.0,0.0,0.3136658029813263,1.0,0.0002925000001141598,0.007090600000083214,0.14873560000000907,
iris,EntropySampler,,main,clean,0.2,11,0.05,7,0.82,0.5784402447733035,0.5766654160073517,0.7935617631686626,0.0,0.0,0.4594165209799655,0.75,0.00024389999998675194,0.004886200000100871,0.03374200000007477,
iris,EntropySampler,,main,clean,0.2,11,0.1,15,0.7933333333333333,0.5259376886363015,0.5219908490720883,0.7170953129394378,0.0,0.0,0.427475362353825,0.875,0.00014049999981580186,0.0026172000000315165,0.04370259999996051,
iris,EntropySampler,,main,clean,0.2,11,0.15,22,0.7733333333333333,0.5037698730620539,0.48876256217642877,0.6459152566424075,0.0,0.0,0.27728875121889035,1.0,0.00014119999991635268,0.001987699999972392,0.05268320000004678,
iris,EntropySampler,,main,clean,0.2,11,0.2,30,0.74,0.4802386212469042,0.44513580526251284,0.4923191036150252,0.0,0.0,0.15534933474177665,1.0,0.0003056000000469794,0.004570899999862377,0.07222720000004301,
iris,EntropySampler,,main,clean,0.2,11,0.3,45,0.6666666666666666,0.39429755520795723,0.35463773450043473,0.5209891562450386,0.0,0.0,0.16726323075069124,1.0,0.00013220000005276233,0.0020025999999688793,0.08400320000009742,
iris,EntropySampler,,main,clean,0.2,10,0.05,7,0.8333333333333334,0.6607920793426151,0.62055617805847,0.7797826194609442,0.0,0.0,0.4475387686017749,1.0,0.00023849999979574932,0.00713780000000952,0.049484200000051715,
iris,EntropySampler,,main,clean,0.2,10,0.1,15,0.8733333333333333,0.6899418209377876,0.6853022207210323,0.6962844459304701,0.0,0.0,0.3946810428424084,1.0,0.00030319999996208935,0.006276699999943958,0.06738739999991594,
iris,EntropySampler,,main,clean,0.2,10,0.15,22,0.88,0.701546091556394,0.6985297605253779,0.557749316892058,0.0,0.0,0.20025798777334466,1.0,0.00029760000006717746,0.005674799999951574,0.08311830000002374,
iris,EntropySampler,,main,clean,0.2,10,0.2,30,0.8933333333333333,0.7076076972754498,0.7224059921675982,0.48464804154269703,0.0,0.0,0.1577620006184837,1.0,0.00020180000001346343,0.002775299999939307,0.09970659999999043,
iris,EntropySampler,,main,clean,0.2,10,0.3,45,0.9333333333333333,0.7663639216108382,0.8113582926388135,0.3779323515268172,0.0,0.0,0.11206013275078738,1.0,0.0002729000000272208,0.0038363000001027103,0.11544119999985014,
iris,EntropySampler,,main,clean,0.2,12,0.05,7,0.84,0.6014615005666405,0.6046176516968185,0.777224550761209,0.0,0.0,0.43594697925185555,0.75,0.0003887000000304397,0.010519199999862394,0.06606729999998606,
iris,EntropySampler,,main,clean,0.2,12,0.1,15,0.82,0.5245989775387733,0.5546180792020259,0.6944777636712525,0.0,0.0,0.3742531026154782,1.0,0.0003891999999723339,0.01117000000022017,0.09284589999992932,
iris,EntropySampler,,main,clean,0.2,12,0.15,22,0.8333333333333334,0.5460539017529752,0.5811281426589517,0.6228196500001372,0.0,0.0,0.25829864333523,1.0,0.00029539999991357035,0.004653599999983271,0.1126769999998487,
iris,EntropySampler,,main,clean,0.2,12,0.2,30,0.7866666666666666,0.4717223986970976,0.4935706225150989,0.6482077349554071,0.0,0.0,0.28377703006558025,1.0,0.0003102000000581029,0.006163700000115568,0.13104980000002797,
iris,EntropySampler,,main,clean,0.2,12,0.3,45,0.8933333333333333,0.6966200299884155,0.7196459558420131,0.5236941897786968,0.0,0.0,0.16390188676448716,1.0,0.00014480000004368776,0.002005900000085603,0.1438106999999036,
iris,EntropySampler,,main,clean,0.2,13,0.05,7,0.84,0.643490910543753,0.6206455945181422,0.7798888932946246,0.0,0.0,0.43525390291686183,1.0,0.00028610000003936875,0.0049968999999236985,0.04482699999994111,
iris,EntropySampler,,main,clean,0.2,13,0.1,15,0.8666666666666667,0.6572499814259286,0.6642681063461342,0.701937014486799,0.0,0.0,0.38760390096621083,1.0,0.0001449999999749707,0.003473200000144061,0.05504990000008547,
iris,EntropySampler,,main,clean,0.2,13,0.15,22,0.9,0.6986257037326049,0.7312315557531098,0.607405738383122,0.0,0.0,0.26893755477607517,1.0,0.0002971999999772379,0.003728000000137399,0.0655887000000348,
iris,EntropySampler,,main,clean,0.2,13,0.2,30,0.9066666666666666,0.7120555936195484,0.7463600658088689,0.49340754509610907,0.0,0.0,0.1523379781622268,1.0,0.00013879999983146263,0.0019558000001325127,0.07410759999993388,
iris,EntropySampler,,main,clean,0.2,13,0.3,45,0.94,0.7700745355879746,0.8267816424844893,0.4119838847606036,0.0,0.0,0.12465576108260726,1.0,0.00013239999998404528,0.0019135000000005675,0.08255060000010417,
iris,EntropySampler,,main,clean,0.2,14,0.05,7,0.8266666666666667,0.5783544847419996,0.5752769950371298,0.7642901032875804,0.0,0.0,0.42806345065842194,1.0,0.0004269999999451102,0.010784499999999753,0.06738459999996849,
iris,EntropySampler,,main,clean,0.2,14,0.1,15,0.7866666666666666,0.5071454931144057,0.5022551563919674,0.6916730977056506,0.0,0.0,0.35404915270056564,1.0,0.0003320999999232299,0.009779600000001665,0.09338350000007267,
iris,EntropySampler,,main,clean,0.2,14,0.15,22,0.7733333333333333,0.4846666969692042,0.47637515140651904,0.6335589153448905,0.0,0.0,0.27141382588087243,1.0,0.00024600000006103073,0.00794480000013209,0.11658829999987574,
iris,EntropySampler,,main,clean,0.2,14,0.2,30,0.7333333333333333,0.4465375319873354,0.4201942273204074,0.616362149869255,0.0,0.0,0.2369096293140503,1.0,0.00025230000005649345,0.006924399999888919,0.14190030000008846,
iris,EntropySampler,,main,clean,0.2,14,0.3,45,0.7066666666666667,0.48071571343116026,0.4532401577938019,0.5136328743958091,0.0,0.0,0.15886707453355495,1.0,0.0002474000000347587,0.018831399999953646,0.1768010000000686,
iris,EntropySampler,,main,clean,0.2,15,0.05,7,0.8066666666666666,0.5599647683104217,0.5512530270212208,0.7629790204826928,0.0,0.0,0.46392762336586757,1.0,0.0003185000000485161,0.009592300000122123,0.05547360000014123,
iris,EntropySampler,,main,clean,0.2,15,0.1,15,0.78,0.518632660721635,0.5076929564321985,0.688805074631705,0.0,0.0,0.40512214077469233,1.0,0.00030569999989893404,0.00759979999997995,0.07763060000002042,
iris,EntropySampler,,main,clean,0.2,15,0.15,22,0.7533333333333333,0.470761010125829,0.4569049871163443,0.6113130829005152,0.0,0.0,0.2519786222531447,1.0,0.0002934999999979482,0.004952500000172222,0.09593820000009146,
iris,EntropySampler,,main,clean,0.2,15,0.2,30,0.8066666666666666,0.5198548774022373,0.5329052229199138,0.5454715313124994,0.0,0.0,0.17671240086675505,1.0,0.00027410000006966584,0.004428499999903579,0.11576690000015333,
iris,EntropySampler,,main,clean,0.2,15,0.3,45,0.8266666666666667,0.5673661143237598,0.5789794227446067,0.5440070042800694,0.0,0.0,0.21008357298887947,1.0,0.00029180000001360895,0.006799499999942782,0.13857100000018363,
iris,EntropySampler,,main,clean,0.2,16,0.05,7,0.8333333333333334,0.580759023123604,0.5907913046671918,0.8070829671175059,0.0,0.0,0.4578749138676559,1.0,0.0002233999998679792,0.004163600000083534,0.04504380000003039,
iris,EntropySampler,,main,clean,0.2,16,0.1,15,0.8466666666666667,0.5695269420827833,0.6079672091936027,0.716738896643081,0.0,0.0,0.4303596381524143,1.0,0.00021319999996194383,0.007665099999940139,0.06188750000001164,
iris,EntropySampler,,main,clean,0.2,16,0.15,22,0.84,0.5580870970769561,0.59317227160925,0.6376609457234073,0.0,0.0,0.2816817574258551,1.0,0.00031730000000607106,0.003751500000134911,0.07783440000002884,
iris,EntropySampler,,main,clean,0.2,16,0.2,30,0.82,0.543240903626612,0.5612284151423398,0.5967973536067162,0.0,0.0,0.22657310140530149,1.0,0.00012459999993552628,0.003760300000067218,0.08876549999990857,
iris,EntropySampler,,main,clean,0.2,16,0.3,45,0.7533333333333333,0.45992795941048725,0.46274609910973546,0.513052022968372,0.0,0.0,0.15657215194128807,1.0,0.00018130000012206438,0.0020945999999639753,0.1001538000000437,
iris,EntropySampler,,main,clean,0.2,17,0.05,7,0.8333333333333334,0.5724155816667613,0.591074989499268,0.7884692323519491,0.0,0.0,0.43276390813861965,1.0,0.00021629999992001103,0.006774400000040259,0.05501609999987522,
iris,EntropySampler,,main,clean,0.2,17,0.1,15,0.8333333333333334,0.558128448655453,0.5848229562156789,0.7024128644978389,0.0,0.0,0.4105832383186671,1.0,0.00022439999997914128,0.007323799999994662,0.07341089999999895,
iris,EntropySampler,,main,clean,0.2,17,0.15,22,0.8466666666666667,0.5785365482159143,0.6101688491862078,0.6040714389673585,0.0,0.0,0.26261033913706183,1.0,0.00018640000007508206,0.0037714000000050873,0.08740029999989929,
iris,EntropySampler,,main,clean,0.2,17,0.2,30,0.8333333333333334,0.5558064912743944,0.5840023596054934,0.5709392831384899,0.0,0.0,0.21291998178096633,1.0,0.0001700000000255386,0.0022257999999055755,0.0984518999998727,
iris,EntropySampler,,main,clean,0.2,17,0.3,45,0.8,0.5228298378168643,0.5350029203070266,0.4688909254346678,0.0,0.0,0.14371735272487668,1.0,0.00014310000005934853,0.002571799999941504,0.11110469999994166,
iris,EntropySampler,,main,clean,0.2,18,0.05,7,0.8266666666666667,0.6534762508409035,0.6103971645085184,0.7923803492621777,0.0,0.0,0.43200881848223405,1.0,0.00022850000004837057,0.004948399999875619,0.040919600000052014,
iris,EntropySampler,,main,clean,0.2,18,0.1,15,0.8,0.6074322586169155,0.5686163319312932,0.7027063265972915,0.0,0.0,0.4299460601147147,1.0,0.0003069999997933337,0.004498600000033548,0.06641050000007453,
iris,EntropySampler,,main,clean,0.2,18,0.15,22,0.7733333333333333,0.588239530225667,0.5386281765183442,0.6237866129575572,0.0,0.0,0.2829309066699758,1.0,0.00014059999989513017,0.002476000000115164,0.0793573999999353,
iris,EntropySampler,,main,clean,0.2,18,0.2,30,0.7333333333333333,0.5522386489277586,0.4984801770498578,0.5401259620060364,0.0,0.0,0.1697206586511027,1.0,0.0003346000000874483,0.005074299999932919,0.105809200000067,
iris,EntropySampler,,main,clean,0.2,18,0.3,45,0.8733333333333333,0.6382947660491525,0.6706526951883718,0.6303997189311391,0.0,0.0,0.25664138393593616,1.0,0.00015729999995528487,0.012838600000122824,0.14610940000011396,
iris,EntropySampler,,main,clean,0.2,19,0.05,7,0.8266666666666667,0.5964803216540076,0.5886445288127852,0.7677120829608076,0.0,0.0,0.43729853917698414,0.75,0.0004629000000022643,0.0115921999999955,0.06041430000004766,
iris,EntropySampler,,main,clean,0.2,19,0.1,15,0.78,0.48459053453240664,0.49284236926534536,0.6992296644971285,0.0,0.0,0.3932419108282254,1.0,0.00015359999997599516,0.004705999999941923,0.07250659999999698,
iris,EntropySampler,,main,clean,0.2,19,0.15,22,0.7533333333333333,0.44328592418180224,0.44742516977831137,0.6209041801072007,0.0,0.0,0.24505697848612548,1.0,0.00013370000010581862,0.0026634000000740343,0.08974550000016279,
iris,EntropySampler,,main,clean,0.2,19,0.2,30,0.7266666666666667,0.4224575259248134,0.4115968407884069,0.6288673385225594,0.0,0.0,0.24948501171232507,1.0,0.0002925000001141598,0.006484199999931661,0.10612620000006245,
iris,EntropySampler,,main,clean,0.2,19,0.3,45,0.7133333333333334,0.5505615596061136,0.49169222232547743,0.547067275796315,0.0,0.0,0.1764869980303677,1.0,0.00012919999994664977,0.001956600000085018,0.1182194000000436,
iris,EntropySampler,,main,clean,0.2,20,0.05,7,0.8266666666666667,0.6313509090857214,0.6014229605567941,0.7818479900611778,0.0,0.0,0.4172530046009928,1.0,0.00031469999998989806,0.00804159999984222,0.04337549999991097,
iris,EntropySampler,,main,clean,0.2,20,0.1,15,0.8666666666666667,0.6751584412042867,0.6678092859581611,0.6966616920805866,0.0,0.0,0.409541334163949,1.0,0.0003262999998696614,0.0043112000000746775,0.055898099999922124,
iris,EntropySampler,,main,clean,0.2,20,0.15,22,0.78,0.5897672886303608,0.5388415225610196,0.5967077180101764,0.0,0.0,0.2650756356279243,1.0,0.00012250000008862116,0.002244100000098115,0.07214669999984835,
iris,EntropySampler,,main,clean,0.2,20,0.2,30,0.88,0.6747738737316781,0.6910530612244898,0.44422862239187144,0.0,0.0,0.1345268915178497,1.0,0.0002104000000144879,0.0043344999999135325,0.08740739999984726,
iris,EntropySampler,,main,clean,0.2,20,0.3,45,0.9266666666666666,0.7478959636718738,0.7937277789778432,0.4678201339568972,0.0,0.0,0.1577900033414404,1.0,0.0001973999999336229,0.0029861000000437343,0.10261639999998806,
iris,EntropySampler,,main,clean,0.2,21,0.05,7,0.82,0.5644367980669339,0.5669428992457981,0.7643567153846,0.0,0.0,0.4490634769736298,0.75,0.0002951999999822874,0.00628710000000865,0.03792920000000777,
iris,EntropySampler,,main,clean,0.2,21,0.1,15,0.8,0.48149544537670613,0.5139075151263165,0.6854649014622187,0.0,0.0,0.39067827940008015,1.0,0.0003394000000298547,0.005692100000032951,0.05677800000012212,
iris,EntropySampler,,main,clean,0.2,21,0.15,22,0.8133333333333334,0.4895460675929591,0.5321932259252165,0.6148507157504125,0.0,0.0,0.23504113558757322,1.0,0.00029009999980189605,0.005373599999984435,0.07580200000006698,
iris,EntropySampler,,main,clean,0.2,21,0.2,30,0.7933333333333333,0.45903877971232976,0.4935541778778245,0.5222994026373226,0.0,0.0,0.17262662540809987,1.0,0.0002009999998335843,0.00407020000011471,0.08773680000012973,
iris,EntropySampler,,main,clean,0.2,21,0.3,45,0.7666666666666667,0.4530935105746572,0.4665363763129983,0.47906563216082304,0.0,0.0,0.147486078007486,1.0,0.00012900000001536682,0.0020655999999235064,0.11793140000008862,
iris,EntropySampler,,main,clean,0.2,22,0.05,7,0.8266666666666667,0.5814316460172998,0.5832054421768708,0.7681480069029284,0.0,0.0,0.4682244001407248,1.0,0.00020859999995082035,0.005058500000131971,0.04969629999982317,
iris,EntropySampler,,main,clean,0.2,22,0.1,15,0.7866666666666666,0.5252108908906691,0.516847024771356,0.6860062723781755,0.0,0.0,0.38235487406563506,1.0,0.00013259999991532823,0.0067580999998426705,0.06992849999983264,
iris,EntropySampler,,main,clean,0.2,22,0.15,22,0.7666666666666667,0.48112704666684947,0.47161182981902144,0.6005169980973214,0.0,0.0,0.23146439279711428,1.0,0.0001907000000755943,0.005682900000010704,0.08574469999985013,
iris,EntropySampler,,main,clean,0.2,22,0.2,30,0.8,0.5109582172219572,0.5199696687298984,0.5316894467875245,0.0,0.0,0.16890936700406328,1.0,0.00013539999986278417,0.0025548999999500666,0.09576199999992241,
iris,EntropySampler,,main,clean,0.2,22,0.3,45,0.92,0.731428109224446,0.7772540961327289,0.4932190817266556,0.0,0.0,0.16646463074485904,1.0,0.00014769999984309834,0.002999199999976554,0.1077296999999362,
iris,EntropySampler,,main,clean,0.2,23,0.05,7,0.52,0.577729816914742,0.4201867708268508,0.931013543078127,0.0,0.0,0.4528885025839302,0.75,0.00021679999986190523,0.013598600000022998,0.044154100000014296,
iris,EntropySampler,,main,clean,0.2,23,0.1,15,0.7333333333333333,0.449004285273824,0.428485155140614,0.7082821070009255,0.0,0.0,0.33954513954054744,1.0,0.00015239999993355013,0.0071600999999645865,0.0647251000000324,
iris,EntropySampler,,main,clean,0.2,23,0.15,22,0.78,0.4790015106760812,0.4835884225704802,0.7284545559866861,0.0,0.0,0.40811842006010596,1.0,0.00031420000004800386,0.009768500000063796,0.08717589999992015,
iris,EntropySampler,,main,clean,0.2,23,0.2,30,0.7733333333333333,0.5120131420359294,0.4970649535931902,0.7694486295103955,0.0,0.0,0.4229765870638687,1.0,0.0001382000000376138,0.00614939999991293,0.11100950000013654,
iris,EntropySampler,,main,clean,0.2,23,0.3,45,0.88,0.6755307925360414,0.6862828931446734,0.7038594223432263,0.0,0.0,0.3246195219115077,0.9333333333333333,0.00030170000013640674,0.013228200000185097,0.13759509999999864,
iris,EntropySampler,,main,clean,0.2,24,0.05,7,0.8266666666666667,0.5652130505525189,0.5828577799714192,0.7664914337141295,0.0,0.0,0.4216917373964145,1.0,0.000326699999959601,0.00572439999996277,0.0514564000000064,
iris,EntropySampler,,main,clean,0.2,24,0.1,15,0.82,0.5385990697636126,0.5602107243037263,0.6922390572002891,0.0,0.0,0.38201305147060094,1.0,0.0003171000000747881,0.009436800000003132,0.07571469999993496,
iris,EntropySampler,,main,clean,0.2,24,0.15,22,0.7866666666666666,0.596821180270621,0.5526876718179753,0.6236101292761663,0.0,0.0,0.25985314429935974,1.0,0.00015250000001287844,0.004429800000025352,0.08690000000001419,
iris,EntropySampler,,main,clean,0.2,24,0.2,30,0.7466666666666667,0.5493932055637742,0.5074242850751404,0.48740454680228257,0.0,0.0,0.14823270803687855,1.0,0.00011849999987134652,0.0019288000000869943,0.09637129999987337,
iris,EntropySampler,,main,clean,0.2,24,0.3,45,0.8866666666666667,0.6757932524471175,0.7043735219764006,0.5128288365219856,0.0,0.0,0.17314696297819177,1.0,0.0001391999999214022,0.002956100000119477,0.10617919999981495,
iris,EntropySampler,,main,clean,0.2,25,0.05,7,0.8066666666666666,0.542618709155777,0.547760631575224,0.767183669211229,0.0,0.0,0.4806464384842469,1.0,0.00041549999991730147,0.008155900000019756,0.04828290000000379,
iris,EntropySampler,,main,clean,0.2,25,0.1,15,0.7933333333333333,0.518269096703051,0.5220056823045536,0.7015462221866855,0.0,0.0,0.3674563996683605,1.0,0.00013160000003153982,0.0026906999999027903,0.05836960000010549,
iris,EntropySampler,,main,clean,0.2,25,0.15,22,0.7733333333333333,0.4813095139355272,0.48059709176533066,0.6289156299442233,0.0,0.0,0.29409814122700123,1.0,0.00013990000002195302,0.0021294999999099673,0.06660119999992276,
iris,EntropySampler,,main,clean,0.2,25,0.2,30,0.7266666666666667,0.41603786844861806,0.40998121019279743,0.5466480237886924,0.0,0.0,0.19974825861196288,1.0,0.0001434000000699598,0.0018167999999150197,0.07536490000006779,
iris,EntropySampler,,main,clean,0.2,25,0.3,45,0.8866666666666667,0.6783758144503824,0.7031577859461459,0.3968773914429133,0.0,0.0,0.10743817758915689,1.0,0.00013549999994211248,0.0017755000001216104,0.08542990000000827,
iris,EntropySampler,,main,clean,0.2,26,0.05,7,0.8066666666666666,0.5737808212995633,0.5566797405894285,0.772054160477175,0.0,0.0,0.44133229941179775,0.75,0.00020789999985026952,0.003997099999878628,0.03641850000008162,
iris,EntropySampler,,main,clean,0.2,26,0.1,15,0.7933333333333333,0.5012005603277645,0.5145142779532104,0.6990470339581601,0.0,0.0,0.4090217803119709,1.0,0.00016689999984009773,0.00324510000018563,0.049051100000042425,
iris,EntropySampler,,main,clean,0.2,26,0.15,22,0.76,0.44349026501805666,0.45564085162412477,0.607345354659266,0.0,0.0,0.24128372504965911,1.0,0.00014810000016041158,0.002864100000124381,0.06065730000000258,
iris,EntropySampler,,main,clean,0.2,26,0.2,30,0.7266666666666667,0.4081642930395516,0.4071302881786834,0.5935967001224367,0.0,0.0,0.2277802735506757,1.0,0.00013890000013816461,0.0022226000000955537,0.06973979999997937,
iris,EntropySampler,,main,clean,0.2,26,0.3,45,0.8866666666666667,0.6676886398742147,0.7007203773974128,0.534980295923655,0.0,0.0,0.17012541249698174,1.0,0.00016499999992447556,0.005000199999813049,0.08658829999990303,
iris,EntropySampler,,main,clean,0.2,27,0.05,7,0.82,0.6467113936056552,0.6006861021484542,0.7800256733683849,0.0,0.0,0.4379649442173809,1.0,0.00029909999989286007,0.006590000000187501,0.04337359999999535,
iris,EntropySampler,,main,clean,0.2,27,0.1,15,0.8,0.6084548509956607,0.5693331758489562,0.7095660691684631,0.0,0.0,0.4219419294309743,1.0,0.00014469999996435945,0.0028307000000040716,0.05307970000012574,
iris,EntropySampler,,main,clean,0.2,27,0.15,22,0.7733333333333333,0.5733194887141572,0.5325089857152956,0.5378122733886225,0.0,0.0,0.18839179955462657,1.0,0.00014380000015989935,0.002466299999923649,0.06657799999993586,
iris,EntropySampler,,main,clean,0.2,27,0.2,30,0.74,0.5422757283498312,0.49614730392856704,0.5504424716257065,0.0,0.0,0.21071545915487705,1.0,0.00012529999980870343,0.00192349999997532,0.07573230000002695,
iris,EntropySampler,,main,clean,0.2,27,0.3,45,0.8866666666666667,0.6634759006464961,0.6982937858627971,0.4808627391362716,0.0,0.0,0.15472183940815118,1.0,0.00024510000002919696,0.0025275000000419823,0.0884656000000632,
iris,EntropySampler,,main,clean,0.2,28,0.05,7,0.82,0.6245717100042641,0.5952502404261426,0.7718710177867101,0.0,0.0,0.43624985249219217,0.75,0.00043729999993047386,0.010907099999940328,0.03915480000000571,
iris,EntropySampler,,main,clean,0.2,28,0.1,15,0.8,0.6074322586169156,0.5686163319312932,0.6959488843903932,0.0,0.0,0.38879703277725997,1.0,0.00013650000005327456,0.002656200000046738,0.048136800000065705,
iris,EntropySampler,,main,clean,0.2,28,0.15,22,0.8866666666666667,0.6859104489966188,0.7073519730578179,0.5641840733417623,0.0,0.0,0.2255790204388475,1.0,0.00012379999998302083,0.0019059000001107052,0.05622809999999845,
iris,EntropySampler,,main,clean,0.2,28,0.2,30,0.9066666666666666,0.7200244844137943,0.7505714911260789,0.5325596588590545,0.0,0.0,0.18494627748602954,1.0,0.00013650000005327456,0.0019416000000092026,0.06938050000007934,
iris,EntropySampler,,main,clean,0.2,28,0.3,45,0.9333333333333333,0.7666085669519831,0.81216878332565,0.37501132184254427,0.0,0.0,0.10769609894175189,1.0,0.0006292000000485132,0.004870699999855788,0.08854339999993499,
iris,EntropySampler,,main,clean,0.2,29,0.05,7,0.8066666666666666,0.6346631359390215,0.5826262395398415,0.873743145821984,0.0,0.0,0.41154262031877975,1.0,0.0034347999999226886,0.019341700000040873,0.08199080000008507,
iris,EntropySampler,,main,clean,0.2,29,0.1,15,0.7733333333333333,0.5253208030433208,0.5072338092543361,0.7304123360126284,0.0,0.0,0.4244611079101619,1.0,0.00014069999997445848,0.0035212000000228727,0.09183759999996255,
iris,EntropySampler,,main,clean,0.2,29,0.15,22,0.7666666666666667,0.5116158209575989,0.48785222866647227,0.6741935674925266,0.0,0.0,0.3524422373957991,1.0,0.0001159000000825472,0.002041800000142757,0.09963860000016211,
iris,EntropySampler,,main,clean,0.2,29,0.2,30,0.7333333333333333,0.48007710540186294,0.4429977468511541,0.5435552193456745,0.0,0.0,0.19085568958299995,1.0,0.0001220999999986816,0.001740399999789588,0.10718440000005103,
iris,EntropySampler,,main,clean,0.2,29,0.3,45,0.7866666666666666,0.5323076029272408,0.5225860634694455,0.40354357590024126,0.0,0.0,0.11014187176363102,1.0,0.00031669999998484855,0.007303200000023935,0.14340240000001359,
iris,EntropySampler,,main,clean,0.3,0,0.05,7,0.82,0.6245717100042641,0.5952502404261426,0.7769551390464118,0.0,0.0,0.41553389555049614,1.0,0.0003994999999576976,0.010449099999959799,0.050902899999982765,
iris,EntropySampler,,main,clean,0.3,0,0.1,15,0.8,0.5847231822023438,0.5625376517800198,0.6809317894570607,0.0,0.0,0.37999387447556876,1.0,0.00019559999986995535,0.004810800000086601,0.0659290000000965,
iris,EntropySampler,,main,clean,0.3,0,0.15,22,0.7866666666666666,0.5494493258122433,0.5344465709859036,0.5773633012647382,0.0,0.0,0.2251014574668318,1.0,0.0002139999999144493,0.0035282000001188862,0.07916799999998148,
iris,EntropySampler,,main,clean,0.3,0,0.2,30,0.76,0.5159578274907144,0.49901251897432547,0.5277648056874427,0.0,0.0,0.1795940925075343,1.0,0.00018789999990076467,0.003938599999855796,0.09392440000010538,
iris,EntropySampler,,main,clean,0.3,0,0.3,45,0.8866666666666667,0.644671382851725,0.6941341256482051,0.558790613121962,0.0,0.0,0.20492346088476693,1.0,0.00020649999987654155,0.004119700000046578,0.11364759999992202,
iris,EntropySampler,,main,clean,0.3,1,0.05,7,0.8533333333333334,0.6818188711582578,0.652516389967057,0.7870988869947794,0.0,0.0,0.42407395026759354,1.0,0.00021540000011555094,0.003686600000037288,0.04233410000006188,
iris,EntropySampler,,main,clean,0.3,1,0.1,15,0.8666666666666667,0.6793486859111952,0.6724990191167027,0.6950455153115592,0.0,0.0,0.39511137030884613,1.0,0.00019979999979113927,0.007049199999983102,0.05987609999988308,
iris,EntropySampler,,main,clean,0.3,1,0.15,22,0.88,0.6779520618401871,0.6940917348420925,0.5585052731549639,0.0,0.0,0.2076072505983799,1.0,0.00012650000007852213,0.0029154000001199165,0.07074439999996684,
iris,EntropySampler,,main,clean,0.3,1,0.2,30,0.8933333333333333,0.6870537420725007,0.7185571089960386,0.5139625325273938,0.0,0.0,0.17468591522530846,1.0,0.000274799999942843,0.0042025999998713814,0.08940129999996316,
iris,EntropySampler,,main,clean,0.3,1,0.3,45,0.9133333333333333,0.7135225317878969,0.7593153377867081,0.43243334885869716,0.0,0.0,0.1384661876033272,1.0,0.00019939999992857338,0.004461999999875843,0.10864040000001296,
iris,EntropySampler,,main,clean,0.3,2,0.05,7,0.86,0.6665154497220921,0.6556007678378779,0.7796434016240117,0.0,0.0,0.43431945463511457,1.0,0.0003002999999353051,0.011578500000041458,0.06336390000001302,
iris,EntropySampler,,main,clean,0.3,2,0.1,15,0.8733333333333333,0.6847855397477762,0.6811860932350137,0.6954098897979841,0.0,0.0,0.3935642741483569,1.0,0.0002908999999817752,0.013412400000106572,0.09446720000005371,
iris,EntropySampler,,main,clean,0.3,2,0.15,22,0.8933333333333333,0.6831843682926937,0.7176155561080385,0.6260677445262918,0.0,0.0,0.30617295688274837,1.0,0.0002036999999290856,0.007264099999929385,0.11089670000001206,
iris,EntropySampler,,main,clean,0.3,2,0.2,30,0.8933333333333333,0.6883501411561034,0.7184495783329468,0.509229900628241,0.0,0.0,0.16966730063684893,1.0,0.0002853000000868633,0.006118300000025556,0.13213329999985035,
iris,EntropySampler,,main,clean,0.3,2,0.3,45,0.8933333333333333,0.6843114131018581,0.7168984462708741,0.410908724646025,0.0,0.0,0.1264151072253979,1.0,0.00020970000014131074,0.004808299999922383,0.14630880000004254,
iris,EntropySampler,,main,clean,0.3,3,0.05,7,0.8266666666666667,0.5763464073922198,0.5743488080232888,0.7629991300748029,0.0,0.0,0.41795786708780747,1.0,0.00028899999983877933,0.010132000000112384,0.052722200000062,
iris,EntropySampler,,main,clean,0.3,3,0.1,15,0.8133333333333334,0.5339044485748763,0.5444094428213122,0.6974649554114397,0.0,0.0,0.37451737898595006,1.0,0.0005536999999549153,0.005268200000045908,0.07253620000005867,
iris,EntropySampler,,main,clean,0.3,3,0.15,22,0.82,0.5092683603032087,0.5480786063534843,0.6329887198734453,0.0,0.0,0.2758416561524644,1.0,0.00012349999997240957,0.002281599999832906,0.08091630000012628,
iris,EntropySampler,,main,clean,0.3,3,0.2,30,0.7933333333333333,0.4695529572568514,0.4990652158925465,0.6360027079184087,0.0,0.0,0.2603322326924964,1.0,0.00017900000011650263,0.0022134999999252614,0.0898055000000113,
iris,EntropySampler,,main,clean,0.3,3,0.3,45,0.7466666666666667,0.3956515729899051,0.4210292105132649,0.5060656772842758,0.0,0.0,0.15818898964996825,1.0,0.00012450000008357165,0.001903899999888381,0.10391540000000532,
iris,EntropySampler,,main,clean,0.3,4,0.05,7,0.82,0.5444336149335923,0.5646759266815741,0.7546554978634619,0.0,0.0,0.4387231973745581,1.0,0.0002776000001176726,0.004799000000048181,0.04700270000012097,
iris,EntropySampler,,main,clean,0.3,4,0.1,15,0.7933333333333333,0.49276573457685763,0.5081107045016954,0.706313061850001,0.0,0.0,0.40331211109064063,1.0,0.0002196999998886895,0.005758499999956257,0.06790360000013607,
iris,EntropySampler,,main,clean,0.3,4,0.15,22,0.7866666666666666,0.47386103116255446,0.490653248055672,0.6184211652582162,0.0,0.0,0.24188870779988964,1.0,0.00019160000010742806,0.006035199999814722,0.08770520000007309,
iris,EntropySampler,,main,clean,0.3,4,0.2,30,0.7666666666666667,0.4429375768973599,0.45366181751120077,0.5392633379377632,0.0,0.0,0.17251040167233156,1.0,0.00029419999987112533,0.00482649999980822,0.10542800000007446,
iris,EntropySampler,,main,clean,0.3,4,0.3,45,0.7666666666666667,0.44249545561469944,0.4574976238472448,0.5101083020166636,0.0,0.0,0.15940054860359693,1.0,0.00016610000011496595,0.005320199999914621,0.1195305000001099,
iris,EntropySampler,,main,clean,0.3,5,0.05,7,0.8466666666666667,0.6100199908213227,0.6215984971835795,0.7864734830404394,0.0,0.0,0.4180024061498534,1.0,0.00021839999999428983,0.0036665000000084547,0.039991399999962596,
iris,EntropySampler,,main,clean,0.3,5,0.1,15,0.86,0.6111479075544889,0.6436757258849747,0.6987510258326536,0.0,0.0,0.40600038635190294,1.0,0.0003097999999681633,0.00632869999981267,0.06243140000015046,
iris,EntropySampler,,main,clean,0.3,5,0.15,22,0.8466666666666667,0.5781877805505456,0.6099555346962886,0.6321184938487685,0.0,0.0,0.29493169607165665,1.0,0.00013549999994211248,0.002528600000005099,0.07147069999996347,
iris,EntropySampler,,main,clean,0.3,5,0.2,30,0.8133333333333334,0.5239463934488512,0.544693649290114,0.6058738074308431,0.0,0.0,0.23758444084598052,1.0,0.00011610000001383014,0.002123499999925116,0.08008680000011736,
iris,EntropySampler,,main,clean,0.3,5,0.3,45,0.7666666666666667,0.44092717110154434,0.46103450055786954,0.467554612089723,0.0,0.0,0.13985443364959227,1.0,0.0001371999999264517,0.001990299999988565,0.08851630000003752,
iris,EntropySampler,,main,clean,0.3,6,0.05,7,0.8133333333333334,0.5689078020624843,0.5579573231694627,0.7798257969125683,0.0,0.0,0.44360690629129823,0.75,0.00021129999981894798,0.004352400000016132,0.03592520000006516,
iris,EntropySampler,,main,clean,0.3,6,0.1,15,0.7933333333333333,0.5155846880288252,0.515225706062535,0.7121201273992527,0.0,0.0,0.43046408551244314,0.875,0.00014989999999670545,0.0032459000001381355,0.05028949999996257,
iris,EntropySampler,,main,clean,0.3,6,0.15,22,0.78,0.4995399423296697,0.493370702906462,0.6021101848206143,0.0,0.0,0.24739704483443262,1.0,0.0003050000000257569,0.006403599999885046,0.0777990999999929,
iris,EntropySampler,,main,clean,0.3,6,0.2,30,0.7466666666666667,0.46595238583006743,0.4458447696230491,0.5760556233805538,0.0,0.0,0.2148513531142261,1.0,0.00020900000004075991,0.004203400000051261,0.09560949999990953,
iris,EntropySampler,,main,clean,0.3,6,0.3,45,0.68,0.39472794351283846,0.3566436499785529,0.4515569216865779,0.0,0.0,0.1330850979718066,1.0,0.00034370000003036694,0.004992299999912575,0.11878269999988333,
iris,EntropySampler,,main,clean,0.3,7,0.05,7,0.8466666666666667,0.6506516350006384,0.6318346055045373,0.7755426329270707,0.0,0.0,0.4476610418241872,1.0,0.00026120000006812916,0.0034994000000097003,0.03899509999996553,
iris,EntropySampler,,main,clean,0.3,7,0.1,15,0.8666666666666667,0.6759455430348182,0.6676345011234763,0.6853641215420707,0.0,0.0,0.3667111999548629,1.0,0.0001942999999755557,0.002865500000098109,0.0495679000000564,
iris,EntropySampler,,main,clean,0.3,7,0.15,22,0.8866666666666667,0.6673121756313124,0.7015368045724729,0.5865002370825483,0.0,0.0,0.24830022601636065,1.0,0.00015559999997094565,0.0020275999997920735,0.059935700000096404,
iris,EntropySampler,,main,clean,0.3,7,0.2,30,0.8933333333333333,0.6600338659097654,0.7096417114408375,0.4843951308436814,0.0,0.0,0.15711548163021727,1.0,0.0003937999999834574,0.004860700000108409,0.0767075000001114,
iris,EntropySampler,,main,clean,0.3,7,0.3,45,0.9133333333333333,0.7019393283902294,0.7576128530312675,0.4500626960909846,0.0,0.0,0.14261231297391014,1.0,0.00014949999990676588,0.0032085999998798798,0.0881877000001623,
iris,EntropySampler,,main,clean,0.3,8,0.05,7,0.8266666666666667,0.6314115971077993,0.605088412838934,0.7798187178033218,0.0,0.0,0.43512941910529424,1.0,0.0002472999999554304,0.015891600000031758,0.06077859999982138,
iris,EntropySampler,,main,clean,0.3,8,0.1,15,0.8133333333333334,0.5973633765329359,0.5807173943467727,0.7130555848887032,0.0,0.0,0.41289151454916917,1.0,0.0002575999999407941,0.005158400000027541,0.07913199999984499,
iris,EntropySampler,,main,clean,0.3,8,0.15,22,0.8,0.5706666168563683,0.556925674986641,0.5502070745488671,0.0,0.0,0.20581815812637844,1.0,0.0003692999998747837,0.0069005999998807965,0.10063259999992624,
iris,EntropySampler,,main,clean,0.3,8,0.2,30,0.7666666666666667,0.5189831353530684,0.5054044395891675,0.5010891370736152,0.0,0.0,0.1725978473701858,1.0,0.00016240000013567624,0.00240340000004835,0.11171189999981834,
iris,EntropySampler,,main,clean,0.3,8,0.3,45,0.8733333333333333,0.6273593471061839,0.6645933657083077,0.43341988992974506,0.0,0.0,0.12860705404530054,1.0,0.00016310000000885339,0.0021180000001095323,0.12802979999992203,
iris,EntropySampler,,main,clean,0.3,9,0.05,7,0.8133333333333334,0.5680575626943124,0.5630415518254495,0.768843656317202,0.0,0.0,0.42440494800062106,1.0,0.0004356000001735083,0.012848099999928309,0.06683320000001913,
iris,EntropySampler,,main,clean,0.3,9,0.1,15,0.7733333333333333,0.5321235749611047,0.51491595242841,0.6953687670832113,0.0,0.0,0.39740928747834053,0.875,0.00029810000000907166,0.006818300000077215,0.0908398000001398,
iris,EntropySampler,,main,clean,0.3,9,0.15,22,0.7733333333333333,0.4998752630551397,0.4910889165870793,0.711095761518313,0.0,0.0,0.40514280364875305,0.8571428571428571,0.000422500000013315,0.006270099999937884,0.11047260000009373,
iris,EntropySampler,,main,clean,0.3,9,0.2,30,0.74,0.465595369683707,0.44037164721673566,0.6204951562086876,0.0,0.0,0.23754747074185456,1.0,0.00020189999986541807,0.003928899999891655,0.12686760000019603,
iris,EntropySampler,,main,clean,0.3,9,0.3,45,0.6733333333333333,0.3808362092688027,0.34665470192031533,0.4589259539378329,0.0,0.0,0.1408815121760287,1.0,0.000285200000007535,0.00451840000005177,0.1431363000001511,
iris,EntropySampler,,main,clean,0.3,10,0.05,7,0.8333333333333334,0.6607920793426151,0.62055617805847,0.7797826194609442,0.0,0.0,0.4475387686017749,1.0,0.00039680000008956995,0.00872879999997167,0.05397140000013678,
iris,EntropySampler,,main,clean,0.3,10,0.1,15,0.8666666666666667,0.6612075166816721,0.6686368453260496,0.6962844459304701,0.0,0.0,0.3946810428424084,1.0,0.0003083000001424807,0.007634800000005271,0.07435780000014347,
iris,EntropySampler,,main,clean,0.3,10,0.15,22,0.8666666666666667,0.6476779872907065,0.6622770829861633,0.5577391934913016,0.0,0.0,0.198739847960627,1.0,0.0001423999999587977,0.0018560000000888977,0.08742070000016611,
iris,EntropySampler,,main,clean,0.3,10,0.2,30,0.8866666666666667,0.6733601324867501,0.7001759863444367,0.4633382511747047,0.0,0.0,0.15232821387901732,1.0,0.00014509999982692534,0.00232119999986935,0.09568290000015622,
iris,EntropySampler,,main,clean,0.3,10,0.3,45,0.9133333333333333,0.711484347884332,0.7543094563955696,0.35968232235812775,0.0,0.0,0.10067467887109151,1.0,0.0004131999999117397,0.003488500000003114,0.1079012000000148,
iris,EntropySampler,,main,clean,0.3,11,0.05,7,0.82,0.5784402447733035,0.5766654160073517,0.7935617631686626,0.0,0.0,0.4594165209799655,0.75,0.0002758999999059597,0.0034424000000399246,0.04759809999995923,
iris,EntropySampler,,main,clean,0.3,11,0.1,15,0.8,0.5359265648514161,0.5341354175576074,0.7170953129394378,0.0,0.0,0.427475362353825,0.875,0.0003167999998368032,0.0060930999998163315,0.06923549999987699,
iris,EntropySampler,,main,clean,0.3,11,0.15,22,0.78,0.500897193472344,0.4955613768490868,0.6437765954974672,0.0,0.0,0.2813430237372599,1.0,0.00019359999987500487,0.0020933999999215303,0.08326239999996687,
iris,EntropySampler,,main,clean,0.3,11,0.2,30,0.7666666666666667,0.4935641359845498,0.4736135503575383,0.4828139938095233,0.0,0.0,0.15584531579665806,1.0,0.00033679999978630804,0.006776200000103927,0.10628520000000208,
iris,EntropySampler,,main,clean,0.3,11,0.3,45,0.7,0.3889126056299442,0.3707966217268281,0.48194195387376165,0.0,0.0,0.14555577801560615,1.0,0.00031089999993128004,0.004838199999994686,0.1301520999998047,
iris,EntropySampler,,main,clean,0.3,12,0.05,7,0.84,0.6014615005666405,0.6046176516968185,0.777224550761209,0.0,0.0,0.43594697925185555,0.75,0.00021390000006249466,0.004174700000021403,0.049843900000041685,
iris,EntropySampler,,main,clean,0.3,12,0.1,15,0.82,0.5298408043757581,0.5572203824842444,0.6944777636712525,0.0,0.0,0.3742531026154782,1.0,0.00037550000001829176,0.00963569999998981,0.07689559999994344,
iris,EntropySampler,,main,clean,0.3,12,0.15,22,0.8333333333333334,0.5365959121746334,0.577089353769284,0.6296226649252447,0.0,0.0,0.2679355898097441,1.0,0.00032959999998638523,0.006828600000062579,0.09883669999999256,
iris,EntropySampler,,main,clean,0.3,12,0.2,30,0.8,0.4712901456676497,0.5101590515798263,0.6111053101785555,0.0,0.0,0.24408273401123817,1.0,0.0003019000000676897,0.00615509999988717,0.12021019999997407,
iris,EntropySampler,,main,clean,0.3,12,0.3,45,0.7333333333333333,0.37418598350151727,0.40275927025971175,0.4895397378001529,0.0,0.0,0.14629662792401277,1.0,0.00033189999999194697,0.005282699999952456,0.1432284999998501,
iris,EntropySampler,,main,clean,0.3,13,0.05,7,0.84,0.643490910543753,0.6206455945181422,0.7798888932946246,0.0,0.0,0.43525390291686183,1.0,0.00026569999999992433,0.01020779999998922,0.06526220000000649,
iris,EntropySampler,,main,clean,0.3,13,0.1,15,0.86,0.6491579102441853,0.6517841147826653,0.701937014486799,0.0,0.0,0.38760390096621083,1.0,0.00034440000013091776,0.011350500000162356,0.09266779999984465,
iris,EntropySampler,,main,clean,0.3,13,0.15,22,0.8866666666666667,0.6692491243831795,0.7014214661357396,0.5964518045388173,0.0,0.0,0.2522806012023747,1.0,0.00018390000013823737,0.003821300000026895,0.1143366999999671,
iris,EntropySampler,,main,clean,0.3,13,0.2,30,0.88,0.646767844505341,0.684828414979636,0.4888411241469258,0.0,0.0,0.15060418581265217,1.0,0.00031149999995250255,0.004598799999939729,0.13935219999984838,
iris,EntropySampler,,main,clean,0.3,13,0.3,45,0.9066666666666666,0.6935498950746738,0.7410201676199166,0.3976444174623836,0.0,0.0,0.12237976455419064,1.0,0.00032260000011774537,0.004002899999932197,0.15940139999997882,
iris,EntropySampler,,main,clean,0.3,14,0.05,7,0.8266666666666667,0.5783544847419996,0.5752769950371298,0.7642901032875804,0.0,0.0,0.42806345065842194,1.0,0.00040509999985260947,0.0131155999999919,0.06994499999996151,
iris,EntropySampler,,main,clean,0.3,14,0.1,15,0.7933333333333333,0.5128521279543564,0.5112733674262058,0.6916730977056506,0.0,0.0,0.35404915270056564,1.0,0.00030559999981960573,0.010420699999940553,0.09563819999993939,
iris,EntropySampler,,main,clean,0.3,14,0.15,22,0.7733333333333333,0.4810086586481379,0.4754826577688219,0.6137840757565679,0.0,0.0,0.25489919137740785,1.0,0.00019649999990178912,0.004181199999948149,0.11009960000001229,
iris,EntropySampler,,main,clean,0.3,14,0.2,30,0.7533333333333333,0.4414918058171842,0.43888954480130604,0.5355860530841922,0.0,0.0,0.18413089480512201,1.0,0.00018710000017563289,0.0035225999999966007,0.13383539999995264,
iris,EntropySampler,,main,clean,0.3,14,0.3,45,0.6666666666666666,0.31900211508281556,0.3132600815801179,0.4779216507621502,0.0,0.0,0.1469366572616583,1.0,0.0003374000000349042,0.005571599999939281,0.16377860000011424,
iris,EntropySampler,,main,clean,0.3,15,0.05,7,0.8066666666666666,0.5599647683104217,0.5512530270212208,0.7629790204826928,0.0,0.0,0.46392762336586757,1.0,0.00022340000009535288,0.0051536000000851345,0.04005280000001221,
iris,EntropySampler,,main,clean,0.3,15,0.1,15,0.78,0.5265550146127164,0.511678781472306,0.688805074631705,0.0,0.0,0.40512214077469233,1.0,0.00014209999994818645,0.0070639000000483065,0.05635060000008707,
iris,EntropySampler,,main,clean,0.3,15,0.15,22,0.7666666666666667,0.49817717574845644,0.4852303650055497,0.596979159023096,0.0,0.0,0.24489363356651092,1.0,0.00028919999999743595,0.004786700000067867,0.07167840000010983,
iris,EntropySampler,,main,clean,0.3,15,0.2,30,0.7266666666666667,0.42053962289712293,0.4144640548675856,0.5012632118900552,0.0,0.0,0.15447591608442102,1.0,0.00012400000014167745,0.001708099999859769,0.0801082000000406,
iris,EntropySampler,,main,clean,0.3,15,0.3,45,0.7533333333333333,0.41641965554669125,0.43329944468522036,0.4857207399504088,0.0,0.0,0.1576935807406836,1.0,0.00019309999993311067,0.0026647999998203886,0.09354510000002847,
iris,EntropySampler,,main,clean,0.3,16,0.05,7,0.8333333333333334,0.580759023123604,0.5907913046671918,0.8070829671175059,0.0,0.0,0.4578749138676559,1.0,0.00021300000003066089,0.004887699999926554,0.055060699999785356,
iris,EntropySampler,,main,clean,0.3,16,0.1,15,0.8466666666666667,0.5736490782554117,0.61011359821005,0.716738896643081,0.0,0.0,0.4303596381524143,1.0,0.00014110000006439805,0.0030080999999881897,0.06667949999996381,
iris,EntropySampler,,main,clean,0.3,16,0.15,22,0.8466666666666667,0.5673034191361285,0.6065699440674598,0.6490586862416595,0.0,0.0,0.29996238623456245,1.0,0.00033020000000760774,0.004330299999992349,0.08104439999988244,
iris,EntropySampler,,main,clean,0.3,16,0.2,30,0.8,0.4923341686908878,0.5171974077713168,0.6518677920963489,0.0,0.0,0.2789442508377207,1.0,0.00030740000011064694,0.0021569000000454253,0.09536869999988085,
iris,EntropySampler,,main,clean,0.3,16,0.3,45,0.88,0.685309471445474,0.6935141606971671,0.5030635361769653,0.0,0.0,0.15652830323664751,1.0,0.00012960000003658934,0.0020133000000441825,0.10802939999985028,
iris,EntropySampler,,main,clean,0.3,18,0.05,7,0.8266666666666667,0.6534762508409035,0.6103971645085184,0.7923803492621777,0.0,0.0,0.43200881848223405,1.0,0.00021479999986695475,0.004056699999864577,0.033900300000141215,
iris,EntropySampler,,main,clean,0.3,18,0.1,15,0.8066666666666666,0.6134283200370885,0.5773023789425321,0.7027063265972915,0.0,0.0,0.4299460601147147,1.0,0.00029429999995045364,0.006810500000028696,0.049684100000149556,
iris,EntropySampler,,main,clean,0.3,18,0.15,22,0.78,0.5789909577505428,0.5398216500966753,0.6147078642962945,0.0,0.0,0.27154817637920853,1.0,0.00012979999996787228,0.002583299999969313,0.05886869999994815,
iris,EntropySampler,,main,clean,0.3,18,0.2,30,0.7466666666666667,0.5592313379694607,0.5087476304540295,0.5367353537716995,0.0,0.0,0.16502190975138176,1.0,0.00014950000013413955,0.0016491000001224165,0.06774399999994785,
iris,EntropySampler,,main,clean,0.3,18,0.3,45,0.8466666666666667,0.6073762938424858,0.6234811319857054,0.5489399013499191,0.0,0.0,0.20001719952001001,1.0,0.00014800000008108327,0.0031903999999940424,0.08074310000006335,
iris,EntropySampler,,main,clean,0.3,17,0.05,7,0.8333333333333334,0.5724155816667613,0.591074989499268,0.7884692323519491,0.0,0.0,0.43276390813861965,1.0,0.00030010000000402215,0.0095518999999058,0.05107380000004014,
iris,EntropySampler,,main,clean,0.3,17,0.1,15,0.8266666666666667,0.5291489875714434,0.5677148881114229,0.7024128644978389,0.0,0.0,0.4105832383186671,1.0,0.0002021000000240747,0.004705899999862595,0.06690070000013293,
iris,EntropySampler,,main,clean,0.3,17,0.15,22,0.8333333333333334,0.529265125796476,0.5763868815707157,0.6006647712344707,0.0,0.0,0.24917544453011992,1.0,0.00021309999988261552,0.0023188000000118336,0.0771193000000494,
iris,EntropySampler,,main,clean,0.3,17,0.2,30,0.84,0.5454979783869827,0.5907323080912023,0.5845609208013525,0.0,0.0,0.2232193225642961,1.0,0.00020739999990837532,0.002134200000000419,0.08855390000007901,
iris,EntropySampler,,main,clean,0.3,17,0.3,45,0.7933333333333333,0.4854371405935299,0.5111693818792189,0.48527264434687095,0.0,0.0,0.1595575314968751,1.0,0.0001388000000588363,0.0020124999998643034,0.1000218000001496,
iris,EntropySampler,,main,clean,0.3,19,0.05,7,0.8266666666666667,0.5964803216540076,0.5886445288127852,0.7677120829608076,0.0,0.0,0.43729853917698414,0.75,0.00022459999991042423,0.004704199999878256,0.03180320000001302,
iris,EntropySampler,,main,clean,0.3,19,0.1,15,0.7866666666666666,0.4953531912779506,0.5054108102163917,0.6992296644971285,0.0,0.0,0.3932419108282254,1.0,0.00015050000001792796,0.0035352999998394807,0.043309500000077605,
iris,EntropySampler,,main,clean,0.3,19,0.15,22,0.7733333333333333,0.4825784931694482,0.485916666328011,0.619398784754605,0.0,0.0,0.24769306375528446,1.0,0.00013699999999516876,0.0027026000000205386,0.052929100000028484,
iris,EntropySampler,,main,clean,0.3,19,0.2,30,0.74,0.4478089087179351,0.43995161009714395,0.6117168522069302,0.0,0.0,0.24833110901307787,1.0,0.00012979999996787228,0.002356700000063938,0.06123410000009244,
iris,EntropySampler,,main,clean,0.3,19,0.3,45,0.6666666666666666,0.3526222772479008,0.3388227590435974,0.4833992862861816,0.0,0.0,0.14876273538115076,1.0,0.00029489999997167615,0.0017780999999104097,0.07038210000018807,
iris,EntropySampler,,main,clean,0.3,20,0.05,7,0.8266666666666667,0.6313509090857214,0.6014229605567941,0.7818479900611778,0.0,0.0,0.4172530046009928,1.0,0.0003019000000676897,0.00573420000000624,0.08180579999998372,
iris,EntropySampler,,main,clean,0.3,20,0.1,15,0.86,0.6467873675380258,0.6519520414229761,0.6966616920805866,0.0,0.0,0.409541334163949,1.0,0.0002241000001959037,0.011958000000049651,0.1448345999999674,
iris,EntropySampler,,main,clean,0.3,20,0.15,22,0.8733333333333333,0.6652155338839818,0.677898540373389,0.6075586276181445,0.0,0.0,0.27374512385728694,1.0,0.00020700000004580943,0.00372020000008888,0.15878550000002178,
iris,EntropySampler,,main,clean,0.3,20,0.2,30,0.8866666666666667,0.6589051715894538,0.6984347201593027,0.49167823524049536,0.0,0.0,0.15585938746469158,1.0,0.0001922999999806052,0.003256400000054782,0.171757899999875,
iris,EntropySampler,,main,clean,0.3,20,0.3,45,0.9,0.6571197384373731,0.7223491711144118,0.37973324248506196,0.0,0.0,0.10831660299577336,1.0,0.006564700000126322,0.0030289000001175737,0.19858849999991435,
iris,EntropySampler,,main,clean,0.3,21,0.05,7,0.82,0.5644367980669339,0.5669428992457981,0.7643567153846,0.0,0.0,0.4490634769736298,0.75,0.00035469999988890777,0.01125240000010308,0.05429939999999078,
iris,EntropySampler,,main,clean,0.3,21,0.1,15,0.8066666666666666,0.49234940624938095,0.5266677813074737,0.6854649014622187,0.0,0.0,0.39067827940008015,1.0,0.00021950000018478022,0.007216400000061185,0.08163149999995767,
iris,EntropySampler,,main,clean,0.3,21,0.15,22,0.8133333333333334,0.4855897650084687,0.5311585383228243,0.603680621905353,0.0,0.0,0.22881579611177763,1.0,0.00030259999994086684,0.00620600000002014,0.11458420000008118,
iris,EntropySampler,,main,clean,0.3,21,0.2,30,0.7933333333333333,0.4504762738676983,0.4922087491737373,0.5169509086100742,0.0,0.0,0.1711722795657548,1.0,0.0005175000001145236,0.0042855000001509325,0.1413763000000472,
iris,EntropySampler,,main,clean,0.3,21,0.3,45,0.7266666666666667,0.35118038033362126,0.3758228605625374,0.44203820935617766,0.0,0.0,0.12959600903515012,1.0,0.0017165999997814652,0.005651899999975285,0.16686699999991106,
iris,EntropySampler,,main,clean,0.3,22,0.05,7,0.8266666666666667,0.5814316460172998,0.5832054421768708,0.7681480069029284,0.0,0.0,0.4682244001407248,1.0,0.00044610000009015494,0.010285999999950945,0.08261080000011134,
iris,EntropySampler,,main,clean,0.3,22,0.1,15,0.7933333333333333,0.5307376442490709,0.5255286994680018,0.6860062723781755,0.0,0.0,0.38235487406563506,1.0,0.00021740000011050142,0.010340799999994488,0.11021389999996245,
iris,EntropySampler,,main,clean,0.3,22,0.15,22,0.7866666666666666,0.5018185648272159,0.5007428673183237,0.5842093801949781,0.0,0.0,0.2182152341419385,1.0,0.0003202000000328553,0.01409919999991871,0.13892869999995128,
iris,EntropySampler,,main,clean,0.3,22,0.2,30,0.7533333333333333,0.46491662714622073,0.44896509465167855,0.49168881406233245,0.0,0.0,0.15353686233619437,1.0,0.0002655000000686414,0.007334399999990637,0.15781230000015967,
iris,EntropySampler,,main,clean,0.3,22,0.3,45,0.84,0.611047103464386,0.6118132289592048,0.4396412820508723,0.0,0.0,0.1332393740402745,1.0,0.00020610000001397566,0.003527200000007724,0.18166740000015125,
iris,EntropySampler,,main,clean,0.3,23,0.05,7,0.52,0.577729816914742,0.4201867708268508,0.931013543078127,0.0,0.0,0.4528885025839302,0.75,0.0002952000002096611,0.01606450000008408,0.06153709999989587,
iris,EntropySampler,,main,clean,0.3,23,0.1,15,0.7266666666666667,0.4313426920609341,0.42070004295742863,0.7082821070009255,0.0,0.0,0.33954513954054744,1.0,0.0003636999999798718,0.022202599999900485,0.10370639999996456,
iris,EntropySampler,,main,clean,0.3,23,0.15,22,0.74,0.42700943253591434,0.4172057121949178,0.7245371153691034,0.0,0.0,0.3995338987434475,1.0,0.00029640000002473244,0.010103599999865764,0.14248739999993631,
iris,EntropySampler,,main,clean,0.3,23,0.2,30,0.74,0.40659268910053825,0.4086605532394534,0.7407675048365953,0.0,0.0,0.38588790143149565,1.0,0.0003057000001263077,0.011362599999984013,0.1702056999999968,
iris,EntropySampler,,main,clean,0.3,23,0.3,45,0.7266666666666667,0.3799462638761055,0.3987678175014555,0.6125359384973675,0.0,0.0,0.26970263545852624,1.0,0.00019879999990735087,0.010139200000139681,0.1955586999999923,
iris,EntropySampler,,main,clean,0.3,24,0.05,7,0.8266666666666667,0.5652130505525189,0.5828577799714192,0.7664914337141295,0.0,0.0,0.4216917373964145,1.0,0.0004602999999860913,0.011935400000083973,0.07542880000005425,
iris,EntropySampler,,main,clean,0.3,24,0.1,15,0.8133333333333334,0.5177895198106762,0.5433711936299237,0.6922390572002891,0.0,0.0,0.38201305147060094,1.0,0.00031160000003183086,0.009874799999806783,0.10518170000000282,
iris,EntropySampler,,main,clean,0.3,24,0.15,22,0.7933333333333333,0.5796031584652579,0.5543846484287913,0.6180656787020513,0.0,0.0,0.25125741281283026,1.0,0.00031669999998484855,0.012107999999898311,0.13233489999993253,
iris,EntropySampler,,main,clean,0.3,24,0.2,30,0.76,0.5413428029891212,0.5119496804036663,0.5006972573657616,0.0,0.0,0.154791997045027,1.0,0.0003065999999307678,0.006094500000017433,0.15607380000005833,
iris,EntropySampler,,main,clean,0.3,24,0.3,45,0.8666666666666667,0.6273248989871723,0.6572925709612252,0.4457596006834696,0.0,0.0,0.13906475517496247,1.0,0.00030949999995755206,0.009723200000053112,0.1826123999999254,
iris,EntropySampler,,main,clean,0.3,25,0.05,7,0.8066666666666666,0.542618709155777,0.547760631575224,0.767183669211229,0.0,0.0,0.4806464384842469,1.0,0.00041770000007090857,0.012759800000139876,0.06948959999999715,
iris,EntropySampler,,main,clean,0.3,25,0.1,15,0.8,0.5242652096672396,0.5315287026804393,0.7015462221866855,0.0,0.0,0.3674563996683605,1.0,0.00027060000002165907,0.012831099999857543,0.09823549999987335,
iris,EntropySampler,,main,clean,0.3,25,0.15,22,0.78,0.4888902783798659,0.4931332727665313,0.6205081007816896,0.0,0.0,0.2790239765881961,1.0,0.0003114000001005479,0.008497799999986455,0.12255659999982527,
iris,EntropySampler,,main,clean,0.3,25,0.2,30,0.74,0.4216522893938883,0.4263990563842853,0.49056886202269046,0.0,0.0,0.16028142336152035,1.0,0.00030940000010559743,0.004321099999970102,0.1408598999998958,
iris,EntropySampler,,main,clean,0.3,25,0.3,45,0.68,0.34471785316316433,0.3345264046223761,0.4085602102702361,0.0,0.0,0.11466195180918785,1.0,0.00020030000018778082,0.004009400000086316,0.16071769999985008,
iris,EntropySampler,,main,clean,0.3,26,0.05,7,0.8066666666666666,0.5737808212995633,0.5566797405894285,0.772054160477175,0.0,0.0,0.44133229941179775,0.75,0.0008414999999786232,0.012409700000034718,0.06960490000005848,
iris,EntropySampler,,main,clean,0.3,26,0.1,15,0.8,0.5074599078748105,0.5240961809390671,0.6990470339581601,0.0,0.0,0.4090217803119709,1.0,0.0003179999998792482,0.008723700000018653,0.09430030000021361,
iris,EntropySampler,,main,clean,0.3,26,0.15,22,0.78,0.4554869026691666,0.4760947065153816,0.6221369383644259,0.0,0.0,0.25149986250884265,1.0,0.00019599999995989492,0.006094999999959327,0.11512160000006588,
iris,EntropySampler,,main,clean,0.3,26,0.2,30,0.7733333333333333,0.4563555615953041,0.46336021363692265,0.5278392440474293,0.0,0.0,0.18202794894309232,1.0,0.0002021000000240747,0.004387399999814079,0.13749100000018188,
iris,EntropySampler,,main,clean,0.3,26,0.3,45,0.7066666666666667,0.3559149098343188,0.35443106167432326,0.5120239720830956,0.0,0.0,0.1591500686781156,1.0,0.00021739999988312775,0.004244600000220089,0.1607589000000189,
iris,EntropySampler,,main,clean,0.3,27,0.05,7,0.82,0.6467113936056552,0.6006861021484542,0.7800256733683849,0.0,0.0,0.4379649442173809,1.0,0.00035869999987880874,0.009963599999991857,0.05556960000012623,
iris,EntropySampler,,main,clean,0.3,27,0.1,15,0.8066666666666666,0.6147770086941368,0.5781796625849676,0.7095660691684631,0.0,0.0,0.4219419294309743,1.0,0.0003113000000212196,0.007108900000048379,0.07686469999998735,
iris,EntropySampler,,main,clean,0.3,27,0.15,22,0.78,0.5566666230188676,0.5335200648131939,0.555512846419224,0.0,0.0,0.20061580335087223,1.0,0.00020139999992352386,0.0038223999999900116,0.09048219999999674,
iris,EntropySampler,,main,clean,0.3,27,0.2,30,0.74,0.5201828854143348,0.48922229092763153,0.4902759853713961,0.0,0.0,0.1558578805994657,1.0,0.00030430000015257974,0.0029536000001826324,0.10596699999996417,
iris,EntropySampler,,main,clean,0.3,27,0.3,45,0.84,0.5957485424870673,0.6089842855613857,0.4377272935457402,0.0,0.0,0.13246605737647751,1.0,0.0001578999999765074,0.0025683999999728258,0.11543189999997594,
iris,EntropySampler,,main,clean,0.3,28,0.05,7,0.82,0.6245717100042641,0.5952502404261426,0.7718710177867101,0.0,0.0,0.43624985249219217,0.75,0.00035720000005312613,0.009747099999913189,0.04890749999981381,
iris,EntropySampler,,main,clean,0.3,28,0.1,15,0.8,0.5847231822023438,0.5625376517800198,0.6959488843903932,0.0,0.0,0.38879703277725997,1.0,0.000207400000135749,0.005573999999796797,0.06533379999996214,
iris,EntropySampler,,main,clean,0.3,28,0.15,22,0.78,0.5303062669205834,0.521069763709051,0.5841915369509458,0.0,0.0,0.239978611431428,1.0,0.00020810000000892614,0.0033264999999573774,0.08089769999992313,
iris,EntropySampler,,main,clean,0.3,28,0.2,30,0.8666666666666667,0.6188229516427071,0.6557918252411079,0.48388626626346476,0.0,0.0,0.15296504333715144,1.0,0.00018369999997958075,0.0034278000000540487,0.09554559999992307,
iris,EntropySampler,,main,clean,0.3,28,0.3,45,0.8933333333333333,0.6566531673770168,0.7100253324200615,0.5009676388441003,0.0,0.0,0.17196554530856017,1.0,0.00031780000017533894,0.004846499999985099,0.11424130000000332,
