dataset,method,ablation,study,expert,eta,seed,budget_frac,budget_count,ACC,NMI,ARI,zeta_t,kappa,delta_mis_proxy,sel_boundary_margin,argmax_retention,sel_time,retrain_time,total_time,error
shuttle,P2_Full,,newdata,clean,0.0,0,0.05,249,0.6423854312587552,0.3833586708659633,0.35556864408492267,-0.08174907737028439,1.0,0.08553180646161428,0.20509655760569487,0.7333333333333333,4.398294599999645,0.4652169999990292,5.620048900000256,
shuttle,P2_Full,,newdata,clean,0.0,0,0.1,499,0.47488493095857515,0.3151223655858319,0.1754097048366996,-0.07745839885164199,1.0,0.08968469359065376,0.19406668910881958,0.724,6.723302899999908,0.9112205999990692,14.383475599999656,
shuttle,P2_Full,,newdata,clean,0.0,0,0.15,749,0.4692815689413648,0.39437974009966065,0.2331989260883653,-0.07533519648139947,1.0,0.08503997076801144,0.2077768963869573,0.696,6.9325170000010985,1.210742700000992,22.958643199999642,
shuttle,P2_Full,,newdata,clean,0.0,0,0.2,999,0.5027016209725835,0.46772739897584326,0.2637573166689957,-0.07487616854449924,1.0,0.085772649023466,0.20113132106564166,0.772,7.445589299999483,0.7095917000006011,32.11729589999959,
shuttle,P2_Full,,newdata,clean,0.0,0,0.3,1499,0.5053031819091455,0.4807644546038405,0.31981114547550055,-0.07387888999560414,1.0,0.08610631663846595,0.17447283502615987,0.762,18.22724250000101,0.6121526999995694,52.4824023000001,
shuttle,P2_Full,,newdata,clean,0.0,1,0.05,249,0.47828697218331,0.34425387256146134,0.21855992777695574,-0.07826435221421336,1.0,0.08646043656552796,0.22727094202335418,0.6866666666666666,8.713855799998782,1.16872229999899,10.217284800000925,
shuttle,P2_Full,,newdata,clean,0.0,1,0.1,499,0.5221132679607765,0.3762622680623977,0.24789287669379756,-0.08179126349445624,1.0,0.08537959219141304,0.18741181660547798,0.732,8.560581899999306,0.6720538999998098,19.982753199999934,
shuttle,P2_Full,,newdata,clean,0.0,1,0.15,749,0.3790274164498699,0.28965802826757825,0.12013854132829022,-0.07868402656148,1.0,0.08545647015821924,0.17614655923730158,0.736,7.631966200000534,0.4474725000000035,29.42936980000013,
shuttle,P2_Full,,newdata,clean,0.0,1,0.2,999,0.4448669201520912,0.4141676094059331,0.22480221639040737,-0.07141897393856522,1.0,0.08343716722017563,0.21823148880269086,0.672,8.57341390000147,1.3401111000002857,40.465521300000546,
shuttle,P2_Full,,newdata,clean,0.0,1,0.3,1499,0.4660796477886732,0.33196278745413116,0.15017314047872504,-0.07408441545731609,1.0,0.08335258412323679,0.19272465676322714,0.754,19.6559957999998,1.5058079999998881,63.42783210000016,
shuttle,P2_Full,,newdata,clean,0.0,2,0.05,249,0.49949969981989195,0.2742106636345896,0.17030448391739758,-0.0781156172849842,1.0,0.08281436223421411,0.22544389069449067,0.7133333333333334,8.477648599999156,0.9111012999983359,10.126916499999425,
shuttle,P2_Full,,newdata,clean,0.0,2,0.1,499,0.5035021012607565,0.3382258735465826,0.20828420625085434,-0.08039886691279924,1.0,0.08427881897194789,0.18823484696631448,0.744,9.68681479999941,1.2197648000001209,21.512746200000038,
shuttle,P2_Full,,newdata,clean,0.0,2,0.15,749,0.5021012607564539,0.33658335431065894,0.18440681029588696,-0.0810632830539281,1.0,0.08516723130809029,0.14964743539255373,0.788,8.831854100000783,0.4558627999995224,31.784172300000137,
shuttle,P2_Full,,newdata,clean,0.0,2,0.2,999,0.5289173504102461,0.3532735834053874,0.19349338334457367,-0.07871374383125146,1.0,0.0828349669851518,0.15978122762365468,0.828,7.924542900000233,1.2325495000004594,41.95782320000035,
shuttle,P2_Full,,newdata,clean,0.0,2,0.3,1499,0.42945767460476286,0.34246282972425407,0.13891403237194574,-0.0780025727542909,1.0,0.0854004972717694,0.16890090139344044,0.834,21.304275399999824,1.5744142999992619,65.94292490000043,
shuttle,P2_Full,,newdata,clean,0.0,3,0.05,249,0.5499299579747848,0.33535384489565884,0.21394734419533087,-0.07183798477996924,1.0,0.08435364049229988,0.21472765282483153,0.7066666666666667,7.851197500000126,0.34156810000058613,9.414496199999121,
shuttle,P2_Full,,newdata,clean,0.0,3,0.1,499,0.5251150690414249,0.31121027904540927,0.20394020093879225,-0.0831784597243508,1.0,0.08514622584232286,0.1926337331061121,0.724,8.474589199999173,0.7792688999998063,19.323926899998696,
shuttle,P2_Full,,newdata,clean,0.0,3,0.15,749,0.5445267160296178,0.36142425595944766,0.22170240462577656,-0.08006664208626942,1.0,0.08342211675789893,0.17080848936808557,0.78,9.82397359999959,1.0356210999998439,31.32042619999993,
shuttle,P2_Full,,newdata,clean,0.0,3,0.2,999,0.46427856714028415,0.3978845281212971,0.24782971574198184,-0.07860838621895333,1.0,0.08826051030147342,0.15100075708269303,0.828,9.609560499999134,1.347194899999522,43.619711199999074,
shuttle,P2_Full,,newdata,clean,0.0,3,0.3,1499,0.43105863518110865,0.3470086486332198,0.1416911049525576,-0.0713313315948143,1.0,0.08462735743889938,0.21300810946405233,0.71,16.188476899998932,1.1615036000002874,62.00696979999884,
shuttle,P2_Full,,newdata,clean,0.0,4,0.05,249,0.44266559935961575,0.3251289302844514,0.20622654230421286,-0.07756859341183153,1.0,0.08668868659634346,0.19786956265894767,0.7466666666666667,7.415148500000214,0.6259542000007059,8.549332999999024,
shuttle,P2_Full,,newdata,clean,0.0,4,0.1,499,0.4448669201520912,0.3336534495173863,0.20099716914568427,-0.07661157204524946,1.0,0.08381278333599847,0.1768738869325082,0.796,6.024389700000029,0.6544075000001612,15.720908799999961,
shuttle,P2_Full,,newdata,clean,0.0,4,0.15,749,0.48709225535321193,0.3547466313295286,0.21741861005440782,-0.07584547682354233,1.0,0.08279066977669226,0.1934939463992734,0.784,9.059608599998683,0.37339459999930114,25.80250579999847,
shuttle,P2_Full,,newdata,clean,0.0,4,0.2,999,0.49649789873924355,0.34806264808545373,0.20924214706918093,-0.08137796735432681,1.0,0.08421837719180962,0.18192404329210377,0.76,7.387519500000053,0.6528937999992195,34.34871759999987,
shuttle,P2_Full,,newdata,clean,0.0,4,0.3,1499,0.508505103061837,0.44664470838356957,0.23691472285952958,-0.07850796260810217,1.0,0.0835603809798512,0.16750037558390443,0.82,17.823756600000706,0.8261798999992607,54.00487679999969,
shuttle,P2_Full,,newdata,clean,0.0,5,0.05,249,0.4412647588553132,0.2921182168978359,0.15852810033056375,-0.07721672614476781,1.0,0.08455612749574055,0.22350477876079555,0.7,8.637538199998744,0.32560709999961546,9.901577699998597,
shuttle,P2_Full,,newdata,clean,0.0,5,0.1,499,0.3588152891735041,0.3159206197513842,0.12241981354334139,-0.07920197767823996,1.0,0.08162993876139989,0.18976236844029507,0.72,7.8433022999997775,0.30249259999982314,18.88289899999836,
shuttle,P2_Full,,newdata,clean,0.0,5,0.15,749,0.3672203321993196,0.32013202275750857,0.12184861899897456,-0.06815348979864515,1.0,0.08378965484577137,0.22295986852770797,0.668,8.78067700000065,0.4803360999994766,28.66673869999977,
shuttle,P2_Full,,newdata,clean,0.0,5,0.2,999,0.4026415849509706,0.37741392950793984,0.13173850998501352,-0.07242259852230852,1.0,0.08456729707955261,0.20935357744682984,0.716,8.753105799998593,0.5304305999998178,38.304172299998754,
shuttle,P2_Full,,newdata,clean,0.0,5,0.3,1499,0.46087652591554934,0.43676411473920906,0.20353416896354662,-0.07090722587851907,1.0,0.08603436977198747,0.18236852782247343,0.792,15.178121700000702,0.36060080000061134,56.43550429999959,
shuttle,P2_Full,,newdata,clean,0.0,6,0.05,249,0.721032619571743,0.38131064051963964,0.4505204307120245,-0.0796281155412873,1.0,0.09657241133843228,0.20480901298438137,0.7466666666666667,7.708682700000281,0.598967599999014,8.741910199998529,
shuttle,P2_Full,,newdata,clean,0.0,6,0.1,499,0.754652791675005,0.38227909630743,0.3819895132166098,-0.0802046985171194,1.0,0.09701326336827731,0.17598420760232944,0.8,7.8420388999984425,0.6000917000001209,17.548485899998923,
shuttle,P2_Full,,newdata,clean,0.0,6,0.15,749,0.6403842305383229,0.3929671474561492,0.3379134263650371,-0.07806260448885953,1.0,0.09938629688619398,0.19541229202797814,0.864,7.942509799999243,0.3494749999990745,26.463368799999444,
shuttle,P2_Full,,newdata,clean,0.0,6,0.2,999,0.4396637982789674,0.3709675950936971,0.18025330883990157,-0.07163608948069984,1.0,0.09077636629525636,0.2348952034788241,0.74,8.729140299999926,0.8350832999985869,36.708753400000205,
shuttle,P2_Full,,newdata,clean,0.0,6,0.3,1499,0.5993596157694617,0.38088941439327284,0.24333800792794338,-0.07095862851379736,1.0,0.08515022634466003,0.22549152100369538,0.718,15.69110609999916,0.9244996999987052,53.82992479999848,
shuttle,P2_Full,,newdata,clean,0.0,7,0.05,249,0.5115069041424855,0.38607410743177517,0.2532514562975978,-0.07723377060316035,1.0,0.08711697211404695,0.21686214475614188,0.72,7.157197700000324,1.175782000000254,8.908356500000082,
shuttle,P2_Full,,newdata,clean,0.0,7,0.1,499,0.5397238343005804,0.34973830591937954,0.21451855115658525,-0.08043576887034924,1.0,0.08570475219564523,0.18247567352433725,0.776,6.366980099999637,0.9949966999993194,16.81222979999984,
shuttle,P2_Full,,newdata,clean,0.0,7,0.15,749,0.5321192715629378,0.34731278160326307,0.2164793910603865,-0.08255902266908385,1.0,0.08683432260281464,0.15328203824542044,0.792,5.411032199999681,0.5919400000002497,23.569051200000104,
shuttle,P2_Full,,newdata,clean,0.0,7,0.2,999,0.38463077846708027,0.34214170075981487,0.13617672096196082,-0.07273520719520894,1.0,0.08587212339336893,0.2012068876494632,0.744,8.787684999999328,0.6453700000001845,33.69942959999935,
shuttle,P2_Full,,newdata,clean,0.0,7,0.3,1499,0.44806884130478286,0.42192428232841833,0.21295332186734384,-0.06912405296007282,1.0,0.08649393731628817,0.21511233441138677,0.728,16.560871899999256,1.4499520000008488,52.52624000000105,
shuttle,P2_Full,,newdata,clean,0.1,0,0.05,249,0.6463878326996197,0.3945089226006272,0.3658002694205117,-0.08267023105727653,1.0,0.08557551416431593,0.20581700703793393,0.7666666666666667,7.07483239999965,0.7762058999996952,8.464645300000484,
shuttle,P2_Full,,newdata,clean,0.1,0,0.1,499,0.4640784470682409,0.28215282405707076,0.17188422620745708,-0.07694383103722717,1.0,0.08975553867627734,0.19868258290897564,0.772,6.323681600000782,0.5329375999990589,16.04819730000054,
shuttle,P2_Full,,newdata,clean,0.1,0,0.15,749,0.48268961376826097,0.3506422005130245,0.23945222767614363,-0.07920803858731217,1.0,0.08283651978262445,0.1604649182172849,0.772,7.114210100000491,1.1813863999996101,25.20198370000071,
shuttle,P2_Full,,newdata,clean,0.1,0,0.2,999,0.36521913147888735,0.3449311014823217,0.15894395806079553,-0.0778251379085036,1.0,0.0860751423488747,0.19897051951073808,0.724,6.284894299998996,1.1116597000000183,33.68067719999999,
shuttle,P2_Full,,newdata,clean,0.1,0,0.3,1499,0.4086451871122674,0.33904912026907996,0.16742077313741388,-0.07321932077991455,1.0,0.08523904980478254,0.18420632740783843,0.786,14.294825299999502,1.1319690000000264,49.819369099999676,
shuttle,P2_Full,,newdata,clean,0.1,1,0.05,249,0.4760856513908345,0.34319320101147754,0.2146405988985772,-0.07275920637309516,1.0,0.08388836323622721,0.2237748742562221,0.6666666666666666,5.703002600001128,0.6034204999996291,6.669341000000713,
shuttle,P2_Full,,newdata,clean,0.1,1,0.1,499,0.36621973183910345,0.26323937213198123,0.10581505196779264,-0.07716717941631497,1.0,0.08519686004592567,0.17654696264007924,0.812,5.662509900001169,0.4063850000002276,13.376161500000308,
shuttle,P2_Full,,newdata,clean,0.1,1,0.15,749,0.5113067840704423,0.2739080759632777,0.1742705884498807,-0.0740527521689382,1.0,0.0819875636526115,0.22099132606331723,0.668,7.23395359999995,0.44986839999910444,22.179316499999914,
shuttle,P2_Full,,newdata,clean,0.1,1,0.2,999,0.38142885731438864,0.3008210537496187,0.12479310493771838,-0.06383491948322953,1.0,0.08248551230590577,0.21247268710329847,0.76,6.087269200001174,0.9839786000011372,30.225401100000454,
shuttle,P2_Full,,newdata,clean,0.1,1,0.3,1499,0.4132479487692616,0.34385634363569645,0.17174221636196066,-0.06829310261334444,1.0,0.08388989226819095,0.22104215810549915,0.726,11.064061699999002,0.8132665000011912,43.02260770000066,
shuttle,P2_Full,,newdata,clean,0.1,2,0.05,249,0.5091054632779668,0.3309949969195812,0.22789372475368286,-0.07754561846093405,1.0,0.08269971864080822,0.24279584122754527,0.6466666666666666,4.924930099999983,0.20435729999917385,5.447320299999774,
shuttle,P2_Full,,newdata,clean,0.1,2,0.1,499,0.47568541124674807,0.2558596079524779,0.14791465313521182,-0.0762578458649964,1.0,0.08559724745832206,0.18521062641725927,0.772,6.42290309999953,0.24458550000053947,12.959169600000678,
shuttle,P2_Full,,newdata,clean,0.1,2,0.15,749,0.48188913348008805,0.27929079229820997,0.1784189881352306,-0.07744764941447006,1.0,0.0841086450801873,0.18963253092020071,0.756,5.918385099999796,1.099624300000869,20.765931800000544,
shuttle,P2_Full,,newdata,clean,0.1,2,0.2,999,0.37042225335201123,0.3045414340580794,0.1274472933395873,-0.076029538201848,1.0,0.08296684123536217,0.17475616493719975,0.768,5.821357599999828,1.1489934000001085,28.544844000000012,
shuttle,P2_Full,,newdata,clean,0.1,2,0.3,1499,0.40704422653592154,0.3690003892178642,0.1777736810390321,-0.06764035715791544,1.0,0.08484274626561716,0.22201607990740363,0.704,12.505555700001423,0.6297532999997202,43.16525019999972,
shuttle,P2_Full,,newdata,clean,0.1,3,0.05,249,0.4960976585951571,0.3412490015386618,0.22936032788090321,-0.08115393536639899,1.0,0.08612488734214015,0.19371825541102686,0.7866666666666666,5.147595599999477,0.7015933000002406,6.1431873999990785,
shuttle,P2_Full,,newdata,clean,0.1,3,0.1,499,0.5307184310586351,0.31865881759472975,0.20355739822845867,-0.07621007819155008,1.0,0.08394154178595173,0.19231338540181925,0.772,7.461846400001377,0.26856600000064645,14.45143619999908,
shuttle,P2_Full,,newdata,clean,0.1,3,0.15,749,0.5193115869521713,0.3043647092142857,0.195292683179811,-0.07897529988746012,1.0,0.0857853786306321,0.18889869901355597,0.716,5.180553999998665,0.9675879999995232,21.02313099999992,
shuttle,P2_Full,,newdata,clean,0.1,3,0.2,999,0.36682009205523314,0.34455479272489214,0.16892603721855698,-0.07274540891518709,1.0,0.08558964886541119,0.2036174687145379,0.768,5.361490299999787,0.3314688999998907,27.44181260000005,
shuttle,P2_Full,,newdata,clean,0.1,3,0.3,1499,0.42585551330798477,0.29795001670427695,0.12897816795004224,-0.06400892100284356,1.0,0.0827918038000156,0.2341349623679846,0.72,12.201566599998841,0.8068597000001319,41.508917299999666,
shuttle,P2_Full,,newdata,,0.1,4,0,,0,0,0,,,,,,,,,"MemoryError((3998, 3998), dtype('float64'))
Traceback (most recent call last):
  File ""D:\P2OLSAL_FSS\experiments\run_p2_single.py"", line 83, in main
    rows = run_one(ds_name, m, state, expert='clean', eta=eta, seed=seed,
                   budgets=BUDGETS)
  File ""D:\P2OLSAL_FSS\experiments\src\runner_generic.py"", line 108, in run_one
    sel_result = method.select(X, U, V, labeled_mask, budget_count, c,
                               y_true=y_true, seed=seed)
  File ""D:\P2OLSAL_FSS\experiments\src\p2_method.py"", line 65, in select
    alpha, _ = compute_alpha(R, nu)
               ~~~~~~~~~~~~~^^^^^^^
  File ""D:\P2OLSAL_FSS\experiments\src\robust_selection.py"", line 101, in compute_alpha
    D = np.diag(R.sum(axis=1))
  File ""C:\Users\FJZ\AppData\Local\Doubao\User Data\sandbox_runtime\bases\c98c5042338ed152c6f10ecd8591889f\python\Lib\site-packages\numpy\lib\_twodim_base_impl.py"", line 320, in diag
    res = zeros((n, n), v.dtype)
numpy._core._exceptions._ArrayMemoryError: Unable to allocate 122. MiB for an array with shape (3998, 3998) and data type float64
"
shuttle,P2_Full,,newdata,clean,0.1,5,0.05,249,0.3544126475885531,0.3035793026009211,0.14706413810829924,-0.07467490264211747,1.0,0.08404534439539132,0.22567493239231234,0.7,4.71304869999949,0.21610119999968447,5.364517500000147,
shuttle,P2_Full,,newdata,clean,0.1,5,0.1,499,0.35861516910146085,0.30812779185681444,0.12476370703744677,-0.06978229297874142,1.0,0.08000182752271842,0.22370185756065547,0.684,5.973552900000868,0.5502500000002328,12.392106799999965,
shuttle,P2_Full,,newdata,clean,0.1,5,0.15,749,0.3934360616369822,0.3483046710240884,0.12828637101757084,-0.07183046800710403,1.0,0.08430859689859226,0.20032852961794645,0.732,7.2484641000010015,0.5189074999998411,20.98395730000084,
shuttle,P2_Full,,newdata,clean,0.1,5,0.2,999,0.3874324594756854,0.3383361942579498,0.12670511708523932,-0.07230703844626936,1.0,0.08406597945201451,0.20295761855009342,0.716,6.296417699999438,0.46247479999874486,28.415003399999478,
shuttle,P2_Full,,newdata,clean,0.1,5,0.3,1499,0.42545527316389836,0.3673515578511584,0.18225852939557505,-0.06846294773144496,1.0,0.0842045478557802,0.18967269657569302,0.774,13.468332700000246,0.5757207999995444,44.0805634999997,
shuttle,P2_Full,,newdata,clean,0.1,6,0.05,249,0.495097058234941,0.30444871866883616,0.18220064131235206,-0.07540860708497477,1.0,0.08525467186183201,0.1999982432545278,0.7466666666666667,6.171702899999218,1.271907000000283,8.625446899999588,
shuttle,P2_Full,,newdata,clean,0.1,6,0.1,499,0.5119071442865719,0.29916723165188913,0.19936525621457288,-0.08790508537729415,1.0,0.0863278442064421,0.14305210540516372,0.796,7.260432099999889,0.795180099999925,17.756308800000625,
shuttle,P2_Full,,newdata,clean,0.1,6,0.15,749,0.3772263358014809,0.2818185708915446,0.14352773130296556,-0.07002945069795453,1.0,0.08652772740774814,0.24435341735258503,0.744,6.197627800000191,1.1439233000000968,26.145084800000404,
shuttle,P2_Full,,newdata,clean,0.1,6,0.2,999,0.3904342605563338,0.33534791146542803,0.13748677405650045,-0.06514891499836113,1.0,0.08315936767393119,0.25697666222223514,0.62,6.918778600000223,0.785598200000095,34.669264099999054,
shuttle,P2_Full,,newdata,clean,0.1,6,0.3,1499,0.39623774264558737,0.2855903977727775,0.11625077559249657,-0.06539613897175454,1.0,0.08277375407233796,0.24186114886756116,0.72,14.739905700000236,0.7637027000000671,50.7945378000004,
shuttle,P2_Full,,newdata,clean,0.1,7,0.05,249,0.46668000800480286,0.3427640549143621,0.19958862940689737,-0.07802875597447766,1.0,0.08526758069091223,0.20825439569041668,0.7266666666666667,8.334905699999581,0.4000269999996817,10.268936899999972,
shuttle,P2_Full,,newdata,clean,0.1,7,0.1,499,0.5601360816489894,0.40059324756934145,0.27523210441297347,-0.0823332343516354,1.0,0.08313250774775996,0.15892917478168397,0.816,5.953457200001139,0.8380135000006703,19.468004800000926,
shuttle,P2_Full,,newdata,clean,0.1,7,0.15,749,0.47488493095857515,0.309902678434212,0.18305832818892823,-0.07927354034571735,1.0,0.08473096028752013,0.19434993983532392,0.752,5.6775328000003356,0.588024900000164,27.112703200000396,
shuttle,P2_Full,,newdata,clean,0.1,7,0.2,999,0.36001600960576347,0.29619235168406804,0.12589778673702864,-0.07537763282672566,1.0,0.08323414323574777,0.18913763906802003,0.736,9.55463779999991,1.0003909999995813,39.17576740000004,
shuttle,P2_Full,,newdata,clean,0.1,7,0.3,1499,0.4086451871122674,0.33957383335247526,0.17011813899593684,-0.06556635682249669,1.0,0.08379903299883941,0.22562223432881398,0.718,17.4915134999992,0.6197419999989506,58.969163200001276,
shuttle,P2_Full,,newdata,clean,0.2,0,0.05,249,0.4832899739843906,0.3675830005900712,0.21422319784819396,-0.08104965984568781,1.0,0.08546062237677265,0.20243578760648975,0.7333333333333333,5.139395500000319,0.6164167000006273,6.100455800000418,
shuttle,P2_Full,,newdata,clean,0.2,0,0.1,499,0.39003402041224733,0.3127585052063157,0.12031374397578147,-0.07519092639559477,1.0,0.0850499771281874,0.2126482863451105,0.688,5.9050147000016295,0.19618910000099277,13.300606500000868,
shuttle,P2_Full,,newdata,clean,0.2,0,0.15,749,0.37922753652191316,0.3099969180079109,0.1170757233291438,-0.07394125746543469,1.0,0.08388671992632402,0.2173127108644042,0.672,7.778095200001189,0.4498290999999881,22.226894600000378,
shuttle,P2_Full,,newdata,clean,0.2,0,0.2,999,0.35641384830898537,0.3356675808158542,0.14719619570325812,-0.07179577460680987,1.0,0.08336789196390283,0.20812296486980927,0.696,6.367183300000761,0.5204419000001508,30.05621059999976,
shuttle,P2_Full,,newdata,clean,0.2,0,0.3,1499,0.3848308985391235,0.26333737005222696,0.12141339395633281,-0.0663926966700119,1.0,0.08179486673962912,0.22076240927968177,0.76,17.468260499999815,0.6033058000011806,48.739632800001345,
shuttle,P2_Full,,newdata,clean,0.2,1,0.05,249,0.4668801280768461,0.3340963817832609,0.20871575023200664,-0.07161151775654709,1.0,0.08395711327691215,0.2183724433727166,0.6666666666666666,7.79812850000053,1.1105459999998857,9.188060000000405,
shuttle,P2_Full,,newdata,clean,0.2,1,0.1,499,0.5009005403241945,0.3353135457731223,0.22774316584963294,-0.08309553881487222,1.0,0.08487133833803234,0.18920297511968692,0.756,5.638536599999497,0.22763499999928172,15.428021400000944,
shuttle,P2_Full,,newdata,clean,0.2,1,0.15,749,0.4762857714628777,0.34044081083000705,0.21180479281311732,-0.07656061350818327,1.0,0.08497045086483114,0.18314162480462204,0.74,5.1498413999997865,0.3144713000001502,21.606021400000827,
shuttle,P2_Full,,newdata,clean,0.2,1,0.2,999,0.46587952771663,0.3345287121994799,0.21120981202039643,-0.0702741554934405,1.0,0.08415514926736602,0.2036999177911186,0.728,5.838104000000385,0.8445221000001766,29.838402999999744,
shuttle,P2_Full,,newdata,clean,0.2,1,0.3,1499,0.3882329397638583,0.3077747219068558,0.16172781572542272,-0.06312807581110993,1.0,0.08349869244410935,0.20146149925185688,0.772,12.167526899998848,1.1652216000002227,44.10841110000001,
shuttle,P2_Full,,newdata,clean,0.2,2,0.05,249,0.4892935761456874,0.3298056127739735,0.21353212892406864,-0.07947571063874588,1.0,0.08460664809337373,0.236050266276328,0.6466666666666666,6.169950299999982,0.2865464999995311,6.8248920000005455,
shuttle,P2_Full,,newdata,clean,0.2,2,0.1,499,0.378226936161697,0.2609232234973291,0.10200640247120342,-0.07717682171994059,1.0,0.08516916018835136,0.19898946516867802,0.72,8.674742600000172,0.406765900001119,16.91206930000044,
shuttle,P2_Full,,newdata,clean,0.2,2,0.15,749,0.35701420852511506,0.26029973217758134,0.1062466886428931,-0.07395742543593181,1.0,0.08119117820380325,0.2001107130692314,0.68,5.481000600000698,0.6384426000004169,23.866822600000887,
shuttle,P2_Full,,newdata,clean,0.2,2,0.2,999,0.3398038823293976,0.2872725062980584,0.15015500573332347,-0.07256400239829335,1.0,0.08204580575853464,0.2122416631252262,0.664,6.721160099999906,0.7724216000005981,32.46007140000074,
shuttle,P2_Full,,newdata,clean,0.2,2,0.3,1499,0.3678206924154493,0.2688510009621704,0.14425712846311253,-0.07497665480584374,1.0,0.0826396981096453,0.18932987806129598,0.772,14.942033200000878,1.3810881999997946,49.71132039999975,
shuttle,P2_Full,,newdata,clean,0.2,3,0.05,249,0.4984990994596758,0.362515746312351,0.2317617808348663,-0.07318737281483688,1.0,0.08540524256291955,0.20184188100541406,0.7533333333333333,5.561361399999441,0.8970110000009299,7.000846299999466,
shuttle,P2_Full,,newdata,clean,0.2,3,0.1,499,0.5343205923554133,0.3674428683932571,0.2607901822119188,-0.07820942640287191,1.0,0.08551771524859587,0.17362303810442917,0.82,6.390899800000625,0.44984049999948184,14.293734400000176,
shuttle,P2_Full,,newdata,clean,0.2,3,0.15,749,0.4574744846908145,0.2516910660370938,0.19923246611145431,-0.07066691620887593,1.0,0.08553754944183023,0.23460722447064963,0.744,5.2709681000014825,0.41463840000142227,20.68557299999884,
shuttle,P2_Full,,newdata,clean,0.2,3,0.2,999,0.486291775065039,0.31960498521685815,0.2410296895140499,-0.06911975558405144,1.0,0.08143223068249643,0.21257455587133942,0.696,4.880308799998602,0.5429038999991462,26.776087199999893,
shuttle,P2_Full,,newdata,clean,0.2,3,0.3,1499,0.43866319791875125,0.3365531735279205,0.21372040664988465,-0.06670284734690318,1.0,0.08596435345244233,0.22109366037376313,0.714,14.608752899999672,0.6594525000000431,43.265233799998896,
shuttle,P2_Full,,newdata,clean,0.2,4,0.05,249,0.4546728036822093,0.3379182636895235,0.20657480444692813,-0.07532559575384677,1.0,0.08537232778217974,0.19677300946024137,0.7533333333333333,6.740303700000368,0.26416339999923366,7.3609585000012885,
shuttle,P2_Full,,newdata,clean,0.2,4,0.1,499,0.4856914148489093,0.3499748725324245,0.20503349169724772,-0.08180262504490246,1.0,0.08566686484137753,0.17089539884655394,0.82,5.736290400000144,0.3301539000003686,13.788735600001019,
shuttle,P2_Full,,newdata,clean,0.2,4,0.15,749,0.4828897338403042,0.32811916859163376,0.19925433768976852,-0.07873317436380244,1.0,0.08455399845970259,0.20225777096895933,0.712,6.279464399998687,0.39263690000007045,20.883707300001333,
shuttle,P2_Full,,newdata,clean,0.2,4,0.2,999,0.4652791675005003,0.32097646147090936,0.234786222421441,-0.07512617031116085,1.0,0.08355653240201603,0.16430592708115796,0.804,5.585576099998434,0.44143869999970775,27.809514399999898,
shuttle,P2_Full,,newdata,clean,0.2,4,0.3,1499,0.3806283770262157,0.3144669318103283,0.15870564192323044,-0.0725037652869747,1.0,0.08460597860590832,0.18969336642277568,0.774,18.888474100000167,0.8598734000006516,48.144829500000924,
shuttle,P2_Full,,newdata,,0.2,5,0,,0,0,0,,,,,,,,,"MemoryError((50, 4748, 7), dtype('float64'))
Traceback (most recent call last):
  File ""D:\P2OLSAL_FSS\experiments\run_p2_single.py"", line 83, in main
    rows = run_one(ds_name, m, state, expert='clean', eta=eta, seed=seed,
                   budgets=BUDGETS)
  File ""D:\P2OLSAL_FSS\experiments\src\runner_generic.py"", line 108, in run_one
    sel_result = method.select(X, U, V, labeled_mask, budget_count, c,
                               y_true=y_true, seed=seed)
  File ""D:\P2OLSAL_FSS\experiments\src\p2_method.py"", line 48, in select
    gains, point_gains = robust_gain_dv_batch(
                         ~~~~~~~~~~~~~~~~~~~~^
        U[unlabeled], c, kappa=self.kappa, rng=self.rng)
        ^^^^^^^^^^^^^^^^^^^^^^^^^^^^^^^^^^^^^^^^^^^^^^^^
  File ""D:\P2OLSAL_FSS\experiments\src\robust_selection.py"", line 172, in robust_gain_dv_batch
    g2 = rng.gamma(np.ones((1, 1, c)), 1.0, size=(mc_samples, nu, c))
  File ""numpy/random/mtrand.pyx"", line 1746, in numpy.random.mtrand.RandomState.gamma
  File ""numpy/random/_common.pyx"", line 618, in numpy.random._common.cont
  File ""numpy/random/_common.pyx"", line 526, in numpy.random._common.cont_broadcast_2
numpy._core._exceptions._ArrayMemoryError: Unable to allocate 12.7 MiB for an array with shape (50, 4748, 7) and data type float64
"
shuttle,P2_Full,,newdata,,0.2,6,0,,0,0,0,,,,,,,,,"MemoryError((50, 4898, 7), dtype('float64'))
Traceback (most recent call last):
  File ""D:\P2OLSAL_FSS\experiments\run_p2_single.py"", line 83, in main
    rows = run_one(ds_name, m, state, expert='clean', eta=eta, seed=seed,
                   budgets=BUDGETS)
  File ""D:\P2OLSAL_FSS\experiments\src\runner_generic.py"", line 108, in run_one
    sel_result = method.select(X, U, V, labeled_mask, budget_count, c,
                               y_true=y_true, seed=seed)
  File ""D:\P2OLSAL_FSS\experiments\src\p2_method.py"", line 48, in select
    gains, point_gains = robust_gain_dv_batch(
                         ~~~~~~~~~~~~~~~~~~~~^
        U[unlabeled], c, kappa=self.kappa, rng=self.rng)
        ^^^^^^^^^^^^^^^^^^^^^^^^^^^^^^^^^^^^^^^^^^^^^^^^
  File ""D:\P2OLSAL_FSS\experiments\src\robust_selection.py"", line 172, in robust_gain_dv_batch
    g2 = rng.gamma(np.ones((1, 1, c)), 1.0, size=(mc_samples, nu, c))
  File ""numpy/random/mtrand.pyx"", line 1746, in numpy.random.mtrand.RandomState.gamma
  File ""numpy/random/_common.pyx"", line 618, in numpy.random._common.cont
  File ""numpy/random/_common.pyx"", line 526, in numpy.random._common.cont_broadcast_2
numpy._core._exceptions._ArrayMemoryError: Unable to allocate 13.1 MiB for an array with shape (50, 4898, 7) and data type float64
"
shuttle,P2_Full,,newdata,clean,0.2,7,0.05,249,0.473884330598359,0.3326035348041443,0.19970272714583812,-0.07620259876848841,1.0,0.08636330625193679,0.19949493868337556,0.7466666666666667,5.944641399999455,1.2041045999994822,7.927308799999082,
shuttle,P2_Full,,newdata,clean,0.2,7,0.1,499,0.5185111066639984,0.36380033124515176,0.2484958357790189,-0.08372337064734309,1.0,0.08392661688419013,0.16618288157042752,0.764,8.070377799998823,0.513988499998959,17.187670499999513,
shuttle,P2_Full,,newdata,clean,0.2,7,0.15,749,0.49289573744246545,0.26767047187695653,0.20740031855185204,-0.06882091434720262,1.0,0.08443871847830671,0.23549504878451685,0.7,6.666245399999752,0.691269300001295,25.434122900000148,
shuttle,P2_Full,,newdata,clean,0.2,7,0.2,999,0.33059835901540924,0.2560719877278412,0.11659500368430142,-0.07094118810351847,1.0,0.082263543217722,0.20765559586827043,0.74,8.1806830000005,0.7551395999998931,35.85406909999983,
shuttle,P2_Full,,newdata,clean,0.2,7,0.3,1499,0.4268561136682009,0.3187226911535577,0.19675575001985518,-0.06643442298440265,1.0,0.08302061734144134,0.22249984340321996,0.724,15.850950300000477,0.846260500000426,53.5522689999998,
shuttle,P2_Full,,newdata,clean,0.3,0,0.05,249,0.4866920152091255,0.34260698264199035,0.2156362829036256,-0.07810969717835983,1.0,0.08524648044508011,0.19985942099889317,0.76,5.6672013999996125,0.22134469999946305,6.1129454000001715,
shuttle,P2_Full,,newdata,clean,0.3,0,0.1,499,0.4722833700220132,0.2955019407995362,0.20710104723879433,-0.07668792796206786,1.0,0.08550934978590266,0.2066606297348493,0.704,4.776388000000225,0.20607200000085868,11.454498299999614,
shuttle,P2_Full,,newdata,clean,0.3,0,0.15,749,0.4776866119671803,0.32382107357048057,0.208792373298889,-0.07212021076759562,1.0,0.0845896904425752,0.20747468603652078,0.756,4.991309299999557,0.3594009000007645,17.27626009999949,
shuttle,P2_Full,,newdata,clean,0.3,0,0.2,999,0.46968180908545126,0.30651298669412935,0.20440737151532962,-0.06645308206174837,1.0,0.08484031516980875,0.19599997539445008,0.704,5.93959840000025,0.4348645000009128,24.269672899999932,
shuttle,P2_Full,,newdata,clean,0.3,0,0.3,1499,0.4628777266359816,0.24995050228677268,0.21034674808054243,-0.067944219359314,1.0,0.08398925945188984,0.1832949444300583,0.796,14.119646499999362,0.5695601000006718,39.97346529999959,
shuttle,P2_Full,,newdata,clean,0.3,1,0.05,249,0.4522713628176906,0.32395508235920906,0.20213670149406193,-0.07388302291912259,1.0,0.08412033048799254,0.2177373222651124,0.6733333333333333,5.8416321000004245,0.5905763999999181,6.83528429999933,
shuttle,P2_Full,,newdata,clean,0.3,1,0.1,499,0.32079247548529116,0.27456798521100134,0.12696254177261276,-0.07065959367275972,1.0,0.08430180774982754,0.2091132391293922,0.752,5.47103960000095,0.3278476999985287,13.692785499999445,
shuttle,P2_Full,,newdata,clean,0.3,1,0.15,749,0.34520712427456474,0.2771510443111012,0.1376416049732726,-0.07753176292932486,1.0,0.08075494246821106,0.19118748568449298,0.744,5.775094500000705,0.8787505000000237,21.4294278999987,
shuttle,P2_Full,,newdata,clean,0.3,1,0.2,999,0.34580748449069443,0.2642846436041077,0.13588001376303352,-0.07000823210536707,1.0,0.0813391418847676,0.21586421448347895,0.672,5.551830500000506,0.8122626999993372,28.694870100000117,
shuttle,P2_Full,,newdata,clean,0.3,1,0.3,1499,0.3602161296778067,0.26457961866357793,0.137169101864974,-0.06586873197364031,1.0,0.08068938923679798,0.20551528889641174,0.758,10.373417599999812,0.5555435999995098,40.15817809999862,
shuttle,P2_Full,,newdata,clean,0.3,2,0.05,249,0.48409045427256353,0.3001219233566553,0.20781140542606086,-0.0784240752924998,1.0,0.08446252681678933,0.23244844793850078,0.6533333333333333,4.577974399999221,0.28096390000064275,5.308342600001197,
shuttle,P2_Full,,newdata,clean,0.3,2,0.1,499,0.4594756854112467,0.3077393642280091,0.20283188690155138,-0.07491194663859506,1.0,0.08451736537588692,0.21667523243829265,0.74,6.309856600000785,0.3179262000012386,12.49013930000001,
shuttle,P2_Full,,newdata,clean,0.3,2,0.15,749,0.3362017210326196,0.2645093480349887,0.13362267253634688,-0.07368775606570921,1.0,0.08476697720119274,0.21188447580884262,0.676,7.038941599999816,0.9166284000002634,22.0329099999999,
shuttle,P2_Full,,newdata,clean,0.3,2,0.2,999,0.3408044826896138,0.2428352195808417,0.1294188024014866,-0.07017541078757446,1.0,0.08167963791162082,0.2076132116756274,0.7,6.527168700000402,0.9300148999991507,30.564521100001002,
shuttle,P2_Full,,newdata,clean,0.3,2,0.3,1499,0.4122473484090454,0.2634240432252981,0.18608876616067563,-0.06867684383506398,1.0,0.08125869769896604,0.20820108608010926,0.756,14.044113099998867,1.520275099999708,46.85425260000011,
shuttle,P2_Full,,newdata,clean,0.3,3,0.05,249,0.6351811086651992,0.33150761142189933,0.3333999176112039,-0.06923945196309038,1.0,0.08387668761980262,0.24439465618622075,0.6533333333333333,5.672331699999631,0.22013800000058836,6.373733699998411,
shuttle,P2_Full,,newdata,clean,0.3,3,0.1,499,0.4628777266359816,0.33026479072540194,0.22157725057336045,-0.07383049903373197,1.0,0.08909486785015187,0.19239639755988996,0.712,5.529030100000455,0.32399830000031216,12.780541599999196,
shuttle,P2_Full,,newdata,clean,0.3,3,0.15,749,0.4730838503101861,0.32150831665996205,0.22552025371174464,-0.07192262947602865,1.0,0.08539699352302223,0.2164229642804234,0.66,6.330185599999822,0.35741609999968205,20.171246500000052,
shuttle,P2_Full,,newdata,clean,0.3,3,0.2,999,0.4820892535521313,0.32977365621388566,0.22180178893744606,-0.07384579479463985,1.0,0.08388778402640193,0.20598266162076392,0.72,7.675720100000035,0.815409599999839,29.12066640000012,
shuttle,P2_Full,,newdata,clean,0.3,3,0.3,1499,0.4588753251951171,0.28103243752320506,0.22313872061771955,-0.0675760233647191,1.0,0.08453456118988682,0.19792294717212308,0.762,13.953582999998616,0.47401739999986603,44.290618499999255,
shuttle,P2_Full,,newdata,clean,0.3,4,0.05,249,0.4326595957574545,0.2822279357588962,0.1615786044716939,-0.07758670787639624,1.0,0.08529995002580121,0.19484087455664315,0.7666666666666667,6.258098199999949,0.31694189999871014,6.813880300000164,
shuttle,P2_Full,,newdata,clean,0.3,4,0.1,499,0.4838903342005203,0.3410859032056299,0.20651488733239573,-0.07348849930614076,1.0,0.08199794829560825,0.19465286557317438,0.748,6.487273200000345,0.2841425000005984,13.939950699999827,
shuttle,P2_Full,,newdata,clean,0.3,4,0.15,749,0.46788072843706224,0.3033626627383605,0.1925992458137971,-0.07489634092081827,1.0,0.08538625592018999,0.19446950510523964,0.724,7.288105800000267,0.5519354999996722,22.228796400000647,
shuttle,P2_Full,,newdata,clean,0.3,4,0.2,999,0.6429857914748849,0.3375141537473054,0.32263516721528346,-0.0723340338944,1.0,0.08398340339945375,0.19507834937551913,0.732,7.044730499999787,0.5279759999993985,31.056122399999367,
shuttle,P2_Full,,newdata,clean,0.3,4,0.3,1499,0.4568741244746848,0.29234432387380965,0.21576167414966757,-0.06307351869500463,1.0,0.0835757838601746,0.22420989009124057,0.734,13.045448499999111,1.5978955000009591,46.22389939999994,
shuttle,P2_Full,,newdata,clean,0.3,5,0.05,249,0.3426055633380028,0.2937078739718832,0.1429413282341458,-0.07308924633774957,1.0,0.08419849992065925,0.21978842768119075,0.6866666666666666,6.389037700000699,0.24721970000064175,7.391347200000382,
shuttle,P2_Full,,newdata,clean,0.3,5,0.1,499,0.3872323394036422,0.29010276864427736,0.11722602547095448,-0.07544161816159485,1.0,0.08062636442098801,0.21810908020104522,0.684,6.428601999999955,0.5911176999998133,15.249554299998636,
shuttle,P2_Full,,newdata,clean,0.3,5,0.15,749,0.3736241745047028,0.27772457760531233,0.11028534875836432,-0.06954432658852548,1.0,0.08290213618676232,0.2349285656116573,0.628,5.4286221000002115,0.43039040000076056,21.579550599999493,
shuttle,P2_Full,,newdata,clean,0.3,5,0.2,999,0.35361216730038025,0.2989731304671678,0.13470452344213513,-0.06783091436228053,1.0,0.0822747063510576,0.22840853143218182,0.644,4.62798599999951,0.28716850000091654,26.809976299999107,
shuttle,P2_Full,,newdata,clean,0.3,5,0.3,1499,0.37162297378427056,0.2562042411662511,0.13879784712349455,-0.06356575073697904,1.0,0.07977287402461755,0.22621749875127592,0.744,9.36011420000068,0.2978254999998171,37.30225040000005,
shuttle,P2_Full,,newdata,clean,0.3,6,0.05,249,0.4804882929757855,0.28196438555867404,0.1702243624115759,-0.07442504504615949,1.0,0.08549820805386976,0.19975070594763789,0.7333333333333333,5.730348799999774,0.36904649999996764,7.184615599999233,
shuttle,P2_Full,,newdata,clean,0.3,6,0.1,499,0.4282569541725035,0.28806697922338537,0.18955921018629723,-0.07901823842996512,1.0,0.08508698006624328,0.17847149253241526,0.736,4.089470999999321,0.8001151999997091,12.952524599999379,
shuttle,P2_Full,,newdata,clean,0.3,6,0.15,749,0.3386031618971383,0.23406639190406417,0.11416540283880537,-0.07462352001542066,1.0,0.07918327731802101,0.21957069899112458,0.732,5.1664140000011685,1.100531800000681,20.078979899999467,
shuttle,P2_Full,,newdata,clean,0.3,6,0.2,999,0.35921552931759054,0.28371627365077257,0.14037692186343106,-0.06605722507990407,1.0,0.0806693877854147,0.25855722078585747,0.66,5.301044699999693,1.122182299999622,27.593010099999447,
shuttle,P2_Full,,newdata,clean,0.3,6,0.3,1499,0.35761456874124475,0.25319597057706056,0.13518588424913494,-0.06500896952731063,1.0,0.08260973543933829,0.22374716940219674,0.754,12.858935899999778,0.7060668000012811,41.58522289999928,
shuttle,P2_Full,,newdata,clean,0.3,7,0.05,249,0.4582749649789874,0.3308960892102608,0.1941899112895692,-0.07646057201352216,1.0,0.0853122983493285,0.20581433528710483,0.7533333333333333,5.860966599999301,0.24691580000035174,6.386264000000665,
shuttle,P2_Full,,newdata,clean,0.3,7,0.1,499,0.4932959775865519,0.3277253412885508,0.22740745585146907,-0.08159063851685264,1.0,0.08354789922658498,0.16612635330191217,0.78,4.617856299999403,0.2320123000008607,12.077987099999518,
shuttle,P2_Full,,newdata,clean,0.3,7,0.15,749,0.44866920152091255,0.2393849451526243,0.16240135538732056,-0.06746756174186029,1.0,0.08331272246464604,0.2465420112145381,0.728,5.885074499999973,0.818842599999698,19.612707500000397,
shuttle,P2_Full,,newdata,clean,0.3,7,0.2,999,0.46247748649189513,0.2961263407799439,0.21925611929037936,-0.07442341433250312,1.0,0.08122354702847441,0.19680777006917738,0.756,5.319640600000639,0.8386279000005743,26.48008200000004,
shuttle,P2_Full,,newdata,clean,0.3,7,0.3,1499,0.4256553932359416,0.280383077752664,0.20051988596195947,-0.061595743115237384,1.0,0.08427219964819516,0.26170870706794425,0.662,9.19669789999898,0.719155700000556,37.280590599999414,
shuttle,P2_NoRobust,,newdata,clean,0.0,0,0.05,249,0.4628777266359816,0.3801564915905009,0.21323559853908156,1.4538126621379115,1.0,0.08553180646161428,0.5995624327756817,0.13333333333333333,4.257653200000277,0.7236343999993551,5.242651000000478,
shuttle,P2_NoRobust,,newdata,clean,0.0,0,0.1,499,0.457074244546728,0.3977169134408172,0.22421916906360836,1.2665371130586787,1.0,0.0872004521846377,0.5315653509711079,0.356,4.551200300000346,0.2510325000002922,10.352428399999553,
shuttle,P2_NoRobust,,newdata,clean,0.0,0,0.15,749,0.3748248949369622,0.3385282389446784,0.13699589960794065,1.0791152474524315,1.0,0.09034035221120663,0.40364399519157246,0.84,3.916242700001021,0.3394351999995706,15.171308599999975,
shuttle,P2_NoRobust,,newdata,clean,0.0,0,0.2,999,0.4504702821693016,0.37642785311529925,0.21225692937035257,1.2156609047022024,1.0,0.08834125567323402,0.5009077893397368,0.452,4.155804500000158,0.6030743999999686,20.268767800000205,
shuttle,P2_NoRobust,,newdata,clean,0.0,0,0.3,1499,0.506704022413448,0.5586538074374823,0.33114404025387983,1.2581151665370298,1.0,0.0890711795378864,0.5190327560602905,0.27,9.581195599999774,0.44334359999993467,30.587561199999982,
shuttle,P2_NoRobust,,newdata,,0.0,1,0,,0,0,0,,,,,,,,,"MemoryError((3000, 3000), dtype('float64'))
Traceback (most recent call last):
  File ""D:\P2OLSAL_FSS\experiments\run_p2_single.py"", line 83, in main
    rows = run_one(ds_name, m, state, expert='clean', eta=eta, seed=seed,
                   budgets=BUDGETS)
  File ""D:\P2OLSAL_FSS\experiments\src\runner_generic.py"", line 108, in run_one
    sel_result = method.select(X, U, V, labeled_mask, budget_count, c,
                               y_true=y_true, seed=seed)
  File ""D:\P2OLSAL_FSS\experiments\src\p2_method.py"", line 72, in select
    alpha, _ = compute_alpha(R_sub, len(sub_idx))
               ~~~~~~~~~~~~~^^^^^^^^^^^^^^^^^^^^^
  File ""D:\P2OLSAL_FSS\experiments\src\robust_selection.py"", line 102, in compute_alpha
    """"""
    
numpy._core._exceptions._ArrayMemoryError: Unable to allocate 68.7 MiB for an array with shape (3000, 3000) and data type float64
"
shuttle,P2_NoRobust,,newdata,,0.0,2,0,,0,0,0,,,,,,,,,"MemoryError((3000, 3000), dtype('float64'))
Traceback (most recent call last):
  File ""D:\P2OLSAL_FSS\experiments\run_p2_single.py"", line 83, in main
    rows = run_one(ds_name, m, state, expert='clean', eta=eta, seed=seed,
                   budgets=BUDGETS)
  File ""D:\P2OLSAL_FSS\experiments\src\runner_generic.py"", line 108, in run_one
    sel_result = method.select(X, U, V, labeled_mask, budget_count, c,
                               y_true=y_true, seed=seed)
  File ""D:\P2OLSAL_FSS\experiments\src\p2_method.py"", line 72, in select
    alpha, _ = compute_alpha(R_sub, len(sub_idx))
               ~~~~~~~~~~~~~^^^^^^^^^^^^^^^^^^^^^
  File ""D:\P2OLSAL_FSS\experiments\src\robust_selection.py"", line 102, in compute_alpha
    """"""
    
numpy._core._exceptions._ArrayMemoryError: Unable to allocate 68.7 MiB for an array with shape (3000, 3000) and data type float64
"
shuttle,P2_NoRobust,,newdata,,0.0,3,0,,0,0,0,,,,,,,,,"MemoryError((3000, 3000), dtype('float64'))
Traceback (most recent call last):
  File ""D:\P2OLSAL_FSS\experiments\run_p2_single.py"", line 83, in main
    rows = run_one(ds_name, m, state, expert='clean', eta=eta, seed=seed,
                   budgets=BUDGETS)
  File ""D:\P2OLSAL_FSS\experiments\src\runner_generic.py"", line 108, in run_one
    sel_result = method.select(X, U, V, labeled_mask, budget_count, c,
                               y_true=y_true, seed=seed)
  File ""D:\P2OLSAL_FSS\experiments\src\p2_method.py"", line 72, in select
    alpha, _ = compute_alpha(R_sub, len(sub_idx))
               ~~~~~~~~~~~~~^^^^^^^^^^^^^^^^^^^^^
  File ""D:\P2OLSAL_FSS\experiments\src\robust_selection.py"", line 102, in compute_alpha
    """"""
    
numpy._core._exceptions._ArrayMemoryError: Unable to allocate 68.7 MiB for an array with shape (3000, 3000) and data type float64
"
shuttle,P2_NoRobust,,newdata,,0.0,4,0,,0,0,0,,,,,,,,,"MemoryError((3000, 3000), dtype('float64'))
Traceback (most recent call last):
  File ""D:\P2OLSAL_FSS\experiments\run_p2_single.py"", line 83, in main
    rows = run_one(ds_name, m, state, expert='clean', eta=eta, seed=seed,
                   budgets=BUDGETS)
  File ""D:\P2OLSAL_FSS\experiments\src\runner_generic.py"", line 108, in run_one
    sel_result = method.select(X, U, V, labeled_mask, budget_count, c,
                               y_true=y_true, seed=seed)
  File ""D:\P2OLSAL_FSS\experiments\src\p2_method.py"", line 72, in select
    alpha, _ = compute_alpha(R_sub, len(sub_idx))
               ~~~~~~~~~~~~~^^^^^^^^^^^^^^^^^^^^^
  File ""D:\P2OLSAL_FSS\experiments\src\robust_selection.py"", line 102, in compute_alpha
    """"""
    
numpy._core._exceptions._ArrayMemoryError: Unable to allocate 68.7 MiB for an array with shape (3000, 3000) and data type float64
"
shuttle,P2_NoRobust,,newdata,,0.0,5,0,,0,0,0,,,,,,,,,"MemoryError((3000, 3000), dtype('float64'))
Traceback (most recent call last):
  File ""D:\P2OLSAL_FSS\experiments\run_p2_single.py"", line 83, in main
    rows = run_one(ds_name, m, state, expert='clean', eta=eta, seed=seed,
                   budgets=BUDGETS)
  File ""D:\P2OLSAL_FSS\experiments\src\runner_generic.py"", line 108, in run_one
    sel_result = method.select(X, U, V, labeled_mask, budget_count, c,
                               y_true=y_true, seed=seed)
  File ""D:\P2OLSAL_FSS\experiments\src\p2_method.py"", line 72, in select
    alpha, _ = compute_alpha(R_sub, len(sub_idx))
               ~~~~~~~~~~~~~^^^^^^^^^^^^^^^^^^^^^
  File ""D:\P2OLSAL_FSS\experiments\src\robust_selection.py"", line 102, in compute_alpha
    """"""
    
numpy._core._exceptions._ArrayMemoryError: Unable to allocate 68.7 MiB for an array with shape (3000, 3000) and data type float64
"
shuttle,P2_NoRobust,,newdata,,0.0,6,0,,0,0,0,,,,,,,,,"MemoryError((3000, 3000), dtype('float64'))
Traceback (most recent call last):
  File ""D:\P2OLSAL_FSS\experiments\run_p2_single.py"", line 83, in main
    rows = run_one(ds_name, m, state, expert='clean', eta=eta, seed=seed,
                   budgets=BUDGETS)
  File ""D:\P2OLSAL_FSS\experiments\src\runner_generic.py"", line 108, in run_one
    sel_result = method.select(X, U, V, labeled_mask, budget_count, c,
                               y_true=y_true, seed=seed)
  File ""D:\P2OLSAL_FSS\experiments\src\p2_method.py"", line 72, in select
    alpha, _ = compute_alpha(R_sub, len(sub_idx))
               ~~~~~~~~~~~~~^^^^^^^^^^^^^^^^^^^^^
  File ""D:\P2OLSAL_FSS\experiments\src\robust_selection.py"", line 102, in compute_alpha
    """"""
    
numpy._core._exceptions._ArrayMemoryError: Unable to allocate 68.7 MiB for an array with shape (3000, 3000) and data type float64
"
shuttle,P2_NoRobust,,newdata,clean,0.0,7,0.05,249,0.5083049829897939,0.38342158898261486,0.24585749044762906,1.2845361649243137,1.0,0.08711697211404695,0.5522627176686815,0.35333333333333333,4.192794499998854,0.5572106999989046,5.2832054999998945,
shuttle,P2_NoRobust,,newdata,clean,0.0,7,0.1,499,0.5711426856113668,0.37729774526670673,0.25493149870255905,1.3579994619727438,1.0,0.08618966818032818,0.5560896562601176,0.284,4.6517285000009,0.4904581999999209,11.003177000000505,
shuttle,P2_NoRobust,,newdata,clean,0.0,7,0.15,749,0.7596557934760857,0.533072015838213,0.5496949163555375,1.098348391187866,1.0,0.0887737436040829,0.49628912178377604,0.508,4.941510300001028,0.5917963999982021,17.576402799999414,
shuttle,P2_NoRobust,,newdata,clean,0.0,7,0.2,999,0.8208925355213128,0.5494147768588749,0.5078763555291901,1.0623790667646285,1.0,0.09874567620017016,0.40759113255833734,0.908,3.498849900001005,0.7756005999999616,22.00055659999998,
shuttle,P2_NoRobust,,newdata,clean,0.0,7,0.3,1499,0.8407044226535921,0.6723153792603542,0.6818976495156693,0.8722830166282285,1.0,0.10574144833499528,0.29840083568652376,0.954,9.1362050000007,0.13054639999973006,31.599761699999362,
shuttle,P2_NoRobust,,newdata,clean,0.2,0,0.05,249,0.46888132879727834,0.33946617223729925,0.20632470849560455,1.4352626048308768,1.0,0.08546062237677265,0.5950933617605701,0.17333333333333334,4.482440300000235,0.6626818999993702,5.673887200000536,
shuttle,P2_NoRobust,,newdata,clean,0.2,0,0.1,499,0.4752851711026616,0.3355922885468289,0.2248104927078776,1.5057708625597201,1.0,0.08533900144534377,0.5961943318428172,0.252,5.553039899999931,0.28835649999928137,11.904188900000008,
shuttle,P2_NoRobust,,newdata,clean,0.2,0,0.15,749,0.46627976786071645,0.34120080031676714,0.23303050347904677,1.106117359086336,1.0,0.08874469053636355,0.4766696454859381,0.552,4.639024699999936,0.20689390000006824,16.937064900001133,
shuttle,P2_NoRobust,,newdata,clean,0.2,0,0.2,999,0.449069441664999,0.35293389185854146,0.24500076716901445,1.0337508823016206,1.0,0.09136839726622807,0.39359146490141156,0.872,4.1768408000007184,0.16542350000054284,21.626839700000346,
shuttle,P2_NoRobust,,newdata,clean,0.2,0,0.3,1499,0.48008805283169903,0.36366527637304064,0.2611567767184333,0.9579242694415341,1.0,0.09300507174217727,0.37930414291589626,0.934,12.579817300000286,0.3763229999985924,34.84247930000129,
shuttle,P2_NoRobust,,newdata,clean,0.2,1,0.05,249,0.4296577946768061,0.3433423300283534,0.20034987608726962,1.4179363824168498,1.0,0.08395711327691215,0.5755795740224301,0.22666666666666666,5.312836600000082,0.5458705999990343,6.247261200000139,
shuttle,P2_NoRobust,,newdata,clean,0.2,1,0.1,499,0.43285971582949767,0.373304016417492,0.22301495751068615,1.1918464283933745,1.0,0.08711526531375235,0.5012095396181224,0.508,5.591758999999001,0.3992785000009462,13.07897150000099,
shuttle,P2_NoRobust,,newdata,clean,0.2,1,0.15,749,0.3656193716229738,0.2943290528995944,0.14384146224287273,1.1336053432571962,1.0,0.08971452644420319,0.45441072052325365,0.696,7.1717613999990135,0.45943390000138606,21.173796900000525,
shuttle,P2_NoRobust,,newdata,clean,0.2,1,0.2,999,0.3742245347208325,0.28177902971869195,0.1411699244889602,1.4757236357110814,1.0,0.08556506517581575,0.6020691082941024,0.188,6.257408400000713,0.3699486999994406,28.777320999999574,
shuttle,P2_NoRobust,,newdata,clean,0.2,1,0.3,1499,0.46627976786071645,0.34972748722026453,0.25043982433290496,1.2586184300834276,1.0,0.08752026794719318,0.4928115808168935,0.592,13.63575370000035,0.41079850000096485,43.61227979999967,
shuttle,P2_NoRobust,,newdata,clean,0.2,2,0.05,249,0.6331799079447669,0.3442118237079157,0.31647028856915516,1.7545688945405482,1.0,0.08460664809337373,0.7133044227480687,0.0,7.384343400000944,0.3604632999995374,8.528757999998561,
shuttle,P2_NoRobust,,newdata,clean,0.2,2,0.1,499,0.4368621172703622,0.3079313654480696,0.20637599150330904,1.1233785987541136,1.0,0.08994912919011709,0.46519450418623687,0.672,5.408960099999604,1.228702099999282,15.593243999999686,
shuttle,P2_NoRobust,,newdata,clean,0.2,2,0.15,749,0.5709425655393235,0.35333247983612537,0.2882802717664918,1.5565081970357846,1.0,0.08527371945563873,0.5688872882149039,0.276,4.712980199999947,0.39983010000105423,21.201828199999,
shuttle,P2_NoRobust,,newdata,clean,0.2,2,0.2,999,0.5847508505103062,0.35194198751947353,0.3027164952728828,1.246275840824222,1.0,0.09035212131857374,0.5267081985258846,0.328,8.458250800000314,0.44284070000139764,30.386750399999073,
shuttle,P2_NoRobust,,newdata,clean,0.2,2,0.3,1499,0.5567340404242546,0.34293236730364623,0.2842420135859743,1.049813625274354,1.0,0.09347131004503914,0.42944787338422,0.774,9.894355800002813,0.23977000000013504,41.978758799998104,
shuttle,P2_NoRobust,,newdata,clean,0.2,3,0.05,249,0.6413848308985391,0.3454268831750153,0.3491697385751526,1.4550013293856234,1.0,0.08540524256291955,0.5945910032278611,0.2,4.208677700000408,0.25986099999863654,4.89185820000057,
shuttle,P2_NoRobust,,newdata,clean,0.2,3,0.1,499,0.42925755453271963,0.3559439437144634,0.22284637910224928,1.4330904211098907,1.0,0.08991852126928787,0.559120381961064,0.288,4.856244200000219,0.3923255000008794,10.46839380000165,
shuttle,P2_NoRobust,,newdata,clean,0.2,3,0.15,749,0.4430658395037022,0.3385776118496965,0.23176004324621652,1.1702075990471732,1.0,0.0887514272448798,0.4996264922214191,0.464,4.775166599996737,0.33789030000116327,15.882092399999237,
shuttle,P2_NoRobust,,newdata,clean,0.2,3,0.2,999,0.5025015009005404,0.38277330419370964,0.256801929430453,1.306586265724519,1.0,0.08962462821081316,0.44680942857424244,0.732,5.888132799998857,0.2759135999986029,22.438919899999746,
shuttle,P2_NoRobust,,newdata,clean,0.2,3,0.3,1499,0.47208324994997,0.37461643110575144,0.2581629606001037,1.024291568635238,1.0,0.09263532500850048,0.39416035980526787,0.888,11.580251999999746,0.28684249999787426,34.782610499998555,
shuttle,P2_NoRobust,,newdata,clean,0.2,4,0.05,249,0.44706824094456676,0.27948144834732974,0.1627611682763608,1.4449565033046852,1.0,0.08537232778217974,0.5919063025299595,0.20666666666666667,4.3767922000006365,0.2922007000015583,4.938374199999089,
shuttle,P2_NoRobust,,newdata,clean,0.2,4,0.1,499,0.4482689613768261,0.3487652629889087,0.2202291247168035,1.4468471641888472,1.0,0.08478538602964636,0.5413783883515955,0.328,4.77181980000023,0.24331470000106492,10.433208200000081,
shuttle,P2_NoRobust,,newdata,clean,0.2,4,0.15,749,0.46247748649189513,0.3485216987973904,0.23225814036734424,1.1646793944329576,1.0,0.08882895931699972,0.502909354641861,0.448,4.665259699999297,0.47070610000082524,16.152234499997576,
shuttle,P2_NoRobust,,newdata,clean,0.2,4,0.2,999,0.46868120872523517,0.36152162422992934,0.24766411025639606,1.0603444835390854,1.0,0.09164322909780452,0.423616023341706,0.808,5.170890800000052,0.38988700000118115,22.102012100000138,
shuttle,P2_NoRobust,,newdata,clean,0.2,4,0.3,1499,0.44466680008004805,0.3300832654512337,0.24263642141216624,0.9358865315049013,1.0,0.09334754088633473,0.38777933494912964,0.93,15.506928999999218,0.2551405000012892,38.080373799999506,
shuttle,P2_NoRobust,,newdata,clean,0.2,5,0.05,249,0.3317990794476686,0.3010153219945869,0.1306023103025855,1.5787038219565803,1.0,0.08414394672950018,0.6462063907167369,0.05333333333333334,5.2518646999997145,0.21251430000120308,5.798625900002662,
shuttle,P2_NoRobust,,newdata,clean,0.2,5,0.1,499,0.3912347408445067,0.28571069591367954,0.1263146445365924,1.527502420691659,1.0,0.0829053410607565,0.6046420962906651,0.172,5.220658100002765,0.2868825999976252,11.857231600002706,
shuttle,P2_NoRobust,,newdata,clean,0.2,5,0.15,749,0.390634380628377,0.28200997584901794,0.12547411602159844,1.199738421299205,1.0,0.08747051508008306,0.4566944668599825,0.576,7.196487799999886,0.31265549999807263,19.917990600002668,
shuttle,P2_NoRobust,,newdata,clean,0.2,5,0.2,999,0.3772263358014809,0.2698091025902052,0.11720797065721755,1.107440137732418,1.0,0.08951882634031873,0.4751110616553828,0.584,6.250641000002361,0.45803460000024643,26.95423099999971,
shuttle,P2_NoRobust,,newdata,clean,0.2,5,0.3,1499,0.3800280168100861,0.343315638750529,0.17099860706783696,1.0834060322931474,1.0,0.08960739816800584,0.39039288847092224,0.872,17.3034504999996,0.6571833999987575,45.538815500000055,
shuttle,P2_NoRobust,,newdata,clean,0.2,6,0.05,249,0.4930958575145087,0.2966253427372916,0.19005472068038107,1.4012872002138783,1.0,0.08518544121235774,0.5876900699949755,0.18666666666666668,6.734473700002127,0.9738113999992493,8.4269060000006,
shuttle,P2_NoRobust,,newdata,clean,0.2,6,0.1,499,0.4542725635381229,0.3417839247275662,0.21385711913586578,1.1229802576238608,1.0,0.08728833679033021,0.44108194607445617,0.756,4.939533799999481,0.6840632999992522,14.727166299999226,
shuttle,P2_NoRobust,,newdata,clean,0.2,6,0.15,749,0.53412047228337,0.3862055340097729,0.26689924704845086,1.1338531103444411,1.0,0.08769717783913161,0.46315802390845284,0.632,5.739555699998164,0.7399055999994744,21.80022800000006,
shuttle,P2_NoRobust,,newdata,clean,0.2,6,0.2,999,0.3818290974584751,0.2676666472506319,0.14420588775607865,1.1405547324762033,1.0,0.08867696532773647,0.5061774288086488,0.444,6.499429799998325,0.5284830000018701,29.934008799998992,
shuttle,P2_NoRobust,,newdata,clean,0.2,6,0.3,1499,0.4064438663197919,0.32168931834402226,0.1774365311650311,1.4286616957073084,1.0,0.08529567669867165,0.5757114589466067,0.19,12.817484300001524,0.5445291999967594,43.63861170000018,
shuttle,P2_NoRobust,,newdata,clean,0.2,7,0.05,249,0.44746848108865317,0.3449834564706849,0.2084478652181594,1.3414686626999142,1.0,0.08636330625193679,0.5678365174777695,0.17333333333333334,5.443537799998012,0.6117765999988478,6.4294332999998005,
shuttle,P2_NoRobust,,newdata,clean,0.2,7,0.1,499,0.4390634380628377,0.3380794047434055,0.2093944583806621,1.218900464267241,1.0,0.08705691951249989,0.522634249570672,0.368,4.5393005999976594,0.22296970000024885,11.387880399997812,
shuttle,P2_NoRobust,,newdata,clean,0.2,7,0.15,749,0.4374624774864919,0.33923404867163376,0.2176631244624011,1.0856890371077252,1.0,0.0904556493766319,0.4282830660766074,0.756,5.320278499999404,0.17563139999765554,17.240963099997316,
shuttle,P2_NoRobust,,newdata,clean,0.2,7,0.2,999,0.35381228737242343,0.3230240004624734,0.16108207085017232,0.9829874972511579,1.0,0.09174258127183593,0.3829146993228718,0.864,6.717727400002332,0.21699330000046757,24.819285099998524,
shuttle,P2_NoRobust,,newdata,clean,0.2,7,0.3,1499,0.501300780468281,0.36664224696318104,0.26752323698278563,1.234683364846978,1.0,0.09033438872771558,0.4936900835802415,0.532,13.275973499999964,0.68538659999831,39.27688639999906,
shuttle,P2_NoExploration,,newdata,clean,0.0,0,0.05,249,0.6423854312587552,0.3833586708659633,0.35556864408492267,-0.08174907737028439,1.0,0.08553180646161428,0.20509655760569487,0.7333333333333333,4.757009000000835,0.6763561999978265,6.068094500002189,
shuttle,P2_NoExploration,,newdata,clean,0.0,0,0.1,499,0.47488493095857515,0.3151223655858319,0.1754097048366996,-0.07745839885164199,1.0,0.08968469359065376,0.19406668910881958,0.724,4.697747599999275,0.5855160999999498,11.947492400002375,
shuttle,P2_NoExploration,,newdata,clean,0.0,0,0.15,749,0.4692815689413648,0.39437974009966065,0.2331989260883653,-0.07533519648139947,1.0,0.08503997076801144,0.2077768963869573,0.696,6.424961200002144,1.1324764999990293,21.449184800003422,
shuttle,P2_NoExploration,,newdata,clean,0.0,0,0.2,999,0.5027016209725835,0.46772739897584326,0.2637573166689957,-0.07487616854449924,1.0,0.085772649023466,0.20113132106564166,0.772,4.823196099998313,0.34463140000298154,27.164677500000835,
shuttle,P2_NoExploration,,newdata,clean,0.0,0,0.3,1499,0.5053031819091455,0.4807644546038405,0.31981114547550055,-0.07387888999560414,1.0,0.08610631663846595,0.17447283502615987,0.762,12.56544489999942,0.5882497999991756,41.83756580000045,
shuttle,P2_NoExploration,,newdata,clean,0.0,1,0.05,249,0.47828697218331,0.34425387256146134,0.21855992777695574,-0.07826435221421336,1.0,0.08646043656552796,0.22727094202335418,0.6866666666666666,6.116687500001717,0.6450717000006989,7.466161100001045,
shuttle,P2_NoExploration,,newdata,clean,0.0,1,0.1,499,0.5221132679607765,0.3762622680623977,0.24789287669379756,-0.08179126349445624,1.0,0.08537959219141304,0.18741181660547798,0.732,5.7672334000017145,0.28855899999689427,13.890787500000442,
shuttle,P2_NoExploration,,newdata,clean,0.0,1,0.15,749,0.3790274164498699,0.28965802826757825,0.12013854132829022,-0.07868402656148,1.0,0.08545647015821924,0.17614655923730158,0.736,6.422313400002167,0.33185629999934463,22.263788700001896,
shuttle,P2_NoExploration,,newdata,clean,0.0,1,0.2,999,0.4448669201520912,0.4141676094059331,0.22480221639040737,-0.07141897393856522,1.0,0.08343716722017563,0.21823148880269086,0.672,5.979417499998817,0.8301348000022699,30.07159859999956,
shuttle,P2_NoExploration,,newdata,clean,0.0,1,0.3,1499,0.4660796477886732,0.33196278745413116,0.15017314047872504,-0.07408441545731609,1.0,0.08335258412323679,0.19272465676322714,0.754,13.997108699997625,0.9637595999993209,46.10574339999948,
shuttle,P2_NoExploration,,newdata,clean,0.0,2,0.05,249,0.49949969981989195,0.2742106636345896,0.17030448391739758,-0.0781156172849842,1.0,0.08281436223421411,0.22544389069449067,0.7133333333333334,6.014829200001259,0.227455899999768,7.417595700000675,
shuttle,P2_NoExploration,,newdata,clean,0.0,2,0.1,499,0.5035021012607565,0.3382258735465826,0.20828420625085434,-0.08039886691279924,1.0,0.08427881897194789,0.18823484696631448,0.744,5.4303689999978815,0.9808339000010164,14.236586999999417,
shuttle,P2_NoExploration,,newdata,clean,0.0,2,0.15,749,0.5021012607564539,0.33658335431065894,0.18440681029588696,-0.0810632830539281,1.0,0.08516723130809029,0.14964743539255373,0.788,4.742268400001194,0.35778819999904954,20.121629599998414,
shuttle,P2_NoExploration,,newdata,clean,0.0,2,0.2,999,0.5289173504102461,0.3532735834053874,0.19349338334457367,-0.07871374383125146,1.0,0.0828349669851518,0.15978122762365468,0.828,4.42959449999762,0.7929904999982682,26.225182099999074,
shuttle,P2_NoExploration,,newdata,clean,0.0,2,0.3,1499,0.42945767460476286,0.34246282972425407,0.13891403237194574,-0.0780025727542909,1.0,0.0854004972717694,0.16890090139344044,0.834,11.239903500001674,0.8662054000014905,38.911943999999494,
shuttle,P2_NoExploration,,newdata,clean,0.0,3,0.05,249,0.5499299579747848,0.33535384489565884,0.21394734419533087,-0.07183798477996924,1.0,0.08435364049229988,0.21472765282483153,0.7066666666666667,5.499891799998295,0.2904324000010092,6.414283000001888,
shuttle,P2_NoExploration,,newdata,clean,0.0,3,0.1,499,0.5251150690414249,0.31121027904540927,0.20394020093879225,-0.0831784597243508,1.0,0.08514622584232286,0.1926337331061121,0.724,4.639622600003349,0.6202947999991011,12.743692200001533,
shuttle,P2_NoExploration,,newdata,clean,0.0,3,0.15,749,0.5445267160296178,0.36142425595944766,0.22170240462577656,-0.08006664208626942,1.0,0.08342211675789893,0.17080848936808557,0.78,5.18629140000121,0.7362404000014067,19.31787770000301,
shuttle,P2_NoExploration,,newdata,clean,0.0,3,0.2,999,0.46427856714028415,0.3978845281212971,0.24782971574198184,-0.07860838621895333,1.0,0.08826051030147342,0.15100075708269303,0.828,5.018917000001238,0.8640857000027609,25.886279500002274,
shuttle,P2_NoExploration,,newdata,clean,0.0,3,0.3,1499,0.43105863518110865,0.3470086486332198,0.1416911049525576,-0.0713313315948143,1.0,0.08462735743889938,0.21300810946405233,0.71,9.97713400000066,0.6162492999974347,37.37309020000248,
shuttle,P2_NoExploration,,newdata,clean,0.0,4,0.05,249,0.44266559935961575,0.3251289302844514,0.20622654230421286,-0.07756859341183153,1.0,0.08668868659634346,0.19786956265894767,0.7466666666666667,5.380021699998906,0.5034522999994806,6.3548896000029345,
shuttle,P2_NoExploration,,newdata,clean,0.0,4,0.1,499,0.4448669201520912,0.3336534495173863,0.20099716914568427,-0.07661157204524946,1.0,0.08381278333599847,0.1768738869325082,0.796,4.923366200000601,0.38912509999863687,12.10719059999974,
shuttle,P2_NoExploration,,newdata,clean,0.0,4,0.15,749,0.48709225535321193,0.3547466313295286,0.21741861005440782,-0.07584547682354233,1.0,0.08279066977669226,0.1934939463992734,0.784,6.144852599998558,0.7115082999989681,19.635654500001692,
shuttle,P2_NoExploration,,newdata,clean,0.0,4,0.2,999,0.49649789873924355,0.34806264808545373,0.20924214706918093,-0.08137796735432681,1.0,0.08421837719180962,0.18192404329210377,0.76,5.67468590000135,0.5650036000006367,26.80296180000005,
shuttle,P2_NoExploration,,newdata,clean,0.0,4,0.3,1499,0.508505103061837,0.44664470838356957,0.23691472285952958,-0.07850796260810217,1.0,0.0835603809798512,0.16750037558390443,0.82,15.892561200002092,0.9569727000016428,46.10375080000085,
shuttle,P2_NoExploration,,newdata,clean,0.0,5,0.05,249,0.4412647588553132,0.2921182168978359,0.15852810033056375,-0.07721672614476781,1.0,0.08455612749574055,0.22350477876079555,0.7,6.333762399997795,0.24263620000056108,7.24343090000184,
shuttle,P2_NoExploration,,newdata,clean,0.0,5,0.1,499,0.3588152891735041,0.3159206197513842,0.12241981354334139,-0.07920197767823996,1.0,0.08162993876139989,0.18976236844029507,0.72,6.323211300001276,0.3811734000009892,14.710066200001165,
shuttle,P2_NoExploration,,newdata,clean,0.0,5,0.15,749,0.3672203321993196,0.32013202275750857,0.12184861899897456,-0.06815348979864515,1.0,0.08378965484577137,0.22295986852770797,0.668,5.874927099997876,0.44102139999813517,21.46162380000169,
shuttle,P2_NoExploration,,newdata,clean,0.0,5,0.2,999,0.4026415849509706,0.37741392950793984,0.13173850998501352,-0.07242259852230852,1.0,0.08456729707955261,0.20935357744682984,0.716,8.567914700000983,0.3700546999971266,30.842202700001508,
shuttle,P2_NoExploration,,newdata,clean,0.0,5,0.3,1499,0.46087652591554934,0.43676411473920906,0.20353416896354662,-0.07090722587851907,1.0,0.08603436977198747,0.18236852782247343,0.792,15.72002749999956,0.46374029999788036,47.50787589999891,
shuttle,P2_NoExploration,,newdata,clean,0.0,6,0.05,249,0.721032619571743,0.38131064051963964,0.4505204307120245,-0.0796281155412873,1.0,0.09657241133843228,0.20480901298438137,0.7466666666666667,8.046355899998161,1.2029025000010733,10.31885450000118,
shuttle,P2_NoExploration,,newdata,clean,0.0,6,0.1,499,0.754652791675005,0.38227909630743,0.3819895132166098,-0.0802046985171194,1.0,0.09701326336827731,0.17598420760232944,0.8,8.013027600001806,0.27055189999737195,18.844321100001252,
shuttle,P2_NoExploration,,newdata,clean,0.0,6,0.15,749,0.6403842305383229,0.3929671474561492,0.3379134263650371,-0.07806260448885953,1.0,0.09938629688619398,0.19541229202797814,0.864,7.575333700002375,0.26950700000088545,27.210613700000977,
shuttle,P2_NoExploration,,newdata,clean,0.0,6,0.2,999,0.4396637982789674,0.3709675950936971,0.18025330883990157,-0.07163608948069984,1.0,0.09077636629525636,0.2348952034788241,0.74,6.808373299998493,0.6837426999991294,35.65144430000146,
shuttle,P2_NoExploration,,newdata,clean,0.0,6,0.3,1499,0.5993596157694617,0.38088941439327284,0.24333800792794338,-0.07095862851379736,1.0,0.08515022634466003,0.22549152100369538,0.718,15.728303399999277,0.5875871999996889,52.97768260000157,
shuttle,P2_NoExploration,,newdata,clean,0.0,7,0.05,249,0.5115069041424855,0.38607410743177517,0.2532514562975978,-0.07723377060316035,1.0,0.08711697211404695,0.21686214475614188,0.72,9.242511100001138,0.6404847000012523,10.400112800001807,
shuttle,P2_NoExploration,,newdata,clean,0.0,7,0.1,499,0.5397238343005804,0.34973830591937954,0.21451855115658525,-0.08043576887034924,1.0,0.08570475219564523,0.18247567352433725,0.776,8.992219299998396,0.909467699999368,20.871199600002,
shuttle,P2_NoExploration,,newdata,clean,0.0,7,0.15,749,0.5321192715629378,0.34731278160326307,0.2164793910603865,-0.08255902266908385,1.0,0.08683432260281464,0.15328203824542044,0.792,9.625403599999117,0.9780752000006032,32.51668030000292,
shuttle,P2_NoExploration,,newdata,clean,0.0,7,0.2,999,0.38463077846708027,0.34214170075981487,0.13617672096196082,-0.07273520719520894,1.0,0.08587212339336893,0.2012068876494632,0.744,8.556729500000074,0.5660491999988153,42.30621090000204,
shuttle,P2_NoExploration,,newdata,clean,0.0,7,0.3,1499,0.44806884130478286,0.42192428232841833,0.21295332186734384,-0.06912405296007282,1.0,0.08649393731628817,0.21511233441138677,0.728,16.124795200001245,1.0751689999997325,60.09312110000246,
shuttle,P2_NoExploration,,newdata,clean,0.2,0,0.05,249,0.4832899739843906,0.3675830005900712,0.21422319784819396,-0.08104965984568781,1.0,0.08546062237677265,0.20243578760648975,0.7333333333333333,7.688313200000266,0.7286256000006688,8.61578720000034,
shuttle,P2_NoExploration,,newdata,clean,0.2,0,0.1,499,0.39003402041224733,0.3127585052063157,0.12031374397578147,-0.07519092639559477,1.0,0.0850499771281874,0.2126482863451105,0.688,6.050699999999779,0.18135560000155238,15.57107840000026,
shuttle,P2_NoExploration,,newdata,clean,0.2,0,0.15,749,0.37922753652191316,0.3099969180079109,0.1170757233291438,-0.07394125746543469,1.0,0.08388671992632402,0.2173127108644042,0.672,7.5326270000005024,0.8097955999983242,24.50688810000065,
shuttle,P2_NoExploration,,newdata,clean,0.2,0,0.2,999,0.35641384830898537,0.3356675808158542,0.14719619570325812,-0.07179577460680987,1.0,0.08336789196390283,0.20812296486980927,0.696,6.68192320000162,0.5647644000018772,32.332968400001846,
shuttle,P2_NoExploration,,newdata,clean,0.2,0,0.3,1499,0.3848308985391235,0.26333737005222696,0.12141339395633281,-0.0663926966700119,1.0,0.08179486673962912,0.22076240927968177,0.76,12.47531109999909,0.4951050000017858,45.800126199999795,
shuttle,P2_NoExploration,,newdata,clean,0.2,1,0.05,249,0.4668801280768461,0.3340963817832609,0.20871575023200664,-0.07161151775654709,1.0,0.08395711327691215,0.2183724433727166,0.6666666666666666,4.391848299997946,0.5606368999979168,5.199950300000637,
shuttle,P2_NoExploration,,newdata,clean,0.2,1,0.1,499,0.5009005403241945,0.3353135457731223,0.22774316584963294,-0.08309553881487222,1.0,0.08487133833803234,0.18920297511968692,0.756,4.542514600001596,0.2322392000023683,10.350870600002963,
shuttle,P2_NoExploration,,newdata,clean,0.2,1,0.15,749,0.4762857714628777,0.34044081083000705,0.21180479281311732,-0.07656061350818327,1.0,0.08497045086483114,0.18314162480462204,0.74,5.9044274000007135,0.36824129999877186,17.384909200001857,
shuttle,P2_NoExploration,,newdata,clean,0.2,1,0.2,999,0.46587952771663,0.3345287121994799,0.21120981202039643,-0.0702741554934405,1.0,0.08415514926736602,0.2036999177911186,0.728,5.621803300000465,0.7756297000014456,24.818147100002534,
shuttle,P2_NoExploration,,newdata,clean,0.2,1,0.3,1499,0.3882329397638583,0.3077747219068558,0.16172781572542272,-0.06312807581110993,1.0,0.08349869244410935,0.20146149925185688,0.772,11.452422400001524,0.9684394000032626,38.45595900000262,
shuttle,P2_NoExploration,,newdata,,0.2,2,0,,0,0,0,,,,,,,,,"MemoryError((50, 4498, 7), dtype('float64'))
Traceback (most recent call last):
  File ""D:\P2OLSAL_FSS\experiments\run_p2_single.py"", line 83, in main
    rows = run_one(ds_name, m, state, expert='clean', eta=eta, seed=seed,
                   budgets=BUDGETS)
  File ""D:\P2OLSAL_FSS\experiments\src\runner_generic.py"", line 108, in run_one
    sel_result = method.select(X, U, V, labeled_mask, budget_count, c,
                               y_true=y_true, seed=seed)
  File ""D:\P2OLSAL_FSS\experiments\src\p2_method.py"", line 48, in select
    gains, point_gains = robust_gain_dv_batch(
                         ~~~~~~~~~~~~~~~~~~~~^
        U[unlabeled], c, kappa=self.kappa, rng=self.rng)
        ^^^^^^^^^^^^^^^^^^^^^^^^^^^^^^^^^^^^^^^^^^^^^^^^
  File ""D:\P2OLSAL_FSS\experiments\src\robust_selection.py"", line 173, in robust_gain_dv_batch
    alpha_dir = alpha0 * U_batch + 1e-12  # (nu, c)
        ^^^^^^^^^^^^^^^^^^^^^^^^^^^^^^^^^^^^^^^^^^
numpy._core._exceptions._ArrayMemoryError: Unable to allocate 12.0 MiB for an array with shape (50, 4498, 7) and data type float64
"
shuttle,P2_NoExploration,,newdata,,0.2,3,0,,0,0,0,,,,,,,,,"MemoryError((3000, 3000), dtype('float64'))
Traceback (most recent call last):
  File ""D:\P2OLSAL_FSS\experiments\run_p2_single.py"", line 83, in main
    rows = run_one(ds_name, m, state, expert='clean', eta=eta, seed=seed,
                   budgets=BUDGETS)
  File ""D:\P2OLSAL_FSS\experiments\src\runner_generic.py"", line 108, in run_one
    sel_result = method.select(X, U, V, labeled_mask, budget_count, c,
                               y_true=y_true, seed=seed)
  File ""D:\P2OLSAL_FSS\experiments\src\p2_method.py"", line 72, in select
    alpha, _ = compute_alpha(R_sub, len(sub_idx))
               ~~~~~~~~~~~~~^^^^^^^^^^^^^^^^^^^^^
  File ""D:\P2OLSAL_FSS\experiments\src\robust_selection.py"", line 101, in compute_alpha
    4000x4000 (full R for small datasets, subsampled R for large datasets).
        ^^^^^^^^^^^^^^^^^^^^^^
  File ""C:\Users\FJZ\AppData\Local\Doubao\User Data\sandbox_runtime\bases\c98c5042338ed152c6f10ecd8591889f\python\Lib\site-packages\numpy\lib\_twodim_base_impl.py"", line 320, in diag
    res = zeros((n, n), v.dtype)
numpy._core._exceptions._ArrayMemoryError: Unable to allocate 68.7 MiB for an array with shape (3000, 3000) and data type float64
"
shuttle,P2_NoExploration,,newdata,,0.2,4,0,,0,0,0,,,,,,,,,"MemoryError((3000, 3000), dtype('float64'))
Traceback (most recent call last):
  File ""D:\P2OLSAL_FSS\experiments\run_p2_single.py"", line 83, in main
    rows = run_one(ds_name, m, state, expert='clean', eta=eta, seed=seed,
                   budgets=BUDGETS)
  File ""D:\P2OLSAL_FSS\experiments\src\runner_generic.py"", line 108, in run_one
    sel_result = method.select(X, U, V, labeled_mask, budget_count, c,
                               y_true=y_true, seed=seed)
  File ""D:\P2OLSAL_FSS\experiments\src\p2_method.py"", line 72, in select
    alpha, _ = compute_alpha(R_sub, len(sub_idx))
               ~~~~~~~~~~~~~^^^^^^^^^^^^^^^^^^^^^
  File ""D:\P2OLSAL_FSS\experiments\src\robust_selection.py"", line 102, in compute_alpha
    """"""
    
numpy._core._exceptions._ArrayMemoryError: Unable to allocate 68.7 MiB for an array with shape (3000, 3000) and data type float64
"
shuttle,P2_NoExploration,,newdata,clean,0.2,5,0.05,249,0.3548128877326396,0.2964834822282553,0.14317036837899716,-0.0738790989940623,1.0,0.08414394672950018,0.21976281863311395,0.6933333333333334,6.864426500000263,0.5292622999986634,8.01148810000086,
shuttle,P2_NoExploration,,newdata,clean,0.2,5,0.1,499,0.3518110866519912,0.28036932718912005,0.11917887602672537,-0.07225691921941806,1.0,0.07988659817415751,0.22955414179061154,0.704,7.5027851999984705,0.8068921999984013,16.851830800002062,
shuttle,P2_NoExploration,,newdata,clean,0.2,5,0.15,749,0.37742645587352414,0.3152662096568657,0.11931258194017437,-0.06874697301201889,1.0,0.08404642550547575,0.2226861908981949,0.712,7.911787600001844,0.5362147000014374,25.67183920000025,
shuttle,P2_NoExploration,,newdata,clean,0.2,5,0.2,999,0.3612167300380228,0.32984607709184205,0.14691261502740302,-0.07469210958861888,1.0,0.08430180443595106,0.20327473538143256,0.696,6.930558399999427,0.3281438999983948,33.30319260000033,
shuttle,P2_NoExploration,,newdata,clean,0.2,5,0.3,1499,0.3974384630778467,0.3103287328127654,0.15172250165514758,-0.06895763538298691,1.0,0.08188944840003619,0.20181903205282242,0.764,17.07729240000117,0.3751233000002685,52.302860800002236,
shuttle,P2_NoExploration,,newdata,clean,0.2,6,0.05,249,0.4762857714628777,0.29530942767028195,0.17054205602457764,-0.07425143110574095,1.0,0.08518544121235774,0.20884255628287213,0.72,8.93439170000056,0.9211562000018603,11.844425899998896,
shuttle,P2_NoExploration,,newdata,clean,0.2,6,0.1,499,0.5089053432059235,0.2616695721512438,0.18490000637003848,-0.07912532057707018,1.0,0.08609104899722106,0.14586713798519785,0.808,7.11502290000135,1.294868700002553,21.312183599999116,
shuttle,P2_NoExploration,,newdata,clean,0.2,6,0.15,749,0.3478086852111267,0.257772636217195,0.11687738755947405,-0.07265512786916063,1.0,0.08483351737847968,0.2219262125363043,0.652,6.612815500000579,1.7891235999995843,30.58030890000009,
shuttle,P2_NoExploration,,newdata,clean,0.2,6,0.2,999,0.36682009205523314,0.31976059053611106,0.15037870674805748,-0.06926211428484352,1.0,0.08475009023268523,0.23382576254650048,0.772,7.783564800000022,0.7922302000006312,39.69203420000122,
shuttle,P2_NoExploration,,newdata,clean,0.2,6,0.3,1499,0.3850310186111667,0.2940204764501155,0.15515008709599373,-0.06601854371752512,1.0,0.08296253965443899,0.23847743899509066,0.71,17.565550300001632,0.4722278000008373,59.00675649999903,
shuttle,P2_NoExploration,,newdata,clean,0.2,7,0.05,249,0.473884330598359,0.3326035348041443,0.19970272714583812,-0.07620259876848841,1.0,0.08636330625193679,0.19949493868337556,0.7466666666666667,9.113236399996822,1.1976909000004525,10.761628400003246,
shuttle,P2_NoExploration,,newdata,clean,0.2,7,0.1,499,0.5185111066639984,0.36380033124515176,0.2484958357790189,-0.08372337064734309,1.0,0.08392661688419013,0.16618288157042752,0.764,8.060264599997026,0.9667914000019664,21.233107000000018,
shuttle,P2_NoExploration,,newdata,clean,0.2,7,0.15,749,0.49289573744246545,0.26767047187695653,0.20740031855185204,-0.06882091434720262,1.0,0.08443871847830671,0.23549504878451685,0.7,8.547141200000624,1.625385200000892,32.26332800000091,
shuttle,P2_NoExploration,,newdata,clean,0.2,7,0.2,999,0.33059835901540924,0.2560719877278412,0.11659500368430142,-0.07094118810351847,1.0,0.082263543217722,0.20765559586827043,0.74,6.477124299999559,1.0328024999980698,40.41757660000076,
shuttle,P2_NoExploration,,newdata,clean,0.2,7,0.3,1499,0.4268561136682009,0.3187226911535577,0.19675575001985518,-0.06643442298440265,1.0,0.08302061734144134,0.22249984340321996,0.724,14.734857999999804,0.7494780000015453,57.576084500000434,
shuttle,P2_NoRedundancy,,newdata,clean,0.0,0,0.05,249,0.6353812287372423,0.42990842626205883,0.35760608034166536,-0.07363596884797341,1.0,0.08553180646161428,0.15679212854583116,0.9466666666666667,0.6355183999985456,1.2028659999996307,3.049218899999687,
shuttle,P2_NoRedundancy,,newdata,clean,0.0,0,0.1,499,0.52791675005003,0.4041746077835483,0.2611621059345784,-0.07241581181563907,1.0,0.08867155781799436,0.16748646810760442,0.916,0.7020645999982662,1.3203466000013577,5.894346199998836,
shuttle,P2_NoRedundancy,,newdata,clean,0.0,0,0.15,749,0.5295177106263759,0.3564070826938837,0.24280028950403326,-0.07134296700778318,1.0,0.0870786038620549,0.17139206737855228,0.924,0.7172102000004088,0.2430688000022201,7.630456200000481,
shuttle,P2_NoRedundancy,,newdata,clean,0.0,0,0.2,999,0.5797478487092256,0.36344728878733323,0.2699325338672411,-0.06557973915666494,1.0,0.08546042751558268,0.21226153838002257,0.896,0.9177041000002646,0.5087249000025622,10.211537299997872,
shuttle,P2_NoRedundancy,,newdata,clean,0.0,0,0.3,1499,0.6213728236942165,0.4012633390033576,0.3010721527726873,-0.0686448092049958,1.0,0.08769447437047037,0.1881055111779203,0.918,0.8571693000012601,0.9968386000000464,12.583248799997818,
shuttle,P2_NoRedundancy,,newdata,clean,0.0,1,0.05,249,0.4320592355413248,0.3121033763874121,0.19789975134046528,-0.0759239880446147,1.0,0.08646043656552796,0.1618182948393242,0.9333333333333333,1.2519485000011628,1.4449530000019877,3.1217271000023175,
shuttle,P2_NoRedundancy,,newdata,clean,0.0,1,0.1,499,0.5143085851510907,0.3410902337496151,0.23489379970420693,-0.06573174672773452,1.0,0.08387440893194989,0.21169578547329335,0.876,0.9031247999992047,0.6208699999988312,4.898487400001613,
shuttle,P2_NoRedundancy,,newdata,clean,0.0,1,0.15,749,0.5693416049629778,0.39782696163293024,0.2826566420714395,-0.07016930687295422,1.0,0.08634967880355335,0.17962694913130256,0.928,1.0019218000015826,0.37254740000207676,6.5094954000014695,
shuttle,P2_NoRedundancy,,newdata,clean,0.0,1,0.2,999,0.6033620172103262,0.4310082136835505,0.3185872876794409,-0.06683205590414505,1.0,0.08741636636352741,0.1984836437782551,0.896,0.9586342000002332,0.27234900000257767,8.154013500003202,
shuttle,P2_NoRedundancy,,newdata,clean,0.0,1,0.3,1499,0.634180508304983,0.3874162127145507,0.3235892818755523,-0.07112371902225138,1.0,0.0879832598379707,0.1832281228208891,0.91,0.7371836999991501,0.4906370999997307,9.767496200001915,
shuttle,P2_NoRedundancy,,newdata,clean,0.0,2,0.05,249,0.37562537522513506,0.26128830746828713,0.107278645155861,-0.072975741057064,1.0,0.08281436223421411,0.17665857940211888,0.9333333333333333,0.9400550999998813,0.24827319999894826,1.684527800000069,
shuttle,P2_NoRedundancy,,newdata,clean,0.0,2,0.1,499,0.5419251550930558,0.35087642945328035,0.25054866376202567,-0.06744832543768604,1.0,0.08229283697751366,0.19510440670902338,0.916,0.665805000000546,0.6752654999982042,3.701711099998647,
shuttle,P2_NoRedundancy,,newdata,clean,0.0,2,0.15,749,0.5957574544726836,0.3562823558749299,0.2944774924311593,-0.06894857416638658,1.0,0.08736681403237904,0.16972199284637374,0.944,0.7782870000010007,0.31845679999969434,5.404584399999294,
shuttle,P2_NoRedundancy,,newdata,clean,0.0,2,0.2,999,0.6009605763458075,0.3823438509299575,0.2810183876121226,-0.06650110943999057,1.0,0.08888774114837449,0.18828866697852403,0.928,0.5306860999990022,0.2849136000004364,7.067410899999231,
shuttle,P2_NoRedundancy,,newdata,clean,0.0,2,0.3,1499,0.6399839903942366,0.37664397159774055,0.2958839845065613,-0.07232874871085991,1.0,0.08710685073116235,0.18552430928502273,0.926,1.1990534999968077,1.2426697999981116,10.86700270000074,
shuttle,P2_NoRedundancy,,newdata,clean,0.0,3,0.05,249,0.46668000800480286,0.28933538617041454,0.17658149547174834,-0.07187163823561328,1.0,0.08435364049229988,0.16098560176379784,0.94,1.0312675999994099,0.35406460000012885,1.9968860000008135,
shuttle,P2_NoRedundancy,,newdata,clean,0.0,3,0.1,499,0.565939563738243,0.3109869414296341,0.23519093778333688,-0.07539270392513554,1.0,0.08447756206929054,0.20913261637521396,0.896,0.7380669999984093,0.875923600000533,4.965232000002288,
shuttle,P2_NoRedundancy,,newdata,clean,0.0,3,0.15,749,0.5617370422253352,0.3403239571080765,0.25648092070577905,-0.07265464417612481,1.0,0.08581632352301012,0.18119888904908765,0.916,0.6055392999987816,0.8043776999984402,7.24799239999993,
shuttle,P2_NoRedundancy,,newdata,clean,0.0,3,0.2,999,0.5773464078447068,0.35910600016191563,0.28245317273230247,-0.0694629502950333,1.0,0.08684834751654762,0.19710480171480085,0.904,0.49735750000036205,0.5119489999997313,9.130361400002585,
shuttle,P2_NoRedundancy,,newdata,clean,0.0,3,0.3,1499,0.6431859115469282,0.36969548612722675,0.28962082170269793,-0.06711596030581414,1.0,0.08755064718134825,0.18298145310436406,0.946,0.45121409999774187,0.8021060999999463,10.709641500001453,
shuttle,P2_NoRedundancy,,newdata,clean,0.0,4,0.05,249,0.43225935561336803,0.3140031280754476,0.1993575382645315,-0.07349542569754496,1.0,0.08668868659634346,0.15538517152767986,0.9666666666666667,0.509072599998035,0.4019455999987258,1.2131536999986565,
shuttle,P2_NoRedundancy,,newdata,clean,0.0,4,0.1,499,0.4866920152091255,0.3286081499158473,0.2168994118907214,-0.06928831553652282,1.0,0.08399608570184028,0.2108145683296298,0.872,0.4793591000016022,0.24858920000042417,2.1116354999976465,
shuttle,P2_NoRedundancy,,newdata,clean,0.0,4,0.15,749,0.5361216730038023,0.3494857015782963,0.2524411593664324,-0.06991542980160971,1.0,0.08478290161443319,0.19408653680277496,0.904,0.4584613000006357,0.22945160000017495,2.956566400000156,
shuttle,P2_NoRedundancy,,newdata,clean,0.0,4,0.2,999,0.5779467680608364,0.3592252717071304,0.29166849523452104,-0.06916334338034182,1.0,0.0852187737119355,0.20375773664288727,0.896,0.38484210000024177,0.14783420000094338,3.7128054999993765,
shuttle,P2_NoRedundancy,,newdata,clean,0.0,4,0.3,1499,0.6277766659995998,0.3714533828709155,0.31522836454231845,-0.07044972766573412,1.0,0.0878959732027347,0.179886196841714,0.93,0.3599648999988858,0.22537240000019665,5.072710199998255,
shuttle,P2_NoRedundancy,,newdata,clean,0.0,5,0.05,249,0.4376625975585351,0.3029189208254611,0.16561995920087585,-0.07160712053605787,1.0,0.08455612749574055,0.16884914139116836,0.9466666666666667,0.4664701999972749,0.18677360000219778,0.9552273999979661,
shuttle,P2_NoRedundancy,,newdata,clean,0.0,5,0.1,499,0.42705623374024415,0.33522776285610406,0.16729936453930752,-0.0625404734001358,1.0,0.08088099505815045,0.22183665108272227,0.868,0.4880312000022968,0.2388448999990942,1.913475400000607,
shuttle,P2_NoRedundancy,,newdata,clean,0.0,5,0.15,749,0.5427256353812288,0.40652925738773626,0.2607932556243045,-0.062478558732947845,1.0,0.0811889039930564,0.2184545123542327,0.888,0.5057312999997521,0.21145120000073803,3.0810306999992463,
shuttle,P2_NoRedundancy,,newdata,clean,0.0,5,0.2,999,0.4598759255553332,0.33454705304894855,0.13591478776156457,-0.0651591813488917,1.0,0.08758619506936782,0.18687325255442713,0.916,0.39944139999715844,0.4465185000008205,4.429599499999313,
shuttle,P2_NoRedundancy,,newdata,clean,0.0,5,0.3,1499,0.6109665799479688,0.4200408337882615,0.34014357292822966,-0.06413035508256376,1.0,0.08299101445284399,0.2136113557453097,0.89,0.3610768000035023,0.5027862999995705,5.570113999998284,
shuttle,P2_NoRedundancy,,newdata,clean,0.0,6,0.05,249,0.7032219331598959,0.4049272569614555,0.44608012359274,-0.08183963050071638,1.0,0.09657241133843228,0.12478962970831241,0.9666666666666667,0.45822880000196164,0.45777580000140006,1.2355704000001424,
shuttle,P2_NoRedundancy,,newdata,clean,0.0,6,0.1,499,0.7134280568341005,0.41780652445981026,0.4585893806679051,-0.08155762421184709,1.0,0.09626536922592648,0.12700093052168757,0.976,0.44072910000249976,0.3135952999982692,2.3010114999997313,
shuttle,P2_NoRedundancy,,newdata,clean,0.0,6,0.15,749,0.7342405443265959,0.4366198882921204,0.487301387401845,-0.08150940015665463,1.0,0.09730467449143214,0.09720517648478273,0.98,0.4135363999994297,0.30274590000044554,3.3965644000018074,
shuttle,P2_NoRedundancy,,newdata,clean,0.0,6,0.2,999,0.7544526716029618,0.4574069759414093,0.5174079073539446,-0.07911510085891518,1.0,0.0979380681003646,0.111371199209573,0.98,0.3890118000017537,0.40519279999716673,4.487164800000755,
shuttle,P2_NoRedundancy,,newdata,clean,0.0,6,0.3,1499,0.7868721232739644,0.49224994880007283,0.5662758664121368,-0.08016672162925877,1.0,0.09852963316850928,0.11038376583904129,0.976,0.3730752000010398,0.2879838999979256,5.515995199999452,
shuttle,P2_NoRedundancy,,newdata,clean,0.0,7,0.05,249,0.5395237142285372,0.3522145482626882,0.21549379801786034,-0.07758116328587268,1.0,0.08711697211404695,0.1655760970107949,0.9466666666666667,0.4426400000011199,0.4880714999999327,1.4782774999985122,
shuttle,P2_NoRedundancy,,newdata,clean,0.0,7,0.1,499,0.6169701821092656,0.3564751476121694,0.28804131980591385,-0.07039057380508593,1.0,0.08689581142673583,0.18628335179087344,0.94,0.44029800000134856,0.5292153000009421,3.074939900001482,
shuttle,P2_NoRedundancy,,newdata,clean,0.0,7,0.15,749,0.7178306984190514,0.4246180046931392,0.4454487972631527,-0.07432146142179127,1.0,0.08887250265207086,0.16315397775322701,0.968,0.42008310000164784,0.6130009999978938,4.6016262999983155,
shuttle,P2_NoRedundancy,,newdata,clean,0.0,7,0.2,999,0.7550530318190914,0.4618108066788911,0.5215439513800411,-0.0721623920605223,1.0,0.09199120640025395,0.1637345325712525,0.944,0.38855920000059996,0.4683733999991091,6.063738099997863,
shuttle,P2_NoRedundancy,,newdata,clean,0.0,7,0.3,1499,0.7916750050030018,0.47387633191646755,0.509419525350415,-0.07260952905832428,1.0,0.09196776500053147,0.15903936660338341,0.952,0.4027170000008482,0.629084199998033,7.668830999999045,
shuttle,P2_NoRedundancy,,newdata,clean,0.2,0,0.05,249,0.4734840904542726,0.3518469781915327,0.2226305260432348,-0.07126330169470799,1.0,0.08546062237677265,0.18046199955536069,0.9666666666666667,0.5338698000014119,0.6641817000017909,1.3897810999987996,
shuttle,P2_NoRedundancy,,newdata,clean,0.2,0,0.1,499,0.49829897938763257,0.34544955752825596,0.21744326455964755,-0.07094125761958106,1.0,0.08543805223324968,0.19010740394393164,0.924,0.6325051999992866,0.14155229999960284,2.328362799999013,
shuttle,P2_NoRedundancy,,newdata,clean,0.2,0,0.15,749,0.5015009005403241,0.3429302222373537,0.22172244643768896,-0.06906297900412099,1.0,0.08595445791622425,0.18413224586771249,0.92,0.44501780000064173,0.14525099999809754,3.1825099999987287,
shuttle,P2_NoRedundancy,,newdata,clean,0.2,0,0.2,999,0.5087052231338803,0.3413869524213827,0.23211695302127752,-0.06418969437394557,1.0,0.08627891632252246,0.1989227519450996,0.896,0.5000103000020317,0.239212000000407,4.267428399998607,
shuttle,P2_NoRedundancy,,newdata,clean,0.2,0,0.3,1499,0.5087052231338803,0.3329117841146987,0.22563463457838234,-0.06295410962516948,1.0,0.08559160891893106,0.20211778600607505,0.926,0.42019380000056117,0.3571287000013399,5.577872699999716,
shuttle,P2_NoRedundancy,,newdata,clean,0.2,1,0.05,249,0.4594756854112467,0.3414436692909541,0.20598093264506312,-0.07051729190571275,1.0,0.08395711327691215,0.17978295943928246,0.9333333333333333,0.5128360999988217,0.6489986999986286,1.5651982000017597,
shuttle,P2_NoRedundancy,,newdata,clean,0.2,1,0.1,499,0.4832899739843906,0.3346722919769739,0.20311858391039084,-0.06793205274708106,1.0,0.08577434402979908,0.18491564330015314,0.924,0.5141407000010076,0.3752917999991041,2.8184982999991917,
shuttle,P2_NoRedundancy,,newdata,clean,0.2,1,0.15,749,0.4978987392435461,0.3518756873512827,0.2200324776158798,-0.06796571029959657,1.0,0.08530942800064079,0.18765533921177274,0.936,0.5069307000012486,0.34965590000138036,4.113086900000781,
shuttle,P2_NoRedundancy,,newdata,clean,0.2,1,0.2,999,0.5029017410446268,0.3448682434830537,0.22443412641742447,-0.06552282221705837,1.0,0.08638308047105782,0.19471451346986532,0.928,0.39593389999936335,0.49159270000018296,5.492965900000854,
shuttle,P2_NoRedundancy,,newdata,clean,0.2,1,0.3,1499,0.5099059435661397,0.3295564618281685,0.22785807701709346,-0.06634353283756649,1.0,0.08659247109931689,0.19839446384688925,0.922,0.4205017999993288,0.4432124999984808,6.919528700000228,
shuttle,P2_NoRedundancy,,newdata,clean,0.2,2,0.05,249,0.3882329397638583,0.28649655708203847,0.11451755368232042,-0.07219468925078587,1.0,0.08460664809337373,0.17849652890175907,0.94,0.45382600000084494,0.27276659999915864,0.9677334999978484,
shuttle,P2_NoRedundancy,,newdata,clean,0.2,2,0.1,499,0.4936962177306384,0.3168763936413878,0.21596393868034408,-0.06511705884335499,1.0,0.08284721498169063,0.19546733303434827,0.904,0.5436264999989362,0.2845234000014898,2.1178685999984737,
shuttle,P2_NoRedundancy,,newdata,clean,0.2,2,0.15,749,0.5145087052231339,0.32875439726171596,0.23195657958033525,-0.06572494322324102,1.0,0.08601694137336903,0.18327966835183246,0.94,0.49344859999837354,0.26630410000143456,3.200653299998521,
shuttle,P2_NoRedundancy,,newdata,clean,0.2,2,0.2,999,0.49109465679407643,0.33391326630391566,0.21678529095123303,-0.062268585739320335,1.0,0.08663380961194365,0.2037556297058002,0.908,0.4441953999994439,0.3849709999994957,4.5894840999972075,
shuttle,P2_NoRedundancy,,newdata,clean,0.2,2,0.3,1499,0.4922953772263358,0.31671277812420334,0.21708745279740121,-0.06590540762162289,1.0,0.08640812569678405,0.1980563993892611,0.906,0.43187489999763784,0.5885855000014999,6.132232299998577,
shuttle,P2_NoRedundancy,,newdata,clean,0.2,3,0.05,249,0.5023013808284971,0.3723747469086821,0.23067295059204473,-0.07082071337996254,1.0,0.08540524256291955,0.15997041228173722,0.9466666666666667,0.44373210000048857,0.34424790000048233,1.1390112999979465,
shuttle,P2_NoRedundancy,,newdata,clean,0.2,3,0.1,499,0.48449069441665,0.32303128497415307,0.2105336161794585,-0.07289418152433091,1.0,0.08609834284584372,0.19481664762021839,0.924,0.518270600001415,0.3074092999995628,2.29088149999734,
shuttle,P2_NoRedundancy,,newdata,clean,0.2,3,0.15,749,0.42865719431658994,0.2855240624440364,0.15884671958988322,-0.06544321776257954,1.0,0.08408524635179486,0.2003091494428952,0.936,0.48900160000266624,0.3438988999987487,3.449871799999528,
shuttle,P2_NoRedundancy,,newdata,clean,0.2,3,0.2,999,0.500500300180108,0.33056956530062914,0.2245256439618091,-0.0595533407957479,1.0,0.0809953607034159,0.2293779586657156,0.868,0.5072834000020521,0.290755199999694,5.206656999998813,
shuttle,P2_NoRedundancy,,newdata,clean,0.2,3,0.3,1499,0.4984990994596758,0.31552575739384636,0.22162216703704268,-0.06238841081308685,1.0,0.08678810435104742,0.19826221880607434,0.9,0.6533606999983022,0.45573350000267965,7.102263199998561,
shuttle,P2_NoRedundancy,,newdata,clean,0.2,4,0.05,249,0.46327796678006805,0.3502527637262743,0.21183808807570778,-0.07133211925009156,1.0,0.08537232778217974,0.16836737712517377,0.92,0.5146567999981926,0.27680469999904744,1.2394203000003472,
shuttle,P2_NoRedundancy,,newdata,clean,0.2,4,0.1,499,0.47208324994997,0.2866442252715919,0.19170876850792193,-0.07049639119158166,1.0,0.08613998280038138,0.1841835415824612,0.924,0.5868302000017138,0.3962085000021034,2.7600777999978163,
shuttle,P2_NoRedundancy,,newdata,clean,0.2,4,0.15,749,0.4896938162897739,0.31875400622221023,0.20616289835206242,-0.06918702929994104,1.0,0.0854289852582359,0.17982430191209675,0.92,0.7467524999992747,0.8659874000004493,5.004121599999053,
shuttle,P2_NoRedundancy,,newdata,clean,0.2,4,0.2,999,0.5003001801080649,0.30095793065824,0.21396175548593646,-0.06767755482177455,1.0,0.08577746989908758,0.197872612696575,0.908,0.49460309999994934,0.9370314000007056,7.455415399999765,
shuttle,P2_NoRedundancy,,newdata,clean,0.2,4,0.3,1499,0.5057034220532319,0.32494503463167423,0.2214619621090621,-0.06405307458672317,1.0,0.0851129842707604,0.2019377840974876,0.926,0.5906703000000562,1.1666091000006418,10.71420439999929,
shuttle,P2_NoRedundancy,,newdata,clean,0.2,5,0.05,249,0.4326595957574545,0.2876130716256595,0.16164743348717892,-0.07114554713692738,1.0,0.08414394672950018,0.16826657094167086,0.94,1.024119800000335,0.382789799998136,2.2330075000027136,
shuttle,P2_NoRedundancy,,newdata,clean,0.2,5,0.1,499,0.395037022213328,0.29209866076793695,0.14787094417082916,-0.062471346412636984,1.0,0.08162817000448189,0.21681042251270186,0.888,0.9144271000004665,0.4038990000008198,4.305558000000019,
shuttle,P2_NoRedundancy,,newdata,clean,0.2,5,0.15,749,0.4960976585951571,0.3353992755718092,0.22126589932522175,-0.06156173193796292,1.0,0.08078913312595835,0.22030874022396413,0.892,0.9134683999982371,0.22106929999790736,6.6640970000007655,
shuttle,P2_NoRedundancy,,newdata,clean,0.2,5,0.2,999,0.44166499899939965,0.3330304020455702,0.1806001934749428,-0.06293817068574827,1.0,0.08613189231585272,0.19650448428785558,0.924,0.6562252999974589,1.2704744000002393,10.007527200003096,
shuttle,P2_NoRedundancy,,newdata,clean,0.2,5,0.3,1499,0.5183109865919552,0.3253009119847017,0.23129225599475156,-0.06163382594467592,1.0,0.08278547621330754,0.22020519574015315,0.866,0.3964056000004348,1.8856412000022829,13.156071500001417,
shuttle,P2_NoRedundancy,,newdata,clean,0.2,6,0.05,249,0.5193115869521713,0.36197351024482904,0.24238903588936134,-0.07396363864978639,1.0,0.08518544121235774,0.17589640577226634,0.9666666666666667,0.6711324999996577,1.2511921000004804,3.1560183000001416,
shuttle,P2_NoRedundancy,,newdata,clean,0.2,6,0.1,499,0.48449069441665,0.3444687250897297,0.20583696555876663,-0.07111096940921684,1.0,0.08637204304154802,0.19273502491902764,0.936,0.8658498999975563,1.4274956999979622,6.401138500001252,
shuttle,P2_NoRedundancy,,newdata,clean,0.2,6,0.15,749,0.4926956173704223,0.3335728153032363,0.20663684478913885,-0.06912194035985493,1.0,0.08447351480037132,0.18504472392365404,0.952,0.5210050999994564,0.9354913999995915,8.881838100001914,
shuttle,P2_NoRedundancy,,newdata,clean,0.2,6,0.2,999,0.49949969981989195,0.3057184348161277,0.20896620658713738,-0.06771092500036097,1.0,0.08532834172991771,0.1855400644379933,0.944,0.8476234999980079,0.9868943000001309,11.349417400000675,
shuttle,P2_NoRedundancy,,newdata,clean,0.2,6,0.3,1499,0.5017010206123674,0.3099049164425208,0.2211408577509272,-0.06348971909909759,1.0,0.0848050845212489,0.20850873938321474,0.934,0.8460044999992533,0.7333103999990271,13.918227699999989,
shuttle,P2_NoRedundancy,,newdata,clean,0.2,7,0.05,249,0.4604762857714629,0.34770884033725996,0.21230143649305694,-0.07672812828137987,1.0,0.08636330625193679,0.16314392703756178,0.9666666666666667,0.9666574000002583,1.0979961000011826,2.420471699999325,
shuttle,P2_NoRedundancy,,newdata,clean,0.2,7,0.1,499,0.47788673203922355,0.31394733736898883,0.21130244306742985,-0.0693803677483254,1.0,0.08597976410407768,0.18629454343987145,0.936,0.6791079000031459,0.5845598000014434,4.382935300000099,
shuttle,P2_NoRedundancy,,newdata,clean,0.2,7,0.15,749,0.47728637182309386,0.25971450796382745,0.19083283964162215,-0.06938892646621023,1.0,0.08644455985826541,0.1774178971712954,0.944,0.659800900000846,0.6893216999997094,6.649676000000909,
shuttle,P2_NoRedundancy,,newdata,clean,0.2,7,0.2,999,0.5003001801080649,0.31293742934567953,0.21058144222107197,-0.06406944133985933,1.0,0.08501403643598622,0.1961276155034938,0.9,0.8155968999999459,0.9628874000009091,9.22631139999794,
shuttle,P2_NoRedundancy,,newdata,clean,0.2,7,0.3,1499,0.5061036621973184,0.3259200972658363,0.22246539845149482,-0.06495058202186225,1.0,0.08553039304077126,0.19772617848991814,0.93,0.8558081000010134,0.7966850000011618,12.076652799998556,
shuttle,P2_NoFMIS,,newdata,clean,0.0,0,0.05,249,0.6423854312587552,0.3833586708659633,0.35556864408492267,-0.08174907737028439,1.0,0.08553180646161428,0.20509655760569487,0.7333333333333333,7.68042449999848,1.5089185999968322,10.58722299999863,
shuttle,P2_NoFMIS,,newdata,clean,0.0,0,0.1,499,0.47488493095857515,0.3151223655858319,0.1754097048366996,-0.07745839885164199,1.0,0.08968469359065376,0.19406668910881958,0.724,8.714695200000278,1.3165625000001455,21.653251799998543,
shuttle,P2_NoFMIS,,newdata,clean,0.0,0,0.15,749,0.4692815689413648,0.39437974009966065,0.2331989260883653,-0.07533519648139947,1.0,0.08503997076801144,0.2077768963869573,0.696,8.37155039999925,0.9305227000004379,31.486096000000543,
shuttle,P2_NoFMIS,,newdata,clean,0.0,0,0.2,999,0.5027016209725835,0.46772739897584326,0.2637573166689957,-0.07487616854449924,1.0,0.085772649023466,0.20113132106564166,0.772,7.235486799996579,0.7047305000014603,40.493315199997596,
shuttle,P2_NoFMIS,,newdata,clean,0.0,0,0.3,1499,0.5053031819091455,0.4807644546038405,0.31981114547550055,-0.07387888999560414,1.0,0.08610631663846595,0.17447283502615987,0.762,20.117734700001165,1.015972299999703,63.63239379999868,
shuttle,P2_NoFMIS,,newdata,clean,0.0,1,0.05,249,0.47828697218331,0.34425387256146134,0.21855992777695574,-0.07826435221421336,1.0,0.08646043656552796,0.22727094202335418,0.6866666666666666,8.532906799999182,1.1397570999979507,9.998142399999779,
shuttle,P2_NoFMIS,,newdata,clean,0.0,1,0.1,499,0.5221132679607765,0.3762622680623977,0.24789287669379756,-0.08179126349445624,1.0,0.08537959219141304,0.18741181660547798,0.732,8.569334499999968,0.7807635999997729,19.702971999999136,
shuttle,P2_NoFMIS,,newdata,clean,0.0,1,0.15,749,0.3790274164498699,0.28965802826757825,0.12013854132829022,-0.07868402656148,1.0,0.08545647015821924,0.17614655923730158,0.736,7.435349800001859,0.6983594999983325,29.10221239999737,
shuttle,P2_NoFMIS,,newdata,clean,0.0,1,0.2,999,0.4448669201520912,0.4141676094059331,0.22480221639040737,-0.07141897393856522,1.0,0.08343716722017563,0.21823148880269086,0.672,7.957485699997051,0.9430781999981264,39.87509179999688,
shuttle,P2_NoFMIS,,newdata,clean,0.0,1,0.3,1499,0.4660796477886732,0.33196278745413116,0.15017314047872504,-0.07408441545731609,1.0,0.08335258412323679,0.19272465676322714,0.754,19.301664800001163,1.787882399999944,63.07798980000007,
shuttle,P2_NoFMIS,,newdata,clean,0.0,2,0.05,249,0.49949969981989195,0.2742106636345896,0.17030448391739758,-0.0781156172849842,1.0,0.08281436223421411,0.22544389069449067,0.7133333333333334,8.99706950000109,0.4642133000015747,10.639225400002033,
shuttle,P2_NoFMIS,,newdata,clean,0.0,2,0.1,499,0.5035021012607565,0.3382258735465826,0.20828420625085434,-0.08039886691279924,1.0,0.08427881897194789,0.18823484696631448,0.744,7.766092000001663,1.1751653000028455,20.519038599999476,
shuttle,P2_NoFMIS,,newdata,clean,0.0,2,0.15,749,0.5021012607564539,0.33658335431065894,0.18440681029588696,-0.0810632830539281,1.0,0.08516723130809029,0.14964743539255373,0.788,7.906058900000062,0.5107063999967068,30.34514929999932,
shuttle,P2_NoFMIS,,newdata,clean,0.0,2,0.2,999,0.5289173504102461,0.3532735834053874,0.19349338334457367,-0.07871374383125146,1.0,0.0828349669851518,0.15978122762365468,0.828,8.279342400001042,1.588307400001213,41.980001200001425,
shuttle,P2_NoFMIS,,newdata,clean,0.0,2,0.3,1499,0.42945767460476286,0.34246282972425407,0.13891403237194574,-0.0780025727542909,1.0,0.0854004972717694,0.16890090139344044,0.834,17.66458649999913,1.6702399000023433,62.37020730000222,
shuttle,P2_NoFMIS,,newdata,clean,0.0,3,0.05,249,0.5499299579747848,0.33535384489565884,0.21394734419533087,-0.07183798477996924,1.0,0.08435364049229988,0.21472765282483153,0.7066666666666667,8.460381400000188,0.8596370999985083,10.69960749999882,
shuttle,P2_NoFMIS,,newdata,clean,0.0,3,0.1,499,0.5251150690414249,0.31121027904540927,0.20394020093879225,-0.0831784597243508,1.0,0.08514622584232286,0.1926337331061121,0.724,8.047536400001263,1.5274448999989545,21.580729400000564,
shuttle,P2_NoFMIS,,newdata,clean,0.0,3,0.15,749,0.5445267160296178,0.36142425595944766,0.22170240462577656,-0.08006664208626942,1.0,0.08342211675789893,0.17080848936808557,0.78,7.67339560000255,1.0386295000025711,31.210227999999915,
shuttle,P2_NoFMIS,,newdata,clean,0.0,3,0.2,999,0.46427856714028415,0.3978845281212971,0.24782971574198184,-0.07860838621895333,1.0,0.08826051030147342,0.15100075708269303,0.828,8.31830799999807,1.0453119999983755,41.911327699999674,
shuttle,P2_NoFMIS,,newdata,clean,0.0,3,0.3,1499,0.43105863518110865,0.3470086486332198,0.1416911049525576,-0.0713313315948143,1.0,0.08462735743889938,0.21300810946405233,0.71,19.31207020000147,1.762064400001691,64.41274880000128,
shuttle,P2_NoFMIS,,newdata,clean,0.0,4,0.05,249,0.44266559935961575,0.3251289302844514,0.20622654230421286,-0.07756859341183153,1.0,0.08668868659634346,0.19786956265894767,0.7466666666666667,7.942155500000808,0.9839762000010523,9.535607699999673,
shuttle,P2_NoFMIS,,newdata,clean,0.0,4,0.1,499,0.4448669201520912,0.3336534495173863,0.20099716914568427,-0.07661157204524946,1.0,0.08381278333599847,0.1768738869325082,0.796,7.944931900001393,0.8673554999986663,19.098862499999086,
shuttle,P2_NoFMIS,,newdata,clean,0.0,4,0.15,749,0.48709225535321193,0.3547466313295286,0.21741861005440782,-0.07584547682354233,1.0,0.08279066977669226,0.1934939463992734,0.784,8.506078399997932,0.7327975000007427,29.41126720000102,
shuttle,P2_NoFMIS,,newdata,clean,0.0,4,0.2,999,0.49649789873924355,0.34806264808545373,0.20924214706918093,-0.08137796735432681,1.0,0.08421837719180962,0.18192404329210377,0.76,9.17919129999791,1.0064077999995789,40.4712526000003,
shuttle,P2_NoFMIS,,newdata,clean,0.0,4,0.3,1499,0.508505103061837,0.44664470838356957,0.23691472285952958,-0.07850796260810217,1.0,0.0835603809798512,0.16750037558390443,0.82,18.19625090000045,0.8549450999998953,61.308198200000334,
shuttle,P2_NoFMIS,,newdata,clean,0.0,5,0.05,249,0.4412647588553132,0.2921182168978359,0.15852810033056375,-0.07721672614476781,1.0,0.08455612749574055,0.22350477876079555,0.7,8.321445600002335,0.3121537000006356,8.991427200002363,
shuttle,P2_NoFMIS,,newdata,clean,0.0,5,0.1,499,0.3588152891735041,0.3159206197513842,0.12241981354334139,-0.07920197767823996,1.0,0.08162993876139989,0.18976236844029507,0.72,7.427151799998683,0.6182473999979265,17.751459900002374,
shuttle,P2_NoFMIS,,newdata,clean,0.0,5,0.15,749,0.3672203321993196,0.32013202275750857,0.12184861899897456,-0.06815348979864515,1.0,0.08378965484577137,0.22295986852770797,0.668,7.5139658999978565,0.7987490000014077,26.916318300001876,
shuttle,P2_NoFMIS,,newdata,clean,0.0,5,0.2,999,0.4026415849509706,0.37741392950793984,0.13173850998501352,-0.07242259852230852,1.0,0.08456729707955261,0.20935357744682984,0.716,8.92162979999921,0.666947200003051,37.225804500001686,
shuttle,P2_NoFMIS,,newdata,clean,0.0,5,0.3,1499,0.46087652591554934,0.43676411473920906,0.20353416896354662,-0.07090722587851907,1.0,0.08603436977198747,0.18236852782247343,0.792,19.850719599999138,0.43318750000253203,58.33028230000127,
shuttle,P2_NoFMIS,,newdata,clean,0.0,6,0.05,249,0.721032619571743,0.38131064051963964,0.4505204307120245,-0.0796281155412873,1.0,0.09657241133843228,0.20480901298438137,0.7466666666666667,7.378414700000576,1.050943999998708,8.775602999998227,
shuttle,P2_NoFMIS,,newdata,clean,0.0,6,0.1,499,0.754652791675005,0.38227909630743,0.3819895132166098,-0.0802046985171194,1.0,0.09701326336827731,0.17598420760232944,0.8,7.81199689999994,0.683728500000143,17.688535799999954,
shuttle,P2_NoFMIS,,newdata,clean,0.0,6,0.15,749,0.6403842305383229,0.3929671474561492,0.3379134263650371,-0.07806260448885953,1.0,0.09938629688619398,0.19541229202797814,0.864,8.638601499998913,0.38264690000141854,27.589764299998933,
shuttle,P2_NoFMIS,,newdata,clean,0.0,6,0.2,999,0.4396637982789674,0.3709675950936971,0.18025330883990157,-0.07163608948069984,1.0,0.09077636629525636,0.2348952034788241,0.74,8.24041859999852,1.014167899997119,37.53241219999836,
shuttle,P2_NoFMIS,,newdata,clean,0.0,6,0.3,1499,0.5993596157694617,0.38088941439327284,0.24333800792794338,-0.07095862851379736,1.0,0.08515022634466003,0.22549152100369538,0.718,19.04782999999952,1.3207789000007324,58.532215899998846,
shuttle,P2_NoFMIS,,newdata,clean,0.0,7,0.05,249,0.5115069041424855,0.38607410743177517,0.2532514562975978,-0.07723377060316035,1.0,0.08711697211404695,0.21686214475614188,0.72,8.188630799999373,1.1578976000018883,10.225291400001879,
shuttle,P2_NoFMIS,,newdata,clean,0.0,7,0.1,499,0.5397238343005804,0.34973830591937954,0.21451855115658525,-0.08043576887034924,1.0,0.08570475219564523,0.18247567352433725,0.776,8.141643299997668,0.7765432000014698,20.07066660000055,
shuttle,P2_NoFMIS,,newdata,clean,0.0,7,0.15,749,0.5321192715629378,0.34731278160326307,0.2164793910603865,-0.08255902266908385,1.0,0.08683432260281464,0.15328203824542044,0.792,7.983673999999155,0.897257399999944,29.89067470000009,
shuttle,P2_NoFMIS,,newdata,clean,0.0,7,0.2,999,0.38463077846708027,0.34214170075981487,0.13617672096196082,-0.07273520719520894,1.0,0.08587212339336893,0.2012068876494632,0.744,8.239923500001169,1.0124791999987792,39.96541240000079,
shuttle,P2_NoFMIS,,newdata,clean,0.0,7,0.3,1499,0.44806884130478286,0.42192428232841833,0.21295332186734384,-0.06912405296007282,1.0,0.08649393731628817,0.21511233441138677,0.728,19.028118499998527,1.0924916999974812,61.532516700001,
shuttle,P2_NoFMIS,,newdata,clean,0.2,0,0.05,249,0.4832899739843906,0.3675830005900712,0.21422319784819396,-0.08104965984568781,1.0,0.08546062237677265,0.20243578760648975,0.7333333333333333,4.325893499997619,0.6556771999967168,5.212933200000407,
shuttle,P2_NoFMIS,,newdata,clean,0.2,0,0.1,499,0.39003402041224733,0.3127585052063157,0.12031374397578147,-0.07519092639559477,1.0,0.0850499771281874,0.2126482863451105,0.688,4.698293199999171,0.259209899999405,10.560619899999438,
shuttle,P2_NoFMIS,,newdata,clean,0.2,0,0.15,749,0.37922753652191316,0.3099969180079109,0.1170757233291438,-0.07394125746543469,1.0,0.08388671992632402,0.2173127108644042,0.672,4.430751700001565,0.40963819999888074,15.973719400000846,
shuttle,P2_NoFMIS,,newdata,clean,0.2,0,0.2,999,0.35641384830898537,0.3356675808158542,0.14719619570325812,-0.07179577460680987,1.0,0.08336789196390283,0.20812296486980927,0.696,4.249840800002858,0.4777697999998054,21.34094610000102,
shuttle,P2_NoFMIS,,newdata,clean,0.2,0,0.3,1499,0.3848308985391235,0.26333737005222696,0.12141339395633281,-0.0663926966700119,1.0,0.08179486673962912,0.22076240927968177,0.76,10.567794599999615,0.45564550000199233,33.15230829999928,
shuttle,P2_NoFMIS,,newdata,clean,0.2,1,0.05,249,0.4668801280768461,0.3340963817832609,0.20871575023200664,-0.07161151775654709,1.0,0.08395711327691215,0.2183724433727166,0.6666666666666666,6.11025630000222,1.0758415999989666,7.566617299999052,
shuttle,P2_NoFMIS,,newdata,clean,0.2,1,0.1,499,0.5009005403241945,0.3353135457731223,0.22774316584963294,-0.08309553881487222,1.0,0.08487133833803234,0.18920297511968692,0.756,7.276138099998207,0.7094808000001649,15.969303800000489,
shuttle,P2_NoFMIS,,newdata,clean,0.2,1,0.15,749,0.4762857714628777,0.34044081083000705,0.21180479281311732,-0.07656061350818327,1.0,0.08497045086483114,0.18314162480462204,0.74,7.753106899999693,0.6985287999996217,25.783416599999327,
shuttle,P2_NoFMIS,,newdata,clean,0.2,1,0.2,999,0.46587952771663,0.3345287121994799,0.21120981202039643,-0.0702741554934405,1.0,0.08415514926736602,0.2036999177911186,0.728,7.688425100001041,1.3566629999986617,36.424076300001616,
shuttle,P2_NoFMIS,,newdata,clean,0.2,1,0.3,1499,0.3882329397638583,0.3077747219068558,0.16172781572542272,-0.06312807581110993,1.0,0.08349869244410935,0.20146149925185688,0.772,16.777852600000188,1.2149548999987019,55.294174500002555,
shuttle,P2_NoFMIS,,newdata,clean,0.2,2,0.05,249,0.4892935761456874,0.3298056127739735,0.21353212892406864,-0.07947571063874588,1.0,0.08460664809337373,0.236050266276328,0.6466666666666666,7.874914700001682,0.7636309000008623,9.011426900000515,
shuttle,P2_NoFMIS,,newdata,clean,0.2,2,0.1,499,0.378226936161697,0.2609232234973291,0.10200640247120342,-0.07717682171994059,1.0,0.08516916018835136,0.19898946516867802,0.72,8.403919899999892,0.4250047000023187,18.774679600002855,
shuttle,P2_NoFMIS,,newdata,clean,0.2,2,0.15,749,0.35701420852511506,0.26029973217758134,0.1062466886428931,-0.07395742543593181,1.0,0.08119117820380325,0.2001107130692314,0.68,7.294710999998642,0.8499197999990429,28.28429640000104,
shuttle,P2_NoFMIS,,newdata,clean,0.2,2,0.2,999,0.3398038823293976,0.2872725062980584,0.15015500573332347,-0.07256400239829335,1.0,0.08204580575853464,0.2122416631252262,0.664,7.905085900001723,1.245523300000059,38.8275719000012,
shuttle,P2_NoFMIS,,newdata,clean,0.2,2,0.3,1499,0.3678206924154493,0.2688510009621704,0.14425712846311253,-0.07497665480584374,1.0,0.0826396981096453,0.18932987806129598,0.772,16.073732299999392,1.300075700000889,57.303289600000426,
shuttle,P2_NoFMIS,,newdata,clean,0.2,3,0.05,249,0.4984990994596758,0.362515746312351,0.2317617808348663,-0.07318737281483688,1.0,0.08540524256291955,0.20184188100541406,0.7533333333333333,7.714240600002086,0.4235681000027398,8.572037400001136,
shuttle,P2_NoFMIS,,newdata,clean,0.2,3,0.1,499,0.5343205923554133,0.3674428683932571,0.2607901822119188,-0.07820942640287191,1.0,0.08551771524859587,0.17362303810442917,0.82,7.869102600001497,0.7526176999999734,17.986778200000117,
shuttle,P2_NoFMIS,,newdata,clean,0.2,3,0.15,749,0.4574744846908145,0.2516910660370938,0.19923246611145431,-0.07066691620887593,1.0,0.08553754944183023,0.23460722447064963,0.744,7.503368400000909,1.0778112999978475,27.2915727000036,
shuttle,P2_NoFMIS,,newdata,clean,0.2,3,0.2,999,0.486291775065039,0.31960498521685815,0.2410296895140499,-0.06911975558405144,1.0,0.08143223068249643,0.21257455587133942,0.696,7.634475200000452,1.1317142999978387,36.856977900002676,
shuttle,P2_NoFMIS,,newdata,clean,0.2,3,0.3,1499,0.43866319791875125,0.3365531735279205,0.21372040664988465,-0.06670284734690318,1.0,0.08596435345244233,0.22109366037376313,0.714,15.882170100001531,1.3153913999994984,55.411724600002344,
shuttle,P2_NoFMIS,,newdata,clean,0.2,4,0.05,249,0.4546728036822093,0.3379182636895235,0.20657480444692813,-0.07532559575384677,1.0,0.08537232778217974,0.19677300946024137,0.7533333333333333,6.725865899999917,0.29658269999708864,7.663608700000623,
shuttle,P2_NoFMIS,,newdata,clean,0.2,4,0.1,499,0.4856914148489093,0.3499748725324245,0.20503349169724772,-0.08180262504490246,1.0,0.08566686484137753,0.17089539884655394,0.82,6.1274422999995295,0.29815769999913755,14.82421930000055,
shuttle,P2_NoFMIS,,newdata,clean,0.2,4,0.15,749,0.4828897338403042,0.32811916859163376,0.19925433768976852,-0.07873317436380244,1.0,0.08455399845970259,0.20225777096895933,0.712,6.551574000000983,0.7702451999975892,22.91143050000028,
shuttle,P2_NoFMIS,,newdata,clean,0.2,4,0.2,999,0.4652791675005003,0.32097646147090936,0.234786222421441,-0.07512617031116085,1.0,0.08355653240201603,0.16430592708115796,0.804,6.536100299999816,0.4608784000010928,30.835465500000282,
shuttle,P2_NoFMIS,,newdata,clean,0.2,4,0.3,1499,0.3806283770262157,0.3144669318103283,0.15870564192323044,-0.0725037652869747,1.0,0.08460597860590832,0.18969336642277568,0.774,14.024797599999147,1.2984859999996843,47.1689600000027,
shuttle,P2_NoFMIS,,newdata,clean,0.2,5,0.05,249,0.3548128877326396,0.2964834822282553,0.14317036837899716,-0.0738790989940623,1.0,0.08414394672950018,0.21976281863311395,0.6933333333333334,6.283257699997193,0.36093130000153906,7.364968499998213,
shuttle,P2_NoFMIS,,newdata,clean,0.2,5,0.1,499,0.3518110866519912,0.28036932718912005,0.11917887602672537,-0.07225691921941806,1.0,0.07988659817415751,0.22955414179061154,0.704,6.732476599998336,0.5886019999998098,15.103027699999075,
shuttle,P2_NoFMIS,,newdata,clean,0.2,5,0.15,749,0.37742645587352414,0.3152662096568657,0.11931258194017437,-0.06874697301201889,1.0,0.08404642550547575,0.2226861908981949,0.712,6.545263399999385,0.640205200001219,22.92607329999737,
shuttle,P2_NoFMIS,,newdata,clean,0.2,5,0.2,999,0.3612167300380228,0.32984607709184205,0.14691261502740302,-0.07469210958861888,1.0,0.08430180443595106,0.20327473538143256,0.696,6.744140399998287,0.7473790000003646,30.903210899999976,
shuttle,P2_NoFMIS,,newdata,clean,0.2,5,0.3,1499,0.3974384630778467,0.3103287328127654,0.15172250165514758,-0.06895763538298691,1.0,0.08188944840003619,0.20181903205282242,0.764,13.460501800000202,0.4672123999989708,45.77664409999852,
shuttle,P2_NoFMIS,,newdata,clean,0.2,6,0.05,249,0.4762857714628777,0.29530942767028195,0.17054205602457764,-0.07425143110574095,1.0,0.08518544121235774,0.20884255628287213,0.72,5.872869499999069,0.7793080000010377,7.933154800000921,
shuttle,P2_NoFMIS,,newdata,clean,0.2,6,0.1,499,0.5089053432059235,0.2616695721512438,0.18490000637003848,-0.07912532057707018,1.0,0.08609104899722106,0.14586713798519785,0.808,6.816890999998577,0.9215251999994507,17.028641799999605,
shuttle,P2_NoFMIS,,newdata,clean,0.2,6,0.15,749,0.3478086852111267,0.257772636217195,0.11687738755947405,-0.07265512786916063,1.0,0.08483351737847968,0.2219262125363043,0.652,7.053679299999203,1.4020319999981439,26.143169000002672,
shuttle,P2_NoFMIS,,newdata,clean,0.2,6,0.2,999,0.36682009205523314,0.31976059053611106,0.15037870674805748,-0.06926211428484352,1.0,0.08475009023268523,0.23382576254650048,0.772,6.480021300001681,1.0646888000010222,34.61292350000076,
shuttle,P2_NoFMIS,,newdata,clean,0.2,6,0.3,1499,0.3850310186111667,0.2940204764501155,0.15515008709599373,-0.06601854371752512,1.0,0.08296253965443899,0.23847743899509066,0.71,14.32368839999981,0.531992000000173,50.64536439999938,
shuttle,P2_NoFMIS,,newdata,clean,0.2,7,0.05,249,0.473884330598359,0.3326035348041443,0.19970272714583812,-0.07620259876848841,1.0,0.08636330625193679,0.19949493868337556,0.7466666666666667,6.3067307000019355,0.9107924999989336,7.836484999999811,
shuttle,P2_NoFMIS,,newdata,clean,0.2,7,0.1,499,0.5185111066639984,0.36380033124515176,0.2484958357790189,-0.08372337064734309,1.0,0.08392661688419013,0.16618288157042752,0.764,6.1962177000023075,0.352267700000084,15.537543399997958,
shuttle,P2_NoFMIS,,newdata,clean,0.2,7,0.15,749,0.49289573744246545,0.26767047187695653,0.20740031855185204,-0.06882091434720262,1.0,0.08443871847830671,0.23549504878451685,0.7,6.363170999997237,1.2119001999999455,24.139582799998607,
shuttle,P2_NoFMIS,,newdata,clean,0.2,7,0.2,999,0.33059835901540924,0.2560719877278412,0.11659500368430142,-0.07094118810351847,1.0,0.082263543217722,0.20765559586827043,0.74,6.520249699999113,0.7425087000010535,32.48496560000058,
shuttle,P2_NoFMIS,,newdata,clean,0.2,7,0.3,1499,0.4268561136682009,0.3187226911535577,0.19675575001985518,-0.06643442298440265,1.0,0.08302061734144134,0.22249984340321996,0.724,13.623630999998568,1.0144705999991857,48.69855059999827,
shuttle,P2_NoBlock,,newdata,clean,0.0,0,0.05,249,0.6355813488092855,0.41155565470013283,0.3481227885236074,-0.10378522429018079,1.0,0.08553180646161428,0.0014003250656009559,1.0,6.957500699998491,0.6253543999991962,8.488134000002901,
shuttle,P2_NoBlock,,newdata,clean,0.0,0,0.1,499,0.5061036621973184,0.34420076282710216,0.2147605653673306,-0.10316478276714934,1.0,0.08872588964980951,0.0017592714759792876,1.0,6.764216899999155,0.9763487000018358,16.85385910000332,
shuttle,P2_NoBlock,,newdata,clean,0.0,0,0.15,749,0.5255153091855113,0.4604229417404559,0.25167323563691274,-0.09096711655139213,1.0,0.08429831412675412,0.022961373763343916,1.0,6.621180500002083,0.3505635000001348,24.257062900000165,
shuttle,P2_NoBlock,,newdata,clean,0.0,0,0.2,999,0.4930958575145087,0.3945069996740121,0.2544305338055325,-0.09437008414991697,1.0,0.08530105730576963,0.01312068404661315,1.0,6.612459899999521,0.7101990000010119,32.51163830000223,
shuttle,P2_NoBlock,,newdata,clean,0.0,0,0.3,1499,0.4418651190714429,0.4211407480213172,0.1876760275617133,-0.08877100663275987,1.0,0.0833554023230172,0.04808960455695803,0.968,14.012547300000733,0.5653994000022067,48.0073887000035,
shuttle,P2_NoBlock,,newdata,clean,0.0,1,0.05,249,0.46107664598759257,0.24073266288491785,0.15893911143182346,-0.09881270510106915,1.0,0.08646043656552796,0.002405473469012138,1.0,6.272407700002077,0.9105090999983076,8.346269300000131,
shuttle,P2_NoBlock,,newdata,clean,0.0,1,0.1,499,0.5221132679607765,0.3215675137744005,0.2289849237084936,-0.0969815528437369,1.0,0.07937476425181807,0.00744069653318458,1.0,6.736575700000685,1.0019132000015816,17.34329660000003,
shuttle,P2_NoBlock,,newdata,clean,0.0,1,0.15,749,0.501300780468281,0.29562352777147977,0.18175370563513701,-0.09726332636558653,1.0,0.08436371662419197,0.009754581684045707,1.0,7.981708499999513,1.3432487999998557,27.566101600001275,
shuttle,P2_NoBlock,,newdata,clean,0.0,1,0.2,999,0.48829297578547126,0.4237415071936755,0.2594288854146199,-0.09604707235731826,1.0,0.08697981036555216,0.012450795256877681,1.0,6.712059699999372,0.6256048000032024,35.81027539999923,
shuttle,P2_NoBlock,,newdata,clean,0.0,1,0.3,1499,0.6145687412447468,0.4453415004716009,0.3276354848662361,-0.08904679475001524,1.0,0.08226168911529545,0.029211127856060896,0.998,14.299218200001633,0.8339869999981602,51.557399299999815,
shuttle,P2_NoBlock,,newdata,clean,0.0,2,0.05,249,0.3964378627176306,0.28316323997050796,0.12020908716870847,-0.10433157678290159,1.0,0.08281436223421411,0.005426908244215722,0.9933333333333333,6.656676499998866,0.49752710000029765,7.711925600000541,
shuttle,P2_NoBlock,,newdata,clean,0.0,2,0.1,499,0.5241144686812087,0.28512886486362493,0.2015131432697547,-0.09913562683958202,1.0,0.08214928974403407,0.008763449912804496,1.0,6.215930099999241,0.39519970000037574,15.146688099997846,
shuttle,P2_NoBlock,,newdata,clean,0.0,2,0.15,749,0.48789273564138486,0.27726604396944227,0.1501591983526481,-0.09826916539192138,1.0,0.08238790983340247,0.013463172981414591,1.0,6.954957800000557,0.9989544999989448,24.477839299997868,
shuttle,P2_NoBlock,,newdata,clean,0.0,2,0.2,999,0.42705623374024415,0.2835781878316065,0.10070745966243251,-0.09321579394262662,1.0,0.08634745439397143,0.017766349335981375,1.0,6.5839429999978165,1.2225956000002043,33.24770069999795,
shuttle,P2_NoBlock,,newdata,clean,0.0,2,0.3,1499,0.49529717830698416,0.4710539267317347,0.2821194679621298,-0.09442610778203474,1.0,0.08295210909650717,0.019908021990684106,1.0,14.20332960000087,1.3100766000025033,49.937615700000606,
shuttle,P2_NoBlock,,newdata,clean,0.0,3,0.05,249,0.6551931158695217,0.44363642436126616,0.3685516577665432,-0.09451431628113083,1.0,0.08435364049229988,0.00182693257251432,1.0,5.949742199998582,0.40486999999848194,7.341899700000795,
shuttle,P2_NoBlock,,newdata,clean,0.0,3,0.1,499,0.5259155493295977,0.352889177880534,0.2331766251970263,-0.10375716584291919,1.0,0.08797799276953971,0.0034361278240487713,1.0,5.827042100001563,1.4658962999965297,15.000657900000078,
shuttle,P2_NoBlock,,newdata,clean,0.0,3,0.15,749,0.5373223934360616,0.40878359668229564,0.2761724708063529,-0.09250737552281567,1.0,0.08129323292996021,0.018735522541111337,1.0,6.721988799999963,0.49553089999972144,23.078939099999843,
shuttle,P2_NoBlock,,newdata,clean,0.0,3,0.2,999,0.5115069041424855,0.3710618551187687,0.2532115544065902,-0.08965971259140386,1.0,0.08055895993354033,0.034474254657369356,1.0,6.5231550999997125,0.927353499999299,31.377404499999102,
shuttle,P2_NoBlock,,newdata,clean,0.0,3,0.3,1499,0.5103061837102262,0.46023391121048485,0.2765312088804546,-0.08739583650625422,1.0,0.0839241948842172,0.030486842755864083,1.0,14.78734379999878,0.8040710000022955,47.93099589999838,
shuttle,P2_NoBlock,,newdata,clean,0.0,4,0.05,249,0.45787472483490094,0.3193857888729434,0.20471051604722337,-0.10005197113790319,1.0,0.08668868659634346,0.0021695851997164963,1.0,7.264648899999884,0.7422765000010259,8.642380799999955,
shuttle,P2_NoBlock,,newdata,clean,0.0,4,0.1,499,0.42545527316389836,0.3114577733190794,0.18545732838223733,-0.09418160770535408,1.0,0.08351773869708527,0.014281664892520862,1.0,6.818680199998198,0.7341516999986197,16.978767900000094,
shuttle,P2_NoBlock,,newdata,clean,0.0,4,0.15,749,0.49889933960376226,0.3519450348469657,0.21335640896098765,-0.0942930859574522,1.0,0.08147537460274477,0.01483030085187423,1.0,6.470336399997905,0.5148535000007541,24.33556849999877,
shuttle,P2_NoBlock,,newdata,clean,0.0,4,0.2,999,0.5427256353812288,0.34315746925263696,0.22337139487434687,-0.09054951937358735,1.0,0.08387535500132563,0.012069343619729616,1.0,6.794114500000433,0.532962299999781,33.096545100001094,
shuttle,P2_NoBlock,,newdata,clean,0.0,4,0.3,1499,0.5411246748048829,0.48334213891331285,0.2724194309668313,-0.08212821930438972,1.0,0.08136540970272432,0.06173280076565888,1.0,15.364969900001597,1.4684326999995392,51.074567200001184,
shuttle,P2_NoBlock,,newdata,clean,0.0,5,0.05,249,0.4886932159295577,0.2705678984125599,0.17604213486791742,-0.10087292959318406,1.0,0.08455612749574055,0.0015075550077798558,1.0,6.6034521000001405,0.2383031999997911,7.189436900000146,
shuttle,P2_NoBlock,,newdata,clean,0.0,5,0.1,499,0.4630778467080248,0.36504054810001996,0.213671034766382,-0.0985760456271188,1.0,0.08309823039079957,0.0027730925080002885,1.0,7.276462800000445,0.3208505000002333,15.368135299999267,
shuttle,P2_NoBlock,,newdata,clean,0.0,5,0.15,749,0.4938963378026816,0.3814957652369613,0.23884807873318945,-0.09883605326415622,1.0,0.08451933366189866,0.005359499842869535,1.0,7.048202399997535,0.6753514999982144,23.60483640000166,
shuttle,P2_NoBlock,,newdata,clean,0.0,5,0.2,999,0.4128477086251751,0.405577511309284,0.18486124871861234,-0.09285290032062538,1.0,0.08390275981822468,0.027106674853294255,1.0,6.348991599999863,0.5589158000002499,31.65471020000041,
shuttle,P2_NoBlock,,newdata,clean,0.0,5,0.3,1499,0.47488493095857515,0.45183866228060826,0.2119524669877737,-0.08916898728870726,1.0,0.08037429973645803,0.03291061915243457,1.0,14.84527529999832,1.1193200000016077,48.233817200001795,
shuttle,P2_NoBlock,,newdata,clean,0.0,6,0.05,249,0.719231538923354,0.37378924634176136,0.4511372086622502,-0.09697754376019352,1.0,0.09657241133843228,0.004530788118819474,1.0,7.052018800000951,1.0451429999993707,9.248340499998449,
shuttle,P2_NoBlock,,newdata,clean,0.0,6,0.1,499,0.5721432859715829,0.32833864022143194,0.18970977496146993,-0.09519053110316636,1.0,0.09575673890821915,0.008648640545116926,1.0,6.369690100000298,0.7476205999992089,17.415427799998724,
shuttle,P2_NoBlock,,newdata,clean,0.0,6,0.15,749,0.7342405443265959,0.3590560610696403,0.37352478762265523,-0.09629855017810394,1.0,0.08628886214825598,0.005207273718612781,1.0,6.361292399997183,1.5317439999998896,26.058744399997522,
shuttle,P2_NoBlock,,newdata,clean,0.0,6,0.2,999,0.8152891735041025,0.4607500230922141,0.4923554043057883,-0.08317661705681408,1.0,0.09582274875686397,0.029975969348732704,1.0,7.354445400000259,0.9173107999995409,34.93756529999882,
shuttle,P2_NoBlock,,newdata,clean,0.0,6,0.3,1499,0.4592755653392035,0.3768638512430925,0.17239259633330484,-0.0925760286944062,1.0,0.10048201937215413,0.03216946210537607,0.992,14.653915399998368,1.2119942999997875,51.84942149999915,
shuttle,P2_NoBlock,,newdata,clean,0.0,7,0.05,249,0.5277166299779867,0.33697361071985826,0.20858205792562454,-0.09762486074246898,1.0,0.08711697211404695,0.005223374343248753,1.0,6.6828166999985115,1.1205584000017552,9.00375609999901,
shuttle,P2_NoBlock,,newdata,clean,0.0,7,0.1,499,0.5369221532919752,0.3141163564675191,0.2080630736737588,-0.09260583233545742,1.0,0.08617532885991624,0.014827459738828725,1.0,6.70398539999951,1.1498756000000867,17.733114900001965,
shuttle,P2_NoBlock,,newdata,clean,0.0,7,0.15,749,0.5455273163898339,0.348847424596027,0.2247281366316738,-0.09184191214836994,1.0,0.085735508067758,0.009577651514879385,1.0,6.774905800000852,1.1862231000013708,26.94766249999884,
shuttle,P2_NoBlock,,newdata,clean,0.0,7,0.2,999,0.37862717630578346,0.394953184774998,0.18894107507435579,-0.08894315527487605,1.0,0.08486522985441099,0.04071644761262363,1.0,6.842964900002698,1.2855496999982279,36.21809040000153,
shuttle,P2_NoBlock,,newdata,clean,0.0,7,0.3,1499,0.5517310386231739,0.41424628673427205,0.20803338582519837,-0.09014444668235908,1.0,0.08449043974182881,0.037135624896146566,1.0,15.059470899999724,1.1258691000002727,54.10173140000188,
shuttle,P2_NoBlock,,newdata,clean,0.2,0,0.05,249,0.47728637182309386,0.35655401674955284,0.2193676093352484,-0.10440471568090276,1.0,0.08546062237677265,0.006067134990416489,1.0,6.938020599998708,1.0214328999973077,9.119905800002016,
shuttle,P2_NoBlock,,newdata,clean,0.2,0,0.1,499,0.4914948969381629,0.32639240632376837,0.2113871063732017,-0.09032980413353761,1.0,0.08516991593853507,0.010399741138570002,1.0,7.447611000003235,0.9318440999995801,17.939995000000636,
shuttle,P2_NoBlock,,newdata,clean,0.2,0,0.15,749,0.39603762257354413,0.3086949041376183,0.12862237231918136,-0.10090049639989213,1.0,0.08445105713623205,0.007818956167742988,1.0,6.987991299996793,0.7837798000000475,27.11405609999929,
shuttle,P2_NoBlock,,newdata,clean,0.2,0,0.2,999,0.36762057234340606,0.30418390884242885,0.15059117688000243,-0.0941706603420955,1.0,0.08092224192950993,0.020658823632655234,1.0,6.888816400001815,1.3753161999993608,36.72936219999974,
shuttle,P2_NoBlock,,newdata,clean,0.2,0,0.3,1499,0.37782669601761054,0.2840176662860825,0.15587450584804277,-0.0848148134295606,1.0,0.0816950112766902,0.051481960381593125,1.0,15.415477399998053,1.2947501999988162,54.38328950000141,
shuttle,P2_NoBlock,,newdata,clean,0.2,1,0.05,249,0.42625575345207123,0.3621230293964453,0.20884534164262472,-0.0964521628616957,1.0,0.08395711327691215,0.005265511995227364,1.0,6.7846884000027785,0.993090600000869,8.141917700002523,
shuttle,P2_NoBlock,,newdata,clean,0.2,1,0.1,499,0.42405443265959575,0.3181004222094541,0.16229655695957318,-0.09731684282950434,1.0,0.0853267961454953,0.0027847001177693214,1.0,6.245863200001622,0.5583542000022135,15.932911100000638,
shuttle,P2_NoBlock,,newdata,clean,0.2,1,0.15,749,0.4784870922553532,0.3208503191933298,0.21998994318604256,-0.09383875313563843,1.0,0.07835011194192658,0.008139563125930107,1.0,6.2419994000010774,0.906427400001121,23.536973900001612,
shuttle,P2_NoBlock,,newdata,clean,0.2,1,0.2,999,0.5053031819091455,0.36952608168113843,0.22596958050623359,-0.08521408042637373,1.0,0.08311645935835456,0.04970835046493002,0.996,7.2500346999986505,0.390609800000675,32.72804929999984,
shuttle,P2_NoBlock,,newdata,clean,0.2,1,0.3,1499,0.39723834300580346,0.30745880812846094,0.17124336523786704,-0.07813309247395758,1.0,0.08239787491515535,0.06284402178250756,1.0,13.994135100001586,1.6789318000010098,49.272089199999755,
shuttle,P2_NoBlock,,newdata,clean,0.2,2,0.05,249,0.4828897338403042,0.32131444672147036,0.2074148048269769,-0.10082213142416295,1.0,0.08460664809337373,0.000999032854103002,1.0,6.513664300000528,0.7648810000027879,7.739954200002103,
shuttle,P2_NoBlock,,newdata,clean,0.2,2,0.1,499,0.4792875725435261,0.3633410714200032,0.22372114885875444,-0.10036241747993756,1.0,0.08370699828161927,0.004604119076366375,1.0,7.025375100001838,0.5261060999982874,16.622760800000833,
shuttle,P2_NoBlock,,newdata,clean,0.2,2,0.15,749,0.4768861316790074,0.36738076144877907,0.24468874093046092,-0.09886898200594686,1.0,0.08276989520936001,0.009160632536163725,1.0,6.638746099997661,1.0673950999989756,25.37801810000019,
shuttle,P2_NoBlock,,newdata,clean,0.2,2,0.2,999,0.436661997198319,0.31191071446612234,0.23444464613354452,-0.09172248241865254,1.0,0.07927252171056694,0.02486262236136855,1.0,6.127035299999989,1.525488300001598,33.82404580000002,
shuttle,P2_NoBlock,,newdata,clean,0.2,2,0.3,1499,0.35581348809285573,0.2729763767802512,0.15647570165376193,-0.08034744993351708,1.0,0.07912324626987903,0.06649114880411622,1.0,14.236217299996497,0.6056008999985352,49.91283040000053,
shuttle,P2_NoBlock,,newdata,clean,0.2,3,0.05,249,0.4126475885531319,0.32575797675542273,0.19066910624626926,-0.09508532137135998,1.0,0.08540524256291955,0.001804075128636032,1.0,5.7722011000005296,0.41897570000219275,6.516775300002337,
shuttle,P2_NoBlock,,newdata,clean,0.2,3,0.1,499,0.48008805283169903,0.2912551558890964,0.19856706966288407,-0.09345095048046494,1.0,0.08136500481731676,0.01048085481903485,1.0,6.016324300002452,0.543122899998707,14.126759099999617,
shuttle,P2_NoBlock,,newdata,clean,0.2,3,0.15,749,0.3317990794476686,0.26426899241908564,0.11900382187683421,-0.09762625933921805,1.0,0.07987252303382932,0.013516760564426956,1.0,6.42311079999854,0.9416378999994777,22.42766760000086,
shuttle,P2_NoBlock,,newdata,clean,0.2,3,0.2,999,0.44706824094456676,0.32907307240737,0.2121993772822471,-0.08948312596968333,1.0,0.08184816697653034,0.0409576103958558,0.996,6.884345399997983,1.2122927000018535,31.552338900000905,
shuttle,P2_NoBlock,,newdata,clean,0.2,3,0.3,1499,0.3696217730638383,0.2664775677729338,0.1517709126880893,-0.0882864156687183,1.0,0.08245746675832283,0.04605791064193069,1.0,14.92186270000093,1.132547399996838,48.54258380000101,
shuttle,P2_NoBlock,,newdata,clean,0.2,4,0.05,249,0.4454672803682209,0.3336156409831238,0.20016249214264412,-0.10220689977441637,1.0,0.08537232778217974,0.003929577056698049,1.0,6.686127999997552,0.45732049999787705,7.841490699996939,
shuttle,P2_NoBlock,,newdata,clean,0.2,4,0.1,499,0.46948168901340803,0.29606136990008397,0.18888349909429614,-0.09371321416292847,1.0,0.08478605547766742,0.012155276065828695,1.0,7.006965399999899,0.38132739999855403,15.96895239999867,
shuttle,P2_NoBlock,,newdata,clean,0.2,4,0.15,749,0.43346007604562736,0.3643001652472878,0.19118234392182695,-0.09968265426770102,1.0,0.08263383115947269,0.008862486183318634,1.0,5.870826999998826,0.4593989999993937,23.572056899996824,
shuttle,P2_NoBlock,,newdata,clean,0.2,4,0.2,999,0.47368421052631576,0.3469447290806823,0.22199016983890046,-0.09777490630787984,1.0,0.08132881326162122,0.016171141712773843,1.0,6.1520642999967095,1.2695290999981808,31.74484969999685,
shuttle,P2_NoBlock,,newdata,clean,0.2,4,0.3,1499,0.4022413448068841,0.28326318710047416,0.15196150827533395,-0.07805342907221004,1.0,0.0807968641689314,0.08293417734418378,0.954,15.207454200000939,1.0677509999986796,49.569175199998426,
shuttle,P2_NoBlock,,newdata,clean,0.2,5,0.05,249,0.32899739843906345,0.29792922848795395,0.14342072710141857,-0.10090295639982659,1.0,0.08414394672950018,0.002371346377086451,1.0,5.845684599997185,0.4857123999972828,7.381465799997386,
shuttle,P2_NoBlock,,newdata,clean,0.2,5,0.1,499,0.361416850110066,0.26609215821381665,0.11169146956679527,-0.09811388596689241,1.0,0.07926363941142629,0.008003713838866175,1.0,5.999452899999596,0.7549070999994001,14.836980199997925,
shuttle,P2_NoBlock,,newdata,clean,0.2,5,0.15,749,0.36381829097458473,0.27943047737800986,0.11470483395554536,-0.09335674697225435,1.0,0.08039942142564725,0.016778755021724757,1.0,6.476523299999826,0.5672726000011608,22.313628799998696,
shuttle,P2_NoBlock,,newdata,clean,0.2,5,0.2,999,0.34460676405843504,0.2829265963691587,0.13937483891153582,-0.09480494323068925,1.0,0.08016272468104452,0.018480220136296407,1.0,7.1232120000022405,0.4472503000033612,31.168797399997857,
shuttle,P2_NoBlock,,newdata,clean,0.2,5,0.3,1499,0.42545527316389836,0.2875353986503859,0.17750184267725205,-0.0821990832975726,1.0,0.07844973096836712,0.04986165759685778,1.0,13.916084399999818,1.1358536000007007,47.171726299999136,
shuttle,P2_NoBlock,,newdata,clean,0.2,6,0.05,249,0.5155093055833501,0.35554780461100177,0.2350462029932767,-0.09496835712933169,1.0,0.08518544121235774,0.005075036085333084,1.0,5.758294100000057,1.044448000000557,7.315398200000345,
shuttle,P2_NoBlock,,newdata,clean,0.2,6,0.1,499,0.46207724634780867,0.30179406137060116,0.1589842516242017,-0.10088761735725342,1.0,0.08580062002977848,0.003351973158426976,1.0,7.193353200000274,0.9487862999994832,16.7148085000008,
shuttle,P2_NoBlock,,newdata,clean,0.2,6,0.15,749,0.3478086852111267,0.2487336112820454,0.11436868469804722,-0.09049088230925309,1.0,0.08121850633742218,0.03644822875221885,0.996,6.981530699998984,1.0934711000008974,25.6232534999981,
shuttle,P2_NoBlock,,newdata,clean,0.2,6,0.2,999,0.41765059035421254,0.3383803670569066,0.19071578527525856,-0.0852233425683352,1.0,0.08174978673123773,0.043041465804248676,1.0,7.295728200002486,1.2849330000026384,35.48330019999776,
shuttle,P2_NoBlock,,newdata,clean,0.2,6,0.3,1499,0.4482689613768261,0.3333406225884425,0.22467151314527578,-0.08620687987879615,1.0,0.08345082486617064,0.05060892154395655,1.0,13.740189600001031,1.4355127999988326,51.36354729999948,
shuttle,P2_NoBlock,,newdata,clean,0.2,7,0.05,249,0.46728036822093255,0.32938534401803804,0.21637953499898127,-0.0999361534282918,1.0,0.08636330625193679,0.006212678169787221,1.0,6.771691499998269,0.8172819999999774,8.200958900000842,
shuttle,P2_NoBlock,,newdata,clean,0.2,7,0.1,499,0.553532119271563,0.36610700355052633,0.2730155092806707,-0.09583734838426068,1.0,0.08561470429093053,0.008816295643132405,1.0,6.609257499996602,0.6330277000015485,16.743372799999634,
shuttle,P2_NoBlock,,newdata,clean,0.2,7,0.15,749,0.6369821893135882,0.38779402692778303,0.3703419377156141,-0.10085207107804289,1.0,0.08349644565024719,0.012123888095193653,1.0,6.416372200001206,0.8410320000002685,24.89128929999788,
shuttle,P2_NoBlock,,newdata,clean,0.2,7,0.2,999,0.3874324594756854,0.31113804688931784,0.13098585334319324,-0.08679514891332492,1.0,0.08806200701524641,0.04497569743816522,1.0,6.2187878000004275,1.0133376000012504,33.540311500000826,
shuttle,P2_NoBlock,,newdata,clean,0.2,7,0.3,1499,0.4028417050230138,0.2951770255840858,0.15562827112543143,-0.08046102746275124,1.0,0.08271403354572585,0.06192123366175913,1.0,14.361760499999946,1.5975625999999465,50.3398864999981,
