dataset,method,ablation,study,expert,eta,seed,budget_frac,budget_count,ACC,NMI,ARI,zeta_t,kappa,delta_mis_proxy,sel_boundary_margin,argmax_retention,sel_time,retrain_time,total_time,error
fashion,P2_Full,,newdata,clean,0.0,0,0.05,500,0.721,0.5739812275166556,0.5081992910814461,0.012067527728862316,1.0,0.0018157461865867604,0.8618471120986587,0.0,8.914068300000508,1.4578390000006038,12.520329799999672,
fashion,P2_Full,,newdata,clean,0.0,0,0.1,1000,0.6734,0.5044131928023371,0.4324131623292178,0.009998684962165383,1.0,0.004533102658148086,0.8163225700938878,0.0,9.732133299999987,2.702559699999256,26.74079189999975,
fashion,P2_Full,,newdata,clean,0.0,0,0.15,1500,0.6472,0.4700292922700612,0.3922206463201498,0.006309890508222555,1.0,0.009070226557823309,0.7584833267418669,0.022,9.54258259999915,1.8364313000001857,39.63363879999997,
fashion,P2_Full,,newdata,clean,0.0,0,0.2,2000,0.6311,0.453954913884571,0.365024890997403,0.005259973069618725,1.0,0.013343506239465902,0.7457016773014822,0.002,10.122093399999358,1.7683316000002378,52.99598440000045,
fashion,P2_Full,,newdata,clean,0.0,0,0.3,3000,0.6518,0.48550433057464537,0.38454771544491667,0.006467324594095975,1.0,0.01750888181401254,0.7605931415945656,0.0,9.67547740000009,1.7514561000007234,66.11009709999962,
fashion,P2_Full,,newdata,clean,0.0,1,0.05,500,0.6981,0.5613298561596028,0.4876232041561645,0.011902446751229487,1.0,0.0018257827228115068,0.858282260303295,0.0,9.829827300000034,2.4224998999998206,15.552264500000092,
fashion,P2_Full,,newdata,clean,0.0,1,0.1,1000,0.6822,0.5262134852145428,0.4507792360981674,0.009659764559400293,1.0,0.004572988153973651,0.8099274198639539,0.0,9.34021759999996,2.9146459999992658,30.469342099999267,
fashion,P2_Full,,newdata,clean,0.0,1,0.15,1500,0.6778,0.5050859036547196,0.43230945115519814,0.005962977331303214,1.0,0.009128867338589535,0.7554572906610836,0.026,10.923715299999458,2.413166899999851,45.872991599999295,
fashion,P2_Full,,newdata,clean,0.0,1,0.2,2000,0.6662,0.4890134926993014,0.407700306200096,0.005097834086810953,1.0,0.013366154645725664,0.745969569598471,0.006,9.235052099998939,2.0249364000010246,58.85532710000007,
fashion,P2_Full,,newdata,clean,0.0,1,0.3,3000,0.6613,0.49244246371969996,0.3876857560099319,0.0065111198487904426,1.0,0.017514579154342853,0.7623743017322964,0.0,10.428440099998625,2.0781650000008085,73.02825499999926,
fashion,P2_Full,,newdata,clean,0.0,2,0.05,500,0.696,0.5475619809862273,0.474424403510068,0.012032411413399809,1.0,0.0018188533414077,0.8597171202155406,0.0,8.86349539999901,2.0784017000005406,13.080713899998955,
fashion,P2_Full,,newdata,clean,0.0,2,0.1,1000,0.6789,0.5137297391297543,0.443344915631192,0.010387588271606749,1.0,0.004506723280976933,0.8177759378845871,0.0,10.606162100000802,2.3069104999995034,28.557883800000127,
fashion,P2_Full,,newdata,clean,0.0,2,0.15,1500,0.668,0.49332266682891307,0.41988129463326035,0.006696383640569439,1.0,0.00907876969281174,0.7640996022771314,0.0,9.877740200001426,2.3450745999998617,42.60831099999996,
fashion,P2_Full,,newdata,clean,0.0,2,0.2,2000,0.6556,0.48542974721695276,0.3975557529619445,0.0056423561286791275,1.0,0.013376889989788763,0.7472913932144174,0.0,8.983375899999373,1.962551299999177,55.819749799999045,
fashion,P2_Full,,newdata,clean,0.0,2,0.3,3000,0.6671,0.5067155080046761,0.40914431248631344,0.00642548591334794,1.0,0.017547897352671732,0.7579174913151753,0.0,10.133979199999885,1.5680769000009604,69.74175379999906,
fashion,P2_Full,,newdata,clean,0.0,3,0.05,500,0.6839,0.5484492099119234,0.4678736562883218,0.012071911238322002,1.0,0.0018193621944685738,0.8595940808145376,0.0,9.93706949999978,2.5504610999996657,15.1306141999994,
fashion,P2_Full,,newdata,clean,0.0,3,0.1,1000,0.6726,0.5122372480833006,0.4341372837610011,0.009869937786308831,1.0,0.004542954670590124,0.8125928394818626,0.0,8.80730229999972,2.6188098000002356,29.05273440000019,
fashion,P2_Full,,newdata,clean,0.0,3,0.15,1500,0.6653,0.5016486122428122,0.4171646317366896,0.005584664793292864,1.0,0.009099221205664802,0.7549213522081827,0.032,7.493230800000674,1.9981028999991395,39.96883010000056,
fashion,P2_Full,,newdata,clean,0.0,3,0.2,2000,0.6673,0.4991150324669423,0.4145346378187001,0.005063322784161192,1.0,0.013363636010593321,0.7484576215523018,0.002,9.059111099999427,1.7606844999991154,53.02986310000051,
fashion,P2_Full,,newdata,clean,0.0,3,0.3,3000,0.6941,0.519214508207823,0.44613923211140155,0.006828598749902152,1.0,0.01748951641006239,0.7734095365999898,0.0,8.39585629999965,1.4819938000000548,64.09569039999951,
fashion,P2_Full,,newdata,clean,0.0,4,0.05,500,0.6918,0.5586461724877825,0.4764669874576953,0.012156889400811978,1.0,0.0018342035591767771,0.8543819135226064,0.0,10.478658600000927,1.82040330000018,15.37841490000028,
fashion,P2_Full,,newdata,clean,0.0,4,0.1,1000,0.6662,0.5162840329156052,0.42857020602372237,0.009590727962081453,1.0,0.004588727896963895,0.8020523022397497,0.0,9.563605299999836,3.234970699999394,30.038544800001546,
fashion,P2_Full,,newdata,clean,0.0,4,0.15,1500,0.6509,0.4947734551692623,0.4018711880375531,0.005897887959833351,1.0,0.00913772047667716,0.7482692431793221,0.016,9.799059700000726,2.91610910000054,45.271683900000426,
fashion,P2_Full,,newdata,clean,0.0,4,0.2,2000,0.6514,0.4926319492897538,0.3964233240334573,0.005411168182194931,1.0,0.013414568546176873,0.7378571552269874,0.0,9.702712800000882,2.1075036000002,58.10134020000078,
fashion,P2_Full,,newdata,clean,0.0,4,0.3,3000,0.6708,0.5055542157088075,0.4169300122625951,0.0067157558978502025,1.0,0.017540735620319152,0.7624098611285771,0.0,9.466870000000199,1.5313509000006889,71.13377589999982,
fashion,P2_Full,,newdata,clean,0.0,5,0.05,500,0.6618,0.5246009071374406,0.4332563746989447,0.01203444896160799,1.0,0.0018196624731135265,0.860175240855639,0.0,10.41171679999934,2.0224426000004314,15.671987599998829,
fashion,P2_Full,,newdata,clean,0.0,5,0.1,1000,0.6592,0.5078237967581762,0.41041666577686414,0.009143631084052873,1.0,0.004693857310308778,0.8108500705148505,0.0,10.064270299999407,2.7236399999983405,30.750683500000378,
fashion,P2_Full,,newdata,clean,0.0,5,0.15,1500,0.6561,0.5007204439612953,0.39848415508908464,0.005724231963671551,1.0,0.00924951799840941,0.7627591401957177,0.03,9.119466199999806,2.230995300000359,43.62097689999973,
fashion,P2_Full,,newdata,clean,0.0,5,0.2,2000,0.6587,0.498103241363075,0.3976607886535514,0.0052939248882945345,1.0,0.013482281716413257,0.7544564095785641,0.012,7.651912100000118,2.8206857000004675,55.446389400000044,
fashion,P2_Full,,newdata,clean,0.0,5,0.3,3000,0.6793,0.5143136415129536,0.42334978580947974,0.006567724448917882,1.0,0.01757158777432761,0.7742272488066128,0.0,7.331028900000092,2.0128266000010626,66.45988099999886,
fashion,P2_Full,,newdata,clean,0.0,6,0.05,500,0.6854,0.5469352063068672,0.4664393801377971,0.01187584344096169,1.0,0.0018352892161071878,0.8541580597120025,0.0,6.917874400000073,2.4713961999987077,12.123560399999405,
fashion,P2_Full,,newdata,clean,0.0,6,0.1,1000,0.6764,0.5306496867842841,0.43640528624056674,0.009540109928063433,1.0,0.004611217622000058,0.8065530079535171,0.0,9.607855599999311,2.3454894999995304,28.30297470000005,
fashion,P2_Full,,newdata,clean,0.0,6,0.15,1500,0.6729,0.5243046206527426,0.41667163107304134,0.005792697422942667,1.0,0.009197993249278006,0.7603139064977502,0.034,7.2862881000000925,2.08032429999912,40.280624400000306,
fashion,P2_Full,,newdata,clean,0.0,6,0.2,2000,0.6726,0.5248953988595786,0.40744055867486434,0.005305713906044762,1.0,0.013452715175698031,0.7517809050906035,0.006,5.731357399999979,1.4264369000011357,48.8986690999991,
fashion,P2_Full,,newdata,clean,0.0,6,0.3,3000,0.6912,0.5417793097985383,0.42808234273315354,0.0069818989251982785,1.0,0.01756492490944536,0.7723941799527758,0.0,7.843822300001193,1.7263027999997576,60.076999900000374,
fashion,P2_Full,,newdata,clean,0.0,7,0.05,500,0.6851,0.5400952784186972,0.46365852256146944,0.01176144850086117,1.0,0.0018372191307703296,0.8540155038060268,0.0,7.8363474999987375,2.043812499998239,11.748261099999581,
fashion,P2_Full,,newdata,clean,0.0,7,0.1,1000,0.6764,0.5238134382687157,0.4383881171598295,0.009950951138092934,1.0,0.004572364414058263,0.8087765742967559,0.0,6.817061800000374,2.237367899999299,25.09047559999999,
fashion,P2_Full,,newdata,clean,0.0,7,0.15,1500,0.6638,0.5093848103154955,0.41154405933548843,0.0062155544412355705,1.0,0.009150681299959332,0.7584863977402359,0.008,7.622175900000002,1.4750357000011718,35.49681000000055,
fashion,P2_Full,,newdata,clean,0.0,7,0.2,2000,0.6741,0.516165131637697,0.4201902262943567,0.004923069801621385,1.0,0.013431405523603808,0.7485608102549713,0.0,6.111279900000227,1.4476209000004019,44.660186999999496,
fashion,P2_Full,,newdata,clean,0.0,7,0.3,3000,0.7019,0.5428702311377033,0.4546861401467022,0.006579352179470408,1.0,0.01753537093946973,0.7712689034318828,0.0,8.028875899999548,1.7044424999985495,55.77648430000045,
fashion,P2_Full,,newdata,clean,0.1,0,0.05,500,0.7084,0.555662817463872,0.4940614137291606,0.01225015646014785,1.0,0.0018040733894712133,0.8665316197721386,0.0,6.759701400000267,1.398579200000313,9.399098199999571,
fashion,P2_Full,,newdata,clean,0.1,0,0.1,1000,0.6833,0.5056077884956087,0.4478336747499571,0.010773600102102236,1.0,0.0044612433440017404,0.8294027842664845,0.0,5.980832900000678,1.9802325000000565,18.736491199999364,
fashion,P2_Full,,newdata,clean,0.1,0,0.15,1500,0.6531,0.463526919999199,0.40058588052919336,0.008334592102684748,1.0,0.008868154077599947,0.7856358396127685,0.0,5.627383400000326,1.7922247000005882,27.38957610000034,
fashion,P2_Full,,newdata,clean,0.1,0,0.2,2000,0.6337,0.4414367468611076,0.3676010221071815,0.007351419359706076,1.0,0.013128943131022038,0.7691586179647154,0.0,7.374366899999586,1.269644199999675,38.8568796999989,
fashion,P2_Full,,newdata,clean,0.1,0,0.3,3000,0.633,0.44308817002757783,0.35923865103832353,0.007907248361355033,1.0,0.01729960712719015,0.7788546780171647,0.0,6.910580800000389,1.3057707999996637,48.979813199999626,
fashion,P2_Full,,newdata,clean,0.1,1,0.05,500,0.6937,0.5427038796754093,0.47345914537836414,0.012102145546652624,1.0,0.0018122266646542805,0.8634868235254999,0.0,7.084342800000741,1.2633062999993854,10.360699300001215,
fashion,P2_Full,,newdata,clean,0.1,1,0.1,1000,0.6751,0.5058820417420767,0.4385241707041892,0.010458458594377157,1.0,0.004487295800127545,0.8233088793931848,0.0,6.271598200000881,1.9346786000005523,20.50730509999994,
fashion,P2_Full,,newdata,clean,0.1,1,0.15,1500,0.6744,0.4895757005993981,0.4261712613097644,0.007256922599405475,1.0,0.008946047495987632,0.7790096734140748,0.0,8.10743739999998,1.490897000001496,33.5393851000008,
fashion,P2_Full,,newdata,clean,0.1,1,0.2,2000,0.6585,0.46779591849478513,0.3997745726199056,0.0071706516837662685,1.0,0.013158496545507322,0.7692970727839623,0.0,5.984968599999775,1.7148639999995794,42.43735850000121,
fashion,P2_Full,,newdata,clean,0.1,1,0.3,3000,0.6553,0.4659042770770413,0.38782508646680297,0.00810523201646523,1.0,0.017305169113407386,0.7835660873201539,0.0,6.92629659999875,0.9993538999988232,51.481147899999996,
fashion,P2_Full,,newdata,clean,0.1,2,0.05,500,0.6873,0.5364373129392606,0.4666090983223027,0.012251169101590624,1.0,0.0018008611298557429,0.8671024769635443,0.0,6.4913136999985,1.4578643999993801,9.602631300000212,
fashion,P2_Full,,newdata,clean,0.1,2,0.1,1000,0.6732,0.5048728422513521,0.43834819655725077,0.010967061705161077,1.0,0.004431870344255951,0.8329754329314217,0.0,7.201793899999757,1.5638448999998218,20.349192899999252,
fashion,P2_Full,,newdata,clean,0.1,2,0.15,1500,0.6729,0.4929527889815249,0.4290639071125691,0.008457236573940343,1.0,0.00888341087054612,0.7913593415570873,0.0,6.887963899998795,1.69972990000133,32.797191499999826,
fashion,P2_Full,,newdata,clean,0.1,2,0.2,2000,0.6609,0.47310504577236556,0.4056619458456152,0.0074831003848277915,1.0,0.013160732071272215,0.7749536572711141,0.0,5.007601999999679,1.5703936999998405,40.468210400000316,
fashion,P2_Full,,newdata,clean,0.1,2,0.3,3000,0.6536,0.4651577099613631,0.3925370763785527,0.007815865914434054,1.0,0.01733791743694903,0.7796167057223723,0.0,6.725297099999807,1.3157744999989518,49.62263200000052,
fashion,P2_Full,,newdata,clean,0.1,3,0.05,500,0.6887,0.5474392369215968,0.4727786439355382,0.012339073305953886,1.0,0.0018028925345594522,0.8656202135330174,0.0,8.283964400001423,1.6312889999990148,12.478786800000307,
fashion,P2_Full,,newdata,clean,0.1,3,0.1,1000,0.6678,0.502787201969326,0.4342540999905302,0.011097842858681142,1.0,0.004429986811712421,0.8325217271252273,0.0,7.2733098000007885,1.7307374000010896,23.157493599999725,
fashion,P2_Full,,newdata,clean,0.1,3,0.15,1500,0.6563,0.47681455968286357,0.40854614001382106,0.008462213552060203,1.0,0.008846033336491397,0.7862465708602728,0.0,7.419790400001148,1.4774865999988833,33.86045899999954,
fashion,P2_Full,,newdata,clean,0.1,3,0.2,2000,0.6558,0.47109985864108317,0.4029370760160266,0.007218483959693855,1.0,0.013129572167074284,0.7719350975926015,0.0,6.475986299999931,1.3830398999998579,43.36622399999942,
fashion,P2_Full,,newdata,clean,0.1,3,0.3,3000,0.6696,0.4767700695679319,0.41646400199242994,0.008185899438244855,1.0,0.017294132311968642,0.7866609448648195,0.0,6.394891799998732,1.5554637000004732,52.44460679999975,
fashion,P2_Full,,newdata,clean,0.1,4,0.05,500,0.6934,0.555063827964563,0.4771985688930176,0.012221080260260317,1.0,0.0018171796455232808,0.8610704468165924,0.0,7.428278200000932,1.7099522999997134,11.293037399998866,
fashion,P2_Full,,newdata,clean,0.1,4,0.1,1000,0.6704,0.5088414064973035,0.43028590989123255,0.01018726176635308,1.0,0.004498819933604122,0.8197800399758512,0.0,8.352305700000215,1.9329741000001377,23.54460249999829,
fashion,P2_Full,,newdata,clean,0.1,4,0.15,1500,0.6503,0.4792368484373602,0.398197738358201,0.007253226984198426,1.0,0.008965922551349632,0.7737726901396099,0.0,6.744318499999281,1.738641899999493,34.06572219999907,
fashion,P2_Full,,newdata,clean,0.1,4,0.2,2000,0.6465,0.4704271668203553,0.3900136535412231,0.0069556598503911354,1.0,0.013215019137135882,0.7642850358733272,0.0,9.825428899999679,2.1682189000002836,48.534737299998596,
fashion,P2_Full,,newdata,clean,0.1,4,0.3,3000,0.652,0.46161210625116367,0.3911092875516389,0.007868424709783502,1.0,0.017353338995271993,0.7822645785939247,0.0,6.5136910999990505,1.0076735000002373,57.17617849999988,
fashion,P2_Full,,newdata,clean,0.1,5,0.05,500,0.6565,0.5178545804387996,0.43195198747946545,0.012221522862323054,1.0,0.0018062009200457982,0.8663131538320908,0.0,10.77754509999977,2.0569078999997146,15.854920600000696,
fashion,P2_Full,,newdata,clean,0.1,5,0.1,1000,0.6523,0.49609178181798785,0.40925998991716467,0.009981535202061433,1.0,0.00458057815781836,0.8267838398162405,0.0,10.574453799999901,3.164912700000059,31.36739850000049,
fashion,P2_Full,,newdata,clean,0.1,5,0.15,1500,0.6526,0.49169910097549685,0.39962326491287764,0.007199956716626557,1.0,0.009037496832646388,0.7859067718243897,0.0,6.588360800000373,1.826195399999051,41.63024930000029,
fashion,P2_Full,,newdata,clean,0.1,5,0.2,2000,0.6577,0.4899884256810039,0.3996829613613381,0.00659222169888661,1.0,0.013249770864775008,0.7782506207465539,0.0,8.940720900000088,1.6361985000003187,53.50136500000008,
fashion,P2_Full,,newdata,clean,0.1,5,0.3,3000,0.6812,0.5038192718686012,0.4268001094262412,0.007975593363924048,1.0,0.017369194159714663,0.7934369969080464,0.0,7.501147000000856,1.269673700000567,63.446666100000584,
fashion,P2_Full,,newdata,clean,0.1,6,0.05,500,0.677,0.5358108124815667,0.4617910749505196,0.012068550392366309,1.0,0.0018119038670524148,0.8627403958771352,0.0,9.878166799999235,2.419703599998684,15.383632200000648,
fashion,P2_Full,,newdata,clean,0.1,6,0.1,1000,0.6621,0.5085327520349538,0.4283246577037774,0.01068782832852588,1.0,0.004505992125281621,0.8228010080806711,0.0,8.597600300001432,2.1542885999988357,28.337289999999484,
fashion,P2_Full,,newdata,clean,0.1,6,0.15,1500,0.661,0.49798809903358593,0.41279184389460116,0.007412015370168105,1.0,0.00899437479418728,0.7790377062007313,0.0,5.77320409999993,2.2880652000003465,37.76321540000026,
fashion,P2_Full,,newdata,clean,0.1,6,0.2,2000,0.6656,0.4923753341844258,0.409585968197687,0.007061322102256554,1.0,0.013232781253422374,0.7704151293023154,0.0,6.647793699999966,1.1868424999993294,46.936521300000095,
fashion,P2_Full,,newdata,clean,0.1,6,0.3,3000,0.6698,0.48899314160492763,0.4080773356759024,0.007809866411768213,1.0,0.017363569463050198,0.7863293444692149,0.0,7.322025600000416,1.1571139000006951,56.598401499999454,
fashion,P2_Full,,newdata,clean,0.1,7,0.05,500,0.6649,0.516020136588074,0.4412192806098,0.011943170163909602,1.0,0.0018218413993336532,0.8594194676610081,0.0,7.399991000000227,1.6576220000006288,10.875934400000915,
fashion,P2_Full,,newdata,clean,0.1,7,0.1,1000,0.6607,0.49307559028348247,0.41886126265348805,0.010445265538040543,1.0,0.004491080107711983,0.8229427566440679,0.0,6.532020999999077,4.0383508000013535,23.45453760000055,
fashion,P2_Full,,newdata,clean,0.1,7,0.15,1500,0.6523,0.4788604483938473,0.4008867301169333,0.007825362360197909,1.0,0.008975691283329316,0.7805603693848311,0.0,7.794843100000435,2.317956900000354,35.30789250000089,
fashion,P2_Full,,newdata,clean,0.1,7,0.2,2000,0.6466,0.4627431040907506,0.3854616216609523,0.006668951941320195,1.0,0.01323367090295981,0.7695875529062834,0.0,7.477940700000545,1.8204809999988356,47.50604030000068,
fashion,P2_Full,,newdata,clean,0.1,7,0.3,3000,0.6555,0.4700838992086067,0.38972183013535594,0.007702392482438693,1.0,0.017375713112439423,0.7832908632416198,0.0,7.660173100000975,1.399088699999993,57.71192330000122,
fashion,P2_Full,,newdata,clean,0.2,0,0.05,500,0.6969,0.5383026574220255,0.47348129293642977,0.012290289676191096,1.0,0.0017932217914697283,0.8710504951311143,0.0,7.392988900001001,1.6292438000000402,10.324906300000293,
fashion,P2_Full,,newdata,clean,0.2,0,0.1,1000,0.6814,0.49955666128613274,0.4445113327597198,0.011332934585007275,1.0,0.004405012811785717,0.8432218385285299,0.0,5.75979019999977,1.7555723000004946,19.062787000000753,
fashion,P2_Full,,newdata,clean,0.2,0,0.15,1500,0.6552,0.4573911870926568,0.40460145443020024,0.009648102734886642,1.0,0.008733028759922627,0.8093071483956487,0.0,8.257603299998664,1.7880698999997549,32.62686319999921,
fashion,P2_Full,,newdata,clean,0.2,0,0.2,2000,0.6354,0.43094684729543625,0.3761891641341978,0.00904110289759619,1.0,0.012949311498746292,0.7986347041707426,0.0,5.395723100000396,1.1099412000003213,40.13792990000002,
fashion,P2_Full,,newdata,clean,0.2,0,0.3,3000,0.6187,0.40961259030647035,0.3518456086056393,0.009458396873765179,1.0,0.017115006861685295,0.8049457766277277,0.0,7.010169700000915,1.4796526999998605,50.380983999999444,
fashion,P2_Full,,newdata,clean,0.2,1,0.05,500,0.6756,0.5196630381255168,0.44815933423814636,0.01238098957135914,1.0,0.0018014450241556723,0.8680251842809368,0.0,6.893537500000093,1.4314092000004166,9.823746500000198,
fashion,P2_Full,,newdata,clean,0.2,1,0.1,1000,0.6621,0.48273167909634673,0.41866483370573354,0.010998241316065945,1.0,0.004422785356478378,0.8358910647637008,0.0,6.821343399999023,1.7025111000002653,19.985311599999477,
fashion,P2_Full,,newdata,clean,0.2,1,0.15,1500,0.6463,0.4556730007737577,0.3915567513120495,0.009367473442064995,1.0,0.008775652439894628,0.8007101113069375,0.0,9.80253249999987,1.6741288000011991,35.10660909999933,
fashion,P2_Full,,newdata,clean,0.2,1,0.2,2000,0.6367,0.4361888111216288,0.37290269524028913,0.008644426531405004,1.0,0.012990499199790775,0.7919771995871699,0.0,5.371273100001417,1.1427645000003395,42.825391799999124,
fashion,P2_Full,,newdata,clean,0.2,1,0.3,3000,0.6285,0.42596003928800963,0.356757071007956,0.009360774090238643,1.0,0.017144196149876723,0.8024106619920433,0.0,7.1305065999986255,1.5219976999997016,53.41370049999932,
fashion,P2_Full,,newdata,clean,0.2,2,0.05,500,0.6794,0.5295649548977492,0.462016805646054,0.012422456834795436,1.0,0.0017913137581263257,0.8722878185503563,0.0,7.9385233000011795,2.325474599998415,12.154076900000291,
fashion,P2_Full,,newdata,clean,0.2,2,0.1,1000,0.6648,0.4884370735669906,0.42566465491189404,0.011466181045015542,1.0,0.004383942575289981,0.8455883824257696,0.0,9.609299899999314,1.7689269000002241,26.37893880000047,
fashion,P2_Full,,newdata,clean,0.2,2,0.15,1500,0.6537,0.4632539172121658,0.4034800933859033,0.00952126157377289,1.0,0.00874630150309346,0.8089872528552974,0.0,8.770246100000804,2.011760299999878,39.02601440000035,
fashion,P2_Full,,newdata,clean,0.2,2,0.2,2000,0.636,0.4337421868728512,0.3726830417855133,0.008913461318475705,1.0,0.013004215280322189,0.7940424961100169,0.0,6.260123499998372,0.954726900001333,47.271589800000584,
fashion,P2_Full,,newdata,clean,0.2,2,0.3,3000,0.6231,0.4102259185972053,0.35043269637594554,0.009243910357473031,1.0,0.01715957479330212,0.8001647027806434,0.0,5.481458799999018,1.2363741999997728,55.00186659999963,
fashion,P2_Full,,newdata,clean,0.2,3,0.05,500,0.6639,0.5149194374289326,0.4341691196761205,0.012429865450399757,1.0,0.001789362489608805,0.8711540592592731,0.0,6.750583600000027,1.9621772999998939,10.065186100000574,
fashion,P2_Full,,newdata,clean,0.2,3,0.1,1000,0.6559,0.4832533504304866,0.41198659662614234,0.011740257953478278,1.0,0.004366905139816613,0.8459685615758074,0.0,8.108422999999675,1.1388260000003356,21.736715600000025,
fashion,P2_Full,,newdata,clean,0.2,3,0.15,1500,0.6386,0.4555580232433914,0.3853341268850299,0.009723339584017441,1.0,0.008704406092923216,0.8072696201408842,0.0,5.658389400001397,2.06102810000084,30.902793200000815,
fashion,P2_Full,,newdata,clean,0.2,3,0.2,2000,0.6309,0.4397180845583703,0.37268963847000935,0.008379454760406897,1.0,0.012984146837346961,0.7914455417416714,0.0,6.139025699998456,1.817018800000369,40.16492130000006,
fashion,P2_Full,,newdata,clean,0.2,3,0.3,3000,0.6389,0.4379884876144759,0.3783396060084792,0.009445162985989715,1.0,0.01714802320410264,0.8028308348175756,0.0,7.002744299999904,2.1765924000010273,51.197656300000745,
fashion,P2_Full,,newdata,clean,0.2,4,0.05,500,0.6927,0.5474603927718605,0.47304816292267227,0.01222778642690457,1.0,0.00180407923914854,0.8666336120307047,0.0,5.499673899999834,1.4603959999985818,8.621631599999091,
fashion,P2_Full,,newdata,clean,0.2,4,0.1,1000,0.6703,0.5013018606674375,0.4317703611458769,0.011436390241752742,1.0,0.0044082543222874635,0.8382664301850139,0.0,5.2192313999985345,1.494406899999376,16.865299099999902,
fashion,P2_Full,,newdata,clean,0.2,4,0.15,1500,0.6468,0.4620337819726108,0.3951135509194809,0.00963420362866971,1.0,0.008753300727550768,0.804114408916541,0.0,6.948523600000044,1.4683512999999948,26.42119289999937,
fashion,P2_Full,,newdata,clean,0.2,4,0.2,2000,0.6335,0.4415209569670732,0.37571959362418933,0.008892949703082832,1.0,0.012994262269933847,0.7910098373227431,0.0,8.342576699998972,1.737524599999233,38.31890639999983,
fashion,P2_Full,,newdata,clean,0.2,4,0.3,3000,0.6334,0.42829083865800416,0.3704530810279954,0.009142085395144271,1.0,0.017159584069413137,0.8006923330413452,0.0,7.121629900000698,1.9003814000006969,48.956129000000146,
fashion,P2_Full,,newdata,,0.2,5,0,,0,0,0,,,,,,,,,"MemoryError((50, 8000, 10), dtype('float64'))
Traceback (most recent call last):
  File ""D:\P2OLSAL_FSS\experiments\run_p2_single.py"", line 83, in main
    rows = run_one(ds_name, m, state, expert='clean', eta=eta, seed=seed,
                   budgets=BUDGETS)
  File ""D:\P2OLSAL_FSS\experiments\src\runner_generic.py"", line 108, in run_one
    sel_result = method.select(X, U, V, labeled_mask, budget_count, c,
                               y_true=y_true, seed=seed)
  File ""D:\P2OLSAL_FSS\experiments\src\p2_method.py"", line 48, in select
    gains, point_gains = robust_gain_dv_batch(
                         ~~~~~~~~~~~~~~~~~~~~^
        U[unlabeled], c, kappa=self.kappa, rng=self.rng)
        ^^^^^^^^^^^^^^^^^^^^^^^^^^^^^^^^^^^^^^^^^^^^^^^^
  File ""D:\P2OLSAL_FSS\experiments\src\robust_selection.py"", line 172, in robust_gain_dv_batch
    g2 = rng.gamma(np.ones((1, 1, c)), 1.0, size=(mc_samples, nu, c))
  File ""numpy/random/mtrand.pyx"", line 1746, in numpy.random.mtrand.RandomState.gamma
  File ""numpy/random/_common.pyx"", line 618, in numpy.random._common.cont
  File ""numpy/random/_common.pyx"", line 526, in numpy.random._common.cont_broadcast_2
numpy._core._exceptions._ArrayMemoryError: Unable to allocate 30.5 MiB for an array with shape (50, 8000, 10) and data type float64
"
fashion,P2_Full,,newdata,,0.2,6,0,,0,0,0,,,,,,,,,"MemoryError((10000, 5, 50), dtype('float64'))
Traceback (most recent call last):
  File ""D:\P2OLSAL_FSS\experiments\run_p2_single.py"", line 83, in main
    rows = run_one(ds_name, m, state, expert='clean', eta=eta, seed=seed,
                   budgets=BUDGETS)
  File ""D:\P2OLSAL_FSS\experiments\src\runner_generic.py"", line 100, in run_one
    U, V, _ = base_solver(X, np.array(labeled_idx), labels, c=c,
              ~~~~~~~~~~~^^^^^^^^^^^^^^^^^^^^^^^^^^^^^^^^^^^^^^^
                          seed=seed)
                          ^^^^^^^^^^
  File ""D:\P2OLSAL_FSS\experiments\src\plcfcm.py"", line 46, in plcfcm_fit
    dists = np.min(np.sum((X[:, None, :] - V[None, :j, :]) ** 2, axis=2), axis=1)
                          ~~~~~~~~~~~~~~~~~~~~~~~~~~~~~~~~~^^~~
numpy._core._exceptions._ArrayMemoryError: Unable to allocate 19.1 MiB for an array with shape (10000, 5, 50) and data type float64
"
fashion,P2_Full,,newdata,,0.2,7,0,,0,0,0,,,,,,,,,"MemoryError((10000, 5, 50), dtype('float64'))
Traceback (most recent call last):
  File ""D:\P2OLSAL_FSS\experiments\run_p2_single.py"", line 83, in main
    rows = run_one(ds_name, m, state, expert='clean', eta=eta, seed=seed,
                   budgets=BUDGETS)
  File ""D:\P2OLSAL_FSS\experiments\src\runner_generic.py"", line 100, in run_one
    U, V, _ = base_solver(X, np.array(labeled_idx), labels, c=c,
              ~~~~~~~~~~~^^^^^^^^^^^^^^^^^^^^^^^^^^^^^^^^^^^^^^^
                          seed=seed)
                          ^^^^^^^^^^
  File ""D:\P2OLSAL_FSS\experiments\src\plcfcm.py"", line 46, in plcfcm_fit
    dists = np.min(np.sum((X[:, None, :] - V[None, :j, :]) ** 2, axis=2), axis=1)
                          ~~~~~~~~~~~~~~~~~~~~~~~~~~~~~~~~~^^~~
numpy._core._exceptions._ArrayMemoryError: Unable to allocate 19.1 MiB for an array with shape (10000, 5, 50) and data type float64
"
fashion,P2_Full,,newdata,,0.3,0,0,,0,0,0,,,,,,,,,"MemoryError((10000, 5, 50), dtype('float64'))
Traceback (most recent call last):
  File ""D:\P2OLSAL_FSS\experiments\run_p2_single.py"", line 83, in main
    rows = run_one(ds_name, m, state, expert='clean', eta=eta, seed=seed,
                   budgets=BUDGETS)
  File ""D:\P2OLSAL_FSS\experiments\src\runner_generic.py"", line 100, in run_one
    U, V, _ = base_solver(X, np.array(labeled_idx), labels, c=c,
              ~~~~~~~~~~~^^^^^^^^^^^^^^^^^^^^^^^^^^^^^^^^^^^^^^^
                          seed=seed)
                          ^^^^^^^^^^
  File ""D:\P2OLSAL_FSS\experiments\src\plcfcm.py"", line 46, in plcfcm_fit
    dists = np.min(np.sum((X[:, None, :] - V[None, :j, :]) ** 2, axis=2), axis=1)
                          ~~~~~~~~~~~~~~~~~~~~~~~~~~~~~~~~~^^~~
numpy._core._exceptions._ArrayMemoryError: Unable to allocate 19.1 MiB for an array with shape (10000, 5, 50) and data type float64
"
fashion,P2_Full,,newdata,,0.3,1,0,,0,0,0,,,,,,,,,"MemoryError((10000, 5, 50), dtype('float64'))
Traceback (most recent call last):
  File ""D:\P2OLSAL_FSS\experiments\run_p2_single.py"", line 83, in main
    rows = run_one(ds_name, m, state, expert='clean', eta=eta, seed=seed,
                   budgets=BUDGETS)
  File ""D:\P2OLSAL_FSS\experiments\src\runner_generic.py"", line 100, in run_one
    U, V, _ = base_solver(X, np.array(labeled_idx), labels, c=c,
              ~~~~~~~~~~~^^^^^^^^^^^^^^^^^^^^^^^^^^^^^^^^^^^^^^^
                          seed=seed)
                          ^^^^^^^^^^
  File ""D:\P2OLSAL_FSS\experiments\src\plcfcm.py"", line 46, in plcfcm_fit
    dists = np.min(np.sum((X[:, None, :] - V[None, :j, :]) ** 2, axis=2), axis=1)
                          ~~~~~~~~~~~~~~~~~~~~~~~~~~~~~~~~~^^~~
numpy._core._exceptions._ArrayMemoryError: Unable to allocate 19.1 MiB for an array with shape (10000, 5, 50) and data type float64
"
fashion,P2_Full,,newdata,,0.3,2,0,,0,0,0,,,,,,,,,"MemoryError((10000, 5, 50), dtype('float64'))
Traceback (most recent call last):
  File ""D:\P2OLSAL_FSS\experiments\run_p2_single.py"", line 83, in main
    rows = run_one(ds_name, m, state, expert='clean', eta=eta, seed=seed,
                   budgets=BUDGETS)
  File ""D:\P2OLSAL_FSS\experiments\src\runner_generic.py"", line 100, in run_one
    U, V, _ = base_solver(X, np.array(labeled_idx), labels, c=c,
              ~~~~~~~~~~~^^^^^^^^^^^^^^^^^^^^^^^^^^^^^^^^^^^^^^^
                          seed=seed)
                          ^^^^^^^^^^
  File ""D:\P2OLSAL_FSS\experiments\src\plcfcm.py"", line 46, in plcfcm_fit
    dists = np.min(np.sum((X[:, None, :] - V[None, :j, :]) ** 2, axis=2), axis=1)
                          ~~~~~~~~~~~~~~~~~~~~~~~~~~~~~~~~~^^~~
numpy._core._exceptions._ArrayMemoryError: Unable to allocate 19.1 MiB for an array with shape (10000, 5, 50) and data type float64
"
fashion,P2_Full,,newdata,clean,0.3,3,0.05,500,0.6539,0.5020721412680059,0.42520181822274977,0.012425164192383651,1.0,0.0017828831421915253,0.8747778035804976,0.0,6.854637399999774,1.1797326000014436,9.365314900000158,
fashion,P2_Full,,newdata,clean,0.3,3,0.1,1000,0.648,0.4709151261979982,0.40612191138572284,0.011888887809253991,1.0,0.004328779645350572,0.8577991442319615,0.0,7.561268600000403,1.0944481999995332,19.532632100001138,
fashion,P2_Full,,newdata,clean,0.3,3,0.15,1500,0.6317,0.4382328256468292,0.37985766612330374,0.010893359979605284,1.0,0.008588808350690126,0.8300929287349201,0.0,8.526799700000993,1.157216800000242,30.413205700000617,
fashion,P2_Full,,newdata,clean,0.3,3,0.2,2000,0.6199,0.41743064299591787,0.35996642484367136,0.010236978770643812,1.0,0.012823817815791205,0.8164151033785423,0.0,8.049180499998329,0.9135550000009971,41.36022260000027,
fashion,P2_Full,,newdata,clean,0.3,3,0.3,3000,0.6199,0.404177570324328,0.3556093174700353,0.010419453247110305,1.0,0.016997775641151226,0.8228483347221781,0.0,6.789446700000553,0.947557900000902,50.00044870000056,
fashion,P2_Full,,newdata,clean,0.3,4,0.05,500,0.6669,0.5174555616287421,0.4390492299898641,0.012387206476161289,1.0,0.0017911108865930963,0.8718145437748899,0.0,7.974898100001155,1.8625880999989022,11.287025800000265,
fashion,P2_Full,,newdata,clean,0.3,4,0.1,1000,0.6609,0.48495072137242523,0.41687044783282806,0.011679880215045213,1.0,0.004363104333441344,0.8501928861569736,0.0,7.699661200000264,1.4697252000005392,22.508058999999776,
fashion,P2_Full,,newdata,clean,0.3,4,0.15,1500,0.6487,0.45756496923645273,0.3943712238414428,0.010404896111229573,1.0,0.008672002258579625,0.819903275290825,0.0,5.309459399999469,3.8792843999999604,34.039507600000434,
fashion,P2_Full,,newdata,clean,0.3,4,0.2,2000,0.6341,0.4303261001300296,0.37203440750635863,0.010028322304878521,1.0,0.012872307042394966,0.8123651859107202,0.0,5.230310899998585,0.9442710999992414,41.219184399998994,
fashion,P2_Full,,newdata,clean,0.3,4,0.3,3000,0.6161,0.39849238712366547,0.3481266063828211,0.010410745075974573,1.0,0.017010543925263445,0.8216352437026097,0.0,6.212872899999638,0.8770565000013448,49.41099349999968,
fashion,P2_Full,,newdata,clean,0.3,5,0.05,500,0.5958,0.4540364079570976,0.374577261398877,0.012449248540018738,1.0,0.00178625784166248,0.8737526159522292,0.0,5.206198799998674,1.2993189000007987,7.6982263999998395,
fashion,P2_Full,,newdata,clean,0.3,5,0.1,1000,0.6077,0.42947750516501176,0.3572037738868476,0.0115243679747115,1.0,0.004366177890514526,0.8499583990537712,0.0,6.261411499999667,1.243222799999785,16.512277600000743,
fashion,P2_Full,,newdata,clean,0.3,5,0.15,1500,0.6071,0.415383519146003,0.34908029519148703,0.009885309359056724,1.0,0.008717853885417744,0.8171762223217067,0.0,5.905726799999684,1.712980600001174,25.250699300000633,
fashion,P2_Full,,newdata,clean,0.3,5,0.2,2000,0.6035,0.3987344385837639,0.33723260108592945,0.009632968761520979,1.0,0.012920270135239198,0.8120212068274211,0.0,6.3314790000003995,1.027010199999495,33.803144299999985,
fashion,P2_Full,,newdata,clean,0.3,5,0.3,3000,0.6052,0.386741684058422,0.3304914286994037,0.010077547350997544,1.0,0.01707016599204051,0.8230591870635375,0.0,6.358314799999789,0.7144392999998672,41.846491199999946,
fashion,P2_Full,,newdata,clean,0.3,6,0.05,500,0.643,0.4920432874923956,0.418170798106462,0.012351299849822939,1.0,0.0017893587797752247,0.87225004083544,0.0,5.519243500000812,1.37099599999965,8.537632999999914,
fashion,P2_Full,,newdata,clean,0.3,6,0.1,1000,0.6416,0.4731461696872021,0.40513206146690406,0.011737123707403692,1.0,0.004366526899718592,0.8495196661411587,0.0,6.479147699999885,2.9217748999999458,19.094325399999434,
fashion,P2_Full,,newdata,clean,0.3,6,0.15,1500,0.6331,0.44910881065187314,0.38462683330333375,0.01050232246611488,1.0,0.00866430361798466,0.8228812166621107,0.0,4.949587400000382,1.1908837000009953,26.224791900000127,
fashion,P2_Full,,newdata,clean,0.3,6,0.2,2000,0.6277,0.43058969908496114,0.36873278935427856,0.00947039833788321,1.0,0.012917965466262202,0.8109468790223145,0.0,5.156645400000343,1.0466184000015346,33.603850199999215,
fashion,P2_Full,,newdata,clean,0.3,6,0.3,3000,0.6262,0.40988393627034614,0.3582559856315657,0.009987976039427537,1.0,0.0170752174276281,0.8192137349217264,0.0,5.953159400000004,0.931990199998836,41.31900150000001,
fashion,P2_Full,,newdata,clean,0.3,7,0.05,500,0.6496,0.4975865662190191,0.42173744266840923,0.012278246891311554,1.0,0.0018003940308722356,0.8695864027781923,0.0,5.35470610000084,1.593523000001369,8.089588099999673,
fashion,P2_Full,,newdata,clean,0.3,7,0.1,1000,0.6538,0.46777828435166763,0.40967202383885176,0.011548906480376497,1.0,0.004372720550467237,0.847723837062035,0.0,6.976606399999582,1.197619599999598,17.358165999999983,
fashion,P2_Full,,newdata,clean,0.3,7,0.15,1500,0.6324,0.433960497475804,0.37702232431947,0.010373863734967206,1.0,0.008640803582303203,0.821675514843057,0.0,6.285135800000717,0.997493899998517,25.824709900000016,
fashion,P2_Full,,newdata,clean,0.3,7,0.2,2000,0.6103,0.40224706866933635,0.34444872816249283,0.009933820641255909,1.0,0.01285568637326616,0.8111765934338505,0.0,6.661440099998799,2.1123690999993414,36.49938479999946,
fashion,P2_Full,,newdata,clean,0.3,7,0.3,3000,0.5987,0.38066403064204596,0.3236411614908389,0.010335986506811154,1.0,0.017023630803428027,0.8184676738925044,0.0,4.474004899999272,0.8013936999996076,42.5311486999999,
fashion,P2_NoRobust,,newdata,,0.0,0,0,,0,0,0,,,,,,,,,"MemoryError((3000, 3000), dtype('float64'))
Traceback (most recent call last):
  File ""D:\P2OLSAL_FSS\experiments\run_p2_single.py"", line 83, in main
    rows = run_one(ds_name, m, state, expert='clean', eta=eta, seed=seed,
                   budgets=BUDGETS)
  File ""D:\P2OLSAL_FSS\experiments\src\runner_generic.py"", line 108, in run_one
    sel_result = method.select(X, U, V, labeled_mask, budget_count, c,
                               y_true=y_true, seed=seed)
  File ""D:\P2OLSAL_FSS\experiments\src\p2_method.py"", line 72, in select
    alpha, _ = compute_alpha(R_sub, len(sub_idx))
               ~~~~~~~~~~~~~^^^^^^^^^^^^^^^^^^^^^
  File ""D:\P2OLSAL_FSS\experiments\src\robust_selection.py"", line 102, in compute_alpha
    """"""
    
numpy._core._exceptions._ArrayMemoryError: Unable to allocate 68.7 MiB for an array with shape (3000, 3000) and data type float64
"
fashion,P2_NoRobust,,newdata,clean,0.0,1,0.05,500,0.5584,0.4407506618901377,0.3211674876041909,2.302474944800302,1.0,0.0018257827228115068,0.8975761206094487,0.0,4.084821800001009,1.1508723000006285,7.065355900000213,
fashion,P2_NoRobust,,newdata,clean,0.0,1,0.1,1000,0.5793,0.48623224047251173,0.3301887669309284,2.296041043158063,1.0,0.005163645747922056,0.8870950756673031,0.0,4.7833126000004995,1.4801215999996202,15.187819100001434,
fashion,P2_NoRobust,,newdata,clean,0.0,1,0.15,1500,0.6602,0.5905081594937451,0.43596809267694997,2.295497950438536,1.0,0.009134993452129475,0.8828594841032559,0.0,3.9329142999995383,2.390617299999576,23.239199999999983,
fashion,P2_NoRobust,,newdata,clean,0.0,1,0.2,2000,0.7203,0.661857558555889,0.5159787525197088,2.2954354194010893,1.0,0.013198515458460914,0.8798486528199783,0.0,4.074548599999616,1.5030444999993051,30.37257050000153,
fashion,P2_NoRobust,,newdata,clean,0.0,1,0.3,3000,0.7903,0.6975165877766535,0.6169526692093994,2.2917655597343374,1.0,0.017332478816605032,0.870162989745795,0.0,4.123618499999793,1.4864815000000817,38.266230900000664,
fashion,P2_NoRobust,,newdata,clean,0.0,2,0.05,500,0.5471,0.4211533223180706,0.29582822982831475,2.3024809463439104,1.0,0.0018188533414077,0.8976517338904629,0.0,5.40888200000154,2.0418526000012207,13.161157399999865,
fashion,P2_NoRobust,,newdata,clean,0.0,2,0.1,1000,0.5479,0.46029341766987303,0.27679144129657113,2.286412662417486,1.0,0.0059202230615013635,0.8840301632218588,0.0,4.937443800001347,3.36896920000072,24.355260299998918,
fashion,P2_NoRobust,,newdata,clean,0.0,2,0.15,1500,0.616,0.5303638287122944,0.3468201824393363,2.2928406574707245,1.0,0.00950395845916178,0.8810222914172875,0.0,5.370955700000195,4.0252697999985685,36.048656899998605,
fashion,P2_NoRobust,,newdata,clean,0.0,2,0.2,2000,0.6958,0.6183605886663288,0.45738945488283334,2.2931221432811855,1.0,0.01344563815696693,0.8778093118495182,0.0,5.87768909999977,3.453649700000824,47.87557689999994,
fashion,P2_NoRobust,,newdata,clean,0.0,2,0.3,3000,0.7763,0.6965712413205714,0.600491558789201,2.2912643832163453,1.0,0.017515425088960018,0.8719493302170749,0.0,6.794440699999541,3.686724099999992,60.88457910000034,
fashion,P2_NoRobust,,newdata,clean,0.0,3,0.05,500,0.5768,0.45559726130016304,0.3447234471127605,2.302458997619318,1.0,0.0018193621944685738,0.897431488900492,0.0,6.076669200001561,1.875307000000248,10.210572300000422,
fashion,P2_NoRobust,,newdata,clean,0.0,3,0.1,1000,0.5852,0.503649741385032,0.34523396862049294,2.2956669091004107,1.0,0.005201730799895,0.8871722423952493,0.0,7.376908500000354,3.2107249000000593,22.694552799999656,
fashion,P2_NoRobust,,newdata,clean,0.0,3,0.15,1500,0.6639,0.5893568372084295,0.43740282880722076,2.2957029063827985,1.0,0.009068881540064811,0.8829043651041851,0.0,4.797932600000422,2.2597413000003144,31.11138579999897,
fashion,P2_NoRobust,,newdata,clean,0.0,3,0.2,2000,0.7282,0.668193303922633,0.5343898896473888,2.2949982671867115,1.0,0.013168934733034104,0.8792757817899091,0.0,5.914841499999966,1.2659194999996544,41.37450579999859,
fashion,P2_NoRobust,,newdata,clean,0.0,3,0.3,3000,0.7887,0.7020809452478676,0.6150468997559368,2.2914471144260777,1.0,0.017366402847368845,0.8699143436237451,0.0,4.238236500001221,1.2963230999994266,48.66435350000029,
fashion,P2_NoRobust,,newdata,clean,0.0,4,0.05,500,0.535,0.40182614808474665,0.28471472961916566,2.3024249720617758,1.0,0.0018342035591767771,0.8970592231507025,0.0,3.7800688999996055,4.9879249000005075,11.007083399999829,
fashion,P2_NoRobust,,newdata,clean,0.0,4,0.1,1000,0.5572,0.44057060162156986,0.2874711973172019,2.2907867908590234,1.0,0.005337002837708654,0.8859984086928213,0.0,5.100488100000803,1.5710322000013548,19.199149699998088,
fashion,P2_NoRobust,,newdata,clean,0.0,4,0.15,1500,0.6246,0.5347135005655457,0.37148783703798144,2.2937529822633325,1.0,0.00925373968541152,0.8817239107588472,0.0,5.960840600000665,1.5751966999996512,29.34762729999784,
fashion,P2_NoRobust,,newdata,clean,0.0,4,0.2,2000,0.7161,0.6467086229859317,0.5095617387717131,2.2937848066359026,1.0,0.013283912894290173,0.8795025798844575,0.0,5.7333712999970885,2.3853238000010606,39.08274309999979,
fashion,P2_NoRobust,,newdata,clean,0.0,4,0.3,3000,0.7823,0.6980778181720345,0.60791273323861,2.291140039083434,1.0,0.017416407293875346,0.8710055240407403,0.0,5.021952099999908,1.4796502000026521,46.827293800000916,
fashion,P2_NoRobust,,newdata,clean,0.0,5,0.05,500,0.5625,0.44686776649875704,0.3337100462238621,2.302428031550557,1.0,0.0018196624731135265,0.8971884532510831,0.0,4.9320292999982485,1.4600478000029398,8.19929399999819,
fashion,P2_NoRobust,,newdata,clean,0.0,5,0.1,1000,0.5774,0.4825172905660743,0.3243267351320411,2.296365820255269,1.0,0.005127970116638099,0.8876726304888164,0.0,5.431015000001935,1.8674281000021438,17.106612899999163,
fashion,P2_NoRobust,,newdata,clean,0.0,5,0.15,1500,0.6488,0.5717076736714488,0.41627913008103307,2.2951824419362845,1.0,0.009136700775675834,0.8827251072413171,0.0,6.258119000001898,1.2676442000010866,27.084742600000027,
fashion,P2_NoRobust,,newdata,clean,0.0,5,0.2,2000,0.7222,0.6568599641363728,0.5268824023650314,2.2945590453836306,1.0,0.01320426183681496,0.8786427682260971,0.0,3.733061099999759,2.37211219999881,34.850689499999135,
fashion,P2_NoRobust,,newdata,clean,0.0,5,0.3,3000,0.7946,0.7065655480175066,0.6241100961018855,2.291504982244989,1.0,0.01735972190726739,0.8704895183938913,0.0,5.645333399999799,2.0008548999976483,43.959267099999124,
fashion,P2_NoRobust,,newdata,clean,0.0,6,0.05,500,0.5488,0.4340236373280199,0.31686385233070247,2.3024397736734183,1.0,0.0018352892161071878,0.8971639284315537,0.0,7.467028299997764,1.8659302000014577,13.507237499998155,
fashion,P2_NoRobust,,newdata,clean,0.0,6,0.1,1000,0.596,0.5021145239566323,0.3527730192264861,2.2961499323321095,1.0,0.005060231797782918,0.8869408667869941,0.0,6.5535275000002,8.830787599999894,31.189641199998732,
fashion,P2_NoRobust,,newdata,clean,0.0,6,0.15,1500,0.6618,0.584257253497349,0.4301854615526526,2.2959037181919113,1.0,0.009112452298582112,0.8830351111555874,0.0,7.8837891000002855,2.523280800000066,44.07196269999986,
fashion,P2_NoRobust,,newdata,clean,0.0,6,0.2,2000,0.7249,0.6709231078706276,0.5316224212162121,2.2950679154964413,1.0,0.013241080348979332,0.87918876826349,0.0,6.004187499998807,1.61071179999999,57.15366979999817,
fashion,P2_NoRobust,,newdata,clean,0.0,6,0.3,3000,0.7908,0.7076370309337132,0.6220707953821766,2.291595203149873,1.0,0.01744529777409265,0.8697103077694378,0.0,5.520674499999586,2.531155199998466,67.12297699999908,
fashion,P2_NoRobust,,newdata,clean,0.0,7,0.05,500,0.5277,0.40952912529180696,0.2855065013156749,2.3024891721897562,1.0,0.0018372191307703296,0.8978548283513904,0.0,6.059208099999523,1.6040008999989368,9.586988500002917,
fashion,P2_NoRobust,,newdata,clean,0.0,7,0.1,1000,0.5516,0.4670696155722354,0.29306121449034694,2.290636782595992,1.0,0.005517198431721524,0.8849827901438155,0.0,5.385576300002867,2.0251963999980944,19.40794079999978,
fashion,P2_NoRobust,,newdata,clean,0.0,7,0.15,1500,0.6228,0.5442984274284113,0.3742938739258902,2.2944344479083982,1.0,0.009244496140114581,0.882225157997133,0.0,5.128810899997916,2.3722445999992487,29.331191000001127,
fashion,P2_NoRobust,,newdata,clean,0.0,7,0.2,2000,0.711,0.6472646845929049,0.5016859481430143,2.2943357927039583,1.0,0.013270860376500243,0.879676285142553,0.0,7.051152299998648,2.695185600001423,40.76304610000079,
fashion,P2_NoRobust,,newdata,clean,0.0,7,0.3,3000,0.7885,0.7093559138579861,0.6207628324479952,2.2912346210770127,1.0,0.017393445038014405,0.8704354841774123,0.0,6.50990350000211,1.93360599999869,50.50999260000026,
fashion,P2_NoRobust,,newdata,clean,0.2,0,0.05,500,0.5403,0.39474356088962675,0.29814580830859766,2.3025262454047435,1.0,0.0017932217914697283,0.8982368740762735,0.0,4.070068799999717,1.3589699000003748,6.763626899999508,
fashion,P2_NoRobust,,newdata,clean,0.2,0,0.1,1000,0.5589,0.41274080896215426,0.295891091086373,2.298924083365332,1.0,0.0048699553825287956,0.8901551914326928,0.0,5.016038200003095,1.2745998999998847,14.712181399998371,
fashion,P2_NoRobust,,newdata,clean,0.2,0,0.15,1500,0.6351,0.4986103043500145,0.39308163990053174,2.2977936917985455,1.0,0.008854848234437683,0.8855598091023985,0.0,5.022556699997949,2.3828546999975515,23.52229499999885,
fashion,P2_NoRobust,,newdata,clean,0.2,0,0.2,2000,0.6968,0.5690551231171079,0.4793065140671989,2.2975527077242104,1.0,0.012949448311426144,0.883325195150164,0.0,5.167556899999909,2.3026370000006864,32.17675489999965,
fashion,P2_NoRobust,,newdata,clean,0.2,0,0.3,3000,0.7358,0.5856610013683544,0.5281915918514494,2.295400686603241,1.0,0.017075612888667793,0.8775926744787361,0.0,5.846536900000501,1.897522499999468,41.82691960000011,
fashion,P2_NoRobust,,newdata,clean,0.2,1,0.05,500,0.559,0.4178498044202546,0.31858004963202174,2.302514057854827,1.0,0.0018014450241556723,0.8980642562667004,0.0,6.161863200002699,1.3853223999976763,9.140039300000353,
fashion,P2_NoRobust,,newdata,clean,0.2,1,0.1,1000,0.5842,0.4393793230451773,0.32438396583118156,2.299059978067067,1.0,0.004829586632464436,0.8904414388146994,0.0,5.2892733000007865,2.1442386000016995,18.55474580000009,
fashion,P2_NoRobust,,newdata,clean,0.2,1,0.15,1500,0.6392,0.5068331065671435,0.3904572506489784,2.2976023980100537,1.0,0.008851337862782915,0.8852288663418003,0.0,6.436000399997283,1.4160316000015882,28.70381119999729,
fashion,P2_NoRobust,,newdata,clean,0.2,1,0.2,2000,0.6888,0.5651035774766138,0.4646807929686539,2.296188196780691,1.0,0.01299385682719612,0.8815843336801029,0.0,5.517996700000367,1.106440700001258,37.45970849999867,
fashion,P2_NoRobust,,newdata,clean,0.2,1,0.3,3000,0.731,0.5829945563855858,0.5176799383970647,2.294626801143136,1.0,0.01713045636736037,0.8773242142898746,0.0,3.943800899996859,4.615616600000067,47.05703509999876,
fashion,P2_NoRobust,,newdata,clean,0.2,2,0.05,500,0.5344,0.37623899323694526,0.28632035596322697,2.3025114101038797,1.0,0.0017913137581263257,0.8980107528752228,0.0,6.280756399999518,1.131811800001742,10.24285239999881,
fashion,P2_NoRobust,,newdata,clean,0.2,2,0.1,1000,0.522,0.35288618468172395,0.23921110994736755,2.2961648416339138,1.0,0.005128476291966913,0.8885169442323049,0.0,4.55793530000301,1.9395863999998255,18.173891499998717,
fashion,P2_NoRobust,,newdata,clean,0.2,2,0.15,1500,0.5852,0.425781621987815,0.30777812750264427,2.297026393467966,1.0,0.008937325566356317,0.884520355776616,0.0,4.096322400000645,1.3364148999971803,24.77233989999877,
fashion,P2_NoRobust,,newdata,clean,0.2,2,0.2,2000,0.6765,0.5437407640262752,0.4416902882147481,2.2967478649084816,1.0,0.01296750932191988,0.8839029461270063,0.0,4.807816299999104,1.0753058000009332,31.809110400001373,
fashion,P2_NoRobust,,newdata,clean,0.2,2,0.3,3000,0.7292,0.5804146526061456,0.520684802660107,2.294642319736984,1.0,0.01707925945873328,0.877261009925293,0.0,4.851090399999521,0.9852981000003638,38.737866499999654,
fashion,P2_NoRobust,,newdata,clean,0.2,3,0.05,500,0.5135,0.35393750998669593,0.257888079661067,2.3025176805961616,1.0,0.001789362489608805,0.8982380136845124,0.0,4.842282699999487,1.0450117000000319,8.412078299999848,
fashion,P2_NoRobust,,newdata,clean,0.2,3,0.1,1000,0.5402,0.3916202954465236,0.2651232704664341,2.2996774444438923,1.0,0.0047947807600828216,0.8906331376613157,0.0,4.301470000002155,1.5165849000004528,15.695650300000125,
fashion,P2_NoRobust,,newdata,clean,0.2,3,0.15,1500,0.6281,0.49242163077418205,0.37355243587867115,2.2984578995858618,1.0,0.008810552648219306,0.8858953663700982,0.0,4.482655399999203,1.863595400001941,23.569694899997558,
fashion,P2_NoRobust,,newdata,clean,0.2,3,0.2,2000,0.6846,0.5553302953857694,0.45180169939889386,2.297556793711923,1.0,0.01291260016535141,0.8832191749166748,0.0,4.07926850000149,0.9725182999973185,30.088432000000466,
fashion,P2_NoRobust,,newdata,clean,0.2,3,0.3,3000,0.7268,0.5778075512358384,0.5073552706458714,2.295504585384438,1.0,0.01707890640234568,0.8774631116778351,0.0,3.9746767999968142,1.2598574000003282,36.52344169999924,
fashion,P2_NoRobust,,newdata,clean,0.2,4,0.05,500,0.532,0.37793458174998373,0.2805617908585182,2.3024840604317722,1.0,0.00180407923914854,0.8976932029698278,0.0,4.831143899999006,1.4528075000016543,8.454601600002206,
fashion,P2_NoRobust,,newdata,clean,0.2,4,0.1,1000,0.5465,0.3996120088768469,0.2747786873337775,2.298636085940233,1.0,0.004829470954575748,0.8891612368087427,0.0,4.861039100000198,2.386847600002511,16.848535200002516,
fashion,P2_NoRobust,,newdata,clean,0.2,4,0.15,1500,0.5881,0.4377180382567153,0.3134587191432863,2.297234963997751,1.0,0.00896633737116991,0.8855492579071954,0.0,4.966242800001055,1.5630815000004077,25.1748348000001,
fashion,P2_NoRobust,,newdata,clean,0.2,4,0.2,2000,0.6791,0.551850029798064,0.45072290615979776,2.2960862386241576,1.0,0.013009561926990057,0.8823254095274811,0.0,5.5435187999974005,1.5400394999996934,34.038316699999996,
fashion,P2_NoRobust,,newdata,clean,0.2,4,0.3,3000,0.7226,0.5792107980517556,0.5106665188508617,2.2944116256352127,1.0,0.01712361299674505,0.8766408489896538,0.0,8.151383700002043,2.3108178000002226,46.17041910000262,
fashion,P2_NoRobust,,newdata,clean,0.2,5,0.05,500,0.5005,0.3668950914405165,0.2708661125710691,2.3024956572490747,1.0,0.0017927076649171627,0.8979520862551722,0.0,6.039599399999133,1.4008560000002035,9.802544699999999,
fashion,P2_NoRobust,,newdata,clean,0.2,5,0.1,1000,0.5181,0.38622056052825005,0.2644828397327293,2.297652207489078,1.0,0.00494633271801665,0.888757293250107,0.0,5.599879500001407,2.3965109000018856,20.83541349999723,
fashion,P2_NoRobust,,newdata,clean,0.2,5,0.15,1500,0.5888,0.46072136203625924,0.32849079822892757,2.2966902659155974,1.0,0.008941722524926204,0.8858752529886953,0.0,8.007395099997666,1.5352908999993815,32.31977349999943,
fashion,P2_NoRobust,,newdata,clean,0.2,5,0.2,2000,0.6616,0.5301740598530916,0.41921386933879506,2.2964658852733755,1.0,0.012998104357321976,0.8829777482665528,0.0,5.977485300001717,2.010435199998028,41.98151399999915,
fashion,P2_NoRobust,,newdata,clean,0.2,5,0.3,3000,0.7287,0.5826237861451807,0.5172392215455046,2.2945688338721766,1.0,0.017112618715144686,0.8775316812449607,0.0,7.382740000000922,1.8893907999990915,52.77093099999911,
fashion,P2_NoRobust,,newdata,clean,0.2,6,0.05,500,0.5466,0.40921831524317925,0.30352184820237443,2.3025035070336073,1.0,0.001800987249947459,0.8978980694993542,0.0,7.3840173999997205,2.2153102999982366,13.1711690000011,
fashion,P2_NoRobust,,newdata,clean,0.2,6,0.1,1000,0.5799,0.46394125207504633,0.3286812829310541,2.299959950746029,1.0,0.004767277937283993,0.8907438134583244,0.0,6.841173799999524,3.379949199999828,25.789716999999655,
fashion,P2_NoRobust,,newdata,clean,0.2,6,0.15,1500,0.6402,0.5333822046280582,0.408197303530064,2.298376877997859,1.0,0.008853219414083785,0.8861958924092058,0.0,5.837614300002315,2.129989299999579,35.11889290000181,
fashion,P2_NoRobust,,newdata,clean,0.2,6,0.2,2000,0.6928,0.5871447952106178,0.48485626460656045,2.2971337864377173,1.0,0.012956783451887258,0.8821990730043148,0.0,7.76445700000113,1.6281720999977551,46.195694599999115,
fashion,P2_NoRobust,,newdata,clean,0.2,6,0.3,3000,0.7303,0.589163207114507,0.5248626988687518,2.2948935285943466,1.0,0.017115769298542926,0.876775137440736,0.0,9.245617799999309,1.7626674000021012,58.44341550000172,
fashion,P2_NoRobust,,newdata,clean,0.2,7,0.05,500,0.5122,0.38252872741355587,0.2718050162395085,2.3025016143829005,1.0,0.0018134067543087746,0.8980031253588777,0.0,9.24726009999722,1.5761407999998482,13.298450199999934,
fashion,P2_NoRobust,,newdata,clean,0.2,7,0.1,1000,0.5394,0.41844327832309214,0.2802951740918813,2.295440827948124,1.0,0.005153706048626462,0.8875260977890397,0.0,8.266959100001259,3.1709994999982882,28.35181740000189,
fashion,P2_NoRobust,,newdata,clean,0.2,7,0.15,1500,0.6035,0.4843072955003825,0.3573319693065749,2.296829803649271,1.0,0.009002076815233163,0.8850903907737878,0.0,6.642843199999334,2.0330998999997973,38.80763200000001,
fashion,P2_NoRobust,,newdata,clean,0.2,7,0.2,2000,0.675,0.5593847335650732,0.4535360973677747,2.296883920686834,1.0,0.013017419219854836,0.8838348032567713,0.0,7.028064299996913,1.1945467999976245,48.485680100002355,
fashion,P2_NoRobust,,newdata,clean,0.2,7,0.3,3000,0.7303,0.5862349523930849,0.5250682044259021,2.2950885718852185,1.0,0.017114066721202466,0.8773184706047568,0.0,7.490634499998123,1.284127200000512,58.40245290000166,
fashion,P2_NoExploration,,newdata,clean,0.0,0,0.05,500,0.721,0.5739812275166556,0.5081992910814461,0.012067527728862316,1.0,0.0018157461865867604,0.8618471120986587,0.0,8.025767500002985,1.9114790999992692,12.552650800000265,
fashion,P2_NoExploration,,newdata,clean,0.0,0,0.1,1000,0.6734,0.5044131928023371,0.4324131623292178,0.009998684962165383,1.0,0.004533102658148086,0.8163225700938878,0.0,7.2962239000007685,2.4807964999999967,23.510248599999613,
fashion,P2_NoExploration,,newdata,clean,0.0,0,0.15,1500,0.6472,0.4700292922700612,0.3922206463201498,0.006309890508222555,1.0,0.009070226557823309,0.7584833267418669,0.022,8.074132999998255,1.7737965999986045,34.50737809999919,
fashion,P2_NoExploration,,newdata,clean,0.0,0,0.2,2000,0.6311,0.453954913884571,0.365024890997403,0.005259973069618725,1.0,0.013343506239465902,0.7457016773014822,0.002,5.058080299997528,1.2051543999987189,41.87390550000055,
fashion,P2_NoExploration,,newdata,clean,0.0,0,0.3,3000,0.6518,0.48550433057464537,0.38454771544491667,0.006467324594095975,1.0,0.01750888181401254,0.7605931415945656,0.0,5.979729800001223,1.0575351000006776,50.20761879999918,
fashion,P2_NoExploration,,newdata,clean,0.0,1,0.05,500,0.6981,0.5613298561596028,0.4876232041561645,0.011902446751229487,1.0,0.0018257827228115068,0.858282260303295,0.0,6.705180899996776,2.3237769000006665,11.626323200001934,
fashion,P2_NoExploration,,newdata,clean,0.0,1,0.1,1000,0.6822,0.5262134852145428,0.4507792360981674,0.009659764559400293,1.0,0.004572988153973651,0.8099274198639539,0.0,6.939118700000108,2.3409444999997504,22.578186300001107,
fashion,P2_NoExploration,,newdata,clean,0.0,1,0.15,1500,0.6778,0.5050859036547196,0.43230945115519814,0.005962977331303214,1.0,0.009128867338589535,0.7554572906610836,0.026,8.485329600000114,1.6366689999995288,34.32586309999897,
fashion,P2_NoExploration,,newdata,clean,0.0,1,0.2,2000,0.6662,0.4890134926993014,0.407700306200096,0.005097834086810953,1.0,0.013366154645725664,0.745969569598471,0.006,6.895477299996855,2.688964400000259,45.280387200000405,
fashion,P2_NoExploration,,newdata,clean,0.0,1,0.3,3000,0.6613,0.49244246371969996,0.3876857560099319,0.0065111198487904426,1.0,0.017514579154342853,0.7623743017322964,0.0,8.461794899998495,1.539352300002065,56.66923820000011,
fashion,P2_NoExploration,,newdata,clean,0.0,2,0.05,500,0.696,0.5475619809862273,0.474424403510068,0.012032411413399809,1.0,0.0018188533414077,0.8597171202155406,0.0,9.37265380000099,2.3033844999990833,14.38236980000147,
fashion,P2_NoExploration,,newdata,clean,0.0,2,0.1,1000,0.6789,0.5137297391297543,0.443344915631192,0.010387588271606749,1.0,0.004506723280976933,0.8177759378845871,0.0,8.93794920000073,2.438367599999765,27.781925500003126,
fashion,P2_NoExploration,,newdata,clean,0.0,2,0.15,1500,0.668,0.49332266682891307,0.41988129463326035,0.006696383640569439,1.0,0.00907876969281174,0.7640996022771314,0.0,8.496207399999548,3.483741199997894,41.53977380000288,
fashion,P2_NoExploration,,newdata,clean,0.0,2,0.2,2000,0.6556,0.48542974721695276,0.3975557529619445,0.0056423561286791275,1.0,0.013376889989788763,0.7472913932144174,0.0,9.623886200002744,1.7359753999990062,54.363742400000774,
fashion,P2_NoExploration,,newdata,clean,0.0,2,0.3,3000,0.6671,0.5067155080046761,0.40914431248631344,0.00642548591334794,1.0,0.017547897352671732,0.7579174913151753,0.0,8.171447600001557,1.4961288000013155,65.51200840000092,
fashion,P2_NoExploration,,newdata,clean,0.0,3,0.05,500,0.6839,0.5484492099119234,0.4678736562883218,0.012071911238322002,1.0,0.0018193621944685738,0.8595940808145376,0.0,8.592575400001806,2.068634600000223,13.363670999999158,
fashion,P2_NoExploration,,newdata,clean,0.0,3,0.1,1000,0.6726,0.5122372480833006,0.4341372837610011,0.009869937786308831,1.0,0.004542954670590124,0.8125928394818626,0.0,8.960201699999743,3.976176199998008,28.297912499998347,
fashion,P2_NoExploration,,newdata,clean,0.0,3,0.15,1500,0.6653,0.5016486122428122,0.4171646317366896,0.005584664793292864,1.0,0.009099221205664802,0.7549213522081827,0.032,8.698518000001059,2.43193859999883,42.217640899998514,
fashion,P2_NoExploration,,newdata,clean,0.0,3,0.2,2000,0.6673,0.4991150324669423,0.4145346378187001,0.005063322784161192,1.0,0.013363636010593321,0.7484576215523018,0.002,9.086299299997336,2.0850109000020893,55.842553899998165,
fashion,P2_NoExploration,,newdata,clean,0.0,3,0.3,3000,0.6941,0.519214508207823,0.44613923211140155,0.006828598749902152,1.0,0.01748951641006239,0.7734095365999898,0.0,8.728892400002223,2.388092000001052,68.20564889999878,
fashion,P2_NoExploration,,newdata,clean,0.0,4,0.05,500,0.6918,0.5586461724877825,0.4764669874576953,0.012156889400811978,1.0,0.0018342035591767771,0.8543819135226064,0.0,7.603193899998587,2.2495441999999457,12.662939099998766,
fashion,P2_NoExploration,,newdata,clean,0.0,4,0.1,1000,0.6662,0.5162840329156052,0.42857020602372237,0.009590727962081453,1.0,0.004588727896963895,0.8020523022397497,0.0,8.42069089999859,2.567446699998982,26.074928699999873,
fashion,P2_NoExploration,,newdata,clean,0.0,4,0.15,1500,0.6509,0.4947734551692623,0.4018711880375531,0.005897887959833351,1.0,0.00913772047667716,0.7482692431793221,0.016,7.358588099999906,2.145961799997167,37.57926179999777,
fashion,P2_NoExploration,,newdata,clean,0.0,4,0.2,2000,0.6514,0.4926319492897538,0.3964233240334573,0.005411168182194931,1.0,0.013414568546176873,0.7378571552269874,0.0,7.034865599998739,1.779626700001245,48.13195859999905,
fashion,P2_NoExploration,,newdata,clean,0.0,4,0.3,3000,0.6708,0.5055542157088075,0.4169300122625951,0.0067157558978502025,1.0,0.017540735620319152,0.7624098611285771,0.0,7.374037200002931,1.6766430999996373,58.50340609999694,
fashion,P2_NoExploration,,newdata,clean,0.0,5,0.05,500,0.6618,0.5246009071374406,0.4332563746989447,0.01203444896160799,1.0,0.0018196624731135265,0.860175240855639,0.0,5.20581989999846,2.053993500001525,8.956145899999683,
fashion,P2_NoExploration,,newdata,clean,0.0,5,0.1,1000,0.6592,0.5078237967581762,0.41041666577686414,0.009143631084052873,1.0,0.004693857310308778,0.8108500705148505,0.0,4.610924699998577,1.5107860999996774,16.20194579999952,
fashion,P2_NoExploration,,newdata,clean,0.0,5,0.15,1500,0.6561,0.5007204439612953,0.39848415508908464,0.005724231963671551,1.0,0.00924951799840941,0.7627591401957177,0.03,4.203693299998122,1.15840770000068,22.470434099999693,
fashion,P2_NoExploration,,newdata,clean,0.0,5,0.2,2000,0.6587,0.498103241363075,0.3976607886535514,0.0052939248882945345,1.0,0.013482281716413257,0.7544564095785641,0.012,4.168973899999401,0.8885389999995823,28.30702829999791,
fashion,P2_NoExploration,,newdata,clean,0.0,5,0.3,3000,0.6793,0.5143136415129536,0.42334978580947974,0.006567724448917882,1.0,0.01757158777432761,0.7742272488066128,0.0,4.528073100002075,0.7691358999982185,34.41087530000004,
fashion,P2_NoExploration,,newdata,clean,0.0,6,0.05,500,0.6854,0.5469352063068672,0.4664393801377971,0.01187584344096169,1.0,0.0018352892161071878,0.8541580597120025,0.0,4.988131799997063,1.2058241999984602,7.704311099998449,
fashion,P2_NoExploration,,newdata,clean,0.0,6,0.1,1000,0.6764,0.5306496867842841,0.43640528624056674,0.009540109928063433,1.0,0.004611217622000058,0.8065530079535171,0.0,4.684356999998272,1.5542151000008744,15.215630200000305,
fashion,P2_NoExploration,,newdata,clean,0.0,6,0.15,1500,0.6729,0.5243046206527426,0.41667163107304134,0.005792697422942667,1.0,0.009197993249278006,0.7603139064977502,0.034,5.503773000000365,1.1941105000005336,23.016427599999588,
fashion,P2_NoExploration,,newdata,clean,0.0,6,0.2,2000,0.6726,0.5248953988595786,0.40744055867486434,0.005305713906044762,1.0,0.013452715175698031,0.7517809050906035,0.006,5.383698699999513,1.2495118000006187,30.88005279999925,
fashion,P2_NoExploration,,newdata,clean,0.0,6,0.3,3000,0.6912,0.5417793097985383,0.42808234273315354,0.0069818989251982785,1.0,0.01756492490944536,0.7723941799527758,0.0,8.987262599999667,1.4881396999990102,42.74367789999815,
fashion,P2_NoExploration,,newdata,clean,0.0,7,0.05,500,0.6851,0.5400952784186972,0.46365852256146944,0.01176144850086117,1.0,0.0018372191307703296,0.8540155038060268,0.0,8.537247799999022,1.6834911000005377,12.13381599999775,
fashion,P2_NoExploration,,newdata,clean,0.0,7,0.1,1000,0.6764,0.5238134382687157,0.4383881171598295,0.009950951138092934,1.0,0.004572364414058263,0.8087765742967559,0.0,8.012613999999303,2.026182000001427,24.299437799996667,
fashion,P2_NoExploration,,newdata,clean,0.0,7,0.15,1500,0.6638,0.5093848103154955,0.41154405933548843,0.0062155544412355705,1.0,0.009150681299959332,0.7584863977402359,0.008,9.12581069999942,1.8774114999978337,36.86722649999865,
fashion,P2_NoExploration,,newdata,clean,0.0,7,0.2,2000,0.6741,0.516165131637697,0.4201902262943567,0.004923069801621385,1.0,0.013431405523603808,0.7485608102549713,0.0,9.424693699998898,1.9431939999994938,50.31863099999828,
fashion,P2_NoExploration,,newdata,clean,0.0,7,0.3,3000,0.7019,0.5428702311377033,0.4546861401467022,0.006579352179470408,1.0,0.01753537093946973,0.7712689034318828,0.0,9.923393699998996,1.3261430000020482,62.73683879999953,
fashion,P2_NoExploration,,newdata,clean,0.2,0,0.05,500,0.6969,0.5383026574220255,0.47348129293642977,0.012290289676191096,1.0,0.0017932217914697283,0.8710504951311143,0.0,9.000574499998038,1.3926496999993105,12.485062300002028,
fashion,P2_NoExploration,,newdata,clean,0.2,0,0.1,1000,0.6814,0.49955666128613274,0.4445113327597198,0.011332934585007275,1.0,0.004405012811785717,0.8432218385285299,0.0,11.329771699998673,2.060291399997368,28.02742109999963,
fashion,P2_NoExploration,,newdata,clean,0.2,0,0.15,1500,0.6552,0.4573911870926568,0.40460145443020024,0.009648102734886642,1.0,0.008733028759922627,0.8093071483956487,0.0,9.742196299997886,1.7118666999995185,41.05095000000074,
fashion,P2_NoExploration,,newdata,clean,0.2,0,0.2,2000,0.6354,0.43094684729543625,0.3761891641341978,0.00904110289759619,1.0,0.012949311498746292,0.7986347041707426,0.0,9.265852199998335,1.3529531999993196,53.187259500002256,
fashion,P2_NoExploration,,newdata,clean,0.2,0,0.3,3000,0.6187,0.40961259030647035,0.3518456086056393,0.009458396873765179,1.0,0.017115006861685295,0.8049457766277277,0.0,8.751417299998138,1.2989384999964386,64.63109550000081,
fashion,P2_NoExploration,,newdata,clean,0.2,1,0.05,500,0.6756,0.5196630381255168,0.44815933423814636,0.01238098957135914,1.0,0.0018014450241556723,0.8680251842809368,0.0,8.699902499996824,1.972775999998703,13.152049599997554,
fashion,P2_NoExploration,,newdata,clean,0.2,1,0.1,1000,0.6621,0.48273167909634673,0.41866483370573354,0.010998241316065945,1.0,0.004422785356478378,0.8358910647637008,0.0,10.758440199999313,1.878966300002503,27.694849799998337,
fashion,P2_NoExploration,,newdata,clean,0.2,1,0.15,1500,0.6463,0.4556730007737577,0.3915567513120495,0.009367473442064995,1.0,0.008775652439894628,0.8007101113069375,0.0,10.43531819999771,1.4855386999988696,41.15765729999839,
fashion,P2_NoExploration,,newdata,clean,0.2,1,0.2,2000,0.6367,0.4361888111216288,0.37290269524028913,0.008644426531405004,1.0,0.012990499199790775,0.7919771995871699,0.0,9.515204999999696,1.5442051999998512,53.50180199999886,
fashion,P2_NoExploration,,newdata,clean,0.2,1,0.3,3000,0.6285,0.42596003928800963,0.356757071007956,0.009360774090238643,1.0,0.017144196149876723,0.8024106619920433,0.0,8.975298000001203,1.3705831000006583,65.290732999998,
fashion,P2_NoExploration,,newdata,clean,0.2,2,0.05,500,0.6794,0.5295649548977492,0.462016805646054,0.012422456834795436,1.0,0.0017913137581263257,0.8722878185503563,0.0,9.219441799999913,1.7430767999976524,12.79828439999983,
fashion,P2_NoExploration,,newdata,clean,0.2,2,0.1,1000,0.6648,0.4884370735669906,0.42566465491189404,0.011466181045015542,1.0,0.004383942575289981,0.8455883824257696,0.0,9.692630800000188,2.005144900002051,26.194572899999912,
fashion,P2_NoExploration,,newdata,clean,0.2,2,0.15,1500,0.6537,0.4632539172121658,0.4034800933859033,0.00952126157377289,1.0,0.00874630150309346,0.8089872528552974,0.0,9.407229700002063,1.9818914999996196,39.31847570000173,
fashion,P2_NoExploration,,newdata,clean,0.2,2,0.2,2000,0.636,0.4337421868728512,0.3726830417855133,0.008913461318475705,1.0,0.013004215280322189,0.7940424961100169,0.0,9.788431700002548,1.7454132999991998,52.41599550000319,
fashion,P2_NoExploration,,newdata,clean,0.2,2,0.3,3000,0.6231,0.4102259185972053,0.35043269637594554,0.009243910357473031,1.0,0.01715957479330212,0.8001647027806434,0.0,9.699554599999828,1.4889292999978352,65.14786550000281,
fashion,P2_NoExploration,,newdata,clean,0.2,3,0.05,500,0.6639,0.5149194374289326,0.4341691196761205,0.012429865450399757,1.0,0.001789362489608805,0.8711540592592731,0.0,9.991296099997271,1.419475999999122,13.47523629999705,
fashion,P2_NoExploration,,newdata,clean,0.2,3,0.1,1000,0.6559,0.4832533504304866,0.41198659662614234,0.011740257953478278,1.0,0.004366905139816613,0.8459685615758074,0.0,10.086465500000486,1.73484770000141,27.2163518999987,
fashion,P2_NoExploration,,newdata,clean,0.2,3,0.15,1500,0.6386,0.4555580232433914,0.3853341268850299,0.009723339584017441,1.0,0.008704406092923216,0.8072696201408842,0.0,9.438540200000716,1.8607578999981342,40.1564690999985,
fashion,P2_NoExploration,,newdata,clean,0.2,3,0.2,2000,0.6309,0.4397180845583703,0.37268963847000935,0.008379454760406897,1.0,0.012984146837346961,0.7914455417416714,0.0,9.593485999997938,1.8886958000002778,53.52554379999856,
fashion,P2_NoExploration,,newdata,clean,0.2,3,0.3,3000,0.6389,0.4379884876144759,0.3783396060084792,0.009445162985989715,1.0,0.01714802320410264,0.8028308348175756,0.0,10.487036800001079,1.5703373000033025,66.78640660000019,
fashion,P2_NoExploration,,newdata,clean,0.2,4,0.05,500,0.6927,0.5474603927718605,0.47304816292267227,0.01222778642690457,1.0,0.00180407923914854,0.8666336120307047,0.0,10.013534999998228,2.6443579999977374,14.947370100002445,
fashion,P2_NoExploration,,newdata,clean,0.2,4,0.1,1000,0.6703,0.5013018606674375,0.4317703611458769,0.011436390241752742,1.0,0.0044082543222874635,0.8382664301850139,0.0,9.617747599997529,2.1719840000005206,28.576828000001115,
fashion,P2_NoExploration,,newdata,clean,0.2,4,0.15,1500,0.6468,0.4620337819726108,0.3951135509194809,0.00963420362866971,1.0,0.008753300727550768,0.804114408916541,0.0,8.870017400000506,2.18622139999934,41.29499950000172,
fashion,P2_NoExploration,,newdata,clean,0.2,4,0.2,2000,0.6335,0.4415209569670732,0.37571959362418933,0.008892949703082832,1.0,0.012994262269933847,0.7910098373227431,0.0,10.18003349999708,1.497901800001273,54.43627320000087,
fashion,P2_NoExploration,,newdata,clean,0.2,4,0.3,3000,0.6334,0.42829083865800416,0.3704530810279954,0.009142085395144271,1.0,0.017159584069413137,0.8006923330413452,0.0,9.506789600000047,1.6524073999971733,66.89464589999989,
fashion,P2_NoExploration,,newdata,clean,0.2,5,0.05,500,0.6311,0.5044431011371214,0.4157695494445037,0.012413602618949096,1.0,0.0017927076649171627,0.8721072099842504,0.0,10.040250099998957,1.8239610999989964,14.234303900000668,
fashion,P2_NoExploration,,newdata,clean,0.2,5,0.1,1000,0.643,0.48421485260723707,0.40436481534647867,0.010807385087313876,1.0,0.004510325351342824,0.8435579588830381,0.0,9.080079600000317,2.5622522000012395,28.007411100003083,
fashion,P2_NoExploration,,newdata,clean,0.2,5,0.15,1500,0.6463,0.46938833708261896,0.39651729451954276,0.008861770318131252,1.0,0.008870745125098726,0.8178666602542883,0.0,9.734384799998224,1.7991645000001881,41.08423340000081,
fashion,P2_NoExploration,,newdata,clean,0.2,5,0.2,2000,0.6437,0.45506303837240475,0.3863004481423513,0.008057171168173486,1.0,0.013067175294125648,0.8053155368697114,0.0,8.894429799998761,1.922904799997923,53.36298100000204,
fashion,P2_NoExploration,,newdata,clean,0.2,5,0.3,3000,0.6525,0.4487471747906978,0.38931494034517383,0.009380030700276976,1.0,0.0171735102855808,0.8168913873785365,0.0,10.096989100002247,1.4508520999988832,66.36265579999963,
fashion,P2_NoExploration,,newdata,clean,0.2,6,0.05,500,0.659,0.5088227574764208,0.4333142337212335,0.012172737716503084,1.0,0.001800987249947459,0.8666786448663863,0.0,9.51778959999865,1.909623499999725,13.494958800001768,
fashion,P2_NoExploration,,newdata,clean,0.2,6,0.1,1000,0.6442,0.4812407130933149,0.4005316785780945,0.011120261209333085,1.0,0.0044343312574444075,0.8343320892579947,0.0,9.495904499999597,1.6700939000002109,26.98810030000095,
fashion,P2_NoExploration,,newdata,clean,0.2,6,0.15,1500,0.6402,0.46465077051773457,0.3813082172609142,0.009011539716142056,1.0,0.008836397487246378,0.8038024457432213,0.0,8.763928500000475,2.2315845000011905,39.986402700000326,
fashion,P2_NoExploration,,newdata,clean,0.2,6,0.2,2000,0.6421,0.4573191503302603,0.37532407907688425,0.008444139911399345,1.0,0.013089570842216895,0.7991424931643774,0.0,9.70760860000155,2.0599046999996062,53.37842459999956,
fashion,P2_NoExploration,,newdata,clean,0.2,6,0.3,3000,0.6567,0.46203240539191076,0.39078230891939897,0.00914438704668272,1.0,0.017223940002240132,0.8093974524688977,0.0,9.823913599997468,1.740871199999674,66.08482500000173,
fashion,P2_NoExploration,,newdata,clean,0.2,7,0.05,500,0.6503,0.5038153056270291,0.4286246929342689,0.012048635795981533,1.0,0.0018134067543087746,0.8633087189266142,0.0,4.950259999997797,0.952144999999291,7.007062800003041,
fashion,P2_NoExploration,,newdata,clean,0.2,7,0.1,1000,0.6662,0.49931055814942205,0.4313434288362175,0.01115923628872122,1.0,0.004410839233811478,0.8394420782848008,0.0,5.161403899997822,1.1695472999999765,14.343400900001143,
fashion,P2_NoExploration,,newdata,clean,0.2,7,0.15,1500,0.6511,0.47168825650059376,0.402164690031972,0.009587853575685784,1.0,0.008765884702029528,0.807948164404053,0.0,4.95037560000128,0.9997994999976072,21.226987300000474,
fashion,P2_NoExploration,,newdata,clean,0.2,7,0.2,2000,0.6475,0.4572988329646109,0.3911806501978762,0.008579541230954958,1.0,0.013019563763358406,0.795604157613148,0.0,5.173666700000467,1.0018748999973468,28.740146500000264,
fashion,P2_NoExploration,,newdata,clean,0.2,7,0.3,3000,0.6492,0.4456719326962512,0.38682490402297537,0.009448023755344096,1.0,0.017162206625539533,0.805948112362166,0.0,6.457017099997756,1.1408529000000271,37.52670550000039,
fashion,P2_NoRedundancy,,newdata,clean,0.0,0,0.05,500,0.7496,0.6261258850069557,0.5626007511304125,0.012527132111882534,1.0,0.0018157461865867604,0.8826744766521841,0.0,1.794502900000225,1.4916961999988416,5.651929200001177,
fashion,P2_NoRedundancy,,newdata,clean,0.0,0,0.1,1000,0.7767,0.6556138009611338,0.595497250955712,0.012169491421086842,1.0,0.004583618945823105,0.8649899858595418,0.0,2.036159100000077,2.4885317999978724,12.638555000001361,
fashion,P2_NoRedundancy,,newdata,clean,0.0,0,0.15,1500,0.793,0.6728207762534422,0.6178690824473823,0.011137669346184938,1.0,0.009111363134868702,0.8412945459760706,0.0,1.6849055999991833,2.502421299999696,18.89163660000122,
fashion,P2_NoRedundancy,,newdata,clean,0.0,0,0.2,2000,0.8102,0.6955097344845548,0.6440281177920943,0.01112921877755868,1.0,0.013453652475277652,0.8390518206567346,0.004,2.0991351999982726,1.7999485999971512,24.455374200002552,
fashion,P2_NoRedundancy,,newdata,clean,0.0,0,0.3,3000,0.8361,0.7284731315923492,0.6843204843009917,0.010609856916871966,1.0,0.017681479209177533,0.8288138122128488,0.002,1.7940110999988974,1.4772598000017751,28.93678130000262,
fashion,P2_NoRedundancy,,newdata,clean,0.0,1,0.05,500,0.7573,0.6362349601396531,0.5738361267829409,0.01263442406589609,1.0,0.0018257827228115068,0.8814743699442836,0.0,1.8665453000030539,1.9889745000000403,6.304532800000743,
fashion,P2_NoRedundancy,,newdata,clean,0.0,1,0.1,1000,0.7726,0.6515434044411192,0.5890871282057624,0.01201098031586149,1.0,0.004590685019366043,0.8639450399362074,0.0,1.915197199999966,2.441187500000524,12.986686399999599,
fashion,P2_NoRedundancy,,newdata,clean,0.0,1,0.15,1500,0.7905,0.6705585817851958,0.6134837324608708,0.011256252760562895,1.0,0.009119436275457657,0.8407992233974915,0.0,1.584830100000545,2.2051038999998127,18.77050419999796,
fashion,P2_NoRedundancy,,newdata,clean,0.0,1,0.2,2000,0.812,0.6973470284063908,0.6459395078763491,0.011010725457498127,1.0,0.01346423555354437,0.8394037317305127,0.002,1.4806863000012527,1.5515122999968298,23.689670899999328,
fashion,P2_NoRedundancy,,newdata,clean,0.0,1,0.3,3000,0.8372,0.7288145163530203,0.6848849647666798,0.010329276589292594,1.0,0.01769381849873651,0.8286749333299401,0.002,1.4866868999997678,1.5303867000002356,28.274414100000286,
fashion,P2_NoRedundancy,,newdata,clean,0.0,2,0.05,500,0.7442,0.6211376263862203,0.5562105063599136,0.012610821382180722,1.0,0.0018188533414077,0.8822187631890709,0.0,2.1301734000007855,1.6789308000006713,6.228473800001666,
fashion,P2_NoRedundancy,,newdata,clean,0.0,2,0.1,1000,0.7754,0.6555150508465938,0.5935287920164959,0.012094649543631984,1.0,0.004561647780685818,0.8652394952981617,0.0,1.8891373999977077,2.017322100000456,11.9338201999999,
fashion,P2_NoRedundancy,,newdata,clean,0.0,2,0.15,1500,0.7939,0.6753735939319974,0.6180126183539788,0.011096639923740183,1.0,0.00909318392747784,0.8416019117910819,0.0,1.8789730000025884,1.7194340000023658,16.794373000000633,
fashion,P2_NoRedundancy,,newdata,clean,0.0,2,0.2,2000,0.8114,0.6983064741835062,0.6457163379305713,0.01083511090161787,1.0,0.013444294548760158,0.8389349753086578,0.004,1.6024767999988399,1.699349100003019,21.7822092000024,
fashion,P2_NoRedundancy,,newdata,clean,0.0,2,0.3,3000,0.839,0.733019579808357,0.6893136085732489,0.010394283220804327,1.0,0.01767328373494792,0.8293485677335027,0.002,1.741559000001871,1.4459097999970254,26.150977799999964,
fashion,P2_NoRedundancy,,newdata,clean,0.0,3,0.05,500,0.751,0.6303262084038814,0.5612582821368676,0.012666418262758324,1.0,0.0018193621944685738,0.8822032130199089,0.0,2.0513753999985056,1.758715599997231,6.078002499998547,
fashion,P2_NoRedundancy,,newdata,clean,0.0,3,0.1,1000,0.7737,0.6553037944431745,0.5913092327211135,0.01227754216328441,1.0,0.0045768481374474776,0.8649092926461844,0.0,1.9044298000007984,2.345924699999159,12.68876520000049,
fashion,P2_NoRedundancy,,newdata,clean,0.0,3,0.15,1500,0.7899,0.67123932177785,0.612996985415394,0.011075779441186158,1.0,0.00909873213310813,0.8415260054847111,0.0,2.11556290000226,2.321987299998,19.101009999998496,
fashion,P2_NoRedundancy,,newdata,clean,0.0,3,0.2,2000,0.8094,0.6961410025109704,0.6421178850878361,0.010684752080292164,1.0,0.013449784609727965,0.8384189350493382,0.004,1.9066364999998768,1.4980818000003637,24.037691400000767,
fashion,P2_NoRedundancy,,newdata,clean,0.0,3,0.3,3000,0.8387,0.7320378018085568,0.6880689055879919,0.010478906715633857,1.0,0.01767634136302669,0.8292695999779003,0.002,1.46496660000048,1.5402721999998903,28.41685950000101,
fashion,P2_NoRedundancy,,newdata,clean,0.0,4,0.05,500,0.744,0.6174139581080015,0.5495217987794135,0.012475710494582426,1.0,0.0018342035591767771,0.8803792563692086,0.0,1.6406951999997545,2.2607738000006066,6.489044699999795,
fashion,P2_NoRedundancy,,newdata,clean,0.0,4,0.1,1000,0.771,0.6496982275752715,0.5852561375055952,0.012063300386041087,1.0,0.004612890410409985,0.8634301949488946,0.0,2.119514199999685,2.444257999999536,13.092068800000561,
fashion,P2_NoRedundancy,,newdata,clean,0.0,4,0.15,1500,0.7894,0.6709891458914968,0.6116877362368288,0.011174293414665361,1.0,0.009131265628713765,0.8403859132246373,0.0,1.7638078999989375,2.018559299998742,18.802305900000647,
fashion,P2_NoRedundancy,,newdata,clean,0.0,4,0.2,2000,0.8078,0.6942705446295468,0.6396057985889858,0.010683428239773531,1.0,0.013474413082693721,0.8387888541196236,0.004,1.4806559999997262,1.9062254000018584,23.623375499999383,
fashion,P2_NoRedundancy,,newdata,clean,0.0,4,0.3,3000,0.8365,0.7288616921831119,0.6838875170301235,0.010748250068669985,1.0,0.017691884893127993,0.8283796121998664,0.002,1.5805091000001994,1.4193018000005395,28.280808999999863,
fashion,P2_NoRedundancy,,newdata,clean,0.0,5,0.05,500,0.7542,0.6301530277713063,0.5648807250511687,0.012638082779321417,1.0,0.0018196624731135265,0.8824956942199144,0.0,1.7172479000000749,1.9032856999983778,6.313023800001247,
fashion,P2_NoRedundancy,,newdata,clean,0.0,5,0.1,1000,0.7827,0.6637761901882272,0.6038942258662358,0.011975607203102884,1.0,0.004565884521951655,0.8651637685677201,0.0,1.6981061000005866,2.2921375000005355,12.584451899998385,
fashion,P2_NoRedundancy,,newdata,clean,0.0,5,0.15,1500,0.7954,0.6778295871791377,0.621160701698405,0.010967988611613142,1.0,0.009091038149551926,0.8421627202984017,0.0,1.703214900000603,2.11475960000098,18.215369699999428,
fashion,P2_NoRedundancy,,newdata,clean,0.0,5,0.2,2000,0.8143,0.7007961534988076,0.6497284130147766,0.010807154358309657,1.0,0.013439389689118397,0.8393051925473098,0.004,1.526472499997908,1.7651636999980838,22.82831570000053,
fashion,P2_NoRedundancy,,newdata,clean,0.0,5,0.3,3000,0.8373,0.7298319832123715,0.6858237329496591,0.010359943165155375,1.0,0.01767322813062861,0.8290501064635819,0.002,1.4896355999990192,1.6175802999969164,27.04818289999821,
fashion,P2_NoRedundancy,,newdata,clean,0.0,6,0.05,500,0.7349,0.6120679196699806,0.5414933270265471,0.012541484077180953,1.0,0.0018352892161071878,0.8797014339905179,0.0,1.840127899999061,1.9973659999996016,5.90361440000197,
fashion,P2_NoRedundancy,,newdata,clean,0.0,6,0.1,1000,0.7657,0.6421096756351855,0.5759443756791539,0.012003583521882067,1.0,0.004604165013401613,0.8627412106353051,0.0,1.8122011000014027,2.347764100002678,11.754263999999239,
fashion,P2_NoRedundancy,,newdata,clean,0.0,6,0.15,1500,0.7868,0.6667613220024339,0.6062115034765245,0.011097244820544805,1.0,0.009135494492539278,0.840694207479608,0.0,1.9393195000011474,2.151356099999248,17.45320619999984,
fashion,P2_NoRedundancy,,newdata,clean,0.0,6,0.2,2000,0.8058,0.6909014155332631,0.6353742994335965,0.010746118426087626,1.0,0.01346828915079089,0.8387723520980864,0.004,1.5247871999999916,1.6061069999996107,21.908770500001992,
fashion,P2_NoRedundancy,,newdata,clean,0.0,6,0.3,3000,0.8355,0.7272953315989101,0.6825126362044952,0.010289529030444538,1.0,0.017691059657585533,0.8285065919933493,0.002,1.6651231000032567,1.3757211000011011,26.273777900001733,
fashion,P2_NoRedundancy,,newdata,clean,0.0,7,0.05,500,0.7477,0.6248542288081745,0.560804877293467,0.01257449809665235,1.0,0.0018372191307703296,0.8805516017036151,0.0,1.7001770999995642,1.560839900001156,4.883311800000229,
fashion,P2_NoRedundancy,,newdata,clean,0.0,7,0.1,1000,0.7754,0.6547873141457319,0.5929382387887518,0.012028824757290411,1.0,0.004600516748905326,0.8638968257424042,0.0,1.9282987999977195,2.0926623000013933,10.631889799999044,
fashion,P2_NoRedundancy,,newdata,clean,0.0,7,0.15,1500,0.7906,0.6711315114440682,0.6120370931893028,0.011039592973019638,1.0,0.009122749170351024,0.8405041470302815,0.0,2.0281386999995448,1.53076410000358,15.44767679999859,
fashion,P2_NoRedundancy,,newdata,clean,0.0,7,0.2,2000,0.8094,0.6943527379598563,0.6419026131013784,0.010894511776671958,1.0,0.0134710775878496,0.839126313078756,0.002,1.5780411999985517,1.6312036000017542,20.008948599999712,
fashion,P2_NoRedundancy,,newdata,clean,0.0,7,0.3,3000,0.8369,0.7286947272124499,0.6846265126103472,0.010504145604897281,1.0,0.017692566115319597,0.8284289775331178,0.002,1.4001829999979236,1.2351455999996688,23.74550569999701,
fashion,P2_NoRedundancy,,newdata,clean,0.2,0,0.05,500,0.7252,0.5815273571916916,0.5256224220563388,0.012588797366245531,1.0,0.0017932217914697283,0.886474749426819,0.0,1.862938700000086,1.2585353000031319,4.814186899999186,
fashion,P2_NoRedundancy,,newdata,clean,0.2,0,0.1,1000,0.7538,0.6132765273101249,0.5621364688824929,0.01230499544037439,1.0,0.004434220060170974,0.8735107681939105,0.0,1.634696500001155,1.851474999999482,10.116150699999707,
fashion,P2_NoRedundancy,,newdata,clean,0.2,0,0.15,1500,0.7603,0.612786649461654,0.5685258177438407,0.011904027631933307,1.0,0.00877482311341067,0.8565397481779446,0.0,1.633619499996712,1.6805272000019613,15.010661000000255,
fashion,P2_NoRedundancy,,newdata,clean,0.2,0,0.2,2000,0.7662,0.613484604311759,0.5743138783149062,0.011737210684822766,1.0,0.013053308016867592,0.8542659064869675,0.0,1.6919127000001026,1.2249164000022574,19.149837599998136,
fashion,P2_NoRedundancy,,newdata,clean,0.2,0,0.3,3000,0.7757,0.6132259802411403,0.5837661818597882,0.011320382854966119,1.0,0.017240272700341633,0.8472539757151026,0.001,1.432564500002627,1.3190654999998515,23.107834799997363,
fashion,P2_NoRedundancy,,newdata,clean,0.2,1,0.05,500,0.7258,0.5931933211550968,0.5311763141622551,0.012669559348089002,1.0,0.0018014450241556723,0.8855931002346491,0.0,1.7997937000000093,1.4439222000000882,5.291246799999499,
fashion,P2_NoRedundancy,,newdata,clean,0.2,1,0.1,1000,0.7516,0.6132016321804109,0.5580701914292966,0.01247799682132414,1.0,0.004427124380123165,0.8731540956136382,0.0,1.7244948000006843,1.6539746999987983,10.357038099999045,
fashion,P2_NoRedundancy,,newdata,clean,0.2,1,0.15,1500,0.7588,0.6085969103990689,0.5624461959475814,0.011790474146016142,1.0,0.008790000796453454,0.8564092823103786,0.0,1.927285399997345,2.3167364000000816,16.29605829999855,
fashion,P2_NoRedundancy,,newdata,clean,0.2,1,0.2,2000,0.7668,0.6155119628886643,0.5734572106023614,0.01159375911177483,1.0,0.01308313585938696,0.8548506271778282,0.0,1.6005222999992839,1.6042933000026096,21.2210036999968,
fashion,P2_NoRedundancy,,newdata,clean,0.2,1,0.3,3000,0.7751,0.6111779813537587,0.5802842591600341,0.011323333817428062,1.0,0.017269630818166293,0.846585276902578,0.001,1.4252234999985376,1.3950776000019687,25.2421809999978,
fashion,P2_NoRedundancy,,newdata,clean,0.2,2,0.05,500,0.7218,0.5824943680525877,0.5227216841459812,0.012678093421253742,1.0,0.0017913137581263257,0.8872754967688926,0.0,2.0283798999989813,1.4395647999990615,5.332822600001236,
fashion,P2_NoRedundancy,,newdata,clean,0.2,2,0.1,1000,0.746,0.6043918479539147,0.548934752110219,0.01232849377642642,1.0,0.004413609407351962,0.8738406279752546,0.0,1.731599400001869,1.6248962999998184,10.48218960000304,
fashion,P2_NoRedundancy,,newdata,clean,0.2,2,0.15,1500,0.7617,0.611805344417464,0.5664541665871953,0.011859204669401381,1.0,0.008762908331883363,0.8564565451627094,0.0,1.9990680000009888,1.6129102999984752,15.394118700001854,
fashion,P2_NoRedundancy,,newdata,clean,0.2,2,0.2,2000,0.767,0.6124880208627009,0.5725717754803273,0.011650708892088314,1.0,0.013041162993296223,0.8541597356897808,0.0,1.50345059999745,1.2839527999967686,19.461016200002632,
fashion,P2_NoRedundancy,,newdata,clean,0.2,2,0.3,3000,0.7773,0.6124386411971088,0.5849410976361767,0.011491743194547302,1.0,0.0172413267836932,0.8474500792957207,0.0,1.8204840999969747,1.2110907000023872,23.62659320000239,
fashion,P2_NoRedundancy,,newdata,clean,0.2,3,0.05,500,0.735,0.6050064335918458,0.537844156434127,0.012780919860604131,1.0,0.001789362489608805,0.8874742504165956,0.0,1.7990205000023707,1.2828799999988405,5.145537800002785,
fashion,P2_NoRedundancy,,newdata,clean,0.2,3,0.1,1000,0.7542,0.6198859501647345,0.5609577283543511,0.012464678750314302,1.0,0.004403057595236741,0.8747170032803916,0.0,1.8711870000006456,1.8580744999999297,10.659970500000782,
fashion,P2_NoRedundancy,,newdata,clean,0.2,3,0.15,1500,0.7593,0.6172594202245477,0.565464322667388,0.011767215565497896,1.0,0.008744181073807792,0.8574450447911047,0.0,1.8451115999996546,1.523100099999283,15.568229200001952,
fashion,P2_NoRedundancy,,newdata,clean,0.2,3,0.2,2000,0.7652,0.6152114417817609,0.5707129349106405,0.01158452279614838,1.0,0.013031330937962438,0.854305983680425,0.0,1.5270698999993328,1.3580273000006855,19.927674300000945,
fashion,P2_NoRedundancy,,newdata,clean,0.2,3,0.3,3000,0.7774,0.6136397487037859,0.5829058248149561,0.011402306813915167,1.0,0.01722033104180812,0.8479144619854626,0.0,1.6447247000032803,1.3441290999980993,24.17430200000308,
fashion,P2_NoRedundancy,,newdata,clean,0.2,4,0.05,500,0.7288,0.5947911959740687,0.5277602014492552,0.01266874315871695,1.0,0.00180407923914854,0.8847313143828952,0.0,1.6903023999984725,1.6391968000025372,5.081742399997893,
fashion,P2_NoRedundancy,,newdata,clean,0.2,4,0.1,1000,0.7522,0.6097817821043652,0.5553269995464957,0.012368187360177915,1.0,0.0044425098204238225,0.8724297457409954,0.0,1.7110320000028878,2.1488591999986966,10.389723100000992,
fashion,P2_NoRedundancy,,newdata,clean,0.2,4,0.15,1500,0.7618,0.611898093131496,0.5657588036490595,0.011913719401373235,1.0,0.008774732671685576,0.8565861707696402,0.0,1.7442714000026172,1.8731669000007969,15.910425599999144,
fashion,P2_NoRedundancy,,newdata,clean,0.2,4,0.2,2000,0.7677,0.6144106573321543,0.572761156690133,0.01166840538289671,1.0,0.013049672119892696,0.8544207198081455,0.0,1.4640087000007043,1.6062883999984479,20.640812800000276,
fashion,P2_NoRedundancy,,newdata,clean,0.2,4,0.3,3000,0.7794,0.6155420026618884,0.5861893754701379,0.011581195764453149,1.0,0.01723931675057656,0.8471023018153712,0.0,1.6855262999997649,1.6966704000005848,25.307440000000497,
fashion,P2_NoRedundancy,,newdata,clean,0.2,5,0.05,500,0.7212,0.5891885809376796,0.5252857498359209,0.01264170716830365,1.0,0.0017927076649171627,0.8863845887130399,0.0,2.159884200002125,1.5094839000012144,6.121822999997676,
fashion,P2_NoRedundancy,,newdata,clean,0.2,5,0.1,1000,0.7604,0.6187816435177746,0.56697213714016,0.012300848468459007,1.0,0.00441657447585701,0.87422051131841,0.0,1.9009278000012273,2.3549418000002333,12.373946600000636,
fashion,P2_NoRedundancy,,newdata,clean,0.2,5,0.15,1500,0.765,0.6157064093314437,0.5704625361733267,0.011710029962567137,1.0,0.008777612928425929,0.8576793272135362,0.0,1.6825023999990663,2.2026650000007066,18.01060999999754,
fashion,P2_NoRedundancy,,newdata,clean,0.2,5,0.2,2000,0.7724,0.6183980809329643,0.5799762076937711,0.01158955851176014,1.0,0.013035039119342067,0.8554994074089429,0.0,1.9612367000008817,1.957498100000521,23.604187900000397,
fashion,P2_NoRedundancy,,newdata,clean,0.2,5,0.3,3000,0.778,0.6113142651346878,0.5833005807245798,0.011465014048759081,1.0,0.01723098111021141,0.8484313636509935,0.001,1.4932164999991073,1.5112573000005796,27.95041819999824,
fashion,P2_NoRedundancy,,newdata,clean,0.2,6,0.05,500,0.7023,0.5669622001095731,0.499303205973961,0.01262213869558678,1.0,0.001800987249947459,0.8846731570300085,0.0,2.316415199999028,2.553447900001629,6.9734506999993755,
fashion,P2_NoRedundancy,,newdata,clean,0.2,6,0.1,1000,0.7369,0.5948616840623231,0.534665143547374,0.012237096760455745,1.0,0.004441242817394795,0.8724590788980756,0.0,1.9817373000005318,2.6375453999971796,13.429788599998574,
fashion,P2_NoRedundancy,,newdata,clean,0.2,6,0.15,1500,0.7558,0.6070776383352344,0.5596252758504922,0.011629977575171133,1.0,0.008831649707355844,0.8553021197917057,0.0,1.5521268000011332,1.9623180999988108,18.606347699998878,
fashion,P2_NoRedundancy,,newdata,clean,0.2,6,0.2,2000,0.7647,0.6113873511500055,0.5706857100002981,0.011637331831580897,1.0,0.013077878038389446,0.8539692166749803,0.0,1.5539144000031229,1.7175373999998556,23.214773399999103,
fashion,P2_NoRedundancy,,newdata,clean,0.2,6,0.3,3000,0.7759,0.6122229171798663,0.5837378536203769,0.011338686924701007,1.0,0.01726612250827972,0.8465351343397078,0.001,1.550650000001042,1.5041628999970271,27.71120179999707,
fashion,P2_NoRedundancy,,newdata,clean,0.2,7,0.05,500,0.7197,0.583840043818444,0.5198868008709597,0.012576699808447996,1.0,0.0018134067543087746,0.8837205381021378,0.0,1.6355178999983764,1.3270331999992777,5.215765300003113,
fashion,P2_NoRedundancy,,newdata,clean,0.2,7,0.1,1000,0.7487,0.6082060847074535,0.5541353705807317,0.012165828635039906,1.0,0.0044437387701816615,0.8727497648821718,0.0,1.6143538000033004,2.15045679999821,10.561574400002428,
fashion,P2_NoRedundancy,,newdata,clean,0.2,7,0.15,1500,0.7583,0.6093462268397282,0.5619899932986625,0.01185820497029282,1.0,0.00878605123789172,0.8564287276097942,0.0,1.8797813999990467,1.5246919999990496,15.470618400002422,
fashion,P2_NoRedundancy,,newdata,clean,0.2,7,0.2,2000,0.7663,0.6130459303314836,0.5719510951230996,0.011656273979437103,1.0,0.013071899594827512,0.8544934963614434,0.0,1.7046674999983225,1.4630684000003384,20.063945900001272,
fashion,P2_NoRedundancy,,newdata,clean,0.2,7,0.3,3000,0.7785,0.6148804249940487,0.5858309098117923,0.011354216837245551,1.0,0.017273007562248605,0.846399660860932,0.001,2.0094666999975743,1.3572922999992443,24.92292290000114,
fashion,P2_NoFMIS,,newdata,clean,0.0,0,0.05,500,0.721,0.5739812275166556,0.5081992910814461,0.012067527728862316,1.0,0.0018157461865867604,0.8618471120986587,0.0,9.251938900000823,1.8742720000009285,13.279720399998041,
fashion,P2_NoFMIS,,newdata,clean,0.0,0,0.1,1000,0.6734,0.5044131928023371,0.4324131623292178,0.009998684962165383,1.0,0.004533102658148086,0.8163225700938878,0.0,7.5018061999981,2.803223999999318,25.920005799998762,
fashion,P2_NoFMIS,,newdata,clean,0.0,0,0.15,1500,0.6472,0.4700292922700612,0.3922206463201498,0.006309890508222555,1.0,0.009070226557823309,0.7584833267418669,0.022,7.413270599998214,2.2148071999981767,37.44460529999924,
fashion,P2_NoFMIS,,newdata,clean,0.0,0,0.2,2000,0.6311,0.453954913884571,0.365024890997403,0.005259973069618725,1.0,0.013343506239465902,0.7457016773014822,0.002,7.550821099997847,1.6969335000030696,48.5986419999972,
fashion,P2_NoFMIS,,newdata,clean,0.0,0,0.3,3000,0.6518,0.48550433057464537,0.38454771544491667,0.006467324594095975,1.0,0.01750888181401254,0.7605931415945656,0.0,7.734415499999159,1.8294397999998182,59.663636499997665,
fashion,P2_NoFMIS,,newdata,clean,0.0,1,0.05,500,0.6981,0.5613298561596028,0.4876232041561645,0.011902446751229487,1.0,0.0018257827228115068,0.858282260303295,0.0,7.581355500002246,2.012676199999987,12.565452999999252,
fashion,P2_NoFMIS,,newdata,clean,0.0,1,0.1,1000,0.6822,0.5262134852145428,0.4507792360981674,0.009659764559400293,1.0,0.004572988153973651,0.8099274198639539,0.0,8.38844650000101,3.010340599998017,26.24479110000175,
fashion,P2_NoFMIS,,newdata,clean,0.0,1,0.15,1500,0.6778,0.5050859036547196,0.43230945115519814,0.005962977331303214,1.0,0.009128867338589535,0.7554572906610836,0.026,7.327383299998473,2.227236599999742,37.633426899999904,
fashion,P2_NoFMIS,,newdata,clean,0.0,1,0.2,2000,0.6662,0.4890134926993014,0.407700306200096,0.005097834086810953,1.0,0.013366154645725664,0.745969569598471,0.006,7.620154099997308,1.7887774999981048,48.47915220000141,
fashion,P2_NoFMIS,,newdata,clean,0.0,1,0.3,3000,0.6613,0.49244246371969996,0.3876857560099319,0.0065111198487904426,1.0,0.017514579154342853,0.7623743017322964,0.0,7.363232200001221,1.5706638999981806,59.189098200000444,
fashion,P2_NoFMIS,,newdata,clean,0.0,2,0.05,500,0.696,0.5475619809862273,0.474424403510068,0.012032411413399809,1.0,0.0018188533414077,0.8597171202155406,0.0,8.665753600002063,2.0230993000004673,12.490181900000607,
fashion,P2_NoFMIS,,newdata,clean,0.0,2,0.1,1000,0.6789,0.5137297391297543,0.443344915631192,0.010387588271606749,1.0,0.004506723280976933,0.8177759378845871,0.0,8.249305599998479,1.825292099998478,24.387598599998455,
fashion,P2_NoFMIS,,newdata,clean,0.0,2,0.15,1500,0.668,0.49332266682891307,0.41988129463326035,0.006696383640569439,1.0,0.00907876969281174,0.7640996022771314,0.0,7.807781600000453,1.935593099999096,35.51271110000016,
fashion,P2_NoFMIS,,newdata,clean,0.0,2,0.2,2000,0.6556,0.48542974721695276,0.3975557529619445,0.0056423561286791275,1.0,0.013376889989788763,0.7472913932144174,0.0,8.165611299999,1.4259442999973544,46.24591470000087,
fashion,P2_NoFMIS,,newdata,clean,0.0,2,0.3,3000,0.6671,0.5067155080046761,0.40914431248631344,0.00642548591334794,1.0,0.017547897352671732,0.7579174913151753,0.0,7.961937100000796,1.5754373999989184,57.0902145,
fashion,P2_NoFMIS,,newdata,clean,0.0,3,0.05,500,0.6839,0.5484492099119234,0.4678736562883218,0.012071911238322002,1.0,0.0018193621944685738,0.8595940808145376,0.0,7.564545900000667,1.3847547000004852,11.28501469999901,
fashion,P2_NoFMIS,,newdata,clean,0.0,3,0.1,1000,0.6726,0.5122372480833006,0.4341372837610011,0.009869937786308831,1.0,0.004542954670590124,0.8125928394818626,0.0,8.147354300002917,2.4293888000029256,23.821412999997847,
fashion,P2_NoFMIS,,newdata,clean,0.0,3,0.15,1500,0.6653,0.5016486122428122,0.4171646317366896,0.005584664793292864,1.0,0.009099221205664802,0.7549213522081827,0.032,8.282491899997694,1.6439546000001428,35.22492190000048,
fashion,P2_NoFMIS,,newdata,clean,0.0,3,0.2,2000,0.6673,0.4991150324669423,0.4145346378187001,0.005063322784161192,1.0,0.013363636010593321,0.7484576215523018,0.002,7.510726100001193,1.7658086000010371,45.874853400000575,
fashion,P2_NoFMIS,,newdata,clean,0.0,3,0.3,3000,0.6941,0.519214508207823,0.44613923211140155,0.006828598749902152,1.0,0.01748951641006239,0.7734095365999898,0.0,8.324333900000056,1.4089074000003166,56.675020499998936,
fashion,P2_NoFMIS,,newdata,clean,0.0,4,0.05,500,0.6918,0.5586461724877825,0.4764669874576953,0.012156889400811978,1.0,0.0018342035591767771,0.8543819135226064,0.0,7.9400494000001345,1.6582503999998153,11.820551400000113,
fashion,P2_NoFMIS,,newdata,clean,0.0,4,0.1,1000,0.6662,0.5162840329156052,0.42857020602372237,0.009590727962081453,1.0,0.004588727896963895,0.8020523022397497,0.0,7.147231899998587,2.3869457000000693,23.17198439999993,
fashion,P2_NoFMIS,,newdata,clean,0.0,4,0.15,1500,0.6509,0.4947734551692623,0.4018711880375531,0.005897887959833351,1.0,0.00913772047667716,0.7482692431793221,0.016,7.921393100001296,1.6728381000029913,34.27944690000004,
fashion,P2_NoFMIS,,newdata,clean,0.0,4,0.2,2000,0.6514,0.4926319492897538,0.3964233240334573,0.005411168182194931,1.0,0.013414568546176873,0.7378571552269874,0.0,8.160676600000443,1.634398299996974,45.73612339999818,
fashion,P2_NoFMIS,,newdata,clean,0.0,4,0.3,3000,0.6708,0.5055542157088075,0.4169300122625951,0.0067157558978502025,1.0,0.017540735620319152,0.7624098611285771,0.0,7.626804999999877,1.3485822000002372,55.997412499997154,
fashion,P2_NoFMIS,,newdata,clean,0.0,5,0.05,500,0.6618,0.5246009071374406,0.4332563746989447,0.01203444896160799,1.0,0.0018196624731135265,0.860175240855639,0.0,7.71793020000041,1.565023300001485,11.667621699998563,
fashion,P2_NoFMIS,,newdata,clean,0.0,5,0.1,1000,0.6592,0.5078237967581762,0.41041666577686414,0.009143631084052873,1.0,0.004693857310308778,0.8108500705148505,0.0,7.772447100000136,2.1734354000000167,23.446812999998656,
fashion,P2_NoFMIS,,newdata,clean,0.0,5,0.15,1500,0.6561,0.5007204439612953,0.39848415508908464,0.005724231963671551,1.0,0.00924951799840941,0.7627591401957177,0.03,7.7166625000027125,2.099450900001102,35.1520563999984,
fashion,P2_NoFMIS,,newdata,clean,0.0,5,0.2,2000,0.6587,0.498103241363075,0.3976607886535514,0.0052939248882945345,1.0,0.013482281716413257,0.7544564095785641,0.012,8.192421299998387,2.1244661999990058,47.36951019999833,
fashion,P2_NoFMIS,,newdata,clean,0.0,5,0.3,3000,0.6793,0.5143136415129536,0.42334978580947974,0.006567724448917882,1.0,0.01757158777432761,0.7742272488066128,0.0,7.922324000002845,1.1961166000000958,57.97690199999852,
fashion,P2_NoFMIS,,newdata,clean,0.0,6,0.05,500,0.6854,0.5469352063068672,0.4664393801377971,0.01187584344096169,1.0,0.0018352892161071878,0.8541580597120025,0.0,8.435264600000664,2.2121602000006533,12.997413699999015,
fashion,P2_NoFMIS,,newdata,clean,0.0,6,0.1,1000,0.6764,0.5306496867842841,0.43640528624056674,0.009540109928063433,1.0,0.004611217622000058,0.8065530079535171,0.0,7.587980200001766,2.594572699999844,25.084898999997677,
fashion,P2_NoFMIS,,newdata,clean,0.0,6,0.15,1500,0.6729,0.5243046206527426,0.41667163107304134,0.005792697422942667,1.0,0.009197993249278006,0.7603139064977502,0.034,7.820396600000095,1.9665889000025345,36.518603199998324,
fashion,P2_NoFMIS,,newdata,clean,0.0,6,0.2,2000,0.6726,0.5248953988595786,0.40744055867486434,0.005305713906044762,1.0,0.013452715175698031,0.7517809050906035,0.006,8.01182400000107,1.5090420999986236,47.22898939999868,
fashion,P2_NoFMIS,,newdata,clean,0.0,6,0.3,3000,0.6912,0.5417793097985383,0.42808234273315354,0.0069818989251982785,1.0,0.01756492490944536,0.7723941799527758,0.0,8.094468999999663,1.4470316000006278,58.13766349999787,
fashion,P2_NoFMIS,,newdata,clean,0.0,7,0.05,500,0.6851,0.5400952784186972,0.46365852256146944,0.01176144850086117,1.0,0.0018372191307703296,0.8540155038060268,0.0,7.983126800001628,1.2603701999978512,11.097624400001223,
fashion,P2_NoFMIS,,newdata,clean,0.0,7,0.1,1000,0.6764,0.5238134382687157,0.4383881171598295,0.009950951138092934,1.0,0.004572364414058263,0.8087765742967559,0.0,7.396670699999959,2.210682299999462,22.515481800000998,
fashion,P2_NoFMIS,,newdata,clean,0.0,7,0.15,1500,0.6638,0.5093848103154955,0.41154405933548843,0.0062155544412355705,1.0,0.009150681299959332,0.7584863977402359,0.008,7.769850099997711,2.0309001999994507,33.653937700000824,
fashion,P2_NoFMIS,,newdata,clean,0.0,7,0.2,2000,0.6741,0.516165131637697,0.4201902262943567,0.004923069801621385,1.0,0.013431405523603808,0.7485608102549713,0.0,7.609889499999554,1.4129950999995344,44.45064490000004,
fashion,P2_NoFMIS,,newdata,clean,0.0,7,0.3,3000,0.7019,0.5428702311377033,0.4546861401467022,0.006579352179470408,1.0,0.01753537093946973,0.7712689034318828,0.0,7.743211600001814,1.50120170000082,54.870118800001364,
fashion,P2_NoFMIS,,newdata,clean,0.2,0,0.05,500,0.6969,0.5383026574220255,0.47348129293642977,0.012290289676191096,1.0,0.0017932217914697283,0.8710504951311143,0.0,7.5949938999983715,1.6316135000015493,11.316539700001158,
fashion,P2_NoFMIS,,newdata,clean,0.2,0,0.1,1000,0.6814,0.49955666128613274,0.4445113327597198,0.011332934585007275,1.0,0.004405012811785717,0.8432218385285299,0.0,7.86464100000012,1.879272399997717,22.997509900000296,
fashion,P2_NoFMIS,,newdata,clean,0.2,0,0.15,1500,0.6552,0.4573911870926568,0.40460145443020024,0.009648102734886642,1.0,0.008733028759922627,0.8093071483956487,0.0,7.62170839999817,1.7696003999990353,33.869724100000894,
fashion,P2_NoFMIS,,newdata,clean,0.2,0,0.2,2000,0.6354,0.43094684729543625,0.3761891641341978,0.00904110289759619,1.0,0.012949311498746292,0.7986347041707426,0.0,7.3639275999994425,1.4282712000022002,44.00074659999882,
fashion,P2_NoFMIS,,newdata,clean,0.2,0,0.3,3000,0.6187,0.40961259030647035,0.3518456086056393,0.009458396873765179,1.0,0.017115006861685295,0.8049457766277277,0.0,7.57726460000049,1.3453243999974802,54.21277289999853,
fashion,P2_NoFMIS,,newdata,clean,0.2,1,0.05,500,0.6756,0.5196630381255168,0.44815933423814636,0.01238098957135914,1.0,0.0018014450241556723,0.8680251842809368,0.0,7.580349699997896,1.7841807999975572,11.23352590000286,
fashion,P2_NoFMIS,,newdata,clean,0.2,1,0.1,1000,0.6621,0.48273167909634673,0.41866483370573354,0.010998241316065945,1.0,0.004422785356478378,0.8358910647637008,0.0,9.136015699998097,2.242186600000423,24.254606599999534,
fashion,P2_NoFMIS,,newdata,clean,0.2,1,0.15,1500,0.6463,0.4556730007737577,0.3915567513120495,0.009367473442064995,1.0,0.008775652439894628,0.8007101113069375,0.0,7.624754099997517,1.4127098000026308,34.5374996999999,
fashion,P2_NoFMIS,,newdata,clean,0.2,1,0.2,2000,0.6367,0.4361888111216288,0.37290269524028913,0.008644426531405004,1.0,0.012990499199790775,0.7919771995871699,0.0,7.289464900000894,1.1734580999982427,44.32749540000077,
fashion,P2_NoFMIS,,newdata,clean,0.2,1,0.3,3000,0.6285,0.42596003928800963,0.356757071007956,0.009360774090238643,1.0,0.017144196149876723,0.8024106619920433,0.0,6.376898999998957,1.5389972999983002,53.77496819999942,
fashion,P2_NoFMIS,,newdata,clean,0.2,2,0.05,500,0.6794,0.5295649548977492,0.462016805646054,0.012422456834795436,1.0,0.0017913137581263257,0.8722878185503563,0.0,8.27086920000147,1.5490062999997463,11.918931299998803,
fashion,P2_NoFMIS,,newdata,clean,0.2,2,0.1,1000,0.6648,0.4884370735669906,0.42566465491189404,0.011466181045015542,1.0,0.004383942575289981,0.8455883824257696,0.0,7.981562399996619,1.5016432999982499,22.924573999996937,
fashion,P2_NoFMIS,,newdata,clean,0.2,2,0.15,1500,0.6537,0.4632539172121658,0.4034800933859033,0.00952126157377289,1.0,0.00874630150309346,0.8089872528552974,0.0,7.612906800000928,1.673521000000619,33.621515299997554,
fashion,P2_NoFMIS,,newdata,clean,0.2,2,0.2,2000,0.636,0.4337421868728512,0.3726830417855133,0.008913461318475705,1.0,0.013004215280322189,0.7940424961100169,0.0,7.303957600001013,1.4979084000005969,43.57558099999733,
fashion,P2_NoFMIS,,newdata,clean,0.2,2,0.3,3000,0.6231,0.4102259185972053,0.35043269637594554,0.009243910357473031,1.0,0.01715957479330212,0.8001647027806434,0.0,7.844127500000468,1.0450455999998667,53.54350929999782,
fashion,P2_NoFMIS,,newdata,clean,0.2,3,0.05,500,0.6639,0.5149194374289326,0.4341691196761205,0.012429865450399757,1.0,0.001789362489608805,0.8711540592592731,0.0,8.26511870000104,1.2570984000012686,11.08034140000018,
fashion,P2_NoFMIS,,newdata,clean,0.2,3,0.1,1000,0.6559,0.4832533504304866,0.41198659662614234,0.011740257953478278,1.0,0.004366905139816613,0.8459685615758074,0.0,6.471727499996632,1.3757347999999183,20.438542799998686,
fashion,P2_NoFMIS,,newdata,clean,0.2,3,0.15,1500,0.6386,0.4555580232433914,0.3853341268850299,0.009723339584017441,1.0,0.008704406092923216,0.8072696201408842,0.0,8.200578200001473,1.8786007999988215,31.875248699998338,
fashion,P2_NoFMIS,,newdata,clean,0.2,3,0.2,2000,0.6309,0.4397180845583703,0.37268963847000935,0.008379454760406897,1.0,0.012984146837346961,0.7914455417416714,0.0,7.631166900002427,1.3939957000002323,42.233420799999294,
fashion,P2_NoFMIS,,newdata,clean,0.2,3,0.3,3000,0.6389,0.4379884876144759,0.3783396060084792,0.009445162985989715,1.0,0.01714802320410264,0.8028308348175756,0.0,7.861242399998446,0.9528062999997928,51.92582129999937,
fashion,P2_NoFMIS,,newdata,clean,0.2,4,0.05,500,0.6927,0.5474603927718605,0.47304816292267227,0.01222778642690457,1.0,0.00180407923914854,0.8666336120307047,0.0,8.476045399998839,1.5844161999993958,12.035412199998973,
fashion,P2_NoFMIS,,newdata,clean,0.2,4,0.1,1000,0.6703,0.5013018606674375,0.4317703611458769,0.011436390241752742,1.0,0.0044082543222874635,0.8382664301850139,0.0,7.970893500001694,1.84908440000072,23.20951409999907,
fashion,P2_NoFMIS,,newdata,clean,0.2,4,0.15,1500,0.6468,0.4620337819726108,0.3951135509194809,0.00963420362866971,1.0,0.008753300727550768,0.804114408916541,0.0,7.634968599999411,1.4623556999977154,33.57280929999979,
fashion,P2_NoFMIS,,newdata,clean,0.2,4,0.2,2000,0.6335,0.4415209569670732,0.37571959362418933,0.008892949703082832,1.0,0.012994262269933847,0.7910098373227431,0.0,7.35871810000026,1.4015220000001136,43.632718799999566,
fashion,P2_NoFMIS,,newdata,clean,0.2,4,0.3,3000,0.6334,0.42829083865800416,0.3704530810279954,0.009142085395144271,1.0,0.017159584069413137,0.8006923330413452,0.0,6.928813999998965,1.2755999000000884,53.18553310000061,
fashion,P2_NoFMIS,,newdata,clean,0.2,5,0.05,500,0.6311,0.5044431011371214,0.4157695494445037,0.012413602618949096,1.0,0.0017927076649171627,0.8721072099842504,0.0,8.16297620000114,1.4838658999979089,11.913169100000232,
fashion,P2_NoFMIS,,newdata,clean,0.2,5,0.1,1000,0.643,0.48421485260723707,0.40436481534647867,0.010807385087313876,1.0,0.004510325351342824,0.8435579588830381,0.0,6.114243600000918,1.9300237000024936,21.28805730000022,
fashion,P2_NoFMIS,,newdata,clean,0.2,5,0.15,1500,0.6463,0.46938833708261896,0.39651729451954276,0.008861770318131252,1.0,0.008870745125098726,0.8178666602542883,0.0,6.167856200001552,1.5263970999985759,29.979950900000404,
fashion,P2_NoFMIS,,newdata,clean,0.2,5,0.2,2000,0.6437,0.45506303837240475,0.3863004481423513,0.008057171168173486,1.0,0.013067175294125648,0.8053155368697114,0.0,5.9854641999991145,1.4103401000029407,38.37358940000195,
fashion,P2_NoFMIS,,newdata,clean,0.2,5,0.3,3000,0.6525,0.4487471747906978,0.38931494034517383,0.009380030700276976,1.0,0.0171735102855808,0.8168913873785365,0.0,5.991032800000539,1.2805098999997426,46.51442400000087,
fashion,P2_NoFMIS,,newdata,clean,0.2,6,0.05,500,0.659,0.5088227574764208,0.4333142337212335,0.012172737716503084,1.0,0.001800987249947459,0.8666786448663863,0.0,6.27655710000181,1.4533154999990074,9.521494299999176,
fashion,P2_NoFMIS,,newdata,clean,0.2,6,0.1,1000,0.6442,0.4812407130933149,0.4005316785780945,0.011120261209333085,1.0,0.0044343312574444075,0.8343320892579947,0.0,6.614573399998335,1.8020548000022245,19.74013180000111,
fashion,P2_NoFMIS,,newdata,clean,0.2,6,0.15,1500,0.6402,0.46465077051773457,0.3813082172609142,0.009011539716142056,1.0,0.008836397487246378,0.8038024457432213,0.0,6.677940100002161,1.5572710000014922,29.015918299999612,
fashion,P2_NoFMIS,,newdata,clean,0.2,6,0.2,2000,0.6421,0.4573191503302603,0.37532407907688425,0.008444139911399345,1.0,0.013089570842216895,0.7991424931643774,0.0,6.1364401999999245,1.2487035999984073,37.51972039999964,
fashion,P2_NoFMIS,,newdata,clean,0.2,6,0.3,3000,0.6567,0.46203240539191076,0.39078230891939897,0.00914438704668272,1.0,0.017223940002240132,0.8093974524688977,0.0,6.199372200000653,1.0157282999971358,45.59266900000148,
fashion,P2_NoFMIS,,newdata,clean,0.2,7,0.05,500,0.6503,0.5038153056270291,0.4286246929342689,0.012048635795981533,1.0,0.0018134067543087746,0.8633087189266142,0.0,6.3030013000025065,1.2840926999997464,8.934499099999812,
fashion,P2_NoFMIS,,newdata,clean,0.2,7,0.1,1000,0.6662,0.49931055814942205,0.4313434288362175,0.01115923628872122,1.0,0.004410839233811478,0.8394420782848008,0.0,6.159268899999006,1.3548287000012351,17.885194299997238,
fashion,P2_NoFMIS,,newdata,clean,0.2,7,0.15,1500,0.6511,0.47168825650059376,0.402164690031972,0.009587853575685784,1.0,0.008765884702029528,0.807948164404053,0.0,6.712542200002645,1.5611318000010215,27.48968109999987,
fashion,P2_NoFMIS,,newdata,clean,0.2,7,0.2,2000,0.6475,0.4572988329646109,0.3911806501978762,0.008579541230954958,1.0,0.013019563763358406,0.795604157613148,0.0,6.708352599998761,1.4965588000013668,37.283209199998964,
fashion,P2_NoFMIS,,newdata,clean,0.2,7,0.3,3000,0.6492,0.4456719326962512,0.38682490402297537,0.009448023755344096,1.0,0.017162206625539533,0.805948112362166,0.0,8.05670739999914,1.147804599997471,47.58191959999749,
fashion,P2_NoBlock,,newdata,clean,0.0,0,0.05,500,0.6982,0.5501043824085363,0.4776694432393587,0.01174285629539597,1.0,0.0018157461865867604,0.8456003427337635,0.0,7.241838800000551,1.7083824000001187,10.485791700000846,
fashion,P2_NoBlock,,newdata,clean,0.0,0,0.1,1000,0.6761,0.5097323981755715,0.43413279247793285,0.006545771754278371,1.0,0.0046661725029127805,0.7604378749209274,0.01,7.86026110000239,1.7767858000006527,21.498403199999302,
fashion,P2_NoBlock,,newdata,clean,0.0,0,0.15,1500,0.6475,0.4724168620260973,0.38120977427620595,0.00783618031437566,1.0,0.008881951606291185,0.7740430575362196,0.0,7.938569099998858,1.5006906000016897,32.7799339000012,
fashion,P2_NoBlock,,newdata,clean,0.0,0,0.2,2000,0.6299,0.46138829435844286,0.3465731773658295,0.007250462613722551,1.0,0.013147675576158577,0.7693062792019623,0.0,8.47855470000286,1.7682210999992094,44.5609054000015,
fashion,P2_NoBlock,,newdata,clean,0.0,0,0.3,3000,0.646,0.491165745370751,0.3532706648382348,0.008186278477609058,1.0,0.01731634158445225,0.7953564785168779,0.0,8.012447200002498,1.2264334999999846,55.21118750000096,
fashion,P2_NoBlock,,newdata,clean,0.0,1,0.05,500,0.6858,0.5432428456651334,0.46729804572480277,0.011550356014594733,1.0,0.0018257827228115068,0.8409422637411353,0.0,8.44568700000309,1.9844102999995812,11.879146400002355,
fashion,P2_NoBlock,,newdata,clean,0.0,1,0.1,1000,0.6677,0.5082647974280349,0.43022078170849787,0.007086675204630294,1.0,0.004649100817675915,0.7673386031448824,0.004,7.893986299997778,1.8276087000012922,23.145281400000385,
fashion,P2_NoBlock,,newdata,clean,0.0,1,0.15,1500,0.6557,0.48405587201713346,0.3977552202052484,0.006703180061831645,1.0,0.008964822464709778,0.758621066892226,0.0,8.07151939999676,1.6382104000003892,34.25882620000266,
fashion,P2_NoBlock,,newdata,clean,0.0,1,0.2,2000,0.6443,0.4711711842740314,0.3687296981656844,0.007384645471448143,1.0,0.013198868504817302,0.7695887502431349,0.0,7.4374783000021125,1.0652813000015158,43.99675510000088,
fashion,P2_NoBlock,,newdata,clean,0.0,1,0.3,3000,0.6529,0.49944027320042567,0.3543456399863691,0.007550660555887435,1.0,0.017373389473624958,0.7912716867761699,0.0,6.988162799996644,1.010882099999435,53.29891960000168,
fashion,P2_NoBlock,,newdata,clean,0.0,2,0.05,500,0.7017,0.551736200231545,0.4831967411152197,0.011687751345584628,1.0,0.0018188533414077,0.8457361243854108,0.0,7.564590699999826,1.652286800002912,10.831842299998243,
fashion,P2_NoBlock,,newdata,clean,0.0,2,0.1,1000,0.6875,0.5305326173832298,0.4561759474761878,0.007783265666010606,1.0,0.004598244752695855,0.7682507461690157,0.0,7.624482100000023,1.7963617999994312,21.311161199999333,
fashion,P2_NoBlock,,newdata,clean,0.0,2,0.15,1500,0.6921,0.529184613376534,0.45659276623226935,0.0069832934533692916,1.0,0.008929411502936765,0.7641615369092198,0.0,7.592315800000506,1.3865599999990081,31.62642699999924,
fashion,P2_NoBlock,,newdata,clean,0.0,2,0.2,2000,0.689,0.5153003716275021,0.44123992564552006,0.008588564046902145,1.0,0.013063315417038627,0.7937056210303154,0.0,7.213264199999685,1.328341399999772,41.74118029999954,
fashion,P2_NoBlock,,newdata,clean,0.0,2,0.3,3000,0.698,0.5374650082160057,0.44925125992031856,0.008882674456619178,1.0,0.017224569513990116,0.810118468903738,0.0,7.451055199999246,1.2112895000027493,51.90851819999807,
fashion,P2_NoBlock,,newdata,clean,0.0,3,0.05,500,0.6835,0.5504847788389312,0.4654805445862828,0.011872812878634457,1.0,0.0018193621944685738,0.8448814505567952,0.0,7.24096969999664,1.184997199998179,10.217857299998286,
fashion,P2_NoBlock,,newdata,clean,0.0,3,0.1,1000,0.6722,0.5274721460232726,0.4389632133580294,0.00609548271395047,1.0,0.004698438625490391,0.7442144352477703,0.016,7.983210800000961,2.172608199998649,21.72586379999848,
fashion,P2_NoBlock,,newdata,clean,0.0,3,0.15,1500,0.675,0.5195010715950521,0.4279877341018935,0.006896330211864791,1.0,0.008925848639909926,0.7688100950429768,0.0,7.803479599999264,1.1420858999990742,31.753380899997865,
fashion,P2_NoBlock,,newdata,clean,0.0,3,0.2,2000,0.6646,0.5020734246868734,0.3984829464722557,0.008445480689972647,1.0,0.013074232170242549,0.7950431798029124,0.0,7.896297400002368,1.2954514999983076,42.31428269999742,
fashion,P2_NoBlock,,newdata,clean,0.0,3,0.3,3000,0.6769,0.5180114742766762,0.3977066209727497,0.008449329120348138,1.0,0.0172797553804539,0.7985766232202316,0.0,7.581073000001197,1.6645042999989528,52.98051339999802,
fashion,P2_NoBlock,,newdata,clean,0.0,4,0.05,500,0.7051,0.5764014818122193,0.49399619747863976,0.011538345866765732,1.0,0.0018342035591767771,0.8370509932865987,0.0,7.701851900001202,1.7974521999967692,11.134742199999891,
fashion,P2_NoBlock,,newdata,clean,0.0,4,0.1,1000,0.6929,0.5520745107758334,0.4722541016351715,0.0072874944824625025,1.0,0.004639850061003332,0.7657700622439745,0.0,7.35145040000134,1.5806550000015704,21.548328400000173,
fashion,P2_NoBlock,,newdata,clean,0.0,4,0.15,1500,0.6866,0.5342460785782804,0.4552122171741044,0.008010899083771787,1.0,0.00888862849275993,0.7698699449276147,0.0,7.359796599997935,1.545249500002683,31.919966500001465,
fashion,P2_NoBlock,,newdata,clean,0.0,4,0.2,2000,0.6835,0.5228526597657417,0.44224206327270094,0.00737260804318508,1.0,0.013128076616030774,0.7682071993211196,0.0,7.942803099998855,1.3790945000000647,42.65663510000013,
fashion,P2_NoBlock,,newdata,clean,0.0,4,0.3,3000,0.6998,0.5417962182166802,0.4515772169542465,0.008623131084928532,1.0,0.017268519612770303,0.8029112394613234,0.0,7.593668900000921,1.3559222000003501,53.33859980000125,
fashion,P2_NoBlock,,newdata,clean,0.0,5,0.05,500,0.6457,0.5169503535242693,0.4188950947843558,0.011707320085869062,1.0,0.0018196624731135265,0.8457102321495505,0.0,7.59902289999809,1.5507852000009734,10.790394899999228,
fashion,P2_NoBlock,,newdata,clean,0.0,5,0.1,1000,0.6262,0.4743234993483689,0.3684926706166061,0.0065200189276385725,1.0,0.004693590364440363,0.746291688810189,0.0,7.514132099997369,1.8058197000027576,21.820108100000652,
fashion,P2_NoBlock,,newdata,clean,0.0,5,0.15,1500,0.6096,0.4511862228659725,0.3387091504920966,0.0057707651142847975,1.0,0.009055253877255576,0.7407554950713302,0.0,7.503079699999944,1.5960979999981646,32.50370699999985,
fashion,P2_NoBlock,,newdata,clean,0.0,5,0.2,2000,0.6154,0.44997921185005196,0.33932187919319373,0.00627859130551442,1.0,0.013285915641313668,0.7633124562529805,0.0,7.652485399998113,1.7543033000001742,43.561688999998296,
fashion,P2_NoBlock,,newdata,clean,0.0,5,0.3,3000,0.6692,0.4916324259642411,0.4082089151589285,0.008313301171663883,1.0,0.017364146352588365,0.8105245025074475,0.0,8.077400899997883,1.5771435999995447,54.68643940000038,
fashion,P2_NoBlock,,newdata,clean,0.0,6,0.05,500,0.6721,0.5296488339670795,0.450046636454133,0.011574499633004427,1.0,0.0018352892161071878,0.835275362381499,0.0,7.652099900002213,1.406747600001836,10.830987100001948,
fashion,P2_NoBlock,,newdata,clean,0.0,6,0.1,1000,0.6534,0.5001734027381556,0.40837813603978423,0.005530085028781886,1.0,0.004738746754979905,0.7364532265251724,0.012,7.73878490000061,1.8556614000008267,21.79437830000097,
fashion,P2_NoBlock,,newdata,clean,0.0,6,0.15,1500,0.6421,0.4853858753809309,0.39015357059925604,0.006619963198077914,1.0,0.00900530692229766,0.7563372412231784,0.0,7.699366500000906,1.6032263999986753,32.53072450000036,
fashion,P2_NoBlock,,newdata,clean,0.0,6,0.2,2000,0.6345,0.4787504778085203,0.3771590305668266,0.007897087667854968,1.0,0.013154139970548656,0.7865624138662054,0.0,7.149083700001938,1.530686299996887,42.78517590000047,
fashion,P2_NoBlock,,newdata,clean,0.0,6,0.3,3000,0.6388,0.4861321904488442,0.3560520659003796,0.008361263600868573,1.0,0.017318506859634195,0.7997182190311812,0.0,7.179050800001278,1.7836443000014697,52.902305499999784,
fashion,P2_NoBlock,,newdata,clean,0.0,7,0.05,500,0.6729,0.5304738315849852,0.4495003555537122,0.011345708063842259,1.0,0.0018372191307703296,0.8352594834468026,0.0,7.9161206999997376,1.5579427000011492,10.998401499997271,
fashion,P2_NoBlock,,newdata,clean,0.0,7,0.1,1000,0.6543,0.4997285789095135,0.41443989998978614,0.006618544704496923,1.0,0.0046861099874550005,0.7523796637566663,0.0,7.915256299998873,1.5256337000027997,21.87560559999838,
fashion,P2_NoBlock,,newdata,clean,0.0,7,0.15,1500,0.6557,0.4867125862691553,0.4056459772643405,0.006574192318290572,1.0,0.009006110191199526,0.7518727100623208,0.0,7.627865700000257,1.199276600000303,32.058694999999716,
fashion,P2_NoBlock,,newdata,clean,0.0,7,0.2,2000,0.6716,0.49740974910156077,0.4179781360414648,0.008094177357673968,1.0,0.013133712935367104,0.7887940182866641,0.0,7.123704999998154,1.321749099999579,41.95837589999792,
fashion,P2_NoBlock,,newdata,clean,0.0,7,0.3,3000,0.6939,0.5388518218122738,0.4428176690054069,0.009000625012202605,1.0,0.017229813033465824,0.8189641264680915,0.0,7.717804399999295,1.4118292999992264,52.47452490000069,
fashion,P2_NoBlock,,newdata,clean,0.2,0,0.05,500,0.6497,0.48910735635454716,0.4153046841577787,0.012239053341510507,1.0,0.0017932217914697283,0.8582030370541626,0.0,7.090872000000672,1.3788363999992725,9.932205000000977,
fashion,P2_NoBlock,,newdata,clean,0.2,0,0.1,1000,0.6427,0.4556449698305003,0.38967272005375886,0.009405545528128676,1.0,0.004482760827180719,0.8001080093827367,0.0,7.61081109999941,1.544529999999213,20.237598299998353,
fashion,P2_NoBlock,,newdata,clean,0.2,0,0.15,1500,0.6175,0.41660738755044135,0.35155269595131466,0.009298221118146344,1.0,0.008712314938988797,0.8043401093883603,0.0,7.699788400001125,1.115313000002061,30.108600399998977,
fashion,P2_NoBlock,,newdata,clean,0.2,0,0.2,2000,0.6168,0.4124979750865032,0.3485443851921775,0.009975267295079974,1.0,0.012868992088150509,0.8239302693332072,0.0,7.828599899999972,1.1872823999983666,40.31866439999794,
fashion,P2_NoBlock,,newdata,clean,0.2,0,0.3,3000,0.6254,0.42421639375297915,0.3542707540433495,0.010288835697981643,1.0,0.017029504242112546,0.8366688555170136,0.0,7.136555199998838,1.1770848000014666,49.729893199997605,
fashion,P2_NoBlock,,newdata,clean,0.2,1,0.05,500,0.6523,0.4894222063791106,0.4218094166034434,0.012091360726823932,1.0,0.0018014450241556723,0.8556275234909693,0.0,7.8786440000003495,1.502586099999462,10.898853299997427,
fashion,P2_NoBlock,,newdata,clean,0.2,1,0.1,1000,0.6379,0.4640594911169542,0.39629004457283873,0.009001691160772582,1.0,0.004494832890753846,0.797688347562944,0.0,7.508061000000453,1.7130613999979687,21.3153465999967,
fashion,P2_NoBlock,,newdata,clean,0.2,1,0.15,1500,0.6237,0.4404564188408516,0.37098162678540936,0.009249422538678501,1.0,0.008740249631645113,0.8000261266826947,0.0,7.940133899999637,1.3997054999999818,31.68574129999979,
fashion,P2_NoBlock,,newdata,clean,0.2,1,0.2,2000,0.6102,0.4195572925096326,0.34423156997193843,0.009375096594944494,1.0,0.012908920419162516,0.8082686998927306,0.0,7.809357699999964,1.3878939999995055,42.172349499996926,
fashion,P2_NoBlock,,newdata,clean,0.2,1,0.3,3000,0.613,0.4125550694001681,0.3355507762403504,0.009872465418369985,1.0,0.017094062618668568,0.8197159207603902,0.0,7.854195899999468,1.366836199998943,52.53600799999913,
fashion,P2_NoBlock,,newdata,clean,0.2,2,0.05,500,0.6662,0.5042241416228118,0.44412252137136293,0.012465577570701662,1.0,0.0017913137581263257,0.8656661182981713,0.0,7.995399200000975,1.4085992999971495,10.828555399999459,
fashion,P2_NoBlock,,newdata,clean,0.2,2,0.1,1000,0.6474,0.4702806863131271,0.4035285675449234,0.010427003532357742,1.0,0.00442796984119379,0.8121592856183185,0.0,7.214595399997052,1.5665592000004835,20.826696000000084,
fashion,P2_NoBlock,,newdata,clean,0.2,2,0.15,1500,0.6316,0.44340571625694736,0.37436497374044536,0.008365137596915095,1.0,0.008779665174498717,0.7847616172720384,0.0,7.606382400001166,1.2680182000003697,30.647959800000535,
fashion,P2_NoBlock,,newdata,clean,0.2,2,0.2,2000,0.6264,0.4349620809745704,0.36282015051763944,0.009629187955436923,1.0,0.012916386934392444,0.8148507552581696,0.0,7.52710080000179,1.3561086999980034,40.57239480000135,
fashion,P2_NoBlock,,newdata,clean,0.2,2,0.3,3000,0.6134,0.41418924951114694,0.3388561540009763,0.010293023585072118,1.0,0.017046650939843106,0.8321319206595877,0.0,7.605203899998742,0.8928386999978102,50.317167000001064,
fashion,P2_NoBlock,,newdata,clean,0.2,3,0.05,500,0.6552,0.5110852086881161,0.42541272451225254,0.012380287719240768,1.0,0.001789362489608805,0.8653424688378886,0.0,7.571399600001314,1.112775400000828,10.071027699999831,
fashion,P2_NoBlock,,newdata,clean,0.2,3,0.1,1000,0.6313,0.4695926069895875,0.3840254879561953,0.010374899063852402,1.0,0.004416842252829893,0.8099908308467737,0.0,7.551176200002374,1.3789645999968343,20.223165499999595,
fashion,P2_NoBlock,,newdata,clean,0.2,3,0.15,1500,0.6219,0.44443303503141873,0.3627101022020032,0.008642620026199001,1.0,0.00876587246340722,0.7879312504966322,0.0,7.352292200001102,1.1609500000013213,30.074332799998956,
fashion,P2_NoBlock,,newdata,clean,0.2,3,0.2,2000,0.6124,0.4217069402331726,0.34065950211845303,0.009399607339961369,1.0,0.012899256989667797,0.8111869681957088,0.0,7.594169500000135,1.169684899999993,40.02305459999843,
fashion,P2_NoBlock,,newdata,clean,0.2,3,0.3,3000,0.6208,0.4153526803498641,0.34207383466214325,0.010152307053416064,1.0,0.01705619872815664,0.8273073130107144,0.0,7.512064500002452,0.8338406000002578,49.0713270999986,
fashion,P2_NoBlock,,newdata,clean,0.2,4,0.05,500,0.6553,0.5232076812819594,0.4341957273043328,0.011966161742971243,1.0,0.00180407923914854,0.8524835763133725,0.0,7.203361899999436,1.5922248999995645,10.53565709999748,
fashion,P2_NoBlock,,newdata,clean,0.2,4,0.1,1000,0.6297,0.4797586934122796,0.39490941889905884,0.008219222902469589,1.0,0.004540704808905764,0.7857191930185724,0.0,8.747460599999613,1.3557531000005838,21.962164599997777,
fashion,P2_NoBlock,,newdata,clean,0.2,4,0.15,1500,0.6158,0.4477718598179016,0.36570657258187417,0.009036739826665972,1.0,0.008753789363708122,0.7976905590524264,0.0,7.754363999996713,1.293030799999542,32.10557599999811,
fashion,P2_NoBlock,,newdata,clean,0.2,4,0.2,2000,0.6193,0.4349890713331521,0.35953586287804556,0.009296719016797649,1.0,0.012960347322651132,0.8033568091522987,0.0,7.696557100000064,1.3519520000008924,42.32306629999948,
fashion,P2_NoBlock,,newdata,clean,0.2,4,0.3,3000,0.6354,0.4322226997980939,0.3652924135329742,0.009852851156091812,1.0,0.01711808415746147,0.8242585164342713,0.0,7.647761200001696,1.0313771000000997,52.09724909999932,
fashion,P2_NoBlock,,newdata,clean,0.2,5,0.05,500,0.5908,0.4806603678975463,0.3858780224311885,0.012175319382302058,1.0,0.0017927076649171627,0.8618572400759645,0.0,8.020901100000629,1.3952998999993724,11.113208300001133,
fashion,P2_NoBlock,,newdata,clean,0.2,5,0.1,1000,0.5601,0.425850806161036,0.325775836258261,0.00869905396832813,1.0,0.004541617576857174,0.7780534393966977,0.0,7.259076800000912,1.8634902999983751,21.767524999999296,
fashion,P2_NoBlock,,newdata,clean,0.2,5,0.15,1500,0.5563,0.38719608175633735,0.29543986776935677,0.0075260088046350156,1.0,0.008854228508923787,0.7704280732272212,0.0,7.936041199998726,1.3633172000008926,32.30931640000199,
fashion,P2_NoBlock,,newdata,clean,0.2,5,0.2,2000,0.5606,0.37489135803877977,0.2910496825507595,0.008899924166648724,1.0,0.013008750688370173,0.804187975614272,0.0,7.72173710000061,1.1586387999996077,42.07765890000155,
fashion,P2_NoBlock,,newdata,clean,0.2,5,0.3,3000,0.6095,0.3917012339182856,0.3286270716299993,0.009499488238050365,1.0,0.0171304598744056,0.8344197370400916,0.0,7.851829600000201,0.9915290000026289,51.90728450000097,
fashion,P2_NoBlock,,newdata,clean,0.2,6,0.05,500,0.6434,0.4834299134889082,0.40801993504028844,0.011909368831678924,1.0,0.001800987249947459,0.8534595531438481,0.0,7.877502800001821,1.3584044999988691,11.025110499998846,
fashion,P2_NoBlock,,newdata,clean,0.2,6,0.1,1000,0.6098,0.43432590888035255,0.3581434317506284,0.007799251424894805,1.0,0.0045633391668898765,0.7733334660039136,0.0,8.0102009000002,1.9318347000007634,22.154342299996642,
fashion,P2_NoBlock,,newdata,clean,0.2,6,0.15,1500,0.6131,0.4177657717549073,0.35160779869616243,0.008222024988718317,1.0,0.00880660759775911,0.7903557658773699,0.0,7.245861200000945,1.1932718999996723,31.8229560999971,
fashion,P2_NoBlock,,newdata,clean,0.2,6,0.2,2000,0.5989,0.4001815971181116,0.33114420480489404,0.009885492133709893,1.0,0.012933103038345394,0.8252816771647826,0.0,7.508734700000787,1.2284545000002254,41.91838799999823,
fashion,P2_NoBlock,,newdata,clean,0.2,6,0.3,3000,0.5978,0.4010085711188553,0.32008176702669777,0.009994681555284378,1.0,0.017076953756605763,0.8267819711686653,0.0,7.566751399997884,1.194935200001055,51.76590849999775,
fashion,P2_NoBlock,,newdata,clean,0.2,7,0.05,500,0.6155,0.46090254944091813,0.3770124335735754,0.011875767807043292,1.0,0.0018134067543087746,0.8451726861953864,0.0,7.29527230000167,1.4638171999977203,10.25735679999707,
fashion,P2_NoBlock,,newdata,clean,0.2,7,0.1,1000,0.5935,0.42373531531644504,0.3398179429444193,0.00828323961446276,1.0,0.004546670416819632,0.7784008939083892,0.0,7.400267699998949,1.4100275999990117,20.387496600000304,
fashion,P2_NoBlock,,newdata,clean,0.2,7,0.15,1500,0.5867,0.39423543568266245,0.32215996680180475,0.008056075699996335,1.0,0.008829665433427118,0.7812887446102954,0.0,7.4091259999986505,1.097544399999606,30.44314399999712,
fashion,P2_NoBlock,,newdata,clean,0.2,7,0.2,2000,0.5982,0.3877830826997235,0.32027951543456845,0.009371465485419112,1.0,0.012951723232511115,0.8155690911798753,0.0,7.576284599999781,1.348589399996854,40.26784409999891,
fashion,P2_NoBlock,,newdata,clean,0.2,7,0.3,3000,0.6403,0.42787765219118973,0.3671085387553886,0.010190878902543759,1.0,0.01705188920581807,0.8451555169143288,0.0,7.271141400000488,1.1452272000024095,49.768755999997666,
