dataset,method,ablation,study,expert,eta,seed,budget_frac,budget_count,ACC,NMI,ARI,zeta_t,kappa,delta_mis_proxy,sel_boundary_margin,argmax_retention,sel_time,retrain_time,total_time,error
usps,P2_Full,,newdata,clean,0.0,4,0.05,464,0.6405678640567865,0.5692537193146378,0.4890034202599425,-0.05131174167369674,1.0,0.019612974930908206,0.36515570771096,0.6021505376344086,3.3594159000022046,3.8598787000009906,10.736404399998719,
usps,P2_Full,,newdata,clean,0.0,4,0.1,929,0.7495160249516025,0.6235897050938205,0.5741885313869342,-0.03890035283679368,1.0,0.02130800543094186,0.41917805104486405,0.5806451612903226,4.409745900000416,3.286732699998538,21.977431600000273,
usps,P2_Full,,newdata,clean,0.0,4,0.15,1394,0.7712411271241127,0.6379406285970219,0.597880578857032,-0.030688652565418924,1.0,0.023479448494642844,0.43920868090403975,0.5634408602150538,4.0606872999996995,4.605563699999038,34.53338779999831,
usps,P2_Full,,newdata,clean,0.0,4,0.2,1859,0.7830716283071628,0.6469539909000603,0.6134558429305094,-0.03115417807230369,1.0,0.026549151590135614,0.44847473548625105,0.5526881720430108,3.8367052000030526,4.301427800000965,46.60979489999954,
usps,P2_Full,,newdata,clean,0.0,4,0.3,2789,0.800172080017208,0.6638996398906908,0.638600837711206,-0.02808140381930575,1.0,0.029632336143988205,0.47585251310499765,0.4924731182795699,4.351119299997663,4.136112199998024,60.83086209999965,
usps,P2_Full,,newdata,clean,0.0,5,0.05,464,0.609378360937836,0.5747315852686447,0.4680047906916091,-0.04177365976997501,1.0,0.02004011824365916,0.39801854031380784,0.5555555555555556,4.984351899998728,3.7130509999988135,14.031733499999973,
usps,P2_Full,,newdata,clean,0.0,5,0.1,929,0.7607012260701226,0.6267795065594626,0.5843606762986098,-0.04417650174963894,1.0,0.02087927967009783,0.3851850330028483,0.6408602150537634,4.334671599997819,3.716444699999556,25.638818000003084,
usps,P2_Full,,newdata,clean,0.0,5,0.15,1394,0.7776941277694128,0.6398445272943538,0.6051936035244856,-0.03368614072775934,1.0,0.023934186818633185,0.42839514018707375,0.5591397849462365,3.4228428000023996,3.932127300002321,37.05835940000179,
usps,P2_Full,,newdata,clean,0.0,5,0.2,1859,0.7874811787481178,0.6476916445584909,0.6194151549046121,-0.03164207047283015,1.0,0.026924188248040767,0.444729956071223,0.5483870967741935,4.1858461999981955,3.913788599998952,49.67603919999965,
usps,P2_Full,,newdata,clean,0.0,5,0.3,2789,0.8063024306302431,0.6684232621202638,0.6472386374823375,-0.027336978255148896,1.0,0.02984370548574704,0.4734641068965517,0.5172043010752688,3.5938540999995894,3.827801499999623,61.6069150000003,
usps,P2_Full,,newdata,clean,0.0,6,0.05,464,0.6420735642073564,0.5703356647215838,0.49866767688106134,-0.04051588822922212,1.0,0.019436359425256667,0.40878883679814665,0.5698924731182796,4.456830999999511,4.01182880000124,12.047238399998605,
usps,P2_Full,,newdata,clean,0.0,6,0.1,929,0.7148849214884921,0.6211059846625157,0.564928975211455,-0.03671800441606694,1.0,0.02183978394982619,0.41887003550285934,0.5419354838709678,4.776084600001923,4.348148100001708,27.750896400000784,
usps,P2_Full,,newdata,clean,0.0,6,0.15,1394,0.7623144762314477,0.6341677262940844,0.5970393236397171,-0.034879165679926515,1.0,0.024427250273813768,0.4240531835664985,0.5956989247311828,3.140777500000695,3.3720499000010022,37.6263958999989,
usps,P2_Full,,newdata,clean,0.0,6,0.2,1859,0.7814583781458379,0.6482939194124427,0.6182094704412457,-0.030405175366576206,1.0,0.02697398320516493,0.4515637194597593,0.5591397849462365,3.7643740000021353,3.2664848000022175,48.25878269999885,
usps,P2_Full,,newdata,clean,0.0,6,0.3,2789,0.8051193805119381,0.6700652657076986,0.6498473396408923,-0.02645652016352051,1.0,0.029912631667759544,0.4824599752342829,0.49032258064516127,3.8489071000003605,4.508426000000327,60.49305639999875,
usps,P2_Full,,newdata,clean,0.0,7,0.05,464,0.700580770058077,0.6116324069098766,0.5526328799357675,-0.04188214615396965,1.0,0.019785927297531272,0.3914082304818229,0.6057347670250897,4.534293299999263,3.5065579999973124,12.170587500000693,
usps,P2_Full,,newdata,clean,0.0,7,0.1,929,0.7550010755001075,0.625320657025272,0.5780410417186119,-0.03753850093599536,1.0,0.021747381684088345,0.4029328044704212,0.6258064516129033,3.2260132000010344,3.6725876000018616,22.581113399999595,
usps,P2_Full,,newdata,clean,0.0,7,0.15,1394,0.7701656270165627,0.6348886344620506,0.5954756168626335,-0.03377160611641117,1.0,0.024139490141026586,0.4316854141732698,0.5483870967741935,3.665228499998193,3.6239830999984406,34.51755369999955,
usps,P2_Full,,newdata,clean,0.0,7,0.2,1859,0.7808130780813078,0.6442419279394354,0.6103798517478866,-0.03273679331213193,1.0,0.027117748259549105,0.44417213425841384,0.578494623655914,2.041797799996857,2.402868599998328,41.19405860000188,
usps,P2_Full,,newdata,clean,0.0,7,0.3,2789,0.798881479888148,0.6622954718188739,0.6372415437032631,-0.028405854130462187,1.0,0.030004942002514738,0.47498963502466035,0.4946236559139785,2.206285799999023,2.0810588999993342,47.509550200000376,
usps,P2_Full,,newdata,clean,0.1,0,0.05,464,0.6876747687674769,0.6065342136333157,0.5500084445593646,-0.043052862326965154,1.0,0.019412834238756137,0.4182702181426855,0.5627240143369175,1.998310599999968,2.0281465999978536,6.098490000000311,
usps,P2_Full,,newdata,clean,0.1,0,0.1,929,0.7335986233598624,0.6053218149557452,0.5605883728135558,-0.03657602158685531,1.0,0.021189345290287716,0.41520134316336726,0.5698924731182796,2.0702653999978793,1.880447200001072,12.023528999998234,
usps,P2_Full,,newdata,clean,0.1,0,0.15,1394,0.7598408259840826,0.6127725665098601,0.5842679672619681,-0.02987631412561736,1.0,0.022850119156712673,0.4619294830067183,0.4946236559139785,2.3279101999978593,1.9828192999993917,18.533328199999232,
usps,P2_Full,,newdata,clean,0.1,0,0.2,1859,0.7739298773929877,0.6192267373666885,0.5997941391335488,-0.02644785527483005,1.0,0.02553869713693635,0.4835114662365247,0.4860215053763441,2.2726426999979594,2.4131209000006493,25.48080629999822,
usps,P2_Full,,newdata,clean,0.1,0,0.3,2789,0.7836093783609378,0.6236142197352084,0.6106864766979665,-0.023555796724422286,1.0,0.028434264877666107,0.5158029821531106,0.421505376344086,2.233192700001382,2.2557024999987334,32.30914019999909,
usps,P2_Full,,newdata,clean,0.1,1,0.05,464,0.6825123682512368,0.5986483243943158,0.5414636587847236,-0.03960942555684527,1.0,0.01929850358801509,0.4189326112095173,0.5412186379928315,2.45279550000123,2.302942999998777,7.746172099999967,
usps,P2_Full,,newdata,clean,0.1,1,0.1,929,0.7414497741449774,0.6042417305997634,0.5625073566198925,-0.04084776944384878,1.0,0.021465758065003122,0.41086052124218275,0.556989247311828,3.4210127999976976,2.309618799998134,16.171809499999654,
usps,P2_Full,,newdata,clean,0.1,1,0.15,1394,0.7544633254463325,0.606402207687969,0.5760070144503887,-0.03207436545302497,1.0,0.023292065269473507,0.45319005957534236,0.49032258064516127,4.1370026000004145,3.715021899999556,27.931335799999943,
usps,P2_Full,,newdata,clean,0.1,1,0.2,1859,0.7613465261346526,0.6059998886453631,0.5829511942402221,-0.02904299370237172,1.0,0.02622918319789175,0.4720176050739904,0.4924731182795699,3.9673373000005085,3.403559400001541,38.85623099999793,
usps,P2_Full,,newdata,clean,0.1,1,0.3,2789,0.7710260271026027,0.6064304576140038,0.594033876817354,-0.025081538641205325,1.0,0.029149512469199876,0.5003281684331996,0.44623655913978494,3.5545125999997254,3.464342700000998,49.71448749999763,
usps,P2_Full,,newdata,clean,0.1,2,0.05,464,0.6918692191869219,0.5962495748251179,0.5380965986629205,-0.038703758124545906,1.0,0.01964137763884269,0.39570469038033573,0.5949820788530465,3.648510200000601,3.5223289000023215,11.420235300000058,
usps,P2_Full,,newdata,clean,0.1,2,0.1,929,0.7399440739944074,0.603654650316512,0.5600841080113774,-0.03623667805323297,1.0,0.021121216484114455,0.42081872852899693,0.6043010752688172,3.960451099999773,3.9353730000002543,23.659727999998722,
usps,P2_Full,,newdata,clean,0.1,2,0.15,1394,0.7577973757797376,0.60926265797054,0.577596980985711,-0.0330829678542734,1.0,0.023352874377621145,0.454327949272689,0.5075268817204301,3.5117749999990338,4.6333166000003985,36.08934349999981,
usps,P2_Full,,newdata,clean,0.1,2,0.2,1859,0.7668315766831577,0.6110800240586998,0.5870001880088208,-0.029312187928958088,1.0,0.02618538409795167,0.4687648489590614,0.4967741935483871,3.226303800001915,3.8411175000001094,47.090272900000855,
usps,P2_Full,,newdata,clean,0.1,2,0.3,2789,0.7753280275328027,0.6118651011822667,0.5975518458899478,-0.025622985512818528,1.0,0.029069566986565144,0.5006771039337882,0.44731182795698926,4.232339600002888,4.021298099996784,60.25720739999815,
usps,P2_Full,,newdata,clean,0.1,3,0.05,464,0.595074209507421,0.5498392846755701,0.4461757460641539,-0.040891396789377844,1.0,0.01926286971429716,0.40827365190218,0.5519713261648745,4.240550599999551,4.777793699999165,13.079544200001692,
usps,P2_Full,,newdata,clean,0.1,3,0.1,929,0.7448913744891374,0.6081311767404902,0.5659874833040428,-0.03955500363661534,1.0,0.01949504695411536,0.4084789654099813,0.6365591397849463,3.983378900000389,4.4124854000001505,25.52219899999909,
usps,P2_Full,,newdata,clean,0.1,3,0.15,1394,0.7652183265218326,0.6207385375117096,0.5876566576086372,-0.03184618215417977,1.0,0.022579416680296255,0.4625612302973706,0.5053763440860215,3.6690891000034753,4.79735250000158,38.007571400001325,
usps,P2_Full,,newdata,clean,0.1,3,0.2,1859,0.7740374274037427,0.6239242643381173,0.5982164744626132,-0.02664669696176037,1.0,0.025364032795252688,0.4776508332901104,0.49032258064516127,4.00805340000079,3.7664790999988327,49.78087329999835,
usps,P2_Full,,newdata,clean,0.1,3,0.3,2789,0.7817810281781028,0.6236817810284003,0.6068955583402909,-0.024648005702926228,1.0,0.02833355041152384,0.5057352742200256,0.44516129032258067,4.457947499999136,4.036690699998871,62.204371799998626,
usps,P2_Full,,newdata,clean,0.1,4,0.05,464,0.6458378145837814,0.5611899783380787,0.487929043142943,-0.051739948395770265,1.0,0.01937408481072194,0.3761193574970341,0.6021505376344086,5.452068999999028,4.043903099998715,13.111847899999702,
usps,P2_Full,,newdata,clean,0.1,4,0.1,929,0.7374704237470424,0.604204332467022,0.559666898924928,-0.03722321992028292,1.0,0.020642028677575308,0.4333721184281893,0.5376344086021505,4.994256199999654,4.410823800000799,26.27519890000258,
usps,P2_Full,,newdata,clean,0.1,4,0.15,1394,0.7562916756291675,0.6113987599000987,0.5769876016636998,-0.03063404056696437,1.0,0.02254319054313774,0.4625882568859285,0.5032258064516129,4.272255200001382,4.097378400001617,38.70649860000049,
usps,P2_Full,,newdata,clean,0.1,4,0.2,1859,0.7675844267584426,0.6148080577056172,0.5878838218517145,-0.028707739505120344,1.0,0.02547352150688152,0.4800724172463981,0.4924731182795699,4.215154800000164,3.9410514000010153,51.296290500002215,
usps,P2_Full,,newdata,clean,0.1,4,0.3,2789,0.7791998279199828,0.6161128681566683,0.6009731274865339,-0.023935176007700076,1.0,0.02847459136924367,0.5080081113724298,0.45806451612903226,4.559516299999814,3.433775199999218,63.07086750000235,
usps,P2_Full,,newdata,clean,0.1,5,0.05,464,0.6600344160034416,0.5822889470975462,0.5173393979759298,-0.04117718751410171,1.0,0.019716189275630038,0.4073186683665467,0.5591397849462365,4.579516399997374,4.025467199997365,12.198440500000288,
usps,P2_Full,,newdata,clean,0.1,5,0.1,929,0.7452140245214025,0.6087688111947634,0.5663561476582122,-0.033994464710986265,1.0,0.019728181156361088,0.4315575326162,0.5978494623655914,4.551816400002281,3.7072299999999814,24.16660520000005,
usps,P2_Full,,newdata,clean,0.1,5,0.15,1394,0.7605936760593676,0.612620609422092,0.5815689303586847,-0.030928346889937806,1.0,0.023342556516124015,0.45097177406793,0.4946236559139785,4.683336099998996,4.090618999998696,36.9202331000015,
usps,P2_Full,,newdata,clean,0.1,5,0.2,1859,0.7684448268444827,0.6126700190713701,0.5908144872835362,-0.026868730357420708,1.0,0.02621868801356745,0.4698933235579921,0.5053763440860215,4.541474500001641,3.7512179000004835,49.48400110000148,
usps,P2_Full,,newdata,clean,0.1,5,0.3,2789,0.7804904280490428,0.6179074682011472,0.6063857278803354,-0.023641944335140525,1.0,0.029110528160198015,0.5008673990445752,0.4666666666666667,4.451034999998228,3.4837509999997565,61.902262300001894,
usps,P2_Full,,newdata,clean,0.1,6,0.05,464,0.6710045171004517,0.5849064289985785,0.5175482288397341,-0.039863400124477935,1.0,0.01969725969048238,0.4048018117425262,0.5519713261648745,4.460224599999492,4.1803115000002435,13.025210600000719,
usps,P2_Full,,newdata,clean,0.1,6,0.1,929,0.693374919337492,0.5977496552084129,0.5436321527536538,-0.03985713337231285,1.0,0.02196339901242107,0.4084063801073259,0.5591397849462365,4.199292300003435,3.8582237000009627,25.1658219000019,
usps,P2_Full,,newdata,clean,0.1,6,0.15,1394,0.7302645730264573,0.596844285116233,0.5563705369157127,-0.03257410717537171,1.0,0.024090053507418538,0.4318499064253223,0.589247311827957,3.7959986999994726,4.080019600001833,37.70842470000207,
usps,P2_Full,,newdata,clean,0.1,6,0.2,1859,0.7474725747472575,0.5996128657668002,0.5702352373496088,-0.028041109213535684,1.0,0.026197174315892663,0.47432752642580256,0.49032258064516127,3.3370675000005576,4.21144859999913,49.413658600002236,
usps,P2_Full,,newdata,clean,0.1,6,0.3,2789,0.7712411271241127,0.6099216832386625,0.5937283835058061,-0.024529329740272998,1.0,0.029026076514596256,0.5080087352984695,0.4268817204301075,3.9463515000024927,4.525529299997288,61.99013109999942,
usps,P2_Full,,newdata,clean,0.1,7,0.05,464,0.692729619272962,0.602603047751538,0.5457877329733313,-0.040831261632470535,1.0,0.019542602092767328,0.4012421992570696,0.5627240143369175,4.033457099998486,4.099506499998824,12.113524899999902,
usps,P2_Full,,newdata,clean,0.1,7,0.1,929,0.7419875241987525,0.6044797366115836,0.561588582132453,-0.035744162112926525,1.0,0.021028736855110794,0.4207350462835322,0.5741935483870968,4.355858700000681,3.827112800001487,24.154571300001408,
usps,P2_Full,,newdata,clean,0.1,7,0.15,1394,0.7622069262206926,0.613799667040414,0.5821488515498774,-0.032289606101044636,1.0,0.023032026542560573,0.4623446433454432,0.49032258064516127,4.0733269000011205,4.093927800000529,35.94948730000033,
usps,P2_Full,,newdata,clean,0.1,7,0.2,1859,0.7727468272746827,0.6181925521137186,0.5954558924724463,-0.028923563559398475,1.0,0.025844782949214648,0.4793794224499374,0.4774193548387097,4.567182499999035,4.349018000000797,49.12168229999952,
usps,P2_Full,,newdata,clean,0.1,7,0.3,2789,0.7822112282211228,0.6191789777319577,0.6068671698287925,-0.02448832205850868,1.0,0.028726059587974084,0.5065592768211519,0.45806451612903226,4.759680700000899,3.819244999998773,61.89057959999991,
usps,P2_Full,,newdata,clean,0.2,0,0.05,464,0.6836954183695418,0.5841479391175315,0.5311090379038732,-0.043584159453049075,1.0,0.019290163779204426,0.42477779715291913,0.5555555555555556,4.507235599998239,4.343321099997411,12.870986399997491,
usps,P2_Full,,newdata,clean,0.2,0,0.1,929,0.7317702731770274,0.5822508311624303,0.5458827359880258,-0.031368812374564306,1.0,0.019829963134192215,0.4531251192894033,0.535483870967742,3.9811759000003804,3.9623929999979737,24.699413799997274,
usps,P2_Full,,newdata,clean,0.2,0,0.15,1394,0.7471499247149924,0.5824648110776927,0.5599330398207476,-0.02780806275176662,1.0,0.02167400998809593,0.5029980267728529,0.4860215053763441,4.4097619999993185,3.749377700001787,37.51162750000003,
usps,P2_Full,,newdata,clean,0.2,0,0.2,1859,0.7538180253818025,0.5802772658749231,0.5647209940588304,-0.023963870871298795,1.0,0.02449698834537696,0.5223982210761757,0.4559139784946237,4.180801999998948,3.8098769999996875,49.79598260000057,
usps,P2_Full,,newdata,clean,0.2,0,0.3,2789,0.7519896751989675,0.5664668828479734,0.5597501684743323,-0.021747664464344476,1.0,0.027448667130554865,0.5485253376826164,0.28817204301075267,4.1689621999976225,4.155099499999778,62.8658147999995,
usps,P2_Full,,newdata,clean,0.2,1,0.05,464,0.5604431060443106,0.5366523115499383,0.4269291516181792,-0.037954221683105076,1.0,0.01892217250201195,0.4307569797855124,0.5483870967741935,3.781622900001821,3.89441540000189,11.97084150000228,
usps,P2_Full,,newdata,clean,0.2,1,0.1,929,0.7244568724456872,0.5790447779521563,0.5377569840266285,-0.041753704482114774,1.0,0.019879893048692327,0.4144561532524324,0.632258064516129,3.9522210999966774,3.6556799999998475,23.801008999998885,
usps,P2_Full,,newdata,clean,0.2,1,0.15,1394,0.7458593245859324,0.5853164959624905,0.5588705230615376,-0.026659387495449115,1.0,0.02123523774572844,0.5076278835855504,0.4967741935483871,4.185493099997984,4.3526638000003,36.23182599999927,
usps,P2_Full,,newdata,clean,0.2,1,0.2,1859,0.7540331254033126,0.5849954102655147,0.5669881693769004,-0.022503712393197435,1.0,0.024129023556419892,0.523588685082492,0.4645161290322581,4.052861099997244,3.850550499999372,48.29537120000168,
usps,P2_Full,,newdata,clean,0.2,1,0.3,2789,0.7565067756506776,0.574183365580443,0.5649432889852724,-0.020616513215417513,1.0,0.02717854893801428,0.5470194935157735,0.29354838709677417,4.240204699999595,4.3075117000007594,61.37505070000043,
usps,P2_Full,,newdata,clean,0.2,2,0.05,464,0.7111206711120671,0.5802562320741037,0.5299019607574934,-0.03731308822958092,1.0,0.019184454670895842,0.4090669178620889,0.5627240143369175,3.215092899998126,4.034025400000246,9.469301000000996,
usps,P2_Full,,newdata,clean,0.2,2,0.1,929,0.7424177242417724,0.5886730291885474,0.5562938898811566,-0.03368604824588367,1.0,0.019408361683101217,0.47343659027609775,0.4817204301075269,2.286437599999772,2.6112001999972563,16.6821987000003,
usps,P2_Full,,newdata,clean,0.2,2,0.15,1394,0.7530651753065175,0.5885047922631681,0.5683760024698167,-0.02869833910946965,1.0,0.022010102628977138,0.4903643764956023,0.4946236559139785,2.2317175999996834,2.436821899998904,23.68161659999896,
usps,P2_Full,,newdata,clean,0.2,2,0.2,1859,0.7555388255538825,0.5824419333099793,0.5704339368916072,-0.025624548284069376,1.0,0.0249148670028635,0.5069012780984242,0.47956989247311826,2.2402250000013737,2.3121819000007235,30.574013999997987,
usps,P2_Full,,newdata,clean,0.2,2,0.3,2789,0.7539255753925576,0.566407221261904,0.5635514525100669,-0.02168909797385637,1.0,0.027884509427240606,0.534763634172819,0.3860215053763441,3.2701745000013034,2.3062773999990895,38.72086439999839,
usps,P2_Full,,newdata,clean,0.2,3,0.05,464,0.5891589589158959,0.5446616067868733,0.44357372225471026,-0.03973286652679763,1.0,0.01881026331073408,0.4228667851043431,0.5519713261648745,3.4717720999979065,3.0925109000017983,9.828734399998211,
usps,P2_Full,,newdata,clean,0.2,3,0.1,929,0.7444611744461175,0.5916292971018986,0.5581183052129074,-0.03957568693731487,1.0,0.01899368139395042,0.428671573182588,0.6129032258064516,3.4841137000003073,4.15379170000233,21.27734479999708,
usps,P2_Full,,newdata,clean,0.2,3,0.15,1394,0.7582275758227576,0.5973595026244303,0.5710644436024133,-0.027120510767319438,1.0,0.02118358718839708,0.5035359648607111,0.4817204301075269,3.790669699999853,3.527462400001241,32.83396709999943,
usps,P2_Full,,newdata,clean,0.2,3,0.2,1859,0.7579049257904926,0.5888494697222916,0.5685988670868463,-0.02507220682059166,1.0,0.024152420201442856,0.5174964574075515,0.4881720430107527,3.3334936999999627,3.5265791000019817,43.57900259999951,
usps,P2_Full,,newdata,clean,0.2,3,0.3,2789,0.7537104753710475,0.5731295304497737,0.5586736093001554,-0.020521378774328965,1.0,0.027146511917340337,0.541740516493077,0.33440860215053764,3.8670745000017632,3.6870644000009634,54.66700569999739,
usps,P2_Full,,newdata,clean,0.2,4,0.05,464,0.6195956119595611,0.5344655027513723,0.4651479385794988,-0.04924294276513274,1.0,0.01841729003885634,0.3999022230986626,0.5483870967741935,3.9864228000005824,3.7499225000028673,11.02654529999927,
usps,P2_Full,,newdata,clean,0.2,4,0.1,929,0.704129920412992,0.5677308699997926,0.5267085379895219,-0.03478728358111009,1.0,0.019985264933684976,0.4500953828615527,0.5311827956989247,4.067103900000802,3.7124172000003455,22.519428899999184,
usps,P2_Full,,newdata,clean,0.2,4,0.15,1394,0.7261776726177672,0.5709412172143383,0.5456223646443457,-0.02794162024826896,1.0,0.021773226701625546,0.49209743154946195,0.4774193548387097,3.2509444000024814,3.800825199999963,33.383149699999194,
usps,P2_Full,,newdata,clean,0.2,4,0.2,1859,0.7370402237040223,0.5690605258223381,0.5532884907787093,-0.02499951986004601,1.0,0.02445774468939696,0.514569157121643,0.4731182795698925,3.360473799999454,3.6875743999989936,44.12314279999919,
usps,P2_Full,,newdata,clean,0.2,4,0.3,2789,0.7465046246504624,0.5619329697707488,0.5575258923265459,-0.02148709988644117,1.0,0.027365835531342746,0.5409012118013956,0.3161290322580645,4.622595700002421,3.9596210999989125,56.24795429999722,
usps,P2_Full,,newdata,clean,0.2,5,0.05,464,0.6518606151860615,0.5732431138788898,0.5127508570607309,-0.041200067822726595,1.0,0.01934224166362343,0.4172273361020618,0.5663082437275986,4.076676700002281,3.6279232000015327,11.178957500000251,
usps,P2_Full,,newdata,clean,0.2,5,0.1,929,0.7310174231017423,0.590693802330264,0.5490143308122765,-0.031054259118241907,1.0,0.01890686135582541,0.4644299875504227,0.5290322580645161,4.218245399999432,3.5968686000014713,22.638794600003166,
usps,P2_Full,,newdata,clean,0.2,5,0.15,1394,0.7419875241987525,0.5855004099175896,0.5554639287709393,-0.027927051174079492,1.0,0.022053583807425302,0.4948748324186571,0.4774193548387097,3.654085000001942,3.749688200001401,33.648220500002935,
usps,P2_Full,,newdata,clean,0.2,5,0.2,1859,0.7518821251882125,0.583923573995524,0.5644412047399249,-0.023625930831531684,1.0,0.024983434206489675,0.509589517741434,0.4881720430107527,3.7270618000002287,3.8356138999988616,45.00041180000335,
usps,P2_Full,,newdata,clean,0.2,5,0.3,2789,0.7531727253172725,0.5684268976496912,0.5610316203323079,-0.020899583937317827,1.0,0.027878135311196643,0.5368961455520763,0.35591397849462364,3.4337969000007433,4.109069300000556,56.30255270000271,
usps,P2_Full,,newdata,clean,0.2,6,0.05,464,0.6369111636911163,0.5560047226247146,0.48723985764491323,-0.04091830067946041,1.0,0.01954419318454153,0.41326681193378234,0.5519713261648745,3.9811841000009736,3.1726904999995895,10.8808749000018,
usps,P2_Full,,newdata,clean,0.2,6,0.1,929,0.700258120025812,0.5728137525216016,0.5241333881402507,-0.036088763441676316,1.0,0.020383423168890507,0.4528209082862382,0.546236559139785,3.9067157999998017,3.5226775000010093,21.468659900001512,
usps,P2_Full,,newdata,clean,0.2,6,0.15,1394,0.7256399225639922,0.5795009622580396,0.5455614996352747,-0.026881762059138472,1.0,0.021941196169379257,0.4990232673543756,0.5075268817204301,3.588528899999801,3.097783299999719,31.737879799999064,
usps,P2_Full,,newdata,clean,0.2,6,0.2,1859,0.7348892234889224,0.5762490187526061,0.552596663182725,-0.02325403653760213,1.0,0.024753816267764787,0.5170473813049254,0.4881720430107527,3.6871163999967393,3.011485499999253,42.131546500000695,
usps,P2_Full,,newdata,clean,0.2,6,0.3,2789,0.7430630243063024,0.567435164140936,0.5533932409179682,-0.01978407067329475,1.0,0.027653894139512854,0.5469780053262429,0.3580645161290323,3.155332599999383,3.6038441999990027,52.65797410000232,
usps,P2_Full,,newdata,clean,0.2,7,0.05,464,0.6888578188857819,0.5913622437037425,0.5398247160190646,-0.03976311876345528,1.0,0.019093631743888707,0.41412975874105235,0.5448028673835126,4.231459300001006,3.430772799998522,11.037480099999812,
usps,P2_Full,,newdata,clean,0.2,7,0.1,929,0.7360722736072274,0.5895107940494161,0.554633051312651,-0.03291679495170921,1.0,0.020001493535639202,0.4521674008779628,0.5483870967741935,3.350023799997871,3.6025620000000345,21.61444610000035,
usps,P2_Full,,newdata,clean,0.2,7,0.15,1394,0.7482254248225425,0.5857830985266514,0.5628561600307976,-0.028663828327073905,1.0,0.021835339528010346,0.4971496242669321,0.4752688172043011,3.0988942999974824,3.716077699999005,31.855338499997742,
usps,P2_Full,,newdata,clean,0.2,7,0.2,1859,0.7537104753710475,0.5827048315508612,0.5671347851043083,-0.02285054415833689,1.0,0.024592536950565586,0.5150529052140892,0.47956989247311826,3.7977314999989176,3.3353569000028074,42.39614459999939,
usps,P2_Full,,newdata,clean,0.2,7,0.3,2789,0.7552161755216176,0.5702961114365571,0.5658422242562886,-0.021514433947734862,1.0,0.027559535479336674,0.5419124971874939,0.33978494623655914,3.1306737000013527,3.658066799998778,52.47007649999796,
usps,P2_Full,,newdata,clean,0.3,0,0.05,464,0.6817595181759518,0.5622198078922805,0.49960863778923653,-0.04125315826581731,1.0,0.01871995818783997,0.4383517752625182,0.5448028673835126,3.2093558000015037,3.9117372000000614,10.89769200000228,
usps,P2_Full,,newdata,clean,0.3,0,0.1,929,0.7102602710260271,0.560810426579854,0.5208215772253852,-0.030040696711101794,1.0,0.01870362251512215,0.4947994767017262,0.4989247311827957,3.5732730999989144,3.4494794999991427,21.614281699999992,
usps,P2_Full,,newdata,clean,0.3,0,0.15,1394,0.7259625725962573,0.5547037679904068,0.5304906967224989,-0.024604304894226076,1.0,0.02072506231939638,0.5352794899254717,0.38064516129032255,3.9080753000016557,3.1347074000004795,31.96735980000085,
usps,P2_Full,,newdata,clean,0.3,0,0.2,1859,0.7310174231017423,0.54752565985999,0.5307680020951577,-0.01961232767724728,1.0,0.023395017705613894,0.5595959111086783,0.24516129032258063,3.3425535000023956,3.5163075999989815,42.064956100002746,
usps,P2_Full,,newdata,clean,0.3,0,0.3,2789,0.7263927726392773,0.5270711511394653,0.5184488331774277,-0.018333083634423587,1.0,0.026430595984167766,0.5850340556713842,0.1935483870967742,2.8514439999999013,3.6468701000012516,52.214831300003425,
usps,P2_Full,,newdata,clean,0.3,1,0.05,464,0.6430415143041515,0.5394265958453065,0.47782411802296765,-0.037359680867008645,1.0,0.018839437755816417,0.43331382095172843,0.5627240143369175,3.499608799997077,3.270495100001426,10.098491500000819,
usps,P2_Full,,newdata,clean,0.3,1,0.1,929,0.7048827704882771,0.5632961553445066,0.5236238036479723,-0.02857562816598447,1.0,0.01796787610980975,0.5158608280362621,0.4924731182795699,4.038926099998207,3.454292800000985,20.840757699999813,
usps,P2_Full,,newdata,clean,0.3,1,0.15,1394,0.7177887717788772,0.5616139861154439,0.5331177968527617,-0.024256254634845816,1.0,0.020881334487893328,0.5355883423679618,0.4967741935483871,4.281927399999404,3.689530299998296,32.633143899998686,
usps,P2_Full,,newdata,clean,0.3,1,0.2,1859,0.7217681221768122,0.5538471485959873,0.5313115023927196,-0.019568824475012018,1.0,0.02345483554178746,0.5610150897054262,0.26021505376344084,3.3118026000011014,3.083231499997055,43.018357100001595,
usps,P2_Full,,newdata,clean,0.3,1,0.3,2789,0.7263927726392773,0.5307133907633919,0.5185455478989747,-0.017813035104776498,1.0,0.026446106523936256,0.5883939742401082,0.1860215053763441,3.793220999999903,3.121365400002105,53.5166132000013,
usps,P2_Full,,newdata,clean,0.3,2,0.05,464,0.6665949666594967,0.5635989749111284,0.5115241991666702,-0.0375262954815681,1.0,0.019024078631537312,0.41464831194035895,0.5519713261648745,3.2399459000007482,3.8784660999990592,10.454000100002304,
usps,P2_Full,,newdata,clean,0.3,2,0.1,929,0.7185416218541621,0.5599333426038574,0.530814805856036,-0.0292395294611619,1.0,0.019160290812577092,0.4799996860565678,0.4731182795698925,3.219197999998869,3.5250861999993504,20.82815820000178,
usps,P2_Full,,newdata,clean,0.3,2,0.15,1394,0.7290815229081523,0.5526045640322705,0.5359311806465703,-0.026973595196624393,1.0,0.020936985376305627,0.5315922750420468,0.3419354838709677,3.6095638000006147,3.216918900001474,30.8038598000021,
usps,P2_Full,,newdata,clean,0.3,2,0.2,1859,0.7368251236825124,0.5504819547203058,0.539238574421398,-0.020751627408484262,1.0,0.023826182100340775,0.5481915171748848,0.3311827956989247,3.456935300000623,3.4758828000012727,41.609916800000065,
usps,P2_Full,,newdata,clean,0.3,2,0.3,2789,0.7254248225424823,0.5220730633164823,0.518302752031619,-0.01897712972487458,1.0,0.026821405531685803,0.5722317941486835,0.2161290322580645,3.9049474999992526,4.196486699998786,54.19234470000083,
usps,P2_Full,,newdata,clean,0.3,3,0.05,464,0.6568079156807916,0.5460036699158043,0.485857203947752,-0.03923905003154454,1.0,0.01854545179882964,0.43379900238633584,0.5591397849462365,4.076660099999572,3.487312799999927,11.370970699997997,
usps,P2_Full,,newdata,clean,0.3,3,0.1,929,0.7270380727038073,0.5708101241801804,0.5371982258801702,-0.027270751332102144,1.0,0.017078281311833744,0.5226900962091261,0.4172043010752688,4.184120899997652,3.4746406999984174,22.28449940000064,
usps,P2_Full,,newdata,clean,0.3,3,0.15,1394,0.7355345235534524,0.5665517286099091,0.5434746169246676,-0.022867082598607834,1.0,0.02069182459092838,0.5351566873731152,0.4129032258064516,3.916695100000652,3.545690299997659,33.23320109999986,
usps,P2_Full,,newdata,clean,0.3,3,0.2,1859,0.7346741234674123,0.5518064636566978,0.537605543656995,-0.02179675105947163,1.0,0.02356618251149325,0.5505251307641307,0.3118279569892473,3.5785537000010663,3.7292302999994718,44.08287779999955,
usps,P2_Full,,newdata,clean,0.3,3,0.3,2789,0.7258550225855023,0.5246285534258169,0.5200890948491507,-0.01817090851855778,1.0,0.026548944065190858,0.5750603270226269,0.21397849462365592,3.6203926999987743,3.91674090000015,54.87796940000044,
usps,P2_Full,,newdata,clean,0.3,4,0.05,464,0.6697139169713917,0.5522875634972056,0.49576955313639254,-0.0331822229934623,1.0,0.016258217317503702,0.49421876773077955,0.4229390681003584,3.806120999997802,3.8306143000008888,11.451595599999564,
usps,P2_Full,,newdata,clean,0.3,4,0.1,929,0.697784469778447,0.5504136554611327,0.5126528710930454,-0.0264903137696674,1.0,0.017934595235411174,0.520893941355008,0.432258064516129,4.203245400000014,3.6005217999991146,22.523893500001577,
usps,P2_Full,,newdata,clean,0.3,4,0.15,1394,0.7215530221553023,0.5500391888516977,0.5287706446714882,-0.02300047582785723,1.0,0.020709662039221508,0.5387409772924198,0.41935483870967744,3.3016510999987077,3.5657065999985207,33.014416699999856,
usps,P2_Full,,newdata,clean,0.3,4,0.2,1859,0.7331684233168423,0.5478671099672723,0.5378221098400813,-0.019550469179790187,1.0,0.023542130389488658,0.5528092363348571,0.36774193548387096,3.666549000001396,3.4871915000003355,44.123720700001286,
usps,P2_Full,,newdata,clean,0.3,4,0.3,2789,0.7273607227360722,0.5244329791648575,0.5241980977539679,-0.019084890624385203,1.0,0.02647581573321665,0.577863098873246,0.17311827956989248,3.8463124000008975,3.418990699999995,54.69055890000163,
usps,P2_Full,,newdata,clean,0.3,5,0.05,464,0.600989460098946,0.5272970526499284,0.45614457546143794,-0.04123054549905894,1.0,0.019183626799273937,0.42183142836375903,0.5698924731182796,4.078365800000029,3.309724999999162,11.206022200000007,
usps,P2_Full,,newdata,clean,0.3,5,0.1,929,0.6930522693052269,0.554622634395441,0.5034359437576279,-0.029112488389158347,1.0,0.018753849613732134,0.495934366763279,0.5118279569892473,3.835288099999161,3.3948882000004232,22.257615300000907,
usps,P2_Full,,newdata,clean,0.3,5,0.15,1394,0.7140245214024521,0.5562152463883019,0.5158884352982714,-0.02445295425036704,1.0,0.021267670108405037,0.5213905040935803,0.5032258064516129,3.4993746999971336,3.294532199997775,32.51099609999801,
usps,P2_Full,,newdata,clean,0.3,5,0.2,1859,0.7178963217896321,0.5436492826580057,0.5152583875455633,-0.019339658917437025,1.0,0.023985335123287058,0.546595454568504,0.4258064516129032,3.308886700000585,3.494202199999563,42.60341680000056,
usps,P2_Full,,newdata,clean,0.3,5,0.3,2789,0.7197246719724671,0.5217981212011106,0.5072090185198653,-0.017996293251595522,1.0,0.026995285516423537,0.5699766566035568,0.2075268817204301,3.108429800002341,3.862955399999919,52.855211499998404,
usps,P2_Full,,newdata,clean,0.3,6,0.05,464,0.605183910518391,0.5034444598041375,0.4341636588738961,-0.039613053138499166,1.0,0.019294433843003535,0.416722535900104,0.5663082437275986,3.2292220999988785,3.768935199997941,10.579975900000136,
usps,P2_Full,,newdata,clean,0.3,6,0.1,929,0.6938051193805119,0.5561764321362398,0.515658708104921,-0.02568483191799738,1.0,0.01741794177662667,0.5192629689170468,0.4967741935483871,3.679695399998309,3.3264804000027652,21.12972280000031,
usps,P2_Full,,newdata,clean,0.3,6,0.15,1394,0.708324370832437,0.5506080578254537,0.5261330867632762,-0.024633079857737994,1.0,0.020776474577876562,0.5353397528330485,0.4559139784946237,3.7450325999998313,3.4532910000016273,31.308128300002863,
usps,P2_Full,,newdata,clean,0.3,6,0.2,1859,0.7174661217466122,0.5465151816816997,0.5285854748456693,-0.020949274075262165,1.0,0.023638116481658866,0.55248186976038,0.32688172043010755,3.368205599999783,3.8198818000018946,42.03702940000221,
usps,P2_Full,,newdata,clean,0.3,6,0.3,2789,0.7232738223273822,0.5261838798257303,0.5187304352148613,-0.0180433775755416,1.0,0.026575599059005788,0.5793634497670717,0.21505376344086022,3.6845018999993044,3.6088206000022183,52.883595300001616,
usps,P2_Full,,newdata,clean,0.3,7,0.05,464,0.6926220692622069,0.5666477201667901,0.5070669107216387,-0.04095176789977994,1.0,0.018605749182446996,0.4284516567611352,0.5376344086021505,4.27541729999939,3.28365340000164,10.646068099998956,
usps,P2_Full,,newdata,clean,0.3,7,0.1,929,0.7221983222198323,0.5685766763830126,0.529229648415704,-0.030470464314287404,1.0,0.01867556511458166,0.49999918085272593,0.5010752688172043,3.7770242000005965,3.6233723999976064,21.066319000001386,
usps,P2_Full,,newdata,clean,0.3,7,0.15,1394,0.7327382232738223,0.5610724996279224,0.5375621808585016,-0.025827651797227548,1.0,0.021013997213418196,0.5283593687479214,0.4946236559139785,3.3827067999991414,3.5151853000024857,31.82679629999984,
usps,P2_Full,,newdata,clean,0.3,7,0.2,1859,0.7295117229511723,0.5464852302870622,0.5296458258917318,-0.02104980207524704,1.0,0.023750610415839753,0.5479110469100296,0.44516129032258067,3.987803799998801,3.193310400001792,42.372215499999584,
usps,P2_Full,,newdata,clean,0.3,7,0.3,2789,0.7205850720585072,0.5198976252534522,0.511818755371591,-0.018380703361428035,1.0,0.026744416407529756,0.5737126435002973,0.17956989247311828,3.7572338999998465,3.4171583999996074,53.0815763999999,
usps,P2_NoRobust,,newdata,clean,0.0,0,0.05,464,0.6537965153796516,0.5606112104448913,0.44764896042788693,2.272989891573922,1.0,0.01986018754305542,0.8568633048925348,0.0,1.9915930000024673,3.2887480999997933,8.347531299998082,
usps,P2_NoRobust,,newdata,clean,0.0,0,0.1,929,0.6804689180468918,0.5999465996006127,0.4748284462226666,2.229120033561361,1.0,0.02370472263939716,0.8258067766504903,0.0,1.9468340999992506,3.07750070000111,16.715156900001602,
usps,P2_NoRobust,,newdata,clean,0.0,0,0.15,1394,0.7247795224779523,0.6554180810025105,0.5263130301276288,2.208179012646467,1.0,0.026373167612635907,0.8139134495809514,0.0,2.0340003999990586,3.5994495999984792,25.5103952999998,
usps,P2_NoRobust,,newdata,clean,0.0,0,0.2,1859,0.7932888793288879,0.7103202120369215,0.6403668333561885,2.1966200400999107,1.0,0.030151888020466817,0.805930717017061,0.0,2.202282299997023,3.3979522999979963,34.44134480000139,
usps,P2_NoRobust,,newdata,clean,0.0,0,0.3,2789,0.8326521832652183,0.7687944171547967,0.7030424925381675,2.211915491699159,1.0,0.03223399410661779,0.8106822779422165,0.0,1.9864454999988084,3.5628973999992013,43.7260443999985,
usps,P2_NoRobust,,newdata,clean,0.0,1,0.05,464,0.5767907076790708,0.5281870603755615,0.4330945912028548,2.2727632547842194,1.0,0.019540940952813043,0.8584922142460355,0.0,2.2020231999995303,3.5172151000006124,9.375839700001961,
usps,P2_NoRobust,,newdata,clean,0.0,1,0.1,929,0.701978920197892,0.6157085696197906,0.5037002443166032,2.244967135575984,1.0,0.02200735177738603,0.8347181913352781,0.0,1.7669171999987157,4.170962999996846,18.768035700002656,
usps,P2_NoRobust,,newdata,clean,0.0,1,0.15,1394,0.7119810711981072,0.6374678015725049,0.5140729288709646,2.21959560378211,1.0,0.02635064190392355,0.8138449998953009,0.0,2.1820377000003646,3.698726499998884,28.075081500002852,
usps,P2_NoRobust,,newdata,clean,0.0,1,0.2,1859,0.7313400731340073,0.6710269892124323,0.5330188461934832,2.1864831784602665,1.0,0.031547820776423104,0.8005906825424522,0.0,2.2889891999984684,4.120369199998095,37.83076749999964,
usps,P2_NoRobust,,newdata,clean,0.0,1,0.3,2789,0.8324370832437084,0.7704701252889098,0.698549970249939,2.150828210674016,1.0,0.03465805302428064,0.7804327655703791,0.0,2.1907959999989544,3.341085899999598,46.669530200000736,
usps,P2_NoRobust,,newdata,clean,0.0,2,0.05,464,0.6228221122822112,0.5216436555700585,0.41002850832977955,2.2720434579657702,1.0,0.020408836306338933,0.8551505924232544,0.0,2.1338035999979184,3.3965591000014683,8.86757679999937,
usps,P2_NoRobust,,newdata,clean,0.0,2,0.1,929,0.6429339642933964,0.5383942452533699,0.4121530031662926,2.2273286391960427,1.0,0.022185855952748346,0.8219414778935012,0.0,2.169471400000475,3.6844605000005686,18.498242000001483,
usps,P2_NoRobust,,newdata,clean,0.0,2,0.15,1394,0.6473435147343515,0.5551250644013493,0.40535093280804135,2.2142843352935397,1.0,0.026521522332446708,0.8204017530525884,0.0,2.0994623999977193,3.459060600001976,27.362192200002028,
usps,P2_NoRobust,,newdata,clean,0.0,2,0.2,1859,0.7614540761454076,0.674103107509834,0.574273691704141,2.186970835803747,1.0,0.028895828651396283,0.8029256188420839,0.0,2.312503299999662,3.4578370000017458,36.85758700000224,
usps,P2_NoRobust,,newdata,clean,0.0,2,0.3,2789,0.8170574317057432,0.7554934611928666,0.6768750344343704,2.2252842954293595,1.0,0.033050838999377836,0.8234466987031122,0.0,2.025054199999431,3.5120046000010916,46.170083500001056,
usps,P2_NoRobust,,newdata,clean,0.0,3,0.05,464,0.6102387610238761,0.5550721886855741,0.45211700249280395,2.2769348838748766,1.0,0.01940705315106603,0.8631856193946253,0.0,2.351421500003198,3.2688522999997076,9.406890899997961,
usps,P2_NoRobust,,newdata,clean,0.0,3,0.1,929,0.6600344160034416,0.5764378150863573,0.4518586271582629,2.241166526275842,1.0,0.024533963795932076,0.8329986014032876,0.0,1.8016459999998915,2.959188799999538,17.829099999999016,
usps,P2_NoRobust,,newdata,clean,0.0,3,0.15,1394,0.703484620348462,0.6246774573604778,0.4945529083633734,2.1962108749927567,1.0,0.027422654671958275,0.8074261677201077,0.0,2.432700000001205,3.6602120000025025,27.361145099999703,
usps,P2_NoRobust,,newdata,clean,0.0,3,0.2,1859,0.7643579264357926,0.6957229070846028,0.5838588330748403,2.1885051750172577,1.0,0.03065447036700202,0.8013718401872983,0.0,2.501011299998936,3.1323736000013014,36.68130050000036,
usps,P2_NoRobust,,newdata,clean,0.0,3,0.3,2789,0.8552376855237686,0.8038004017767055,0.7468611226983788,2.1699797543517003,1.0,0.0334980567650384,0.7832042696174755,0.0,2.5651078000009875,3.60592589999942,46.3117491999983,
usps,P2_NoRobust,,newdata,clean,0.0,4,0.05,464,0.5882985588298559,0.5390502245360974,0.4321871701420977,2.2742740012298417,1.0,0.019612974930908206,0.8580064970639444,0.0,2.0831721000031393,3.466806700002053,9.228955400001723,
usps,P2_NoRobust,,newdata,clean,0.0,4,0.1,929,0.6713271671327167,0.5623977709878498,0.4616887544628089,2.2339244030116268,1.0,0.024395109061486165,0.8285188385075138,0.0,1.8157683000026736,3.4436185999984446,17.706990800001222,
usps,P2_NoRobust,,newdata,clean,0.0,4,0.15,1394,0.7082168208216821,0.6129090574187679,0.5024716280154702,2.2358900520273286,1.0,0.02568123673549726,0.8299310354455824,0.0,2.1272714999977325,3.95096249999915,27.08693950000088,
usps,P2_NoRobust,,newdata,clean,0.0,4,0.2,1859,0.7771563777156377,0.7001921160846725,0.6052457667423733,2.2117451242786297,1.0,0.02842435882526057,0.8115184378239416,0.0,1.9266367000018363,3.5684670000009646,36.08534480000162,
usps,P2_NoRobust,,newdata,clean,0.0,4,0.3,2789,0.8519036351903635,0.8021656605031785,0.7435717168000275,2.187066495877829,1.0,0.03301321609874479,0.7907055586095779,0.0,2.2264190999994753,3.521075700002257,45.395705000002636,
usps,P2_NoRobust,,newdata,clean,0.0,5,0.05,464,0.6490643149064315,0.5581547308863025,0.44969140711680206,2.271717432839259,1.0,0.02004011824365916,0.8583040584853473,0.0,1.78248320000057,3.251580100000865,8.725077099999908,
usps,P2_NoRobust,,newdata,clean,0.0,5,0.1,929,0.6759518175951817,0.5961861834411686,0.46666986349170786,2.216145148461866,1.0,0.023539857605311187,0.8187831348949863,0.0,1.9452309000007517,2.936200500000268,17.31846619999851,
usps,P2_NoRobust,,newdata,clean,0.0,5,0.15,1394,0.7171434717143472,0.6442528016523038,0.5173982738460193,2.2054974902355293,1.0,0.02684237285722981,0.8101696795673781,0.0,1.6785447000002023,3.4659505000017816,26.034149200000684,
usps,P2_NoRobust,,newdata,clean,0.0,5,0.2,1859,0.7739298773929877,0.6916794944340795,0.5987417375905238,2.189686429762292,1.0,0.03026600210823024,0.7994549268676389,0.0,2.129539699999441,4.169265799999266,35.41083929999877,
usps,P2_NoRobust,,newdata,clean,0.0,5,0.3,2789,0.8255538825553883,0.761326739586686,0.6854315252151078,2.192799776582206,1.0,0.03271590618142971,0.7941384386311295,0.0,2.2730421999985992,3.401388099999167,44.48492939999778,
usps,P2_NoRobust,,newdata,clean,0.0,6,0.05,464,0.598623359862336,0.540933424845672,0.4408387487953906,2.2713515641779742,1.0,0.019436359425256667,0.8599789009085693,0.0,1.9667407000015373,3.4515360000004875,8.363787400001456,
usps,P2_NoRobust,,newdata,clean,0.0,6,0.1,929,0.6661647666164766,0.5742658459165405,0.4502849941600264,2.2300540343304496,1.0,0.024219709493571093,0.8235921001562508,0.0,1.7582995000011579,3.679566700000578,17.23910700000124,
usps,P2_NoRobust,,newdata,clean,0.0,6,0.15,1394,0.6942353194235319,0.6050624417494644,0.47676273548714626,2.221254617452185,1.0,0.026455477004553397,0.8184862160234041,0.0,1.8312063999983366,3.3657843000000867,26.524197099999583,
usps,P2_NoRobust,,newdata,clean,0.0,6,0.2,1859,0.7651107765110776,0.6924771719562517,0.5901373586790362,2.203940857905226,1.0,0.02948906549153383,0.8061123006766843,0.0,1.7515982000004442,3.8633302000016556,35.713723500000924,
usps,P2_NoRobust,,newdata,clean,0.0,6,0.3,2789,0.8337276833727684,0.7745255328304359,0.6983957531064305,2.1791777036620505,1.0,0.03367432008029971,0.788763960394808,0.0,1.9097636000005878,3.536031000003277,44.22306839999874,
usps,P2_NoRobust,,newdata,clean,0.0,7,0.05,464,0.6316412131641214,0.5373500109342941,0.42228279096896176,2.2715674760073954,1.0,0.019785927297531272,0.855244960702662,0.0,1.7819047999983013,3.404117200003384,8.33279069999844,
usps,P2_NoRobust,,newdata,clean,0.0,7,0.1,929,0.6468057646805765,0.5688618736147016,0.42373083829043634,2.2154471743454254,1.0,0.023157502241791153,0.8175818385295971,0.0,1.8706058999996458,3.2632943999997224,17.170661699998163,
usps,P2_NoRobust,,newdata,clean,0.0,7,0.15,1394,0.5862551086255109,0.5131640514790181,0.39399367343807506,2.2048131404221962,1.0,0.02616123463051757,0.8105270446628653,0.0,2.0914540000012494,3.148470799998904,26.3110271000005,
usps,P2_NoRobust,,newdata,clean,0.0,7,0.2,1859,0.7567218756721875,0.6736612529410804,0.5824930228955892,2.2377219950040725,1.0,0.02679673389123065,0.8412614774639888,0.0,1.7487428000022192,2.8759917999996105,34.470044300000154,
usps,P2_NoRobust,,newdata,clean,0.0,7,0.3,2789,0.8098515809851581,0.7418917011550996,0.6590325486675053,2.206782441331884,1.0,0.03334954054930072,0.806256775285608,0.0,2.1286691000022984,3.4714731000021857,43.46126000000004,
usps,P2_NoRobust,,newdata,clean,0.2,0,0.05,464,0.5850720585072059,0.538621689533886,0.4400140219894686,2.2746510237717086,1.0,0.019290163779204426,0.8599371668418676,0.0,1.7314501000000746,3.246462999999494,8.074416699997528,
usps,P2_NoRobust,,newdata,clean,0.2,0,0.1,929,0.6496020649602064,0.551169536872946,0.4395685569109361,2.2476006200097065,1.0,0.023446731286076373,0.8396145292187249,0.0,2.745764600000257,3.134785300000658,17.08818969999993,
usps,P2_NoRobust,,newdata,clean,0.2,0,0.15,1394,0.6745536674553667,0.5737566373753584,0.4633188030614375,2.2217388716038005,1.0,0.025288970057242385,0.8222726446326061,0.0,1.937179799999285,3.408678499999951,25.705916499999148,
usps,P2_NoRobust,,newdata,clean,0.2,0,0.2,1859,0.6942353194235319,0.5988981623584257,0.48459762808291834,2.2138555774739785,1.0,0.028963209065478668,0.8143116031923602,0.0,2.120010700000421,3.014377700001205,34.42670209999778,
usps,P2_NoRobust,,newdata,clean,0.2,0,0.3,2789,0.7766186276618627,0.6544941739686451,0.6082535341958775,2.1931685650747026,1.0,0.03178535415534323,0.7973185741292533,0.0,1.8011951000007684,3.0143348000019614,43.40748939999685,
usps,P2_NoRobust,,newdata,clean,0.2,1,0.05,464,0.5623790062379006,0.5068516812193345,0.41709478890042806,2.274386363193922,1.0,0.01892217250201195,0.860812708735466,0.0,1.8682416999981797,3.2802316999986942,8.44239749999906,
usps,P2_NoRobust,,newdata,clean,0.2,1,0.1,929,0.5924930092493009,0.5337341210281031,0.4310952210679364,2.2486861665736453,1.0,0.022191533550880948,0.8411147005135013,0.0,2.4335098000010476,3.2607620999988285,17.23544640000182,
usps,P2_NoRobust,,newdata,clean,0.2,1,0.15,1394,0.6337922133792213,0.5316238414389165,0.4390791240670291,2.2305295192198358,1.0,0.02350737217717013,0.8279110509862182,0.0,2.2896877999992284,3.284794899998815,25.958632800000487,
usps,P2_NoRobust,,newdata,clean,0.2,1,0.2,1859,0.7084319208431921,0.5971239863672566,0.5029221653162401,2.230670772669842,1.0,0.0263520750152076,0.8267306979945911,0.0,2.142043299998477,3.268210400001408,34.91265420000127,
usps,P2_NoRobust,,newdata,clean,0.2,1,0.3,2789,0.7719939771993978,0.6484545030733141,0.6053922489639009,2.2019484518126475,1.0,0.03162490309096974,0.8015794340481041,0.0,2.1531557999987854,3.68625659999816,44.07230510000227,
usps,P2_NoRobust,,newdata,clean,0.2,2,0.05,464,0.5628092062809207,0.5121180385450284,0.4196965626204161,2.2731722400847207,1.0,0.019184454670895842,0.8582371587608023,0.0,1.495948399999179,3.1807081999977527,8.329468600000837,
usps,P2_NoRobust,,newdata,clean,0.2,2,0.1,929,0.6300279630027963,0.5108740314948846,0.4042742327876788,2.230739358783506,1.0,0.0224299046283422,0.8233734237570917,0.0,1.5739442000012787,3.7359894000001077,16.482601399999112,
usps,P2_NoRobust,,newdata,clean,0.2,2,0.15,1394,0.5830286083028609,0.47424809252043937,0.3656186732567132,2.221603791112724,1.0,0.02505786335499327,0.8250960589416565,0.0,1.7576531999984581,2.6386690999970597,23.386638399999356,
usps,P2_NoRobust,,newdata,clean,0.2,2,0.2,1859,0.6893955689395569,0.5849464501516318,0.47819379263656364,2.2426300108881945,1.0,0.025680228487309113,0.8356777933656528,0.0,1.6934643999993568,2.770744299999933,30.799188400000276,
usps,P2_NoRobust,,newdata,clean,0.2,2,0.3,2789,0.7515594751559476,0.6257110482393992,0.5684851576639112,2.207563396252331,1.0,0.031836449870176524,0.8093811286393032,0.0,1.4362794000007852,2.7227062999991176,37.95799210000041,
usps,P2_NoRobust,,newdata,clean,0.2,3,0.05,464,0.5885136588513659,0.5343581323169397,0.43515394123586415,2.277867055428123,1.0,0.01881026331073408,0.8644677702884948,0.0,1.3265995000001567,2.5543206999973336,6.72976369999742,
usps,P2_NoRobust,,newdata,clean,0.2,3,0.1,929,0.6126048612604861,0.5262208186526093,0.4038337610150889,2.2345145430852975,1.0,0.024212170138282963,0.8301240090721397,0.0,1.4052188999994542,2.8630849000001035,13.758642699998745,
usps,P2_NoRobust,,newdata,clean,0.2,3,0.15,1394,0.6747687674768768,0.5769141904928912,0.45827691219410405,2.2244645195120967,1.0,0.024856713554169154,0.8213510013395741,0.0,1.5688645000009274,2.729484700001194,20.888083599998936,
usps,P2_NoRobust,,newdata,clean,0.2,3,0.2,1859,0.7342439234243924,0.6103359740914176,0.540697848670024,2.2121564186593035,1.0,0.028405442430913613,0.8160672103205034,0.0,1.6561112999988836,2.919009699999151,28.515439699996932,
usps,P2_NoRobust,,newdata,clean,0.2,3,0.3,2789,0.7547859754785975,0.6299995508106293,0.564434152581735,2.2254658612653198,1.0,0.03087156718938955,0.8185675944211662,0.0,1.2823333000014827,2.891142899999977,35.91818989999956,
usps,P2_NoRobust,,newdata,clean,0.2,4,0.05,464,0.6504624650462465,0.5318763960473448,0.44446155553136807,2.2746934522341813,1.0,0.01841729003885634,0.8617327402088805,0.0,1.6081880999990972,3.270071500002814,7.399729500000831,
usps,P2_NoRobust,,newdata,clean,0.2,4,0.1,929,0.6300279630027963,0.5113222642542337,0.4248749149557212,2.241632946188142,1.0,0.021168008754618575,0.8333545163434039,0.0,1.4331599000033748,3.10210840000218,14.461907600001723,
usps,P2_NoRobust,,newdata,clean,0.2,4,0.15,1394,0.6714347171434717,0.579570085781446,0.46849450949696664,2.2426204991335936,1.0,0.02354594940772304,0.8339731405178706,0.0,1.7349432999981218,2.9768499999991036,21.699194500000885,
usps,P2_NoRobust,,newdata,clean,0.2,4,0.2,1859,0.6824048182404818,0.581389502502624,0.4645042606819202,2.2145927559198197,1.0,0.027852940376798856,0.8171718087247622,0.0,1.6818825000009383,2.7964400999990175,29.096192700002575,
usps,P2_NoRobust,,newdata,clean,0.2,4,0.3,2789,0.7634975263497527,0.6416291779558928,0.5878301787644648,2.1929657300728036,1.0,0.03169405481267445,0.8032252102930059,0.0,1.8669465000020864,2.6122997000020405,36.46953230000145,
usps,P2_NoRobust,,newdata,clean,0.2,5,0.05,464,0.6097010109701011,0.5254340584653079,0.42057747442345794,2.2725210135751324,1.0,0.01934224166362343,0.8603792293898521,0.0,1.4785831999979564,3.3125069999987318,7.966628800000763,
usps,P2_NoRobust,,newdata,clean,0.2,5,0.1,929,0.6487416648741665,0.5550036464934195,0.43827310566606914,2.227364484378128,1.0,0.022662399172056615,0.8276647299528122,0.0,1.5661664999970526,3.112829800000327,15.844499399998313,
usps,P2_NoRobust,,newdata,clean,0.2,5,0.15,1394,0.6743385674338568,0.5703036462992461,0.45667351269866413,2.2191852713774316,1.0,0.025279165839182764,0.8192115195656335,0.0,1.6871738000008918,3.438370500000019,24.13140790000034,
usps,P2_NoRobust,,newdata,clean,0.2,5,0.2,1859,0.7231662723166272,0.6058705128928562,0.5226656462347424,2.2083809766132836,1.0,0.028436125115915704,0.8111972011545653,0.0,2.3960689999985334,3.26583550000214,33.02077199999985,
usps,P2_NoRobust,,newdata,clean,0.2,5,0.3,2789,0.7631748763174876,0.6340544630037448,0.5905871127990672,2.2218930028701953,1.0,0.030789393253348642,0.8119599360131449,0.0,1.9360597999984748,3.130864400001883,41.34252329999799,
usps,P2_NoRobust,,newdata,clean,0.2,6,0.05,464,0.6233598623359863,0.5129630575988158,0.4104328600964111,2.271501504925469,1.0,0.01954419318454153,0.8574443604249681,0.0,1.8866978000005474,3.229761000002327,8.696070599999075,
usps,P2_NoRobust,,newdata,clean,0.2,6,0.1,929,0.6256184125618413,0.5185113718712754,0.4164504101047638,2.2377474525969805,1.0,0.02169365690704449,0.8324529373517601,0.0,1.6227897000026132,3.3949997999989137,16.96531529999993,
usps,P2_NoRobust,,newdata,clean,0.2,6,0.15,1394,0.6562701656270166,0.5436883631175683,0.4380133027795072,2.246374124891108,1.0,0.023842637437469623,0.834603944581042,0.0,1.9365505999994639,3.7172881000005873,26.354100199998356,
usps,P2_NoRobust,,newdata,clean,0.2,6,0.2,1859,0.6561626156162615,0.5495262849693902,0.44531199030694996,2.226941158646407,1.0,0.02686674678268404,0.8187446059078298,0.0,2.1035367000004044,3.7329441999972914,35.731960599998274,
usps,P2_NoRobust,,newdata,clean,0.2,6,0.3,2789,0.7119810711981072,0.5985731948049952,0.5001005239669414,2.2266347124163937,1.0,0.02745863884852179,0.8131476378889494,0.0,2.048808799998369,3.504910200001177,44.515539299998636,
usps,P2_NoRobust,,newdata,clean,0.2,7,0.05,464,0.600344160034416,0.5364240183718975,0.43521634789910346,2.272112832867293,1.0,0.019093631743888707,0.8576369394805269,0.0,1.6654180000004999,3.3038129999986268,8.670092299998942,
usps,P2_NoRobust,,newdata,clean,0.2,7,0.1,929,0.6180899118089912,0.5140983311810905,0.3865401455482674,2.2244443819200783,1.0,0.02364377439971236,0.8273393159912479,0.0,2.078364100001636,3.5534617000012076,18.00440829999934,
usps,P2_NoRobust,,newdata,clean,0.2,7,0.15,1394,0.607550010755001,0.5132888329912753,0.40477175543737204,2.233607207433534,1.0,0.023563071970852965,0.823394575458701,0.0,1.7760436999997182,3.579850300000544,26.442087100000208,
usps,P2_NoRobust,,newdata,clean,0.2,7,0.2,1859,0.7092923209292321,0.5985456201835491,0.5045187303362848,2.2569894904912204,1.0,0.02534794396305201,0.8448022413958786,0.0,2.1977993000000424,3.3624019999988377,35.428221199999825,
usps,P2_NoRobust,,newdata,clean,0.2,7,0.3,2789,0.7587653258765326,0.6353089313825012,0.5826744364837717,2.211015804931163,1.0,0.0314113097441999,0.814298565237112,0.0,2.065333599999576,3.2842310999985784,44.29229769999802,
usps,P2_NoExploration,,newdata,clean,0.0,0,0.05,464,0.699075069907507,0.620430316928792,0.5635805955311542,-0.04478800263450099,1.0,0.01986018754305542,0.4099032960057686,0.5913978494623656,3.692056500000035,2.935185399997863,10.16862769999716,
usps,P2_NoExploration,,newdata,clean,0.0,0,0.1,929,0.7623144762314477,0.6380746150567078,0.5926537335672227,-0.036188932590248205,1.0,0.021839249262682957,0.3991698335896256,0.6301075268817204,3.836694699999498,3.1692600999995193,20.332477500000095,
usps,P2_NoExploration,,newdata,clean,0.0,0,0.15,1394,0.7839320283932029,0.6514888790709494,0.6176965565893024,-0.03334711846602044,1.0,0.0237036516391204,0.4420676403468655,0.546236559139785,3.7342482000021846,3.183832499998971,30.30517089999921,
usps,P2_NoExploration,,newdata,clean,0.0,0,0.2,1859,0.795547429554743,0.66159662135974,0.6330976992836601,-0.03351988848354618,1.0,0.02661536969432068,0.45440905725443237,0.546236559139785,3.338997200000449,3.2505670999998983,40.199631899999076,
usps,P2_NoExploration,,newdata,clean,0.0,0,0.3,2789,0.8107119810711981,0.6760774724133582,0.6550093473793954,-0.026944583904269605,1.0,0.02957797250439374,0.48369212113721394,0.4698924731182796,3.45068899999751,3.4408124000001408,50.322815399998944,
usps,P2_NoExploration,,newdata,clean,0.0,1,0.05,464,0.6926220692622069,0.6089948933074799,0.5506900915198812,-0.03818914260297907,1.0,0.019540940952813043,0.41501461564960446,0.5340501792114696,3.5269722000011825,3.0456650000014633,9.885688099999243,
usps,P2_NoExploration,,newdata,clean,0.0,1,0.1,929,0.7502688750268875,0.6252262048390249,0.5763249099807584,-0.03898108790827388,1.0,0.021986695647986824,0.400958585659022,0.6236559139784946,3.5691809999989346,3.0058069999977306,19.517781200000172,
usps,P2_NoExploration,,newdata,clean,0.0,1,0.15,1394,0.7703807270380727,0.6383927685805463,0.5989236696230835,-0.03363364046103378,1.0,0.024353532578325156,0.4297407489149801,0.5483870967741935,3.5363541999977315,3.0092307000013534,29.189149899997574,
usps,P2_NoExploration,,newdata,clean,0.0,1,0.2,1859,0.7841471284147128,0.6503672819250552,0.6167348878892056,-0.031943648629530565,1.0,0.0271860747470487,0.44496216267667793,0.556989247311828,2.840742300002603,3.5407592999981716,39.30852600000071,
usps,P2_NoExploration,,newdata,clean,0.0,1,0.3,2789,0.800387180038718,0.6651428014699213,0.6403031025396436,-0.02803751178240469,1.0,0.03007058639185936,0.47508866642752,0.5032258064516129,3.24819419999767,3.1034395999995468,49.33680599999934,
usps,P2_NoExploration,,newdata,clean,0.0,2,0.05,464,0.6856313185631319,0.6039700308826209,0.542529208931876,-0.042280393206042995,1.0,0.020408836306338933,0.3751579363660146,0.6236559139784946,3.739655600002152,3.0662100999979884,9.925618199999008,
usps,P2_NoExploration,,newdata,clean,0.0,2,0.1,929,0.7445687244568725,0.6159970772404119,0.566139410925841,-0.04090178892134443,1.0,0.022575110110587722,0.3883213930713233,0.6537634408602151,3.3758512000022165,3.1508624000016425,19.817680699998164,
usps,P2_NoExploration,,newdata,clean,0.0,2,0.15,1394,0.7637126263712626,0.6291298732235938,0.5874916180193821,-0.0327765221793836,1.0,0.024436249518284235,0.4271558949223129,0.5612903225806452,3.231564800000342,3.5659685999999056,29.99018950000027,
usps,P2_NoExploration,,newdata,clean,0.0,2,0.2,1859,0.7761884276188428,0.6404307452933313,0.6046524564973077,-0.03437807101197004,1.0,0.027331506671889393,0.44340321895896745,0.546236559139785,3.011413000000175,3.1471668999984104,39.481610899998486,
usps,P2_NoExploration,,newdata,clean,0.0,2,0.3,2789,0.7933964293396429,0.6572505661113829,0.6294188600573305,-0.028131029936300754,1.0,0.03019052233820692,0.4743338313955133,0.4870967741935484,3.1913158999996085,3.58683419999943,49.835868300000584,
usps,P2_NoExploration,,newdata,clean,0.0,3,0.05,464,0.6864917186491719,0.6048240503465911,0.5457488172484967,-0.04153770774305264,1.0,0.01940705315106603,0.4039965584126425,0.5913978494623656,3.046757300002355,3.547708900001453,9.834781599998678,
usps,P2_NoExploration,,newdata,clean,0.0,3,0.1,929,0.7477952247795224,0.6254459346560131,0.5770335670514357,-0.04063937913150237,1.0,0.021860027578841267,0.3976143551609849,0.6301075268817204,3.552629599998909,3.510828299997229,20.090384700000868,
usps,P2_NoExploration,,newdata,clean,0.0,3,0.15,1394,0.7716713271671327,0.6407553041441415,0.601599088721437,-0.032135509087624546,1.0,0.023954396710675875,0.4385160774152766,0.5591397849462365,3.344335999998293,3.3622727999972994,29.877171899999666,
usps,P2_NoExploration,,newdata,clean,0.0,3,0.2,1859,0.7855452785545278,0.6507549457454797,0.6196741595934251,-0.030300795765720676,1.0,0.02695652554272922,0.44875894403585825,0.5526881720430108,3.765763199997309,3.117594800001825,39.8987406999986,
usps,P2_NoExploration,,newdata,clean,0.0,3,0.3,2789,0.803291030329103,0.6668619794307132,0.6450687737538576,-0.026763585944174523,1.0,0.029901486730413693,0.4779141158266093,0.48494623655913977,3.557156399998348,3.0357550000007905,49.5132236999998,
usps,P2_NoExploration,,newdata,clean,0.0,4,0.05,464,0.6405678640567865,0.5692537193146378,0.4890034202599425,-0.05131174167369674,1.0,0.019612974930908206,0.36515570771096,0.6021505376344086,3.596567900000082,3.3424915999967197,10.491377100002865,
usps,P2_NoExploration,,newdata,clean,0.0,4,0.1,929,0.7495160249516025,0.6235897050938205,0.5741885313869342,-0.03890035283679368,1.0,0.02130800543094186,0.41917805104486405,0.5806451612903226,3.7956693999985873,3.237113799998042,21.191830100000516,
usps,P2_NoExploration,,newdata,clean,0.0,4,0.15,1394,0.7712411271241127,0.6379406285970219,0.597880578857032,-0.030688652565418924,1.0,0.023479448494642844,0.43920868090403975,0.5634408602150538,3.477082800000062,3.0698448000002827,30.989374700002372,
usps,P2_NoExploration,,newdata,clean,0.0,4,0.2,1859,0.7830716283071628,0.6469539909000603,0.6134558429305094,-0.03115417807230369,1.0,0.026549151590135614,0.44847473548625105,0.5526881720430108,3.2098546999986866,3.3047716000000946,40.95280230000208,
usps,P2_NoExploration,,newdata,clean,0.0,4,0.3,2789,0.800172080017208,0.6638996398906908,0.638600837711206,-0.02808140381930575,1.0,0.029632336143988205,0.47585251310499765,0.4924731182795699,2.998310799997853,3.5151492999975744,51.02896790000159,
usps,P2_NoExploration,,newdata,clean,0.0,5,0.05,464,0.609378360937836,0.5747315852686447,0.4680047906916091,-0.04177365976997501,1.0,0.02004011824365916,0.39801854031380784,0.5555555555555556,3.2777193000001716,3.2985757000024023,9.873872300002404,
usps,P2_NoExploration,,newdata,clean,0.0,5,0.1,929,0.7607012260701226,0.6267795065594626,0.5843606762986098,-0.04417650174963894,1.0,0.02087927967009783,0.3851850330028483,0.6408602150537634,3.5918665999997756,3.4705118000019866,20.138852500000212,
usps,P2_NoExploration,,newdata,clean,0.0,5,0.15,1394,0.7776941277694128,0.6398445272943538,0.6051936035244856,-0.03368614072775934,1.0,0.023934186818633185,0.42839514018707375,0.5591397849462365,3.289878499999759,3.2064125999968383,30.003855900002236,
usps,P2_NoExploration,,newdata,clean,0.0,5,0.2,1859,0.7874811787481178,0.6476916445584909,0.6194151549046121,-0.03164207047283015,1.0,0.026924188248040767,0.444729956071223,0.5483870967741935,2.89846899999975,3.7876775000004272,40.20786010000302,
usps,P2_NoExploration,,newdata,clean,0.0,5,0.3,2789,0.8063024306302431,0.6684232621202638,0.6472386374823375,-0.027336978255148896,1.0,0.02984370548574704,0.4734641068965517,0.5172043010752688,3.290072699997836,3.1520801999977266,49.905980600000476,
usps,P2_NoExploration,,newdata,clean,0.0,6,0.05,464,0.6420735642073564,0.5703356647215838,0.49866767688106134,-0.04051588822922212,1.0,0.019436359425256667,0.40878883679814665,0.5698924731182796,3.391971699998976,3.084929900000134,9.781693599998107,
usps,P2_NoExploration,,newdata,clean,0.0,6,0.1,929,0.7148849214884921,0.6211059846625157,0.564928975211455,-0.03671800441606694,1.0,0.02183978394982619,0.41887003550285934,0.5419354838709678,3.5907251999997243,3.459876000000804,19.980968199997733,
usps,P2_NoExploration,,newdata,clean,0.0,6,0.15,1394,0.7623144762314477,0.6341677262940844,0.5970393236397171,-0.034879165679926515,1.0,0.024427250273813768,0.4240531835664985,0.5956989247311828,3.2061983999992663,3.51144579999891,30.067455799999152,
usps,P2_NoExploration,,newdata,clean,0.0,6,0.2,1859,0.7814583781458379,0.6482939194124427,0.6182094704412457,-0.030405175366576206,1.0,0.02697398320516493,0.4515637194597593,0.5591397849462365,3.1491022000009252,3.149207299997215,39.8541879000004,
usps,P2_NoExploration,,newdata,clean,0.0,6,0.3,2789,0.8051193805119381,0.6700652657076986,0.6498473396408923,-0.02645652016352051,1.0,0.029912631667759544,0.4824599752342829,0.49032258064516127,3.4872783000027994,3.041479799998342,49.81685970000035,
usps,P2_NoExploration,,newdata,clean,0.0,7,0.05,464,0.700580770058077,0.6116324069098766,0.5526328799357675,-0.04188214615396965,1.0,0.019785927297531272,0.3914082304818229,0.6057347670250897,3.5675658000000112,3.3049491999991005,10.059789099999762,
usps,P2_NoExploration,,newdata,clean,0.0,7,0.1,929,0.7550010755001075,0.625320657025272,0.5780410417186119,-0.03753850093599536,1.0,0.021747381684088345,0.4029328044704212,0.6258064516129033,3.4504775000023074,3.602154899999732,20.469411899997795,
usps,P2_NoExploration,,newdata,clean,0.0,7,0.15,1394,0.7701656270165627,0.6348886344620506,0.5954756168626335,-0.03377160611641117,1.0,0.024139490141026586,0.4316854141732698,0.5483870967741935,3.604443500000343,3.5185296000017843,30.801991699998325,
usps,P2_NoExploration,,newdata,clean,0.0,7,0.2,1859,0.7808130780813078,0.6442419279394354,0.6103798517478866,-0.03273679331213193,1.0,0.027117748259549105,0.44417213425841384,0.578494623655914,3.407764599996881,3.4444078000014997,40.69909279999774,
usps,P2_NoExploration,,newdata,clean,0.0,7,0.3,2789,0.798881479888148,0.6622954718188739,0.6372415437032631,-0.028405854130462187,1.0,0.030004942002514738,0.47498963502466035,0.4946236559139785,3.6316432999992685,3.383196599999792,50.76511639999808,
usps,P2_NoExploration,,newdata,clean,0.2,0,0.05,464,0.6836954183695418,0.5841479391175315,0.5311090379038732,-0.043584159453049075,1.0,0.019290163779204426,0.42477779715291913,0.5555555555555556,3.9765127999999095,3.285102600002574,10.311390499999106,
usps,P2_NoExploration,,newdata,clean,0.2,0,0.1,929,0.7317702731770274,0.5822508311624303,0.5458827359880258,-0.031368812374564306,1.0,0.019829963134192215,0.4531251192894033,0.535483870967742,3.6142136000016762,3.5608664999999746,20.53695610000068,
usps,P2_NoExploration,,newdata,clean,0.2,0,0.15,1394,0.7471499247149924,0.5824648110776927,0.5599330398207476,-0.02780806275176662,1.0,0.02167400998809593,0.5029980267728529,0.4860215053763441,3.855872100000852,3.5441628000007768,31.157542799999646,
usps,P2_NoExploration,,newdata,clean,0.2,0,0.2,1859,0.7538180253818025,0.5802772658749231,0.5647209940588304,-0.023963870871298795,1.0,0.02449698834537696,0.5223982210761757,0.4559139784946237,3.4385615999999573,3.286186599998473,41.201491499999975,
usps,P2_NoExploration,,newdata,clean,0.2,0,0.3,2789,0.7519896751989675,0.5664668828479734,0.5597501684743323,-0.021747664464344476,1.0,0.027448667130554865,0.5485253376826164,0.28817204301075267,3.3202591000008397,3.0547713000014483,51.155529199997545,
usps,P2_NoExploration,,newdata,clean,0.2,1,0.05,464,0.5604431060443106,0.5366523115499383,0.4269291516181792,-0.037954221683105076,1.0,0.01892217250201195,0.4307569797855124,0.5483870967741935,3.6856697000002896,2.93929780000326,9.935577200001717,
usps,P2_NoExploration,,newdata,clean,0.2,1,0.1,929,0.7244568724456872,0.5790447779521563,0.5377569840266285,-0.041753704482114774,1.0,0.019879893048692327,0.4144561532524324,0.632258064516129,3.6868102999978873,3.149822100000165,19.786104400001932,
usps,P2_NoExploration,,newdata,clean,0.2,1,0.15,1394,0.7458593245859324,0.5853164959624905,0.5588705230615376,-0.026659387495449115,1.0,0.02123523774572844,0.5076278835855504,0.4967741935483871,3.4918332999986887,3.1110946999979205,29.525353500001074,
usps,P2_NoExploration,,newdata,clean,0.2,1,0.2,1859,0.7540331254033126,0.5849954102655147,0.5669881693769004,-0.022503712393197435,1.0,0.024129023556419892,0.523588685082492,0.4645161290322581,3.3823923000018112,3.0577180000000226,39.098798000002716,
usps,P2_NoExploration,,newdata,clean,0.2,1,0.3,2789,0.7565067756506776,0.574183365580443,0.5649432889852724,-0.020616513215417513,1.0,0.02717854893801428,0.5470194935157735,0.29354838709677417,3.5901145999996515,3.2656309999983932,49.171572999999626,
usps,P2_NoExploration,,newdata,clean,0.2,2,0.05,464,0.7111206711120671,0.5802562320741037,0.5299019607574934,-0.03731308822958092,1.0,0.019184454670895842,0.4090669178620889,0.5627240143369175,3.307065600001806,3.4403909999964526,10.27999710000222,
usps,P2_NoExploration,,newdata,clean,0.2,2,0.1,929,0.7424177242417724,0.5886730291885474,0.5562938898811566,-0.03368604824588367,1.0,0.019408361683101217,0.47343659027609775,0.4817204301075269,3.633837199999107,3.0324749999999767,20.057552000002033,
usps,P2_NoExploration,,newdata,clean,0.2,2,0.15,1394,0.7530651753065175,0.5885047922631681,0.5683760024698167,-0.02869833910946965,1.0,0.022010102628977138,0.4903643764956023,0.4946236559139785,3.299296499997581,3.4250900999977603,29.879756400001497,
usps,P2_NoExploration,,newdata,clean,0.2,2,0.2,1859,0.7555388255538825,0.5824419333099793,0.5704339368916072,-0.025624548284069376,1.0,0.0249148670028635,0.5069012780984242,0.47956989247311826,3.0834675999976753,3.2206679999981134,39.56584120000116,
usps,P2_NoExploration,,newdata,clean,0.2,2,0.3,2789,0.7539255753925576,0.566407221261904,0.5635514525100669,-0.02168909797385637,1.0,0.027884509427240606,0.534763634172819,0.3860215053763441,4.615307799998845,2.8893654999992577,51.292501300002186,
usps,P2_NoExploration,,newdata,clean,0.2,3,0.05,464,0.5891589589158959,0.5446616067868733,0.44357372225471026,-0.03973286652679763,1.0,0.01881026331073408,0.4228667851043431,0.5519713261648745,3.9289761,3.250291800002742,10.711382000001322,
usps,P2_NoExploration,,newdata,clean,0.2,3,0.1,929,0.7444611744461175,0.5916292971018986,0.5581183052129074,-0.03957568693731487,1.0,0.01899368139395042,0.428671573182588,0.6129032258064516,3.810955799999647,3.287467400001333,21.03275290000238,
usps,P2_NoExploration,,newdata,clean,0.2,3,0.15,1394,0.7582275758227576,0.5973595026244303,0.5710644436024133,-0.027120510767319438,1.0,0.02118358718839708,0.5035359648607111,0.4817204301075269,3.6155601999998908,3.2130794000004244,30.989652899999783,
usps,P2_NoExploration,,newdata,clean,0.2,3,0.2,1859,0.7579049257904926,0.5888494697222916,0.5685988670868463,-0.02507220682059166,1.0,0.024152420201442856,0.5174964574075515,0.4881720430107527,3.559649200000422,3.253898899998603,41.00110570000106,
usps,P2_NoExploration,,newdata,clean,0.2,3,0.3,2789,0.7537104753710475,0.5731295304497737,0.5586736093001554,-0.020521378774328965,1.0,0.027146511917340337,0.541740516493077,0.33440860215053764,3.4272587999985262,3.3112048000002687,50.87204430000202,
usps,P2_NoExploration,,newdata,clean,0.2,4,0.05,464,0.6195956119595611,0.5344655027513723,0.4651479385794988,-0.04924294276513274,1.0,0.01841729003885634,0.3999022230986626,0.5483870967741935,3.547745899999427,2.923891200000071,10.006535099997564,
usps,P2_NoExploration,,newdata,clean,0.2,4,0.1,929,0.704129920412992,0.5677308699997926,0.5267085379895219,-0.03478728358111009,1.0,0.019985264933684976,0.4500953828615527,0.5311827956989247,3.6073771999981545,3.3030917000032787,20.136703000000125,
usps,P2_NoExploration,,newdata,clean,0.2,4,0.15,1394,0.7261776726177672,0.5709412172143383,0.5456223646443457,-0.02794162024826896,1.0,0.021773226701625546,0.49209743154946195,0.4774193548387097,3.7088581999996677,2.887363900001219,30.01611469999989,
usps,P2_NoExploration,,newdata,clean,0.2,4,0.2,1859,0.7370402237040223,0.5690605258223381,0.5532884907787093,-0.02499951986004601,1.0,0.02445774468939696,0.514569157121643,0.4731182795698925,3.224402199997712,2.915366900000663,39.75420419999864,
usps,P2_NoExploration,,newdata,clean,0.2,4,0.3,2789,0.7465046246504624,0.5619329697707488,0.5575258923265459,-0.02148709988644117,1.0,0.027365835531342746,0.5409012118013956,0.3161290322580645,3.347659900002327,3.0763786999996228,49.76019939999969,
usps,P2_NoExploration,,newdata,clean,0.2,5,0.05,464,0.6518606151860615,0.5732431138788898,0.5127508570607309,-0.041200067822726595,1.0,0.01934224166362343,0.4172273361020618,0.5663082437275986,3.7624959999993735,3.094946599998366,10.046742999998969,
usps,P2_NoExploration,,newdata,clean,0.2,5,0.1,929,0.7310174231017423,0.590693802330264,0.5490143308122765,-0.031054259118241907,1.0,0.01890686135582541,0.4644299875504227,0.5290322580645161,3.5005576999974437,3.1812850999995135,19.882002099999227,
usps,P2_NoExploration,,newdata,clean,0.2,5,0.15,1394,0.7419875241987525,0.5855004099175896,0.5554639287709393,-0.027927051174079492,1.0,0.022053583807425302,0.4948748324186571,0.4774193548387097,3.4053272000019206,3.5624298000002455,30.34519899999941,
usps,P2_NoExploration,,newdata,clean,0.2,5,0.2,1859,0.7518821251882125,0.583923573995524,0.5644412047399249,-0.023625930831531684,1.0,0.024983434206489675,0.509589517741434,0.4881720430107527,3.227655999999115,3.3440047999974922,40.15703709999798,
usps,P2_NoExploration,,newdata,clean,0.2,5,0.3,2789,0.7531727253172725,0.5684268976496912,0.5610316203323079,-0.020899583937317827,1.0,0.027878135311196643,0.5368961455520763,0.35591397849462364,3.5794530999992276,3.1443704000012076,50.468990499997744,
usps,P2_NoExploration,,newdata,clean,0.2,6,0.05,464,0.6369111636911163,0.5560047226247146,0.48723985764491323,-0.04091830067946041,1.0,0.01954419318454153,0.41326681193378234,0.5519713261648745,3.7457202000005054,2.9516302999982145,10.033776299998863,
usps,P2_NoExploration,,newdata,clean,0.2,6,0.1,929,0.700258120025812,0.5728137525216016,0.5241333881402507,-0.036088763441676316,1.0,0.020383423168890507,0.4528209082862382,0.546236559139785,3.292224699998769,3.3729147000012745,20.04177659999914,
usps,P2_NoExploration,,newdata,clean,0.2,6,0.15,1394,0.7256399225639922,0.5795009622580396,0.5455614996352747,-0.026881762059138472,1.0,0.021941196169379257,0.4990232673543756,0.5075268817204301,3.3194254000009096,3.1788779999988037,30.147498300000734,
usps,P2_NoExploration,,newdata,clean,0.2,6,0.2,1859,0.7348892234889224,0.5762490187526061,0.552596663182725,-0.02325403653760213,1.0,0.024753816267764787,0.5170473813049254,0.4881720430107527,2.60405560000072,3.024711000001844,38.63971160000074,
usps,P2_NoExploration,,newdata,clean,0.2,6,0.3,2789,0.7430630243063024,0.567435164140936,0.5533932409179682,-0.01978407067329475,1.0,0.027653894139512854,0.5469780053262429,0.3580645161290323,2.701858299999003,2.6869053000009444,46.80987129999994,
usps,P2_NoExploration,,newdata,clean,0.2,7,0.05,464,0.6888578188857819,0.5913622437037425,0.5398247160190646,-0.03976311876345528,1.0,0.019093631743888707,0.41412975874105235,0.5448028673835126,2.852497300002142,2.6064044999984617,8.23382489999858,
usps,P2_NoExploration,,newdata,clean,0.2,7,0.1,929,0.7360722736072274,0.5895107940494161,0.554633051312651,-0.03291679495170921,1.0,0.020001493535639202,0.4521674008779628,0.5483870967741935,2.8229759999994712,2.5528919999997015,16.429648400000588,
usps,P2_NoExploration,,newdata,clean,0.2,7,0.15,1394,0.7482254248225425,0.5857830985266514,0.5628561600307976,-0.028663828327073905,1.0,0.021835339528010346,0.4971496242669321,0.4752688172043011,2.9108606000008876,2.63742959999945,24.647174300000188,
usps,P2_NoExploration,,newdata,clean,0.2,7,0.2,1859,0.7537104753710475,0.5827048315508612,0.5671347851043083,-0.02285054415833689,1.0,0.024592536950565586,0.5150529052140892,0.47956989247311826,2.7730687000002945,2.5803738000031444,32.687661600000865,
usps,P2_NoExploration,,newdata,clean,0.2,7,0.3,2789,0.7552161755216176,0.5702961114365571,0.5658422242562886,-0.021514433947734862,1.0,0.027559535479336674,0.5419124971874939,0.33978494623655914,2.3407227999996394,2.7541647999969427,40.52554890000101,
usps,P2_NoRedundancy,,newdata,clean,0.0,0,0.05,464,0.693374919337492,0.6204206779324652,0.5607477515654243,-0.017606618703702295,1.0,0.01986018754305542,0.5901445897035701,0.2867383512544803,1.2641285999998217,2.9223039999997127,7.008172400001058,
usps,P2_NoRedundancy,,newdata,clean,0.0,0,0.1,929,0.7765110776511077,0.6489394085263495,0.6068735212888813,-0.018703310905468847,1.0,0.023039015672815306,0.5676274597003895,0.3139784946236559,1.5684021000015491,2.5731379999997444,13.826346500001819,
usps,P2_NoRedundancy,,newdata,clean,0.0,0,0.15,1394,0.808453430845343,0.6761099644649099,0.6519656337323982,-0.014350468315403682,1.0,0.024800652928443728,0.5890655347416478,0.26881720430107525,1.174766099997214,2.5403648000028625,20.359940700000152,
usps,P2_NoRedundancy,,newdata,clean,0.0,0,0.2,1859,0.8231877823187782,0.6929107189702637,0.6753337226887749,-0.024985763417376447,1.0,0.02809766822688136,0.5321232980938368,0.32688172043010755,1.4248014000004332,2.617444700001215,27.264006600002176,
usps,P2_NoRedundancy,,newdata,clean,0.0,0,0.3,2789,0.8537319853731985,0.7308747458510184,0.7241291959817593,-0.018233998410445745,1.0,0.031211223272173537,0.559162062534722,0.32150537634408605,1.6095281000016257,2.971939899998688,34.68478180000238,
usps,P2_NoRedundancy,,newdata,clean,0.0,1,0.05,464,0.691546569154657,0.6126157590291782,0.554658822443219,-0.017432376650454422,1.0,0.019540940952813043,0.592955285983701,0.2867383512544803,1.4972780999996758,2.8847258999994665,7.709419599999819,
usps,P2_NoRedundancy,,newdata,clean,0.0,1,0.1,929,0.7740374274037427,0.6415849231158661,0.6028636862839112,-0.018520831333730826,1.0,0.0230034302164021,0.5683138722053138,0.3096774193548387,1.4965783999978157,3.3088648000011744,15.314079099996889,
usps,P2_NoRedundancy,,newdata,clean,0.0,1,0.15,1394,0.8051193805119381,0.6711429810891012,0.6478651576652812,-0.014832465560334648,1.0,0.024840096473358997,0.588757917445193,0.2731182795698925,1.4970280999987153,3.3543520999992325,23.664063699998223,
usps,P2_NoRedundancy,,newdata,clean,0.0,1,0.2,1859,0.8226500322650032,0.6907652625111984,0.674307662232574,-0.024433292745249816,1.0,0.028147416410249548,0.5306167461859282,0.3311827956989247,1.2193117000024358,2.7787790000002133,30.797702500000014,
usps,P2_NoRedundancy,,newdata,clean,0.0,1,0.3,2789,0.8544848354484835,0.7306574596299541,0.7251356828143749,-0.01851174964472041,1.0,0.03124989025907647,0.5575638116848084,0.32365591397849464,1.3098167999996804,2.740916399998241,37.462219999997615,
usps,P2_NoRedundancy,,newdata,clean,0.0,2,0.05,464,0.6804689180468918,0.6033460273635,0.5366300886313748,-0.019463707029734538,1.0,0.020408836306338933,0.570116589253094,0.32974910394265233,1.564300899997761,3.1056547999978648,7.697378100001515,
usps,P2_NoRedundancy,,newdata,clean,0.0,2,0.1,929,0.7804904280490428,0.6468466908135359,0.6095647189981872,-0.016717870705312176,1.0,0.02212995299171354,0.5871532290533025,0.27741935483870966,1.2090432000004512,2.9103681999986293,15.30012540000098,
usps,P2_NoRedundancy,,newdata,clean,0.0,2,0.15,1394,0.8070552807055281,0.6738473788481212,0.6503713821292065,-0.013575924049429958,1.0,0.024824035721726857,0.5926419691693399,0.25591397849462366,1.5029370000011113,3.0962082000005466,22.875239100001636,
usps,P2_NoRedundancy,,newdata,clean,0.0,2,0.2,1859,0.8227575822757582,0.6912552918660794,0.6746563068403273,-0.02135471484410989,1.0,0.02816618830960896,0.5304590902661764,0.3333333333333333,1.3605167999994592,2.6738521000006585,29.528688300000795,
usps,P2_NoRedundancy,,newdata,clean,0.0,2,0.3,2789,0.8552376855237686,0.7322642321847386,0.7261645884719703,-0.0186963281257615,1.0,0.031249971792083497,0.5592812091753047,0.32150537634408605,1.5526403000003484,3.0259550999981,37.03588520000267,
usps,P2_NoRedundancy,,newdata,clean,0.0,3,0.05,464,0.6872445687244568,0.615821513129284,0.556255155343651,-0.01746054953973981,1.0,0.01940705315106603,0.5981807438222738,0.2939068100358423,1.6073170000017853,2.7449053000018466,7.24781190000067,
usps,P2_NoRedundancy,,newdata,clean,0.0,3,0.1,929,0.7710260271026027,0.6438646412786686,0.6005942590224614,-0.01789509771153976,1.0,0.023049707909538617,0.568351260404433,0.31827956989247314,1.4420035000002827,3.1754771000014443,15.018888099999458,
usps,P2_NoRedundancy,,newdata,clean,0.0,3,0.15,1394,0.803613680361368,0.670877880392013,0.6459997858036528,-0.0161102460274343,1.0,0.02475842418777353,0.5914722635220456,0.2645161290322581,1.025855899999442,2.7622594999993453,21.4521421999998,
usps,P2_NoRedundancy,,newdata,clean,0.0,3,0.2,1859,0.8208216820821682,0.6895450789590968,0.6715095812413834,-0.022140582518452176,1.0,0.028067002489374496,0.5374305088032958,0.3204301075268817,1.2987050999981875,2.8120825000005425,28.26983079999991,
usps,P2_NoRedundancy,,newdata,clean,0.0,3,0.3,2789,0.8558829855882986,0.7332072087011035,0.7270764006037077,-0.018887142406964465,1.0,0.031220225782709554,0.5591251549381082,0.32365591397849464,1.0365223999979207,2.670374500001344,35.11851799999931,
usps,P2_NoRedundancy,,newdata,clean,0.0,4,0.05,464,0.6854162185416218,0.6142825346158152,0.5530808993126866,-0.016892667840679127,1.0,0.019612974930908206,0.6055945100322846,0.3046594982078853,1.4753002999968885,2.22916620000251,6.4966653999981645,
usps,P2_NoRedundancy,,newdata,clean,0.0,4,0.1,929,0.7695203269520327,0.643305693164667,0.5987639969827308,-0.01883034309993615,1.0,0.023246441610862513,0.5654298743253113,0.3247311827956989,1.5021005000016885,2.56734890000007,13.686050399999658,
usps,P2_NoRedundancy,,newdata,clean,0.0,4,0.15,1394,0.8069477306947731,0.6733489087130686,0.6494669616456931,-0.015019254165678541,1.0,0.024830424440404626,0.5921162182605395,0.25806451612903225,1.1740967000005185,2.6059620000014547,20.216370300000563,
usps,P2_NoRedundancy,,newdata,clean,0.0,4,0.2,1859,0.8203914820391482,0.6890225476589403,0.6708095460019979,-0.02496494809760189,1.0,0.02808804356488269,0.5292040298702896,0.33548387096774196,1.4590131000004476,2.660622200000944,27.169602800000575,
usps,P2_NoRedundancy,,newdata,clean,0.0,4,0.3,2789,0.8531942353194235,0.7294093859286161,0.7229420037433831,-0.018568121674854207,1.0,0.031169780090322806,0.5587606804345244,0.32365591397849464,1.3672660000011092,2.617467799998849,33.763654499998665,
usps,P2_NoRedundancy,,newdata,clean,0.0,5,0.05,464,0.6645515164551516,0.5933533684694576,0.5256888620822553,-0.019051393376299474,1.0,0.02004011824365916,0.5868250570096423,0.3154121863799283,1.1877844000009645,2.7416039999989152,6.792204199999105,
usps,P2_NoRedundancy,,newdata,clean,0.0,5,0.1,929,0.7807055280705528,0.6476040453863977,0.6114558100342488,-0.017980574793414163,1.0,0.021664841158688754,0.5761787477680432,0.30752688172043013,1.4019109000000753,2.824773300002562,13.878839099998004,
usps,P2_NoRedundancy,,newdata,clean,0.0,5,0.15,1394,0.807162830716283,0.6735332860566988,0.6508449126401337,-0.013511499265566508,1.0,0.02479786132460893,0.5925303321692251,0.26881720430107525,1.2186908000003314,2.6796766000006755,20.664957400000276,
usps,P2_NoRedundancy,,newdata,clean,0.0,5,0.2,1859,0.8234028823402882,0.6912960520528529,0.6759984393313719,-0.022164601181368843,1.0,0.02815041588264478,0.532903534398284,0.32688172043010755,1.1341131000008318,2.6933121000001847,27.353758299999754,
usps,P2_NoRedundancy,,newdata,clean,0.0,5,0.3,2789,0.8556678855667885,0.7323006563282948,0.7270139728408368,-0.01759888088727581,1.0,0.03127619991987494,0.5601534012024121,0.3172043010752688,1.347451400000864,2.6197730000021693,34.17649139999776,
usps,P2_NoRedundancy,,newdata,clean,0.0,6,0.05,464,0.6846633684663368,0.6125502895331114,0.5519444985309127,-0.01661883166853908,1.0,0.019436359425256667,0.5922697130924485,0.3046594982078853,1.0741611999983434,2.563243299999158,6.362388500001543,
usps,P2_NoRedundancy,,newdata,clean,0.0,6,0.1,929,0.7704882770488277,0.6430613714823225,0.600898163501269,-0.018280485294395323,1.0,0.02326576445280548,0.5660770471378039,0.31827956989247314,1.2026069999992615,3.095367300000362,13.532854199998837,
usps,P2_NoRedundancy,,newdata,clean,0.0,6,0.15,1394,0.804796730479673,0.6724325499340844,0.6477586794803851,-0.01571714417630786,1.0,0.02482355265711888,0.5875849580572498,0.2752688172043011,0.9940845000019181,2.7192385000016657,19.80941900000107,
usps,P2_NoRedundancy,,newdata,clean,0.0,6,0.2,1859,0.8211443321144332,0.6904867098430318,0.6727068965117066,-0.02245791245679184,1.0,0.028113132953815175,0.530053466910957,0.3333333333333333,1.3815172000031453,2.6831545999993978,26.761338799999066,
usps,P2_NoRedundancy,,newdata,clean,0.0,6,0.3,2789,0.8527640352764035,0.7299412793553434,0.7227099669536831,-0.0193448188228849,1.0,0.031233962468777493,0.5598817620226132,0.3172043010752688,1.3261515999984113,2.829029000000446,33.67974340000001,
usps,P2_NoRedundancy,,newdata,clean,0.0,7,0.05,464,0.6899333189933319,0.6154419338123511,0.554911800747618,-0.016323253854565737,1.0,0.019785927297531272,0.5871924463672877,0.31899641577060933,1.5579064000012295,2.531458900000871,6.847675100001652,
usps,P2_NoRedundancy,,newdata,clean,0.0,7,0.1,929,0.7719939771993978,0.6420735636825454,0.59978815162549,-0.018230713456810273,1.0,0.02295827576951805,0.5689940426618822,0.3139784946236559,1.403928799998539,2.756902600001922,13.931356900000537,
usps,P2_NoRedundancy,,newdata,clean,0.0,7,0.15,1394,0.806625080662508,0.6740921936126529,0.6496257381944781,-0.015013952949980952,1.0,0.02475949648017598,0.5904490546834085,0.2623655913978495,1.1640229999975418,2.7947858000006818,20.853963400000794,
usps,P2_NoRedundancy,,newdata,clean,0.0,7,0.2,1859,0.8225424822542482,0.6917887819343992,0.67450675086062,-0.023528808439737692,1.0,0.028028923406848892,0.5313605523558074,0.33548387096774196,1.3382397000023047,2.686905000002298,27.550676300001214,
usps,P2_NoRedundancy,,newdata,clean,0.0,7,0.3,2789,0.8544848354484835,0.7310608907732355,0.7251773202959829,-0.019760249264946465,1.0,0.031123300482100137,0.5604228715422332,0.3161290322580645,1.3147561000005226,2.535694700000022,34.042437100000825,
usps,P2_NoRedundancy,,newdata,clean,0.2,0,0.05,464,0.6784254678425468,0.5946738265151146,0.5395580090335862,-0.01716273620009318,1.0,0.019290163779204426,0.6013688278721652,0.2903225806451613,1.6866278999987117,2.5991155999981856,6.939508800001931,
usps,P2_NoRedundancy,,newdata,clean,0.2,0,0.1,929,0.7413422241342225,0.5955806246389526,0.561833270693239,-0.015939202963833287,1.0,0.021449078248162144,0.5922459308819105,0.28817204301075267,1.5159004000015557,2.6270619000024453,13.847232899999653,
usps,P2_NoRedundancy,,newdata,clean,0.2,0,0.15,1394,0.7646805764680576,0.6048207871355474,0.5889796270983422,-0.010895668865832805,1.0,0.02270256445998387,0.6223912547352494,0.2172043010752688,1.1052501000012853,2.7233976000024995,20.325180399999226,
usps,P2_NoRedundancy,,newdata,clean,0.2,0,0.2,1859,0.7759733275973327,0.6071099055433237,0.6004817984678945,-0.020678888198434105,1.0,0.02573455290069956,0.5707903981529256,0.26021505376344084,1.4977749999998196,3.1154289999976754,27.579184800000803,
usps,P2_NoRedundancy,,newdata,clean,0.2,0,0.3,2789,0.7913529791352979,0.6129350974072384,0.6159175053694392,-0.013939347881755697,1.0,0.028738068726783566,0.6017128063305732,0.22903225806451613,1.0079733000020497,2.870763099999749,34.20198920000257,
usps,P2_NoRedundancy,,newdata,clean,0.2,1,0.05,464,0.6589589158958916,0.582892170706389,0.5223341956989517,-0.016915517436958596,1.0,0.01892217250201195,0.6063962814575028,0.2939068100358423,1.052632499999163,2.498517500000162,5.970243499999924,
usps,P2_NoRedundancy,,newdata,clean,0.2,1,0.1,929,0.7514519251451925,0.6016999172900337,0.5679497848311763,-0.015994401424265926,1.0,0.02092977469297748,0.6038456858486257,0.25806451612903225,1.35821980000037,2.274645600002259,11.809750199998234,
usps,P2_NoRedundancy,,newdata,clean,0.2,1,0.15,1394,0.7745751774575177,0.614043332232309,0.5991469659713884,-0.011433875862750959,1.0,0.022719294139637948,0.6219906987041556,0.20430107526881722,1.1176269999996293,2.4446925000011106,17.683154599999398,
usps,P2_NoRedundancy,,newdata,clean,0.2,1,0.2,1859,0.7811357281135728,0.6131662556588487,0.6056174478727275,-0.02053996538837592,1.0,0.02583138124175748,0.5684871727420437,0.2645161290322581,1.0516786000007414,2.2587779000023147,23.266977200000838,
usps,P2_NoRedundancy,,newdata,clean,0.2,1,0.3,2789,0.796192729619273,0.619596580804498,0.6208865338295948,-0.014682512479465806,1.0,0.028917932221866543,0.5973017007593185,0.23655913978494625,0.827011000001221,2.4258181000004697,28.754621500000212,
usps,P2_NoRedundancy,,newdata,clean,0.2,2,0.05,464,0.6744461174446117,0.5924796723278151,0.5332194556184454,-0.017202103649008964,1.0,0.019184454670895842,0.5934260587431623,0.3154121863799283,1.2679215999996813,2.1513587000008556,5.749728200000391,
usps,P2_NoRedundancy,,newdata,clean,0.2,2,0.1,929,0.7627446762744676,0.6109186420986056,0.5823037795431272,-0.014455249694818649,1.0,0.02073763284538587,0.6071320787713091,0.25806451612903225,1.3928684999991674,2.2316811999990023,11.563482400000794,
usps,P2_NoRedundancy,,newdata,clean,0.2,2,0.15,1394,0.7837169283716928,0.6218382369920996,0.6096873825405883,-0.010242935568402039,1.0,0.02266665590547549,0.6260233068017549,0.2064516129032258,1.2221243000021786,2.3072243000024173,17.419011100002535,
usps,P2_NoRedundancy,,newdata,clean,0.2,2,0.2,1859,0.7860830286083028,0.6191921020091736,0.6113708384416606,-0.01685894936876926,1.0,0.02567479105027489,0.5714885133248504,0.2731182795698925,1.1117038000011235,2.3122566000020015,23.255825100000948,
usps,P2_NoRedundancy,,newdata,clean,0.2,2,0.3,2789,0.797913529791353,0.6206001607021865,0.621422131489768,-0.014007949291975312,1.0,0.028835844485455935,0.5985477698906776,0.23763440860215054,1.2538980999997875,2.2343314999998256,29.05166200000167,
usps,P2_NoRedundancy,,newdata,clean,0.2,3,0.05,464,0.6430415143041515,0.5704107102142161,0.508794629050952,-0.015833654830351887,1.0,0.01881026331073408,0.6085228959238658,0.2939068100358423,0.9970448000021861,2.3653415000007953,5.6856763000032515,
usps,P2_NoRedundancy,,newdata,clean,0.2,3,0.1,929,0.7561841256184125,0.605443363805058,0.5723454882086484,-0.014690247475120237,1.0,0.020126215128712977,0.6049223991491461,0.2709677419354839,1.1777232000022195,2.3452534999996715,11.354345800002193,
usps,P2_NoRedundancy,,newdata,clean,0.2,3,0.15,1394,0.7796300279630028,0.6171798288538036,0.6043145133746886,-0.012664232790107517,1.0,0.02241345027336431,0.6288844113869052,0.2064516129032258,1.1714696000017284,2.4299241000007896,17.457860600003187,
usps,P2_NoRedundancy,,newdata,clean,0.2,3,0.2,1859,0.7840395784039579,0.6161540095718802,0.6074620337762369,-0.018337404656680205,1.0,0.025636146408266183,0.5766578435897827,0.2537634408602151,1.3310397999994166,2.3138743999988947,23.293338700001186,
usps,P2_NoRedundancy,,newdata,clean,0.2,3,0.3,2789,0.800172080017208,0.623304796814619,0.6260670642165775,-0.014457036861599463,1.0,0.02878390508976796,0.6000395463519199,0.23225806451612904,1.0700806999993802,2.5124912000028417,29.234928000001673,
usps,P2_NoRedundancy,,newdata,clean,0.2,4,0.05,464,0.6736932673693268,0.5904906356624476,0.5366007695592656,-0.013890450427673446,1.0,0.01841729003885634,0.6304937799237536,0.24372759856630824,0.9989296000021568,2.0715287000020908,5.313990400001785,
usps,P2_NoRedundancy,,newdata,clean,0.2,4,0.1,929,0.7484405248440524,0.595575152096886,0.5657770065978621,-0.01657085172050736,1.0,0.021604390658042885,0.5872812420290003,0.2903225806451613,1.265371800000139,2.6011457000022347,11.417352500000561,
usps,P2_NoRedundancy,,newdata,clean,0.2,4,0.15,1394,0.7682297268229726,0.6042249431138487,0.589903444681826,-0.011604235851954218,1.0,0.022746129602859835,0.6246569713597656,0.210752688172043,1.0735804999967513,2.3524481000022206,17.195986200000334,
usps,P2_NoRedundancy,,newdata,clean,0.2,4,0.2,1859,0.7778016777801677,0.6060907296849762,0.5998492862172615,-0.020950637691599796,1.0,0.02569443054959965,0.5678576859735673,0.2623655913978495,0.9825880999997025,2.4026612999987265,23.05421760000172,
usps,P2_NoRedundancy,,newdata,clean,0.2,4,0.3,2789,0.7932888793288879,0.6123241455774809,0.6158940471389214,-0.0141033846739634,1.0,0.028667373191042126,0.6006910292211399,0.23010752688172043,0.9942062999980408,2.1439389000006486,28.5601788999993,
usps,P2_NoRedundancy,,newdata,clean,0.2,5,0.05,464,0.6604646160464616,0.5765793197245892,0.51414765549214,-0.01847063307873123,1.0,0.01934224166362343,0.6007657152029776,0.3046594982078853,1.315162999999302,2.251556300001539,6.063355899997987,
usps,P2_NoRedundancy,,newdata,clean,0.2,5,0.1,929,0.7493009249300925,0.6018791593976726,0.5663690532630915,-0.01562786475307364,1.0,0.020445523031559498,0.5984488261643276,0.27956989247311825,1.4048393000011856,2.4371468999997887,12.08563619999768,
usps,P2_NoRedundancy,,newdata,clean,0.2,5,0.15,1394,0.7688750268875026,0.6092128323087155,0.5910082239043181,-0.010342376410912086,1.0,0.0227257784323864,0.6236031409873757,0.1978494623655914,1.0293474000027345,2.1861196999998356,17.672249199997168,
usps,P2_NoRedundancy,,newdata,clean,0.2,5,0.2,1859,0.7760808776080877,0.6078107603826418,0.5978428609249642,-0.018245058223527667,1.0,0.02583747374689075,0.5707179508542501,0.2645161290322581,1.0072956000003614,2.163172199998371,23.26390949999768,
usps,P2_NoRedundancy,,newdata,clean,0.2,5,0.3,2789,0.7896321789632179,0.6115862254943877,0.6115014462435757,-0.013129939167912906,1.0,0.028885023517718,0.599133838713169,0.24086021505376345,0.8503713999998581,2.49061779999829,28.79994689999876,
usps,P2_NoRedundancy,,newdata,clean,0.2,6,0.05,464,0.694665519466552,0.5891119305236665,0.5333950517922359,-0.017482325285043517,1.0,0.01954419318454153,0.5908628685873897,0.3046594982078853,1.3269115000002785,2.2049762000024202,5.784757499997795,
usps,P2_NoRedundancy,,newdata,clean,0.2,6,0.1,929,0.7490858249085824,0.6040263180854861,0.5728856613234241,-0.01234524501809691,1.0,0.02022193401530585,0.6239671208204761,0.23440860215053763,1.240583400001924,2.2599535999979707,11.620462699997006,
usps,P2_NoRedundancy,,newdata,clean,0.2,6,0.15,1394,0.7709184770918477,0.6124094021787428,0.595255623002213,-0.011521659359560735,1.0,0.022644083819835015,0.6221303389277509,0.22580645161290322,0.9032832999982929,2.30603599999813,16.991381299998466,
usps,P2_NoRedundancy,,newdata,clean,0.2,6,0.2,1859,0.7828565282856528,0.6139378694883261,0.6080579690234976,-0.018426932355451255,1.0,0.02580856589153692,0.5704511403717021,0.2709677419354839,1.1935635000008915,2.282453899999382,22.7464450999978,
usps,P2_NoRedundancy,,newdata,clean,0.2,6,0.3,2789,0.7945794794579479,0.6164197657833721,0.6198094370511706,-0.015053705643471055,1.0,0.028875930468778392,0.5997401937842369,0.23978494623655913,1.0199958000011975,2.2604747000004863,28.661626899996918,
usps,P2_NoRedundancy,,newdata,clean,0.2,7,0.05,464,0.6741234674123467,0.5911078716374285,0.5284551202582397,-0.015045717543262463,1.0,0.019093631743888707,0.5988185736334025,0.2939068100358423,1.233399400000053,2.133140400001139,5.826055900000938,
usps,P2_NoRedundancy,,newdata,clean,0.2,7,0.1,929,0.7544633254463325,0.6045102249194466,0.5694222075271586,-0.01448729988324124,1.0,0.020371070936320523,0.6124685146635579,0.24301075268817204,1.0171072999983153,2.1148063000000548,11.191131399998994,
usps,P2_NoRedundancy,,newdata,clean,0.2,7,0.15,1394,0.7739298773929877,0.6130494878967556,0.5953311372830848,-0.011877525738049078,1.0,0.02276092988192111,0.6218079091720684,0.22365591397849463,1.0479798999986087,2.3170835000018997,17.16038169999956,
usps,P2_NoRedundancy,,newdata,clean,0.2,7,0.2,1859,0.7808130780813078,0.6127523362116917,0.6034177344341661,-0.019850968376414136,1.0,0.025703525036493827,0.5702269346483292,0.2645161290322581,0.9612158999989333,2.1887983000015083,22.729952599998796,
usps,P2_NoRedundancy,,newdata,clean,0.2,7,0.3,2789,0.7915680791568079,0.6128860705111944,0.6135097006985152,-0.015874856715118107,1.0,0.02879206172994735,0.5988697734571272,0.23870967741935484,1.0234184000000823,2.2025143999999273,28.293590199999016,
usps,P2_NoFMIS,,newdata,clean,0.0,0,0.05,464,0.699075069907507,0.620430316928792,0.5635805955311542,-0.04478800263450099,1.0,0.01986018754305542,0.4099032960057686,0.5913978494623656,2.6513311000016984,2.2317141000021365,7.321067900000344,
usps,P2_NoFMIS,,newdata,clean,0.0,0,0.1,929,0.7623144762314477,0.6380746150567078,0.5926537335672227,-0.036188932590248205,1.0,0.021839249262682957,0.3991698335896256,0.6301075268817204,2.3985991000008653,2.23112250000122,14.12217459999738,
usps,P2_NoFMIS,,newdata,clean,0.0,0,0.15,1394,0.7839320283932029,0.6514888790709494,0.6176965565893024,-0.03334711846602044,1.0,0.0237036516391204,0.4420676403468655,0.546236559139785,2.4487224999975297,2.2705060000007506,21.000152900000103,
usps,P2_NoFMIS,,newdata,clean,0.0,0,0.2,1859,0.795547429554743,0.66159662135974,0.6330976992836601,-0.03351988848354618,1.0,0.02661536969432068,0.45440905725443237,0.546236559139785,2.4570373999995354,2.230257100000017,27.846027600000525,
usps,P2_NoFMIS,,newdata,clean,0.0,0,0.3,2789,0.8107119810711981,0.6760774724133582,0.6550093473793954,-0.026944583904269605,1.0,0.02957797250439374,0.48369212113721394,0.4698924731182796,2.371688899998844,2.288095100000646,35.05860389999725,
usps,P2_NoFMIS,,newdata,clean,0.0,1,0.05,464,0.6926220692622069,0.6089948933074799,0.5506900915198812,-0.03818914260297907,1.0,0.019540940952813043,0.41501461564960446,0.5340501792114696,2.2105131999996956,2.492446399999608,7.146274299997458,
usps,P2_NoFMIS,,newdata,clean,0.0,1,0.1,929,0.7502688750268875,0.6252262048390249,0.5763249099807584,-0.03898108790827388,1.0,0.021986695647986824,0.400958585659022,0.6236559139784946,2.3961239000018395,2.207314499999484,14.184872800000448,
usps,P2_NoFMIS,,newdata,clean,0.0,1,0.15,1394,0.7703807270380727,0.6383927685805463,0.5989236696230835,-0.03363364046103378,1.0,0.024353532578325156,0.4297407489149801,0.5483870967741935,2.562822399999277,2.2129408000000694,21.204868000000715,
usps,P2_NoFMIS,,newdata,clean,0.0,1,0.2,1859,0.7841471284147128,0.6503672819250552,0.6167348878892056,-0.031943648629530565,1.0,0.0271860747470487,0.44496216267667793,0.556989247311828,2.167532300001767,2.2907827999988513,28.21615699999893,
usps,P2_NoFMIS,,newdata,clean,0.0,1,0.3,2789,0.800387180038718,0.6651428014699213,0.6403031025396436,-0.02803751178240469,1.0,0.03007058639185936,0.47508866642752,0.5032258064516129,2.2567904999996244,2.0824404999984836,35.0235036999984,
usps,P2_NoFMIS,,newdata,clean,0.0,2,0.05,464,0.6856313185631319,0.6039700308826209,0.542529208931876,-0.042280393206042995,1.0,0.020408836306338933,0.3751579363660146,0.6236559139784946,2.3793851000009454,2.171445700001641,6.936020400000416,
usps,P2_NoFMIS,,newdata,clean,0.0,2,0.1,929,0.7445687244568725,0.6159970772404119,0.566139410925841,-0.04090178892134443,1.0,0.022575110110587722,0.3883213930713233,0.6537634408602151,2.6804001000018616,2.176043399998889,13.86207529999956,
usps,P2_NoFMIS,,newdata,clean,0.0,2,0.15,1394,0.7637126263712626,0.6291298732235938,0.5874916180193821,-0.0327765221793836,1.0,0.024436249518284235,0.4271558949223129,0.5612903225806452,2.1214915000018664,2.410578600000008,20.693764499999816,
usps,P2_NoFMIS,,newdata,clean,0.0,2,0.2,1859,0.7761884276188428,0.6404307452933313,0.6046524564973077,-0.03437807101197004,1.0,0.027331506671889393,0.44340321895896745,0.546236559139785,2.1548594999985653,2.245739699999831,27.51588080000147,
usps,P2_NoFMIS,,newdata,clean,0.0,2,0.3,2789,0.7933964293396429,0.6572505661113829,0.6294188600573305,-0.028131029936300754,1.0,0.03019052233820692,0.4743338313955133,0.4870967741935484,2.4492387999998755,2.1281043000017235,34.325758200000564,
usps,P2_NoFMIS,,newdata,clean,0.0,3,0.05,464,0.6864917186491719,0.6048240503465911,0.5457488172484967,-0.04153770774305264,1.0,0.01940705315106603,0.4039965584126425,0.5913978494623656,2.5285883999968064,2.277936899998167,6.906305700002122,
usps,P2_NoFMIS,,newdata,clean,0.0,3,0.1,929,0.7477952247795224,0.6254459346560131,0.5770335670514357,-0.04063937913150237,1.0,0.021860027578841267,0.3976143551609849,0.6301075268817204,2.2396030000018072,2.21895940000104,13.629204500000924,
usps,P2_NoFMIS,,newdata,clean,0.0,3,0.15,1394,0.7716713271671327,0.6407553041441415,0.601599088721437,-0.032135509087624546,1.0,0.023954396710675875,0.4385160774152766,0.5591397849462365,2.1541853000017,2.4152288000004773,20.25889939999979,
usps,P2_NoFMIS,,newdata,clean,0.0,3,0.2,1859,0.7855452785545278,0.6507549457454797,0.6196741595934251,-0.030300795765720676,1.0,0.02695652554272922,0.44875894403585825,0.5526881720430108,2.185253100000409,2.181534899998951,26.89942929999961,
usps,P2_NoFMIS,,newdata,clean,0.0,3,0.3,2789,0.803291030329103,0.6668619794307132,0.6450687737538576,-0.026763585944174523,1.0,0.029901486730413693,0.4779141158266093,0.48494623655913977,2.1204630000029283,2.094025900001725,33.432437700001174,
usps,P2_NoFMIS,,newdata,clean,0.0,4,0.05,464,0.6405678640567865,0.5692537193146378,0.4890034202599425,-0.05131174167369674,1.0,0.019612974930908206,0.36515570771096,0.6021505376344086,2.1746003000007477,2.0808711999998195,6.447425800000929,
usps,P2_NoFMIS,,newdata,clean,0.0,4,0.1,929,0.7495160249516025,0.6235897050938205,0.5741885313869342,-0.03890035283679368,1.0,0.02130800543094186,0.41917805104486405,0.5806451612903226,2.322272099998372,2.1054435999976704,13.032313100000465,
usps,P2_NoFMIS,,newdata,clean,0.0,4,0.15,1394,0.7712411271241127,0.6379406285970219,0.597880578857032,-0.030688652565418924,1.0,0.023479448494642844,0.43920868090403975,0.5634408602150538,1.971955799999705,2.1015208999997412,19.091805200001545,
usps,P2_NoFMIS,,newdata,clean,0.0,4,0.2,1859,0.7830716283071628,0.6469539909000603,0.6134558429305094,-0.03115417807230369,1.0,0.026549151590135614,0.44847473548625105,0.5526881720430108,1.792343200002506,2.0710862999985693,24.973856699998578,
usps,P2_NoFMIS,,newdata,clean,0.0,4,0.3,2789,0.800172080017208,0.6638996398906908,0.638600837711206,-0.02808140381930575,1.0,0.029632336143988205,0.47585251310499765,0.4924731182795699,1.779867600002035,2.0280641999997897,30.683414499999344,
usps,P2_NoFMIS,,newdata,clean,0.0,5,0.05,464,0.609378360937836,0.5747315852686447,0.4680047906916091,-0.04177365976997501,1.0,0.02004011824365916,0.39801854031380784,0.5555555555555556,1.8518808000007994,1.9458027999971819,5.8170171999991,
usps,P2_NoFMIS,,newdata,clean,0.0,5,0.1,929,0.7607012260701226,0.6267795065594626,0.5843606762986098,-0.04417650174963894,1.0,0.02087927967009783,0.3851850330028483,0.6408602150537634,1.9687687000005099,1.8468312000004516,11.610945399999764,
usps,P2_NoFMIS,,newdata,clean,0.0,5,0.15,1394,0.7776941277694128,0.6398445272943538,0.6051936035244856,-0.03368614072775934,1.0,0.023934186818633185,0.42839514018707375,0.5591397849462365,1.9084118999999191,2.08867409999948,17.589271299999382,
usps,P2_NoFMIS,,newdata,clean,0.0,5,0.2,1859,0.7874811787481178,0.6476916445584909,0.6194151549046121,-0.03164207047283015,1.0,0.026924188248040767,0.444729956071223,0.5483870967741935,1.8679286999977194,2.0845913000011933,23.61960579999868,
usps,P2_NoFMIS,,newdata,clean,0.0,5,0.3,2789,0.8063024306302431,0.6684232621202638,0.6472386374823375,-0.027336978255148896,1.0,0.02984370548574704,0.4734641068965517,0.5172043010752688,1.7954424999988987,1.988403199997265,29.403404699998646,
usps,P2_NoFMIS,,newdata,clean,0.0,6,0.05,464,0.6420735642073564,0.5703356647215838,0.49866767688106134,-0.04051588822922212,1.0,0.019436359425256667,0.40878883679814665,0.5698924731182796,2.010130200000276,1.8959278000002087,5.891049900001235,
usps,P2_NoFMIS,,newdata,clean,0.0,6,0.1,929,0.7148849214884921,0.6211059846625157,0.564928975211455,-0.03671800441606694,1.0,0.02183978394982619,0.41887003550285934,0.5419354838709678,1.9980429999995977,1.928781999999046,11.834872999999789,
usps,P2_NoFMIS,,newdata,clean,0.0,6,0.15,1394,0.7623144762314477,0.6341677262940844,0.5970393236397171,-0.034879165679926515,1.0,0.024427250273813768,0.4240531835664985,0.5956989247311828,1.80087149999963,1.880812800001877,17.46786340000108,
usps,P2_NoFMIS,,newdata,clean,0.0,6,0.2,1859,0.7814583781458379,0.6482939194124427,0.6182094704412457,-0.030405175366576206,1.0,0.02697398320516493,0.4515637194597593,0.5591397849462365,1.9223767000003136,2.069787599997653,23.691963599998417,
usps,P2_NoFMIS,,newdata,clean,0.0,6,0.3,2789,0.8051193805119381,0.6700652657076986,0.6498473396408923,-0.02645652016352051,1.0,0.029912631667759544,0.4824599752342829,0.49032258064516127,1.7798909000011918,1.9321084999974119,29.38970319999862,
usps,P2_NoFMIS,,newdata,clean,0.0,7,0.05,464,0.700580770058077,0.6116324069098766,0.5526328799357675,-0.04188214615396965,1.0,0.019785927297531272,0.3914082304818229,0.6057347670250897,2.150913199999195,1.9813323999987915,6.316317299999355,
usps,P2_NoFMIS,,newdata,clean,0.0,7,0.1,929,0.7550010755001075,0.625320657025272,0.5780410417186119,-0.03753850093599536,1.0,0.021747381684088345,0.4029328044704212,0.6258064516129033,1.9667334999976447,1.8947273000012501,12.252859999996872,
usps,P2_NoFMIS,,newdata,clean,0.0,7,0.15,1394,0.7701656270165627,0.6348886344620506,0.5954756168626335,-0.03377160611641117,1.0,0.024139490141026586,0.4316854141732698,0.5483870967741935,1.9095387999986997,2.056589600000734,18.237919199997123,
usps,P2_NoFMIS,,newdata,clean,0.0,7,0.2,1859,0.7808130780813078,0.6442419279394354,0.6103798517478866,-0.03273679331213193,1.0,0.027117748259549105,0.44417213425841384,0.578494623655914,1.9191704000004393,1.9987774000001082,24.259487499999523,
usps,P2_NoFMIS,,newdata,clean,0.0,7,0.3,2789,0.798881479888148,0.6622954718188739,0.6372415437032631,-0.028405854130462187,1.0,0.030004942002514738,0.47498963502466035,0.4946236559139785,2.169864499999676,2.1686732999987726,30.853795600000012,
usps,P2_NoFMIS,,newdata,clean,0.2,0,0.05,464,0.6836954183695418,0.5841479391175315,0.5311090379038732,-0.043584159453049075,1.0,0.019290163779204426,0.42477779715291913,0.5555555555555556,2.1202159999993455,2.1729714999964926,6.564633699999831,
usps,P2_NoFMIS,,newdata,clean,0.2,0,0.1,929,0.7317702731770274,0.5822508311624303,0.5458827359880258,-0.031368812374564306,1.0,0.019829963134192215,0.4531251192894033,0.535483870967742,2.1804904000018723,2.1532198999993852,13.142556900002091,
usps,P2_NoFMIS,,newdata,clean,0.2,0,0.15,1394,0.7471499247149924,0.5824648110776927,0.5599330398207476,-0.02780806275176662,1.0,0.02167400998809593,0.5029980267728529,0.4860215053763441,2.058409400000528,2.32677650000187,19.784124699999666,
usps,P2_NoFMIS,,newdata,clean,0.2,0,0.2,1859,0.7538180253818025,0.5802772658749231,0.5647209940588304,-0.023963870871298795,1.0,0.02449698834537696,0.5223982210761757,0.4559139784946237,2.0343270000012126,2.2283924000003026,26.42569569999978,
usps,P2_NoFMIS,,newdata,clean,0.2,0,0.3,2789,0.7519896751989675,0.5664668828479734,0.5597501684743323,-0.021747664464344476,1.0,0.027448667130554865,0.5485253376826164,0.28817204301075267,2.011188000000402,2.2052163000007567,32.8481028999995,
usps,P2_NoFMIS,,newdata,clean,0.2,1,0.05,464,0.5604431060443106,0.5366523115499383,0.4269291516181792,-0.037954221683105076,1.0,0.01892217250201195,0.4307569797855124,0.5483870967741935,2.0930526000011014,2.261051600002247,6.57633160000114,
usps,P2_NoFMIS,,newdata,clean,0.2,1,0.1,929,0.7244568724456872,0.5790447779521563,0.5377569840266285,-0.041753704482114774,1.0,0.019879893048692327,0.4144561532524324,0.632258064516129,2.0995571999992535,2.27373919999809,13.284830699998565,
usps,P2_NoFMIS,,newdata,clean,0.2,1,0.15,1394,0.7458593245859324,0.5853164959624905,0.5588705230615376,-0.026659387495449115,1.0,0.02123523774572844,0.5076278835855504,0.4967741935483871,2.1590400000022782,2.228024699998059,19.912649099998816,
usps,P2_NoFMIS,,newdata,clean,0.2,1,0.2,1859,0.7540331254033126,0.5849954102655147,0.5669881693769004,-0.022503712393197435,1.0,0.024129023556419892,0.523588685082492,0.4645161290322581,2.053500300000451,2.2669875000028696,26.559171000000788,
usps,P2_NoFMIS,,newdata,clean,0.2,1,0.3,2789,0.7565067756506776,0.574183365580443,0.5649432889852724,-0.020616513215417513,1.0,0.02717854893801428,0.5470194935157735,0.29354838709677417,2.1665162999997847,2.314183900001808,33.39407629999914,
usps,P2_NoFMIS,,newdata,clean,0.2,2,0.05,464,0.7111206711120671,0.5802562320741037,0.5299019607574934,-0.03731308822958092,1.0,0.019184454670895842,0.4090669178620889,0.5627240143369175,2.2052523999991536,2.1492128999998386,6.6599339000022155,
usps,P2_NoFMIS,,newdata,clean,0.2,2,0.1,929,0.7424177242417724,0.5886730291885474,0.5562938898811566,-0.03368604824588367,1.0,0.019408361683101217,0.47343659027609775,0.4817204301075269,2.1607927000004565,2.1833317000018724,13.29129390000162,
usps,P2_NoFMIS,,newdata,clean,0.2,2,0.15,1394,0.7530651753065175,0.5885047922631681,0.5683760024698167,-0.02869833910946965,1.0,0.022010102628977138,0.4903643764956023,0.4946236559139785,2.030819799998426,2.441421600000467,20.12871129999985,
usps,P2_NoFMIS,,newdata,clean,0.2,2,0.2,1859,0.7555388255538825,0.5824419333099793,0.5704339368916072,-0.025624548284069376,1.0,0.0249148670028635,0.5069012780984242,0.47956989247311826,2.0521805999997014,2.174065299997892,26.64884190000157,
usps,P2_NoFMIS,,newdata,clean,0.2,2,0.3,2789,0.7539255753925576,0.566407221261904,0.5635514525100669,-0.02168909797385637,1.0,0.027884509427240606,0.534763634172819,0.3860215053763441,2.145203499996569,2.2522466000009445,33.32428490000166,
usps,P2_NoFMIS,,newdata,clean,0.2,3,0.05,464,0.5891589589158959,0.5446616067868733,0.44357372225471026,-0.03973286652679763,1.0,0.01881026331073408,0.4228667851043431,0.5519713261648745,2.1561084000022674,2.2356755000000703,6.668801600000734,
usps,P2_NoFMIS,,newdata,clean,0.2,3,0.1,929,0.7444611744461175,0.5916292971018986,0.5581183052129074,-0.03957568693731487,1.0,0.01899368139395042,0.428671573182588,0.6129032258064516,2.1105500999983633,2.2311201999982586,13.381376300003467,
usps,P2_NoFMIS,,newdata,clean,0.2,3,0.15,1394,0.7582275758227576,0.5973595026244303,0.5710644436024133,-0.027120510767319438,1.0,0.02118358718839708,0.5035359648607111,0.4817204301075269,2.0192431999967084,2.2439220000014757,19.918236500001512,
usps,P2_NoFMIS,,newdata,clean,0.2,3,0.2,1859,0.7579049257904926,0.5888494697222916,0.5685988670868463,-0.02507220682059166,1.0,0.024152420201442856,0.5174964574075515,0.4881720430107527,1.9659491000020353,2.2144231000020227,26.40803270000106,
usps,P2_NoFMIS,,newdata,clean,0.2,3,0.3,2789,0.7537104753710475,0.5731295304497737,0.5586736093001554,-0.020521378774328965,1.0,0.027146511917340337,0.541740516493077,0.33440860215053764,2.1533364999995683,2.316071600002033,33.18998730000021,
usps,P2_NoFMIS,,newdata,clean,0.2,4,0.05,464,0.6195956119595611,0.5344655027513723,0.4651479385794988,-0.04924294276513274,1.0,0.01841729003885634,0.3999022230986626,0.5483870967741935,2.1280847000016365,2.1578363999979047,6.510488700001588,
usps,P2_NoFMIS,,newdata,clean,0.2,4,0.1,929,0.704129920412992,0.5677308699997926,0.5267085379895219,-0.03478728358111009,1.0,0.019985264933684976,0.4500953828615527,0.5311827956989247,2.1937983999996504,2.295495700000174,13.467776000001322,
usps,P2_NoFMIS,,newdata,clean,0.2,4,0.15,1394,0.7261776726177672,0.5709412172143383,0.5456223646443457,-0.02794162024826896,1.0,0.021773226701625546,0.49209743154946195,0.4774193548387097,2.0486353999986022,2.218650399998296,20.027142800001457,
usps,P2_NoFMIS,,newdata,clean,0.2,4,0.2,1859,0.7370402237040223,0.5690605258223381,0.5532884907787093,-0.02499951986004601,1.0,0.02445774468939696,0.514569157121643,0.4731182795698925,2.06003359999886,2.2613797999983944,26.554851900000358,
usps,P2_NoFMIS,,newdata,clean,0.2,4,0.3,2789,0.7465046246504624,0.5619329697707488,0.5575258923265459,-0.02148709988644117,1.0,0.027365835531342746,0.5409012118013956,0.3161290322580645,2.185414999999921,2.3151237000020046,33.72578710000016,
usps,P2_NoFMIS,,newdata,clean,0.2,5,0.05,464,0.6518606151860615,0.5732431138788898,0.5127508570607309,-0.041200067822726595,1.0,0.01934224166362343,0.4172273361020618,0.5663082437275986,2.498573100001522,2.598939999999857,7.450510899998335,
usps,P2_NoFMIS,,newdata,clean,0.2,5,0.1,929,0.7310174231017423,0.590693802330264,0.5490143308122765,-0.031054259118241907,1.0,0.01890686135582541,0.4644299875504227,0.5290322580645161,2.3028632999994443,2.305768199999875,14.505007200001273,
usps,P2_NoFMIS,,newdata,clean,0.2,5,0.15,1394,0.7419875241987525,0.5855004099175896,0.5554639287709393,-0.027927051174079492,1.0,0.022053583807425302,0.4948748324186571,0.4774193548387097,2.2448723999987124,2.348829400001705,21.472641399999702,
usps,P2_NoFMIS,,newdata,clean,0.2,5,0.2,1859,0.7518821251882125,0.583923573995524,0.5644412047399249,-0.023625930831531684,1.0,0.024983434206489675,0.509589517741434,0.4881720430107527,2.0150108999987424,2.128141000001051,28.00688319999972,
usps,P2_NoFMIS,,newdata,clean,0.2,5,0.3,2789,0.7531727253172725,0.5684268976496912,0.5610316203323079,-0.020899583937317827,1.0,0.027878135311196643,0.5368961455520763,0.35591397849462364,2.122737000001507,2.296125900000334,34.74124010000014,
usps,P2_NoFMIS,,newdata,clean,0.2,6,0.05,464,0.6369111636911163,0.5560047226247146,0.48723985764491323,-0.04091830067946041,1.0,0.01954419318454153,0.41326681193378234,0.5519713261648745,2.14093149999826,2.1385282000010193,6.608549499997025,
usps,P2_NoFMIS,,newdata,clean,0.2,6,0.1,929,0.700258120025812,0.5728137525216016,0.5241333881402507,-0.036088763441676316,1.0,0.020383423168890507,0.4528209082862382,0.546236559139785,2.2540322999993805,2.2270069000005606,13.383990299997095,
usps,P2_NoFMIS,,newdata,clean,0.2,6,0.15,1394,0.7256399225639922,0.5795009622580396,0.5455614996352747,-0.026881762059138472,1.0,0.021941196169379257,0.4990232673543756,0.5075268817204301,2.1112744999991264,2.2037210000016785,19.97688239999843,
usps,P2_NoFMIS,,newdata,clean,0.2,6,0.2,1859,0.7348892234889224,0.5762490187526061,0.552596663182725,-0.02325403653760213,1.0,0.024753816267764787,0.5170473813049254,0.4881720430107527,2.132168800002546,2.253211100000044,26.585475799998676,
usps,P2_NoFMIS,,newdata,clean,0.2,6,0.3,2789,0.7430630243063024,0.567435164140936,0.5533932409179682,-0.01978407067329475,1.0,0.027653894139512854,0.5469780053262429,0.3580645161290323,2.0716084000014234,2.163585199999943,33.14410869999847,
usps,P2_NoFMIS,,newdata,clean,0.2,7,0.05,464,0.6888578188857819,0.5913622437037425,0.5398247160190646,-0.03976311876345528,1.0,0.019093631743888707,0.41412975874105235,0.5448028673835126,2.1980937000007543,2.1846507000009296,6.627115200000844,
usps,P2_NoFMIS,,newdata,clean,0.2,7,0.1,929,0.7360722736072274,0.5895107940494161,0.554633051312651,-0.03291679495170921,1.0,0.020001493535639202,0.4521674008779628,0.5483870967741935,2.2089861999993445,2.2857500999998592,13.395448700000998,
usps,P2_NoFMIS,,newdata,clean,0.2,7,0.15,1394,0.7482254248225425,0.5857830985266514,0.5628561600307976,-0.028663828327073905,1.0,0.021835339528010346,0.4971496242669321,0.4752688172043011,2.0998026999986905,2.3268260000004375,20.067484300001524,
usps,P2_NoFMIS,,newdata,clean,0.2,7,0.2,1859,0.7537104753710475,0.5827048315508612,0.5671347851043083,-0.02285054415833689,1.0,0.024592536950565586,0.5150529052140892,0.47956989247311826,1.9685626000027696,2.3146888999981456,26.853074400001788,
usps,P2_NoFMIS,,newdata,clean,0.2,7,0.3,2789,0.7552161755216176,0.5702961114365571,0.5658422242562886,-0.021514433947734862,1.0,0.027559535479336674,0.5419124971874939,0.33978494623655914,2.0192956999999296,2.36125549999997,33.34267910000199,
usps,P2_NoBlock,,newdata,clean,0.0,0,0.05,464,0.6868143686814369,0.609469429866747,0.5508456403052011,-0.06838591299412614,1.0,0.01986018754305542,0.19447233557273838,0.978494623655914,2.102992500000255,1.9671560999995563,6.476505999999063,
usps,P2_NoBlock,,newdata,clean,0.0,0,0.1,929,0.7341363734136374,0.6103099248331584,0.5628548391215857,-0.05805749938586667,1.0,0.021322291141875494,0.24507086991622884,0.9526881720430107,2.2513293999982125,2.356646100000944,13.262121199997637,
usps,P2_NoBlock,,newdata,clean,0.0,0,0.15,1394,0.7361798236179824,0.6127839592963849,0.5657958380499704,-0.048221095481660856,1.0,0.022481264652002866,0.29902847678430616,0.9053763440860215,2.275262899998779,2.3533174999975017,20.166288899999927,
usps,P2_NoBlock,,newdata,clean,0.0,0,0.2,1859,0.7382232738223273,0.6147834883800496,0.5672855531987051,-0.04387535675809579,1.0,0.02482397174275752,0.33666886757778863,0.8709677419354839,2.120167199998832,2.3043636999973387,26.764387299997907,
usps,P2_NoBlock,,newdata,clean,0.0,0,0.3,2789,0.7454291245429124,0.623469787353325,0.5774520252916949,-0.04071839132075309,1.0,0.027189375977700516,0.3836216943558826,0.5279569892473118,2.165793500000291,2.2982627999990655,33.53041179999855,
usps,P2_NoBlock,,newdata,clean,0.0,1,0.05,464,0.6782103678210368,0.5971497565195484,0.5383650383897202,-0.06136153111049817,1.0,0.019540940952813043,0.20196562770446996,0.946236559139785,2.2473046999984945,2.24892059999911,6.639111000000412,
usps,P2_NoBlock,,newdata,clean,0.0,1,0.1,929,0.7278984727898473,0.6034413772721353,0.556701086163328,-0.055732279499861946,1.0,0.02150327063996523,0.25462241079858555,0.9440860215053763,2.3809583999973256,2.2044706999986374,13.603700600000593,
usps,P2_NoBlock,,newdata,clean,0.0,1,0.15,1394,0.7314476231447623,0.6062601954805873,0.5594756051705151,-0.04978308592239471,1.0,0.02298908376685315,0.2981727764170657,0.8989247311827957,2.1373095999988436,2.246861399999034,20.204999300000054,
usps,P2_NoBlock,,newdata,clean,0.0,1,0.2,1859,0.7295117229511723,0.607370057180455,0.5559031960686175,-0.04471050025282822,1.0,0.025441313263247202,0.33650565269172833,0.8580645161290322,2.221581599998899,2.230128200000763,27.140118999999686,
usps,P2_NoBlock,,newdata,clean,0.0,1,0.3,2789,0.7338137233813723,0.6107607208047907,0.5576172453863704,-0.0408501640001132,1.0,0.028088725567381602,0.3790820272859707,0.5967741935483871,2.1435244000022067,2.3498260999986087,33.94333600000027,
usps,P2_NoBlock,,newdata,clean,0.0,2,0.05,464,0.6847709184770918,0.5953809497456212,0.5349882509394449,-0.06017624693075105,1.0,0.020408836306338933,0.19760634117229012,0.953405017921147,2.1642155999979877,2.2780421000024944,6.709877799999958,
usps,P2_NoBlock,,newdata,clean,0.0,2,0.1,929,0.7263927726392773,0.5959576750798605,0.5483165390329674,-0.05601222799056518,1.0,0.02151703382958185,0.2520613395719118,0.9548387096774194,2.362331299998914,2.2909677999996347,13.633380499999475,
usps,P2_NoBlock,,newdata,clean,0.0,2,0.15,1394,0.7340288234028823,0.6009068071638161,0.5544014028201864,-0.0518788804294527,1.0,0.022976071031941336,0.29149086033144306,0.9053763440860215,2.071053200001188,2.2359417000006943,20.2779460999991,
usps,P2_NoBlock,,newdata,clean,0.0,2,0.2,1859,0.7367175736717574,0.604200595044316,0.5564695774555897,-0.04540850325448718,1.0,0.02520770814909826,0.332539927446714,0.8881720430107527,2.0870543000019097,2.2755233999996562,26.975136199998815,
usps,P2_NoBlock,,newdata,clean,0.0,2,0.3,2789,0.7433856743385674,0.6127324066030126,0.5622300117383587,-0.0416201064964394,1.0,0.027558325309735125,0.38033506000234235,0.5741935483870968,2.0296963000000687,2.2354928999993717,33.59262469999885,
usps,P2_NoBlock,,newdata,clean,0.0,3,0.05,464,0.6604646160464616,0.5978969391681108,0.5391594636906082,-0.06179003457168496,1.0,0.01940705315106603,0.20929850707344685,0.942652329749104,2.2316475000006903,2.2733477000001585,6.810274800001935,
usps,P2_NoBlock,,newdata,clean,0.0,3,0.1,929,0.7147773714777371,0.5997585918063525,0.5483504190991446,-0.056533174864173606,1.0,0.02134417384490201,0.2463026568453799,0.9354838709677419,2.17926129999978,2.2511967999998888,13.496400800002448,
usps,P2_NoBlock,,newdata,clean,0.0,3,0.15,1394,0.7191869219186922,0.6008705664075534,0.5501038357762598,-0.04862778321546238,1.0,0.022720591719303268,0.29476512734607985,0.9096774193548387,2.2642852000026323,2.3203065999987302,20.37776909999957,
usps,P2_NoBlock,,newdata,clean,0.0,3,0.2,1859,0.7240266724026673,0.6056699378695101,0.5545487044295427,-0.04540171545150154,1.0,0.024980445096388772,0.33439240080695,0.8903225806451613,2.1338304999990214,2.2653817999998864,27.245505900002172,
usps,P2_NoBlock,,newdata,clean,0.0,3,0.3,2789,0.7409120240912024,0.6167773341116719,0.5705026405757964,-0.04102020796951193,1.0,0.027349020281623344,0.3831448200569358,0.553763440860215,2.0786740999974427,2.345853299997543,34.01430640000035,
usps,P2_NoBlock,,newdata,clean,0.0,4,0.05,464,0.595827059582706,0.5683529764759945,0.48428332116298234,-0.07340045711629553,1.0,0.019612974930908206,0.16814409639672995,0.9283154121863799,2.245388200000889,2.2396146999999473,6.827762100001564,
usps,P2_NoBlock,,newdata,clean,0.0,4,0.1,929,0.692729619272962,0.5999735062082724,0.5425203176995774,-0.05662506421790041,1.0,0.021392542126938658,0.266666454140858,0.967741935483871,2.1236478999999235,2.185571900001378,13.561007600001176,
usps,P2_NoBlock,,newdata,clean,0.0,4,0.15,1394,0.7281135728113572,0.602032645765645,0.5563791134150002,-0.04843511711799909,1.0,0.02314038450230932,0.29322427453533295,0.9634408602150538,2.162046699999337,2.35917359999803,20.372434700002486,
usps,P2_NoBlock,,newdata,clean,0.0,4,0.2,1859,0.7356420735642074,0.6068333129142609,0.5638511445616307,-0.04620737369976104,1.0,0.0248979143627631,0.3250359369221554,0.8946236559139785,2.141161600000487,2.1575798000012583,27.083457400000043,
usps,P2_NoBlock,,newdata,clean,0.0,4,0.3,2789,0.7476876747687675,0.6170175518050804,0.5751548207743065,-0.04182353581191182,1.0,0.027159941214591202,0.37178674445998283,0.624731182795699,2.084925999999541,2.273508199999924,33.73631740000201,
usps,P2_NoBlock,,newdata,clean,0.0,5,0.05,464,0.5955044095504409,0.5620445423577705,0.45657970388873914,-0.06700563358266193,1.0,0.02004011824365916,0.18922873818746178,0.9247311827956989,2.313478000000032,2.1070285999994667,6.786498900000879,
usps,P2_NoBlock,,newdata,clean,0.0,5,0.1,929,0.7391912239191224,0.6064292840861182,0.5620499630551192,-0.06513386782206865,1.0,0.02025338293177572,0.2118910050520333,0.9698924731182795,2.1766554999994696,2.336258600000292,13.517067299999326,
usps,P2_NoBlock,,newdata,clean,0.0,5,0.15,1394,0.7391912239191224,0.606116970174652,0.5620462541465875,-0.05290298478950349,1.0,0.02243783373733654,0.28704092701276146,0.886021505376344,2.34964680000121,2.1599378999999317,20.408137200000056,
usps,P2_NoBlock,,newdata,clean,0.0,5,0.2,1859,0.7416648741664874,0.6072703593141581,0.5640014321270927,-0.045377949141535055,1.0,0.02489372780463963,0.32722312743945786,0.8795698924731182,2.2161970999986806,2.3853939000000537,27.306044900000416,
usps,P2_NoBlock,,newdata,clean,0.0,5,0.3,2789,0.7457517745751775,0.6128324855321823,0.5699741658226857,-0.040043931845134766,1.0,0.02733377492636062,0.36931220732068504,0.624731182795699,2.20204410000224,2.6209745000014664,34.418065199999546,
usps,P2_NoBlock,,newdata,clean,0.0,6,0.05,464,0.597655409765541,0.5616864054911153,0.4797051007553029,-0.06361607399448803,1.0,0.019436359425256667,0.1953216294447581,0.931899641577061,2.2485782000003383,2.2552985999973316,6.832787600000302,
usps,P2_NoBlock,,newdata,clean,0.0,6,0.1,929,0.689718218971822,0.5971678347196422,0.5389451660702136,-0.058034524749535,1.0,0.021748246782594093,0.2539415461722241,0.9806451612903225,2.1651687000012316,2.300565800000186,13.536473600001045,
usps,P2_NoBlock,,newdata,clean,0.0,6,0.15,1394,0.7235964723596472,0.6022464295133243,0.5582980769119453,-0.05058478700670751,1.0,0.023229288122453402,0.2987833574254026,0.9397849462365592,2.286831199999142,2.305921999999555,20.520960099998774,
usps,P2_NoBlock,,newdata,clean,0.0,6,0.2,1859,0.7280060228006022,0.6030456138221895,0.5608234276770745,-0.04489463030776044,1.0,0.02511015309121735,0.3302074146527116,0.8881720430107527,1.8900871000005282,2.2282193999999436,27.10080409999864,
usps,P2_NoBlock,,newdata,clean,0.0,6,0.3,2789,0.7432781243278125,0.6167873462369136,0.5764883367755834,-0.042095019933428894,1.0,0.027439179055480767,0.37571691713666405,0.6096774193548387,2.1286097999982303,2.3150236000001314,33.89654430000155,
usps,P2_NoBlock,,newdata,clean,0.0,7,0.05,464,0.6781028178102818,0.5993882974436734,0.5451239351315604,-0.06532607116331089,1.0,0.019785927297531272,0.19812107876637503,0.942652329749104,2.0973391000006814,2.242229600000428,6.87397190000047,
usps,P2_NoBlock,,newdata,clean,0.0,7,0.1,929,0.7344590234459023,0.6093392767085528,0.5612988670368619,-0.0564518442845234,1.0,0.02127992316588725,0.24972274415595558,0.9354838709677419,2.230821000001015,2.35975690000123,13.801942599999165,
usps,P2_NoBlock,,newdata,clean,0.0,7,0.15,1394,0.7370402237040223,0.6093731078614845,0.5621286054622694,-0.04797814359990198,1.0,0.02266535996868817,0.29488869597834927,0.9010752688172043,2.1050783000027877,2.2156289000013203,20.64719630000036,
usps,P2_NoBlock,,newdata,clean,0.0,7,0.2,1859,0.7417724241772424,0.6132250336051879,0.5657984647431713,-0.04356800063021882,1.0,0.024959139893301327,0.3351875639730884,0.8903225806451613,2.1976164000006975,2.4279791000008117,27.62336089999735,
usps,P2_NoBlock,,newdata,clean,0.0,7,0.3,2789,0.7551086255108626,0.623333061315116,0.5798454355055656,-0.040945730646987095,1.0,0.027288406750774784,0.3829223315241516,0.556989247311828,2.0164423000023817,2.227085200000147,34.194451699997444,
usps,P2_NoBlock,,newdata,clean,0.2,0,0.05,464,0.6584211658421166,0.5331086703176223,0.4621985293386194,-0.06609369936242739,1.0,0.019290163779204426,0.20489372553363924,0.942652329749104,2.3827119000015955,2.293673200001649,7.0871002999992925,
usps,P2_NoBlock,,newdata,clean,0.2,0,0.1,929,0.6675629167562916,0.5379223736326865,0.47955158852467905,-0.05096384435809181,1.0,0.018835967736772295,0.2850656295335421,0.8989247311827957,2.2260812999993504,2.288387900000089,13.941191399997479,
usps,P2_NoBlock,,newdata,clean,0.2,0,0.15,1394,0.6527210152721016,0.5155989504233917,0.45355623313530075,-0.044624069683948615,1.0,0.020760081745190503,0.34066540316868854,0.8236559139784946,2.172039799999766,2.242879299999913,20.664048299997376,
usps,P2_NoBlock,,newdata,clean,0.2,0,0.2,1859,0.6298128629812862,0.48505241392124093,0.42949480815994945,-0.03898839059282857,1.0,0.022901884256532352,0.373639271015762,0.6645161290322581,2.0583799999985786,2.264245700000174,27.17102259999956,
usps,P2_NoBlock,,newdata,clean,0.2,0,0.3,2789,0.6277694127769413,0.4625199180195373,0.4133453257120026,-0.03572948383406886,1.0,0.02514259313793701,0.4183311960549765,0.34516129032258064,2.1142533000020194,2.346073200002138,33.91187019999779,
usps,P2_NoBlock,,newdata,clean,0.2,1,0.05,464,0.6712196171219618,0.5434881432011626,0.48043221620860477,-0.06242240557406524,1.0,0.01892217250201195,0.1993351263598302,0.967741935483871,2.26806100000249,2.2979769999983546,6.849957999998878,
usps,P2_NoBlock,,newdata,clean,0.2,1,0.1,929,0.6729404172940417,0.5334841830828616,0.4791176515643539,-0.05479875681183658,1.0,0.018587340645915558,0.279575359340637,0.9440860215053763,2.249169399998209,2.324048700000276,13.77470959999846,
usps,P2_NoBlock,,newdata,clean,0.2,1,0.15,1394,0.6563777156377716,0.51860336358063,0.4623454857956807,-0.04576837083122398,1.0,0.02031997254859902,0.3359518167472655,0.8903225806451613,2.268469200000254,2.215316300000268,20.62042360000123,
usps,P2_NoBlock,,newdata,clean,0.2,1,0.2,1859,0.6490643149064315,0.5032317715294087,0.4472874492628724,-0.039887714399415304,1.0,0.022444058098338812,0.3734716571146442,0.6645161290322581,2.174824099998659,2.371082800000295,27.488192799999524,
usps,P2_NoBlock,,newdata,clean,0.2,1,0.3,2789,0.6493869649386965,0.48271540694086335,0.433101790103473,-0.03619616632404637,1.0,0.02462422908418786,0.42017112446408117,0.35376344086021505,1.9328905000002123,2.254483999997319,33.934154300000955,
usps,P2_NoBlock,,newdata,clean,0.2,2,0.05,464,0.6842331684233168,0.5466825934763361,0.49767640707084615,-0.0601987090131573,1.0,0.019184454670895842,0.2115761675074109,0.9247311827956989,2.4744393000000855,2.364389200000005,7.1760802999997395,
usps,P2_NoBlock,,newdata,clean,0.2,2,0.1,929,0.6600344160034416,0.5298409117819866,0.48814236475609896,-0.0545191837954696,1.0,0.018737319106368725,0.28681254598402206,0.8838709677419355,2.2783311999992293,2.3029941999993753,14.052132299999357,
usps,P2_NoBlock,,newdata,clean,0.2,2,0.15,1394,0.6493869649386965,0.5161012825184309,0.47780496578171644,-0.046813436395216644,1.0,0.020603246615662332,0.3359278408429956,0.8731182795698925,2.0647396000022127,2.326917099999264,20.732405399998243,
usps,P2_NoBlock,,newdata,clean,0.2,2,0.2,1859,0.6459453645945364,0.49604033219563265,0.4618070567745551,-0.04385797796275006,1.0,0.02269573094712683,0.37640111920654135,0.6150537634408603,2.1722359000013967,2.3590418999992835,27.588763100000506,
usps,P2_NoBlock,,newdata,clean,0.2,2,0.3,2789,0.6359432135943214,0.4686983877274662,0.4382600300989231,-0.03628566299341043,1.0,0.024861324058739892,0.4199474982837195,0.33978494623655914,2.0635561999988568,2.2745369000003848,34.43020569999862,
usps,P2_NoBlock,,newdata,clean,0.2,3,0.05,464,0.6872445687244568,0.5497017530875459,0.4989753138884753,-0.06055622594588425,1.0,0.01881026331073408,0.216896460207987,0.9390681003584229,2.3023915000012494,2.309121399997821,6.9169623000016145,
usps,P2_NoBlock,,newdata,clean,0.2,3,0.1,929,0.6775650677565068,0.5300497366953859,0.4833528123115404,-0.052649121628110494,1.0,0.018625706944948535,0.2852629397505073,0.9139784946236559,2.192872999999963,2.278278699999646,13.702769300001819,
usps,P2_NoBlock,,newdata,clean,0.2,3,0.15,1394,0.6713271671327167,0.517001644687048,0.47432445498904546,-0.04379460408134263,1.0,0.02050547460476593,0.3436307264271603,0.8623655913978494,2.2469299000003957,2.315353900001355,20.626163500000985,
usps,P2_NoBlock,,newdata,clean,0.2,3,0.2,1859,0.6676704667670467,0.5031693966952866,0.46456191502098126,-0.04181739826160822,1.0,0.022723030920475503,0.37914241744625954,0.6129032258064516,2.0920057000003,2.3251232000002346,27.32537339999908,
usps,P2_NoBlock,,newdata,clean,0.2,3,0.3,2789,0.6571305657130566,0.47838865675977704,0.4418792987560642,-0.03575521624622573,1.0,0.024881122125170376,0.4218533307634374,0.3419354838709677,2.113224900000205,2.228304600001138,34.02063669999916,
usps,P2_NoBlock,,newdata,clean,0.2,4,0.05,464,0.6622929662292967,0.5701404723961999,0.513385815882402,-0.07532693592656003,1.0,0.01841729003885634,0.1748635720822119,0.910394265232975,2.32613610000044,2.3398615999976755,6.9845544999989215,
usps,P2_NoBlock,,newdata,clean,0.2,4,0.1,929,0.6857388685738869,0.5495694725857185,0.5033199394601789,-0.04991639909158358,1.0,0.01904651375571048,0.2892286470820827,0.8494623655913979,2.214940800000477,2.35070789999736,13.838526999999885,
usps,P2_NoBlock,,newdata,clean,0.2,4,0.15,1394,0.6717573671757368,0.5224258975635836,0.48104971486920706,-0.04707403806518075,1.0,0.020271921275258543,0.31980724927558696,0.9032258064516129,2.2326568000025873,2.253077499997744,20.545619099997566,
usps,P2_NoBlock,,newdata,clean,0.2,4,0.2,1859,0.6727253172725317,0.5132649136371776,0.47575268524073694,-0.044342301397611535,1.0,0.022347143583120524,0.36315223664365787,0.7505376344086021,2.219358000002103,2.2981949000022723,27.406370400000014,
usps,P2_NoBlock,,newdata,clean,0.2,4,0.3,2789,0.6572381157238115,0.4789630578936588,0.449280236733153,-0.03698427018168161,1.0,0.024421489600957236,0.41369517674689654,0.34623655913978496,2.056522099999711,2.3042554000021482,34.10061229999701,
usps,P2_NoBlock,,newdata,clean,0.2,5,0.05,464,0.5934609593460959,0.518959286120745,0.41698680471601385,-0.06574296224688056,1.0,0.01934224166362343,0.19550338216579943,0.953405017921147,2.3687489999974787,2.3575514999974985,7.061904800000775,
usps,P2_NoBlock,,newdata,clean,0.2,5,0.1,929,0.6724026672402668,0.5332616519401349,0.4765578951601633,-0.06474173294213521,1.0,0.018109064246186846,0.23204914600618423,0.9505376344086022,2.1093718000010995,2.301423799999611,13.81215549999979,
usps,P2_NoBlock,,newdata,clean,0.2,5,0.15,1394,0.6679931167993117,0.5234273355393192,0.46783177057784414,-0.046309285733206966,1.0,0.02005876323537142,0.3236255148085215,0.9118279569892473,2.313319999997475,2.3640371000001323,20.786704899997858,
usps,P2_NoBlock,,newdata,clean,0.2,5,0.2,1859,0.6657345665734566,0.5102483672233149,0.46009385497495486,-0.04029796174473113,1.0,0.02212234748896919,0.3625251011822813,0.7118279569892473,2.1098144999996293,2.3122383000008995,27.54230579999785,
usps,P2_NoBlock,,newdata,clean,0.2,5,0.3,2789,0.6545493654549366,0.4852772606737081,0.4389413167833688,-0.03596179651011865,1.0,0.024323765187342045,0.40904003149399193,0.3817204301075269,2.0902533999978914,2.2589445000012347,34.401385799999844,
usps,P2_NoBlock,,newdata,clean,0.2,6,0.05,464,0.601849860184986,0.5214043891142524,0.4533914185964637,-0.06366969887622012,1.0,0.01954419318454153,0.19732399247453203,0.9390681003584229,2.2424659999996948,2.3557976000010967,7.000503700000991,
usps,P2_NoBlock,,newdata,clean,0.2,6,0.1,929,0.6496020649602064,0.5289587470047724,0.4755526563991606,-0.05351140028890957,1.0,0.019724217189672443,0.28332806742319494,0.9268817204301075,2.294802799999161,2.3672356999995827,14.049032900002203,
usps,P2_NoBlock,,newdata,clean,0.2,6,0.15,1394,0.6378791137879114,0.5128457462334656,0.46287126925017164,-0.04727055558195053,1.0,0.020982856527817104,0.3148173047009335,0.8881720430107527,2.2393625999975484,2.2545814999975846,20.802622500003054,
usps,P2_NoBlock,,newdata,clean,0.2,6,0.2,1859,0.6232523123252313,0.4946314117403143,0.4466092116528018,-0.04211958071858472,1.0,0.022873789999396845,0.3619127035140991,0.7247311827956989,2.1632080000017595,2.2464607000001706,27.69808450000346,
usps,P2_NoBlock,,newdata,clean,0.2,6,0.3,2789,0.6258335125833513,0.4724249238608141,0.43475431384323876,-0.03658972095280358,1.0,0.024943091850557028,0.41264127297427067,0.36666666666666664,2.06494659999953,2.403097500002332,33.17190320000009,
usps,P2_NoBlock,,newdata,clean,0.2,7,0.05,464,0.6708969670896967,0.5827472811912716,0.5259235329101246,-0.06355276062594974,1.0,0.019093631743888707,0.205622136592865,0.9247311827956989,2.3650276999978814,2.2818277000005764,7.0311309000026085,
usps,P2_NoBlock,,newdata,clean,0.2,7,0.1,929,0.6961712196171219,0.5561974032775232,0.5107849779461299,-0.05199311190179663,1.0,0.01947105699356458,0.2746563420821262,0.9591397849462365,2.2075707000003604,2.3868675000012445,13.944774499999767,
usps,P2_NoBlock,,newdata,clean,0.2,7,0.15,1394,0.6827274682727468,0.5366573650247931,0.49227706460292997,-0.045981506094853616,1.0,0.020361128614193993,0.3279632980785062,0.8989247311827957,2.3588630000012927,2.4034850999996706,21.11644100000194,
usps,P2_NoBlock,,newdata,clean,0.2,7,0.2,1859,0.6719724671972467,0.5171243381210304,0.47679730388728664,-0.041590664497655194,1.0,0.022496916274500404,0.3694852098341911,0.6860215053763441,2.130161400000361,2.288026300000638,27.80968920000305,
usps,P2_NoBlock,,newdata,clean,0.2,7,0.3,2789,0.6819746181974619,0.5021497157908221,0.46977757301880374,-0.03662057613253713,1.0,0.02468056848989155,0.4177631909808805,0.33978494623655914,2.2233735999980127,2.268310700001166,34.25205570000253,
