dataset,method,ablation,study,expert,eta,seed,budget_frac,budget_count,ACC,NMI,ARI,zeta_t,kappa,delta_mis_proxy,sel_boundary_margin,argmax_retention,sel_time,retrain_time,total_time,error
segment,P2_NoRobust,,ablation,clean,0.0,0,0.05,115,0.5805194805194805,0.5942490538786102,0.47542750298421116,1.8512561138912969,1.0,0.07226189946407918,0.7455438963095652,0.0,0.7755795000011858,0.0805188000013004,0.9614289999990433,
segment,P2_NoRobust,,ablation,clean,0.0,0,0.1,231,0.6298701298701299,0.5995097195160116,0.47279310092562027,1.4584744189319656,1.0,0.07993221507700335,0.5879759480375182,0.05172413793103448,0.6902965000008408,0.09247719999984838,1.898721999999907,
segment,P2_NoRobust,,ablation,clean,0.0,0,0.15,346,0.6636363636363637,0.6800290837392245,0.529262600103861,1.7419140216324756,1.0,0.07041851535941387,0.7058384565206725,0.0,0.5963552999983222,0.14728029999969294,2.708431400000336,
segment,P2_NoRobust,,ablation,clean,0.0,0,0.2,462,0.754978354978355,0.7370988038966801,0.6423616175604447,1.4239493164463188,1.0,0.08301698753915075,0.5876648745156755,0.11206896551724138,0.5565420999992057,0.059576099998594145,3.4101436999990256,
segment,P2_NoRobust,,ablation,clean,0.0,0,0.3,693,0.8281385281385282,0.8175667136785071,0.6957041952887539,1.3778725371339444,1.0,0.08150504036701628,0.5720595336067729,0.1341991341991342,0.3908375999999407,0.08120419999977457,3.941111699999965,
segment,P2_NoRobust,,ablation,clean,0.0,1,0.05,115,0.6593073593073593,0.6186499359181133,0.5135845408411749,1.8885700830305068,1.0,0.07030795711803291,0.7904726828710708,0.0,0.7988432000001922,0.13091630000053556,1.0616645000009157,
segment,P2_NoRobust,,ablation,clean,0.0,1,0.1,231,0.570995670995671,0.6092034234339757,0.46263071064223354,1.6733044215633948,1.0,0.07261832666914685,0.675146771210359,0.0,0.7144011999989743,0.13512400000035996,2.0070851000000403,
segment,P2_NoRobust,,ablation,clean,0.0,1,0.15,346,0.6112554112554113,0.6636586083099435,0.49370207047516723,1.4913499614335413,1.0,0.07828470694021804,0.6219969173628117,0.017391304347826087,0.6591268000011041,0.09264179999991029,2.833496000001105,
segment,P2_NoRobust,,ablation,clean,0.0,1,0.2,462,0.7510822510822511,0.7480782945213186,0.6041472363404458,1.4404098290494332,1.0,0.0824013476291074,0.5754662061501924,0.09482758620689655,0.49995420000050217,0.07309560000066995,3.504624100000001,
segment,P2_NoRobust,,ablation,clean,0.0,1,0.3,693,0.8307359307359308,0.816847412009278,0.6983769386561907,1.4072870393424897,1.0,0.08458503838204419,0.5615766594678027,0.21212121212121213,0.46826599999985774,0.07196669999939331,4.1239292999998725,
segment,P2_NoRobust,,ablation,clean,0.0,2,0.05,115,0.6164502164502165,0.5892315602374654,0.47119050639670046,1.8624014514789393,1.0,0.0725240974013362,0.7544713640589109,0.0,0.775287100001151,0.15700990000004822,0.9958435999997164,
segment,P2_NoRobust,,ablation,clean,0.0,2,0.1,231,0.5753246753246753,0.6174146322836335,0.46842689773542007,1.6651685874028292,1.0,0.07199471936859124,0.6902224884436331,0.0,0.7181390000005194,0.05932989999928395,1.838228499998877,
segment,P2_NoRobust,,ablation,clean,0.0,2,0.15,346,0.6696969696969697,0.6811089373685079,0.5255559430209394,1.5048285297652304,1.0,0.08058934298410847,0.6301005665500398,0.0,0.6015010999999504,0.06616380000014033,2.6061163999984274,
segment,P2_NoRobust,,ablation,clean,0.0,2,0.2,462,0.7350649350649351,0.7504954168565086,0.6595532776924498,1.4301983547002772,1.0,0.08207270161067445,0.5689627303361426,0.13793103448275862,0.5454972000006819,0.09574539999994158,3.386480199998914,
segment,P2_NoRobust,,ablation,clean,0.0,2,0.3,693,0.8354978354978355,0.8228265396624491,0.699878872958563,1.4566184621096565,1.0,0.0813553580346581,0.6006947534404882,0.06493506493506493,0.400389800000994,0.14593179999974382,3.9855963999998494,
segment,P2_NoRobust,,ablation,clean,0.0,3,0.05,115,0.674025974025974,0.6301343741727752,0.518809269616486,1.8579968864792127,1.0,0.07235891665248796,0.7546090325343512,0.0,0.881568699998752,0.10700969999925292,1.1367169999994076,
segment,P2_NoRobust,,ablation,clean,0.0,3,0.1,231,0.5956709956709957,0.6459927664174162,0.4972871613365794,1.6631120225216702,1.0,0.07160829669536696,0.6827552732091118,0.0,0.6987728999993124,0.14834899999914342,2.0738555999996606,
segment,P2_NoRobust,,ablation,clean,0.0,3,0.15,346,0.6567099567099567,0.6938602783335313,0.5578270446525936,1.469505902729886,1.0,0.07994456978470037,0.5891842562822883,0.06086956521739131,0.6359991999997874,0.09000969999942754,2.891548999999941,
segment,P2_NoRobust,,ablation,clean,0.0,3,0.2,462,0.7346320346320346,0.732315424913216,0.647801579612553,1.433421778924022,1.0,0.08032619082435138,0.5561638890030727,0.20689655172413793,0.5415346999998292,0.08545620000040799,3.5933824999992794,
segment,P2_NoRobust,,ablation,clean,0.0,3,0.3,693,0.6909090909090909,0.7190953154411436,0.5942335265264038,1.3668452548549879,1.0,0.08142661555321629,0.5362357073427995,0.3333333333333333,0.40126039999995555,0.0742009000005055,4.133077000000412,
segment,P2_NoRobust,,ablation,clean,0.0,4,0.05,115,0.5714285714285714,0.5465895090857414,0.43692400951280036,1.8901229730177938,1.0,0.06906176794623317,0.7969031842717804,0.0,0.7860138000014558,0.1379173000004812,0.9855551999989984,
segment,P2_NoRobust,,ablation,clean,0.0,4,0.1,231,0.5783549783549784,0.6314726377694632,0.4722546484889811,1.6720254901302365,1.0,0.07697855627536389,0.6573069990744986,0.008620689655172414,0.6755180999989534,0.05900139999903331,1.7815429999991466,
segment,P2_NoRobust,,ablation,clean,0.0,4,0.15,346,0.5961038961038961,0.6305957711925155,0.4558710212713286,1.5397146554769188,1.0,0.07955972016785387,0.6140493563866319,0.0,0.6165319000010641,0.06250910000017029,2.5950776999998197,
segment,P2_NoRobust,,ablation,clean,0.0,4,0.2,462,0.7458874458874459,0.7448383542052016,0.6534525701533304,1.54010439597825,1.0,0.08179493659306644,0.62068320997353,0.0,0.5407868000002054,0.13144399999873713,3.35227230000055,
segment,P2_NoRobust,,ablation,clean,0.0,4,0.3,693,0.8246753246753247,0.8166460419214339,0.6926031436028741,1.401730179646426,1.0,0.0818824625986087,0.5893411892756618,0.11688311688311688,0.42826310000054946,0.07545089999985066,3.9306823999995686,
segment,P2_NoRobust,,ablation,clean,0.0,5,0.05,115,0.6489177489177489,0.6160975840631717,0.500286625724063,1.874796133209935,1.0,0.07091450391731625,0.7859019232927653,0.0,0.805658700001004,0.06017079999946873,1.0127975000013976,
segment,P2_NoRobust,,ablation,clean,0.0,5,0.1,231,0.567965367965368,0.6038918988294797,0.45416877062210065,1.7066462033241478,1.0,0.07417862472989549,0.6753059807967442,0.0,0.7199090000012802,0.15015459999995073,1.9360176999998657,
segment,P2_NoRobust,,ablation,clean,0.0,5,0.15,346,0.7398268398268398,0.7346512824287408,0.6437459985362223,1.511583659858212,1.0,0.08079020440138053,0.6047654802900381,0.008695652173913044,0.6100624999999127,0.05921900000066671,2.716072000001077,
segment,P2_NoRobust,,ablation,clean,0.0,5,0.2,462,0.7878787878787878,0.7567569521633547,0.6445290999744524,1.5012963356847147,1.0,0.07786760865286126,0.6368938559619866,0.0,0.511997199999314,0.11460710000028485,3.460493000000497,
segment,P2_NoRobust,,ablation,clean,0.0,5,0.3,693,0.8255411255411256,0.7940594291592415,0.7077868867614511,1.3837393899356918,1.0,0.08219216565110075,0.5506741726385869,0.2597402597402597,0.4412890999992669,0.11361139999826264,4.117087300001003,
segment,P2_NoRobust,,ablation,clean,0.0,6,0.05,115,0.6112554112554113,0.5933090529164584,0.4775895603796049,1.8785046822988716,1.0,0.07028012958755801,0.778917786280616,0.0,0.8074068000005354,0.11442089999945892,1.0716368000012153,
segment,P2_NoRobust,,ablation,clean,0.0,6,0.1,231,0.6051948051948052,0.5714837232655104,0.4500270358674711,1.6766138263377435,1.0,0.072634403746138,0.6886068269974006,0.0,0.7161587999999028,0.141966200000752,1.9912937999997666,
segment,P2_NoRobust,,ablation,clean,0.0,6,0.15,346,0.6493506493506493,0.6441313663607442,0.5349224677737426,1.547119076374435,1.0,0.07823561147131022,0.6445397835152814,0.0,0.6314163000006374,0.06545290000030946,2.736325800000486,
segment,P2_NoRobust,,ablation,clean,0.0,6,0.2,462,0.6636363636363637,0.6531050623278736,0.5360454073843512,1.4717149410460826,1.0,0.08197218414788915,0.586522148810248,0.09482758620689655,0.5171297999986564,0.04316599999947357,3.3731538000010914,
segment,P2_NoRobust,,ablation,clean,0.0,6,0.3,693,0.6787878787878788,0.707760333182238,0.5765227568462828,1.4787508043977833,1.0,0.07894453675551799,0.6134691048138222,0.05194805194805195,0.4120576000004803,0.09712989999934507,3.9296794000001682,
segment,P2_NoRobust,,ablation,clean,0.0,7,0.05,115,0.5714285714285714,0.5520322948305886,0.4369630892162725,1.8142816716871037,1.0,0.07510260188144931,0.7288018889828161,0.0,0.8351531999996951,0.03709849999904691,0.9388846000001649,
segment,P2_NoRobust,,ablation,clean,0.0,7,0.1,231,0.567965367965368,0.5670088232631137,0.43232664444255653,1.5108017912919693,1.0,0.08000118541104254,0.614868289022053,0.02586206896551724,0.7159100999997463,0.06647940000038943,1.7642335000000458,
segment,P2_NoRobust,,ablation,clean,0.0,7,0.15,346,0.5532467532467532,0.5775797013808107,0.4305989446524651,1.6924718981709654,1.0,0.07927062219131407,0.6791920374538348,0.0,0.6408791999983805,0.0389629999990575,2.5063429000001634,
segment,P2_NoRobust,,ablation,clean,0.0,7,0.2,462,0.6047619047619047,0.5999424711770236,0.46848818991717994,1.4884987840636061,1.0,0.08176744406150008,0.5934084158143825,0.04310344827586207,0.5287919000002148,0.0630633000000671,3.2116129999994882,
segment,P2_NoRobust,,ablation,clean,0.0,7,0.3,693,0.8285714285714286,0.8055885218841244,0.6988625282420456,1.4048440190156926,1.0,0.08428086142541706,0.5431168937149917,0.2857142857142857,0.42541890000029525,0.1083546000008937,3.828747099998509,
segment,P2_NoRobust,,ablation,clean,0.0,8,0.05,115,0.6588744588744588,0.619514270475427,0.511090013528562,1.7587761681333132,1.0,0.07170800338428626,0.7123731124442195,0.0,0.8077243000007002,0.07114350000119884,1.026306100000511,
segment,P2_NoRobust,,ablation,clean,0.0,8,0.1,231,0.6043290043290044,0.6456116282589441,0.49557605019883566,1.7304641408042476,1.0,0.07095788293467609,0.6953855792316546,0.0,0.7407803000005515,0.13867609999942943,1.958340600000156,
segment,P2_NoRobust,,ablation,clean,0.0,8,0.15,346,0.6701298701298701,0.6851471150391389,0.526730444662246,1.4811942890224539,1.0,0.08031391776948926,0.6112604822294896,0.008695652173913044,0.6463007999991532,0.057427799998549744,2.740513800001281,
segment,P2_NoRobust,,ablation,clean,0.0,8,0.2,462,0.7393939393939394,0.7554952899400675,0.6667581328564213,1.398718101466334,1.0,0.08217240696504631,0.5534568620893515,0.1810344827586207,0.5460051999998541,0.0778664999998,3.5021197000005486,
segment,P2_NoRobust,,ablation,clean,0.0,8,0.3,693,0.8303030303030303,0.8249256232927307,0.6937470066374513,1.4428747309132004,1.0,0.08205363392296744,0.5914473512113482,0.11688311688311688,0.43254499999966356,0.13837830000011309,4.121174500000052,
segment,P2_NoRobust,,ablation,clean,0.0,9,0.05,115,0.5670995670995671,0.5748903216190255,0.44792218675625284,1.8606910184159602,1.0,0.07216904139917614,0.7543634466260905,0.0,0.7751678999993601,0.13218240000060177,0.9489549000008992,
segment,P2_NoRobust,,ablation,clean,0.0,9,0.1,231,0.5601731601731602,0.5764011428826159,0.44227688381888947,1.4853323721350604,1.0,0.07955989956731144,0.5992423785379737,0.04310344827586207,0.7316669000010734,0.035231300000305055,1.761729900001228,
segment,P2_NoRobust,,ablation,clean,0.0,9,0.15,346,0.7363636363636363,0.6947304528752027,0.5931720703825251,1.436840488061159,1.0,0.08161392608575806,0.5498048705965451,0.14782608695652175,0.664605500000107,0.039738900000884314,2.579156800000419,
segment,P2_NoRobust,,ablation,clean,0.0,9,0.2,462,0.6952380952380952,0.7064561796175256,0.5632594585032099,1.5781112341782375,1.0,0.07709807140560554,0.6600715239303603,0.0,0.5672042999995028,0.10629539999899862,3.3992400000006455,
segment,P2_NoRobust,,ablation,clean,0.0,9,0.3,693,0.8307359307359308,0.8224822449859899,0.6983790669898665,1.3090110342252954,1.0,0.08193344809613645,0.5009162715013827,0.5151515151515151,0.43090230000052543,0.1474352999994153,4.062641900000017,
segment,P2_NoRobust,,ablation,clean,0.0,10,0.05,115,0.5502164502164503,0.5735719800968747,0.4528230465221096,1.8575901562939703,1.0,0.07274354975171232,0.7492382340177045,0.0,0.8056126999999833,0.13351520000105666,0.9751976999996259,
segment,P2_NoRobust,,ablation,clean,0.0,10,0.1,231,0.551948051948052,0.5766291361346216,0.44759206236834825,1.4770522660307408,1.0,0.08185563049039918,0.5845713167955928,0.05172413793103448,0.7056892000000516,0.0301034999993135,1.759550599999784,
segment,P2_NoRobust,,ablation,clean,0.0,10,0.15,346,0.6813852813852814,0.6551871551387825,0.5473112343691588,1.433146449160154,1.0,0.08325691563146699,0.52451613426235,0.3739130434782609,0.6825042000000394,0.04385120000006282,2.5423728999994637,
segment,P2_NoRobust,,ablation,clean,0.0,10,0.2,462,0.6835497835497836,0.675865111563196,0.5645067497852619,1.6277717809585097,1.0,0.08084707226538984,0.6427240590822754,0.017241379310344827,0.5571103999991465,0.05363460000080522,3.201646100000289,
segment,P2_NoRobust,,ablation,clean,0.0,10,0.3,693,0.7008658008658009,0.7474830989781879,0.6350808449579535,1.3864580846966832,1.0,0.08354279494272662,0.5261755420875013,0.37662337662337664,0.45206490000055055,0.045381300000371994,3.7557713000005606,
segment,P2_NoRobust,,ablation,clean,0.0,11,0.05,115,0.5670995670995671,0.5358083856096448,0.4255127539481638,1.849021858789828,1.0,0.07268780877421592,0.7487408955970261,0.0,0.8425495999999839,0.09234079999987443,1.0223810999996203,
segment,P2_NoRobust,,ablation,clean,0.0,11,0.1,231,0.5844155844155844,0.6152104682632569,0.4725913764692114,1.6422448903268432,1.0,0.07507032317171167,0.6585756095638576,0.0,0.7431292000001122,0.0748978999999963,1.872684500000105,
segment,P2_NoRobust,,ablation,clean,0.0,11,0.15,346,0.6359307359307359,0.6390736709697599,0.49644597125541634,1.430000061474902,1.0,0.08564848787457183,0.543333411078595,0.26956521739130435,0.6394663999999466,0.03223900000011781,2.601819200001046,
segment,P2_NoRobust,,ablation,clean,0.0,11,0.2,462,0.7398268398268398,0.7442103478884222,0.651205455865996,1.4289034932455542,1.0,0.0845862327023175,0.553903142786458,0.20689655172413793,0.5577412000002369,0.057790200000454206,3.362698000000819,
segment,P2_NoRobust,,ablation,clean,0.0,11,0.3,693,0.8255411255411256,0.8171765000723503,0.6913447685240756,1.5163840512079383,1.0,0.0820533773284629,0.628691271500749,0.021645021645021644,0.4142456999998103,0.1552094999988185,3.971229000000676,
segment,P2_NoRobust,,ablation,clean,0.0,12,0.05,115,0.5787878787878787,0.5752968445167703,0.45253251468948064,1.7914650034150725,1.0,0.07506808726026401,0.7220895550947771,0.0,0.7456923999998253,0.0394324000008055,0.8315218000007008,
segment,P2_NoRobust,,ablation,clean,0.0,12,0.1,231,0.5896103896103896,0.5750591578876694,0.4645365923950453,1.6113344562593566,1.0,0.07927984519503399,0.6273939105558431,0.034482758620689655,0.7248180999995384,0.038291500000923406,1.6491712999995798,
segment,P2_NoRobust,,ablation,clean,0.0,12,0.15,346,0.6181818181818182,0.6001402630202115,0.4779692518546117,1.5975651619026523,1.0,0.08084738669126323,0.632362878041583,0.017391304347826087,0.6299476000003779,0.05164359999980661,2.4048920999994152,
segment,P2_NoRobust,,ablation,clean,0.0,12,0.2,462,0.6056277056277056,0.6359315914516394,0.47042313749709014,1.4178194861197388,1.0,0.08363234372658628,0.5509700390276626,0.25,0.509666500000094,0.06998559999919962,3.068697799999427,
segment,P2_NoRobust,,ablation,clean,0.0,12,0.3,693,0.6428571428571429,0.7146951041984425,0.5754886532084642,1.3288392152754411,1.0,0.08797312248627487,0.504477988908388,0.46320346320346323,0.46788440000091214,0.08034670000051847,3.6964294999997946,
segment,P2_NoRobust,,ablation,clean,0.0,13,0.05,115,0.5731601731601732,0.5985421213376986,0.4713312330045184,1.8812042949481536,1.0,0.06788580992660621,0.780844946613201,0.0,0.8063892999998643,0.12917160000142758,0.9863365999990492,
segment,P2_NoRobust,,ablation,clean,0.0,13,0.1,231,0.7246753246753247,0.676964791991822,0.5783162949943601,1.5419742805055892,1.0,0.07864801595144132,0.6024805570548618,0.06896551724137931,0.7259615000002668,0.04868989999886253,1.925365499999316,
segment,P2_NoRobust,,ablation,clean,0.0,13,0.15,346,0.5948051948051948,0.6424106799470582,0.49119889269190914,1.5816228173596558,1.0,0.07465910329940884,0.6552875146183677,0.0,0.5981216999989556,0.1571827999996458,2.775209499999619,
segment,P2_NoRobust,,ablation,clean,0.0,13,0.2,462,0.6844155844155844,0.685917875836275,0.5589105447644913,1.442281187076547,1.0,0.08098366800771964,0.55862605649475,0.12931034482758622,0.503414699998757,0.0871822000008251,3.473304899998766,
segment,P2_NoRobust,,ablation,clean,0.0,13,0.3,693,0.8225108225108225,0.7955559170343953,0.6893790135623387,1.4263647053192956,1.0,0.08405413701962647,0.5631422094864441,0.18614718614718614,0.42470249999860243,0.11347380000006524,4.096070499999769,
segment,P2_NoRobust,,ablation,clean,0.0,14,0.05,115,0.5753246753246753,0.5606451513108367,0.4517072036800903,1.8395634316924905,1.0,0.07181262281449344,0.7394700597727015,0.0,0.8417374000000564,0.06765319999976782,0.9888018000001466,
segment,P2_NoRobust,,ablation,clean,0.0,14,0.1,231,0.6047619047619047,0.5733121378526044,0.44984686851028144,1.7136673894881536,1.0,0.07618017328294978,0.6821177673065422,0.0,0.8081366000005801,0.08321380000052159,1.9770165999998426,
segment,P2_NoRobust,,ablation,clean,0.0,14,0.15,346,0.5969696969696969,0.6340568562962647,0.5104746463409419,1.5404392439866097,1.0,0.078440633017832,0.6203787712545799,0.0,0.6462030000002414,0.09098979999907897,2.8996746000011626,
segment,P2_NoRobust,,ablation,clean,0.0,14,0.2,462,0.7367965367965368,0.7505371167082098,0.6504121294855802,1.5091440089045804,1.0,0.07961133967667888,0.5730401128750652,0.1896551724137931,0.6550118000013754,0.1780956000002334,3.8764740000005986,
segment,P2_NoRobust,,ablation,clean,0.0,14,0.3,693,0.8264069264069264,0.8105295942083522,0.6898795824749479,1.4540990334440553,1.0,0.08071527941556798,0.5976030533463158,0.08658008658008658,0.4675975999998627,0.11810200000036275,4.534659900000406,
segment,P2_NoRobust,,ablation,clean,0.0,15,0.05,115,0.6229437229437229,0.5867783445947576,0.4750346002874832,1.8768345090969227,1.0,0.06800967331511215,0.7785357340613156,0.0,0.8112886999988405,0.09594629999992321,1.037624099999448,
segment,P2_NoRobust,,ablation,clean,0.0,15,0.1,231,0.5822510822510822,0.6226951521461518,0.48069472186590445,1.6676554336255078,1.0,0.07266200042287643,0.6869167361692708,0.0,0.7463485999996919,0.12030810000032943,1.960457299999689,
segment,P2_NoRobust,,ablation,clean,0.0,15,0.15,346,0.6411255411255411,0.6823362062309923,0.5390255432858478,1.4781129298365168,1.0,0.08025389307920454,0.5994886711338463,0.02608695652173913,0.6240140999998403,0.05328580000059446,2.714204799998697,
segment,P2_NoRobust,,ablation,clean,0.0,15,0.2,462,0.7367965367965368,0.7298713399233228,0.6393889767030335,1.4464761894567317,1.0,0.08095557707006577,0.5636278080987123,0.09482758620689655,0.5062610999993922,0.07201280000117549,3.4220815999997285,
segment,P2_NoRobust,,ablation,clean,0.0,15,0.3,693,0.754978354978355,0.7548387590581749,0.6431217219690804,1.378808937510976,1.0,0.08062808042441984,0.5321608674830783,0.35064935064935066,0.4334232000001066,0.13018880000163335,4.045386399999188,
segment,P2_NoRobust,,ablation,clean,0.0,16,0.05,115,0.5753246753246753,0.5860574625858099,0.4555619888947524,1.854265712750419,1.0,0.07202594095685154,0.7533651499970248,0.0,0.7967060999999376,0.12276469999960682,0.9583195000013802,
segment,P2_NoRobust,,ablation,clean,0.0,16,0.1,231,0.5705627705627706,0.5942524082605956,0.45470500339575753,1.6715179517602894,1.0,0.07632600923700718,0.6808731592579806,0.0,0.6980941000001621,0.03538440000011178,1.7340818000011495,
segment,P2_NoRobust,,ablation,clean,0.0,16,0.15,346,0.6567099567099567,0.6453455759389042,0.5314849326917442,1.5125433358290128,1.0,0.08125112371402125,0.6070573419403057,0.06956521739130435,0.6364042999994126,0.039054100001521874,2.546840400000292,
segment,P2_NoRobust,,ablation,clean,0.0,16,0.2,462,0.6307359307359307,0.6480440199754826,0.48650623440108215,1.5135989968016759,1.0,0.08078920979829189,0.5932426108740049,0.08620689655172414,0.5681708000010985,0.13179089999903226,3.4139978000002884,
segment,P2_NoRobust,,ablation,clean,0.0,16,0.3,693,0.6532467532467533,0.7085576306982421,0.5889320741909161,1.4043659476433699,1.0,0.08384248314028299,0.5451822423542346,0.2727272727272727,0.4293858999990334,0.15676329999951122,4.0661473000000115,
segment,P2_NoRobust,,ablation,clean,0.0,17,0.05,115,0.567965367965368,0.5603473022590713,0.442371815353526,1.8628935704109304,1.0,0.07000031519075728,0.7629113850204827,0.0,0.7651679999999033,0.13215409999975236,0.9492537999994966,
segment,P2_NoRobust,,ablation,clean,0.0,17,0.1,231,0.6367965367965368,0.5915318703316595,0.46430910103938566,1.5262452936186663,1.0,0.07875060735876767,0.6072518337945705,0.02586206896551724,0.7440332999995007,0.047706199999083765,1.8318017000001419,
segment,P2_NoRobust,,ablation,clean,0.0,17,0.15,346,0.6385281385281385,0.6830365850373069,0.5233790467895891,1.6269467066278887,1.0,0.07564521247127705,0.6724050467636907,0.0,0.6447634000014659,0.08780429999933403,2.6794938999992155,
segment,P2_NoRobust,,ablation,clean,0.0,17,0.2,462,0.780952380952381,0.750352850100612,0.6423465199035804,1.4771726344110454,1.0,0.08144405619555142,0.5759993294209318,0.10344827586206896,0.5154524000008678,0.10712859999875946,3.4230594000000565,
segment,P2_NoRobust,,ablation,clean,0.0,17,0.3,693,0.812987012987013,0.7930702609538955,0.7016648575115269,1.3831140966460542,1.0,0.08311381066504595,0.5625265064338162,0.24242424242424243,0.44209829999999783,0.12830620000022464,4.08097269999962,
segment,P2_NoRobust,,ablation,clean,0.0,18,0.05,115,0.564069264069264,0.5567525714642669,0.4370106651753438,1.8843409142733614,1.0,0.06908856518835524,0.7822935537656308,0.0,0.8533012000007147,0.14209010000013222,1.0520447999988392,
segment,P2_NoRobust,,ablation,clean,0.0,18,0.1,231,0.6411255411255411,0.6165200272170919,0.49073804037947016,1.5700126545576747,1.0,0.07876534297758443,0.609774221947274,0.06896551724137931,0.8883182000008674,0.05390559999977995,2.0708434999996825,
segment,P2_NoRobust,,ablation,clean,0.0,18,0.15,346,0.6878787878787879,0.6667866544041123,0.547638740660954,1.5848767793086638,1.0,0.07601680539594426,0.6197832900007255,0.017391304347826087,0.6312417999997706,0.074912600000971,2.884035399998538,
segment,P2_NoRobust,,ablation,clean,0.0,18,0.2,462,0.7251082251082251,0.7151411127631252,0.6029759777187983,1.5010764683419149,1.0,0.07980830733773908,0.6129772509999217,0.0,0.577457699999286,0.09948769999937213,3.621042099999613,
segment,P2_NoRobust,,ablation,clean,0.0,18,0.3,693,0.7822510822510822,0.7974412096299023,0.6410276950673599,1.3695930965884584,1.0,0.08257852136978706,0.5260878085093006,0.3722943722943723,0.4510991999995895,0.05449840000073891,4.185548099998414,
segment,P2_NoRobust,,ablation,clean,0.0,19,0.05,115,0.5883116883116883,0.5786574350952209,0.46129156715210046,1.895772839199286,1.0,0.06848287153952397,0.7958903248376731,0.0,0.8139422000003833,0.16421959999934188,1.0316472999984398,
segment,P2_NoRobust,,ablation,clean,0.0,19,0.1,231,0.7142857142857143,0.6892208676410917,0.5711359659839956,1.6582361912631505,1.0,0.07778388420259305,0.6599363066912184,0.0,0.7047411000003194,0.04780259999824921,1.9427063999992242,
segment,P2_NoRobust,,ablation,clean,0.0,19,0.15,346,0.7367965367965368,0.7306549841192453,0.5957257530347163,1.5129009278676175,1.0,0.07586029861787762,0.6257209154347712,0.008695652173913044,0.6208802000001015,0.15849799999887182,2.7866175999988627,
segment,P2_NoRobust,,ablation,clean,0.0,19,0.2,462,0.8095238095238095,0.7728584517809939,0.6738423459097799,1.460256784472014,1.0,0.08276373738413839,0.6013190886555652,0.017241379310344827,0.5141760000005888,0.060548499999640626,3.5521863999983907,
segment,P2_NoRobust,,ablation,clean,0.0,19,0.3,693,0.8372294372294372,0.819411935942773,0.7062516414089961,1.365074772989362,1.0,0.08157709936313678,0.5209442750148334,0.42857142857142855,0.4248938000000635,0.18253059999915422,4.243453899998713,
segment,P2_NoRobust,,ablation,clean,0.0,20,0.05,115,0.5666666666666667,0.5683613853697479,0.44616620862112943,1.8863701818675132,1.0,0.06986880669016261,0.7822474947471896,0.0,0.82549569999901,0.10119300000042131,1.0069614999993064,
segment,P2_NoRobust,,ablation,clean,0.0,20,0.1,231,0.5735930735930735,0.578361242668389,0.4525190240217341,1.6290811529518052,1.0,0.07331311640106702,0.6484968654321351,0.008620689655172414,0.7358053000007203,0.07447120000142604,1.873109199999817,
segment,P2_NoRobust,,ablation,clean,0.0,20,0.15,346,0.5987012987012987,0.6248042793467742,0.47449278036296927,1.494947369339411,1.0,0.07933755256785945,0.5798213089652892,0.13043478260869565,0.6289176999998745,0.0527100999988761,2.6442884000007325,
segment,P2_NoRobust,,ablation,clean,0.0,20,0.2,462,0.7428571428571429,0.6983696175795009,0.6208673629457864,1.475611213089475,1.0,0.08122791229420319,0.5877382608122151,0.04310344827586207,0.4811635000005481,0.08584970000083558,3.3668023999998695,
segment,P2_NoRobust,,ablation,clean,0.0,20,0.3,693,0.7467532467532467,0.7658665993478285,0.678393387642852,1.4273823022339875,1.0,0.08043899525581755,0.5624612763116454,0.15584415584415584,0.43240830000104324,0.14539780000086466,4.0081608000000415,
segment,P2_NoRobust,,ablation,clean,0.0,21,0.05,115,0.509090909090909,0.6027644058160504,0.4092023417279611,1.7827468970760392,1.0,0.07095766741472803,0.7419014377598918,0.0,0.8126202999992529,0.11529089999930875,1.006229099999473,
segment,P2_NoRobust,,ablation,clean,0.0,21,0.1,231,0.6060606060606061,0.6471913969603454,0.4903347911266042,1.5976654226977636,1.0,0.0797246822858187,0.5958697920550802,0.13793103448275862,0.7295778000006976,0.05542940000123053,1.8625789999987319,
segment,P2_NoRobust,,ablation,clean,0.0,21,0.15,346,0.7398268398268398,0.7157181958142196,0.6220267123674573,1.5552113191251964,1.0,0.08013720540895741,0.6106945723427967,0.0,0.6024240999995527,0.06813929999952961,2.695953099999315,
segment,P2_NoRobust,,ablation,clean,0.0,21,0.2,462,0.7424242424242424,0.7345575477866244,0.6006245201308995,1.4677104253971454,1.0,0.07791461372823423,0.6224407490615094,0.008620689655172414,0.4976900999990903,0.15134570000009262,3.4091475999994145,
segment,P2_NoRobust,,ablation,clean,0.0,21,0.3,693,0.8212121212121212,0.8107930898820085,0.6870102090189062,1.3952321539879458,1.0,0.08485324260325093,0.5732187853051494,0.19047619047619047,0.4420742000002065,0.06101390000003448,4.006985799998802,
segment,P2_NoRobust,,ablation,clean,0.0,22,0.05,115,0.5818181818181818,0.5800050758418522,0.456111840391565,1.8377521623955855,1.0,0.07023734081592106,0.74249879190184,0.0,0.9309777000016766,0.14469090000056894,1.1451966000004177,
segment,P2_NoRobust,,ablation,clean,0.0,22,0.1,231,0.5614718614718615,0.580666819240972,0.43333438570109717,1.5895034177728813,1.0,0.07851788039597779,0.6160277197994437,0.08620689655172414,0.784540200000265,0.06513079999967886,2.127832899999703,
segment,P2_NoRobust,,ablation,clean,0.0,22,0.15,346,0.6242424242424243,0.6230650185261385,0.5043718791914974,1.498392298516088,1.0,0.08045303491327024,0.5854670611765591,0.043478260869565216,0.6653556999990542,0.1332683000000543,3.1277953999997408,
segment,P2_NoRobust,,ablation,clean,0.0,22,0.2,462,0.6341991341991342,0.6415380381750937,0.5215184653698979,1.4749404967962354,1.0,0.0825130840315698,0.5581123243419429,0.1896551724137931,0.5423382999997557,0.18906710000010207,4.02457830000094,
segment,P2_NoRobust,,ablation,clean,0.0,22,0.3,693,0.658008658008658,0.7025802950130373,0.5375758905057179,1.3636880290219942,1.0,0.0838663549811227,0.5134148728153318,0.41125541125541126,0.4380184999990888,0.15912930000013148,4.702655900000536,
segment,P2_NoRobust,,ablation,clean,0.0,23,0.05,115,0.6064935064935065,0.5552688026965612,0.4448257319966079,1.8435388856322699,1.0,0.07518402014612133,0.74211679179481,0.0,0.7838648999986617,0.04861879999953089,0.9808366999986902,
segment,P2_NoRobust,,ablation,clean,0.0,23,0.1,231,0.6043290043290044,0.5596056465129842,0.41878648600071827,1.6342986059832532,1.0,0.07111738681088618,0.6566449205601124,0.0,0.704495500000121,0.13788039999963075,1.9329356999987795,
segment,P2_NoRobust,,ablation,clean,0.0,23,0.15,346,0.7753246753246753,0.7282146960316893,0.6242072305334689,1.727805098038132,1.0,0.07199607720045931,0.70097064210857,0.0,0.6284869000010076,0.10460349999993923,2.832083999999668,
segment,P2_NoRobust,,ablation,clean,0.0,23,0.2,462,0.7601731601731602,0.7650431388682108,0.617077724478693,1.4599005349669307,1.0,0.07886348205921734,0.6044371774217034,0.02586206896551724,0.5065278000001854,0.1584302999999636,3.5746583999989525,
segment,P2_NoRobust,,ablation,clean,0.0,23,0.3,693,0.8363636363636363,0.7964622653813805,0.718928582637749,1.4083634945030385,1.0,0.08511321864553525,0.5703034243407191,0.19913419913419914,0.4112783999989915,0.06617569999980333,4.178919099998893,
segment,P2_NoRobust,,ablation,clean,0.0,24,0.05,115,0.5909090909090909,0.5714219416618349,0.46193077382503944,1.8399121253000432,1.0,0.0720939922119505,0.7478591050210153,0.0,0.8385476999992534,0.0762659000010899,0.9794901000004756,
segment,P2_NoRobust,,ablation,clean,0.0,24,0.1,231,0.5974025974025974,0.6227068598306982,0.48181001196619455,1.7097723114434393,1.0,0.07660334966459567,0.6837466932586568,0.0,0.7736866000013833,0.06225760000052105,1.8890618000004906,
segment,P2_NoRobust,,ablation,clean,0.0,24,0.15,346,0.6320346320346321,0.6506889794130878,0.48082690134277045,1.4867629584000046,1.0,0.08051444432596132,0.6009882714904776,0.02608695652173913,0.681133599999157,0.0680501999995613,2.703608100000565,
segment,P2_NoRobust,,ablation,clean,0.0,24,0.2,462,0.7445887445887446,0.7209820524735724,0.6296623197284623,1.4615550937803743,1.0,0.08298021031254225,0.5867372106852834,0.07758620689655173,0.541033100000277,0.06286720000025525,3.4194853999997576,
segment,P2_NoRobust,,ablation,clean,0.0,24,0.3,693,0.8186147186147186,0.7972907882356914,0.6764448101716326,1.4122339749604693,1.0,0.08126073998546553,0.5817205599506304,0.1645021645021645,0.45394649999980174,0.11350599999968836,4.052606600000217,
segment,P2_NoRobust,,ablation,clean,0.0,25,0.05,115,0.5688311688311688,0.5875430204153652,0.45322204646504044,1.8574905007538727,1.0,0.07255208190875732,0.7503687577602914,0.0,0.8474175999999716,0.12903890000052343,1.0264604999993026,
segment,P2_NoRobust,,ablation,clean,0.0,25,0.1,231,0.5658008658008657,0.5923043519421626,0.4501593708353663,1.6664438663849268,1.0,0.07557211800678862,0.6832926575154027,0.0,0.7496435000011843,0.04512640000029933,1.8781361000001198,
segment,P2_NoRobust,,ablation,clean,0.0,25,0.15,346,0.6134199134199134,0.6319721476056454,0.4887694956365844,1.4952759892753302,1.0,0.08081275232359393,0.5958343741782773,0.0,0.6793143000013515,0.05321349999940139,2.665110199999617,
segment,P2_NoRobust,,ablation,clean,0.0,25,0.2,462,0.7463203463203463,0.7152163157542414,0.6203422638363967,1.4514731614748282,1.0,0.08189397553472245,0.5726302462424635,0.15517241379310345,0.5147137999992992,0.04946220000056201,3.3037471000006917,
segment,P2_NoRobust,,ablation,clean,0.0,25,0.3,693,0.7341991341991342,0.736768976727263,0.6154710900710259,1.3814838008462476,1.0,0.08143006687501785,0.5189219547227426,0.41125541125541126,0.41893119999986084,0.07465140000022075,4.020863300000201,
segment,P2_NoRobust,,ablation,clean,0.0,26,0.05,115,0.5692640692640693,0.5875851533898669,0.4517429625218771,1.8610709469491236,1.0,0.07264540197220418,0.7539480456187149,0.0,0.7915020000000368,0.1355342999995628,1.0088150999999925,
segment,P2_NoRobust,,ablation,clean,0.0,26,0.1,231,0.5735930735930735,0.5950424359199573,0.44755383567750123,1.6683074948655454,1.0,0.07639638832220401,0.677498437496167,0.0,0.7468258000008063,0.05767599999853701,1.8693609999991168,
segment,P2_NoRobust,,ablation,clean,0.0,26,0.15,346,0.5705627705627706,0.6145558767127343,0.4511961766906563,1.5047963320023234,1.0,0.08180991396340052,0.6056583080209385,0.008695652173913044,0.6218472000000475,0.05260599999928672,2.605326699998841,
segment,P2_NoRobust,,ablation,clean,0.0,26,0.2,462,0.6021645021645021,0.6515765927095492,0.48041382321294446,1.4593107507334042,1.0,0.0826040570674051,0.577671221121385,0.11206896551724138,0.5095509000002494,0.05642640000041865,3.2497492999991664,
segment,P2_NoRobust,,ablation,clean,0.0,26,0.3,693,0.6519480519480519,0.6996373157535907,0.5329179368514142,1.3999064532422318,1.0,0.08359865884198985,0.5412640882114945,0.27705627705627706,0.4263363999998546,0.07667649999893911,3.8278517999988253,
segment,P2_NoRobust,,ablation,clean,0.0,27,0.05,115,0.5766233766233766,0.5890369827810252,0.46311306033642435,1.878765617849131,1.0,0.07227827743958205,0.7776276398287194,0.0,0.8801750000002357,0.06556330000057642,0.9930266000010306,
segment,P2_NoRobust,,ablation,clean,0.0,27,0.1,231,0.5653679653679654,0.6012529176714186,0.45611275545497115,1.614522751428908,1.0,0.07855336266890574,0.6265840378320265,0.02586206896551724,0.9549418999995396,0.04071739999926649,2.0810653999997157,
segment,P2_NoRobust,,ablation,clean,0.0,27,0.15,346,0.6242424242424243,0.6569234939763409,0.4946524905573933,1.5371000359823588,1.0,0.07663960190707932,0.6014213519993898,0.0,0.9307890999989468,0.08128940000096918,3.2896529999998165,
segment,P2_NoRobust,,ablation,clean,0.0,27,0.2,462,0.6324675324675325,0.6529564773305936,0.4998398014932162,1.48752707436058,1.0,0.08078332922372108,0.6020521785430132,0.017241379310344827,0.7580261000002793,0.17460810000011406,4.513455399999657,
segment,P2_NoRobust,,ablation,clean,0.0,27,0.3,693,0.8038961038961039,0.7774293196480545,0.6880215620330723,1.3727028388774094,1.0,0.08344086711766771,0.5230519673220628,0.39826839826839827,0.5433625000005122,0.25435209999886865,5.4061947999998665,
segment,P2_NoRobust,,ablation,clean,0.0,28,0.05,115,0.5961038961038961,0.5288488511133638,0.4411502339038698,1.8472666183717954,1.0,0.0746335015489693,0.7426826606534507,0.0,0.9603680000000168,0.0637323999999353,1.1519140999989759,
segment,P2_NoRobust,,ablation,clean,0.0,28,0.1,231,0.6528138528138528,0.6382883469343975,0.5225918449772059,1.772936263352047,1.0,0.07060103266304632,0.7140871853930004,0.0,0.8767947999986063,0.12435580000055779,2.2938680999995995,
segment,P2_NoRobust,,ablation,clean,0.0,28,0.15,346,0.6558441558441559,0.6511741017049062,0.5236296883554793,1.6573574841649124,1.0,0.0699902630312773,0.6640107640864895,0.0,0.7899412999995548,0.12764179999976477,3.3428038000001834,
segment,P2_NoRobust,,ablation,clean,0.0,28,0.2,462,0.6432900432900432,0.6681528259176011,0.5437377673113156,1.5179121532101216,1.0,0.07489643912419207,0.5628109222934474,0.017241379310344827,0.9125822999994853,0.12816420000126527,4.533926899999642,
segment,P2_NoRobust,,ablation,clean,0.0,28,0.3,693,0.6961038961038961,0.7294935672970212,0.6161376688229225,1.348726903536387,1.0,0.0848085710913479,0.4950506395021859,0.5454545454545454,0.7704509000013786,0.14184750000094937,5.548971899999742,
segment,P2_NoRobust,,ablation,clean,0.0,29,0.05,115,0.5718614718614718,0.5680706811705025,0.4480776086819411,1.8538189196623571,1.0,0.07176878378781903,0.7495771740183047,0.0,1.4730356999989453,0.16729379999924276,1.755606999999145,
segment,P2_NoRobust,,ablation,clean,0.0,29,0.1,231,0.5562770562770563,0.5877784118042684,0.43857734879384164,1.52506481082885,1.0,0.07864617238578918,0.5935813748511258,0.06896551724137931,1.3072428999985277,0.1074544999992213,3.322788199999195,
segment,P2_NoRobust,,ablation,clean,0.0,29,0.15,346,0.5601731601731602,0.6294915887845542,0.4014896830499947,1.6296099541806932,1.0,0.07853682631644344,0.6688760933351732,0.0,1.1981207999997423,0.1641589999999269,5.01835249999931,
segment,P2_NoRobust,,ablation,clean,0.0,29,0.2,462,0.7848484848484848,0.7541249072728234,0.6469280819461777,1.462039299286982,1.0,0.07846141015664067,0.5476129981793295,0.2413793103448276,0.9177283000008174,0.26530600000114646,6.396908299999268,
segment,P2_NoRobust,,ablation,clean,0.0,29,0.3,693,0.7878787878787878,0.8061568272224234,0.648216254227492,1.400351107338458,1.0,0.08324913995449211,0.5645798301950637,0.24242424242424243,0.7896744000008766,0.2335731000002852,7.528363899999022,
segment,P2_NoRobust,,ablation,clean,0.2,0,0.05,115,0.6095238095238096,0.5500744611716563,0.44553013127660956,1.8451139946821045,1.0,0.07129965645775782,0.7527320894927939,0.0,1.8499697000006563,0.2450432000005094,2.4669939000013983,
segment,P2_NoRobust,,ablation,clean,0.2,0,0.1,231,0.5831168831168831,0.5416583395614564,0.41660569430842587,1.5860592645120613,1.0,0.07188435481102542,0.6343252357647333,0.0,1.6867065999995248,0.25562900000113586,4.59650000000147,
segment,P2_NoRobust,,ablation,clean,0.2,0,0.15,346,0.6285714285714286,0.620065735401889,0.4978822072314929,1.737602376217108,1.0,0.07418339748701017,0.7071255124314983,0.0,1.47906089999924,0.17152170000008482,6.4668562000006204,
segment,P2_NoRobust,,ablation,clean,0.2,0,0.2,462,0.7467532467532467,0.67136255530458,0.5851073596403435,1.5009646587910432,1.0,0.08181378285019983,0.5878718214736568,0.06896551724137931,1.067341199999646,0.23041509999893606,7.966988800000763,
segment,P2_NoRobust,,ablation,clean,0.2,0,0.3,693,0.7640692640692641,0.6737629694676287,0.5992693547741185,1.423026814620109,1.0,0.08233320470281533,0.5540762140849701,0.2554112554112554,0.9800682000004599,0.202770200001396,9.283587400001124,
segment,P2_NoRobust,,ablation,clean,0.2,1,0.05,115,0.5688311688311688,0.5344145196909963,0.4324713796130513,1.858209616150716,1.0,0.0726943501660228,0.7507616026219058,0.0,1.9045769999993354,0.26643700000022363,2.35412610000094,
segment,P2_NoRobust,,ablation,clean,0.2,1,0.1,231,0.5528138528138529,0.5674176400208596,0.4294403637559753,1.688555126044307,1.0,0.07679265488247797,0.6806830775473575,0.0,1.7431865000016842,0.1869537999991735,4.480550000000221,
segment,P2_NoRobust,,ablation,clean,0.2,1,0.15,346,0.5467532467532468,0.561947423247427,0.43682210878520084,1.5315665641754046,1.0,0.08187655660659206,0.6002847603713134,0.008695652173913044,1.3389322000002721,0.17814320000070438,6.236710700000913,
segment,P2_NoRobust,,ablation,clean,0.2,1,0.2,462,0.5432900432900433,0.5447350382959385,0.3863693147435093,1.5557347866989368,1.0,0.07913208834018728,0.6116306255067393,0.0,1.2872394000005443,0.24559850000150618,7.968418500000553,
segment,P2_NoRobust,,ablation,clean,0.2,1,0.3,693,0.7502164502164502,0.6559986711287774,0.5756436686330295,1.4074327795590769,1.0,0.07745033369940334,0.5263514515479485,0.42857142857142855,0.9490503999986686,0.17047520000051009,9.193429200000537,
segment,P2_NoRobust,,ablation,clean,0.2,2,0.05,115,0.6073593073593073,0.5490317637090053,0.4545984180717339,1.8621445215442936,1.0,0.07244914577726479,0.7541666217924317,0.0,1.8784469999991416,0.24529010000151175,2.2652645999987726,
segment,P2_NoRobust,,ablation,clean,0.2,2,0.1,231,0.5606060606060606,0.5146436440070081,0.4183966957184321,1.6367761862187034,1.0,0.07220498008792614,0.6579490300289186,0.0,1.7955971999999747,0.1356567000002542,4.375039399999878,
segment,P2_NoRobust,,ablation,clean,0.2,2,0.15,346,0.7367965367965368,0.6084386752978301,0.5427242943053079,1.5781701283904337,1.0,0.07626094909007228,0.6475293074764323,0.017391304347826087,1.404729399999269,0.14810639999996056,6.203255099999296,
segment,P2_NoRobust,,ablation,clean,0.2,2,0.2,462,0.7168831168831169,0.6545926282343206,0.5933917683582446,1.743687551952208,1.0,0.07044409188923016,0.7154775513645297,0.0,1.159519500000897,0.20054460000028485,7.821132499999294,
segment,P2_NoRobust,,ablation,clean,0.2,2,0.3,693,0.7675324675324675,0.677626402259658,0.5997827883498612,1.4671219242222087,1.0,0.08035141528732373,0.6128071830743848,0.04329004329004329,1.0182108999997581,0.23488750000069558,9.184926899999482,
segment,P2_NoRobust,,ablation,clean,0.2,3,0.05,115,0.5744588744588744,0.5815416770398378,0.4586352480204902,1.8599381180440748,1.0,0.07237070967171373,0.7552113977753994,0.0,1.9322795999996742,0.22935570000117877,2.342603600000075,
segment,P2_NoRobust,,ablation,clean,0.2,3,0.1,231,0.5783549783549784,0.5910177229507921,0.4690154590833086,1.6790104768991636,1.0,0.076185122306712,0.6777435396033865,0.0,1.769698599999174,0.11573850000058883,4.377211199998783,
segment,P2_NoRobust,,ablation,clean,0.2,3,0.15,346,0.5995670995670995,0.6011051878361567,0.48290908164672697,1.5095705948448481,1.0,0.08057465461762851,0.5911196443770832,0.10434782608695652,1.49337530000048,0.12657380000018748,6.2798383999997895,
segment,P2_NoRobust,,ablation,clean,0.2,3,0.2,462,0.6164502164502165,0.6004534433880884,0.4970008277279157,1.4758911345243209,1.0,0.08111145725037726,0.5654036935140767,0.1206896551724138,1.2486503000000084,0.21620700000130455,7.975576699998783,
segment,P2_NoRobust,,ablation,clean,0.2,3,0.3,693,0.6909090909090909,0.621072793357022,0.5541167859556598,1.351884917007179,1.0,0.08026223943224953,0.4966645374819404,0.5281385281385281,1.3082283000003372,0.25083599999925354,9.87657450000006,
segment,P2_NoRobust,,ablation,clean,0.2,4,0.05,115,0.5696969696969697,0.5285379852591182,0.4288230072382438,1.8474968490182675,1.0,0.07514416581173848,0.7455288339697458,0.0,2.439851799999815,0.1499591000010696,2.745515600001454,
segment,P2_NoRobust,,ablation,clean,0.2,4,0.1,231,0.5588744588744589,0.5128780078972913,0.4152572856466538,1.6736218366722146,1.0,0.07669115208303462,0.6662678776340689,0.0,1.7335007000001497,0.126823599999625,4.7530307000015455,
segment,P2_NoRobust,,ablation,clean,0.2,4,0.15,346,0.5987012987012987,0.6009649632386983,0.48708255708337506,1.5208555935589987,1.0,0.0784485683822528,0.602208143622842,0.008695652173913044,1.4254335000005085,0.14825180000116234,6.4752397000011115,
segment,P2_NoRobust,,ablation,clean,0.2,4,0.2,462,0.5532467532467532,0.5398540349409132,0.42542447301681285,1.593773267884683,1.0,0.07966239307418893,0.6211986261995401,0.0,1.1732771999995748,0.15963019999981043,7.933710300001621,
segment,P2_NoRobust,,ablation,clean,0.2,4,0.3,693,0.5424242424242425,0.5343449718320403,0.41919656146944045,1.438676273346346,1.0,0.08274346371984993,0.5606303209710248,0.15584415584415584,0.9493850000017119,0.13463649999903282,9.19454399999995,
segment,P2_NoRobust,,ablation,clean,0.2,5,0.05,115,0.5727272727272728,0.5736979617960656,0.44989683349863874,1.874864026045195,1.0,0.07027845960226269,0.7873277693325653,0.0,1.8601076000013563,0.30146240000067337,2.490071700000044,
segment,P2_NoRobust,,ablation,clean,0.2,5,0.1,231,0.5835497835497836,0.5866922113066798,0.46197748333572386,1.6524537394841607,1.0,0.07471233862412212,0.668639648981554,0.0,1.6757132999991882,0.31897570000000997,4.581321400000888,
segment,P2_NoRobust,,ablation,clean,0.2,5,0.15,346,0.5748917748917749,0.5903984549828076,0.4622477160381197,1.5296429564796774,1.0,0.08119088897111532,0.5868742455521018,0.09565217391304348,1.5290820999998687,0.13516019999951823,6.3425256999998965,
segment,P2_NoRobust,,ablation,clean,0.2,5,0.2,462,0.5783549783549784,0.5860400144167274,0.46422284674242625,1.4969242085220371,1.0,0.08122584369041717,0.5814061613174072,0.008620689655172414,1.2049342000009347,0.08940729999994801,7.860429000000295,
segment,P2_NoRobust,,ablation,clean,0.2,5,0.3,693,0.7519480519480519,0.6494629135127461,0.5907826038533578,1.3548926301362503,1.0,0.08129296832223064,0.531776615037445,0.3203463203463203,0.9723092000003817,0.20891909999954805,9.356556599999749,
segment,P2_NoRobust,,ablation,clean,0.2,6,0.05,115,0.5926406926406926,0.5537673216412119,0.4571804091188309,1.881354912112901,1.0,0.06871572877470739,0.7840585637121574,0.0,2.5281240999993315,0.26553509999939706,2.9780205999995815,
segment,P2_NoRobust,,ablation,clean,0.2,6,0.1,231,0.5926406926406926,0.5536967833233915,0.44574274506924283,1.6943338040638776,1.0,0.07474594953067024,0.6830770014219674,0.0,1.638057399999525,0.1704544000003807,4.88670219999949,
segment,P2_NoRobust,,ablation,clean,0.2,6,0.15,346,0.6155844155844156,0.5525143375062804,0.44833800544072583,1.5600506092345447,1.0,0.07855017116384819,0.6433753171132888,0.0,1.3892586000001756,0.09902300000067044,6.494673999999577,
segment,P2_NoRobust,,ablation,clean,0.2,6,0.2,462,0.5865800865800865,0.5587650307382301,0.4563721150448582,1.5368296461477873,1.0,0.0800765737122463,0.6283180321983113,0.0,1.2201296000002912,0.1263835999998264,7.951612699998805,
segment,P2_NoRobust,,ablation,clean,0.2,6,0.3,693,0.6956709956709957,0.5958330304930058,0.49385553350306777,1.372974062139589,1.0,0.08470319191097424,0.5141629118170848,0.41125541125541126,1.0268204000003607,0.11619280000013532,9.288296200000332,
segment,P2_NoRobust,,ablation,clean,0.2,7,0.05,115,0.5614718614718615,0.5235219559617853,0.42025294845731687,1.813770091183177,1.0,0.07535354929397191,0.7290224691600944,0.0,1.916240700000344,0.06830179999997199,2.071967300000324,
segment,P2_NoRobust,,ablation,clean,0.2,7,0.1,231,0.6363636363636364,0.5528553152304808,0.470222631342861,1.598959414034754,1.0,0.07613180479410374,0.6430343671760324,0.0,1.7285908000012569,0.06905080000069574,3.9654477999993105,
segment,P2_NoRobust,,ablation,clean,0.2,7,0.15,346,0.5718614718614718,0.5487908922427771,0.4474768441406138,1.6278244952408139,1.0,0.07370583037806604,0.6190794146477833,0.02608695652173913,1.4722060000003694,0.09975779999876977,5.671491200000673,
segment,P2_NoRobust,,ablation,clean,0.2,7,0.2,462,0.5796536796536796,0.5417361353586773,0.44107211038565225,1.694753214797187,1.0,0.08122148663160823,0.6737649196485875,0.0,1.1465031999996427,0.10645070000100532,7.047712199999296,
segment,P2_NoRobust,,ablation,clean,0.2,7,0.3,693,0.5385281385281385,0.5202289329020989,0.40169308811381615,1.397855229186409,1.0,0.08387620083756446,0.535839168372199,0.31601731601731603,0.981250100001489,0.1295501000004151,8.33567050000056,
segment,P2_NoRobust,,ablation,clean,0.2,8,0.05,115,0.5731601731601732,0.5553369524179158,0.4405253957299715,1.8790413257793146,1.0,0.0695087228292369,0.774962386485559,0.0,1.9602341000008892,0.18142620000071474,2.2367897000003722,
segment,P2_NoRobust,,ablation,clean,0.2,8,0.1,231,0.5450216450216451,0.5423017405224724,0.40754392545107054,1.5693788796138095,1.0,0.07860653573757496,0.6312120839631217,0.0,1.7359627000005275,0.08028600000034203,4.175609199999599,
segment,P2_NoRobust,,ablation,clean,0.2,8,0.15,346,0.5831168831168831,0.5732077948650982,0.44581236676466424,1.618419858967578,1.0,0.0790736556776987,0.6298891927725286,0.034782608695652174,1.6130177000013646,0.12129839999943215,6.191246000000319,
segment,P2_NoRobust,,ablation,clean,0.2,8,0.2,462,0.6073593073593073,0.5770386932627481,0.4477413731261333,1.498750172228217,1.0,0.0816287894916364,0.5762411546700946,0.04310344827586207,1.2692900999991252,0.14637460000085412,7.765981499998816,
segment,P2_NoRobust,,ablation,clean,0.2,8,0.3,693,0.7489177489177489,0.6606927752136765,0.5752682912677759,1.389055548107017,1.0,0.08220795100544996,0.5221877625838816,0.39826839826839827,1.0024886000010156,0.14629039999999804,9.016824899999847,
segment,P2_NoRobust,,ablation,clean,0.2,9,0.05,115,0.5714285714285714,0.5617835269907765,0.4513564859337416,1.8258379869404724,1.0,0.07373809514545863,0.7362382025040468,0.0,1.8773223999996844,0.09898549999888928,2.0484507999990456,
segment,P2_NoRobust,,ablation,clean,0.2,9,0.1,231,0.5623376623376624,0.5460761190729733,0.4372053209420529,1.5329223540754913,1.0,0.07929231888660056,0.6066997263084896,0.08620689655172414,1.757695899999817,0.06450529999892751,3.9544234999993932,
segment,P2_NoRobust,,ablation,clean,0.2,9,0.15,346,0.5636363636363636,0.529796120047938,0.4121772495532193,1.4615859516615277,1.0,0.08121768285549193,0.5557292610518398,0.10434782608695652,1.3798375999995187,0.06570450000072015,5.5485091999998986,
segment,P2_NoRobust,,ablation,clean,0.2,9,0.2,462,0.6285714285714286,0.6226104974387122,0.5161816481301652,1.6039970395841714,1.0,0.07705803164621614,0.6487379076522808,0.02586206896551724,1.2231603000000177,0.1140015000000858,7.181291399998372,
segment,P2_NoRobust,,ablation,clean,0.2,9,0.3,693,0.7571428571428571,0.6701443080125383,0.5955484254505575,1.3765626758816574,1.0,0.08087527244499462,0.5471326253544991,0.27705627705627706,0.9563326000006782,0.26989660000072035,8.627445699999953,
segment,P2_NoRobust,,ablation,clean,0.2,10,0.05,115,0.5831168831168831,0.5663545803217659,0.45803686941102123,1.8593839145087114,1.0,0.07267116489296231,0.7514184647755933,0.0,1.9525040999997145,0.22988079999959155,2.285881199999494,
segment,P2_NoRobust,,ablation,clean,0.2,10,0.1,231,0.5701298701298702,0.5419242022904799,0.4462568628186582,1.4946885743769724,1.0,0.07942839713260197,0.5955462989290472,0.04310344827586207,2.4237379000005603,0.09039649999976973,4.959050400000706,
segment,P2_NoRobust,,ablation,clean,0.2,10,0.15,346,0.6636363636363637,0.5960412478196139,0.5113816213574028,1.6707012074435832,1.0,0.07914681618720207,0.6676634539222052,0.0,1.4399248999998235,0.11011739999958081,6.6086168000001635,
segment,P2_NoRobust,,ablation,clean,0.2,10,0.2,462,0.6653679653679654,0.5997566434668533,0.5177754245436836,1.4881010946206015,1.0,0.08084162459572483,0.5730913402656144,0.16379310344827586,1.1686083000004146,0.08488109999962035,7.9835063999998965,
segment,P2_NoRobust,,ablation,clean,0.2,10,0.3,693,0.6649350649350649,0.6078715904067531,0.5333139013403116,1.4044494297143768,1.0,0.08281151614253977,0.5274669414891253,0.3722943722943723,0.9420594000002893,0.09302659999957541,9.128420900000492,
segment,P2_NoRobust,,ablation,clean,0.2,11,0.05,115,0.564069264069264,0.5252292397506704,0.43935530356463287,1.840082418721208,1.0,0.07619133033564852,0.7389212032882242,0.0,1.8944507999985944,0.10337230000004638,2.2722900999997364,
segment,P2_NoRobust,,ablation,clean,0.2,11,0.1,231,0.6038961038961039,0.5883788494269572,0.4739373808312391,1.6154387610848868,1.0,0.07653701106610311,0.6435289672876298,0.0,1.6900630000000092,0.2921319000015501,4.3577970000005735,
segment,P2_NoRobust,,ablation,clean,0.2,11,0.15,346,0.6025974025974026,0.5857790430730574,0.46053981348107764,1.544686390546328,1.0,0.08210905201460905,0.5824197576129845,0.1391304347826087,1.4599944000001415,0.09889379999913217,6.099469800001316,
segment,P2_NoRobust,,ablation,clean,0.2,11,0.2,462,0.6051948051948052,0.584153593588811,0.4574455412864205,1.6034458419951856,1.0,0.08208133883865985,0.6305110145952129,0.02586206896551724,1.2043874999999389,0.1301246999992145,7.576680699999997,
segment,P2_NoRobust,,ablation,clean,0.2,11,0.3,693,0.7575757575757576,0.6693067211088206,0.5879584674339698,1.41119920583828,1.0,0.08353925396398733,0.5180625699935384,0.3722943722943723,1.0753187999998772,0.12789669999983744,8.983377500000643,
segment,P2_NoRobust,,ablation,clean,0.2,12,0.05,115,0.5796536796536796,0.5674885915719111,0.452306513419463,1.7646972374020076,1.0,0.07493281097390665,0.722604625849692,0.0,1.8959004999996978,0.20075080000060552,2.173901100000876,
segment,P2_NoRobust,,ablation,clean,0.2,12,0.1,231,0.5727272727272728,0.5401875971492396,0.447520461982708,1.6702001642220397,1.0,0.0785901317377542,0.6508388439863453,0.0,1.6877824000002875,0.07444529999884253,4.0374783999996,
segment,P2_NoRobust,,ablation,clean,0.2,12,0.15,346,0.5926406926406926,0.5484266780288208,0.4531125042831117,1.5964361412471044,1.0,0.08080124916622403,0.6424326986468952,0.0,1.3653590000012628,0.09394520000023476,5.606572900000174,
segment,P2_NoRobust,,ablation,clean,0.2,12,0.2,462,0.5956709956709957,0.5488556053316593,0.45521195065626646,1.4355619588653505,1.0,0.08376737777610031,0.5520857183815969,0.19827586206896552,1.1823227000004408,0.11850899999990361,7.059633900000335,
segment,P2_NoRobust,,ablation,clean,0.2,12,0.3,693,0.5982683982683983,0.5521606781937793,0.4422205038734308,1.269778932639168,1.0,0.08640886513202042,0.4681825314888032,0.6883116883116883,0.9950775999986945,0.09912789999907545,8.271278399999574,
segment,P2_NoRobust,,ablation,clean,0.2,13,0.05,115,0.6108225108225108,0.5909518739601203,0.47517368951308436,1.8394953403637662,1.0,0.0724285081188215,0.7389056025394383,0.0,1.9455811999996513,0.2791154999995342,2.356393799998841,
segment,P2_NoRobust,,ablation,clean,0.2,13,0.1,231,0.5727272727272728,0.5799833350148134,0.45525160972270434,1.6814754664042857,1.0,0.07440312821546573,0.6898729501974162,0.0,1.6255854999999428,0.13372530000015104,4.218195699999342,
segment,P2_NoRobust,,ablation,clean,0.2,13,0.15,346,0.5852813852813853,0.5766711325083572,0.45936111478386593,1.4806725986135751,1.0,0.07872022753840136,0.600154441140984,0.017391304347826087,1.3767248000003747,0.09657000000152038,5.790375200000199,
segment,P2_NoRobust,,ablation,clean,0.2,13,0.2,462,0.6571428571428571,0.607369837561259,0.5152434765848286,1.4526433165072286,1.0,0.07958099342212167,0.5583688338422941,0.11206896551724138,1.1146424999988085,0.08712240000022575,7.150605999999243,
segment,P2_NoRobust,,ablation,clean,0.2,13,0.3,693,0.7380952380952381,0.6608653652801406,0.6005179947720293,1.378666137196635,1.0,0.07979372671195702,0.543450245941016,0.2727272727272727,0.9769619999988208,0.15933099999892875,8.431143199999497,
segment,P2_NoRobust,,ablation,clean,0.2,14,0.05,115,0.5735930735930735,0.5424461057163831,0.4416400410829966,1.8626165232594474,1.0,0.07250594340321169,0.7555603395081526,0.0,1.8741222999997262,0.2200712999983807,2.2521518000012293,
segment,P2_NoRobust,,ablation,clean,0.2,14,0.1,231,0.5705627705627706,0.5322074856945722,0.4295258984474526,1.706464753118789,1.0,0.076320249404941,0.6798289377579934,0.0,1.6940568999998504,0.10678580000057991,4.248145999999906,
segment,P2_NoRobust,,ablation,clean,0.2,14,0.15,346,0.6281385281385281,0.5684865744541671,0.45806175197493476,1.5443049673416185,1.0,0.0772961588912048,0.6163128704382407,0.008695652173913044,1.5061748000007356,0.14361600000120234,6.078994200001034,
segment,P2_NoRobust,,ablation,clean,0.2,14,0.2,462,0.6515151515151515,0.5983749273643265,0.4995432169809902,1.5168006920211183,1.0,0.07892969385719091,0.6092347202305117,0.0,1.190788199999588,0.18727509999916947,7.7158815000002505,
segment,P2_NoRobust,,ablation,clean,0.2,14,0.3,693,0.7627705627705628,0.6703674747259957,0.5953837219298893,1.548398619245805,1.0,0.0737177126543901,0.6252597269238325,0.09523809523809523,1.0270912000014505,0.22489130000030855,9.136197600000742,
segment,P2_NoRobust,,ablation,clean,0.2,15,0.05,115,0.6350649350649351,0.5685135350759133,0.48100524868942013,1.8911565700631852,1.0,0.06833284610012019,0.7970933228170473,0.0,1.944463399999222,0.23786459999973886,2.4474563999992824,
segment,P2_NoRobust,,ablation,clean,0.2,15,0.1,231,0.551948051948052,0.5483238228400286,0.4272294099114561,1.68809190508494,1.0,0.07185631422627739,0.6789064886126425,0.0,1.6000335000007908,0.2574398000015208,4.405125299999781,
segment,P2_NoRobust,,ablation,clean,0.2,15,0.15,346,0.5727272727272728,0.5729543200915983,0.4519924056438892,1.5019872056005332,1.0,0.07956975238867263,0.5984823360060163,0.0,1.4337680999997247,0.12163469999904919,6.0773050999996485,
segment,P2_NoRobust,,ablation,clean,0.2,15,0.2,462,0.5800865800865801,0.5593790173781479,0.44484166864280134,1.4875388886594203,1.0,0.08084958863514649,0.5675989460312773,0.034482758620689655,1.1843867000006867,0.10445900000013353,7.5470924000001105,
segment,P2_NoRobust,,ablation,clean,0.2,15,0.3,693,0.7025974025974026,0.6332270156008929,0.5698853085973323,1.3447716123357516,1.0,0.08159597787069765,0.4980382567900973,0.5021645021645021,0.9311495000001742,0.1256232000014279,8.723886499999935,
segment,P2_NoRobust,,ablation,clean,0.2,16,0.05,115,0.580952380952381,0.5685453068394627,0.45200738804267937,1.8564101021355464,1.0,0.07200130072998265,0.7535581753855738,0.0,1.918036500001108,0.21063429999958316,2.2054566999995586,
segment,P2_NoRobust,,ablation,clean,0.2,16,0.1,231,0.5714285714285714,0.5617596089147057,0.4443743157885424,1.651947834487744,1.0,0.07737327361409288,0.672169827531358,0.0,1.6907168999987334,0.06663640000078885,4.040955000000395,
segment,P2_NoRobust,,ablation,clean,0.2,16,0.15,346,0.5831168831168831,0.5903757633677277,0.4713765401931459,1.5224073916309924,1.0,0.08088284740061152,0.6252017735061088,0.0,1.4389422999993258,0.06241090000003169,5.686510699999417,
segment,P2_NoRobust,,ablation,clean,0.2,16,0.2,462,0.5844155844155844,0.5856819666257003,0.47011252478828197,1.4988230840689982,1.0,0.08171560455117392,0.5671234757495502,0.1810344827586207,1.1299658000007184,0.11793829999987793,7.273016600000119,
segment,P2_NoRobust,,ablation,clean,0.2,16,0.3,693,0.7510822510822511,0.6608499112594926,0.5840344937848095,1.4190346575220505,1.0,0.08068673155897561,0.5448812406993243,0.27705627705627706,0.9427027999990969,0.3553305999994336,8.708407500000249,
segment,P2_NoRobust,,ablation,clean,0.2,17,0.05,115,0.5688311688311688,0.5531166118698457,0.4428827172840005,1.8311064158683479,1.0,0.0739243396874426,0.7393260731611646,0.0,1.9040961000009702,0.12375359999896318,2.1552431999989494,
segment,P2_NoRobust,,ablation,clean,0.2,17,0.1,231,0.6164502164502165,0.5530972028575472,0.44406107759362645,1.5553184514188447,1.0,0.07891271246930126,0.6046602550977138,0.10344827586206896,1.6829393000007258,0.10523130000001402,4.103497999998581,
segment,P2_NoRobust,,ablation,clean,0.2,17,0.15,346,0.551948051948052,0.565367066001455,0.43706619525130086,1.6265405028315099,1.0,0.07552872845624319,0.6657408215393231,0.0,1.4963520999990578,0.15964480000002368,5.889295199998742,
segment,P2_NoRobust,,ablation,clean,0.2,17,0.2,462,0.570995670995671,0.5692237290851424,0.4409670482200729,1.5056051099692835,1.0,0.08188568245738728,0.5787389929370286,0.09482758620689655,1.1611011999993934,0.13318790000084846,7.310064999999668,
segment,P2_NoRobust,,ablation,clean,0.2,17,0.3,693,0.6090909090909091,0.5796637398027443,0.4628320639958822,1.3981266738097058,1.0,0.08274414091051167,0.5345175610351548,0.30735930735930733,0.9550914999999804,0.1143807000007655,8.476300499998615,
segment,P2_NoRobust,,ablation,clean,0.2,18,0.05,115,0.564935064935065,0.5408706578359496,0.43203651796340853,1.883022990703643,1.0,0.06949565352053419,0.7781525331619141,0.0,1.9097670999999536,0.18763079999916954,2.20671559999937,
segment,P2_NoRobust,,ablation,clean,0.2,18,0.1,231,0.5558441558441558,0.5446824048351537,0.4228658826342852,1.5670253468530888,1.0,0.07887031812185755,0.6179452191360784,0.008620689655172414,1.7392369999997754,0.10497310000027937,4.227777500000229,
segment,P2_NoRobust,,ablation,clean,0.2,18,0.15,346,0.5545454545454546,0.5354840795870337,0.41942206529431614,1.6013963353583391,1.0,0.07724480297583311,0.6430711484329263,0.0,1.4519414999995206,0.18482770000082382,5.973390000001018,
segment,P2_NoRobust,,ablation,clean,0.2,18,0.2,462,0.6082251082251082,0.5654675225396365,0.4706034643197095,1.5028546906594564,1.0,0.07909101550390701,0.5718878614770915,0.017241379310344827,1.1508886999999959,0.1077067000005627,7.364309399999911,
segment,P2_NoRobust,,ablation,clean,0.2,18,0.3,693,0.6935064935064935,0.6071264686821833,0.5312788072995878,1.438849735215021,1.0,0.07909828299418208,0.5295741528754361,0.36796536796536794,0.9629397999997309,0.12194100000124308,8.560485600000902,
segment,P2_NoRobust,,ablation,clean,0.2,19,0.05,115,0.570995670995671,0.5597924015789253,0.4402207688813713,1.895735217547265,1.0,0.06824697363107395,0.7966982591828954,0.0,1.8270289000010962,0.23946979999891482,2.1629681999984314,
segment,P2_NoRobust,,ablation,clean,0.2,19,0.1,231,0.5727272727272728,0.5745540897446669,0.45145413172251164,1.6486503801965953,1.0,0.07569270020008642,0.6531487332031256,0.0,1.6893589999999676,0.13969250000081956,4.166357000000062,
segment,P2_NoRobust,,ablation,clean,0.2,19,0.15,346,0.5731601731601732,0.582284946450689,0.45351156050543995,1.529147114188087,1.0,0.0818367595804815,0.618350833070263,0.02608695652173913,1.5570425999994768,0.1813877999993565,6.0274966999986646,
segment,P2_NoRobust,,ablation,clean,0.2,19,0.2,462,0.5935064935064935,0.5963543120428826,0.4669916491594465,1.468355671241111,1.0,0.08311326984360959,0.5800950257690187,0.0603448275862069,1.1961449999998877,0.0904023999992205,7.459253299999546,
segment,P2_NoRobust,,ablation,clean,0.2,19,0.3,693,0.7606060606060606,0.6767135282295234,0.6002397721517043,1.4187588872512087,1.0,0.08385631984459421,0.5399655129703758,0.2510822510822511,0.9556252999991557,0.17634600000019418,8.752260999999635,
segment,P2_NoRobust,,ablation,clean,0.2,20,0.05,115,0.577056277056277,0.55841851741176,0.4532926494392617,1.884993871930239,1.0,0.06993079554479324,0.7816032079016823,0.0,1.9426485000003595,0.24014600000009523,2.2840865999987727,
segment,P2_NoRobust,,ablation,clean,0.2,20,0.1,231,0.5753246753246753,0.5543242459896435,0.44710161524256686,1.582226635089318,1.0,0.07804229207259604,0.6186216266548203,0.02586206896551724,1.830090100000234,0.0860740000007354,4.324920400000337,
segment,P2_NoRobust,,ablation,clean,0.2,20,0.15,346,0.5658008658008657,0.5497386994067247,0.4437338658407921,1.6115705488875671,1.0,0.07676915916513102,0.6402215746268431,0.017391304347826087,1.4924042999991798,0.12856639999881736,6.154475499999535,
segment,P2_NoRobust,,ablation,clean,0.2,20,0.2,462,0.5696969696969697,0.5560730815659086,0.4377755238055933,1.501723552991126,1.0,0.07845886458471271,0.5620053591515308,0.16379310344827586,1.209161699998731,0.1727766000003612,7.68146809999962,
segment,P2_NoRobust,,ablation,clean,0.2,20,0.3,693,0.5909090909090909,0.5487220163577368,0.44146343298682655,1.4630620540000632,1.0,0.08229135232275098,0.5644654910318151,0.22510822510822512,1.0058879000007437,0.11856400000033318,9.043062499998996,
segment,P2_NoRobust,,ablation,clean,0.2,21,0.05,115,0.5800865800865801,0.5775882134468014,0.45142053435105184,1.859406278380576,1.0,0.07246868654860834,0.7512555534750147,0.0,1.9578930999996373,0.26530579999962356,2.350345400000151,
segment,P2_NoRobust,,ablation,clean,0.2,21,0.1,231,0.5683982683982683,0.5546473296919383,0.43426469760862774,1.666552486636309,1.0,0.07451493485071643,0.6779705830284273,0.0,1.7583982999985892,0.08751549999942654,4.32226079999964,
segment,P2_NoRobust,,ablation,clean,0.2,21,0.15,346,0.5528138528138529,0.5611522031583797,0.43353580940455116,1.5516344198574608,1.0,0.07802131702815021,0.6173483704293273,0.034782608695652174,1.4474360999993223,0.11159840000073018,6.064609900000505,
segment,P2_NoRobust,,ablation,clean,0.2,21,0.2,462,0.587012987012987,0.5787951208188137,0.45119700895419557,1.511865976314474,1.0,0.0813766168476458,0.5832527952658695,0.034482758620689655,1.191551600000821,0.12336210000103165,7.50149170000077,
segment,P2_NoRobust,,ablation,clean,0.2,21,0.3,693,0.6142857142857143,0.5863824725200206,0.4722288636983312,1.4479892049460905,1.0,0.08208412901707969,0.5613690915216963,0.17316017316017315,0.9462559999992664,0.13444410000010976,8.68258969999988,
segment,P2_NoRobust,,ablation,clean,0.2,22,0.05,115,0.5658008658008657,0.5509427537506837,0.43718442757488835,1.774723956896792,1.0,0.06969477009884713,0.7411554842282493,0.0,1.9261067999996158,0.27316919999975653,2.461975500000335,
segment,P2_NoRobust,,ablation,clean,0.2,22,0.1,231,0.5575757575757576,0.5487720741545323,0.42870139086282505,1.6620845346005173,1.0,0.07760200974898834,0.6489250534885739,0.008620689655172414,1.7948152000008122,0.24348060000011174,4.6166153000012855,
segment,P2_NoRobust,,ablation,clean,0.2,22,0.15,346,0.5878787878787879,0.5652339062590155,0.4432459179874939,1.591526917472536,1.0,0.07796736188073468,0.6340511347898858,0.0,1.3938890000008541,0.09987250000085623,6.224999300000491,
segment,P2_NoRobust,,ablation,clean,0.2,22,0.2,462,0.5926406926406926,0.5653606633101754,0.45810060688732596,1.4848177621152332,1.0,0.0818200677276552,0.5807860159358446,0.07758620689655173,1.1148152999994636,0.0888202000005549,7.590203100000508,
segment,P2_NoRobust,,ablation,clean,0.2,22,0.3,693,0.6151515151515151,0.5889248307289465,0.4671191783422315,1.397479693808945,1.0,0.08322481948601589,0.5275101952661643,0.3722943722943723,0.9375888000013219,0.13674219999847992,8.870426299999963,
segment,P2_NoRobust,,ablation,clean,0.2,23,0.05,115,0.6038961038961039,0.5399128616850211,0.4369022403659665,1.8390479796820287,1.0,0.07545519145714971,0.7381659584596403,0.0,1.9692869999998948,0.08501679999972112,2.272599400001127,
segment,P2_NoRobust,,ablation,clean,0.2,23,0.1,231,0.6095238095238096,0.5375695738848578,0.42160361749135317,1.6393595650292103,1.0,0.07198792169354049,0.6588344848399881,0.0,1.7400877000000037,0.2318632999995316,4.41656470000089,
segment,P2_NoRobust,,ablation,clean,0.2,23,0.15,346,0.5692640692640693,0.5491107879544855,0.43481032382137796,1.7292234396346524,1.0,0.07256385910891493,0.6968470212059028,0.0,1.4042073999989952,0.1566558000013174,6.122741700000915,
segment,P2_NoRobust,,ablation,clean,0.2,23,0.2,462,0.7380952380952381,0.6649509192893289,0.5754362710619362,1.59499259734031,1.0,0.07755748658413592,0.6336095990750505,0.008620689655172414,1.2548384000001533,0.13288380000085454,7.657450900000185,
segment,P2_NoRobust,,ablation,clean,0.2,23,0.3,693,0.7623376623376623,0.6746775213105348,0.5976428960751478,1.430622054457885,1.0,0.08241203613794998,0.5673252657800109,0.18614718614718614,0.9295242999996844,0.15342280000004394,8.887011000000712,
segment,P2_NoRobust,,ablation,clean,0.2,24,0.05,115,0.593939393939394,0.5648354288798717,0.46253693479417174,1.8396630891633332,1.0,0.07203830515336006,0.7481932725899021,0.0,1.9365300000008574,0.1672171000009257,2.2121375000006083,
segment,P2_NoRobust,,ablation,clean,0.2,24,0.1,231,0.5766233766233766,0.5847783557954107,0.46068295478780863,1.7228399084428445,1.0,0.07580337627099692,0.6878322951064006,0.0,2.064572400000543,0.10398320000058447,4.580835099999604,
segment,P2_NoRobust,,ablation,clean,0.2,24,0.15,346,0.6142857142857143,0.5938407781435343,0.47072860594411486,1.4984651944277818,1.0,0.07989982820388762,0.6088156087333547,0.008695652173913044,1.4098682000003464,0.14143390000026557,6.292534800000794,
segment,P2_NoRobust,,ablation,clean,0.2,24,0.2,462,0.7277056277056277,0.6504934645217695,0.5577789756109031,1.447184657408144,1.0,0.08107293772053176,0.5665007142472497,0.13793103448275862,1.2628858999996737,0.17850069999985863,7.907848200000444,
segment,P2_NoRobust,,ablation,clean,0.2,24,0.3,693,0.7554112554112554,0.6609603589996856,0.5833151851026109,1.4191910521134765,1.0,0.08266989122954262,0.5591060224374192,0.19480519480519481,0.9285945999999967,0.10739019999891752,9.083953000001202,
segment,P2_NoRobust,,ablation,clean,0.2,25,0.05,115,0.638095238095238,0.5952889411928128,0.4850006062984535,1.8596601799349937,1.0,0.07153245083277456,0.7571097604857082,0.0,1.8815166000003956,0.23291900000003807,2.2882086999998137,
segment,P2_NoRobust,,ablation,clean,0.2,25,0.1,231,0.6445887445887446,0.5921740257836405,0.4848306351091181,1.6832936505716296,1.0,0.07234632210848643,0.6869659032190553,0.0,1.7317478000004485,0.19146879999971134,4.39647100000002,
segment,P2_NoRobust,,ablation,clean,0.2,25,0.15,346,0.683982683982684,0.6239451903584508,0.5350809204083791,1.5161462208992567,1.0,0.07611552348681451,0.6219644229751211,0.0,1.3348726000003808,0.17484129999866127,6.070679899999959,
segment,P2_NoRobust,,ablation,clean,0.2,25,0.2,462,0.6956709956709957,0.6391213461304387,0.5563633751093489,1.4880418866539131,1.0,0.07862134497295652,0.585120869402928,0.008620689655172414,1.167827400000533,0.1535702000001038,7.521163100000194,
segment,P2_NoRobust,,ablation,clean,0.2,25,0.3,693,0.7017316017316018,0.6305629249915841,0.558388599628026,1.4092734156849342,1.0,0.08175929516453617,0.5308112170136856,0.3722943722943723,0.9387147999987064,0.0799354000009771,8.65175889999955,
segment,P2_NoRobust,,ablation,clean,0.2,26,0.05,115,0.59004329004329,0.5766235984206074,0.45998869781718915,1.8613542932904577,1.0,0.07265662350298863,0.7531790938789705,0.0,1.904407899999569,0.22025360000043293,2.227225399999952,
segment,P2_NoRobust,,ablation,clean,0.2,26,0.1,231,0.5662337662337662,0.5607629041931592,0.44047844446676965,1.7519780191707135,1.0,0.07204705315041844,0.6975976138774819,0.0,1.6873619999987568,0.10604349999994156,4.184034699999756,
segment,P2_NoRobust,,ablation,clean,0.2,26,0.15,346,0.5567099567099567,0.5662160413957453,0.4392055336685755,1.5371252158478077,1.0,0.08036937043922882,0.6209648086781043,0.0,1.4266231000001426,0.11024229999929958,5.873566500000379,
segment,P2_NoRobust,,ablation,clean,0.2,26,0.2,462,0.5891774891774891,0.5749559712465998,0.44717973502431335,1.488273681121315,1.0,0.08137803926922058,0.5777261212653274,0.04310344827586207,1.2422272999992856,0.09950969999954395,7.444012699999803,
segment,P2_NoRobust,,ablation,clean,0.2,26,0.3,693,0.6125541125541125,0.5787122861186171,0.46469795587392015,1.4737238686606478,1.0,0.08164510922329549,0.5753386636062408,0.1471861471861472,0.9450545999989117,0.26809359999970184,8.823173099999622,
segment,P2_NoRobust,,ablation,clean,0.2,27,0.05,115,0.5744588744588744,0.5673073495382891,0.450709176563947,1.8786592950926788,1.0,0.07217489618579138,0.7784003807219757,0.0,1.9746334999999817,0.1083718999998382,2.1658274000001256,
segment,P2_NoRobust,,ablation,clean,0.2,27,0.1,231,0.551948051948052,0.5561920638108123,0.43582060850204063,1.636946571836271,1.0,0.07842243921854257,0.6317019709598315,0.034482758620689655,1.7359190000006492,0.08668199999920034,4.086356300000261,
segment,P2_NoRobust,,ablation,clean,0.2,27,0.15,346,0.5606060606060606,0.5672283859154751,0.44532296036000907,1.5569924198319907,1.0,0.0776279046752359,0.6047432258533008,0.0,1.495457400000305,0.08924339999975928,5.774838200000886,
segment,P2_NoRobust,,ablation,clean,0.2,27,0.2,462,0.5861471861471862,0.5748701973431835,0.44743545998311274,1.5253960081937548,1.0,0.07793201141103663,0.5730733871009716,0.04310344827586207,1.1106204999996407,0.09852860000137298,7.159565100000691,
segment,P2_NoRobust,,ablation,clean,0.2,27,0.3,693,0.6220779220779221,0.5777037148323708,0.465197315368024,1.4390588734045655,1.0,0.08214797129588339,0.5550367980498588,0.21645021645021645,1.0303072000006068,0.21189679999952205,8.537256600000546,
segment,P2_NoRobust,,ablation,clean,0.2,28,0.05,115,0.5848484848484848,0.5219909999419438,0.43902437484487494,1.8453902832768414,1.0,0.07484670735563455,0.7425017661843989,0.0,1.9204761000000872,0.08301700000083656,2.1385193999994954,
segment,P2_NoRobust,,ablation,clean,0.2,28,0.1,231,0.6177489177489177,0.5442021368921351,0.45938392766355934,1.7621951381105647,1.0,0.07412557537645048,0.6902044467958341,0.0,1.731224299999667,0.10875070000111009,4.3293548000001465,
segment,P2_NoRobust,,ablation,clean,0.2,28,0.15,346,0.606926406926407,0.5710156580148213,0.479785404354331,1.63035023023842,1.0,0.0719588833251937,0.6360466264546064,0.0,1.3424427999998443,0.29933319999872765,6.282751599999756,
segment,P2_NoRobust,,ablation,clean,0.2,28,0.2,462,0.7385281385281385,0.6229701084505564,0.5612820550025275,1.668854621398477,1.0,0.0719335816337507,0.6709615752947156,0.0,1.1447714000005362,0.376035100000081,7.982072499999049,
segment,P2_NoRobust,,ablation,clean,0.2,28,0.3,693,0.6696969696969697,0.6092519133379454,0.5310854957190524,1.5255982043085492,1.0,0.0750297613100889,0.6229720081662136,0.017316017316017316,0.9448746999987634,0.19337309999900754,9.230008799999268,
segment,P2_NoRobust,,ablation,clean,0.2,29,0.05,115,0.5766233766233766,0.5652823578295905,0.44483349749515505,1.8609730887703926,1.0,0.07228891117966021,0.7547160233151641,0.0,1.93821730000127,0.21664989999953832,2.361009500000364,
segment,P2_NoRobust,,ablation,clean,0.2,29,0.1,231,0.5696969696969697,0.5489306825603942,0.43128199366500813,1.6787792581213237,1.0,0.07370127358861979,0.6865412804002932,0.0,1.7249054000003525,0.26585899999918183,4.526947399999699,
segment,P2_NoRobust,,ablation,clean,0.2,29,0.15,346,0.558008658008658,0.5519079091436233,0.4291355284454265,1.5445934572290456,1.0,0.07833946653542222,0.6112938551981503,0.008695652173913044,1.4130476999998791,0.1288249999997788,6.211412999999084,
segment,P2_NoRobust,,ablation,clean,0.2,29,0.2,462,0.5744588744588744,0.5618622004402768,0.4380283520341313,1.4931158552736619,1.0,0.08131444461525618,0.5908141299383135,0.02586206896551724,1.1501934000007168,0.1294395999993867,7.607431499998711,
segment,P2_NoRobust,,ablation,clean,0.2,29,0.3,693,0.6216450216450217,0.5735650777370123,0.4649716431059248,1.4179459367006244,1.0,0.08275392093677077,0.540659619245999,0.27705627705627706,1.0437271999999211,0.10607960000015737,8.979594399999769,
segment,P2_NoExploration,,ablation,clean,0.0,0,0.05,115,0.5601731601731602,0.5949039911004851,0.44675052485148714,-0.07281625754989621,1.0,0.07226189946407918,0.2137891989002554,0.6811594202898551,2.2346084999990126,0.1898801999996067,2.518280099999174,
segment,P2_NoExploration,,ablation,clean,0.0,0,0.1,231,0.7142857142857143,0.6795288052882184,0.5754938417744119,-0.07114618139508216,1.0,0.07582323173709465,0.19821600114797522,0.7327586206896551,1.9318265999991127,0.13358970000081172,4.880863899999895,
segment,P2_NoExploration,,ablation,clean,0.0,0,0.15,346,0.7359307359307359,0.7030984540968266,0.6003950424717583,-0.06484009200772715,1.0,0.07253424982657788,0.2296288543511545,0.6869565217391305,1.6575559000011708,0.28954440000052273,7.039932400000907,
segment,P2_NoExploration,,ablation,clean,0.0,0,0.2,462,0.7640692640692641,0.7158914595110014,0.6184855680389771,-0.062458603702746876,1.0,0.07388851721925434,0.2345375329438178,0.7068965517241379,1.3878382999992027,0.22995599999921978,8.861417199999778,
segment,P2_NoExploration,,ablation,clean,0.0,0,0.3,693,0.7991341991341991,0.7439418861893807,0.6514803678038654,-0.06503930232098666,1.0,0.07507497682289176,0.23237595363889046,0.7229437229437229,1.1937729000001127,0.1736393000010139,10.563067499999306,
segment,P2_NoExploration,,ablation,clean,0.0,1,0.05,115,0.6320346320346321,0.6230613390955868,0.4993071843482215,-0.07315401024394699,1.0,0.07030795711803291,0.20392481277243477,0.7246376811594203,2.090073700001085,0.2986020999996981,2.667484899999181,
segment,P2_NoExploration,,ablation,clean,0.0,1,0.1,231,0.7238095238095238,0.6949019864945432,0.5927456704955315,-0.06513523488502067,1.0,0.0687036587492901,0.2265409035643848,0.6982758620689655,1.9424801999994088,0.29212310000002617,5.206902899999477,
segment,P2_NoExploration,,ablation,clean,0.0,1,0.15,346,0.7528138528138528,0.7046837588632601,0.6178299615883657,-0.06670497595206976,1.0,0.07072488691765613,0.2253145373318508,0.7391304347826086,1.6014813000001595,0.27966039999955683,7.332411600000341,
segment,P2_NoExploration,,ablation,clean,0.0,1,0.2,462,0.7731601731601732,0.7127248873499225,0.6281348397101046,-0.06065970083199826,1.0,0.07212135471109327,0.23343708069373786,0.7068965517241379,1.361618200000521,0.22103600000082224,9.132276700000148,
segment,P2_NoExploration,,ablation,clean,0.0,1,0.3,693,0.8038961038961039,0.7472363905703808,0.6602282743157631,-0.061762366317618195,1.0,0.07319059191631921,0.24604587554469898,0.7229437229437229,1.2250074999992648,0.2152112000003399,10.849154999999882,
segment,P2_NoExploration,,ablation,clean,0.0,2,0.05,115,0.5787878787878787,0.5775816505623874,0.46652576179895416,-0.07184674461779667,1.0,0.0725240974013362,0.21634081509074818,0.6956521739130435,2.288211199998841,0.25036349999936647,2.664908299999297,
segment,P2_NoExploration,,ablation,clean,0.0,2,0.1,231,0.7333333333333333,0.7000668726196648,0.6038707110383437,-0.07132183699344403,1.0,0.07545306619141108,0.20938222883471205,0.75,1.9905557000001863,0.10163420000026235,5.054586999998719,
segment,P2_NoExploration,,ablation,clean,0.0,2,0.15,346,0.7398268398268398,0.7077532607980644,0.5994288266587322,-0.06180762646242792,1.0,0.07152902772720661,0.23806466908922852,0.6782608695652174,1.5685470000007626,0.2955031000001327,7.114138699998875,
segment,P2_NoExploration,,ablation,clean,0.0,2,0.2,462,0.7735930735930736,0.7224402056420768,0.6307952822195745,-0.06194481794498607,1.0,0.07348307152846568,0.2488725265772181,0.6724137931034483,1.3226083000008657,0.19340940000074625,8.814410099999805,
segment,P2_NoExploration,,ablation,clean,0.0,2,0.3,693,0.8056277056277056,0.7502824092143466,0.6600307325587477,-0.06125933933334303,1.0,0.07430146444905943,0.24758573084591065,0.7056277056277056,1.1737811000002694,0.1876260999997612,10.451107299999421,
segment,P2_NoExploration,,ablation,clean,0.0,3,0.05,115,0.6597402597402597,0.6199176206441742,0.5021384814365525,-0.07375340525222546,1.0,0.07235891665248796,0.20635265789243026,0.7246376811594203,2.1092057000005298,0.22996840000087104,2.66345469999942,
segment,P2_NoExploration,,ablation,clean,0.0,3,0.1,231,0.7502164502164502,0.7086987137480257,0.6280315518214343,-0.06485898696567802,1.0,0.07154974907544709,0.21330691128345297,0.7327586206896551,1.9665881000000809,0.23295630000029632,5.224173699998573,
segment,P2_NoExploration,,ablation,clean,0.0,3,0.15,346,0.7441558441558441,0.7046995465775784,0.601444794013284,-0.06214514093644169,1.0,0.07107867009701334,0.25288494008817386,0.6434782608695652,1.6742305000007036,0.29808650000086345,7.376340999999229,
segment,P2_NoExploration,,ablation,clean,0.0,3,0.2,462,0.7753246753246753,0.7195063926172703,0.6338011053545758,-0.06059161888959984,1.0,0.07252221224698722,0.25504171317088575,0.646551724137931,1.3640224000009766,0.15837889999966137,9.08370079999986,
segment,P2_NoExploration,,ablation,clean,0.0,3,0.3,693,0.8069264069264069,0.7473661660071945,0.6623750092020917,-0.059668143049311076,1.0,0.07378858144340796,0.2582410953664015,0.696969696969697,1.2260408999991341,0.13965429999916523,10.839608799999041,
segment,P2_NoExploration,,ablation,clean,0.0,4,0.05,115,0.6225108225108225,0.5815105848187399,0.44598837691993526,-0.06411311136284674,1.0,0.06906176794623317,0.21010380259090092,0.6956521739130435,2.122338999999556,0.446667800000796,2.8524467999995977,
segment,P2_NoExploration,,ablation,clean,0.0,4,0.1,231,0.7285714285714285,0.6790937749145112,0.5944652988217997,-0.07651033907011194,1.0,0.0685280310775936,0.18868798975986764,0.7413793103448276,2.4549610000012763,0.23476060000029975,5.899455900000248,
segment,P2_NoExploration,,ablation,clean,0.0,4,0.15,346,0.7536796536796537,0.7024163715642432,0.6116101350665017,-0.062067654289832554,1.0,0.07142235198428613,0.23984184628085964,0.6869565217391305,2.0316416999994544,0.40935499999977765,8.569309299999077,
segment,P2_NoExploration,,ablation,clean,0.0,4,0.2,462,0.767965367965368,0.7136733098504109,0.6244078765230049,-0.06275700460842022,1.0,0.07333053304649628,0.2536204697177515,0.6810344827586207,1.4576716999999917,0.28896789999998873,10.885995399999956,
segment,P2_NoExploration,,ablation,clean,0.0,4,0.3,693,0.8008658008658008,0.7425078830530463,0.6527795973307893,-0.06262705518000583,1.0,0.07496744594341456,0.2366378978069887,0.70995670995671,1.2197381999994832,0.32547359999989567,12.866746100000455,
segment,P2_NoExploration,,ablation,clean,0.0,5,0.05,115,0.5186147186147186,0.5712740048466827,0.4108053488089973,-0.07103767334210617,1.0,0.07091450391731625,0.2030994120884514,0.7391304347826086,2.273603700001331,0.09237399999983609,2.60206079999989,
segment,P2_NoExploration,,ablation,clean,0.0,5,0.1,231,0.7077922077922078,0.6915794562923435,0.5769066246000287,-0.06766859825241975,1.0,0.07119537182892953,0.23469679599364718,0.75,1.9643278000003193,0.23196920000009413,5.09897219999948,
segment,P2_NoExploration,,ablation,clean,0.0,5,0.15,346,0.7424242424242424,0.6949221994367973,0.5968748376157883,-0.06395321512342286,1.0,0.0698882219186847,0.22797230001030186,0.6956521739130435,1.6877468999991834,0.2960003999996843,7.366208199999164,
segment,P2_NoExploration,,ablation,clean,0.0,5,0.2,462,0.758008658008658,0.7060880129200277,0.6098997670420151,-0.06302878843684688,1.0,0.07191022246829996,0.2415985498590598,0.6896551724137931,1.4224344999984169,0.262446099999579,9.25154929999917,
segment,P2_NoExploration,,ablation,clean,0.0,5,0.3,693,0.7965367965367965,0.7398543075153503,0.6488766693649574,-0.05945638052915213,1.0,0.07372429889889673,0.2487559612525657,0.7012987012987013,1.162624099999448,0.21935640000083367,10.854496500000096,
segment,P2_NoExploration,,ablation,clean,0.0,6,0.05,115,0.7545454545454545,0.653037999616034,0.5726914822099946,-0.06931767568770827,1.0,0.07028012958755801,0.21520834295454563,0.6956521739130435,2.219115599998986,0.23798429999988002,2.739466999999422,
segment,P2_NoExploration,,ablation,clean,0.0,6,0.1,231,0.7398268398268398,0.695514965563666,0.6148633360311948,-0.06862126248231795,1.0,0.06805313599977081,0.21060919034868064,0.7068965517241379,2.0077084000004106,0.27329610000015236,5.259306600000855,
segment,P2_NoExploration,,ablation,clean,0.0,6,0.15,346,0.7675324675324675,0.7205266922491229,0.6365727913605042,-0.06556667570172024,1.0,0.071228020936262,0.2370555889043885,0.6695652173913044,1.762474299999667,0.30850809999901685,7.575639900000169,
segment,P2_NoExploration,,ablation,clean,0.0,6,0.2,462,0.7891774891774892,0.7309145537257699,0.6490511573602858,-0.06606617800081933,1.0,0.07251145068468098,0.24546832918582162,0.7068965517241379,1.358610299999782,0.24370509999971546,9.371779799999786,
segment,P2_NoExploration,,ablation,clean,0.0,6,0.3,693,0.8116883116883117,0.7493252726553371,0.6659033545323072,-0.06101353054145506,1.0,0.07364270343567594,0.25297448901222197,0.70995670995671,1.2255411000005552,0.34978229999978794,11.214816800000335,
segment,P2_NoExploration,,ablation,clean,0.0,7,0.05,115,0.5194805194805194,0.5489882730870828,0.391801390255486,-0.06562351009795447,1.0,0.07510260188144931,0.19162004979681935,0.7681159420289855,2.283835700000054,0.11098850000053062,2.616262800000186,
segment,P2_NoExploration,,ablation,clean,0.0,7,0.1,231,0.7051948051948052,0.6826785620390242,0.5695064014864152,-0.06849841574143399,1.0,0.06631759223871873,0.2290718431826424,0.7413793103448276,1.886203199999727,0.3460086999984924,5.117810099998678,
segment,P2_NoExploration,,ablation,clean,0.0,7,0.15,346,0.7372294372294372,0.70495146823255,0.6005095750538482,-0.0664713630176775,1.0,0.07254128459968619,0.2215497305907472,0.7130434782608696,1.6161442000011448,0.2354061999994883,7.107471999999689,
segment,P2_NoExploration,,ablation,clean,0.0,7,0.2,462,0.7558441558441559,0.7110603250379016,0.6109983689870427,-0.0597985133442546,1.0,0.0735953745288045,0.2523648378609053,0.6637931034482759,1.4697809999997844,0.13103659999978845,8.927121499998975,
segment,P2_NoExploration,,ablation,clean,0.0,7,0.3,693,0.7935064935064935,0.7342866364313857,0.6415999435822884,-0.061325807253291065,1.0,0.07491279326794452,0.23509307077623218,0.7402597402597403,1.2195021999996243,0.16879770000014105,10.607171699999526,
segment,P2_NoExploration,,ablation,clean,0.0,8,0.05,115,0.6606060606060606,0.6404332383463953,0.5267749751138416,-0.07183486056404137,1.0,0.07170800338428626,0.20550181203513207,0.7391304347826086,2.161752299998625,0.15175060000001395,2.6053675999992265,
segment,P2_NoExploration,,ablation,clean,0.0,8,0.1,231,0.6779220779220779,0.6328734806130463,0.5285206043303619,-0.06318329253723301,1.0,0.06969564384277221,0.22973570055577605,0.6982758620689655,2.0641830999993545,0.26563250000072003,5.113226400000713,
segment,P2_NoExploration,,ablation,clean,0.0,8,0.15,346,0.7298701298701299,0.683296917374575,0.586726504706178,-0.06356196487362609,1.0,0.0714062397565358,0.24789352083937813,0.6695652173913044,1.7162520999991102,0.2134503000015684,7.251069399999324,
segment,P2_NoExploration,,ablation,clean,0.0,8,0.2,462,0.7554112554112554,0.7048784379547754,0.6092558169780316,-0.06510253098525265,1.0,0.07297757037381286,0.2579670849087216,0.6637931034482759,1.3639053000006243,0.17455189999964205,8.932557699999961,
segment,P2_NoExploration,,ablation,clean,0.0,8,0.3,693,0.7891774891774892,0.7320449802812877,0.639248751283659,-0.06326214585474094,1.0,0.0746541549257067,0.2346133659670603,0.7186147186147186,1.1979544000005262,0.17670969999926456,10.72624309999992,
segment,P2_NoExploration,,ablation,clean,0.0,9,0.05,115,0.6757575757575758,0.6629248629380329,0.5359099626199714,-0.07155079081474129,1.0,0.07216904139917614,0.2023522116867261,0.7101449275362319,2.060842799999591,0.25226690000090457,2.536462699999902,
segment,P2_NoExploration,,ablation,clean,0.0,9,0.1,231,0.7354978354978355,0.6874237450087062,0.5992571519299941,-0.06871062753939575,1.0,0.07070645113431577,0.21323642376328433,0.7327586206896551,2.0011979000009887,0.20057510000151524,5.104424600000129,
segment,P2_NoExploration,,ablation,clean,0.0,9,0.15,346,0.7432900432900433,0.7034153952841028,0.5998652601509439,-0.0687494102586775,1.0,0.07152107659344639,0.24892282212028227,0.6347826086956522,1.7473355000001902,0.29118820000076084,7.4411946999989595,
segment,P2_NoExploration,,ablation,clean,0.0,9,0.2,462,0.7688311688311689,0.713186495767684,0.6215594247270173,-0.060045790703684335,1.0,0.07352041088068817,0.2471348653560711,0.6724137931034483,1.4641807000007248,0.31187990000034915,9.490916099999595,
segment,P2_NoExploration,,ablation,clean,0.0,9,0.3,693,0.7961038961038961,0.7398853716930692,0.6452683425548751,-0.06203259531426819,1.0,0.07470395045475277,0.23739552424520544,0.7445887445887446,1.2627910999999585,0.21697709999898507,11.359494799999084,
segment,P2_NoExploration,,ablation,clean,0.0,10,0.05,115,0.6051948051948052,0.5848878544962259,0.4404364484419241,-0.07274625646321989,1.0,0.07274354975171232,0.20009549092814874,0.7246376811594203,2.2228398000006564,0.31267340000158583,2.6740363000008074,
segment,P2_NoExploration,,ablation,clean,0.0,10,0.1,231,0.7519480519480519,0.7068345061086156,0.631147331581298,-0.07181103615152995,1.0,0.07028058729417734,0.19494218543353545,0.7413793103448276,2.0336994000008417,0.1571339000001899,5.228032000000894,
segment,P2_NoExploration,,ablation,clean,0.0,10,0.15,346,0.745021645021645,0.7112070186377855,0.6187000379272416,-0.06650010199371849,1.0,0.07144712184057131,0.239472466173897,0.7217391304347827,1.7049046000011003,0.3123279999999795,7.598231400001168,
segment,P2_NoExploration,,ablation,clean,0.0,10,0.2,462,0.7744588744588745,0.728581322655319,0.6394120023974056,-0.06429938182744797,1.0,0.07296421688367002,0.24128724837046925,0.7241379310344828,1.3021382999995694,0.26022959999863815,9.35346440000103,
segment,P2_NoExploration,,ablation,clean,0.0,10,0.3,693,0.8086580086580086,0.748632161947366,0.6648525657342751,-0.05943697605503722,1.0,0.0742305610286904,0.2470227924861141,0.70995670995671,1.2075902000015049,0.12949990000015532,11.00595820000126,
segment,P2_NoExploration,,ablation,clean,0.0,11,0.05,115,0.49956709956709955,0.5562547463329086,0.38396837323852034,-0.07346673413912767,1.0,0.07268780877421592,0.20402505992167108,0.7101449275362319,2.3134276999990107,0.16746840000087104,2.6418556999997236,
segment,P2_NoExploration,,ablation,clean,0.0,11,0.1,231,0.7151515151515152,0.6622251450457969,0.5717052698037883,-0.07784344009019858,1.0,0.0705006307529579,0.20485529828657198,0.75,1.9969677999997657,0.14281970000047295,5.0888102000008075,
segment,P2_NoExploration,,ablation,clean,0.0,11,0.15,346,0.7463203463203463,0.7029651883490889,0.6049869947902892,-0.0676044415896067,1.0,0.07195364705465238,0.23736621328795268,0.6695652173913044,1.620459399999163,0.2665266000003612,7.261089900001025,
segment,P2_NoExploration,,ablation,clean,0.0,11,0.2,462,0.7645021645021645,0.712911005543743,0.6172461538892724,-0.05896194071924692,1.0,0.07373134810640805,0.2390156446868922,0.6982758620689655,1.3862743999998202,0.24501950000012584,9.085199500001181,
segment,P2_NoExploration,,ablation,clean,0.0,11,0.3,693,0.7922077922077922,0.7406969959443369,0.6437883231220696,-0.0637991056964602,1.0,0.07508898010485665,0.23408046228148982,0.7272727272727273,1.0941163999996206,0.1542077000012796,10.565054599999712,
segment,P2_NoExploration,,ablation,clean,0.0,12,0.05,115,0.6645021645021645,0.6188575067077029,0.494400063594447,-0.06587176316467552,1.0,0.07506808726026401,0.20992598418146075,0.7391304347826086,2.206673000000592,0.08061220000126923,2.5160481999992044,
segment,P2_NoExploration,,ablation,clean,0.0,12,0.1,231,0.71991341991342,0.6878173990989951,0.583448410809684,-0.06340268105475534,1.0,0.07084872758073747,0.2307461972607063,0.6810344827586207,1.961546600001384,0.22615500000028987,5.011175499999808,
segment,P2_NoExploration,,ablation,clean,0.0,12,0.15,346,0.7432900432900433,0.7058965967407453,0.6030984179220422,-0.06261009226281515,1.0,0.07209071912290549,0.24139408592589243,0.6869565217391305,1.7003760999996302,0.3512040000005072,7.238927799999146,
segment,P2_NoExploration,,ablation,clean,0.0,12,0.2,462,0.7683982683982684,0.7206750048607825,0.6233797638600328,-0.06690514691250668,1.0,0.07359535682821439,0.2522010236558781,0.7068965517241379,1.359379400000762,0.19346539999969536,9.0011545999987,
segment,P2_NoExploration,,ablation,clean,0.0,12,0.3,693,0.7991341991341991,0.7450860524512556,0.6548846508035973,-0.06646631083723112,1.0,0.07522581124314591,0.21904832900057353,0.7619047619047619,1.2960308000001532,0.17690640000000712,10.951101299999209,
segment,P2_NoExploration,,ablation,clean,0.0,13,0.05,115,0.6268398268398269,0.617373279469921,0.5098602359620689,-0.07682802620686796,1.0,0.06788580992660621,0.21676128317222568,0.7391304347826086,2.192891699998654,0.26861559999997553,2.7502511000002414,
segment,P2_NoExploration,,ablation,clean,0.0,13,0.1,231,0.7406926406926407,0.6925304610863013,0.6131433742549122,-0.06584771783302684,1.0,0.07120739547784599,0.21747415526074104,0.7241379310344828,1.9840698999996675,0.27298680000058084,5.357051599999977,
segment,P2_NoExploration,,ablation,clean,0.0,13,0.15,346,0.7632034632034632,0.7136219495822413,0.6281888354647438,-0.060338794046317,1.0,0.07031521022163097,0.24269527540376162,0.6347826086956522,1.6609963999999309,0.34224360000007437,7.634498999999778,
segment,P2_NoExploration,,ablation,clean,0.0,13,0.2,462,0.7844155844155845,0.73175415109629,0.65048485569071,-0.06088658666501267,1.0,0.07116301130663226,0.2363416170525689,0.6896551724137931,1.3623654000002716,0.21039420000124665,9.426933099999587,
segment,P2_NoExploration,,ablation,clean,0.0,13,0.3,693,0.816017316017316,0.7547494119753505,0.6761392641086904,-0.05777523153077369,1.0,0.07220001327104542,0.2507160236143718,0.70995670995671,1.1261217999999644,0.18441250000068976,10.910101100000247,
segment,P2_NoExploration,,ablation,clean,0.0,14,0.05,115,0.6415584415584416,0.6226168329407389,0.5188445048817052,-0.07102789249570038,1.0,0.07181262281449344,0.21304471194267943,0.7681159420289855,2.1187139000012394,0.08506670000133454,2.4977644000009604,
segment,P2_NoExploration,,ablation,clean,0.0,14,0.1,231,0.719047619047619,0.6663839221550174,0.584850414666486,-0.07066779596700763,1.0,0.07105482867741605,0.2213638616899183,0.7241379310344828,1.9971602000005078,0.2802264000001742,5.042738300000565,
segment,P2_NoExploration,,ablation,clean,0.0,14,0.15,346,0.7714285714285715,0.7073532899631059,0.6338026850109895,-0.06280447460053498,1.0,0.07009148713646178,0.252247408034794,0.6608695652173913,1.631590099999812,0.24112109999987297,7.16285070000049,
segment,P2_NoExploration,,ablation,clean,0.0,14,0.2,462,0.7952380952380952,0.7275954905521121,0.6524494369206846,-0.06558972311254099,1.0,0.07026164651997162,0.25244702073458497,0.646551724137931,1.3784269000007043,0.2288142000015796,8.96598670000094,
segment,P2_NoExploration,,ablation,clean,0.0,14,0.3,693,0.8285714285714286,0.7570128858020165,0.6867289108838414,-0.0658669668051767,1.0,0.07123052237834865,0.2532154187631302,0.696969696969697,1.2157619999998133,0.2189514000001509,10.53790730000037,
segment,P2_NoExploration,,ablation,clean,0.0,15,0.05,115,0.5307359307359307,0.568788300231516,0.42030064609684215,-0.0705984884571288,1.0,0.06800967331511215,0.21313419248857085,0.7391304347826086,2.181604499999594,0.15814210000098683,2.4507738999982394,
segment,P2_NoExploration,,ablation,clean,0.0,15,0.1,231,0.7367965367965368,0.7013027209352722,0.6121908756552337,-0.06414562079754661,1.0,0.07078697883326393,0.22649109013958402,0.7586206896551724,1.939959400000589,0.13536139999996522,4.863684199999625,
segment,P2_NoExploration,,ablation,clean,0.0,15,0.15,346,0.7636363636363637,0.709821136110429,0.6351030716359957,-0.0652139860521558,1.0,0.06993713105694495,0.2402717268849347,0.6608695652173913,1.7651507999999012,0.30107280000083847,7.302250099999583,
segment,P2_NoExploration,,ablation,clean,0.0,15,0.2,462,0.7640692640692641,0.7125700880512942,0.6272800497986099,-0.06722598938991996,1.0,0.07058622421650322,0.24476056348146547,0.6810344827586207,1.370248499999434,0.3427155000008497,9.218321999998807,
segment,P2_NoExploration,,ablation,clean,0.0,15,0.3,693,0.8108225108225108,0.7454999787353636,0.6615142105707431,-0.06301150884101218,1.0,0.07251126838775207,0.24549791932288514,0.7186147186147186,1.247441900000922,0.22178620000158844,10.920874699999331,
segment,P2_NoExploration,,ablation,clean,0.0,16,0.05,115,0.580952380952381,0.5728893066742582,0.45645886140017816,-0.06480095556498565,1.0,0.07202594095685154,0.19329409561016261,0.7246376811594203,2.1315701000003173,0.196806199999628,2.4418649000017467,
segment,P2_NoExploration,,ablation,clean,0.0,16,0.1,231,0.7212121212121212,0.7128064698113932,0.6028020321043164,-0.06589413594164499,1.0,0.07670211644843511,0.20886244886612657,0.7672413793103449,1.951902799999516,0.09855119999883755,4.845963500001744,
segment,P2_NoExploration,,ablation,clean,0.0,16,0.15,346,0.7454545454545455,0.699863473573456,0.6082425779588795,-0.06272481697352786,1.0,0.07066017113726994,0.23665612940146047,0.7043478260869566,2.048719299998993,0.3642734000004566,7.501763600001141,
segment,P2_NoExploration,,ablation,clean,0.0,16,0.2,462,0.7705627705627706,0.7246229288913998,0.6323573261893988,-0.05867122818513248,1.0,0.07351074823837234,0.2589527678675573,0.646551724137931,1.3655553000007785,0.21750629999951343,9.262049800001478,
segment,P2_NoExploration,,ablation,clean,0.0,16,0.3,693,0.7995670995670996,0.7452012101576413,0.6527491046377181,-0.061562819573668444,1.0,0.07535125554902632,0.23242971586690173,0.7402597402597403,1.1061451000005036,0.19009839999853284,10.787002800001574,
segment,P2_NoExploration,,ablation,clean,0.0,17,0.05,115,0.5571428571428572,0.5837381980667575,0.4388965154548216,-0.07454105698411512,1.0,0.07000031519075728,0.2032555619920692,0.7101449275362319,2.1071157999995194,0.3265714000008302,2.520344100001239,
segment,P2_NoExploration,,ablation,clean,0.0,17,0.1,231,0.7272727272727273,0.687637606617968,0.595726537773343,-0.07093474734202276,1.0,0.07432553942452805,0.19986986218145733,0.7586206896551724,1.9980933999995614,0.09058740000000398,4.873975000000428,
segment,P2_NoExploration,,ablation,clean,0.0,17,0.15,346,0.7471861471861472,0.7004664146132755,0.604766299255681,-0.06437249983843157,1.0,0.0717661852083349,0.25007507831613035,0.6521739130434783,1.6814306000014767,0.2830517999991571,7.1210792000001675,
segment,P2_NoExploration,,ablation,clean,0.0,17,0.2,462,0.7662337662337663,0.7145521867158664,0.6219885192325777,-0.06093901537196192,1.0,0.07361111358687539,0.24054736434109483,0.7155172413793104,1.2751958000008017,0.24236199999904784,8.834026700000322,
segment,P2_NoExploration,,ablation,clean,0.0,17,0.3,693,0.7987012987012987,0.7422173606598383,0.650784419294616,-0.06469715709662671,1.0,0.07503862140977886,0.22628168441749205,0.7445887445887446,1.143690400000196,0.18404539999937697,10.455983300000298,
segment,P2_NoExploration,,ablation,clean,0.0,18,0.05,115,0.6597402597402597,0.605065990521773,0.5128323332161653,-0.07952323238706072,1.0,0.06908856518835524,0.1954143635265061,0.7391304347826086,2.1924782000005507,0.22452499999963038,2.5934995999996318,
segment,P2_NoExploration,,ablation,clean,0.0,18,0.1,231,0.6974025974025974,0.6630574556997658,0.550965988664923,-0.06586928664690825,1.0,0.07145882156432924,0.2279878760752964,0.7241379310344828,1.9382900999989943,0.15661130000080448,4.940858500000104,
segment,P2_NoExploration,,ablation,clean,0.0,18,0.15,346,0.7406926406926407,0.6982095853595224,0.6017187854531849,-0.06389263803446851,1.0,0.07065468685274093,0.21800178143421237,0.6956521739130435,1.7527782999986812,0.274776500000371,7.173091999999087,
segment,P2_NoExploration,,ablation,clean,0.0,18,0.2,462,0.7606060606060606,0.7053738687315322,0.6172022861319786,-0.06389672148637353,1.0,0.07121660356618092,0.23732157744940333,0.6724137931034483,1.3232325000008132,0.21832929999982298,8.86161600000014,
segment,P2_NoExploration,,ablation,clean,0.0,18,0.3,693,0.8004329004329004,0.7391706397809708,0.6539318661147958,-0.0629637043343551,1.0,0.07287050428822303,0.24735951827402736,0.696969696969697,1.1589852000015526,0.17056210000009742,10.372014099999433,
segment,P2_NoExploration,,ablation,clean,0.0,19,0.05,115,0.7601731601731602,0.6665798693654856,0.5792198917711587,-0.07283016232730874,1.0,0.06848287153952397,0.19177118786587005,0.7536231884057971,2.1584098000002996,0.2784083999995346,2.6532090000000608,
segment,P2_NoExploration,,ablation,clean,0.0,19,0.1,231,0.7541125541125541,0.7198456594270771,0.6412135482258497,-0.07172608192536714,1.0,0.06855055301937436,0.19471510426991115,0.7241379310344828,1.968522799999846,0.18866949999937788,5.0549449999998615,
segment,P2_NoExploration,,ablation,clean,0.0,19,0.15,346,0.7645021645021645,0.743822894448413,0.6549266421191361,-0.06895475698535881,1.0,0.07089336202097266,0.22813107811753075,0.7130434782608696,1.7116409000009298,0.23647220000020752,7.245018999999957,
segment,P2_NoExploration,,ablation,clean,0.0,19,0.2,462,0.7735930735930736,0.7337691214943051,0.6492768467004244,-0.06379161839540573,1.0,0.07166654184774021,0.2343284002236951,0.7068965517241379,1.319039200001498,0.18267890000061016,8.93353869999919,
segment,P2_NoExploration,,ablation,clean,0.0,19,0.3,693,0.8168831168831169,0.7552038720236584,0.6813945344420065,-0.061423588170944655,1.0,0.07240870507141768,0.2401475330246718,0.7142857142857143,1.1604923000013514,0.1468382000002748,10.411625199998525,
segment,P2_NoExploration,,ablation,clean,0.0,20,0.05,115,0.6077922077922078,0.5835198390752063,0.4870243637067087,-0.07129249835451389,1.0,0.06986880669016261,0.20376988097637497,0.7391304347826086,2.16167889999997,0.1882382999992842,2.559231199998976,
segment,P2_NoExploration,,ablation,clean,0.0,20,0.1,231,0.7372294372294372,0.6917504779557643,0.6019470657991155,-0.06663232145429464,1.0,0.07015611596804522,0.1969033291383161,0.7413793103448276,1.892948200000319,0.14828339999985474,4.9111496999994415,
segment,P2_NoExploration,,ablation,clean,0.0,20,0.15,346,0.7627705627705628,0.7119356255208653,0.6279210245879085,-0.0676796133140109,1.0,0.07128820954809169,0.21349192973264747,0.7565217391304347,1.7752684000006411,0.3011443000013969,7.151118599998881,
segment,P2_NoExploration,,ablation,clean,0.0,20,0.2,462,0.787012987012987,0.7235085750880843,0.6431384993120457,-0.07031309777510343,1.0,0.07219489257456273,0.2277921901713818,0.7068965517241379,1.3768108999993274,0.15445609999915177,8.935462699999334,
segment,P2_NoExploration,,ablation,clean,0.0,20,0.3,693,0.8147186147186147,0.7456996527126526,0.6682691180021391,-0.06146336315317112,1.0,0.07306407711784477,0.24379188184638972,0.70995670995671,1.1522312000015518,0.2172370000007504,10.541122799999357,
segment,P2_NoExploration,,ablation,clean,0.0,21,0.05,115,0.6476190476190476,0.6177231783061949,0.5184045007586309,-0.06663764096397676,1.0,0.07095766741472803,0.2164642706774019,0.7101449275362319,2.1262495999999373,0.2141654999995808,2.4507470999997167,
segment,P2_NoExploration,,ablation,clean,0.0,21,0.1,231,0.7428571428571429,0.7111512910407858,0.617322821853252,-0.06797129144018967,1.0,0.07229135135938353,0.2162346800179538,0.7068965517241379,2.091254499999195,0.12472460000026331,5.025975599999583,
segment,P2_NoExploration,,ablation,clean,0.0,21,0.15,346,0.7593073593073593,0.723004234019913,0.6293613466340097,-0.06773849251413222,1.0,0.07199749937894466,0.23701757107781196,0.7043478260869566,1.5029364000001806,0.2912871000007726,7.064015199999631,
segment,P2_NoExploration,,ablation,clean,0.0,21,0.2,462,0.7818181818181819,0.734504240414539,0.6443038899622882,-0.06125438183029669,1.0,0.07323218296300153,0.2506869277489077,0.6896551724137931,1.2911125000009633,0.29475949999869044,8.889658500000223,
segment,P2_NoExploration,,ablation,clean,0.0,21,0.3,693,0.8073593073593074,0.7514299563140778,0.6633712876140169,-0.06320958375607476,1.0,0.07432329831881228,0.23407088852362765,0.7575757575757576,1.168099300000904,0.2299366999995982,10.611299199999848,
segment,P2_NoExploration,,ablation,clean,0.0,22,0.05,115,0.7077922077922078,0.6410305219806327,0.5407614208217955,-0.07011245456746276,1.0,0.07023734081592106,0.21624251955188872,0.7101449275362319,2.1557721000008314,0.29211559999930614,2.5874593000007735,
segment,P2_NoExploration,,ablation,clean,0.0,22,0.1,231,0.7623376623376623,0.7285834604391918,0.648615763937238,-0.07206283225872706,1.0,0.06791355741052356,0.17744698245535448,0.7672413793103449,1.9216047000008984,0.1272255000003497,4.988402400000268,
segment,P2_NoExploration,,ablation,clean,0.0,22,0.15,346,0.7519480519480519,0.7207745167565395,0.6303193982828759,-0.06789416949088872,1.0,0.07123643079819847,0.2178436173891825,0.7391304347826086,1.695852199998626,0.3213867000013124,7.430722600000081,
segment,P2_NoExploration,,ablation,clean,0.0,22,0.2,462,0.7670995670995671,0.7271608862077007,0.6372180567229296,-0.057674842491196046,1.0,0.07230811831693444,0.2528898727934055,0.6724137931034483,1.4375280999993265,0.3274600000004284,9.354688499999611,
segment,P2_NoExploration,,ablation,clean,0.0,22,0.3,693,0.8095238095238095,0.746964468737602,0.6627884991237059,-0.06423014483558721,1.0,0.07382575316677936,0.2383403405156156,0.7445887445887446,1.2368058000010933,0.17623060000005353,11.051511199999368,
segment,P2_NoExploration,,ablation,clean,0.0,23,0.05,115,0.5913419913419914,0.5871026705413588,0.47017100311168786,-0.06946010512215126,1.0,0.07518402014612133,0.19761252951450642,0.7391304347826086,2.196869699999297,0.10678330000155256,2.5248198000008415,
segment,P2_NoExploration,,ablation,clean,0.0,23,0.1,231,0.6982683982683983,0.6550309902721104,0.5539925414172661,-0.06939643462999114,1.0,0.07473938357337127,0.20483271876054523,0.75,1.8759671000007074,0.1975786999992124,4.840980100001616,
segment,P2_NoExploration,,ablation,clean,0.0,23,0.15,346,0.7341991341991342,0.6954664104171784,0.5935804392688935,-0.05616536974102826,1.0,0.07240388757385145,0.25415146290666885,0.6434782608695652,1.7369718000009016,0.23820750000049884,7.062681400000656,
segment,P2_NoExploration,,ablation,clean,0.0,23,0.2,462,0.7562770562770563,0.7075118568611948,0.611525982178633,-0.06144393217411295,1.0,0.07440880835884187,0.24284865624059945,0.6724137931034483,1.3519493000003422,0.23320559999956458,8.812988100000439,
segment,P2_NoExploration,,ablation,clean,0.0,23,0.3,693,0.7917748917748918,0.7368732357697121,0.6431778423176714,-0.06209557900450199,1.0,0.07572191419775416,0.2284360462120757,0.7445887445887446,1.1579593000005843,0.16328770000109216,10.278937300001417,
segment,P2_NoExploration,,ablation,clean,0.0,24,0.05,115,0.6562770562770562,0.5993273189678394,0.5030929246837109,-0.06065948340547952,1.0,0.0720939922119505,0.21285129393281207,0.7101449275362319,2.15735979999954,0.14977420000104757,2.4862318000014056,
segment,P2_NoExploration,,ablation,clean,0.0,24,0.1,231,0.712987012987013,0.6480145490072641,0.5634021216222596,-0.06564530714556165,1.0,0.07156823814209706,0.22956183524949042,0.7155172413793104,1.986522100000002,0.1435867000000144,4.9648530000013125,
segment,P2_NoExploration,,ablation,clean,0.0,24,0.15,346,0.7506493506493507,0.7139807079524165,0.6165976859876404,-0.0608707997346779,1.0,0.06913433838030045,0.2599784075652974,0.6521739130434783,1.6339055999997072,0.2586717000012868,7.072967100000824,
segment,P2_NoExploration,,ablation,clean,0.0,24,0.2,462,0.7692640692640693,0.7212872962195368,0.6285119391703395,-0.06105734896171582,1.0,0.07309790502489534,0.23858237678779587,0.6724137931034483,1.3617586000000301,0.21225049999884504,8.808144200000243,
segment,P2_NoExploration,,ablation,clean,0.0,24,0.3,693,0.8090909090909091,0.7544762894222505,0.6684250492792564,-0.06033771858701725,1.0,0.07420405914179799,0.24704514808637051,0.7229437229437229,1.1593174999998155,0.1502332000000024,10.341851500001212,
segment,P2_NoExploration,,ablation,clean,0.0,25,0.05,115,0.7047619047619048,0.6261732535791605,0.5488576246776834,-0.06971974909031095,1.0,0.07255208190875732,0.1972180350591549,0.7246376811594203,2.16388840000036,0.2647653999993054,2.6962010999995982,
segment,P2_NoExploration,,ablation,clean,0.0,25,0.1,231,0.716017316017316,0.651540059752543,0.5629024896569784,-0.067374530847824,1.0,0.06945330988580697,0.22818218037784788,0.7413793103448276,2.162002700000812,0.25538550000055693,5.42005109999991,
segment,P2_NoExploration,,ablation,clean,0.0,25,0.15,346,0.7640692640692641,0.705471040298548,0.6221021119660214,-0.06313162468774378,1.0,0.0711145924257443,0.251495403294179,0.6695652173913044,1.664136100000178,0.3205490000000282,7.718841199999588,
segment,P2_NoExploration,,ablation,clean,0.0,25,0.2,462,0.7761904761904762,0.7124237321644694,0.6315758325713396,-0.06067432686686133,1.0,0.0727353609952621,0.2563526150181356,0.6551724137931034,1.3908011999992596,0.27106370000001334,9.614938599999732,
segment,P2_NoExploration,,ablation,clean,0.0,25,0.3,693,0.8056277056277056,0.7467009969104821,0.6595410911737989,-0.058590363517182734,1.0,0.07436518908114763,0.25186939101312095,0.70995670995671,1.1662245000006806,0.21596990000034566,11.407617599999867,
segment,P2_NoExploration,,ablation,clean,0.0,26,0.05,115,0.6800865800865801,0.6372091596068844,0.5247425010178547,-0.0711245132887835,1.0,0.07264540197220418,0.19656708421265406,0.7101449275362319,2.1469000000015512,0.3191482000001997,2.6996460000009392,
segment,P2_NoExploration,,ablation,clean,0.0,26,0.1,231,0.6887445887445888,0.6564567648060983,0.5376747287794691,-0.07590750421138871,1.0,0.07047960730553277,0.19955368216116123,0.7327586206896551,1.9675934000006237,0.2383430000008957,5.097349300000133,
segment,P2_NoExploration,,ablation,clean,0.0,26,0.15,346,0.7354978354978355,0.6927955093384395,0.5844039278718223,-0.06632481816591393,1.0,0.07276104462271642,0.22142325730906573,0.7130434782608696,1.7679879000006622,0.17887879999943834,7.289004700000078,
segment,P2_NoExploration,,ablation,clean,0.0,26,0.2,462,0.7696969696969697,0.7117921335551751,0.6175684926294229,-0.06665430379049121,1.0,0.07357798974093743,0.24872958269664605,0.6551724137931034,1.3515473999996175,0.20766329999969457,9.112201800000548,
segment,P2_NoExploration,,ablation,clean,0.0,26,0.3,693,0.7982683982683982,0.7414813299218855,0.6489845227426073,-0.062327916184184484,1.0,0.0748520782685299,0.24058314830634073,0.7316017316017316,1.3022211999996216,0.26192839999930584,11.220592300000135,
segment,P2_NoExploration,,ablation,clean,0.0,27,0.05,115,0.6086580086580087,0.6148344973252848,0.486967659015697,-0.06458330926300253,1.0,0.07227827743958205,0.21518974739425212,0.6811594202898551,2.2076985999992758,0.16771390000030806,2.678641799999241,
segment,P2_NoExploration,,ablation,clean,0.0,27,0.1,231,0.7268398268398268,0.6858999684325435,0.5809569843409517,-0.06782559051298796,1.0,0.07115746373239813,0.2239011447656974,0.7155172413793104,1.9188217999999324,0.3306189999984781,5.195290199999363,
segment,P2_NoExploration,,ablation,clean,0.0,27,0.15,346,0.7376623376623377,0.6934586905294564,0.5919008733408145,-0.06145072102801698,1.0,0.07122100830478863,0.23471137600671754,0.6695652173913044,1.5338558000003104,0.2765871999999945,7.3005015999988245,
segment,P2_NoExploration,,ablation,clean,0.0,27,0.2,462,0.7645021645021645,0.7061333293449319,0.6121741614542072,-0.060883392617313105,1.0,0.0723107442321619,0.23752992165898568,0.7155172413793104,1.439631900000677,0.3037406000003102,9.27496280000014,
segment,P2_NoExploration,,ablation,clean,0.0,27,0.3,693,0.7982683982683982,0.738009144061525,0.6477967648158482,-0.05604432126790934,1.0,0.07399279694032987,0.248780389977887,0.696969696969697,1.2806461000000127,0.2248196000000462,11.206098299999212,
segment,P2_NoExploration,,ablation,clean,0.0,28,0.05,115,0.59004329004329,0.536080463549913,0.4281971668517298,-0.06174847125550895,1.0,0.0746335015489693,0.20243932653416952,0.6956521739130435,2.144183399999747,0.1420522999997047,2.563872299999275,
segment,P2_NoExploration,,ablation,clean,0.0,28,0.1,231,0.7246753246753247,0.6846006083258405,0.5904129537185768,-0.06609914665683786,1.0,0.06668518210472027,0.21637367732443288,0.7241379310344828,1.9624783999988722,0.2771337999984098,5.1475019000008615,
segment,P2_NoExploration,,ablation,clean,0.0,28,0.15,346,0.7437229437229437,0.6998109348223359,0.6030511000529057,-0.062315061354617715,1.0,0.07189351943920864,0.2299334015964733,0.7217391304347827,1.6924036000000342,0.32817359999899054,7.3986624000008305,
segment,P2_NoExploration,,ablation,clean,0.0,28,0.2,462,0.7645021645021645,0.711651216606525,0.6158797371760897,-0.062306348426774474,1.0,0.07331623116109307,0.24969678112913923,0.6810344827586207,1.3950884999994742,0.21561709999878076,9.232090400000743,
segment,P2_NoExploration,,ablation,clean,0.0,28,0.3,693,0.7948051948051948,0.7394781627800899,0.6470978549679944,-0.06135634403766097,1.0,0.07493407583197793,0.2417627747657046,0.7272727272727273,1.1285272000004625,0.1763076999995974,10.6890125000009,
segment,P2_NoExploration,,ablation,clean,0.0,29,0.05,115,0.5818181818181818,0.5708216394588744,0.45781552399539577,-0.07256492687479982,1.0,0.07176878378781903,0.20093067786869476,0.6956521739130435,2.1658301999996183,0.1314100999989023,2.5664085000007617,
segment,P2_NoExploration,,ablation,clean,0.0,29,0.1,231,0.7229437229437229,0.6687451857140172,0.582432705822331,-0.06778147081982026,1.0,0.07364022593807912,0.21702835971442455,0.7327586206896551,2.0450924999986455,0.2285661000005348,5.092358500000046,
segment,P2_NoExploration,,ablation,clean,0.0,29,0.15,346,0.7454545454545455,0.69693767472124,0.5986241282722481,-0.06048688106475895,1.0,0.0721365315503724,0.25483623137057154,0.6608695652173913,1.6665422999994917,0.22973760000058974,7.222453899999891,
segment,P2_NoExploration,,ablation,clean,0.0,29,0.2,462,0.7666666666666667,0.71361717577723,0.6178309608431912,-0.07042967859603294,1.0,0.07409566936814488,0.2347378037834203,0.7241379310344828,1.308243700001185,0.2113669000009395,8.866414000000077,
segment,P2_NoExploration,,ablation,clean,0.0,29,0.3,693,0.7952380952380952,0.7374754791839275,0.6452142562019847,-0.07010990279923769,1.0,0.075430299051179,0.22644297739497088,0.7575757575757576,1.1728029000005336,0.1266697999999451,10.455283100000088,
segment,P2_NoExploration,,ablation,clean,0.2,0,0.05,115,0.5783549783549784,0.5700418984074312,0.4620045198577428,-0.0730870448863319,1.0,0.07129965645775782,0.21028835258395304,0.6956521739130435,2.297782900001039,0.33834489999935613,3.2117505999995046,
segment,P2_NoExploration,,ablation,clean,0.2,0,0.1,231,0.7168831168831169,0.6300593978292015,0.5720119965917437,-0.06575458498803637,1.0,0.07625072724475315,0.20464035369847214,0.7586206896551724,2.073014100000364,0.263355800001591,5.851817400000073,
segment,P2_NoExploration,,ablation,clean,0.2,0,0.15,346,0.7173160173160174,0.616910869588001,0.5622014126531145,-0.06711145786118435,1.0,0.07073689998491671,0.23851602706764902,0.6956521739130435,1.6756990000012593,0.3337406999999075,8.048103699999047,
segment,P2_NoExploration,,ablation,clean,0.2,0,0.2,462,0.7242424242424242,0.6144028733165507,0.5621317780518404,-0.06021508576499205,1.0,0.07113116401726867,0.26920399984841076,0.6293103448275862,1.3143990999997186,0.17964870000105293,9.714966599998661,
segment,P2_NoExploration,,ablation,clean,0.2,0,0.3,693,0.7389610389610389,0.5994808189853794,0.5526482024212397,-0.05527167064589307,1.0,0.07245532496892204,0.2658561782732749,0.696969696969697,1.188549399999829,0.16280279999955383,11.491282899998623,
segment,P2_NoExploration,,ablation,clean,0.2,1,0.05,115,0.6463203463203463,0.5947331322218636,0.4805005688508728,-0.06917295035864453,1.0,0.0726943501660228,0.21047293415110052,0.6956521739130435,2.1056564999998955,0.22090059999936784,2.6351919999997335,
segment,P2_NoExploration,,ablation,clean,0.2,1,0.1,231,0.6696969696969697,0.601916524046853,0.5129466466387479,-0.06758558296909775,1.0,0.07238447053951233,0.20816327425484205,0.7327586206896551,1.971898699999656,0.3017777999993996,5.1403307000000495,
segment,P2_NoExploration,,ablation,clean,0.2,1,0.15,346,0.693939393939394,0.6232862811244225,0.5403104076983206,-0.06274804088550025,1.0,0.07101951871298534,0.2549175618879443,0.6347826086956522,1.706383700000515,0.25684109999929206,7.307831899999655,
segment,P2_NoExploration,,ablation,clean,0.2,1,0.2,462,0.6956709956709957,0.607536673787612,0.5304377945058026,-0.06471771759760589,1.0,0.07235185437336257,0.25469362616160235,0.6637931034482759,1.2968698999993649,0.22385460000077728,8.98747319999893,
segment,P2_NoExploration,,ablation,clean,0.2,1,0.3,693,0.7220779220779221,0.6002210900492261,0.5357753634075372,-0.05726587599864758,1.0,0.07321092752465934,0.25162738696538023,0.7186147186147186,1.140099399999599,0.18913119999888295,10.508194599999115,
segment,P2_NoExploration,,ablation,clean,0.2,2,0.05,115,0.6376623376623377,0.5559205842591826,0.4766703580732778,-0.07482761654360685,1.0,0.07244914577726479,0.18879346230652927,0.7391304347826086,2.191177799999423,0.23619569999937085,2.7244346999996196,
segment,P2_NoExploration,,ablation,clean,0.2,2,0.1,231,0.7086580086580087,0.6362683285433379,0.5742348443819275,-0.06621093771713776,1.0,0.07086932952385125,0.20892563783218987,0.7327586206896551,2.050144900000305,0.2764409000010346,5.39001449999887,
segment,P2_NoExploration,,ablation,clean,0.2,2,0.15,346,0.70995670995671,0.6194145155089611,0.5609022815708103,-0.06482978734417592,1.0,0.07161893657160118,0.2392755336664801,0.6869565217391305,1.6619246999998722,0.2742858999990858,7.511252199999944,
segment,P2_NoExploration,,ablation,clean,0.2,2,0.2,462,0.7428571428571429,0.6365509951240076,0.5854088841845042,-0.06547826115492852,1.0,0.0718840156917215,0.24701532396487122,0.6379310344827587,1.2699497000012343,0.23827390000042215,9.30610709999928,
segment,P2_NoExploration,,ablation,clean,0.2,2,0.3,693,0.7471861471861472,0.6113186202559527,0.5716859044569125,-0.05777278811911974,1.0,0.07244354339825583,0.25907850605405014,0.696969696969697,1.1814658000002964,0.18083450000085577,11.033073499998864,
segment,P2_NoExploration,,ablation,clean,0.2,3,0.05,115,0.7103896103896103,0.6197728619607337,0.5253416369866392,-0.0715997990638447,1.0,0.07237070967171373,0.196600461166588,0.7391304347826086,2.1911620999999286,0.18449580000014976,2.6430323000004137,
segment,P2_NoExploration,,ablation,clean,0.2,3,0.1,231,0.6861471861471862,0.6197837568323271,0.528868832446242,-0.07842444577891104,1.0,0.0687552028171577,0.17720385907448008,0.75,1.9008732000002055,0.29918240000006335,5.1095363000004,
segment,P2_NoExploration,,ablation,clean,0.2,3,0.15,346,0.7264069264069264,0.6367886906392115,0.5771261446969254,-0.07136762476484299,1.0,0.06933953836937778,0.22346576972931678,0.7043478260869566,1.614397100000133,0.17422130000159086,7.143961100000524,
segment,P2_NoExploration,,ablation,clean,0.2,3,0.2,462,0.7411255411255411,0.6289299205456809,0.5771986780450877,-0.05981559282872005,1.0,0.06894278673454467,0.25892878884930176,0.6379310344827587,1.359220300000743,0.26440790000015113,8.993646700000681,
segment,P2_NoExploration,,ablation,clean,0.2,3,0.3,693,0.7632034632034632,0.6150175930246432,0.5752231335413206,-0.055670729476571215,1.0,0.06916984653049173,0.2710600709930148,0.683982683982684,1.1381180999997014,0.1911409000003914,10.715318900000057,
segment,P2_NoExploration,,ablation,clean,0.2,4,0.05,115,0.6194805194805195,0.5585390237083853,0.448339174315607,-0.06805510639144328,1.0,0.07514416581173848,0.20312235215703767,0.6956521739130435,2.1740312000001722,0.11827470000025642,2.49106650000067,
segment,P2_NoExploration,,ablation,clean,0.2,4,0.1,231,0.6913419913419914,0.5999653164047889,0.5346992909957805,-0.07439976574793647,1.0,0.07058302199213771,0.19510755466312604,0.7413793103448276,1.936885600000096,0.19893820000106643,4.932837099999233,
segment,P2_NoExploration,,ablation,clean,0.2,4,0.15,346,0.7043290043290044,0.6123061767148076,0.5402906864566639,-0.06088808930213125,1.0,0.07003689745515394,0.24762489451798497,0.6956521739130435,1.609904099999767,0.2630768999988504,7.080430199999682,
segment,P2_NoExploration,,ablation,clean,0.2,4,0.2,462,0.6974025974025974,0.5980748097431559,0.5245852314946782,-0.06211046475464331,1.0,0.07149119113040817,0.2483389041272974,0.6724137931034483,1.403703799998766,0.19862110000030953,8.844739199999822,
segment,P2_NoExploration,,ablation,clean,0.2,4,0.3,693,0.7277056277056277,0.5925414651499227,0.5413577357825667,-0.059770328454235126,1.0,0.0730414650598187,0.2508125332684935,0.683982683982684,1.2209982999993372,0.11747330000071088,10.311298399999941,
segment,P2_NoExploration,,ablation,clean,0.2,5,0.05,115,0.6303030303030303,0.5866993076342792,0.4694673150161714,-0.07202533398007832,1.0,0.07027845960226269,0.20942459263029226,0.7101449275362319,2.3849415999993653,0.28713819999939005,2.912768500000311,
segment,P2_NoExploration,,ablation,clean,0.2,5,0.1,231,0.687012987012987,0.6110438099783371,0.5391604343960814,-0.06655170297370745,1.0,0.07204674579321362,0.21347669336230915,0.7327586206896551,2.131960500000787,0.24815080000007583,5.609680600000502,
segment,P2_NoExploration,,ablation,clean,0.2,5,0.15,346,0.7034632034632035,0.6361768212576419,0.561068725524574,-0.05997498632464239,1.0,0.06947692989471813,0.2580198707629861,0.6608695652173913,1.6968561000012414,0.2793951999992714,7.945072200000141,
segment,P2_NoExploration,,ablation,clean,0.2,5,0.2,462,0.7285714285714285,0.6279208532564191,0.5647530155859561,-0.05728658377219698,1.0,0.06976543379700391,0.26816270834362677,0.6293103448275862,1.3162763000000268,0.3788303999990603,9.999690000000555,
segment,P2_NoExploration,,ablation,clean,0.2,5,0.3,693,0.7484848484848485,0.6166747101217407,0.5652210574439418,-0.05753359169709041,1.0,0.07201171747541213,0.2627276587912551,0.6796536796536796,1.1259573999996064,0.35879150000073423,11.735466100000849,
segment,P2_NoExploration,,ablation,clean,0.2,6,0.05,115,0.658008658008658,0.5895354412775674,0.4988623938129809,-0.06941021961384058,1.0,0.06871572877470739,0.21422529877962326,0.6956521739130435,2.1536786000015127,0.2534376000003249,2.618573699999615,
segment,P2_NoExploration,,ablation,clean,0.2,6,0.1,231,0.7090909090909091,0.5944466201300427,0.5127479300518071,-0.06927819537833171,1.0,0.07003845550971169,0.2012101737385394,0.7241379310344828,1.905451599999651,0.19334259999959613,4.919911599999978,
segment,P2_NoExploration,,ablation,clean,0.2,6,0.15,346,0.7294372294372294,0.6268349617651487,0.5624298001561275,-0.06537391852327028,1.0,0.06798029785631983,0.21790049210753493,0.7217391304347827,1.7395908999988023,0.20389239999894926,7.135249099999783,
segment,P2_NoExploration,,ablation,clean,0.2,6,0.2,462,0.7406926406926407,0.616025284604454,0.565980509027898,-0.06363577475049331,1.0,0.07054631768112762,0.24220744255825088,0.7155172413793104,1.3820997000002535,0.3568943999998737,9.122257199998785,
segment,P2_NoExploration,,ablation,clean,0.2,6,0.3,693,0.7402597402597403,0.5988865525250086,0.5510408406982318,-0.057541157292077476,1.0,0.07093959562237706,0.2721213867618773,0.6796536796536796,1.1825664999996661,0.25303270000040357,10.706748099999459,
segment,P2_NoExploration,,ablation,clean,0.2,7,0.05,115,0.706926406926407,0.596655919011091,0.5088135936072827,-0.06041968242392176,1.0,0.07535354929397191,0.20709592454072293,0.7101449275362319,2.123365500001455,0.06870650000018941,2.46807009999975,
segment,P2_NoExploration,,ablation,clean,0.2,7,0.1,231,0.7294372294372294,0.5860205759402052,0.526980019441205,-0.06889601230997558,1.0,0.06939717500546279,0.19079488278321755,0.7413793103448276,2.0386473999988084,0.24788230000012845,5.063579900001059,
segment,P2_NoExploration,,ablation,clean,0.2,7,0.15,346,0.6878787878787879,0.6155626188153266,0.5358876203016353,-0.06398633246128674,1.0,0.06701180613717499,0.2196601990650384,0.7304347826086957,1.71950040000047,0.3154002999999648,7.29927139999927,
segment,P2_NoExploration,,ablation,clean,0.2,7,0.2,462,0.6935064935064935,0.6043326172678114,0.5317219612086799,-0.05641203582787894,1.0,0.07174433848941149,0.26328413298447784,0.6637931034482759,1.3456777999999758,0.20087860000057844,8.97292440000092,
segment,P2_NoExploration,,ablation,clean,0.2,7,0.3,693,0.7017316017316018,0.5780732061709594,0.5141368607424253,-0.059003679245225676,1.0,0.07302141421855336,0.2599528586265293,0.6926406926406926,1.1541856999992888,0.12585760000001756,10.353422399999545,
segment,P2_NoExploration,,ablation,clean,0.2,8,0.05,115,0.6796536796536796,0.5816194257618226,0.4967378883218263,-0.07071850326068996,1.0,0.0695087228292369,0.20542424165090248,0.6811594202898551,2.1143289000010554,0.20610539999870525,2.640869199998633,
segment,P2_NoExploration,,ablation,clean,0.2,8,0.1,231,0.6874458874458874,0.6084487284540088,0.5367457636215764,-0.07022086548177141,1.0,0.06713271850924492,0.2018560463170502,0.7155172413793104,1.9370828999999503,0.26975190000121074,5.055974199998673,
segment,P2_NoExploration,,ablation,clean,0.2,8,0.15,346,0.6982683982683983,0.605045628261977,0.5433291612810046,-0.05859265772641589,1.0,0.07066655352862825,0.23957119262191862,0.6695652173913044,1.6512889999994513,0.23660519999975804,7.080876500000159,
segment,P2_NoExploration,,ablation,clean,0.2,8,0.2,462,0.716017316017316,0.6038572494319472,0.549562212525259,-0.06079977797694298,1.0,0.07084292092807673,0.25621506758839113,0.6724137931034483,1.2968083999985538,0.12599469999986468,8.635568499999863,
segment,P2_NoExploration,,ablation,clean,0.2,8,0.3,693,0.7329004329004329,0.6001963834862056,0.5531980911546946,-0.05582259996998062,1.0,0.07178526665196613,0.26967149033704013,0.6536796536796536,1.1714049000001978,0.12547249999988708,10.116123099998731,
segment,P2_NoExploration,,ablation,clean,0.2,9,0.05,115,0.6181818181818182,0.5639243869666144,0.4470266864829513,-0.07376599943888093,1.0,0.07373809514545863,0.18986890712906745,0.7536231884057971,2.173430400000143,0.1242738000000827,2.42659520000052,
segment,P2_NoExploration,,ablation,clean,0.2,9,0.1,231,0.6766233766233766,0.635475284021794,0.5407894486416454,-0.06743085260391136,1.0,0.07245104034873014,0.1934975371600626,0.7241379310344828,1.9221192999993946,0.14370769999914046,4.819517900001301,
segment,P2_NoExploration,,ablation,clean,0.2,9,0.15,346,0.6852813852813853,0.6276235698609697,0.5464924448851858,-0.05938050911217788,1.0,0.07094472979762877,0.22815572908969214,0.7391304347826086,1.7249094000017067,0.27486879999923985,7.064362600000095,
segment,P2_NoExploration,,ablation,clean,0.2,9,0.2,462,0.696969696969697,0.6243130896119328,0.5504339524139757,-0.05809601815812332,1.0,0.07046241551051467,0.25409564703159565,0.6896551724137931,1.332996400000411,0.26011210000069696,8.935593200001676,
segment,P2_NoExploration,,ablation,clean,0.2,9,0.3,693,0.7225108225108225,0.6035447583215647,0.5384549967610892,-0.05646435503893749,1.0,0.07064408769479748,0.2714275126488135,0.70995670995671,1.1687297000007675,0.3485480999988795,10.573840200000632,
segment,P2_NoExploration,,ablation,clean,0.2,10,0.05,115,0.6891774891774892,0.571554050050134,0.4915520047664019,-0.07467001127179107,1.0,0.07267116489296231,0.20834615235603757,0.7101449275362319,2.18907659999968,0.3392790999987483,2.8286289000006946,
segment,P2_NoExploration,,ablation,clean,0.2,10,0.1,231,0.6329004329004329,0.5772318983982409,0.47355749734438596,-0.06657996872175595,1.0,0.0656772630563046,0.21749206155790837,0.7155172413793104,1.8545101999989129,0.30613150000135647,5.082042600000932,
segment,P2_NoExploration,,ablation,clean,0.2,10,0.15,346,0.7051948051948052,0.621350681254934,0.5462446969714645,-0.06709397721181475,1.0,0.07233935305871587,0.21457708130505176,0.7478260869565218,1.664032300001054,0.09368560000075377,7.1160928000008425,
segment,P2_NoExploration,,ablation,clean,0.2,10,0.2,462,0.7012987012987013,0.605814328531027,0.5323302775563146,-0.05678798673146096,1.0,0.07125351865003972,0.2532858550461395,0.646551724137931,1.405648800000563,0.2461780000012368,8.892696500000966,
segment,P2_NoExploration,,ablation,clean,0.2,10,0.3,693,0.7255411255411255,0.5887529763491248,0.5349930621010061,-0.058414033036191235,1.0,0.07223731278094121,0.2527777338582615,0.7012987012987013,1.1644625999997515,0.1394140000011248,10.391947200001596,
segment,P2_NoExploration,,ablation,clean,0.2,11,0.05,115,0.6277056277056277,0.5553514014268519,0.4559737930748364,-0.07124784922866477,1.0,0.07619133033564852,0.2069004772786927,0.6956521739130435,2.1837770999991335,0.13775770000029297,2.456392699999924,
segment,P2_NoExploration,,ablation,clean,0.2,11,0.1,231,0.6753246753246753,0.6218508308514666,0.5224552487677272,-0.07379900605640234,1.0,0.07093448077423531,0.18175617002769426,0.7413793103448276,1.9805010000000038,0.11237199999959557,4.747838699999193,
segment,P2_NoExploration,,ablation,clean,0.2,11,0.15,346,0.6982683982683983,0.6259904705001402,0.5440825232081039,-0.06763633727020357,1.0,0.07262915016740769,0.22052083921913684,0.7217391304347827,1.681663800000024,0.24157589999958873,6.848443799999586,
segment,P2_NoExploration,,ablation,clean,0.2,11,0.2,462,0.7082251082251082,0.6185770081610598,0.5430225968159914,-0.060032596320999936,1.0,0.07349657673048123,0.25555303719033157,0.646551724137931,1.3245452000010118,0.21456960000068648,8.559843799999726,
segment,P2_NoExploration,,ablation,clean,0.2,11,0.3,693,0.7194805194805195,0.606295847036667,0.5423125322314399,-0.06220158787061811,1.0,0.07466099827319794,0.25157071740273085,0.7142857142857143,1.161651599999459,0.12589200000002165,10.007276099999217,
segment,P2_NoExploration,,ablation,clean,0.2,12,0.05,115,0.6831168831168831,0.6230307469222602,0.5120141530799814,-0.06782856064275196,1.0,0.07493281097390665,0.20689022370297452,0.7391304347826086,2.091680200001065,0.11113829999885638,2.404463400000168,
segment,P2_NoExploration,,ablation,clean,0.2,12,0.1,231,0.6917748917748918,0.6100609230437778,0.5338244615174906,-0.0690635587735664,1.0,0.07073240050985444,0.2062445143433879,0.7155172413793104,2.0328181000004406,0.25396309999996447,4.916663600000902,
segment,P2_NoExploration,,ablation,clean,0.2,12,0.15,346,0.7177489177489178,0.6351171804012339,0.5631259197957197,-0.05857895085204638,1.0,0.07148070061730158,0.2564941777247959,0.6260869565217392,1.6820818999985931,0.22517119999974966,7.049408900000344,
segment,P2_NoExploration,,ablation,clean,0.2,12,0.2,462,0.7264069264069264,0.6184539893343767,0.5543903111407751,-0.060748163152788366,1.0,0.07274086095423675,0.25368663697036814,0.6724137931034483,1.297710900000311,0.23201679999874614,8.727931600000375,
segment,P2_NoExploration,,ablation,clean,0.2,12,0.3,693,0.7277056277056277,0.5954789056441789,0.5392301857391688,-0.06117338669238088,1.0,0.07371229526113854,0.24790983367817113,0.7056277056277056,1.2027118999994855,0.14213550000022224,10.392937300000995,
segment,P2_NoExploration,,ablation,clean,0.2,13,0.05,115,0.6324675324675325,0.6017116263012339,0.5044502032155416,-0.076021086440224,1.0,0.0724285081188215,0.21787373183556727,0.7391304347826086,2.227605300000505,0.2694164999993518,2.7542996000011044,
segment,P2_NoExploration,,ablation,clean,0.2,13,0.1,231,0.6683982683982684,0.5883626534468621,0.5098325006128201,-0.06846093493378891,1.0,0.0713227710881472,0.21760461055563696,0.7413793103448276,1.8162247000000207,0.2856450999988738,5.170108700000128,
segment,P2_NoExploration,,ablation,clean,0.2,13,0.15,346,0.7086580086580087,0.6149545586432718,0.5469553566875845,-0.0623350460302966,1.0,0.0697549410576401,0.24018917817599228,0.6521739130434783,1.6362175999984174,0.38061430000016117,7.380562300000747,
segment,P2_NoExploration,,ablation,clean,0.2,13,0.2,462,0.7281385281385281,0.6242218605722792,0.5613105375708761,-0.05973412136528331,1.0,0.06985535853146202,0.26590187090968065,0.646551724137931,1.6930535000010423,0.18475129999933415,9.48662719999993,
segment,P2_NoExploration,,ablation,clean,0.2,13,0.3,693,0.7311688311688311,0.602691829006057,0.5494222022336762,-0.05773298420158674,1.0,0.07134723480173409,0.265045611544323,0.683982683982684,1.0978844999990542,0.16122700000050827,10.870319600000585,
segment,P2_NoExploration,,ablation,clean,0.2,14,0.05,115,0.6454545454545455,0.6129008943723836,0.5187806986564913,-0.06927468230255975,1.0,0.07250594340321169,0.2173163730570873,0.6956521739130435,2.1768508999994083,0.236941699999079,2.7393187999987276,
segment,P2_NoExploration,,ablation,clean,0.2,14,0.1,231,0.6458874458874458,0.5625750033541441,0.4883817252251323,-0.06883544641805832,1.0,0.06832317805644306,0.21597625065661574,0.7068965517241379,1.8709780000008323,0.25216680000085034,5.144808299999568,
segment,P2_NoExploration,,ablation,clean,0.2,14,0.15,346,0.7233766233766233,0.614689666704563,0.556284469534209,-0.058778587532264504,1.0,0.06899459159872492,0.2331819441261931,0.6869565217391305,1.7827943000011146,0.2745855999983178,7.532357199999751,
segment,P2_NoExploration,,ablation,clean,0.2,14,0.2,462,0.7333333333333333,0.6201982289153809,0.5574726336048547,-0.06777728589842973,1.0,0.06973906129554763,0.2550831824805712,0.646551724137931,1.3137501000001066,0.38993219999974826,9.451792699999714,
segment,P2_NoExploration,,ablation,clean,0.2,14,0.3,693,0.7441558441558441,0.6088409570503602,0.5604669327350298,-0.06231074604723477,1.0,0.07147336382538245,0.24800880985971294,0.7056277056277056,1.180019600000378,0.20173160000013013,11.050305699998717,
segment,P2_NoExploration,,ablation,clean,0.2,15,0.05,115,0.5155844155844156,0.5333093520984802,0.4017156621657792,-0.06593385262422455,1.0,0.06833284610012019,0.20268225973254161,0.7101449275362319,2.1968592000011995,0.22846070000014151,2.577547400000185,
segment,P2_NoExploration,,ablation,clean,0.2,15,0.1,231,0.6251082251082251,0.5413521017686477,0.4691620447370592,-0.07301885735244687,1.0,0.07056116567733342,0.20217831046158036,0.7672413793103449,2.05724360000022,0.16947570000047563,5.16545589999987,
segment,P2_NoExploration,,ablation,clean,0.2,15,0.15,346,0.7038961038961039,0.6164517261244726,0.552983329737587,-0.05769661978240559,1.0,0.07096675800158828,0.24257336240819638,0.6869565217391305,1.6157972999990307,0.2988254000010784,7.415011199998844,
segment,P2_NoExploration,,ablation,clean,0.2,15,0.2,462,0.7121212121212122,0.6044885325503213,0.5454584796356274,-0.06458618443161528,1.0,0.0712616249412215,0.2605633942830824,0.6206896551724138,1.3518358999990596,0.33121310000024096,9.347743499998614,
segment,P2_NoExploration,,ablation,clean,0.2,15,0.3,693,0.7329004329004329,0.5938841739212933,0.5513365153671099,-0.05640504809594115,1.0,0.07187434242619845,0.2540194208103059,0.70995670995671,1.1665178000002925,0.24581599999874015,10.959829699999318,
segment,P2_NoExploration,,ablation,clean,0.2,16,0.05,115,0.5982683982683983,0.5602353998570389,0.459924537063379,-0.06580176195678916,1.0,0.07200130072998265,0.1917662668755485,0.7391304347826086,2.237324900001113,0.22892569999930856,2.6643504000003304,
segment,P2_NoExploration,,ablation,clean,0.2,16,0.1,231,0.6670995670995671,0.6267365439771483,0.5269213098548436,-0.07157332554702642,1.0,0.07095790216838657,0.20491848178383817,0.7413793103448276,1.991160100000343,0.16867160000037984,5.093440900000132,
segment,P2_NoExploration,,ablation,clean,0.2,16,0.15,346,0.7298701298701299,0.6514405366111582,0.5951161983146132,-0.06801548895977612,1.0,0.07175158219428202,0.20940986329538228,0.7478260869565218,1.6387040999998135,0.29265850000047067,7.387708100000964,
segment,P2_NoExploration,,ablation,clean,0.2,16,0.2,462,0.7337662337662337,0.6338263705900724,0.5814307995672292,-0.05997705319795804,1.0,0.07183209817507548,0.2653100813096611,0.6551724137931034,1.3262348000007478,0.33735909999995783,9.289106800000809,
segment,P2_NoExploration,,ablation,clean,0.2,16,0.3,693,0.7510822510822511,0.6039655437827726,0.5642547875192345,-0.06137081949927546,1.0,0.07295050782634323,0.25436181271175484,0.696969696969697,1.103847800000949,0.21511960000134422,11.0821605000001,
segment,P2_NoExploration,,ablation,clean,0.2,17,0.05,115,0.558008658008658,0.5225397246735333,0.4318985393108133,-0.06809839828534728,1.0,0.0739243396874426,0.21043442886089056,0.7101449275362319,2.1573179999995773,0.16271859999869775,2.4818825000002107,
segment,P2_NoExploration,,ablation,clean,0.2,17,0.1,231,0.6497835497835498,0.5966589782027167,0.49205290257240114,-0.0661242029581537,1.0,0.0733349033374146,0.21836431189763056,0.7413793103448276,1.980482499999198,0.13572229999954288,4.812792500000796,
segment,P2_NoExploration,,ablation,clean,0.2,17,0.15,346,0.6675324675324675,0.5971978219188029,0.506513431641768,-0.06985030031630912,1.0,0.07162712280852847,0.22842060495754138,0.6782608695652174,1.6888340999994398,0.2159196000011434,6.933552300000883,
segment,P2_NoExploration,,ablation,clean,0.2,17,0.2,462,0.6926406926406926,0.6032225699281665,0.5218919001952116,-0.06233278104816523,1.0,0.07166028823210706,0.23887968245736207,0.6810344827586207,1.3294663000015134,0.1550384000001941,8.632027100000414,
segment,P2_NoExploration,,ablation,clean,0.2,17,0.3,693,0.712987012987013,0.5850225776534144,0.5222547231514132,-0.059541681126795344,1.0,0.07071765779080402,0.2639642336385008,0.7056277056277056,1.2111944999996922,0.19240249999893422,10.174602099999902,
segment,P2_NoExploration,,ablation,clean,0.2,18,0.05,115,0.6874458874458874,0.5759285961710897,0.4874474628428251,-0.07258457726013358,1.0,0.06949565352053419,0.2137167134940968,0.6811594202898551,2.1556954000006954,0.16580049999902258,2.499614099999235,
segment,P2_NoExploration,,ablation,clean,0.2,18,0.1,231,0.6562770562770562,0.5655691079146394,0.4893883103715151,-0.06735997374901898,1.0,0.0685215470664834,0.196581305765695,0.7327586206896551,1.998552799999743,0.2387244000001374,4.885077699998874,
segment,P2_NoExploration,,ablation,clean,0.2,18,0.15,346,0.7017316017316018,0.6253480243877795,0.5530663895535354,-0.06837310470257477,1.0,0.06956067428265886,0.2319117952325976,0.7304347826086957,1.6225305999996635,0.14426389999971434,6.859929199999897,
segment,P2_NoExploration,,ablation,clean,0.2,18,0.2,462,0.7004329004329004,0.6107892246516615,0.5403616515762996,-0.05947755323050173,1.0,0.07030873101600642,0.23997160437202714,0.6982758620689655,1.4112614000005124,0.2167425000006915,8.709546399999454,
segment,P2_NoExploration,,ablation,clean,0.2,18,0.3,693,0.7476190476190476,0.6098495743066584,0.5568138449479149,-0.05961938274149576,1.0,0.07117526253880192,0.2541027414144178,0.696969696969697,1.1180647000001045,0.15391079999972135,10.185269300000073,
segment,P2_NoExploration,,ablation,clean,0.2,19,0.05,115,0.6294372294372295,0.5745279225072215,0.46732970879508345,-0.07202900619703907,1.0,0.06824697363107395,0.18944179827323562,0.7536231884057971,2.1617872000006173,0.3077067000012903,2.6389005000000907,
segment,P2_NoExploration,,ablation,clean,0.2,19,0.1,231,0.5792207792207792,0.5470189794222737,0.4510645865705218,-0.07105879579270753,1.0,0.07026618566293782,0.19721415426195557,0.7241379310344828,1.9071485000004031,0.16266730000097596,4.918437299998914,
segment,P2_NoExploration,,ablation,clean,0.2,19,0.15,346,0.6961038961038961,0.6005122278485568,0.528010657759299,-0.06860661667842025,1.0,0.07354986791008568,0.22415717061514845,0.7304347826086957,1.6867486999999528,0.22632659999908356,7.050132099999246,
segment,P2_NoExploration,,ablation,clean,0.2,19,0.2,462,0.7064935064935065,0.5967690667494056,0.531721590923137,-0.0619055087427591,1.0,0.07066356951162873,0.26320457267658365,0.6379310344827587,1.382189500000095,0.2307600000003731,8.819950199998857,
segment,P2_NoExploration,,ablation,clean,0.2,19,0.3,693,0.7307359307359307,0.5861059842070995,0.5336232593586465,-0.05754005206744624,1.0,0.07157619680576938,0.2611096806645977,0.6883116883116883,1.1661537999989378,0.18550499999946624,10.322100499999578,
segment,P2_NoExploration,,ablation,clean,0.2,20,0.05,115,0.7134199134199134,0.6118111596363169,0.5245697616401435,-0.06970234456057006,1.0,0.06993079554479324,0.20628881539729488,0.7391304347826086,2.1555222000006324,0.2364158000000316,2.7213884000011603,
segment,P2_NoExploration,,ablation,clean,0.2,20,0.1,231,0.7034632034632035,0.6435607028643746,0.5589653138006868,-0.07254747006036205,1.0,0.06819394462631541,0.18202037729026552,0.75,1.9887232999990374,0.28905159999885655,5.341435400001501,
segment,P2_NoExploration,,ablation,clean,0.2,20,0.15,346,0.7086580086580087,0.6280369543571767,0.5557722064034749,-0.06730500456638758,1.0,0.07011639587339384,0.22666377476849964,0.7130434782608696,1.6739780000007158,0.32871979999981704,7.575764600000184,
segment,P2_NoExploration,,ablation,clean,0.2,20,0.2,462,0.716017316017316,0.621532988940636,0.554969939350242,-0.05999309234403389,1.0,0.07079045321110702,0.25043024088893556,0.6724137931034483,1.3900384999997186,0.2068849000006594,9.321606900000916,
segment,P2_NoExploration,,ablation,clean,0.2,20,0.3,693,0.7281385281385281,0.5981248225521155,0.5392805483697851,-0.06127146976784842,1.0,0.07184126846296794,0.2629314988399742,0.6753246753246753,1.1398528999998234,0.13535290000072564,10.81785470000068,
segment,P2_NoExploration,,ablation,clean,0.2,21,0.05,115,0.6437229437229437,0.5925591332629842,0.47667270086702695,-0.06622124767995795,1.0,0.07246868654860834,0.20372080368925435,0.7246376811594203,2.136501800001497,0.28924279999955615,2.536301399999502,
segment,P2_NoExploration,,ablation,clean,0.2,21,0.1,231,0.6826839826839827,0.6140225410468616,0.5317955872581536,-0.0721352909282491,1.0,0.07133494234472211,0.2082959474439456,0.75,2.143216800001028,0.12036950000037905,5.062315700000909,
segment,P2_NoExploration,,ablation,clean,0.2,21,0.15,346,0.7012987012987013,0.6178212843933827,0.5432147161398247,-0.05966900622191856,1.0,0.07036493548836356,0.25932361173270907,0.6347826086956522,1.7636457000007795,0.2648157999992691,7.452485100000558,
segment,P2_NoExploration,,ablation,clean,0.2,21,0.2,462,0.7173160173160174,0.6173545054628657,0.5502690463261211,-0.06011606240340325,1.0,0.07047614484517746,0.2641608810198485,0.6293103448275862,1.375355899999704,0.24063849999947706,9.266220200001044,
segment,P2_NoExploration,,ablation,clean,0.2,21,0.3,693,0.7337662337662337,0.5982688547066418,0.5525901663942971,-0.056598151866409915,1.0,0.07107480811623439,0.27371618695202143,0.670995670995671,1.222561799999312,0.1543920000003709,10.931195099999968,
segment,P2_NoExploration,,ablation,clean,0.2,22,0.05,115,0.6307359307359307,0.5761539779406896,0.46008444013011673,-0.06833378565811193,1.0,0.06969477009884713,0.22107982518944816,0.6956521739130435,2.36904240000149,0.27271029999974417,2.823111699999572,
segment,P2_NoExploration,,ablation,clean,0.2,22,0.1,231,0.6632034632034632,0.5929741896294018,0.5056975689128554,-0.06437795955198275,1.0,0.07156760863129324,0.2175909680224434,0.7241379310344828,2.0025141000005533,0.20035319999988133,5.2705323999998654,
segment,P2_NoExploration,,ablation,clean,0.2,22,0.15,346,0.706060606060606,0.634826920361172,0.5553156683234326,-0.06462421427173749,1.0,0.07005807923329177,0.23999976771590023,0.7043478260869566,1.6894659999998112,0.2974914999995235,7.465176899999278,
segment,P2_NoExploration,,ablation,clean,0.2,22,0.2,462,0.7047619047619048,0.6172962290283909,0.5420641111828257,-0.06469952203287467,1.0,0.07297275212064233,0.24845600041720411,0.6637931034482759,1.3373135999991064,0.17851919999884558,9.113586999999825,
segment,P2_NoExploration,,ablation,clean,0.2,22,0.3,693,0.7242424242424242,0.5988503754022282,0.535887384037025,-0.06141272676206259,1.0,0.07394793853649656,0.2484725892827138,0.696969696969697,1.1808103999992454,0.18197190000137198,10.60733959999925,
segment,P2_NoExploration,,ablation,clean,0.2,23,0.05,115,0.70995670995671,0.605987413298579,0.518168428191808,-0.06960500300609285,1.0,0.07545519145714971,0.21006103722170189,0.6956521739130435,2.0912489000002097,0.0732847999988735,2.4314606999996613,
segment,P2_NoExploration,,ablation,clean,0.2,23,0.1,231,0.6991341991341992,0.6215670303640274,0.5528847729397544,-0.07403386713447294,1.0,0.06847668262029381,0.1895169765232465,0.7413793103448276,1.9334395000005316,0.29722790000050736,4.976286599998275,
segment,P2_NoExploration,,ablation,clean,0.2,23,0.15,346,0.7038961038961039,0.620510442710429,0.5499711625178305,-0.06231959142443359,1.0,0.06981652062767851,0.24505805957708224,0.6782608695652174,1.7888800000000629,0.27350879999903555,7.228580899998633,
segment,P2_NoExploration,,ablation,clean,0.2,23,0.2,462,0.7077922077922078,0.613730092432527,0.5449539819000871,-0.06068065111172525,1.0,0.07071715108559716,0.2600827710905476,0.6379310344827587,1.3899196999991545,0.2300254000001587,8.997381799999857,
segment,P2_NoExploration,,ablation,clean,0.2,23,0.3,693,0.7233766233766233,0.5975431188949991,0.5370229676749322,-0.054644905695045855,1.0,0.07175235158839258,0.2674697551482936,0.683982683982684,1.1441396999998688,0.1308759999992617,10.39679629999955,
segment,P2_NoExploration,,ablation,clean,0.2,24,0.05,115,0.6528138528138528,0.589034417859081,0.4982866082391541,-0.0627189674404058,1.0,0.07203830515336006,0.2050679908043403,0.7246376811594203,2.1862646999998105,0.1598415999997087,2.5261833000004117,
segment,P2_NoExploration,,ablation,clean,0.2,24,0.1,231,0.6675324675324675,0.5748418582852725,0.49203467278604635,-0.06871017077109932,1.0,0.07197950284092405,0.21062929629892085,0.7413793103448276,1.955587899999955,0.18774610000036773,5.038843399999678,
segment,P2_NoExploration,,ablation,clean,0.2,24,0.15,346,0.7112554112554113,0.6316974467131492,0.5567112267671803,-0.0602410237432365,1.0,0.06843342682114693,0.244472705953685,0.6521739130434783,1.672916699999405,0.32887210000080813,7.253680499999973,
segment,P2_NoExploration,,ablation,clean,0.2,24,0.2,462,0.7121212121212122,0.6157948348280338,0.5454786718965495,-0.06183835385071836,1.0,0.07156338563311317,0.2585830635518862,0.646551724137931,1.3121716000005108,0.24298590000034892,8.932621300000392,
segment,P2_NoExploration,,ablation,clean,0.2,24,0.3,693,0.7268398268398268,0.6042347568717583,0.5438780850507025,-0.06231441969364909,1.0,0.0727640720320052,0.25726794101481665,0.696969696969697,1.1282496999992873,0.11124359999848821,10.316346499999781,
segment,P2_NoExploration,,ablation,clean,0.2,25,0.05,115,0.680952380952381,0.6077656090724132,0.5315163091750276,-0.06627612169414696,1.0,0.07153245083277456,0.21940852273589606,0.7101449275362319,2.1120931999994355,0.24448320000010426,2.667282000000341,
segment,P2_NoExploration,,ablation,clean,0.2,25,0.1,231,0.8043290043290043,0.6734459192090522,0.634855996288567,-0.06467800714095102,1.0,0.06909337113305204,0.23134462545247708,0.7068965517241379,1.9839083000006212,0.2757454000002326,5.240601000001334,
segment,P2_NoExploration,,ablation,clean,0.2,25,0.15,346,0.7385281385281385,0.6280826906747646,0.5665445834807897,-0.06801904097808509,1.0,0.06798217662811627,0.2283368080004094,0.6869565217391305,1.6772485000001325,0.416169500000251,7.607111900000746,
segment,P2_NoExploration,,ablation,clean,0.2,25,0.2,462,0.7393939393939394,0.6216559865615957,0.5626848610427989,-0.051855724318880234,1.0,0.07048356240006676,0.25135891810071687,0.6551724137931034,1.3501665999992838,0.29305679999924905,9.442902599999798,
segment,P2_NoExploration,,ablation,clean,0.2,25,0.3,693,0.7536796536796537,0.6112559220459161,0.5613289005630484,-0.055664200621937825,1.0,0.07143280370677911,0.257090932108821,0.6926406926406926,1.1446082999991631,0.16366910000033386,10.946265399999902,
segment,P2_NoExploration,,ablation,clean,0.2,26,0.05,115,0.5757575757575758,0.5235744827726783,0.43661014837272827,-0.0732415867777948,1.0,0.07265662350298863,0.19727009474422647,0.7246376811594203,2.1145902999996906,0.30792010000004666,2.6061838999994507,
segment,P2_NoExploration,,ablation,clean,0.2,26,0.1,231,0.6926406926406926,0.6202335351310577,0.5468879176998689,-0.07155998660505632,1.0,0.07299637639409119,0.20745374348789686,0.7155172413793104,2.015480000000025,0.17239840000002005,5.164362800000163,
segment,P2_NoExploration,,ablation,clean,0.2,26,0.15,346,0.7155844155844155,0.6162820635315855,0.5540328334135243,-0.06323227128363988,1.0,0.0714165079379641,0.23772132636559062,0.7130434782608696,1.6348311999990983,0.27640509999946516,7.437165699999241,
segment,P2_NoExploration,,ablation,clean,0.2,26,0.2,462,0.7255411255411255,0.6173485558222719,0.5561755201562288,-0.05897340688555579,1.0,0.0719131662500034,0.2588027412953896,0.646551724137931,1.3077567000000272,0.22978660000080708,9.165950799999337,
segment,P2_NoExploration,,ablation,clean,0.2,26,0.3,693,0.7311688311688311,0.5989292056476165,0.5463009349196896,-0.05596991901454013,1.0,0.07344387790043294,0.26131731436064703,0.683982683982684,1.1308867999996437,0.16451969999980065,10.612864599999739,
segment,P2_NoExploration,,ablation,clean,0.2,27,0.05,115,0.6948051948051948,0.5931704006962085,0.5047858074345392,-0.06513475380428223,1.0,0.07217489618579138,0.21530983839279172,0.6956521739130435,2.0391146000001754,0.09567249999963678,2.2665001999994274,
segment,P2_NoExploration,,ablation,clean,0.2,27,0.1,231,0.6761904761904762,0.5952832325391018,0.5255767613894267,-0.07294780160294963,1.0,0.06823895819289852,0.1823788096530736,0.7672413793103449,1.970599599999332,0.13303000000087195,4.762659500000154,
segment,P2_NoExploration,,ablation,clean,0.2,27,0.15,346,0.6714285714285714,0.5939849666438614,0.5273734083821792,-0.06335895588313402,1.0,0.06963967370221888,0.2476544688460684,0.6956521739130435,1.7559000000001106,0.37606899999991583,7.288327899999786,
segment,P2_NoExploration,,ablation,clean,0.2,27,0.2,462,0.7203463203463204,0.6079231047923066,0.5596068404657653,-0.05891380694728084,1.0,0.06897664588789874,0.26658442497983514,0.6551724137931034,1.3577174999991257,0.3661316999987321,9.264116500000455,
segment,P2_NoExploration,,ablation,clean,0.2,27,0.3,693,0.7428571428571429,0.5944082852825855,0.5559480391597108,-0.05489958831947324,1.0,0.0713333994897293,0.26943633752252816,0.6666666666666666,1.110298799998418,0.1817373999983829,10.72004349999952,
segment,P2_NoExploration,,ablation,clean,0.2,28,0.05,115,0.567965367965368,0.5194354108613494,0.40138045604460404,-0.06591070239292819,1.0,0.07484670735563455,0.202433370462442,0.6956521739130435,2.1640868000013143,0.08293079999930342,2.5159110999993572,
segment,P2_NoExploration,,ablation,clean,0.2,28,0.1,231,0.5848484848484848,0.5501715635213659,0.4573785185536384,-0.06908228264179544,1.0,0.06755529621036697,0.20338571926363114,0.7327586206896551,1.9965381000001798,0.27823780000107945,4.97165909999967,
segment,P2_NoExploration,,ablation,clean,0.2,28,0.15,346,0.6935064935064935,0.5994900846151264,0.5360012477717176,-0.06104862676019687,1.0,0.07398794919173153,0.21836466112719705,0.7478260869565218,1.609408500000427,0.1424168000012287,6.866845099999409,
segment,P2_NoExploration,,ablation,clean,0.2,28,0.2,462,0.7177489177489178,0.6049290203753419,0.5474211755009489,-0.06713173135258187,1.0,0.07120856427955322,0.2547148923912209,0.646551724137931,1.3555353000010655,0.16569680000066,8.564185399998678,
segment,P2_NoExploration,,ablation,clean,0.2,28,0.3,693,0.7303030303030303,0.5949630463723546,0.5490615044400837,-0.0547454654184195,1.0,0.07186188634029277,0.26155049929499474,0.6753246753246753,1.161863400000584,0.1520937999994203,10.090062399998715,
segment,P2_NoExploration,,ablation,clean,0.2,29,0.05,115,0.6272727272727273,0.5452838289206983,0.4654818512987311,-0.07274674040165864,1.0,0.07228891117966021,0.20314031886852482,0.7246376811594203,2.213187100000141,0.2911065000007511,2.919515899999169,
segment,P2_NoExploration,,ablation,clean,0.2,29,0.1,231,0.6761904761904762,0.5903047201574274,0.5165691541719971,-0.06022043415098111,1.0,0.07035837635995323,0.21169746831055408,0.75,1.8605005000008532,0.2492194999995263,5.221098800000618,
segment,P2_NoExploration,,ablation,clean,0.2,29,0.15,346,0.7056277056277056,0.6203299514074399,0.5522874674761566,-0.05930343769146165,1.0,0.07094093946211077,0.2434101397912911,0.6695652173913044,1.7349787999992259,0.1868217999999615,7.430728699999236,
segment,P2_NoExploration,,ablation,clean,0.2,29,0.2,462,0.7073593073593074,0.6114697658099477,0.5456120235753988,-0.06066896804441766,1.0,0.07216184438341423,0.26105769343354973,0.6379310344827587,1.4040182999997342,0.2503106999993179,9.31377380000049,
segment,P2_NoExploration,,ablation,clean,0.2,29,0.3,693,0.7194805194805195,0.5967238252280689,0.5389701822904991,-0.05942371301851136,1.0,0.07331888289078488,0.2686732107529672,0.670995670995671,1.189198000000033,0.19350610000037705,10.835933799999111,
segment,P2_NoRedundancy,,ablation,clean,0.0,0,0.05,115,0.6277056277056277,0.593396856392427,0.4814653679952181,-0.05440043072072043,1.0,0.07226189946407918,0.24528872566569251,0.855072463768116,0.262920999999551,0.16833050000059302,0.6785779999991064,
segment,P2_NoRedundancy,,ablation,clean,0.0,0,0.1,231,0.7298701298701299,0.6546072803916257,0.5833948306417026,-0.05449397141186732,1.0,0.06886503378281929,0.3107904512604854,0.7155172413793104,0.2514279000006354,0.24257509999915783,1.3372417999999016,
segment,P2_NoRedundancy,,ablation,clean,0.0,0,0.15,346,0.8350649350649351,0.7367621925543558,0.6922752284149305,-0.04742496834064823,1.0,0.06922315981434982,0.28843443251425666,0.6956521739130435,0.2204504999990604,0.18363479999970878,1.8849479000000429,
segment,P2_NoRedundancy,,ablation,clean,0.0,0,0.2,462,0.8528138528138528,0.7553821826557418,0.7166640916973595,-0.056885060517494625,1.0,0.07251425841401038,0.2803836118952676,0.7155172413793104,0.17992729999969015,0.1431470999996236,2.3681142999994336,
segment,P2_NoRedundancy,,ablation,clean,0.0,0,0.3,693,0.8515151515151516,0.7684585446189697,0.7187891658462185,-0.04939548957990213,1.0,0.07392826164979474,0.312744064825467,0.6926406926406926,0.28264970000054745,0.17695140000068932,2.9392795999992813,
segment,P2_NoRedundancy,,ablation,clean,0.0,1,0.05,115,0.6943722943722944,0.5960302899513007,0.517539691394576,-0.05359004403715744,1.0,0.07030795711803291,0.2653196428000884,0.8260869565217391,0.23694480000085605,0.23622149999937392,0.760062299999845,
segment,P2_NoRedundancy,,ablation,clean,0.0,1,0.1,231,0.7822510822510822,0.673455076884903,0.6108778895877159,-0.04807010684988147,1.0,0.06687811671935937,0.34633419523661013,0.6293103448275862,0.2556297999999515,0.281956300001184,1.427766500000871,
segment,P2_NoRedundancy,,ablation,clean,0.0,1,0.15,346,0.8272727272727273,0.7275222285278915,0.6804372409875152,-0.05881599131536347,1.0,0.07071315086007254,0.25857250652571495,0.7478260869565218,0.26521339999999327,0.1457642000004853,2.0230343000002904,
segment,P2_NoRedundancy,,ablation,clean,0.0,1,0.2,462,0.8454545454545455,0.7474402569125054,0.7074459253703045,-0.05006390441679759,1.0,0.07263348423884333,0.2833658137028312,0.7155172413793104,0.23717490000126418,0.19034319999991567,2.5812268999998196,
segment,P2_NoRedundancy,,ablation,clean,0.0,1,0.3,693,0.8861471861471861,0.7984711078192389,0.7719211989625853,-0.05044817653834419,1.0,0.07436260676157784,0.30798644009852727,0.6883116883116883,0.22427009999955771,0.1050455000004149,3.14638290000039,
segment,P2_NoRedundancy,,ablation,clean,0.0,2,0.05,115,0.6445887445887446,0.5891144074196549,0.5040328549355486,-0.060545201011955506,1.0,0.0725240974013362,0.22306691134973894,0.8985507246376812,0.26919099999940954,0.27180179999959364,0.7018882000011217,
segment,P2_NoRedundancy,,ablation,clean,0.0,2,0.1,231,0.7961038961038961,0.6853281351389289,0.6292559949921587,-0.04793120032636437,1.0,0.07162549863671902,0.3010426021204893,0.7327586206896551,0.2859774999997171,0.1565876999993634,1.320080900000903,
segment,P2_NoRedundancy,,ablation,clean,0.0,2,0.15,346,0.832034632034632,0.7319322781254294,0.6865658980020648,-0.05975722721528106,1.0,0.07050766985653491,0.2558342278668902,0.7478260869565218,0.2731774999992922,0.15301869999893825,1.8924912000002223,
segment,P2_NoRedundancy,,ablation,clean,0.0,2,0.2,462,0.8515151515151516,0.7520572434233325,0.7143920347469568,-0.051972074565387875,1.0,0.07240099668186757,0.27720673488978986,0.7241379310344828,0.1951454999998532,0.14692569999897387,2.3379007000003185,
segment,P2_NoRedundancy,,ablation,clean,0.0,2,0.3,693,0.8848484848484849,0.7966838872622446,0.7693205182842575,-0.04833816718245637,1.0,0.0740499969248691,0.31020463467987597,0.7056277056277056,0.2226743000010174,0.1073603999993793,2.898335900001257,
segment,P2_NoRedundancy,,ablation,clean,0.0,3,0.05,115,0.696969696969697,0.5993582625080801,0.50474301299826,-0.0515672185832723,1.0,0.07235891665248796,0.2316303965030948,0.855072463768116,0.26244710000173654,0.1752266999992571,0.7255753999997978,
segment,P2_NoRedundancy,,ablation,clean,0.0,3,0.1,231,0.7887445887445887,0.6786422658819273,0.61741164136891,-0.04471586133762272,1.0,0.06766937295043472,0.32708988360273444,0.6551724137931034,0.26169279999885475,0.24994229999902018,1.4002891999989515,
segment,P2_NoRedundancy,,ablation,clean,0.0,3,0.15,346,0.8272727272727273,0.7273549257653601,0.6802462295678778,-0.053183871735124025,1.0,0.07087641719491826,0.2641406356544592,0.7391304347826086,0.25687440000001516,0.12227699999857577,1.8796021999987715,
segment,P2_NoRedundancy,,ablation,clean,0.0,3,0.2,462,0.848917748917749,0.751330439810534,0.7118747180040612,-0.05660575958863128,1.0,0.07277536747184427,0.27535101700758274,0.75,0.20307430000138993,0.09924219999993511,2.282303599999068,
segment,P2_NoRedundancy,,ablation,clean,0.0,3,0.3,693,0.8874458874458875,0.7998718442299921,0.7739505897931658,-0.045037107476071966,1.0,0.07442635616590043,0.31041777338365545,0.696969696969697,0.2108695999995689,0.11741889999939303,2.8404265999997733,
segment,P2_NoRedundancy,,ablation,clean,0.0,4,0.05,115,0.6142857142857143,0.5663385890294482,0.44400834008763435,-0.05207530916353042,1.0,0.06906176794623317,0.2969573137240755,0.7246376811594203,0.26566319999983534,0.2607473999996728,0.6970564999992348,
segment,P2_NoRedundancy,,ablation,clean,0.0,4,0.1,231,0.8025974025974026,0.6944547778299444,0.640944425193759,-0.048395985702530016,1.0,0.07119991330770711,0.3020697143028949,0.7413793103448276,0.28919690000111586,0.13423089999923832,1.3149276999993162,
segment,P2_NoRedundancy,,ablation,clean,0.0,4,0.15,346,0.8298701298701299,0.7286922170040557,0.6836387489320124,-0.054501718798193516,1.0,0.07090053962421086,0.26102902806348116,0.7478260869565218,0.2733678999993572,0.1743917000003421,1.9158339999994496,
segment,P2_NoRedundancy,,ablation,clean,0.0,4,0.2,462,0.8497835497835498,0.7512173462509075,0.7126713262570209,-0.05143920770972559,1.0,0.07283245325629677,0.2723392453355396,0.7327586206896551,0.17018579999967187,0.12927959999979066,2.3810799999992014,
segment,P2_NoRedundancy,,ablation,clean,0.0,4,0.3,693,0.8718614718614719,0.7854009078148639,0.7477154441924819,-0.05121019353465705,1.0,0.07432000308631696,0.30354767107064284,0.7056277056277056,0.19158900000002177,0.12506849999954284,2.945108399999299,
segment,P2_NoRedundancy,,ablation,clean,0.0,5,0.05,115,0.629004329004329,0.5842966355647029,0.4784079148922355,-0.046733008762465465,1.0,0.07091450391731625,0.26791894895004603,0.7681159420289855,0.24759180000000924,0.09056600000076287,0.6176181000009819,
segment,P2_NoRedundancy,,ablation,clean,0.0,5,0.1,231,0.7177489177489178,0.6441238064037705,0.5657064804145804,-0.04666872606288815,1.0,0.06882477765819947,0.31364248889631463,0.7155172413793104,0.2853759000008722,0.2670627000006789,1.4754654000007577,
segment,P2_NoRedundancy,,ablation,clean,0.0,5,0.15,346,0.8298701298701299,0.7287284457145006,0.6825744309215077,-0.050293021022773936,1.0,0.06936485518058591,0.30413798316626367,0.6869565217391305,0.24808010000015202,0.31458050000037474,2.178996800001187,
segment,P2_NoRedundancy,,ablation,clean,0.0,5,0.2,462,0.8554112554112554,0.7619359921079198,0.7221929205264548,-0.055768448110680865,1.0,0.07236623245441441,0.26108808083363205,0.7844827586206896,0.17057950000162236,0.12884850000045844,2.6070821000012074,
segment,P2_NoRedundancy,,ablation,clean,0.0,5,0.3,693,0.8683982683982684,0.7840056799058869,0.7427086084419322,-0.04870869332752389,1.0,0.07376007881361343,0.3098471231375424,0.6883116883116883,0.24010230000021693,0.1928955000003043,3.1920203999998193,
segment,P2_NoRedundancy,,ablation,clean,0.0,6,0.05,115,0.7043290043290044,0.611331733124504,0.5126220100761651,-0.04872746756066836,1.0,0.07028012958755801,0.2563955076781034,0.8260869565217391,0.24220259999856353,0.22782140000163054,0.6746315999989747,
segment,P2_NoRedundancy,,ablation,clean,0.0,6,0.1,231,0.7783549783549784,0.6677060021349422,0.6017054148985775,-0.04435714881015164,1.0,0.06957250072024282,0.31124146301975986,0.7327586206896551,0.2670293999999558,0.2000676999996358,1.2924338999982865,
segment,P2_NoRedundancy,,ablation,clean,0.0,6,0.15,346,0.8316017316017316,0.7307324482602621,0.6849400423206263,-0.04958775870745979,1.0,0.0705121116903389,0.2707295895958425,0.7391304347826086,0.23204769999938435,0.1755018999992899,1.8471050999996805,
segment,P2_NoRedundancy,,ablation,clean,0.0,6,0.2,462,0.8567099567099568,0.7623399452323664,0.7238464542519933,-0.048579521302274616,1.0,0.0724162757670528,0.2795323013602531,0.7586206896551724,0.20442630000070494,0.13120619999972405,2.2922094999994442,
segment,P2_NoRedundancy,,ablation,clean,0.0,6,0.3,693,0.8545454545454545,0.771120699897577,0.7227778846529513,-0.047266692329046754,1.0,0.07366798158858928,0.3132679070752804,0.6926406926406926,0.2133682999992743,0.12037120000059076,2.7359833999998955,
segment,P2_NoRedundancy,,ablation,clean,0.0,7,0.05,115,0.5038961038961038,0.536910401931288,0.3972893442764262,-0.05373109110322705,1.0,0.07510260188144931,0.23500993942488904,0.8260869565217391,0.2525716000000102,0.06122940000022936,0.508021200001167,
segment,P2_NoRedundancy,,ablation,clean,0.0,7,0.1,231,0.7510822510822511,0.625059371046002,0.5657505952824873,-0.05707062958190308,1.0,0.07094919115962138,0.2970527530993322,0.8017241379310345,0.29124119999869436,0.18889579999995476,1.1984032000000298,
segment,P2_NoRedundancy,,ablation,clean,0.0,7,0.15,346,0.8298701298701299,0.7300659030207868,0.6840989275392151,-0.05036613867984025,1.0,0.06839868140470041,0.26688817472595977,0.7565217391304347,0.23955890000070212,0.17652430000089225,1.7215913,
segment,P2_NoRedundancy,,ablation,clean,0.0,7,0.2,462,0.8484848484848485,0.7506105087070533,0.7102711066365868,-0.05280180191768734,1.0,0.07277126139651412,0.28267998847557513,0.6982758620689655,0.17508970000017143,0.10522979999950621,2.128660899999886,
segment,P2_NoRedundancy,,ablation,clean,0.0,7,0.3,693,0.8844155844155844,0.7978461365828792,0.7687949802670832,-0.050261152246040934,1.0,0.07437375777144929,0.3075286907185792,0.696969696969697,0.2335218000007444,0.09102060000077472,2.72117740000067,
segment,P2_NoRedundancy,,ablation,clean,0.0,8,0.05,115,0.69004329004329,0.6284638127315115,0.5249687173325058,-0.056991376443118684,1.0,0.07170800338428626,0.23720664461186916,0.8840579710144928,0.25484879999930854,0.12998789999983273,0.6629063999989739,
segment,P2_NoRedundancy,,ablation,clean,0.0,8,0.1,231,0.7831168831168831,0.6719730132229442,0.6096462453989386,-0.04893017741565585,1.0,0.06788379720035718,0.3099487535562944,0.6982758620689655,0.2797264999990148,0.2785595999994257,1.373738799999046,
segment,P2_NoRedundancy,,ablation,clean,0.0,8,0.15,346,0.8264069264069264,0.7260194448573142,0.6776570323174368,-0.05588173833392958,1.0,0.07054792245261143,0.27376624488158346,0.7217391304347827,0.2236274000006233,0.12623999999959779,1.8952460000000428,
segment,P2_NoRedundancy,,ablation,clean,0.0,8,0.2,462,0.8493506493506493,0.751063324991598,0.7112989006120981,-0.05640005924967748,1.0,0.07256125772997267,0.2685063615283349,0.7241379310344828,0.18667739999909827,0.12885800000003655,2.3316073000005417,
segment,P2_NoRedundancy,,ablation,clean,0.0,8,0.3,693,0.8774891774891775,0.7889255246611582,0.7560960981382899,-0.046266637723213794,1.0,0.07404472928913892,0.3121206677418504,0.683982683982684,0.20688960000006773,0.09845920000043407,2.929743900000176,
segment,P2_NoRedundancy,,ablation,clean,0.0,9,0.05,115,0.745021645021645,0.6611022458907718,0.570183397612588,-0.06461166689696096,1.0,0.07216904139917614,0.2207577372305644,0.8985507246376812,0.261236899999858,0.268743299999187,0.7396248999993986,
segment,P2_NoRedundancy,,ablation,clean,0.0,9,0.1,231,0.7948051948051948,0.6829557187218877,0.6258685029639071,-0.043280138625560426,1.0,0.0690250199099101,0.32233575212592563,0.7068965517241379,0.2547143000010692,0.19487110000045504,1.4137743000010232,
segment,P2_NoRedundancy,,ablation,clean,0.0,9,0.15,346,0.832034632034632,0.7319868811582274,0.6855683703597458,-0.053805835804230505,1.0,0.07079093059342123,0.2745418714743112,0.7130434782608696,0.2510543000007601,0.2183561000001646,2.025862500000585,
segment,P2_NoRedundancy,,ablation,clean,0.0,9,0.2,462,0.848917748917749,0.7495829948217081,0.7099329810609463,-0.05697799098867049,1.0,0.07280438163514115,0.26532107116408343,0.7327586206896551,0.2099963000000571,0.13813349999873026,2.476710200000525,
segment,P2_NoRedundancy,,ablation,clean,0.0,9,0.3,693,0.8748917748917749,0.7866409305609312,0.7520969209418591,-0.04884775953239189,1.0,0.07433525582462545,0.309227322483785,0.6883116883116883,0.22890609999922162,0.10811259999900358,3.0423305000003893,
segment,P2_NoRedundancy,,ablation,clean,0.0,10,0.05,115,0.629004329004329,0.578669064884244,0.4638469243075375,-0.05319760984721047,1.0,0.07274354975171232,0.23279567191228004,0.8840579710144928,0.28184150000015507,0.2196678999989672,0.6660666999996465,
segment,P2_NoRedundancy,,ablation,clean,0.0,10,0.1,231,0.796969696969697,0.6847601809012445,0.6298364131489956,-0.047685077870708824,1.0,0.07061323706558865,0.30803875624164795,0.7241379310344828,0.28384509999887086,0.1447344999996858,1.259925899999871,
segment,P2_NoRedundancy,,ablation,clean,0.0,10,0.15,346,0.8316017316017316,0.7325318736656885,0.6869023943460402,-0.058719739880972205,1.0,0.07068128353268274,0.25985688389916967,0.7565217391304347,0.290701199999603,0.1781691000014689,1.8847879000004468,
segment,P2_NoRedundancy,,ablation,clean,0.0,10,0.2,462,0.8536796536796537,0.7554585252277702,0.7188058319512336,-0.05791809807987627,1.0,0.07263003783589463,0.2824694155300339,0.7327586206896551,0.20828400000027614,0.1882697000000917,2.4151586999996653,
segment,P2_NoRedundancy,,ablation,clean,0.0,10,0.3,693,0.8748917748917749,0.7897017799652685,0.7532511284468958,-0.04857192790780017,1.0,0.07397087329696363,0.30830607017975525,0.7012987012987013,0.22207800000069255,0.1127331999996386,2.9558276000007027,
segment,P2_NoRedundancy,,ablation,clean,0.0,11,0.05,115,0.6073593073593073,0.5804847305039877,0.4397811574274692,-0.05263304073599931,1.0,0.07268780877421592,0.2477625245111839,0.8695652173913043,0.2647707999985869,0.15906030000041937,0.5134773999998288,
segment,P2_NoRedundancy,,ablation,clean,0.0,11,0.1,231,0.8,0.6903521762892691,0.6345158199034292,-0.04807585506273266,1.0,0.07156732182464558,0.29168343124366286,0.7844827586206896,0.26722700000027544,0.08449170000130835,1.0518151000014768,
segment,P2_NoRedundancy,,ablation,clean,0.0,11,0.15,346,0.8298701298701299,0.7294673100509655,0.683667620247797,-0.05373344216164885,1.0,0.07103431924264261,0.2574205251920174,0.7391304347826086,0.25798260000010487,0.19830700000056822,1.677127400000245,
segment,P2_NoRedundancy,,ablation,clean,0.0,11,0.2,462,0.8484848484848485,0.7498772871787045,0.7099836173474587,-0.0547436392912267,1.0,0.07298988954538295,0.2804460315326994,0.7155172413793104,0.18044429999827116,0.14575809999951161,2.1034206000003906,
segment,P2_NoRedundancy,,ablation,clean,0.0,11,0.3,693,0.8822510822510823,0.7927456474999323,0.7642752550302805,-0.0496626897697424,1.0,0.07459693576367658,0.3061321904260719,0.7056277056277056,0.19918870000037714,0.09415110000009008,2.642174200000227,
segment,P2_NoRedundancy,,ablation,clean,0.0,12,0.05,115,0.5445887445887446,0.5500664276515858,0.4182643932509245,-0.05651711602448445,1.0,0.07506808726026401,0.22164779432966733,0.8260869565217391,0.2571728000002622,0.08116900000095484,0.46136350000051607,
segment,P2_NoRedundancy,,ablation,clean,0.0,12,0.1,231,0.7294372294372294,0.65592671131466,0.5830982315696092,-0.05671965363537645,1.0,0.0746037678350159,0.27181377434375203,0.75,0.23762920000081067,0.11317489999964891,1.0212186000007932,
segment,P2_NoRedundancy,,ablation,clean,0.0,12,0.15,346,0.8372294372294372,0.7376041677295276,0.6939068826366568,-0.049423749811949066,1.0,0.06911079256884257,0.2929367143246777,0.7043478260869566,0.23415489999933925,0.210618400000385,1.6036690000000817,
segment,P2_NoRedundancy,,ablation,clean,0.0,12,0.2,462,0.854978354978355,0.756663651555374,0.7194117575162591,-0.0504126567096017,1.0,0.07254643429963241,0.28124112085516384,0.7327586206896551,0.1829357999995409,0.14438130000053206,2.0726140000006126,
segment,P2_NoRedundancy,,ablation,clean,0.0,12,0.3,693,0.8800865800865801,0.7922101917404005,0.7609480398742964,-0.04763465843386105,1.0,0.07397560590167314,0.30951238246883156,0.7012987012987013,0.24170429999867338,0.1598027000000002,2.7750444000012067,
segment,P2_NoRedundancy,,ablation,clean,0.0,13,0.05,115,0.6229437229437229,0.5807018348672148,0.45171323534899843,-0.05532357548154502,1.0,0.06788580992660621,0.26054125402431577,0.8260869565217391,0.27247779999925115,0.2538738999992347,0.819204900000841,
segment,P2_NoRedundancy,,ablation,clean,0.0,13,0.1,231,0.78008658008658,0.6698579226805845,0.6064658262684423,-0.05190086099047382,1.0,0.06794022883803591,0.31681015616455366,0.6896551724137931,0.28027840000140714,0.2884485999984463,1.5218879000003653,
segment,P2_NoRedundancy,,ablation,clean,0.0,13,0.15,346,0.8268398268398268,0.7269986895001029,0.6796841238096926,-0.05430678714827381,1.0,0.07072054078941128,0.27497047236674266,0.7304347826086957,0.23717779999969935,0.13143180000042776,2.0255166000006284,
segment,P2_NoRedundancy,,ablation,clean,0.0,13,0.2,462,0.8476190476190476,0.7496835052649286,0.7090224640300853,-0.05885028590337343,1.0,0.07269839042729777,0.2748453485847365,0.7413793103448276,0.19128060000002733,0.15616360000058194,2.5062112000014167,
segment,P2_NoRedundancy,,ablation,clean,0.0,13,0.3,693,0.8852813852813853,0.7980807997318786,0.7701522194158811,-0.050045660485065833,1.0,0.07440015069222539,0.30600684044819765,0.7012987012987013,0.23790079999889713,0.10582339999928081,3.0942102999997587,
segment,P2_NoRedundancy,,ablation,clean,0.0,14,0.05,115,0.6445887445887446,0.5736102368572389,0.4867841710098765,-0.059759476900834024,1.0,0.07181262281449344,0.2365494230794043,0.8985507246376812,0.2566900000001624,0.08723300000019663,0.585113299999648,
segment,P2_NoRedundancy,,ablation,clean,0.0,14,0.1,231,0.7952380952380952,0.6833038051226233,0.6270337411306313,-0.048167443580229855,1.0,0.07102439288322261,0.2786718283575881,0.7241379310344828,0.24738350000006903,0.21850740000081714,1.2195207000004302,
segment,P2_NoRedundancy,,ablation,clean,0.0,14,0.15,346,0.8346320346320346,0.7349261008924747,0.6909401519458639,-0.05535420214554691,1.0,0.0704603248993042,0.26627067759681255,0.7478260869565218,0.22959950000040408,0.18504639999991923,1.814994000000297,
segment,P2_NoRedundancy,,ablation,clean,0.0,14,0.2,462,0.8528138528138528,0.7533034958060805,0.7163396361881479,-0.05919167805777414,1.0,0.07242483311359847,0.27465917150207475,0.7413793103448276,0.18449859999964247,0.14423010000064096,2.2513278999995237,
segment,P2_NoRedundancy,,ablation,clean,0.0,14,0.3,693,0.8883116883116883,0.7995435649285974,0.7746762186118034,-0.048966051498077146,1.0,0.07407868852220419,0.3100353055471994,0.696969696969697,0.22303150000152527,0.1026821999985259,2.7455530000006547,
segment,P2_NoRedundancy,,ablation,clean,0.0,15,0.05,115,0.6341991341991342,0.6130603255019376,0.5213177141262643,-0.05445767832664886,1.0,0.06800967331511215,0.26614815131207353,0.8260869565217391,0.2992747000007512,0.16119109999999637,0.7477011000009952,
segment,P2_NoRedundancy,,ablation,clean,0.0,15,0.1,231,0.6333333333333333,0.6055332256861308,0.5156978204700943,-0.04561274055291704,1.0,0.06810241033488994,0.32664734487524655,0.6724137931034483,0.24990010000146867,0.2341747000009491,1.4608891000007134,
segment,P2_NoRedundancy,,ablation,clean,0.0,15,0.15,346,0.8346320346320346,0.7354864186502305,0.6907157899176551,-0.04943079330806526,1.0,0.06830044936795202,0.27746096765972866,0.7478260869565218,0.24683639999966545,0.20344140000088373,2.0567002999996475,
segment,P2_NoRedundancy,,ablation,clean,0.0,15,0.2,462,0.854978354978355,0.7561439203613248,0.7194175808447295,-0.05744343828452619,1.0,0.07270705260042246,0.2642414973430769,0.7586206896551724,0.1768512999988161,0.14350500000000466,2.5490960999995878,
segment,P2_NoRedundancy,,ablation,clean,0.0,15,0.3,693,0.8861471861471861,0.7967500545815942,0.77141842203953,-0.04728727403136763,1.0,0.07415550252092507,0.31062233720219046,0.696969696969697,0.22079560000020138,0.19216249999954016,3.090847400000712,
segment,P2_NoRedundancy,,ablation,clean,0.0,16,0.05,115,0.6268398268398269,0.5842459907765365,0.4822252664189036,-0.05190704985041187,1.0,0.07202594095685154,0.243165806424342,0.8695652173913043,0.25817210000059276,0.19871210000019346,0.655809700001555,
segment,P2_NoRedundancy,,ablation,clean,0.0,16,0.1,231,0.7389610389610389,0.6466069980787704,0.5767345042350293,-0.052651446261799434,1.0,0.07312021828098283,0.29584033824935263,0.7327586206896551,0.27549550000003364,0.19217010000102164,1.3206220000010944,
segment,P2_NoRedundancy,,ablation,clean,0.0,16,0.15,346,0.8307359307359308,0.7338983161446099,0.6868411573092339,-0.05287383989860193,1.0,0.06887998710805841,0.27099184684241795,0.7043478260869566,0.23192139999991923,0.2082278000016231,1.8888081000004604,
segment,P2_NoRedundancy,,ablation,clean,0.0,16,0.2,462,0.8515151515151516,0.7552444720880559,0.715181770524388,-0.05373482240808462,1.0,0.07272476949443984,0.2746921321031835,0.7241379310344828,0.16852140000082727,0.12001039999995555,2.2828346000005695,
segment,P2_NoRedundancy,,ablation,clean,0.0,16,0.3,693,0.8813852813852814,0.794120493549584,0.763930980531257,-0.049895967694673415,1.0,0.07433269272537057,0.3072694357381669,0.6926406926406926,0.22472620000007737,0.10367129999940516,3.0175378000003548,
segment,P2_NoRedundancy,,ablation,clean,0.0,17,0.05,115,0.6051948051948052,0.5656949957411659,0.44643897236981095,-0.05494573081323109,1.0,0.07000031519075728,0.26121026472967446,0.8115942028985508,0.32916690000092785,0.38536070000009204,0.9930527999986225,
segment,P2_NoRedundancy,,ablation,clean,0.0,17,0.1,231,0.7995670995670996,0.6890760142502763,0.6342518568920736,-0.0500231741747419,1.0,0.06765633798062562,0.31220563977177596,0.6982758620689655,0.23859030000130588,0.26486750000003667,1.656087999999727,
segment,P2_NoRedundancy,,ablation,clean,0.0,17,0.15,346,0.8324675324675325,0.73295837339855,0.6883394419602348,-0.055761804031007896,1.0,0.07068859945749267,0.26853484017669665,0.7130434782608696,0.2373474999985774,0.17055790000085835,2.228387600000133,
segment,P2_NoRedundancy,,ablation,clean,0.0,17,0.2,462,0.8528138528138528,0.7555176441403659,0.7173067213220387,-0.053964465423965616,1.0,0.07266183985877549,0.27554593634798147,0.7241379310344828,0.1881071999996493,0.1441277000012633,2.687022699999943,
segment,P2_NoRedundancy,,ablation,clean,0.0,17,0.3,693,0.8696969696969697,0.7830183429135397,0.7446769095313027,-0.0487958807119077,1.0,0.07418322788730418,0.310903773569791,0.6883116883116883,0.20052260000011302,0.10164520000034827,3.2171424999996816,
segment,P2_NoRedundancy,,ablation,clean,0.0,18,0.05,115,0.6943722943722944,0.6076905523872955,0.5266355002406804,-0.04755746110455399,1.0,0.06908856518835524,0.2731027274624043,0.7971014492753623,0.27758559999892896,0.2514470000005531,0.7570102999998198,
segment,P2_NoRedundancy,,ablation,clean,0.0,18,0.1,231,0.7935064935064935,0.6835384075065086,0.6266831934523013,-0.047674074960344426,1.0,0.06730152902821201,0.3347412492660522,0.6724137931034483,0.41895280000062485,0.24042050000025483,1.6056287999999768,
segment,P2_NoRedundancy,,ablation,clean,0.0,18,0.15,346,0.8298701298701299,0.7288724049372716,0.6840285016406349,-0.05348286619109515,1.0,0.07078503773955258,0.2680193369081052,0.7130434782608696,0.3118608000004315,0.24153519999890705,2.3097226999998384,
segment,P2_NoRedundancy,,ablation,clean,0.0,18,0.2,462,0.8471861471861472,0.7494094052687812,0.7086862055733364,-0.04981542517771238,1.0,0.07277701699791214,0.27861847617360586,0.7241379310344828,0.1891310999999405,0.18482589999985066,2.854711699999825,
segment,P2_NoRedundancy,,ablation,clean,0.0,18,0.3,693,0.8878787878787879,0.7994948098106185,0.7739380605592723,-0.05035154772264419,1.0,0.07441857613331518,0.30567908145446154,0.683982683982684,0.2406652000008762,0.1197716999995464,3.4284291999993,
segment,P2_NoRedundancy,,ablation,clean,0.0,19,0.05,115,0.6333333333333333,0.5960435034884493,0.4770323062469164,-0.05871957044124372,1.0,0.06848287153952397,0.27015351287590583,0.8115942028985508,0.26869259999875794,0.32875760000024457,0.8059296999999788,
segment,P2_NoRedundancy,,ablation,clean,0.0,19,0.1,231,0.7961038961038961,0.6852563327820065,0.6282310695003609,-0.04801349847846241,1.0,0.07170078202073123,0.29838143947480633,0.7155172413793104,0.2984528000015416,0.22548099999949045,1.5367406999994273,
segment,P2_NoRedundancy,,ablation,clean,0.0,19,0.15,346,0.8324675324675325,0.7330375193075152,0.6879848339729623,-0.052384410483776025,1.0,0.07069582839163387,0.2550867984048009,0.7565217391304347,0.28806769999937387,0.14981520000037563,2.163909999999305,
segment,P2_NoRedundancy,,ablation,clean,0.0,19,0.2,462,0.8502164502164502,0.751766768283089,0.7124670430470328,-0.04923461626583319,1.0,0.07262591014896524,0.2822799711357156,0.6982758620689655,0.4723682000003464,0.22969019999982265,3.005207899999732,
segment,P2_NoRedundancy,,ablation,clean,0.0,19,0.3,693,0.8848484848484849,0.7969881290749521,0.7693188120209659,-0.04795982397921504,1.0,0.074276609886946,0.310117738277341,0.6926406926406926,0.23854559999927005,0.1480187000015576,3.6404066999984934,
segment,P2_NoRedundancy,,ablation,clean,0.0,20,0.05,115,0.616017316017316,0.5648861692718122,0.4532311285221026,-0.051603343828501576,1.0,0.06986880669016261,0.26861251164659505,0.7971014492753623,0.30367690000093717,0.2649930999996286,0.7023021000004519,
segment,P2_NoRedundancy,,ablation,clean,0.0,20,0.1,231,0.793073593073593,0.6821265368493499,0.6244300526651143,-0.04515604449979984,1.0,0.07023416033789605,0.3042671960092214,0.6982758620689655,0.3351524000008794,0.12670869999965362,1.3243861000009929,
segment,P2_NoRedundancy,,ablation,clean,0.0,20,0.15,346,0.8316017316017316,0.7324830406756524,0.6871816656724671,-0.051024312785496906,1.0,0.07079396348148502,0.2757938238348392,0.7217391304347827,0.27943429999868385,0.1533025999997335,1.9716481000014028,
segment,P2_NoRedundancy,,ablation,clean,0.0,20,0.2,462,0.8467532467532467,0.7472136555494698,0.7074620755560181,-0.053276772220762006,1.0,0.07282798776864155,0.2753859750014147,0.7241379310344828,0.29930050000075425,0.2617809000003035,2.731210900001315,
segment,P2_NoRedundancy,,ablation,clean,0.0,20,0.3,693,0.8844155844155844,0.7959911982317832,0.7685441243078042,-0.04965519789053056,1.0,0.07440205485341261,0.30275144517885866,0.7056277056277056,0.25026339999931224,0.1792829999994865,3.434229600001345,
segment,P2_NoRedundancy,,ablation,clean,0.0,21,0.05,115,0.6177489177489177,0.5988703945856679,0.4734630242337624,-0.05205744513492407,1.0,0.07095766741472803,0.2545341101831041,0.8405797101449275,0.2536034999993717,0.2723379999988538,0.7782817999996041,
segment,P2_NoRedundancy,,ablation,clean,0.0,21,0.1,231,0.8012987012987013,0.6935825584504032,0.638862430407329,-0.05180764650806766,1.0,0.06869627761571714,0.3052771658837944,0.6724137931034483,0.2338579999996,0.27301170000100683,1.459246099999291,
segment,P2_NoRedundancy,,ablation,clean,0.0,21,0.15,346,0.8307359307359308,0.7323894452004285,0.6858214264625029,-0.04878234364625639,1.0,0.07110615342870986,0.2631475275866835,0.7304347826086957,0.3021742999990238,0.16691530000025523,2.111648399999467,
segment,P2_NoRedundancy,,ablation,clean,0.0,21,0.2,462,0.848917748917749,0.751870716884276,0.7107394716858962,-0.05225199363744132,1.0,0.0730540154300656,0.27345198451354924,0.7155172413793104,0.22437770000033197,0.14835880000100587,2.635292599999957,
segment,P2_NoRedundancy,,ablation,clean,0.0,21,0.3,693,0.8822510822510823,0.7944602209257536,0.7648632215810759,-0.04821213658362923,1.0,0.07460761480519892,0.305740113821144,0.696969696969697,0.2063269999998738,0.09801539999898523,3.179647400000249,
segment,P2_NoRedundancy,,ablation,clean,0.0,22,0.05,115,0.7558441558441559,0.6302574347066695,0.56265143081916,-0.05274928311384134,1.0,0.07023734081592106,0.27296796155810277,0.7971014492753623,0.32304649999969115,0.3027055999991717,1.1258095999983198,
segment,P2_NoRedundancy,,ablation,clean,0.0,22,0.1,231,0.8038961038961039,0.6940111955336222,0.6405069513823957,-0.04686975346222632,1.0,0.06670453471757701,0.32149389332699835,0.7068965517241379,0.2780194000006304,0.4456880000016099,2.011251699999775,
segment,P2_NoRedundancy,,ablation,clean,0.0,22,0.15,346,0.8329004329004329,0.7332776400360357,0.6879702525207485,-0.05766799481757917,1.0,0.07059921867002256,0.26986398295892855,0.7391304347826086,0.2576088999994681,0.17484030000014172,2.6301319999984116,
segment,P2_NoRedundancy,,ablation,clean,0.0,22,0.2,462,0.8497835497835498,0.7506009493586934,0.7108763691063754,-0.05626524939313682,1.0,0.07263480754959067,0.2726417586718313,0.7241379310344828,0.21143579999989015,0.2067758999983198,3.183172899998681,
segment,P2_NoRedundancy,,ablation,clean,0.0,22,0.3,693,0.8666666666666667,0.7807413271343469,0.7397401121837576,-0.04687401243447591,1.0,0.07417500729308102,0.31337439841163905,0.683982683982684,0.2504969000001438,0.13108490000013262,3.784831099999792,
segment,P2_NoRedundancy,,ablation,clean,0.0,23,0.05,115,0.6077922077922078,0.5687882116952487,0.4600369451627729,-0.05920752788475551,1.0,0.07518402014612133,0.22468567829284458,0.8405797101449275,0.3127695999992284,0.09539939999922353,0.5483684999999241,
segment,P2_NoRedundancy,,ablation,clean,0.0,23,0.1,231,0.7134199134199134,0.6429311227479789,0.5687094788557002,-0.049484894023427414,1.0,0.07068366985917646,0.2887383102208526,0.7844827586206896,0.24244530000032682,0.15932629999952042,1.0659106999992218,
segment,P2_NoRedundancy,,ablation,clean,0.0,23,0.15,346,0.835930735930736,0.7377987989211512,0.6932187634915606,-0.050819750181475554,1.0,0.07060725281513058,0.2884046236856368,0.7130434782608696,0.25358460000097693,0.13943300000028103,1.6944585999990522,
segment,P2_NoRedundancy,,ablation,clean,0.0,23,0.2,462,0.7917748917748918,0.7115405596634602,0.6471274275761121,-0.05579774746754581,1.0,0.07256038814104468,0.255730845479392,0.7672413793103449,0.2699393000002601,0.24728259999938018,2.412610699999277,
segment,P2_NoRedundancy,,ablation,clean,0.0,23,0.3,693,0.8329004329004329,0.7563729060346484,0.6976530367800499,-0.04484804446877099,1.0,0.07342279117299541,0.3208024124436656,0.6883116883116883,0.25716300000021874,0.23751329999868176,3.0449037999987922,
segment,P2_NoRedundancy,,ablation,clean,0.0,24,0.05,115,0.6203463203463203,0.5501847311617094,0.4672993492186451,-0.05736450243364305,1.0,0.0720939922119505,0.2400862816128427,0.8405797101449275,0.29740900000069814,0.13220969999929366,0.5853411000007327,
segment,P2_NoRedundancy,,ablation,clean,0.0,24,0.1,231,0.7692640692640693,0.6355289257369732,0.572075935194475,-0.05080702582600004,1.0,0.07101627340969968,0.28136039774866045,0.7844827586206896,0.24305239999921469,0.13473499999963678,1.110892700000477,
segment,P2_NoRedundancy,,ablation,clean,0.0,24,0.15,346,0.832034632034632,0.7327463665100558,0.686884985378736,-0.05269118115586807,1.0,0.06853632864888667,0.27667260844123315,0.7304347826086957,0.23795910000080767,0.13408069999968575,1.598806500000137,
segment,P2_NoRedundancy,,ablation,clean,0.0,24,0.2,462,0.8510822510822511,0.7536496084890935,0.7138299753204042,-0.053216679756412574,1.0,0.07280997879516735,0.2745648410239651,0.7327586206896551,0.18046830000093905,0.16900110000096902,2.0515212999998766,
segment,P2_NoRedundancy,,ablation,clean,0.0,24,0.3,693,0.8861471861471861,0.7984426273823958,0.7710134719964439,-0.05115511780918216,1.0,0.07446844936730515,0.30612728489031515,0.6926406926406926,0.19464940000034403,0.09743340000022727,2.532852300000741,
segment,P2_NoRedundancy,,ablation,clean,0.0,25,0.05,115,0.6865800865800866,0.6383883029875701,0.5283188706703712,-0.05397120916666119,1.0,0.07255208190875732,0.22585955448567657,0.8985507246376812,0.24051799999870127,0.2096203000000969,0.7374177999990934,
segment,P2_NoRedundancy,,ablation,clean,0.0,25,0.1,231,0.787012987012987,0.6754387571171936,0.6150718708040452,-0.04592437206234119,1.0,0.06867416986932255,0.3171505882627123,0.6379310344827587,0.23575680000067223,0.23627740000119957,1.3241166999996494,
segment,P2_NoRedundancy,,ablation,clean,0.0,25,0.15,346,0.8242424242424242,0.7215691564195118,0.6742287438398124,-0.05376448879971757,1.0,0.07088871792584889,0.2584237511390193,0.7391304347826086,0.23036230000070645,0.15078270000049088,1.810497899999973,
segment,P2_NoRedundancy,,ablation,clean,0.0,25,0.2,462,0.8484848484848485,0.7488619554892506,0.7100681959079577,-0.05051312405511872,1.0,0.07272722844911468,0.28183000961895105,0.7327586206896551,0.21733990000029735,0.1399474999998347,2.2719003000001976,
segment,P2_NoRedundancy,,ablation,clean,0.0,25,0.3,693,0.8800865800865801,0.7914023270551147,0.7608671221134555,-0.0469813229078473,1.0,0.07436019540048597,0.30361245985636176,0.7056277056277056,0.22674910000023374,0.11944860000039625,2.8304162999993423,
segment,P2_NoRedundancy,,ablation,clean,0.0,26,0.05,115,0.6367965367965368,0.5815730341978456,0.4827601879959872,-0.06311614348911894,1.0,0.07264540197220418,0.23385920496047435,0.8405797101449275,0.2675249000003532,0.23839009999937844,0.7198112000005494,
segment,P2_NoRedundancy,,ablation,clean,0.0,26,0.1,231,0.793073593073593,0.6825895483642948,0.6240923229967877,-0.04805595567726763,1.0,0.0719967315448214,0.3033646191908627,0.6724137931034483,0.2329691000013554,0.23124540000026172,1.3077236999997695,
segment,P2_NoRedundancy,,ablation,clean,0.0,26,0.15,346,0.8311688311688312,0.7310132591110625,0.6855366814820809,-0.05773519459099115,1.0,0.07076799949578792,0.25579781802224033,0.7391304347826086,0.2650309999989986,0.14065819999996165,1.8373191999999108,
segment,P2_NoRedundancy,,ablation,clean,0.0,26,0.2,462,0.8515151515151516,0.7537447902133236,0.7153908388481578,-0.048472498015506085,1.0,0.0727038905862353,0.28137055226483587,0.7241379310344828,0.23912970000128553,0.10317359999862674,2.3072537000007287,
segment,P2_NoRedundancy,,ablation,clean,0.0,26,0.3,693,0.8805194805194805,0.7928777620967385,0.7613813623530246,-0.04733571276717499,1.0,0.07418078826138295,0.305127789949878,0.7012987012987013,0.21565200000077311,0.0999353000006522,2.820911000000706,
segment,P2_NoRedundancy,,ablation,clean,0.0,27,0.05,115,0.6142857142857143,0.5878807456615358,0.46172922574424985,-0.04615272883955918,1.0,0.07227827743958205,0.2665736519526678,0.7681159420289855,0.25249259999873175,0.10324079999918467,0.5408998999992036,
segment,P2_NoRedundancy,,ablation,clean,0.0,27,0.1,231,0.7346320346320346,0.645382690094529,0.5701459970614625,-0.04906671417911225,1.0,0.07147093998065107,0.30052079903480977,0.7241379310344828,0.27314619999924616,0.15869519999978365,1.1469748999988951,
segment,P2_NoRedundancy,,ablation,clean,0.0,27,0.15,346,0.8324675324675325,0.7334934885191731,0.6882839159139903,-0.05027197937267397,1.0,0.0691603566712848,0.25343684373520964,0.7565217391304347,0.2376697999989119,0.1819960999982868,1.7386491999986902,
segment,P2_NoRedundancy,,ablation,clean,0.0,27,0.2,462,0.8536796536796537,0.7577842445715228,0.7190364899137941,-0.05117345673035347,1.0,0.0725226640837591,0.27959992275128426,0.7155172413793104,0.20939290000023902,0.1547764000006282,2.2727539999996225,
segment,P2_NoRedundancy,,ablation,clean,0.0,27,0.3,693,0.8683982683982684,0.7830589991013721,0.7419704422398271,-0.0456728866070903,1.0,0.0737685934234361,0.3079408893133623,0.7012987012987013,0.20724040000095556,0.15777069999967352,2.8041276000003563,
segment,P2_NoRedundancy,,ablation,clean,0.0,28,0.05,115,0.6064935064935065,0.5422552639256328,0.4325356615881648,-0.057254893886598705,1.0,0.0746335015489693,0.2194927646145718,0.855072463768116,0.2654318000004423,0.11239539999951376,0.5616685999993933,
segment,P2_NoRedundancy,,ablation,clean,0.0,28,0.1,231,0.793939393939394,0.6815337974949012,0.624664071305128,-0.04874549222998255,1.0,0.0682990208379345,0.31475249999216826,0.6724137931034483,0.24610699999902863,0.1777832000007038,1.1415954000003694,
segment,P2_NoRedundancy,,ablation,clean,0.0,28,0.15,346,0.8316017316017316,0.7301706717728548,0.6848363500910308,-0.054234749976365515,1.0,0.07056068688693413,0.2579673538309278,0.7565217391304347,0.25187259999984235,0.15170869999928982,1.6633287999993627,
segment,P2_NoRedundancy,,ablation,clean,0.0,28,0.2,462,0.8532467532467533,0.7534930752135351,0.7169652084181108,-0.05193609529431756,1.0,0.07242812010668376,0.28180627378684436,0.7327586206896551,0.19336570000086795,0.1176789999990433,2.1265017999994598,
segment,P2_NoRedundancy,,ablation,clean,0.0,28,0.3,693,0.8826839826839827,0.7956788413327874,0.7654771421267689,-0.04902854267182876,1.0,0.07401374460043515,0.31221566157692227,0.6926406926406926,0.19414280000091821,0.1452043000008416,2.6969404999999824,
segment,P2_NoRedundancy,,ablation,clean,0.0,29,0.05,115,0.5320346320346321,0.5555145553000818,0.421899975715002,-0.053946814389772266,1.0,0.07176878378781903,0.25751877452936434,0.855072463768116,0.27618790000087756,0.1387739000001602,0.5206823000007716,
segment,P2_NoRedundancy,,ablation,clean,0.0,29,0.1,231,0.7952380952380952,0.6841936885808817,0.6271709175746564,-0.05163200908525481,1.0,0.07396682540556739,0.27628597968089585,0.8103448275862069,0.26116800000090734,0.08716410000124597,1.012710099999822,
segment,P2_NoRedundancy,,ablation,clean,0.0,29,0.15,346,0.8298701298701299,0.731251307025221,0.6836108289095321,-0.05022866323298977,1.0,0.07083098444388762,0.2649711057619978,0.7217391304347827,0.23255280000012135,0.13755719999971916,1.5110062999992806,
segment,P2_NoRedundancy,,ablation,clean,0.0,29,0.2,462,0.8497835497835498,0.7519961127733189,0.7128229328621211,-0.0514981913648839,1.0,0.07285635014257112,0.27045219978621804,0.7413793103448276,0.2346317999999883,0.14254110000001674,2.0494101000003866,
segment,P2_NoRedundancy,,ablation,clean,0.0,29,0.3,693,0.8805194805194805,0.7924296119689443,0.7622144434095883,-0.05260663422894104,1.0,0.07417016381576418,0.30617653836592656,0.696969696969697,0.24832779999997,0.19180359999882057,2.6919622000004892,
segment,P2_NoRedundancy,,ablation,clean,0.2,0,0.05,115,0.5874458874458874,0.5306900257116917,0.43299529287381655,-0.052170109536105756,1.0,0.07129965645775782,0.26479177717823454,0.8115942028985508,0.2827878999996756,0.26737669999965874,0.9150408999994397,
segment,P2_NoRedundancy,,ablation,clean,0.2,0,0.1,231,0.5748917748917749,0.5615823208854193,0.4562983879165611,-0.05261360001283378,1.0,0.06975346363439129,0.30743779148736167,0.75,0.34009770000011486,0.3823707999999897,2.0891417999991972,
segment,P2_NoRedundancy,,ablation,clean,0.2,0,0.15,346,0.8064935064935065,0.6626117474655471,0.6341662685710477,-0.04657403841232474,1.0,0.06734136591390064,0.3118703581189116,0.6869565217391305,0.23108750000028522,0.3689139999987674,3.079757299999983,
segment,P2_NoRedundancy,,ablation,clean,0.2,0,0.2,462,0.7623376623376623,0.6228659526964744,0.5840338472069916,-0.05476802000842634,1.0,0.07047553767073327,0.2939638555472461,0.7241379310344828,0.23571169999922859,0.3063615999999456,3.7765225999992253,
segment,P2_NoRedundancy,,ablation,clean,0.2,0,0.3,693,0.7727272727272727,0.6125704742480808,0.5844018394744606,-0.04581176745426402,1.0,0.07001632641542506,0.3367361903579837,0.6753246753246753,0.19850229999974545,0.17185480000080133,4.258727099999305,
segment,P2_NoRedundancy,,ablation,clean,0.2,1,0.05,115,0.6948051948051948,0.5902737187681676,0.49985700326099525,-0.056881306775864934,1.0,0.0726943501660228,0.2269570893608364,0.8840579710144928,0.27810909999971045,0.27302940000117815,0.743933300000208,
segment,P2_NoRedundancy,,ablation,clean,0.2,1,0.1,231,0.6632034632034632,0.5988569599856919,0.5275359570329843,-0.048141582096246395,1.0,0.06840915631863081,0.32806762127721933,0.6810344827586207,0.25019179999981134,0.22465329999977257,1.4582444000006944,
segment,P2_NoRedundancy,,ablation,clean,0.2,1,0.15,346,0.7480519480519481,0.6117232283226947,0.5607321262886132,-0.05675423305626646,1.0,0.06871216926885448,0.2709309788155273,0.7217391304347827,0.24207829999977548,0.16953420000027108,2.0076216000015847,
segment,P2_NoRedundancy,,ablation,clean,0.2,1,0.2,462,0.7753246753246753,0.6261271983164528,0.5886578189611149,-0.049337732421846144,1.0,0.07151006714344721,0.30118783690502937,0.6982758620689655,0.2409029999998893,0.14495279999937338,2.547992700001487,
segment,P2_NoRedundancy,,ablation,clean,0.2,1,0.3,693,0.7991341991341991,0.6309842731971501,0.6141563581412408,-0.04951234776112019,1.0,0.07274358166113788,0.3165995962099232,0.6753246753246753,0.21917799999937415,0.12254209999991872,3.022403900000427,
segment,P2_NoRedundancy,,ablation,clean,0.2,2,0.05,115,0.6502164502164502,0.5958497547633411,0.4875950045393036,-0.06041882906617683,1.0,0.07244914577726479,0.22415860473064725,0.9130434782608695,0.28348449999975855,0.2982793999999558,0.8361252000013337,
segment,P2_NoRedundancy,,ablation,clean,0.2,2,0.1,231,0.6887445887445888,0.6128556491089583,0.5466536427860994,-0.05009874277986769,1.0,0.07185885252570523,0.30689014014836835,0.7413793103448276,0.27884889999950246,0.21715089999997872,1.5670095000004949,
segment,P2_NoRedundancy,,ablation,clean,0.2,2,0.15,346,0.7619047619047619,0.6167130000528362,0.571242012718564,-0.05491150476889589,1.0,0.06857029191027778,0.284959272817911,0.7565217391304347,0.24043089999941003,0.2012334999999439,2.16759600000114,
segment,P2_NoRedundancy,,ablation,clean,0.2,2,0.2,462,0.783982683982684,0.6278777392444248,0.5963401022703506,-0.050183178566610726,1.0,0.07141171994828575,0.28961060648035586,0.7241379310344828,0.20256030000018654,0.11903720000009343,2.6242779000003793,
segment,P2_NoRedundancy,,ablation,clean,0.2,2,0.3,693,0.8134199134199134,0.642079408720214,0.6323277150441248,-0.04794323115833235,1.0,0.07230025903589375,0.3184711187290613,0.6926406926406926,0.2371108000006643,0.13692360000095505,3.256639400000495,
segment,P2_NoRedundancy,,ablation,clean,0.2,3,0.05,115,0.712987012987013,0.5970887431177822,0.5197243183480832,-0.05148208974302937,1.0,0.07237070967171373,0.2303089392446825,0.855072463768116,0.25695209999867075,0.1935918999988644,0.6979167000008601,
segment,P2_NoRedundancy,,ablation,clean,0.2,3,0.1,231,0.7627705627705628,0.6348863402760824,0.5804216934548927,-0.045088783618482384,1.0,0.06775817439409067,0.32902970434546125,0.6379310344827587,0.2834612000006018,0.26068709999890416,1.3855280999996467,
segment,P2_NoRedundancy,,ablation,clean,0.2,3,0.15,346,0.7883116883116883,0.64932445856618,0.614941349122741,-0.05226586173392642,1.0,0.07034651384389738,0.2697256223693054,0.7391304347826086,0.26738880000084464,0.14258030000019062,1.9069041000002471,
segment,P2_NoRedundancy,,ablation,clean,0.2,3,0.2,462,0.7987012987012987,0.6473791582399666,0.6244760956315142,-0.05367604297708223,1.0,0.07184924690691305,0.289552315046501,0.7155172413793104,0.1922567000001436,0.09844519999933254,2.29100599999947,
segment,P2_NoRedundancy,,ablation,clean,0.2,3,0.3,693,0.7926406926406926,0.628880964633556,0.6084710512487018,-0.04394272662843801,1.0,0.07315602914900698,0.31878736737135743,0.6796536796536796,0.19711129999996047,0.08283050000136427,2.727878100000453,
segment,P2_NoRedundancy,,ablation,clean,0.2,4,0.05,115,0.6168831168831169,0.5542262517828339,0.4456016990187365,-0.05791319565482953,1.0,0.07514416581173848,0.22675437371627868,0.8405797101449275,0.26970560000154364,0.1322998000014195,0.6190815000009025,
segment,P2_NoRedundancy,,ablation,clean,0.2,4,0.1,231,0.7935064935064935,0.6626198952028216,0.6212443537983043,-0.04743956515905414,1.0,0.07093873228317688,0.30385000058884754,0.7241379310344828,0.24891949999982899,0.1593403999995644,1.266569100000197,
segment,P2_NoRedundancy,,ablation,clean,0.2,4,0.15,346,0.8095238095238095,0.6692297542769977,0.6395621007178356,-0.05298920054625034,1.0,0.06948380585237099,0.2696822250218008,0.7391304347826086,0.21879809999882127,0.27124819999880856,1.916392299999643,
segment,P2_NoRedundancy,,ablation,clean,0.2,4,0.2,462,0.741991341991342,0.6120392184133682,0.5677237838944794,-0.04953133614937935,1.0,0.06994525207060338,0.2845394474269475,0.7413793103448276,0.22450480000043171,0.17307890000120096,2.5100032999998803,
segment,P2_NoRedundancy,,ablation,clean,0.2,4,0.3,693,0.7614718614718615,0.6038008802351088,0.5714204282848936,-0.04606826316181336,1.0,0.07004513232817298,0.3341555383136738,0.696969696969697,0.25526669999999285,0.18841749999955937,3.152128300000186,
segment,P2_NoRedundancy,,ablation,clean,0.2,5,0.05,115,0.6285714285714286,0.569325364972428,0.4778159845412034,-0.04667579052138725,1.0,0.07027845960226269,0.271037421647534,0.7681159420289855,0.2943672000001243,0.2831817000005685,0.942076299999826,
segment,P2_NoRedundancy,,ablation,clean,0.2,5,0.1,231,0.6523809523809524,0.5976039430523146,0.4997766190992621,-0.046448640381280784,1.0,0.06895174758152081,0.31486294691293143,0.7068965517241379,0.2822484999996959,0.336481599999388,1.7919681999992463,
segment,P2_NoRedundancy,,ablation,clean,0.2,5,0.15,346,0.7909090909090909,0.6482567192292213,0.613830966091969,-0.05170423139912832,1.0,0.06883437638690261,0.2861179663201304,0.7304347826086957,0.274436900001092,0.2263156999997591,2.538576599999942,
segment,P2_NoRedundancy,,ablation,clean,0.2,5,0.2,462,0.7562770562770563,0.619928258231355,0.5705782478577804,-0.05485223163938641,1.0,0.07123570973518357,0.2750512434711711,0.7155172413793104,0.20461519999844313,0.19701789999999164,3.1861392999999225,
segment,P2_NoRedundancy,,ablation,clean,0.2,5,0.3,693,0.7831168831168831,0.6221150470138335,0.5923162466423545,-0.04595429762799867,1.0,0.07148963164792937,0.3236875615019475,0.6753246753246753,0.20623559999876306,0.19783769999958167,3.7345291000001453,
segment,P2_NoRedundancy,,ablation,clean,0.2,6,0.05,115,0.6982683982683983,0.5872622279917825,0.4999206595112771,-0.048773966147351924,1.0,0.06871572877470739,0.2679452238521495,0.7971014492753623,0.2727229999982228,0.26140570000097796,0.8207698999995046,
segment,P2_NoRedundancy,,ablation,clean,0.2,6,0.1,231,0.7090909090909091,0.5992677759085727,0.5144751238257154,-0.04448790100066896,1.0,0.06881416809198318,0.3163707679258205,0.7241379310344828,0.25652700000136974,0.27854780000052415,1.501787900000636,
segment,P2_NoRedundancy,,ablation,clean,0.2,6,0.15,346,0.79004329004329,0.6492226569383744,0.6116503632025648,-0.04869707861408404,1.0,0.0698519818083382,0.27406090007496264,0.7652173913043478,0.289381600001434,0.11712339999940014,2.05879620000087,
segment,P2_NoRedundancy,,ablation,clean,0.2,6,0.2,462,0.8025974025974026,0.6507472855592025,0.6242742648736286,-0.0460435522459559,1.0,0.0706011617529961,0.2921716573348208,0.7241379310344828,0.21250059999874793,0.13077239999984158,2.6185898000003363,
segment,P2_NoRedundancy,,ablation,clean,0.2,6,0.3,693,0.7683982683982684,0.6094913377163578,0.5786587609553849,-0.04482019427172953,1.0,0.07145292308379464,0.32920880445634604,0.6796536796536796,0.21766779999961727,0.14229950000117242,3.0788494999997056,
segment,P2_NoRedundancy,,ablation,clean,0.2,7,0.05,115,0.6116883116883117,0.5476455372487526,0.44639917968307236,-0.054704298946474404,1.0,0.07535354929397191,0.23316496212992507,0.855072463768116,0.27205660000072385,0.06060600000091654,0.5325076999997691,
segment,P2_NoRedundancy,,ablation,clean,0.2,7,0.1,231,0.7393939393939394,0.5937336834997363,0.5460358368685074,-0.05174121462131015,1.0,0.07015841494698084,0.3106709026121201,0.7068965517241379,0.28944270000101824,0.19942529999934777,1.3042409000008774,
segment,P2_NoRedundancy,,ablation,clean,0.2,7,0.15,346,0.7961038961038961,0.6582029214286595,0.6269305474558182,-0.05067385851878803,1.0,0.06792795861156296,0.27231957562093917,0.7652173913043478,0.2503230000002077,0.25810049999927287,2.0429048000005423,
segment,P2_NoRedundancy,,ablation,clean,0.2,7,0.2,462,0.7978354978354978,0.6466695355249977,0.6214969549996314,-0.05042200683942202,1.0,0.07145767355602756,0.2965298966539585,0.6637931034482759,0.1723125999997137,0.1757512999993196,2.5554938000004768,
segment,P2_NoRedundancy,,ablation,clean,0.2,7,0.3,693,0.8077922077922078,0.6412383353484288,0.6293545747031367,-0.048023285793756885,1.0,0.0721819833379742,0.32195124389705093,0.670995670995671,0.21827620000112802,0.14305489999969723,3.1283132000007754,
segment,P2_NoRedundancy,,ablation,clean,0.2,8,0.05,115,0.567965367965368,0.508446802085149,0.38883561474247924,-0.048159636604571655,1.0,0.0695087228292369,0.2781907454071241,0.7971014492753623,0.26466199999958917,0.17905699999937497,0.7375646000000415,
segment,P2_NoRedundancy,,ablation,clean,0.2,8,0.1,231,0.7073593073593074,0.611054021273423,0.5473774616357222,-0.04818216401626075,1.0,0.06810663512196109,0.3180911401842839,0.6724137931034483,0.25411799999892537,0.27314300000034564,1.6050286000008782,
segment,P2_NoRedundancy,,ablation,clean,0.2,8,0.15,346,0.7974025974025974,0.6507317057275438,0.6233335247378378,-0.050211014177684664,1.0,0.06556921924669103,0.32736606352952147,0.6434782608695652,0.2246026000011625,0.30404880000060075,2.269246899999416,
segment,P2_NoRedundancy,,ablation,clean,0.2,8,0.2,462,0.7982683982683982,0.6424397336672989,0.6210719142857273,-0.05346933818383785,1.0,0.07079900631631796,0.2858514851766282,0.6982758620689655,0.17295700000067882,0.13687770000069577,2.7294621000000916,
segment,P2_NoRedundancy,,ablation,clean,0.2,8,0.3,693,0.7965367965367965,0.6360992161832789,0.6135485469420437,-0.044726433750258886,1.0,0.07214321821342398,0.32602361925195533,0.658008658008658,0.18768439999985276,0.1228264000001218,3.345664800001032,
segment,P2_NoRedundancy,,ablation,clean,0.2,9,0.05,115,0.69004329004329,0.590873272657749,0.492698957656585,-0.06280086704062898,1.0,0.07373809514545863,0.22978067369504204,0.855072463768116,0.30903829999988375,0.11758740000004764,0.7364727000003768,
segment,P2_NoRedundancy,,ablation,clean,0.2,9,0.1,231,0.7480519480519481,0.6117901108941691,0.5564693901792835,-0.04356518495001128,1.0,0.06864531560783947,0.3255828431691606,0.7068965517241379,0.27377589999923657,0.31262489999971876,1.479740500000844,
segment,P2_NoRedundancy,,ablation,clean,0.2,9,0.15,346,0.7883116883116883,0.6445268690860314,0.6109886231310566,-0.051547704201750276,1.0,0.07013588056404865,0.2791708553170536,0.7217391304347827,0.25320800000008603,0.16367880000143487,2.028921099999934,
segment,P2_NoRedundancy,,ablation,clean,0.2,9,0.2,462,0.8034632034632034,0.6502979709841682,0.6271118657041861,-0.05417246779221221,1.0,0.07149968381149018,0.28456851468130273,0.6982758620689655,0.19113159999869822,0.15352189999975963,2.5337682999997924,
segment,P2_NoRedundancy,,ablation,clean,0.2,9,0.3,693,0.80995670995671,0.6436639468181059,0.6291994407204362,-0.047207996621698424,1.0,0.0726540057662652,0.3192568054806956,0.683982683982684,0.21495750000030966,0.13811730000088573,3.0832246000009036,
segment,P2_NoRedundancy,,ablation,clean,0.2,10,0.05,115,0.625974025974026,0.5641093546786198,0.4579570318255461,-0.052909489525019254,1.0,0.07267116489296231,0.23244193118665593,0.8840579710144928,0.2655594999996538,0.22373890000017127,0.6331847999990714,
segment,P2_NoRedundancy,,ablation,clean,0.2,10,0.1,231,0.7151515151515152,0.5900085177788056,0.5158688550476186,-0.04797716581486316,1.0,0.07075997746311925,0.3050514656555551,0.7241379310344828,0.28249349999896367,0.13712110000051325,1.2055916999997862,
segment,P2_NoRedundancy,,ablation,clean,0.2,10,0.15,346,0.7766233766233767,0.62687003560844,0.5899589487158002,-0.05913813897462326,1.0,0.07070050803633694,0.2534344394042574,0.782608695652174,0.2718901999996888,0.13970599999993283,1.7719434999999066,
segment,P2_NoRedundancy,,ablation,clean,0.2,10,0.2,462,0.7818181818181819,0.6234904881353295,0.59311098545991,-0.05418929355625776,1.0,0.0715516408417844,0.29811742173473343,0.6896551724137931,0.19657579999875452,0.15567170000031183,2.2350150999991456,
segment,P2_NoRedundancy,,ablation,clean,0.2,10,0.3,693,0.793073593073593,0.623929919817428,0.6017316104996878,-0.04716654772929233,1.0,0.07251385491524685,0.3163180696410953,0.6796536796536796,0.21153940000112925,0.0991809999995894,2.709818699999232,
segment,P2_NoRedundancy,,ablation,clean,0.2,11,0.05,115,0.6086580086580087,0.5658659591437061,0.4364516329499642,-0.05532945345161349,1.0,0.07619133033564852,0.2158818809045025,0.8405797101449275,0.2615650999996433,0.11026780000065628,0.47484000000076776,
segment,P2_NoRedundancy,,ablation,clean,0.2,11,0.1,231,0.719047619047619,0.6250610562283778,0.5627312918457037,-0.04789003690136847,1.0,0.07079144497796461,0.2969903823928202,0.7586206896551724,0.267250700000659,0.09561299999950279,1.0430778000009013,
segment,P2_NoRedundancy,,ablation,clean,0.2,11,0.15,346,0.7943722943722944,0.6559415859238334,0.6237293532525198,-0.05003166815857267,1.0,0.06700923917380612,0.3007886415623982,0.6782608695652174,0.2372211999991123,0.1905363000005309,1.5964988000014273,
segment,P2_NoRedundancy,,ablation,clean,0.2,11,0.2,462,0.8004329004329004,0.6531055766234868,0.627265370630036,-0.05290254500235024,1.0,0.0720518698253368,0.29008578983957806,0.6982758620689655,0.1972091999996337,0.10955620000095223,2.019847800000207,
segment,P2_NoRedundancy,,ablation,clean,0.2,11,0.3,693,0.816017316017316,0.6513335366409551,0.640613850190128,-0.04932331790244328,1.0,0.07346066549502027,0.31541793775447896,0.696969696969697,0.23418989999845508,0.1020234999996319,2.519659200001115,
segment,P2_NoRedundancy,,ablation,clean,0.2,12,0.05,115,0.6350649350649351,0.5720684486418005,0.46739151349122265,-0.05762998632758772,1.0,0.07493281097390665,0.22868006902647556,0.7971014492753623,0.2543755999995483,0.09800869999889983,0.5487885000002279,
segment,P2_NoRedundancy,,ablation,clean,0.2,12,0.1,231,0.6398268398268399,0.5676431475698911,0.4733077484772106,-0.0534474977915069,1.0,0.07141608466233342,0.30891912231066365,0.7241379310344828,0.2775383000007423,0.2457343000005494,1.2621177000000898,
segment,P2_NoRedundancy,,ablation,clean,0.2,12,0.15,346,0.7935064935064935,0.6517267244049348,0.6196961480970063,-0.04994133110357118,1.0,0.06895528260459247,0.2811889239759238,0.7565217391304347,0.23924280000028375,0.15751339999951597,1.8402728999990359,
segment,P2_NoRedundancy,,ablation,clean,0.2,12,0.2,462,0.7961038961038961,0.6443905030732753,0.6178339700924095,-0.050103232756924125,1.0,0.0715226174852041,0.2975530156068497,0.6810344827586207,0.20168290000037814,0.18796450000081677,2.411766199998965,
segment,P2_NoRedundancy,,ablation,clean,0.2,12,0.3,693,0.7943722943722944,0.6346583489781884,0.6072014143564943,-0.04541343129229313,1.0,0.07274672047187226,0.3195574755187143,0.6753246753246753,0.22432090000074822,0.15752699999939068,3.024660600000061,
segment,P2_NoRedundancy,,ablation,clean,0.2,13,0.05,115,0.6489177489177489,0.5662245553051408,0.47131461579545336,-0.05801477698021947,1.0,0.0724285081188215,0.23136988291797783,0.8695652173913043,0.26208819999919797,0.24817319999965548,0.788745599998947,
segment,P2_NoRedundancy,,ablation,clean,0.2,13,0.1,231,0.6982683982683983,0.5786788308239199,0.513162864897217,-0.04828933638523799,1.0,0.06768183709095635,0.32384322308089514,0.6724137931034483,0.2675593999992998,0.2441902000009577,1.611185399999158,
segment,P2_NoRedundancy,,ablation,clean,0.2,13,0.15,346,0.7757575757575758,0.6374272573893943,0.5962005660191433,-0.051367847497205674,1.0,0.06788330765901855,0.28488309030613435,0.7217391304347827,0.2459404999990511,0.3054145000005519,2.3609200999999302,
segment,P2_NoRedundancy,,ablation,clean,0.2,13,0.2,462,0.7822510822510822,0.6330039694169872,0.5980556703517671,-0.05642668449438,1.0,0.07139437055168388,0.2905201073500532,0.6982758620689655,0.21682309999960125,0.14338279999901715,2.892127299999629,
segment,P2_NoRedundancy,,ablation,clean,0.2,13,0.3,693,0.8086580086580086,0.6391621314649583,0.6270867034668507,-0.048468961033064105,1.0,0.07276907286401382,0.31825254443366574,0.6883116883116883,0.2334553999990021,0.1369555000001128,3.381635300000198,
segment,P2_NoRedundancy,,ablation,clean,0.2,14,0.05,115,0.6411255411255411,0.5574825927548889,0.4792280509379081,-0.06155430590315519,1.0,0.07250594340321169,0.22222241214992505,0.8695652173913043,0.3018475999997463,0.2738070000013977,0.8857712999997602,
segment,P2_NoRedundancy,,ablation,clean,0.2,14,0.1,231,0.7411255411255411,0.6128555218081915,0.5514743273928367,-0.04670345931511248,1.0,0.0706377937185814,0.28118060077049656,0.7241379310344828,0.2832720000005793,0.2614723000006052,1.6624859999992623,
segment,P2_NoRedundancy,,ablation,clean,0.2,14,0.15,346,0.7822510822510822,0.6380894280646233,0.6037030974223645,-0.05477145734783978,1.0,0.07001099157390897,0.27455099079639445,0.7391304347826086,0.25673050000114017,0.19485489999897254,2.2856767999983276,
segment,P2_NoRedundancy,,ablation,clean,0.2,14,0.2,462,0.793939393939394,0.6416916104817652,0.616869028086671,-0.05632125545276666,1.0,0.07152580294095526,0.29448065581885063,0.6724137931034483,0.20504819999950996,0.12990840000020398,2.7632873999991716,
segment,P2_NoRedundancy,,ablation,clean,0.2,14,0.3,693,0.8103896103896104,0.6447055989676338,0.6348463782660608,-0.049404377390561006,1.0,0.07292028902267413,0.31797848593895806,0.6796536796536796,0.19681149999996705,0.13506349999988743,3.189398499998788,
segment,P2_NoRedundancy,,ablation,clean,0.2,15,0.05,115,0.641991341991342,0.5537346556964665,0.45718048664936545,-0.05306110300083521,1.0,0.06833284610012019,0.2802330865610473,0.7681159420289855,0.2910078999993857,0.29351239999959944,0.8643238000004203,
segment,P2_NoRedundancy,,ablation,clean,0.2,15,0.1,231,0.6363636363636364,0.5744240227651388,0.49647864891584265,-0.04604493764856379,1.0,0.0682119933471993,0.31990609066780096,0.7068965517241379,0.29022170000098413,0.2957963999997446,1.6828641000010975,
segment,P2_NoRedundancy,,ablation,clean,0.2,15,0.15,346,0.7735930735930736,0.6359376075487063,0.5946890441018388,-0.04858609598287042,1.0,0.0666892070430433,0.2993167566721276,0.7043478260869566,0.2556121000015992,0.18948959999943327,2.288930099999561,
segment,P2_NoRedundancy,,ablation,clean,0.2,15,0.2,462,0.7874458874458874,0.6407314343842463,0.6101646959308962,-0.058131682679091266,1.0,0.07205760913236262,0.276838204479706,0.7068965517241379,0.1940202000005229,0.1714348000004975,2.7792405000000144,
segment,P2_NoRedundancy,,ablation,clean,0.2,15,0.3,693,0.8108225108225108,0.6470619019452857,0.636533743662363,-0.04538261670676648,1.0,0.07343496108823423,0.31519277230788095,0.6796536796536796,0.21196670000063023,0.12246609999965585,3.2962256999999227,
segment,P2_NoRedundancy,,ablation,clean,0.2,16,0.05,115,0.7038961038961039,0.6070873873086868,0.5162746410026102,-0.05069857762688669,1.0,0.07200130072998265,0.24111110647976894,0.8695652173913043,0.2923503999991226,0.2273100999991584,0.8423452999995789,
segment,P2_NoRedundancy,,ablation,clean,0.2,16,0.1,231,0.6848484848484848,0.5730022375173149,0.49267109895078326,-0.049006158365590566,1.0,0.06899573676940622,0.32660138333673683,0.6810344827586207,0.26699469999948633,0.31092309999985446,1.7479151999996247,
segment,P2_NoRedundancy,,ablation,clean,0.2,16,0.15,346,0.7904761904761904,0.6478291632425064,0.6155806851907093,-0.05233552470786426,1.0,0.06870278748784525,0.27432027488675914,0.7478260869565218,0.24476359999971464,0.3410862000000634,2.524961799999801,
segment,P2_NoRedundancy,,ablation,clean,0.2,16,0.2,462,0.7857142857142857,0.6332797778286485,0.6036202590868761,-0.05249217599130702,1.0,0.07140118795212257,0.2922355288740852,0.6982758620689655,0.19330819999959203,0.18063059999985853,3.02818169999955,
segment,P2_NoRedundancy,,ablation,clean,0.2,16,0.3,693,0.8021645021645022,0.6337497991926496,0.6200536305028735,-0.0484623683565778,1.0,0.07292186693788201,0.31530557211423105,0.6883116883116883,0.21354909999899974,0.13098990000071353,3.4631761999989976,
segment,P2_NoRedundancy,,ablation,clean,0.2,17,0.05,115,0.6497835497835498,0.5427988479830446,0.47401508773445844,-0.05956737876023376,1.0,0.0739243396874426,0.23555341724293566,0.855072463768116,0.26904859999922337,0.13758729999972275,0.6906255000012607,
segment,P2_NoRedundancy,,ablation,clean,0.2,17,0.1,231,0.7484848484848485,0.6146988653137679,0.5594370865485448,-0.04803837407898314,1.0,0.06827479447816392,0.31755364285130516,0.6896551724137931,0.2656989999995858,0.30939240000043355,1.47749290000138,
segment,P2_NoRedundancy,,ablation,clean,0.2,17,0.15,346,0.7874458874458874,0.6450857263142736,0.6128138082391587,-0.05698052127518179,1.0,0.06997285565749566,0.26975434655176544,0.7304347826086957,0.2516983000004984,0.1901304999992135,2.076383800000258,
segment,P2_NoRedundancy,,ablation,clean,0.2,17,0.2,462,0.7956709956709956,0.6400040759161923,0.6180169671295993,-0.051969578483031235,1.0,0.0713884560656461,0.2894661650957478,0.6982758620689655,0.20616949999930512,0.15761019999990822,2.586335500000132,
segment,P2_NoRedundancy,,ablation,clean,0.2,17,0.3,693,0.8142857142857143,0.6433943715834173,0.6371644163535719,-0.04680354413926078,1.0,0.07225167166971976,0.32622842754602066,0.670995670995671,0.22706379999908677,0.13017109999964305,3.164317700000538,
segment,P2_NoRedundancy,,ablation,clean,0.2,18,0.05,115,0.6818181818181818,0.6079084225580029,0.5139440926534252,-0.04694302497799359,1.0,0.06949565352053419,0.28998887046426014,0.782608695652174,0.28194129999974393,0.18238320000091335,0.5748412999982975,
segment,P2_NoRedundancy,,ablation,clean,0.2,18,0.1,231,0.7623376623376623,0.6274529546727478,0.5753561593226236,-0.04960514451015449,1.0,0.06936343752402041,0.3249812303563315,0.6551724137931034,0.2582345999999234,0.09995340000023134,1.1692336999985855,
segment,P2_NoRedundancy,,ablation,clean,0.2,18,0.15,346,0.8056277056277056,0.6615698829166087,0.6333725064230422,-0.053937589038697144,1.0,0.0690835035182868,0.2742559698761993,0.7217391304347827,0.23386109999955806,0.21122959999956947,1.8907861999996385,
segment,P2_NoRedundancy,,ablation,clean,0.2,18,0.2,462,0.8112554112554112,0.6529782063479577,0.6364109588842191,-0.047312842695665484,1.0,0.07017139552382114,0.2951843326237293,0.7241379310344828,0.2013487999993231,0.24550000000090222,2.4690380999982153,
segment,P2_NoRedundancy,,ablation,clean,0.2,18,0.3,693,0.8194805194805195,0.6478110204542343,0.6434670519507227,-0.04830734856862957,1.0,0.07202196047519989,0.31983393336183635,0.6883116883116883,0.2113206000012724,0.14095070000075793,2.960275899999033,
segment,P2_NoRedundancy,,ablation,clean,0.2,19,0.05,115,0.6203463203463203,0.5839263990037491,0.45471511209520593,-0.05763730989327102,1.0,0.06824697363107395,0.27180795246734457,0.8115942028985508,0.2871322000009968,0.26970299999993586,0.692318499999601,
segment,P2_NoRedundancy,,ablation,clean,0.2,19,0.1,231,0.7445887445887446,0.6139679359357495,0.5565153249667052,-0.0469946753328413,1.0,0.07005092314943236,0.309430180574736,0.7241379310344828,0.22912999999971362,0.08912039999995613,1.17121539999971,
segment,P2_NoRedundancy,,ablation,clean,0.2,19,0.15,346,0.7744588744588745,0.6324752037289965,0.5915533723653262,-0.05133696728764262,1.0,0.07000589094177546,0.2594777686019241,0.7565217391304347,0.23096939999959432,0.1548043000002508,1.665120100000422,
segment,P2_NoRedundancy,,ablation,clean,0.2,19,0.2,462,0.7844155844155845,0.6307303159864714,0.5997048756927376,-0.04720868370981875,1.0,0.07108220461993595,0.3029491888015112,0.6810344827586207,0.1903980999995838,0.08380379999834986,2.040011900000536,
segment,P2_NoRedundancy,,ablation,clean,0.2,19,0.3,693,0.7952380952380952,0.6316320117102946,0.6064536148232981,-0.04556608143084807,1.0,0.07210958312568413,0.32156303964798577,0.6753246753246753,0.2013344999995752,0.09851150000031339,2.6143394999999146,
segment,P2_NoRedundancy,,ablation,clean,0.2,20,0.05,115,0.6337662337662338,0.5604175436041249,0.4730623979682611,-0.0522169090399061,1.0,0.06993079554479324,0.263550833677409,0.7971014492753623,0.2824727000006533,0.2676257999992231,0.7165349000006245,
segment,P2_NoRedundancy,,ablation,clean,0.2,20,0.1,231,0.7796536796536796,0.6476648329330793,0.6037332547241148,-0.042889729665485744,1.0,0.0677988593653289,0.32307736444944424,0.6724137931034483,0.2676236000006611,0.1247908000004827,1.258608699999968,
segment,P2_NoRedundancy,,ablation,clean,0.2,20,0.15,346,0.7948051948051948,0.6552089708951367,0.6235963219373163,-0.05114305293388442,1.0,0.06976532867494335,0.28152753753725296,0.6956521739130435,0.2743244000012055,0.19170049999956973,1.9031544999998005,
segment,P2_NoRedundancy,,ablation,clean,0.2,20,0.2,462,0.8,0.6475227613045396,0.624107053669271,-0.052038248032189094,1.0,0.07135871245779554,0.2905568184740403,0.7068965517241379,0.18601919999855454,0.11948579999989306,2.3018976999992447,
segment,P2_NoRedundancy,,ablation,clean,0.2,20,0.3,693,0.8103896103896104,0.6415092379622243,0.6331702302448187,-0.048232468472954815,1.0,0.07273703553079826,0.31084349750404816,0.683982683982684,0.2383683000007295,0.09874859999945329,2.767222899999979,
segment,P2_NoRedundancy,,ablation,clean,0.2,21,0.05,115,0.7073593073593074,0.5898848133625629,0.509617518152822,-0.05258217523781401,1.0,0.07246868654860834,0.2283154057062559,0.8695652173913043,0.30239560000154597,0.2689414000014949,0.8710946999999578,
segment,P2_NoRedundancy,,ablation,clean,0.2,21,0.1,231,0.6688311688311688,0.5624274898094064,0.48241099947410365,-0.04829823635267499,1.0,0.06838172991146943,0.3271640909051761,0.6637931034482759,0.296694300001036,0.2888340000008611,1.7594275999999809,
segment,P2_NoRedundancy,,ablation,clean,0.2,21,0.15,346,0.787012987012987,0.6474385158180456,0.614328711741388,-0.042867362756976314,1.0,0.06560103681666135,0.3139472129436892,0.6869565217391305,0.22385140000005777,0.2874314000000595,2.473506300000736,
segment,P2_NoRedundancy,,ablation,clean,0.2,21,0.2,462,0.8077922077922078,0.6576128804766178,0.6372484006859781,-0.05096312507270016,1.0,0.07121854878376616,0.2885664071993935,0.6896551724137931,0.1950955000011163,0.21275100000093516,3.0176287000012962,
segment,P2_NoRedundancy,,ablation,clean,0.2,21,0.3,693,0.8272727272727273,0.6623043725737808,0.6598521190007091,-0.045576903442097055,1.0,0.07226220502126145,0.3254579222325507,0.6753246753246753,0.2112211000003299,0.11405310000009194,3.482510900001216,
segment,P2_NoRedundancy,,ablation,clean,0.2,22,0.05,115,0.6805194805194805,0.6048433741248626,0.5122038213754944,-0.0521523385312928,1.0,0.06969477009884713,0.2894761695138974,0.782608695652174,0.2841220999998768,0.23984100000052422,0.6556213999992906,
segment,P2_NoRedundancy,,ablation,clean,0.2,22,0.1,231,0.7896103896103897,0.6580652978416226,0.6172955205421081,-0.046727273131929266,1.0,0.06892059717772057,0.32047587998236887,0.6810344827586207,0.2623323999996501,0.1311489999989135,1.385592499998893,
segment,P2_NoRedundancy,,ablation,clean,0.2,22,0.15,346,0.803030303030303,0.6610616184697682,0.6327628790182482,-0.05596937975998023,1.0,0.07015040861861845,0.2718677849623079,0.7217391304347827,0.2686071999996784,0.32582369999909133,2.157197799999267,
segment,P2_NoRedundancy,,ablation,clean,0.2,22,0.2,462,0.8034632034632034,0.6534441895273694,0.6289908300980904,-0.05607553229579289,1.0,0.0715945720573317,0.28482498329988626,0.6896551724137931,0.22591800000009243,0.1589640000001964,2.683244799998647,
segment,P2_NoRedundancy,,ablation,clean,0.2,22,0.3,693,0.8281385281385282,0.6621168397992633,0.6578411745652538,-0.04593627074121623,1.0,0.0725152491018933,0.32666780465718764,0.6753246753246753,0.21681569999964267,0.13516429999981483,3.183590799999365,
segment,P2_NoRedundancy,,ablation,clean,0.2,23,0.05,115,0.6173160173160173,0.5580144567357108,0.4600128936848948,-0.06016262873939744,1.0,0.07545519145714971,0.22116401024391072,0.8695652173913043,0.2993499999993219,0.08819529999891529,0.5400721999994857,
segment,P2_NoRedundancy,,ablation,clean,0.2,23,0.1,231,0.6800865800865801,0.5922111947412712,0.5131638321022248,-0.05143943874927726,1.0,0.07101324952428559,0.288415527279145,0.7672413793103449,0.2596001999991131,0.11565220000011323,1.10675319999973,
segment,P2_NoRedundancy,,ablation,clean,0.2,23,0.15,346,0.7805194805194805,0.6409707908637178,0.603137601189664,-0.04831865202195776,1.0,0.06760842481224705,0.31343657865678193,0.6782608695652174,0.24963360000037937,0.13882699999885517,1.618664899999203,
segment,P2_NoRedundancy,,ablation,clean,0.2,23,0.2,462,0.79004329004329,0.6399168388661811,0.6096093164714639,-0.05330657200694057,1.0,0.07150907793503858,0.27464425866969083,0.7327586206896551,0.184593700001642,0.11499860000003537,2.03409499999907,
segment,P2_NoRedundancy,,ablation,clean,0.2,23,0.3,693,0.8116883116883117,0.6442546381681661,0.6337194433589227,-0.04539709704317216,1.0,0.07246323651602926,0.3260518608301315,0.658008658008658,0.24758769999971264,0.12603390000003856,2.6542885999988357,
segment,P2_NoRedundancy,,ablation,clean,0.2,24,0.05,115,0.6735930735930736,0.5566092543668939,0.4804825819612227,-0.05717492933164644,1.0,0.07203830515336006,0.23965333096133365,0.8405797101449275,0.26727649999884306,0.12840800000049057,0.5879754999987199,
segment,P2_NoRedundancy,,ablation,clean,0.2,24,0.1,231,0.6722943722943723,0.5569232713664838,0.4825052125767655,-0.04753088814216479,1.0,0.06672932974022959,0.3383528708821398,0.646551724137931,0.2553772999999637,0.17086190000009083,1.2127302999997482,
segment,P2_NoRedundancy,,ablation,clean,0.2,24,0.15,346,0.754978354978355,0.6083833362710365,0.5598414786751421,-0.047505877788515616,1.0,0.0662743372770767,0.3170783624645129,0.6869565217391305,0.26409180000155175,0.2649028999985603,1.8686041999990266,
segment,P2_NoRedundancy,,ablation,clean,0.2,24,0.2,462,0.7861471861471861,0.6269692697895012,0.5980977692354826,-0.051499505676490503,1.0,0.07138548273884146,0.29335326763962105,0.7155172413793104,0.1757659999984753,0.11637949999931152,2.257584199998746,
segment,P2_NoRedundancy,,ablation,clean,0.2,24,0.3,693,0.7787878787878788,0.6159434708568383,0.5870688473697782,-0.049537886551735986,1.0,0.07216493818817822,0.31861808534385977,0.6753246753246753,0.22469180000007327,0.08674620000056166,2.722199299998465,
segment,P2_NoRedundancy,,ablation,clean,0.2,25,0.05,115,0.6874458874458874,0.6183748263828709,0.5192507974949526,-0.051834062000548686,1.0,0.07153245083277456,0.25225436208442165,0.855072463768116,0.2545234999997774,0.26718350000010105,0.786176699999487,
segment,P2_NoRedundancy,,ablation,clean,0.2,25,0.1,231,0.7536796536796537,0.6183833009119816,0.5654214911617605,-0.04635436399776962,1.0,0.06885394960223351,0.3179559139646551,0.6810344827586207,0.2667289000000892,0.29061560000081954,1.501325999999608,
segment,P2_NoRedundancy,,ablation,clean,0.2,25,0.15,346,0.7861471861471861,0.6416097233376592,0.6063885384464707,-0.05368787351401013,1.0,0.07001953126641594,0.2640123039403176,0.7391304347826086,0.2818829999996524,0.15898440000091796,2.063746399999218,
segment,P2_NoRedundancy,,ablation,clean,0.2,25,0.2,462,0.793073593073593,0.6380142606170414,0.6112580619159027,-0.04850320319294192,1.0,0.07144295463735634,0.2949558651734732,0.7068965517241379,0.190241899999819,0.09853989999828627,2.462481900000057,
segment,P2_NoRedundancy,,ablation,clean,0.2,25,0.3,693,0.8116883116883117,0.640681621628741,0.6327808058476964,-0.046088265822187065,1.0,0.07243808929298919,0.3183224457695655,0.6753246753246753,0.22090940000089176,0.10587409999970987,2.8993663000001106,
segment,P2_NoRedundancy,,ablation,clean,0.2,26,0.05,115,0.6346320346320347,0.5669289618282363,0.47954979170847584,-0.06172504592583758,1.0,0.07265662350298863,0.23182656075799052,0.8840579710144928,0.25642789999983506,0.2685492000000522,0.7183555000010529,
segment,P2_NoRedundancy,,ablation,clean,0.2,26,0.1,231,0.6857142857142857,0.5632810239852689,0.48239158953058353,-0.048134936920537726,1.0,0.07174394589923881,0.30360524175778875,0.6551724137931034,0.25967880000098376,0.18558670000129496,1.3656381000000692,
segment,P2_NoRedundancy,,ablation,clean,0.2,26,0.15,346,0.8134199134199134,0.6698650242146483,0.6461031739603749,-0.05490009246321128,1.0,0.06861909898763272,0.2659779913922521,0.782608695652174,0.22999659999914002,0.18877900000006775,2.0554284999998345,
segment,P2_NoRedundancy,,ablation,clean,0.2,26,0.2,462,0.8220779220779221,0.6762522191263083,0.6579868319570271,-0.0467029181494065,1.0,0.07020166754555418,0.2937005294136321,0.7068965517241379,0.19024379999973462,0.2396182000011322,2.686311999999816,
segment,P2_NoRedundancy,,ablation,clean,0.2,26,0.3,693,0.8303030303030303,0.6661660461821042,0.6620445266364667,-0.0441347178165543,1.0,0.07130680666368089,0.3260047557981507,0.6753246753246753,0.22129949999907694,0.19678100000055565,3.2604203000009875,
segment,P2_NoRedundancy,,ablation,clean,0.2,27,0.05,115,0.6783549783549784,0.5894585653971008,0.4967026138929983,-0.04831900092475848,1.0,0.07217489618579138,0.26595861301167695,0.782608695652174,0.2889215000013792,0.10119569999915257,0.5359693999998854,
segment,P2_NoRedundancy,,ablation,clean,0.2,27,0.1,231,0.6930735930735931,0.5771829606085596,0.5056775205364565,-0.04391302018324738,1.0,0.06869833198418533,0.3345177426189565,0.646551724137931,0.22818439999900875,0.13002200000119046,1.141690300000846,
segment,P2_NoRedundancy,,ablation,clean,0.2,27,0.15,346,0.7095238095238096,0.5840838391039069,0.5307405773882926,-0.05058030236258521,1.0,0.06891545440654294,0.2615354296746751,0.782608695652174,0.23003389999939827,0.2207669999988866,1.834940099999585,
segment,P2_NoRedundancy,,ablation,clean,0.2,27,0.2,462,0.7926406926406926,0.6391381258303925,0.6136508048292947,-0.04557864055398233,1.0,0.06870411995331206,0.30811457540642134,0.7241379310344828,0.191607999999178,0.25816870000016934,2.4311094999993657,
segment,P2_NoRedundancy,,ablation,clean,0.2,27,0.3,693,0.812987012987013,0.6433459005883359,0.6357619469278917,-0.04454255660771305,1.0,0.07301534130718025,0.31182679281151254,0.6926406926406926,0.20690009999998438,0.13268460000108462,2.910311499999807,
segment,P2_NoRedundancy,,ablation,clean,0.2,28,0.05,115,0.6090909090909091,0.5344073772862855,0.43729234338661815,-0.05849284434658969,1.0,0.07484670735563455,0.21809369090590622,0.855072463768116,0.27121290000104636,0.1147780999999668,0.5934280000001309,
segment,P2_NoRedundancy,,ablation,clean,0.2,28,0.1,231,0.6922077922077922,0.6194846802984064,0.5520715987967982,-0.048837481500696,1.0,0.06999458749459803,0.3133475881653778,0.7155172413793104,0.27779019999979937,0.16900919999898179,1.2820842000000994,
segment,P2_NoRedundancy,,ablation,clean,0.2,28,0.15,346,0.7826839826839826,0.6423776228410488,0.6051193613627592,-0.04830309774176451,1.0,0.06884469190547224,0.28770468293230517,0.7478260869565218,0.26589380000041274,0.20195720000083384,1.9034668000003876,
segment,P2_NoRedundancy,,ablation,clean,0.2,28,0.2,462,0.7965367965367965,0.6448178112861602,0.6193294274483493,-0.05000780033566705,1.0,0.0712949017519205,0.2971430302185898,0.6724137931034483,0.20394979999946372,0.150567199998477,2.4164031999989675,
segment,P2_NoRedundancy,,ablation,clean,0.2,28,0.3,693,0.7909090909090909,0.6275324645602227,0.6060791160739412,-0.04746840882178861,1.0,0.071983785880653,0.32606647469790406,0.670995670995671,0.2182014000009076,0.16054260000055365,2.945118999999977,
segment,P2_NoRedundancy,,ablation,clean,0.2,29,0.05,115,0.6047619047619047,0.53900834723841,0.43134635965600693,-0.0559795554067874,1.0,0.07228891117966021,0.2382466040840198,0.8260869565217391,0.28476100000079896,0.2609041999985493,0.8198176999994757,
segment,P2_NoRedundancy,,ablation,clean,0.2,29,0.1,231,0.7545454545454545,0.6212936913582799,0.5694578080148892,-0.04877254089779715,1.0,0.07080901053152784,0.30248522599954947,0.7155172413793104,0.27785020000010263,0.27313909999975294,1.5067366999992373,
segment,P2_NoRedundancy,,ablation,clean,0.2,29,0.15,346,0.7965367965367965,0.6543393853795075,0.6259477995161188,-0.04869033623320965,1.0,0.07008697605824046,0.2719307384830831,0.7391304347826086,0.2150720999998157,0.12030520000007527,1.9805634999993345,
segment,P2_NoRedundancy,,ablation,clean,0.2,29,0.2,462,0.806060606060606,0.6578209483024833,0.6352837578562536,-0.04986779484129497,1.0,0.07168790235236312,0.28730532267596537,0.6896551724137931,0.19635190000008151,0.11273119999896153,2.415191500000219,
segment,P2_NoRedundancy,,ablation,clean,0.2,29,0.3,693,0.7623376623376623,0.6109861330381615,0.5788535131047317,-0.05097531431361331,1.0,0.07267390620787005,0.31738326519724314,0.7012987012987013,0.2363881000001129,0.10533869999926537,2.8582544999990205,
segment,P2_NoFMIS,,ablation,clean,0.0,0,0.05,115,0.5601731601731602,0.5949039911004851,0.44675052485148714,-0.07281625754989621,1.0,0.07226189946407918,0.2137891989002554,0.6811594202898551,2.216774999998961,0.17948810000052617,2.4971884000005957,
segment,P2_NoFMIS,,ablation,clean,0.0,0,0.1,231,0.7142857142857143,0.6795288052882184,0.5754938417744119,-0.07114618139508216,1.0,0.07582323173709465,0.19821600114797522,0.7327586206896551,2.0257338999999774,0.09759429999940039,4.935256000000663,
segment,P2_NoFMIS,,ablation,clean,0.0,0,0.15,346,0.7359307359307359,0.7030984540968266,0.6003950424717583,-0.06484009200772715,1.0,0.07253424982657788,0.2296288543511545,0.6869565217391305,1.7866489999996702,0.31141049999860115,7.2617549000005965,
segment,P2_NoFMIS,,ablation,clean,0.0,0,0.2,462,0.7640692640692641,0.7158914595110014,0.6184855680389771,-0.062458603702746876,1.0,0.07388851721925434,0.2345375329438178,0.7068965517241379,1.2482247000007192,0.17367670000021462,8.811126700000386,
segment,P2_NoFMIS,,ablation,clean,0.0,0,0.3,693,0.7991341991341991,0.7439418861893807,0.6514803678038654,-0.06503930232098666,1.0,0.07507497682289176,0.23237595363889046,0.7229437229437229,1.202600300000995,0.12565300000096613,10.434397799999715,
segment,P2_NoFMIS,,ablation,clean,0.0,1,0.05,115,0.6320346320346321,0.6230613390955868,0.4993071843482215,-0.07315401024394699,1.0,0.07030795711803291,0.20392481277243477,0.7246376811594203,2.2079427000007854,0.26912309999897843,2.7202125000003434,
segment,P2_NoFMIS,,ablation,clean,0.0,1,0.1,231,0.7238095238095238,0.6949019864945432,0.5927456704955315,-0.06513523488502067,1.0,0.0687036587492901,0.2265409035643848,0.6982758620689655,2.042378000000099,0.2747348000011698,5.403184099999635,
segment,P2_NoFMIS,,ablation,clean,0.0,1,0.15,346,0.7528138528138528,0.7046837588632601,0.6178299615883657,-0.06670497595206976,1.0,0.07072488691765613,0.2253145373318508,0.7391304347826086,1.6995476000010967,0.32240789999923436,7.681699099999605,
segment,P2_NoFMIS,,ablation,clean,0.0,1,0.2,462,0.7731601731601732,0.7127248873499225,0.6281348397101046,-0.06065970083199826,1.0,0.07212135471109327,0.23343708069373786,0.7068965517241379,1.459210200000598,0.23342240000056336,9.589661799998794,
segment,P2_NoFMIS,,ablation,clean,0.0,1,0.3,693,0.8038961038961039,0.7472363905703808,0.6602282743157631,-0.061762366317618195,1.0,0.07319059191631921,0.24604587554469898,0.7229437229437229,1.1034239000000525,0.21955159999924945,11.175648499998715,
segment,P2_NoFMIS,,ablation,clean,0.0,2,0.05,115,0.5787878787878787,0.5775816505623874,0.46652576179895416,-0.07184674461779667,1.0,0.0725240974013362,0.21634081509074818,0.6956521739130435,2.1489197999999305,0.26029249999919557,2.52126060000046,
segment,P2_NoFMIS,,ablation,clean,0.0,2,0.1,231,0.7333333333333333,0.7000668726196648,0.6038707110383437,-0.07132183699344403,1.0,0.07545306619141108,0.20938222883471205,0.75,2.0408860000006825,0.10535820000040985,4.935227800000575,
segment,P2_NoFMIS,,ablation,clean,0.0,2,0.15,346,0.7398268398268398,0.7077532607980644,0.5994288266587322,-0.06180762646242792,1.0,0.07152902772720661,0.23806466908922852,0.6782608695652174,1.6740752999994584,0.2841320999996242,7.110566999999719,
segment,P2_NoFMIS,,ablation,clean,0.0,2,0.2,462,0.7735930735930736,0.7224402056420768,0.6307952822195745,-0.06194481794498607,1.0,0.07348307152846568,0.2488725265772181,0.6724137931034483,1.3538971999987552,0.19794929999989108,8.829785100000663,
segment,P2_NoFMIS,,ablation,clean,0.0,2,0.3,693,0.8056277056277056,0.7502824092143466,0.6600307325587477,-0.06125933933334303,1.0,0.07430146444905943,0.24758573084591065,0.7056277056277056,1.2804510999994818,0.17385840000133612,10.551618199999211,
segment,P2_NoFMIS,,ablation,clean,0.0,3,0.05,115,0.6597402597402597,0.6199176206441742,0.5021384814365525,-0.07375340525222546,1.0,0.07235891665248796,0.20635265789243026,0.7246376811594203,2.112812800000029,0.20797390000007,2.637732099999994,
segment,P2_NoFMIS,,ablation,clean,0.0,3,0.1,231,0.7502164502164502,0.7086987137480257,0.6280315518214343,-0.06485898696567802,1.0,0.07154974907544709,0.21330691128345297,0.7327586206896551,1.9093864999995276,0.26910119999956805,5.149284600000101,
segment,P2_NoFMIS,,ablation,clean,0.0,3,0.15,346,0.7441558441558441,0.7046995465775784,0.601444794013284,-0.06214514093644169,1.0,0.07107867009701334,0.25288494008817386,0.6434782608695652,1.6492765999992116,0.26225569999951404,7.267386900000929,
segment,P2_NoFMIS,,ablation,clean,0.0,3,0.2,462,0.7753246753246753,0.7195063926172703,0.6338011053545758,-0.06059161888959984,1.0,0.07252221224698722,0.25504171317088575,0.646551724137931,1.363476600001377,0.15562059999865596,8.94371080000019,
segment,P2_NoFMIS,,ablation,clean,0.0,3,0.3,693,0.8069264069264069,0.7473661660071945,0.6623750092020917,-0.059668143049311076,1.0,0.07378858144340796,0.2582410953664015,0.696969696969697,1.2556125999999495,0.15828900000087742,10.633363000000827,
segment,P2_NoFMIS,,ablation,clean,0.0,4,0.05,115,0.6225108225108225,0.5815105848187399,0.44598837691993526,-0.06411311136284674,1.0,0.06906176794623317,0.21010380259090092,0.6956521739130435,2.170461699999578,0.25464840000131517,2.601969299999837,
segment,P2_NoFMIS,,ablation,clean,0.0,4,0.1,231,0.7285714285714285,0.6790937749145112,0.5944652988217997,-0.07651033907011194,1.0,0.0685280310775936,0.18868798975986764,0.7413793103448276,1.9238374000015028,0.13987590000033379,4.952481800000896,
segment,P2_NoFMIS,,ablation,clean,0.0,4,0.15,346,0.7536796536796537,0.7024163715642432,0.6116101350665017,-0.062067654289832554,1.0,0.07142235198428613,0.23984184628085964,0.6869565217391305,1.6664947999997821,0.2935287000000244,7.145819800000027,
segment,P2_NoFMIS,,ablation,clean,0.0,4,0.2,462,0.767965367965368,0.7136733098504109,0.6244078765230049,-0.06275700460842022,1.0,0.07333053304649628,0.2536204697177515,0.6810344827586207,1.4031100000011065,0.27668850000009115,9.033403999999791,
segment,P2_NoFMIS,,ablation,clean,0.0,4,0.3,693,0.8008658008658008,0.7425078830530463,0.6527795973307893,-0.06262705518000583,1.0,0.07496744594341456,0.2366378978069887,0.70995670995671,1.1999515000006795,0.20256239999980608,10.769496700000673,
segment,P2_NoFMIS,,ablation,clean,0.0,5,0.05,115,0.5186147186147186,0.5712740048466827,0.4108053488089973,-0.07103767334210617,1.0,0.07091450391731625,0.2030994120884514,0.7391304347826086,2.235475299999962,0.1052743999989616,2.5328967000004923,
segment,P2_NoFMIS,,ablation,clean,0.0,5,0.1,231,0.7077922077922078,0.6915794562923435,0.5769066246000287,-0.06766859825241975,1.0,0.07119537182892953,0.23469679599364718,0.75,1.9232327000008809,0.16607780000049388,4.894341899998835,
segment,P2_NoFMIS,,ablation,clean,0.0,5,0.15,346,0.7424242424242424,0.6949221994367973,0.5968748376157883,-0.06395321512342286,1.0,0.0698882219186847,0.22797230001030186,0.6956521739130435,1.6907936000006885,0.26324530000056257,7.119202599998971,
segment,P2_NoFMIS,,ablation,clean,0.0,5,0.2,462,0.758008658008658,0.7060880129200277,0.6098997670420151,-0.06302878843684688,1.0,0.07191022246829996,0.2415985498590598,0.6896551724137931,1.4029246000009152,0.22411319999991974,8.958715900000243,
segment,P2_NoFMIS,,ablation,clean,0.0,5,0.3,693,0.7965367965367965,0.7398543075153503,0.6488766693649574,-0.05945638052915213,1.0,0.07372429889889673,0.2487559612525657,0.7012987012987013,1.179347699999198,0.264742399998795,10.6601541,
segment,P2_NoFMIS,,ablation,clean,0.0,6,0.05,115,0.7545454545454545,0.653037999616034,0.5726914822099946,-0.06931767568770827,1.0,0.07028012958755801,0.21520834295454563,0.6956521739130435,2.1354893000006996,0.22709349999968254,2.6611601000004157,
segment,P2_NoFMIS,,ablation,clean,0.0,6,0.1,231,0.7398268398268398,0.695514965563666,0.6148633360311948,-0.06862126248231795,1.0,0.06805313599977081,0.21060919034868064,0.7068965517241379,1.8985948000008648,0.25878499999998894,5.038209700000152,
segment,P2_NoFMIS,,ablation,clean,0.0,6,0.15,346,0.7675324675324675,0.7205266922491229,0.6365727913605042,-0.06556667570172024,1.0,0.071228020936262,0.2370555889043885,0.6695652173913044,1.726876100001391,0.24518340000031458,7.241944199999125,
segment,P2_NoFMIS,,ablation,clean,0.0,6,0.2,462,0.7891774891774892,0.7309145537257699,0.6490511573602858,-0.06606617800081933,1.0,0.07251145068468098,0.24546832918582162,0.7068965517241379,1.3425733000003675,0.18363549999958195,8.910965699998997,
segment,P2_NoFMIS,,ablation,clean,0.0,6,0.3,693,0.8116883116883117,0.7493252726553371,0.6659033545323072,-0.06101353054145506,1.0,0.07364270343567594,0.25297448901222197,0.70995670995671,1.1369125999990501,0.12208359999931417,10.363217000000077,
segment,P2_NoFMIS,,ablation,clean,0.0,7,0.05,115,0.5194805194805194,0.5489882730870828,0.391801390255486,-0.06562351009795447,1.0,0.07510260188144931,0.19162004979681935,0.7681159420289855,2.1570819999997184,0.06106999999974505,2.4774483000001055,
segment,P2_NoFMIS,,ablation,clean,0.0,7,0.1,231,0.7051948051948052,0.6826785620390242,0.5695064014864152,-0.06849841574143399,1.0,0.06631759223871873,0.2290718431826424,0.7413793103448276,1.9638992000000144,0.25210189999961585,4.950729100000899,
segment,P2_NoFMIS,,ablation,clean,0.0,7,0.15,346,0.7372294372294372,0.70495146823255,0.6005095750538482,-0.0664713630176775,1.0,0.07254128459968619,0.2215497305907472,0.7130434782608696,1.696731699999873,0.2323183999997127,7.019133300000249,
segment,P2_NoFMIS,,ablation,clean,0.0,7,0.2,462,0.7558441558441559,0.7110603250379016,0.6109983689870427,-0.0597985133442546,1.0,0.0735953745288045,0.2523648378609053,0.6637931034482759,1.3367748000000574,0.20173660000000382,8.712427200000093,
segment,P2_NoFMIS,,ablation,clean,0.0,7,0.3,693,0.7935064935064935,0.7342866364313857,0.6415999435822884,-0.061325807253291065,1.0,0.07491279326794452,0.23509307077623218,0.7402597402597403,1.1867713999999978,0.15791730000091775,10.32202850000067,
segment,P2_NoFMIS,,ablation,clean,0.0,8,0.05,115,0.6606060606060606,0.6404332383463953,0.5267749751138416,-0.07183486056404137,1.0,0.07170800338428626,0.20550181203513207,0.7391304347826086,2.1785402999994403,0.16415050000068732,2.632354600000326,
segment,P2_NoFMIS,,ablation,clean,0.0,8,0.1,231,0.6779220779220779,0.6328734806130463,0.5285206043303619,-0.06318329253723301,1.0,0.06969564384277221,0.22973570055577605,0.6982758620689655,2.04323039999872,0.2623464000007516,5.113457400000698,
segment,P2_NoFMIS,,ablation,clean,0.0,8,0.15,346,0.7298701298701299,0.683296917374575,0.586726504706178,-0.06356196487362609,1.0,0.0714062397565358,0.24789352083937813,0.6695652173913044,1.6817679999985558,0.14922749999823282,7.1463077000007615,
segment,P2_NoFMIS,,ablation,clean,0.0,8,0.2,462,0.7554112554112554,0.7048784379547754,0.6092558169780316,-0.06510253098525265,1.0,0.07297757037381286,0.2579670849087216,0.6637931034482759,1.4149047999999311,0.23138090000065858,8.9824736999999,
segment,P2_NoFMIS,,ablation,clean,0.0,8,0.3,693,0.7891774891774892,0.7320449802812877,0.639248751283659,-0.06326214585474094,1.0,0.0746541549257067,0.2346133659670603,0.7186147186147186,1.1543567000007897,0.14631569999983185,10.516308300000674,
segment,P2_NoFMIS,,ablation,clean,0.0,9,0.05,115,0.6757575757575758,0.6629248629380329,0.5359099626199714,-0.07155079081474129,1.0,0.07216904139917614,0.2023522116867261,0.7101449275362319,2.2300491000005422,0.2614226999994571,2.6781761000002007,
segment,P2_NoFMIS,,ablation,clean,0.0,9,0.1,231,0.7354978354978355,0.6874237450087062,0.5992571519299941,-0.06871062753939575,1.0,0.07070645113431577,0.21323642376328433,0.7327586206896551,1.9709376999999222,0.18380900000011025,5.116111199999068,
segment,P2_NoFMIS,,ablation,clean,0.0,9,0.15,346,0.7432900432900433,0.7034153952841028,0.5998652601509439,-0.0687494102586775,1.0,0.07152107659344639,0.24892282212028227,0.6347826086956522,1.6963717999988148,0.37015040000005683,7.410023000000365,
segment,P2_NoFMIS,,ablation,clean,0.0,9,0.2,462,0.7688311688311689,0.713186495767684,0.6215594247270173,-0.060045790703684335,1.0,0.07352041088068817,0.2471348653560711,0.6724137931034483,1.327183800000057,0.20518600000104925,9.173137599998881,
segment,P2_NoFMIS,,ablation,clean,0.0,9,0.3,693,0.7961038961038961,0.7398853716930692,0.6452683425548751,-0.06203259531426819,1.0,0.07470395045475277,0.23739552424520544,0.7445887445887446,1.1456701000006433,0.20798450000074808,10.795533599999544,
segment,P2_NoFMIS,,ablation,clean,0.0,10,0.05,115,0.6051948051948052,0.5848878544962259,0.4404364484419241,-0.07274625646321989,1.0,0.07274354975171232,0.20009549092814874,0.7246376811594203,2.2325086999990162,0.21207999999933236,2.6000317000016366,
segment,P2_NoFMIS,,ablation,clean,0.0,10,0.1,231,0.7519480519480519,0.7068345061086156,0.631147331581298,-0.07181103615152995,1.0,0.07028058729417734,0.19494218543353545,0.7413793103448276,2.0122671000008268,0.1525844000007055,5.1519625000000815,
segment,P2_NoFMIS,,ablation,clean,0.0,10,0.15,346,0.745021645021645,0.7112070186377855,0.6187000379272416,-0.06650010199371849,1.0,0.07144712184057131,0.239472466173897,0.7217391304347827,1.6837710999989213,0.33471470000040426,7.410660800000187,
segment,P2_NoFMIS,,ablation,clean,0.0,10,0.2,462,0.7744588744588745,0.728581322655319,0.6394120023974056,-0.06429938182744797,1.0,0.07296421688367002,0.24128724837046925,0.7241379310344828,1.4303956999992806,0.22102559999984805,9.343234900001335,
segment,P2_NoFMIS,,ablation,clean,0.0,10,0.3,693,0.8086580086580086,0.748632161947366,0.6648525657342751,-0.05943697605503722,1.0,0.0742305610286904,0.2470227924861141,0.70995670995671,1.3075002999994467,0.2724923999994644,11.45949710000059,
segment,P2_NoFMIS,,ablation,clean,0.0,11,0.05,115,0.49956709956709955,0.5562547463329086,0.38396837323852034,-0.07346673413912767,1.0,0.07268780877421592,0.20402505992167108,0.7101449275362319,2.1910635999993247,0.27400130000023637,2.628536999998687,
segment,P2_NoFMIS,,ablation,clean,0.0,11,0.1,231,0.7151515151515152,0.6622251450457969,0.5717052698037883,-0.07784344009019858,1.0,0.0705006307529579,0.20485529828657198,0.75,2.3298517000002903,0.29366359999949054,5.553774899999553,
segment,P2_NoFMIS,,ablation,clean,0.0,11,0.15,346,0.7463203463203463,0.7029651883490889,0.6049869947902892,-0.0676044415896067,1.0,0.07195364705465238,0.23736621328795268,0.6695652173913044,2.3255521999999473,0.31035479999991367,8.45753859999968,
segment,P2_NoFMIS,,ablation,clean,0.0,11,0.2,462,0.7645021645021645,0.712911005543743,0.6172461538892724,-0.05896194071924692,1.0,0.07373134810640805,0.2390156446868922,0.6982758620689655,1.3605274000001373,0.27071149999937916,10.268087200000082,
segment,P2_NoFMIS,,ablation,clean,0.0,11,0.3,693,0.7922077922077922,0.7406969959443369,0.6437883231220696,-0.0637991056964602,1.0,0.07508898010485665,0.23408046228148982,0.7272727272727273,1.2290329999996175,0.1871702999997069,11.924736499999199,
segment,P2_NoFMIS,,ablation,clean,0.0,12,0.05,115,0.6645021645021645,0.6188575067077029,0.494400063594447,-0.06587176316467552,1.0,0.07506808726026401,0.20992598418146075,0.7391304347826086,2.1568286000001535,0.08277289999932691,2.519061099999817,
segment,P2_NoFMIS,,ablation,clean,0.0,12,0.1,231,0.71991341991342,0.6878173990989951,0.583448410809684,-0.06340268105475534,1.0,0.07084872758073747,0.2307461972607063,0.6810344827586207,2.030912599999283,0.24295389999861072,5.184334999999919,
segment,P2_NoFMIS,,ablation,clean,0.0,12,0.15,346,0.7432900432900433,0.7058965967407453,0.6030984179220422,-0.06261009226281515,1.0,0.07209071912290549,0.24139408592589243,0.6869565217391305,1.6776630000003934,0.29728660000000673,7.392353399998683,
segment,P2_NoFMIS,,ablation,clean,0.0,12,0.2,462,0.7683982683982684,0.7206750048607825,0.6233797638600328,-0.06690514691250668,1.0,0.07359535682821439,0.2522010236558781,0.7068965517241379,1.3113247000001138,0.2126260999993974,9.195064199999251,
segment,P2_NoFMIS,,ablation,clean,0.0,12,0.3,693,0.7991341991341991,0.7450860524512556,0.6548846508035973,-0.06646631083723112,1.0,0.07522581124314591,0.21904832900057353,0.7619047619047619,1.1015683999994508,0.20370589999947697,10.897581799999898,
segment,P2_NoFMIS,,ablation,clean,0.0,13,0.05,115,0.6268398268398269,0.617373279469921,0.5098602359620689,-0.07682802620686796,1.0,0.06788580992660621,0.21676128317222568,0.7391304347826086,2.166896099999576,0.28033739999955287,2.719588100000692,
segment,P2_NoFMIS,,ablation,clean,0.0,13,0.1,231,0.7406926406926407,0.6925304610863013,0.6131433742549122,-0.06584771783302684,1.0,0.07120739547784599,0.21747415526074104,0.7241379310344828,1.9660552000004827,0.2731550000007701,5.308538400000543,
segment,P2_NoFMIS,,ablation,clean,0.0,13,0.15,346,0.7632034632034632,0.7136219495822413,0.6281888354647438,-0.060338794046317,1.0,0.07031521022163097,0.24269527540376162,0.6347826086956522,1.59260870000071,0.3567371000008279,7.558500000001004,
segment,P2_NoFMIS,,ablation,clean,0.0,13,0.2,462,0.7844155844155845,0.73175415109629,0.65048485569071,-0.06088658666501267,1.0,0.07116301130663226,0.2363416170525689,0.6896551724137931,1.3655730000009498,0.2457243999997445,9.341169000001173,
segment,P2_NoFMIS,,ablation,clean,0.0,13,0.3,693,0.816017316017316,0.7547494119753505,0.6761392641086904,-0.05777523153077369,1.0,0.07220001327104542,0.2507160236143718,0.70995670995671,1.1962834999994811,0.16194139999970503,10.882035200000246,
segment,P2_NoFMIS,,ablation,clean,0.0,14,0.05,115,0.6415584415584416,0.6226168329407389,0.5188445048817052,-0.07102789249570038,1.0,0.07181262281449344,0.21304471194267943,0.7681159420289855,2.1185739999982616,0.0832325999999739,2.52578800000083,
segment,P2_NoFMIS,,ablation,clean,0.0,14,0.1,231,0.719047619047619,0.6663839221550174,0.584850414666486,-0.07066779596700763,1.0,0.07105482867741605,0.2213638616899183,0.7241379310344828,1.9471395999989909,0.28902349999953003,4.960259600000427,
segment,P2_NoFMIS,,ablation,clean,0.0,14,0.15,346,0.7714285714285715,0.7073532899631059,0.6338026850109895,-0.06280447460053498,1.0,0.07009148713646178,0.252247408034794,0.6608695652173913,1.6892417999988538,0.23210389999985637,7.134929400001056,
segment,P2_NoFMIS,,ablation,clean,0.0,14,0.2,462,0.7952380952380952,0.7275954905521121,0.6524494369206846,-0.06558972311254099,1.0,0.07026164651997162,0.25244702073458497,0.646551724137931,1.3753913000000466,0.22887380000065605,8.94905110000036,
segment,P2_NoFMIS,,ablation,clean,0.0,14,0.3,693,0.8285714285714286,0.7570128858020165,0.6867289108838414,-0.0658669668051767,1.0,0.07123052237834865,0.2532154187631302,0.696969696969697,1.1296072999994067,0.17271210000035353,10.397721600000295,
segment,P2_NoFMIS,,ablation,clean,0.0,15,0.05,115,0.5307359307359307,0.568788300231516,0.42030064609684215,-0.0705984884571288,1.0,0.06800967331511215,0.21313419248857085,0.7391304347826086,2.1914866999995866,0.17582059999949706,2.479279299999689,
segment,P2_NoFMIS,,ablation,clean,0.0,15,0.1,231,0.7367965367965368,0.7013027209352722,0.6121908756552337,-0.06414562079754661,1.0,0.07078697883326393,0.22649109013958402,0.7586206896551724,1.9333284999993339,0.12732270000014978,4.815357499999664,
segment,P2_NoFMIS,,ablation,clean,0.0,15,0.15,346,0.7636363636363637,0.709821136110429,0.6351030716359957,-0.0652139860521558,1.0,0.06993713105694495,0.2402717268849347,0.6608695652173913,1.6184740999997302,0.31592389999968873,7.122401000000536,
segment,P2_NoFMIS,,ablation,clean,0.0,15,0.2,462,0.7640692640692641,0.7125700880512942,0.6272800497986099,-0.06722598938991996,1.0,0.07058622421650322,0.24476056348146547,0.6810344827586207,1.2934065999997983,0.29455090000010387,8.925202200000058,
segment,P2_NoFMIS,,ablation,clean,0.0,15,0.3,693,0.8108225108225108,0.7454999787353636,0.6615142105707431,-0.06301150884101218,1.0,0.07251126838775207,0.24549791932288514,0.7186147186147186,1.225855300001058,0.2853130000003148,10.664605199999642,
segment,P2_NoFMIS,,ablation,clean,0.0,16,0.05,115,0.580952380952381,0.5728893066742582,0.45645886140017816,-0.06480095556498565,1.0,0.07202594095685154,0.19329409561016261,0.7246376811594203,2.1352874000003794,0.26070900000013353,2.5359668000000966,
segment,P2_NoFMIS,,ablation,clean,0.0,16,0.1,231,0.7212121212121212,0.7128064698113932,0.6028020321043164,-0.06589413594164499,1.0,0.07670211644843511,0.20886244886612657,0.7672413793103449,2.0094109999990906,0.170885300000009,5.01786699999866,
segment,P2_NoFMIS,,ablation,clean,0.0,16,0.15,346,0.7454545454545455,0.699863473573456,0.6082425779588795,-0.06272481697352786,1.0,0.07066017113726994,0.23665612940146047,0.7043478260869566,1.7024328999996214,0.3825790999999299,7.31089509999947,
segment,P2_NoFMIS,,ablation,clean,0.0,16,0.2,462,0.7705627705627706,0.7246229288913998,0.6323573261893988,-0.05867122818513248,1.0,0.07351074823837234,0.2589527678675573,0.646551724137931,1.379441199998837,0.19625000000087311,9.111233999999968,
segment,P2_NoFMIS,,ablation,clean,0.0,16,0.3,693,0.7995670995670996,0.7452012101576413,0.6527491046377181,-0.061562819573668444,1.0,0.07535125554902632,0.23242971586690173,0.7402597402597403,1.1329344999994646,0.20278180000059365,10.663016099999368,
segment,P2_NoFMIS,,ablation,clean,0.0,17,0.05,115,0.5571428571428572,0.5837381980667575,0.4388965154548216,-0.07454105698411512,1.0,0.07000031519075728,0.2032555619920692,0.7101449275362319,2.1921499999989464,0.24883570000019972,2.528025699999489,
segment,P2_NoFMIS,,ablation,clean,0.0,17,0.1,231,0.7272727272727273,0.687637606617968,0.595726537773343,-0.07093474734202276,1.0,0.07432553942452805,0.19986986218145733,0.7586206896551724,1.9730725999997958,0.09964129999934812,4.90399509999952,
segment,P2_NoFMIS,,ablation,clean,0.0,17,0.15,346,0.7471861471861472,0.7004664146132755,0.604766299255681,-0.06437249983843157,1.0,0.0717661852083349,0.25007507831613035,0.6521739130434783,1.619594199999483,0.3151730999998108,7.101238199998988,
segment,P2_NoFMIS,,ablation,clean,0.0,17,0.2,462,0.7662337662337663,0.7145521867158664,0.6219885192325777,-0.06093901537196192,1.0,0.07361111358687539,0.24054736434109483,0.7155172413793104,1.294622999999774,0.2894030000006751,8.86226109999916,
segment,P2_NoFMIS,,ablation,clean,0.0,17,0.3,693,0.7987012987012987,0.7422173606598383,0.650784419294616,-0.06469715709662671,1.0,0.07503862140977886,0.22628168441749205,0.7445887445887446,1.2250819000000774,0.18351450000045588,10.562619700000141,
segment,P2_NoFMIS,,ablation,clean,0.0,18,0.05,115,0.6597402597402597,0.605065990521773,0.5128323332161653,-0.07952323238706072,1.0,0.06908856518835524,0.1954143635265061,0.7391304347826086,2.0152245000008406,0.24712059999910707,2.4663563999984035,
segment,P2_NoFMIS,,ablation,clean,0.0,18,0.1,231,0.6974025974025974,0.6630574556997658,0.550965988664923,-0.06586928664690825,1.0,0.07145882156432924,0.2279878760752964,0.7241379310344828,1.8302910999991582,0.1483816999989358,4.722315600000002,
segment,P2_NoFMIS,,ablation,clean,0.0,18,0.15,346,0.7406926406926407,0.6982095853595224,0.6017187854531849,-0.06389263803446851,1.0,0.07065468685274093,0.21800178143421237,0.6956521739130435,1.7306884000008722,0.24598900000091817,6.902720199999749,
segment,P2_NoFMIS,,ablation,clean,0.0,18,0.2,462,0.7606060606060606,0.7053738687315322,0.6172022861319786,-0.06389672148637353,1.0,0.07121660356618092,0.23732157744940333,0.6724137931034483,1.4060945000001084,0.22958719999951427,8.754063999998834,
segment,P2_NoFMIS,,ablation,clean,0.0,18,0.3,693,0.8004329004329004,0.7391706397809708,0.6539318661147958,-0.0629637043343551,1.0,0.07287050428822303,0.24735951827402736,0.696969696969697,1.1354000000010274,0.20663669999885315,10.286279599999034,
segment,P2_NoFMIS,,ablation,clean,0.0,19,0.05,115,0.7601731601731602,0.6665798693654856,0.5792198917711587,-0.07283016232730874,1.0,0.06848287153952397,0.19177118786587005,0.7536231884057971,2.1875474999997095,0.24699539999892295,2.662102500000401,
segment,P2_NoFMIS,,ablation,clean,0.0,19,0.1,231,0.7541125541125541,0.7198456594270771,0.6412135482258497,-0.07172608192536714,1.0,0.06855055301937436,0.19471510426991115,0.7241379310344828,2.0169012999995175,0.2072695000006206,5.13305229999969,
segment,P2_NoFMIS,,ablation,clean,0.0,19,0.15,346,0.7645021645021645,0.743822894448413,0.6549266421191361,-0.06895475698535881,1.0,0.07089336202097266,0.22813107811753075,0.7130434782608696,1.656041099999129,0.26562530000046536,7.306149199999709,
segment,P2_NoFMIS,,ablation,clean,0.0,19,0.2,462,0.7735930735930736,0.7337691214943051,0.6492768467004244,-0.06379161839540573,1.0,0.07166654184774021,0.2343284002236951,0.7068965517241379,1.3496644999995624,0.2332683000004181,9.094788899999912,
segment,P2_NoFMIS,,ablation,clean,0.0,19,0.3,693,0.8168831168831169,0.7552038720236584,0.6813945344420065,-0.061423588170944655,1.0,0.07240870507141768,0.2401475330246718,0.7142857142857143,1.1850273000000016,0.1678766999993968,10.666194900000846,
segment,P2_NoFMIS,,ablation,clean,0.0,20,0.05,115,0.6077922077922078,0.5835198390752063,0.4870243637067087,-0.07129249835451389,1.0,0.06986880669016261,0.20376988097637497,0.7391304347826086,2.1641517000007298,0.20266809999884572,2.561099299999114,
segment,P2_NoFMIS,,ablation,clean,0.0,20,0.1,231,0.7372294372294372,0.6917504779557643,0.6019470657991155,-0.06663232145429464,1.0,0.07015611596804522,0.1969033291383161,0.7413793103448276,1.8633922999997594,0.1749853000001167,4.940128799999002,
segment,P2_NoFMIS,,ablation,clean,0.0,20,0.15,346,0.7627705627705628,0.7119356255208653,0.6279210245879085,-0.0676796133140109,1.0,0.07128820954809169,0.21349192973264747,0.7565217391304347,1.6426250000004075,0.3323566999988543,7.131043999999747,
segment,P2_NoFMIS,,ablation,clean,0.0,20,0.2,462,0.787012987012987,0.7235085750880843,0.6431384993120457,-0.07031309777510343,1.0,0.07219489257456273,0.2277921901713818,0.7068965517241379,1.4026016000007075,0.16718659999969532,8.916404499999771,
segment,P2_NoFMIS,,ablation,clean,0.0,20,0.3,693,0.8147186147186147,0.7456996527126526,0.6682691180021391,-0.06146336315317112,1.0,0.07306407711784477,0.24379188184638972,0.70995670995671,1.16128050000043,0.17498080000041227,10.492585799998778,
segment,P2_NoFMIS,,ablation,clean,0.0,21,0.05,115,0.6476190476190476,0.6177231783061949,0.5184045007586309,-0.06663764096397676,1.0,0.07095766741472803,0.2164642706774019,0.7101449275362319,2.1645606000001862,0.2567391000011412,2.5349560999984533,
segment,P2_NoFMIS,,ablation,clean,0.0,21,0.1,231,0.7428571428571429,0.7111512910407858,0.617322821853252,-0.06797129144018967,1.0,0.07229135135938353,0.2162346800179538,0.7068965517241379,1.9597327999999834,0.12337079999997513,4.977923099999316,
segment,P2_NoFMIS,,ablation,clean,0.0,21,0.15,346,0.7593073593073593,0.723004234019913,0.6293613466340097,-0.06773849251413222,1.0,0.07199749937894466,0.23701757107781196,0.7043478260869566,1.598237500000323,0.2907186000011279,7.073685599998498,
segment,P2_NoFMIS,,ablation,clean,0.0,21,0.2,462,0.7818181818181819,0.734504240414539,0.6443038899622882,-0.06125438183029669,1.0,0.07323218296300153,0.2506869277489077,0.6896551724137931,1.3632846000000427,0.20888910000030592,8.850358499999857,
segment,P2_NoFMIS,,ablation,clean,0.0,21,0.3,693,0.8073593073593074,0.7514299563140778,0.6633712876140169,-0.06320958375607476,1.0,0.07432329831881228,0.23407088852362765,0.7575757575757576,1.2459963000001153,0.24494240000058198,10.587621399999989,
segment,P2_NoFMIS,,ablation,clean,0.0,22,0.05,115,0.7077922077922078,0.6410305219806327,0.5407614208217955,-0.07011245456746276,1.0,0.07023734081592106,0.21624251955188872,0.7101449275362319,2.2010360000003857,0.3302714000001288,2.685732599999028,
segment,P2_NoFMIS,,ablation,clean,0.0,22,0.1,231,0.7623376623376623,0.7285834604391918,0.648615763937238,-0.07206283225872706,1.0,0.06791355741052356,0.17744698245535448,0.7672413793103449,1.902490399999806,0.15402419999918493,5.09477490000063,
segment,P2_NoFMIS,,ablation,clean,0.0,22,0.15,346,0.7519480519480519,0.7207745167565395,0.6303193982828759,-0.06789416949088872,1.0,0.07123643079819847,0.2178436173891825,0.7391304347826086,1.698913399999583,0.3392275000005611,7.573391199999605,
segment,P2_NoFMIS,,ablation,clean,0.0,22,0.2,462,0.7670995670995671,0.7271608862077007,0.6372180567229296,-0.057674842491196046,1.0,0.07230811831693444,0.2528898727934055,0.6724137931034483,1.3464178000012907,0.2299208999993425,9.318882600000506,
segment,P2_NoFMIS,,ablation,clean,0.0,22,0.3,693,0.8095238095238095,0.746964468737602,0.6627884991237059,-0.06423014483558721,1.0,0.07382575316677936,0.2383403405156156,0.7445887445887446,1.1445827999996254,0.14451390000067477,10.868223699999362,
segment,P2_NoFMIS,,ablation,clean,0.0,23,0.05,115,0.5913419913419914,0.5871026705413588,0.47017100311168786,-0.06946010512215126,1.0,0.07518402014612133,0.19761252951450642,0.7391304347826086,2.229415899999367,0.11372259999916423,2.5669693000018015,
segment,P2_NoFMIS,,ablation,clean,0.0,23,0.1,231,0.6982683982683983,0.6550309902721104,0.5539925414172661,-0.06939643462999114,1.0,0.07473938357337127,0.20483271876054523,0.75,1.871680500000366,0.21057589999873016,4.889691900001708,
segment,P2_NoFMIS,,ablation,clean,0.0,23,0.15,346,0.7341991341991342,0.6954664104171784,0.5935804392688935,-0.05616536974102826,1.0,0.07240388757385145,0.25415146290666885,0.6434782608695652,1.5812316999999894,0.2249071999995067,6.928333700001531,
segment,P2_NoFMIS,,ablation,clean,0.0,23,0.2,462,0.7562770562770563,0.7075118568611948,0.611525982178633,-0.06144393217411295,1.0,0.07440880835884187,0.24284865624059945,0.6724137931034483,1.4080224000008457,0.23130759999912698,8.7447383000017,
segment,P2_NoFMIS,,ablation,clean,0.0,23,0.3,693,0.7917748917748918,0.7368732357697121,0.6431778423176714,-0.06209557900450199,1.0,0.07572191419775416,0.2284360462120757,0.7445887445887446,1.2010195000002568,0.140178300000116,10.313337900000988,
segment,P2_NoFMIS,,ablation,clean,0.0,24,0.05,115,0.6562770562770562,0.5993273189678394,0.5030929246837109,-0.06065948340547952,1.0,0.0720939922119505,0.21285129393281207,0.7101449275362319,2.083102799999324,0.228187099999559,2.499275000000125,
segment,P2_NoFMIS,,ablation,clean,0.0,24,0.1,231,0.712987012987013,0.6480145490072641,0.5634021216222596,-0.06564530714556165,1.0,0.07156823814209706,0.22956183524949042,0.7155172413793104,1.8234205999997357,0.178428500001246,4.831649300000208,
segment,P2_NoFMIS,,ablation,clean,0.0,24,0.15,346,0.7506493506493507,0.7139807079524165,0.6165976859876404,-0.0608707997346779,1.0,0.06913433838030045,0.2599784075652974,0.6521739130434783,2.033740700000635,0.33389570000144886,7.382042299999739,
segment,P2_NoFMIS,,ablation,clean,0.0,24,0.2,462,0.7692640692640693,0.7212872962195368,0.6285119391703395,-0.06105734896171582,1.0,0.07309790502489534,0.23858237678779587,0.6724137931034483,1.3727087999996002,0.1869526999998925,9.129168700001173,
segment,P2_NoFMIS,,ablation,clean,0.0,24,0.3,693,0.8090909090909091,0.7544762894222505,0.6684250492792564,-0.06033771858701725,1.0,0.07420405914179799,0.24704514808637051,0.7229437229437229,1.1792057999991812,0.22825320000083593,10.756347300000925,
segment,P2_NoFMIS,,ablation,clean,0.0,25,0.05,115,0.7047619047619048,0.6261732535791605,0.5488576246776834,-0.06971974909031095,1.0,0.07255208190875732,0.1972180350591549,0.7246376811594203,2.1548052999987704,0.2958048999989842,2.784808399999747,
segment,P2_NoFMIS,,ablation,clean,0.0,25,0.1,231,0.716017316017316,0.651540059752543,0.5629024896569784,-0.067374530847824,1.0,0.06945330988580697,0.22818218037784788,0.7413793103448276,1.9425200999994559,0.33382589999928314,5.3438527999987855,
segment,P2_NoFMIS,,ablation,clean,0.0,25,0.15,346,0.7640692640692641,0.705471040298548,0.6221021119660214,-0.06313162468774378,1.0,0.0711145924257443,0.251495403294179,0.6695652173913044,1.689982500000042,0.3098298999993858,7.603033999999752,
segment,P2_NoFMIS,,ablation,clean,0.0,25,0.2,462,0.7761904761904762,0.7124237321644694,0.6315758325713396,-0.06067432686686133,1.0,0.0727353609952621,0.2563526150181356,0.6551724137931034,1.3136948999999731,0.24180749999868567,9.40466809999998,
segment,P2_NoFMIS,,ablation,clean,0.0,25,0.3,693,0.8056277056277056,0.7467009969104821,0.6595410911737989,-0.058590363517182734,1.0,0.07436518908114763,0.25186939101312095,0.70995670995671,1.17139060000045,0.2890728999991552,11.249639399999069,
segment,P2_NoFMIS,,ablation,clean,0.0,26,0.05,115,0.6800865800865801,0.6372091596068844,0.5247425010178547,-0.0711245132887835,1.0,0.07264540197220418,0.19656708421265406,0.7101449275362319,2.2011376000009477,0.2945075999996334,2.8125961999994615,
segment,P2_NoFMIS,,ablation,clean,0.0,26,0.1,231,0.6887445887445888,0.6564567648060983,0.5376747287794691,-0.07590750421138871,1.0,0.07047960730553277,0.19955368216116123,0.7327586206896551,2.0206431000005978,0.24114650000046822,5.2235154999998485,
segment,P2_NoFMIS,,ablation,clean,0.0,26,0.15,346,0.7354978354978355,0.6927955093384395,0.5844039278718223,-0.06632481816591393,1.0,0.07276104462271642,0.22142325730906573,0.7130434782608696,1.6207567999990715,0.16334479999932228,7.219688600000154,
segment,P2_NoFMIS,,ablation,clean,0.0,26,0.2,462,0.7696969696969697,0.7117921335551751,0.6175684926294229,-0.06665430379049121,1.0,0.07357798974093743,0.24872958269664605,0.6551724137931034,1.3102672000004532,0.19522800000049756,8.957951799999137,
segment,P2_NoFMIS,,ablation,clean,0.0,26,0.3,693,0.7982683982683982,0.7414813299218855,0.6489845227426073,-0.062327916184184484,1.0,0.0748520782685299,0.24058314830634073,0.7316017316017316,1.1527787999984866,0.20372850000057952,10.620205199998964,
segment,P2_NoFMIS,,ablation,clean,0.0,27,0.05,115,0.6086580086580087,0.6148344973252848,0.486967659015697,-0.06458330926300253,1.0,0.07227827743958205,0.21518974739425212,0.6811594202898551,2.165458800000124,0.1182807999994111,2.5249437000002217,
segment,P2_NoFMIS,,ablation,clean,0.0,27,0.1,231,0.7268398268398268,0.6858999684325435,0.5809569843409517,-0.06782559051298796,1.0,0.07115746373239813,0.2239011447656974,0.7155172413793104,1.9005247000004601,0.2566642000001593,4.962005399998816,
segment,P2_NoFMIS,,ablation,clean,0.0,27,0.15,346,0.7376623376623377,0.6934586905294564,0.5919008733408145,-0.06145072102801698,1.0,0.07122100830478863,0.23471137600671754,0.6695652173913044,1.655808600000455,0.3317215999995824,7.23094250000031,
segment,P2_NoFMIS,,ablation,clean,0.0,27,0.2,462,0.7645021645021645,0.7061333293449319,0.6121741614542072,-0.060883392617313105,1.0,0.0723107442321619,0.23752992165898568,0.7155172413793104,1.3638016999993852,0.2709013000003324,9.065437699999165,
segment,P2_NoFMIS,,ablation,clean,0.0,27,0.3,693,0.7982683982683982,0.738009144061525,0.6477967648158482,-0.05604432126790934,1.0,0.07399279694032987,0.248780389977887,0.696969696969697,1.182908500000849,0.19977079999989655,10.687861200000043,
segment,P2_NoFMIS,,ablation,clean,0.0,28,0.05,115,0.59004329004329,0.536080463549913,0.4281971668517298,-0.06174847125550895,1.0,0.0746335015489693,0.20243932653416952,0.6956521739130435,2.1649118999994243,0.08365989999947487,2.554692800000339,
segment,P2_NoFMIS,,ablation,clean,0.0,28,0.1,231,0.7246753246753247,0.6846006083258405,0.5904129537185768,-0.06609914665683786,1.0,0.06668518210472027,0.21637367732443288,0.7241379310344828,1.9667320999997173,0.2451658000009047,5.052792999998928,
segment,P2_NoFMIS,,ablation,clean,0.0,28,0.15,346,0.7437229437229437,0.6998109348223359,0.6030511000529057,-0.062315061354617715,1.0,0.07189351943920864,0.2299334015964733,0.7217391304347827,1.6857739000006404,0.3490204999998241,7.267877300000691,
segment,P2_NoFMIS,,ablation,clean,0.0,28,0.2,462,0.7645021645021645,0.711651216606525,0.6158797371760897,-0.062306348426774474,1.0,0.07331623116109307,0.24969678112913923,0.6810344827586207,1.2709639000004245,0.18065419999948062,8.845126500000333,
segment,P2_NoFMIS,,ablation,clean,0.0,28,0.3,693,0.7948051948051948,0.7394781627800899,0.6470978549679944,-0.06135634403766097,1.0,0.07493407583197793,0.2417627747657046,0.7272727272727273,1.1168940000006842,0.1196587999984331,10.275269800000387,
segment,P2_NoFMIS,,ablation,clean,0.0,29,0.05,115,0.5818181818181818,0.5708216394588744,0.45781552399539577,-0.07256492687479982,1.0,0.07176878378781903,0.20093067786869476,0.6956521739130435,2.209035399999266,0.14570450000064739,2.576953499999945,
segment,P2_NoFMIS,,ablation,clean,0.0,29,0.1,231,0.7229437229437229,0.6687451857140172,0.582432705822331,-0.06778147081982026,1.0,0.07364022593807912,0.21702835971442455,0.7327586206896551,2.024833100000251,0.21518519999881391,5.084409699999014,
segment,P2_NoFMIS,,ablation,clean,0.0,29,0.15,346,0.7454545454545455,0.69693767472124,0.5986241282722481,-0.06048688106475895,1.0,0.0721365315503724,0.25483623137057154,0.6608695652173913,1.6675590999984706,0.2654134000003978,7.20653719999973,
segment,P2_NoFMIS,,ablation,clean,0.0,29,0.2,462,0.7666666666666667,0.71361717577723,0.6178309608431912,-0.07042967859603294,1.0,0.07409566936814488,0.2347378037834203,0.7241379310344828,1.3329711000005773,0.17587549999916519,8.8353618000001,
segment,P2_NoFMIS,,ablation,clean,0.0,29,0.3,693,0.7952380952380952,0.7374754791839275,0.6452142562019847,-0.07010990279923769,1.0,0.075430299051179,0.22644297739497088,0.7575757575757576,1.2328156000003219,0.12986750000163738,10.485512299999755,
segment,P2_NoFMIS,,ablation,clean,0.2,0,0.05,115,0.5783549783549784,0.5700418984074312,0.4620045198577428,-0.0730870448863319,1.0,0.07129965645775782,0.21028835258395304,0.6956521739130435,2.1078659999984666,0.29702309999993304,2.604451200000767,
segment,P2_NoFMIS,,ablation,clean,0.2,0,0.1,231,0.7168831168831169,0.6300593978292015,0.5720119965917437,-0.06575458498803637,1.0,0.07625072724475315,0.20464035369847214,0.7586206896551724,1.9809805000004417,0.18329869999979564,5.076774500001193,
segment,P2_NoFMIS,,ablation,clean,0.2,0,0.15,346,0.7173160173160174,0.616910869588001,0.5622014126531145,-0.06711145786118435,1.0,0.07073689998491671,0.23851602706764902,0.6956521739130435,1.6419320999993943,0.2834495999995852,7.24028090000138,
segment,P2_NoFMIS,,ablation,clean,0.2,0,0.2,462,0.7242424242424242,0.6144028733165507,0.5621317780518404,-0.06021508576499205,1.0,0.07113116401726867,0.26920399984841076,0.6293103448275862,1.2797289999998611,0.18046730000060052,8.883471799999825,
segment,P2_NoFMIS,,ablation,clean,0.2,0,0.3,693,0.7389610389610389,0.5994808189853794,0.5526482024212397,-0.05527167064589307,1.0,0.07245532496892204,0.2658561782732749,0.696969696969697,1.2549845000012283,0.1954146000007313,10.775059200001124,
segment,P2_NoFMIS,,ablation,clean,0.2,1,0.05,115,0.6463203463203463,0.5947331322218636,0.4805005688508728,-0.06917295035864453,1.0,0.0726943501660228,0.21047293415110052,0.6956521739130435,2.1874496000000363,0.35697220000110974,2.974114099999497,
segment,P2_NoFMIS,,ablation,clean,0.2,1,0.1,231,0.6696969696969697,0.601916524046853,0.5129466466387479,-0.06758558296909775,1.0,0.07238447053951233,0.20816327425484205,0.7327586206896551,1.9622478000001138,0.23465779999969527,5.407802900001116,
segment,P2_NoFMIS,,ablation,clean,0.2,1,0.15,346,0.693939393939394,0.6232862811244225,0.5403104076983206,-0.06274804088550025,1.0,0.07101951871298534,0.2549175618879443,0.6347826086956522,1.6348915999988094,0.19171889999961422,7.403106100000514,
segment,P2_NoFMIS,,ablation,clean,0.2,1,0.2,462,0.6956709956709957,0.607536673787612,0.5304377945058026,-0.06471771759760589,1.0,0.07235185437336257,0.25469362616160235,0.6637931034482759,1.3530890000001818,0.15979320000042208,9.076923700000407,
segment,P2_NoFMIS,,ablation,clean,0.2,1,0.3,693,0.7220779220779221,0.6002210900492261,0.5357753634075372,-0.05726587599864758,1.0,0.07321092752465934,0.25162738696538023,0.7186147186147186,1.1408216999989236,0.16760509999949136,10.556231200000184,
segment,P2_NoFMIS,,ablation,clean,0.2,2,0.05,115,0.6376623376623377,0.5559205842591826,0.4766703580732778,-0.07482761654360685,1.0,0.07244914577726479,0.18879346230652927,0.7391304347826086,2.2707837999987532,0.31975950000014564,2.8794021000012435,
segment,P2_NoFMIS,,ablation,clean,0.2,2,0.1,231,0.7086580086580087,0.6362683285433379,0.5742348443819275,-0.06621093771713776,1.0,0.07086932952385125,0.20892563783218987,0.7327586206896551,2.070734500000981,0.2760474999995495,5.615239400000064,
segment,P2_NoFMIS,,ablation,clean,0.2,2,0.15,346,0.70995670995671,0.6194145155089611,0.5609022815708103,-0.06482978734417592,1.0,0.07161893657160118,0.2392755336664801,0.6869565217391305,1.7099476999992476,0.2800245999987965,7.8300935000006575,
segment,P2_NoFMIS,,ablation,clean,0.2,2,0.2,462,0.7428571428571429,0.6365509951240076,0.5854088841845042,-0.06547826115492852,1.0,0.0718840156917215,0.24701532396487122,0.6379310344827587,1.3851570000006177,0.21366780000062136,9.630431200001112,
segment,P2_NoFMIS,,ablation,clean,0.2,2,0.3,693,0.7471861471861472,0.6113186202559527,0.5716859044569125,-0.05777278811911974,1.0,0.07244354339825583,0.25907850605405014,0.696969696969697,1.181074099999023,0.19802750000053493,11.335962400000426,
segment,P2_NoFMIS,,ablation,clean,0.2,3,0.05,115,0.7103896103896103,0.6197728619607337,0.5253416369866392,-0.0715997990638447,1.0,0.07237070967171373,0.196600461166588,0.7391304347826086,2.19621300000108,0.1861998999993375,2.622161600000254,
segment,P2_NoFMIS,,ablation,clean,0.2,3,0.1,231,0.6861471861471862,0.6197837568323271,0.528868832446242,-0.07842444577891104,1.0,0.0687552028171577,0.17720385907448008,0.75,1.9750260000000708,0.23471690000042145,5.0838793000002624,
segment,P2_NoFMIS,,ablation,clean,0.2,3,0.15,346,0.7264069264069264,0.6367886906392115,0.5771261446969254,-0.07136762476484299,1.0,0.06933953836937778,0.22346576972931678,0.7043478260869566,1.6239841000005981,0.1821681000001263,7.157238400001006,
segment,P2_NoFMIS,,ablation,clean,0.2,3,0.2,462,0.7411255411255411,0.6289299205456809,0.5771986780450877,-0.05981559282872005,1.0,0.06894278673454467,0.25892878884930176,0.6379310344827587,1.3238012000001618,0.21377340000071854,8.894766400000663,
segment,P2_NoFMIS,,ablation,clean,0.2,3,0.3,693,0.7632034632034632,0.6150175930246432,0.5752231335413206,-0.055670729476571215,1.0,0.06916984653049173,0.2710600709930148,0.683982683982684,1.1343663999996352,0.20192999999926542,10.468420700000934,
segment,P2_NoFMIS,,ablation,clean,0.2,4,0.05,115,0.6194805194805195,0.5585390237083853,0.448339174315607,-0.06805510639144328,1.0,0.07514416581173848,0.20312235215703767,0.6956521739130435,2.1099420999998983,0.12338369999997667,2.424091500000941,
segment,P2_NoFMIS,,ablation,clean,0.2,4,0.1,231,0.6913419913419914,0.5999653164047889,0.5346992909957805,-0.07439976574793647,1.0,0.07058302199213771,0.19510755466312604,0.7413793103448276,1.9975546000005124,0.19098029999986466,4.904597599999761,
segment,P2_NoFMIS,,ablation,clean,0.2,4,0.15,346,0.7043290043290044,0.6123061767148076,0.5402906864566639,-0.06088808930213125,1.0,0.07003689745515394,0.24762489451798497,0.6956521739130435,1.6863583000013023,0.25767000000087137,7.060547700000825,
segment,P2_NoFMIS,,ablation,clean,0.2,4,0.2,462,0.6974025974025974,0.5980748097431559,0.5245852314946782,-0.06211046475464331,1.0,0.07149119113040817,0.2483389041272974,0.6724137931034483,1.237536500000715,0.18267700000069453,8.646520800000872,
segment,P2_NoFMIS,,ablation,clean,0.2,4,0.3,693,0.7277056277056277,0.5925414651499227,0.5413577357825667,-0.059770328454235126,1.0,0.0730414650598187,0.2508125332684935,0.683982683982684,1.1746717000005447,0.115139999999883,10.065297400000418,
segment,P2_NoFMIS,,ablation,clean,0.2,5,0.05,115,0.6303030303030303,0.5866993076342792,0.4694673150161714,-0.07202533398007832,1.0,0.07027845960226269,0.20942459263029226,0.7101449275362319,2.172811200000069,0.22761659999923722,2.5976967999995395,
segment,P2_NoFMIS,,ablation,clean,0.2,5,0.1,231,0.687012987012987,0.6110438099783371,0.5391604343960814,-0.06655170297370745,1.0,0.07204674579321362,0.21347669336230915,0.7327586206896551,1.9710704999997688,0.16654940000080387,5.04882600000019,
segment,P2_NoFMIS,,ablation,clean,0.2,5,0.15,346,0.7034632034632035,0.6361768212576419,0.561068725524574,-0.05997498632464239,1.0,0.06947692989471813,0.2580198707629861,0.6608695652173913,1.684109300000273,0.3089285000005475,7.454895799999576,
segment,P2_NoFMIS,,ablation,clean,0.2,5,0.2,462,0.7285714285714285,0.6279208532564191,0.5647530155859561,-0.05728658377219698,1.0,0.06976543379700391,0.26816270834362677,0.6293103448275862,1.3864668000005622,0.3490459999993618,9.577735400000165,
segment,P2_NoFMIS,,ablation,clean,0.2,5,0.3,693,0.7484848484848485,0.6166747101217407,0.5652210574439418,-0.05753359169709041,1.0,0.07201171747541213,0.2627276587912551,0.6796536796536796,1.1593298000007053,0.3518030000013823,11.428031699999337,
segment,P2_NoFMIS,,ablation,clean,0.2,6,0.05,115,0.658008658008658,0.5895354412775674,0.4988623938129809,-0.06941021961384058,1.0,0.06871572877470739,0.21422529877962326,0.6956521739130435,2.1946402000012313,0.2693221999998059,2.6909085999996023,
segment,P2_NoFMIS,,ablation,clean,0.2,6,0.1,231,0.7090909090909091,0.5944466201300427,0.5127479300518071,-0.06927819537833171,1.0,0.07003845550971169,0.2012101737385394,0.7241379310344828,1.9121024000014586,0.23060830000031274,5.005615100000796,
segment,P2_NoFMIS,,ablation,clean,0.2,6,0.15,346,0.7294372294372294,0.6268349617651487,0.5624298001561275,-0.06537391852327028,1.0,0.06798029785631983,0.21790049210753493,0.7217391304347827,1.6917776000009326,0.16573190000053728,7.09156559999974,
segment,P2_NoFMIS,,ablation,clean,0.2,6,0.2,462,0.7406926406926407,0.616025284604454,0.565980509027898,-0.06363577475049331,1.0,0.07054631768112762,0.24220744255825088,0.7155172413793104,1.4075659000009182,0.20566239999971003,8.913418199999796,
segment,P2_NoFMIS,,ablation,clean,0.2,6,0.3,693,0.7402597402597403,0.5988865525250086,0.5510408406982318,-0.057541157292077476,1.0,0.07093959562237706,0.2721213867618773,0.6796536796536796,1.1293733000002248,0.203958899999634,10.413550600000235,
segment,P2_NoFMIS,,ablation,clean,0.2,7,0.05,115,0.706926406926407,0.596655919011091,0.5088135936072827,-0.06041968242392176,1.0,0.07535354929397191,0.20709592454072293,0.7101449275362319,2.1681759000002785,0.06862840000030701,2.5037247000000207,
segment,P2_NoFMIS,,ablation,clean,0.2,7,0.1,231,0.7294372294372294,0.5860205759402052,0.526980019441205,-0.06889601230997558,1.0,0.06939717500546279,0.19079488278321755,0.7413793103448276,1.997367199999644,0.267699599999105,5.073092999999062,
segment,P2_NoFMIS,,ablation,clean,0.2,7,0.15,346,0.6878787878787879,0.6155626188153266,0.5358876203016353,-0.06398633246128674,1.0,0.06701180613717499,0.2196601990650384,0.7304347826086957,1.6018087000011292,0.3293797000005725,7.252806099999361,
segment,P2_NoFMIS,,ablation,clean,0.2,7,0.2,462,0.6935064935064935,0.6043326172678114,0.5317219612086799,-0.05641203582787894,1.0,0.07174433848941149,0.26328413298447784,0.6637931034482759,1.3027822000003653,0.20279649999974936,8.90972949999923,
segment,P2_NoFMIS,,ablation,clean,0.2,7,0.3,693,0.7017316017316018,0.5780732061709594,0.5141368607424253,-0.059003679245225676,1.0,0.07302141421855336,0.2599528586265293,0.6926406926406926,1.2094661999999516,0.13646829999925103,10.379157099998338,
segment,P2_NoFMIS,,ablation,clean,0.2,8,0.05,115,0.6796536796536796,0.5816194257618226,0.4967378883218263,-0.07071850326068996,1.0,0.0695087228292369,0.20542424165090248,0.6811594202898551,2.1426099999989674,0.15374340000016673,2.602766199999678,
segment,P2_NoFMIS,,ablation,clean,0.2,8,0.1,231,0.6874458874458874,0.6084487284540088,0.5367457636215764,-0.07022086548177141,1.0,0.06713271850924492,0.2018560463170502,0.7155172413793104,2.0739531999988685,0.28356560000065656,5.1722069999996165,
segment,P2_NoFMIS,,ablation,clean,0.2,8,0.15,346,0.6982683982683983,0.605045628261977,0.5433291612810046,-0.05859265772641589,1.0,0.07066655352862825,0.23957119262191862,0.6695652173913044,1.7868596999996953,0.26126450000083423,7.401828699999896,
segment,P2_NoFMIS,,ablation,clean,0.2,8,0.2,462,0.716017316017316,0.6038572494319472,0.549562212525259,-0.06079977797694298,1.0,0.07084292092807673,0.25621506758839113,0.6724137931034483,1.3450769999999466,0.13073099999928672,8.99879139999939,
segment,P2_NoFMIS,,ablation,clean,0.2,8,0.3,693,0.7329004329004329,0.6001963834862056,0.5531980911546946,-0.05582259996998062,1.0,0.07178526665196613,0.26967149033704013,0.6536796536796536,1.161302299999079,0.1248074999984965,10.411299400000644,
segment,P2_NoFMIS,,ablation,clean,0.2,9,0.05,115,0.6181818181818182,0.5639243869666144,0.4470266864829513,-0.07376599943888093,1.0,0.07373809514545863,0.18986890712906745,0.7536231884057971,2.1990049999985786,0.12166189999879862,2.4704963000003772,
segment,P2_NoFMIS,,ablation,clean,0.2,9,0.1,231,0.6766233766233766,0.635475284021794,0.5407894486416454,-0.06743085260391136,1.0,0.07245104034873014,0.1934975371600626,0.7241379310344828,1.874887600000875,0.1532060999998066,4.800988899998629,
segment,P2_NoFMIS,,ablation,clean,0.2,9,0.15,346,0.6852813852813853,0.6276235698609697,0.5464924448851858,-0.05938050911217788,1.0,0.07094472979762877,0.22815572908969214,0.7391304347826086,1.7183287999996537,0.34091760000046634,7.130205199999182,
segment,P2_NoFMIS,,ablation,clean,0.2,9,0.2,462,0.696969696969697,0.6243130896119328,0.5504339524139757,-0.05809601815812332,1.0,0.07046241551051467,0.25409564703159565,0.6896551724137931,1.3958591999999044,0.21581069999956526,9.042216300000291,
segment,P2_NoFMIS,,ablation,clean,0.2,9,0.3,693,0.7225108225108225,0.6035447583215647,0.5384549967610892,-0.05646435503893749,1.0,0.07064408769479748,0.2714275126488135,0.70995670995671,1.2532350000001315,0.28567300000031537,10.701984499999526,
segment,P2_NoFMIS,,ablation,clean,0.2,10,0.05,115,0.6891774891774892,0.571554050050134,0.4915520047664019,-0.07467001127179107,1.0,0.07267116489296231,0.20834615235603757,0.7101449275362319,2.197374800000034,0.2476267000001826,2.757562199998574,
segment,P2_NoFMIS,,ablation,clean,0.2,10,0.1,231,0.6329004329004329,0.5772318983982409,0.47355749734438596,-0.06657996872175595,1.0,0.0656772630563046,0.21749206155790837,0.7155172413793104,1.9527249000002485,0.30646990000059304,5.112935999999536,
segment,P2_NoFMIS,,ablation,clean,0.2,10,0.15,346,0.7051948051948052,0.621350681254934,0.5462446969714645,-0.06709397721181475,1.0,0.07233935305871587,0.21457708130505176,0.7478260869565218,1.683451500000956,0.09033939999972063,7.158931899999516,
segment,P2_NoFMIS,,ablation,clean,0.2,10,0.2,462,0.7012987012987013,0.605814328531027,0.5323302775563146,-0.05678798673146096,1.0,0.07125351865003972,0.2532858550461395,0.646551724137931,1.3670923999998195,0.22820279999905324,8.903305899999395,
segment,P2_NoFMIS,,ablation,clean,0.2,10,0.3,693,0.7255411255411255,0.5887529763491248,0.5349930621010061,-0.058414033036191235,1.0,0.07223731278094121,0.2527777338582615,0.7012987012987013,1.0777613000009296,0.13070610000067973,10.2527814999994,
segment,P2_NoFMIS,,ablation,clean,0.2,11,0.05,115,0.6277056277056277,0.5553514014268519,0.4559737930748364,-0.07124784922866477,1.0,0.07619133033564852,0.2069004772786927,0.6956521739130435,2.170963800001118,0.12527339999905962,2.423599899999317,
segment,P2_NoFMIS,,ablation,clean,0.2,11,0.1,231,0.6753246753246753,0.6218508308514666,0.5224552487677272,-0.07379900605640234,1.0,0.07093448077423531,0.18175617002769426,0.7413793103448276,2.0741078999999445,0.10775780000039958,4.840766699999222,
segment,P2_NoFMIS,,ablation,clean,0.2,11,0.15,346,0.6982683982683983,0.6259904705001402,0.5440825232081039,-0.06763633727020357,1.0,0.07262915016740769,0.22052083921913684,0.7217391304347827,1.679791300000943,0.24832430000060413,6.978438800000731,
segment,P2_NoFMIS,,ablation,clean,0.2,11,0.2,462,0.7082251082251082,0.6185770081610598,0.5430225968159914,-0.060032596320999936,1.0,0.07349657673048123,0.25555303719033157,0.646551724137931,1.3702663000003668,0.18355499999961467,8.721141199999693,
segment,P2_NoFMIS,,ablation,clean,0.2,11,0.3,693,0.7194805194805195,0.606295847036667,0.5423125322314399,-0.06220158787061811,1.0,0.07466099827319794,0.25157071740273085,0.7142857142857143,1.207123700000011,0.14363430000048538,10.20816559999912,
segment,P2_NoFMIS,,ablation,clean,0.2,12,0.05,115,0.6831168831168831,0.6230307469222602,0.5120141530799814,-0.06782856064275196,1.0,0.07493281097390665,0.20689022370297452,0.7391304347826086,2.1546268000001874,0.09873780000089027,2.5120838999991975,
segment,P2_NoFMIS,,ablation,clean,0.2,12,0.1,231,0.6917748917748918,0.6100609230437778,0.5338244615174906,-0.0690635587735664,1.0,0.07073240050985444,0.2062445143433879,0.7155172413793104,1.9205992000006518,0.21260179999990214,4.9051868000005925,
segment,P2_NoFMIS,,ablation,clean,0.2,12,0.15,346,0.7177489177489178,0.6351171804012339,0.5631259197957197,-0.05857895085204638,1.0,0.07148070061730158,0.2564941777247959,0.6260869565217392,1.648227499999848,0.24881290000121226,7.055104699998992,
segment,P2_NoFMIS,,ablation,clean,0.2,12,0.2,462,0.7264069264069264,0.6184539893343767,0.5543903111407751,-0.060748163152788366,1.0,0.07274086095423675,0.25368663697036814,0.6724137931034483,1.3591626000015822,0.20514929999990272,8.77217550000023,
segment,P2_NoFMIS,,ablation,clean,0.2,12,0.3,693,0.7277056277056277,0.5954789056441789,0.5392301857391688,-0.06117338669238088,1.0,0.07371229526113854,0.24790983367817113,0.7056277056277056,1.2463019999995595,0.16318370000044524,10.465894999999364,
segment,P2_NoFMIS,,ablation,clean,0.2,13,0.05,115,0.6324675324675325,0.6017116263012339,0.5044502032155416,-0.076021086440224,1.0,0.0724285081188215,0.21787373183556727,0.7391304347826086,2.2112512000003335,0.21354859999883047,2.693023699999685,
segment,P2_NoFMIS,,ablation,clean,0.2,13,0.1,231,0.6683982683982684,0.5883626534468621,0.5098325006128201,-0.06846093493378891,1.0,0.0713227710881472,0.21760461055563696,0.7413793103448276,1.999866899999688,0.28149110000049404,5.305784899999708,
segment,P2_NoFMIS,,ablation,clean,0.2,13,0.15,346,0.7086580086580087,0.6149545586432718,0.5469553566875845,-0.0623350460302966,1.0,0.0697549410576401,0.24018917817599228,0.6521739130434783,1.6095648999998957,0.30137719999947876,7.4311985000003915,
segment,P2_NoFMIS,,ablation,clean,0.2,13,0.2,462,0.7281385281385281,0.6242218605722792,0.5613105375708761,-0.05973412136528331,1.0,0.06985535853146202,0.26590187090968065,0.646551724137931,1.325799399999596,0.20583090000036464,9.170591500000228,
segment,P2_NoFMIS,,ablation,clean,0.2,13,0.3,693,0.7311688311688311,0.602691829006057,0.5494222022336762,-0.05773298420158674,1.0,0.07134723480173409,0.265045611544323,0.683982683982684,1.1809297999989212,0.20182439999916824,10.721448500000406,
segment,P2_NoFMIS,,ablation,clean,0.2,14,0.05,115,0.6454545454545455,0.6129008943723836,0.5187806986564913,-0.06927468230255975,1.0,0.07250594340321169,0.2173163730570873,0.6956521739130435,2.3549191000001883,0.23193709999941348,2.9389519000014843,
segment,P2_NoFMIS,,ablation,clean,0.2,14,0.1,231,0.6458874458874458,0.5625750033541441,0.4883817252251323,-0.06883544641805832,1.0,0.06832317805644306,0.21597625065661574,0.7068965517241379,1.8952936999994563,0.25818319999962114,5.40765360000114,
segment,P2_NoFMIS,,ablation,clean,0.2,14,0.15,346,0.7233766233766233,0.614689666704563,0.556284469534209,-0.058778587532264504,1.0,0.06899459159872492,0.2331819441261931,0.6869565217391305,1.7154730000002019,0.25505469999916386,7.927567100001397,
segment,P2_NoFMIS,,ablation,clean,0.2,14,0.2,462,0.7333333333333333,0.6201982289153809,0.5574726336048547,-0.06777728589842973,1.0,0.06973906129554763,0.2550831824805712,0.646551724137931,1.3792113000017707,0.3624797000011313,9.90160079999987,
segment,P2_NoFMIS,,ablation,clean,0.2,14,0.3,693,0.7441558441558441,0.6088409570503602,0.5604669327350298,-0.06231074604723477,1.0,0.07147336382538245,0.24800880985971294,0.7056277056277056,1.177886599998601,0.18202100000053179,11.468843200000265,
segment,P2_NoFMIS,,ablation,clean,0.2,15,0.05,115,0.5155844155844156,0.5333093520984802,0.4017156621657792,-0.06593385262422455,1.0,0.06833284610012019,0.20268225973254161,0.7101449275362319,2.0941065000006347,0.253507699999318,2.55047310000009,
segment,P2_NoFMIS,,ablation,clean,0.2,15,0.1,231,0.6251082251082251,0.5413521017686477,0.4691620447370592,-0.07301885735244687,1.0,0.07056116567733342,0.20217831046158036,0.7672413793103449,1.8987701000005472,0.13200760000108858,4.87776710000071,
segment,P2_NoFMIS,,ablation,clean,0.2,15,0.15,346,0.7038961038961039,0.6164517261244726,0.552983329737587,-0.05769661978240559,1.0,0.07096675800158828,0.24257336240819638,0.6869565217391305,1.6662273999991157,0.3074328999991849,7.188793600000281,
segment,P2_NoFMIS,,ablation,clean,0.2,15,0.2,462,0.7121212121212122,0.6044885325503213,0.5454584796356274,-0.06458618443161528,1.0,0.0712616249412215,0.2605633942830824,0.6206896551724138,1.2767282000004343,0.3510052999990876,9.07503270000052,
segment,P2_NoFMIS,,ablation,clean,0.2,15,0.3,693,0.7329004329004329,0.5938841739212933,0.5513365153671099,-0.05640504809594115,1.0,0.07187434242619845,0.2540194208103059,0.70995670995671,1.1483180000013817,0.219939799999338,10.637678400000368,
segment,P2_NoFMIS,,ablation,clean,0.2,16,0.05,115,0.5982683982683983,0.5602353998570389,0.459924537063379,-0.06580176195678916,1.0,0.07200130072998265,0.1917662668755485,0.7391304347826086,2.163844099999551,0.20512450000023819,2.5383461999990686,
segment,P2_NoFMIS,,ablation,clean,0.2,16,0.1,231,0.6670995670995671,0.6267365439771483,0.5269213098548436,-0.07157332554702642,1.0,0.07095790216838657,0.20491848178383817,0.7413793103448276,2.0115369000013743,0.15389479999976174,4.9312850999995135,
segment,P2_NoFMIS,,ablation,clean,0.2,16,0.15,346,0.7298701298701299,0.6514405366111582,0.5951161983146132,-0.06801548895977612,1.0,0.07175158219428202,0.20940986329538228,0.7478260869565218,1.6131469000010838,0.22677239999939047,7.133101100000204,
segment,P2_NoFMIS,,ablation,clean,0.2,16,0.2,462,0.7337662337662337,0.6338263705900724,0.5814307995672292,-0.05997705319795804,1.0,0.07183209817507548,0.2653100813096611,0.6551724137931034,1.3445721000007325,0.33896050000112155,9.045071499998812,
segment,P2_NoFMIS,,ablation,clean,0.2,16,0.3,693,0.7510822510822511,0.6039655437827726,0.5642547875192345,-0.06137081949927546,1.0,0.07295050782634323,0.25436181271175484,0.696969696969697,1.1406354999999166,0.2088592999989487,10.73875229999976,
segment,P2_NoFMIS,,ablation,clean,0.2,17,0.05,115,0.558008658008658,0.5225397246735333,0.4318985393108133,-0.06809839828534728,1.0,0.0739243396874426,0.21043442886089056,0.7101449275362319,2.0399901999990107,0.12116109999988112,2.291557600001397,
segment,P2_NoFMIS,,ablation,clean,0.2,17,0.1,231,0.6497835497835498,0.5966589782027167,0.49205290257240114,-0.0661242029581537,1.0,0.0733349033374146,0.21836431189763056,0.7413793103448276,1.9004239000005327,0.1254107999993721,4.500609800001257,
segment,P2_NoFMIS,,ablation,clean,0.2,17,0.15,346,0.6675324675324675,0.5971978219188029,0.506513431641768,-0.06985030031630912,1.0,0.07162712280852847,0.22842060495754138,0.6782608695652174,1.8478106999991724,0.16624559999945632,6.691299400001299,
segment,P2_NoFMIS,,ablation,clean,0.2,17,0.2,462,0.6926406926406926,0.6032225699281665,0.5218919001952116,-0.06233278104816523,1.0,0.07166028823210706,0.23887968245736207,0.6810344827586207,1.8656950000004144,0.13660069999968982,8.915198300001066,
segment,P2_NoFMIS,,ablation,clean,0.2,17,0.3,693,0.712987012987013,0.5850225776534144,0.5222547231514132,-0.059541681126795344,1.0,0.07071765779080402,0.2639642336385008,0.7056277056277056,1.6624153000011574,0.19181969999954163,11.000070699999924,
segment,P2_NoFMIS,,ablation,clean,0.2,18,0.05,115,0.6874458874458874,0.5759285961710897,0.4874474628428251,-0.07258457726013358,1.0,0.06949565352053419,0.2137167134940968,0.6811594202898551,2.0857572999993863,0.17238170000018727,2.4903689000002487,
segment,P2_NoFMIS,,ablation,clean,0.2,18,0.1,231,0.6562770562770562,0.5655691079146394,0.4893883103715151,-0.06735997374901898,1.0,0.0685215470664834,0.196581305765695,0.7327586206896551,1.9753309999996418,0.17005210000024817,4.765807100000529,
segment,P2_NoFMIS,,ablation,clean,0.2,18,0.15,346,0.7017316017316018,0.6253480243877795,0.5530663895535354,-0.06837310470257477,1.0,0.06956067428265886,0.2319117952325976,0.7304347826086957,1.7676451999996061,0.14527650000127323,6.883883999998943,
segment,P2_NoFMIS,,ablation,clean,0.2,18,0.2,462,0.7004329004329004,0.6107892246516615,0.5403616515762996,-0.05947755323050173,1.0,0.07030873101600642,0.23997160437202714,0.6982758620689655,1.660404300000664,0.2311586999985593,8.96435190000011,
segment,P2_NoFMIS,,ablation,clean,0.2,18,0.3,693,0.7476190476190476,0.6098495743066584,0.5568138449479149,-0.05961938274149576,1.0,0.07117526253880192,0.2541027414144178,0.696969696969697,1.183158399999229,0.16780389999985346,10.499464599999556,
segment,P2_NoFMIS,,ablation,clean,0.2,19,0.05,115,0.6294372294372295,0.5745279225072215,0.46732970879508345,-0.07202900619703907,1.0,0.06824697363107395,0.18944179827323562,0.7536231884057971,2.215841699999146,0.25706589999936114,2.663003800000297,
segment,P2_NoFMIS,,ablation,clean,0.2,19,0.1,231,0.5792207792207792,0.5470189794222737,0.4510645865705218,-0.07105879579270753,1.0,0.07026618566293782,0.19721415426195557,0.7241379310344828,1.879028000001199,0.20438979999926232,4.962269300000116,
segment,P2_NoFMIS,,ablation,clean,0.2,19,0.15,346,0.6961038961038961,0.6005122278485568,0.528010657759299,-0.06860661667842025,1.0,0.07354986791008568,0.22415717061514845,0.7304347826086957,1.639323699999295,0.24701769999956014,7.075633500000549,
segment,P2_NoFMIS,,ablation,clean,0.2,19,0.2,462,0.7064935064935065,0.5967690667494056,0.531721590923137,-0.0619055087427591,1.0,0.07066356951162873,0.26320457267658365,0.6379310344827587,1.3953981999984535,0.27208280000013474,8.870483499998954,
segment,P2_NoFMIS,,ablation,clean,0.2,19,0.3,693,0.7307359307359307,0.5861059842070995,0.5336232593586465,-0.05754005206744624,1.0,0.07157619680576938,0.2611096806645977,0.6883116883116883,1.3072756999990816,0.12195030000111728,10.488805599999978,
segment,P2_NoFMIS,,ablation,clean,0.2,20,0.05,115,0.7134199134199134,0.6118111596363169,0.5245697616401435,-0.06970234456057006,1.0,0.06993079554479324,0.20628881539729488,0.7391304347826086,2.115406199998688,0.3172148000012385,2.738009199998487,
segment,P2_NoFMIS,,ablation,clean,0.2,20,0.1,231,0.7034632034632035,0.6435607028643746,0.5589653138006868,-0.07254747006036205,1.0,0.06819394462631541,0.18202037729026552,0.75,2.11745990000054,0.23797209999975166,5.4763904999999795,
segment,P2_NoFMIS,,ablation,clean,0.2,20,0.15,346,0.7086580086580087,0.6280369543571767,0.5557722064034749,-0.06730500456638758,1.0,0.07011639587339384,0.22666377476849964,0.7130434782608696,1.6998397000006662,0.36759389999861014,7.774780899999314,
segment,P2_NoFMIS,,ablation,clean,0.2,20,0.2,462,0.716017316017316,0.621532988940636,0.554969939350242,-0.05999309234403389,1.0,0.07079045321110702,0.25043024088893556,0.6724137931034483,1.3453048999999737,0.2764267000002292,9.530421299999944,
segment,P2_NoFMIS,,ablation,clean,0.2,20,0.3,693,0.7281385281385281,0.5981248225521155,0.5392805483697851,-0.06127146976784842,1.0,0.07184126846296794,0.2629314988399742,0.6753246753246753,1.184798000000228,0.1670468999982404,11.044785799998863,
segment,P2_NoFMIS,,ablation,clean,0.2,21,0.05,115,0.6437229437229437,0.5925591332629842,0.47667270086702695,-0.06622124767995795,1.0,0.07246868654860834,0.20372080368925435,0.7246376811594203,2.1125658999990264,0.29017599999860977,2.5050042000002577,
segment,P2_NoFMIS,,ablation,clean,0.2,21,0.1,231,0.6826839826839827,0.6140225410468616,0.5317955872581536,-0.0721352909282491,1.0,0.07133494234472211,0.2082959474439456,0.75,1.9417791000014404,0.09985059999962687,4.740444200000638,
segment,P2_NoFMIS,,ablation,clean,0.2,21,0.15,346,0.7012987012987013,0.6178212843933827,0.5432147161398247,-0.05966900622191856,1.0,0.07036493548836356,0.25932361173270907,0.6347826086956522,1.5520854000005784,0.22296170000117854,6.683011400000396,
segment,P2_NoFMIS,,ablation,clean,0.2,21,0.2,462,0.7173160173160174,0.6173545054628657,0.5502690463261211,-0.06011606240340325,1.0,0.07047614484517746,0.2641608810198485,0.6293103448275862,1.3440275999982987,0.17138510000040696,8.37105479999991,
segment,P2_NoFMIS,,ablation,clean,0.2,21,0.3,693,0.7337662337662337,0.5982688547066418,0.5525901663942971,-0.056598151866409915,1.0,0.07107480811623439,0.27371618695202143,0.670995670995671,1.2176334999985556,0.19339320000108273,10.184515000000829,
segment,P2_NoFMIS,,ablation,clean,0.2,22,0.05,115,0.6307359307359307,0.5761539779406896,0.46008444013011673,-0.06833378565811193,1.0,0.06969477009884713,0.22107982518944816,0.6956521739130435,2.172323000000688,0.4047819999996136,2.717613099999653,
segment,P2_NoFMIS,,ablation,clean,0.2,22,0.1,231,0.6632034632034632,0.5929741896294018,0.5056975689128554,-0.06437795955198275,1.0,0.07156760863129324,0.2175909680224434,0.7241379310344828,1.9235730999989755,0.13577900000018417,5.058744500000103,
segment,P2_NoFMIS,,ablation,clean,0.2,22,0.15,346,0.706060606060606,0.634826920361172,0.5553156683234326,-0.06462421427173749,1.0,0.07005807923329177,0.23999976771590023,0.7043478260869566,1.7261187000003702,0.2955234000000928,7.286662799999249,
segment,P2_NoFMIS,,ablation,clean,0.2,22,0.2,462,0.7047619047619048,0.6172962290283909,0.5420641111828257,-0.06469952203287467,1.0,0.07297275212064233,0.24845600041720411,0.6637931034482759,1.3280594999996538,0.13822570000047563,8.885490499998923,
segment,P2_NoFMIS,,ablation,clean,0.2,22,0.3,693,0.7242424242424242,0.5988503754022282,0.535887384037025,-0.06141272676206259,1.0,0.07394793853649656,0.2484725892827138,0.696969696969697,1.1600204999995185,0.13648230000035255,10.317921099998784,
segment,P2_NoFMIS,,ablation,clean,0.2,23,0.05,115,0.70995670995671,0.605987413298579,0.518168428191808,-0.06960500300609285,1.0,0.07545519145714971,0.21006103722170189,0.6956521739130435,2.07358000000022,0.06995879999885801,2.399602399998912,
segment,P2_NoFMIS,,ablation,clean,0.2,23,0.1,231,0.6991341991341992,0.6215670303640274,0.5528847729397544,-0.07403386713447294,1.0,0.06847668262029381,0.1895169765232465,0.7413793103448276,2.0320568999995885,0.23443909999878088,5.023742800000036,
segment,P2_NoFMIS,,ablation,clean,0.2,23,0.15,346,0.7038961038961039,0.620510442710429,0.5499711625178305,-0.06231959142443359,1.0,0.06981652062767851,0.24505805957708224,0.6782608695652174,1.6436441999994713,0.2736346000001504,7.154571999999462,
segment,P2_NoFMIS,,ablation,clean,0.2,23,0.2,462,0.7077922077922078,0.613730092432527,0.5449539819000871,-0.06068065111172525,1.0,0.07071715108559716,0.2600827710905476,0.6379310344827587,1.2895353000003524,0.16367410000020755,8.756131799998911,
segment,P2_NoFMIS,,ablation,clean,0.2,23,0.3,693,0.7233766233766233,0.5975431188949991,0.5370229676749322,-0.054644905695045855,1.0,0.07175235158839258,0.2674697551482936,0.683982683982684,1.1929700999990018,0.12937119999878632,10.232541800000035,
segment,P2_NoFMIS,,ablation,clean,0.2,24,0.05,115,0.6528138528138528,0.589034417859081,0.4982866082391541,-0.0627189674404058,1.0,0.07203830515336006,0.2050679908043403,0.7246376811594203,2.221809900000153,0.15461510000022827,2.5716723000005004,
segment,P2_NoFMIS,,ablation,clean,0.2,24,0.1,231,0.6675324675324675,0.5748418582852725,0.49203467278604635,-0.06871017077109932,1.0,0.07197950284092405,0.21062929629892085,0.7413793103448276,1.9547848999991402,0.21817379999993136,5.087942899999689,
segment,P2_NoFMIS,,ablation,clean,0.2,24,0.15,346,0.7112554112554113,0.6316974467131492,0.5567112267671803,-0.0602410237432365,1.0,0.06843342682114693,0.244472705953685,0.6521739130434783,1.663441700000476,0.26027280000016617,7.265364700000646,
segment,P2_NoFMIS,,ablation,clean,0.2,24,0.2,462,0.7121212121212122,0.6157948348280338,0.5454786718965495,-0.06183835385071836,1.0,0.07156338563311317,0.2585830635518862,0.646551724137931,1.2858686999989004,0.23151460000008228,8.906463699999222,
segment,P2_NoFMIS,,ablation,clean,0.2,24,0.3,693,0.7268398268398268,0.6042347568717583,0.5438780850507025,-0.06231441969364909,1.0,0.0727640720320052,0.25726794101481665,0.696969696969697,1.146411800000351,0.13744489999953657,10.313176499999827,
segment,P2_NoFMIS,,ablation,clean,0.2,25,0.05,115,0.680952380952381,0.6077656090724132,0.5315163091750276,-0.06627612169414696,1.0,0.07153245083277456,0.21940852273589606,0.7101449275362319,2.265579799999614,0.27146060000086436,2.8331748000000516,
segment,P2_NoFMIS,,ablation,clean,0.2,25,0.1,231,0.8043290043290043,0.6734459192090522,0.634855996288567,-0.06467800714095102,1.0,0.06909337113305204,0.23134462545247708,0.7068965517241379,2.071980699998676,0.2787229000005027,5.484941300001083,
segment,P2_NoFMIS,,ablation,clean,0.2,25,0.15,346,0.7385281385281385,0.6280826906747646,0.5665445834807897,-0.06801904097808509,1.0,0.06798217662811627,0.2283368080004094,0.6869565217391305,1.6566514000005554,0.31339719999959925,7.731344200001331,
segment,P2_NoFMIS,,ablation,clean,0.2,25,0.2,462,0.7393939393939394,0.6216559865615957,0.5626848610427989,-0.051855724318880234,1.0,0.07048356240006676,0.25135891810071687,0.6551724137931034,1.3669862000006106,0.329253099998823,9.60878860000048,
segment,P2_NoFMIS,,ablation,clean,0.2,25,0.3,693,0.7536796536796537,0.6112559220459161,0.5613289005630484,-0.055664200621937825,1.0,0.07143280370677911,0.257090932108821,0.6926406926406926,1.1521382000009908,0.19502939999983937,11.171484399999827,
segment,P2_NoFMIS,,ablation,clean,0.2,26,0.05,115,0.5757575757575758,0.5235744827726783,0.43661014837272827,-0.0732415867777948,1.0,0.07265662350298863,0.19727009474422647,0.7246376811594203,2.2125080000005255,0.26784739999857266,2.688710099999298,
segment,P2_NoFMIS,,ablation,clean,0.2,26,0.1,231,0.6926406926406926,0.6202335351310577,0.5468879176998689,-0.07155998660505632,1.0,0.07299637639409119,0.20745374348789686,0.7155172413793104,2.019592599999669,0.21210169999903883,5.316282499999943,
segment,P2_NoFMIS,,ablation,clean,0.2,26,0.15,346,0.7155844155844155,0.6162820635315855,0.5540328334135243,-0.06323227128363988,1.0,0.0714165079379641,0.23772132636559062,0.7130434782608696,1.6467897000002267,0.4157799000004161,7.552418900000703,
segment,P2_NoFMIS,,ablation,clean,0.2,26,0.2,462,0.7255411255411255,0.6173485558222719,0.5561755201562288,-0.05897340688555579,1.0,0.0719131662500034,0.2588027412953896,0.646551724137931,1.3224377000005916,0.16609500000049593,9.205710100000942,
segment,P2_NoFMIS,,ablation,clean,0.2,26,0.3,693,0.7311688311688311,0.5989292056476165,0.5463009349196896,-0.05596991901454013,1.0,0.07344387790043294,0.26131731436064703,0.683982683982684,1.1765976000006049,0.16869530000076338,10.73290740000084,
segment,P2_NoFMIS,,ablation,clean,0.2,27,0.05,115,0.6948051948051948,0.5931704006962085,0.5047858074345392,-0.06513475380428223,1.0,0.07217489618579138,0.21530983839279172,0.6956521739130435,2.2590046000004804,0.12866179999946326,2.903002800001559,
segment,P2_NoFMIS,,ablation,clean,0.2,27,0.1,231,0.6761904761904762,0.5952832325391018,0.5255767613894267,-0.07294780160294963,1.0,0.06823895819289852,0.1823788096530736,0.7672413793103449,2.0306837999996787,0.2558186000005662,5.510040200000731,
segment,P2_NoFMIS,,ablation,clean,0.2,27,0.15,346,0.6714285714285714,0.5939849666438614,0.5273734083821792,-0.06335895588313402,1.0,0.06963967370221888,0.2476544688460684,0.6956521739130435,1.682868600000802,0.31094709999888437,7.886094600000433,
segment,P2_NoFMIS,,ablation,clean,0.2,27,0.2,462,0.7203463203463204,0.6079231047923066,0.5596068404657653,-0.05891380694728084,1.0,0.06897664588789874,0.26658442497983514,0.6551724137931034,1.3750381999998353,0.3393560000004072,9.812773800000286,
segment,P2_NoFMIS,,ablation,clean,0.2,27,0.3,693,0.7428571428571429,0.5944082852825855,0.5559480391597108,-0.05489958831947324,1.0,0.0713333994897293,0.26943633752252816,0.6666666666666666,1.1333708999991359,0.18577670000013313,11.360954200001288,
segment,P2_NoFMIS,,ablation,clean,0.2,28,0.05,115,0.567965367965368,0.5194354108613494,0.40138045604460404,-0.06591070239292819,1.0,0.07484670735563455,0.202433370462442,0.6956521739130435,2.251033999998981,0.08846549999907438,2.6438880000005156,
segment,P2_NoFMIS,,ablation,clean,0.2,28,0.1,231,0.5848484848484848,0.5501715635213659,0.4573785185536384,-0.06908228264179544,1.0,0.06755529621036697,0.20338571926363114,0.7327586206896551,1.941403700000592,0.2769622999985586,5.044260599999689,
segment,P2_NoFMIS,,ablation,clean,0.2,28,0.15,346,0.6935064935064935,0.5994900846151264,0.5360012477717176,-0.06104862676019687,1.0,0.07398794919173153,0.21836466112719705,0.7478260869565218,1.6097485000009328,0.14413499999864143,6.969957799999975,
segment,P2_NoFMIS,,ablation,clean,0.2,28,0.2,462,0.7177489177489178,0.6049290203753419,0.5474211755009489,-0.06713173135258187,1.0,0.07120856427955322,0.2547148923912209,0.646551724137931,1.3506011000008584,0.15611700000044948,8.629201499999908,
segment,P2_NoFMIS,,ablation,clean,0.2,28,0.3,693,0.7303030303030303,0.5949630463723546,0.5490615044400837,-0.0547454654184195,1.0,0.07186188634029277,0.26155049929499474,0.6753246753246753,1.1370865999997477,0.13765520000015385,10.036413599998923,
segment,P2_NoFMIS,,ablation,clean,0.2,29,0.05,115,0.6272727272727273,0.5452838289206983,0.4654818512987311,-0.07274674040165864,1.0,0.07228891117966021,0.20314031886852482,0.7246376811594203,2.1210928999989846,0.25160259999938717,2.6395677999989857,
segment,P2_NoFMIS,,ablation,clean,0.2,29,0.1,231,0.6761904761904762,0.5903047201574274,0.5165691541719971,-0.06022043415098111,1.0,0.07035837635995323,0.21169746831055408,0.75,1.9152670999992552,0.28346919999967213,5.005933799999184,
segment,P2_NoFMIS,,ablation,clean,0.2,29,0.15,346,0.7056277056277056,0.6203299514074399,0.5522874674761566,-0.05930343769146165,1.0,0.07094093946211077,0.2434101397912911,0.6695652173913044,1.6862583000001905,0.13354660000004515,7.077506999999969,
segment,P2_NoFMIS,,ablation,clean,0.2,29,0.2,462,0.7073593073593074,0.6114697658099477,0.5456120235753988,-0.06066896804441766,1.0,0.07216184438341423,0.26105769343354973,0.6379310344827587,1.3138582999999926,0.26322330000039074,8.840435899999648,
segment,P2_NoFMIS,,ablation,clean,0.2,29,0.3,693,0.7194805194805195,0.5967238252280689,0.5389701822904991,-0.05942371301851136,1.0,0.07331888289078488,0.2686732107529672,0.670995670995671,1.1946607000008953,0.18101360000036948,10.351976500000092,
segment,P2_NoBlock,,ablation,clean,0.0,0,0.05,115,0.4909090909090909,0.5598197142875575,0.38155791046483395,-0.09194115272991499,1.0,0.07226189946407918,0.022738635968379012,0.9855072463768116,2.084600499998487,0.14752560000124504,2.421892000000298,
segment,P2_NoBlock,,ablation,clean,0.0,0,0.1,231,0.7125541125541126,0.6217908769471662,0.5243531390052605,-0.08423433615808187,1.0,0.06991644097493165,0.019356753831837957,1.0,2.018180000000939,0.16752590000032797,5.101507900000797,
segment,P2_NoBlock,,ablation,clean,0.0,0,0.15,346,0.7428571428571429,0.6525595866085755,0.5559433109745344,-0.0825500193392148,1.0,0.0689197084278711,0.02500939806744378,1.0,1.6340166999998473,0.34492949999912526,7.418640399999276,
segment,P2_NoBlock,,ablation,clean,0.0,0,0.2,462,0.7593073593073593,0.6596015101080629,0.5688370248639327,-0.08984160652823067,1.0,0.06906369857694285,0.043870445643231254,0.9913793103448276,1.3542888999982097,0.2654017999993812,9.336269600000378,
segment,P2_NoBlock,,ablation,clean,0.0,0,0.3,693,0.7891774891774892,0.6929869700069358,0.6092986567260549,-0.0765784458196086,1.0,0.06913993476900479,0.0694328305450014,1.0,1.1950362999996287,0.2363240999984555,10.936972699999387,
segment,P2_NoBlock,,ablation,clean,0.0,1,0.05,115,0.629004329004329,0.6310855058470628,0.5087588437316718,-0.09539266175032882,1.0,0.07030795711803291,0.012130138563524217,1.0,2.1841010000007373,0.2822050000013405,2.7601427999998123,
segment,P2_NoBlock,,ablation,clean,0.0,1,0.1,231,0.687012987012987,0.6350008654977073,0.5390442231147448,-0.0910729675263113,1.0,0.06547307385724166,0.029501643487252486,1.0,1.9731518999997206,0.2713203000002977,5.3821516999996675,
segment,P2_NoBlock,,ablation,clean,0.0,1,0.15,346,0.7056277056277056,0.6438109425261159,0.5597543412925476,-0.0912410707272152,1.0,0.07094623781860893,0.026378181658975142,1.0,1.633165300001565,0.3283993000004557,7.671459299999697,
segment,P2_NoBlock,,ablation,clean,0.0,1,0.2,462,0.7116883116883117,0.649726386130425,0.5672645575822298,-0.08085307949026906,1.0,0.07033085217025101,0.0542474289899147,1.0,1.3433502999996563,0.30271519999951124,9.608543700000155,
segment,P2_NoBlock,,ablation,clean,0.0,1,0.3,693,0.8350649350649351,0.7319948097623634,0.6852683023826444,-0.07555019840345929,1.0,0.07034683581773887,0.07837851921371647,1.0,1.1865529000006063,0.21650319999935164,11.199844199998552,
segment,P2_NoBlock,,ablation,clean,0.0,2,0.05,115,0.6367965367965368,0.6291035367091753,0.5244512014858294,-0.09352507094416788,1.0,0.0725240974013362,0.019660522835280792,1.0,2.1601414999986446,0.26717439999993076,2.6876661000005697,
segment,P2_NoBlock,,ablation,clean,0.0,2,0.1,231,0.6844155844155844,0.6521484466846456,0.5539496264833965,-0.09210891239987805,1.0,0.07228803680571305,0.028848959963386968,1.0,1.9070055000011052,0.29161980000026233,5.193981800000984,
segment,P2_NoBlock,,ablation,clean,0.0,2,0.15,346,0.6948051948051948,0.6591138567399858,0.5628335052973273,-0.08324126299188062,1.0,0.0720778899125071,0.03771888925504643,1.0,1.6878775999994104,0.27019560000007914,7.463207000000693,
segment,P2_NoBlock,,ablation,clean,0.0,2,0.2,462,0.8112554112554112,0.7299255841465878,0.6629160741923833,-0.08206733107812535,1.0,0.07164417938007452,0.05723696390146035,1.0,1.3176668000014615,0.28164160000051197,9.439164800000071,
segment,P2_NoBlock,,ablation,clean,0.0,2,0.3,693,0.8199134199134199,0.7310460196086025,0.6702829246150874,-0.07667710813002447,1.0,0.06914127915506907,0.0758756490456103,1.0,1.1315600000016275,0.35484569999971427,11.125788600000305,
segment,P2_NoBlock,,ablation,clean,0.0,3,0.05,115,0.7744588744588745,0.6741267988709865,0.5937525128849842,-0.09500185748174787,1.0,0.07235891665248796,0.024264299392670195,1.0,2.1626457999991544,0.1937828999998601,2.625928900000872,
segment,P2_NoBlock,,ablation,clean,0.0,3,0.1,231,0.7796536796536796,0.6777265463749351,0.5975613675007805,-0.08536000607270774,1.0,0.06835006090995188,0.020780236347344418,1.0,2.0096388999991177,0.29921939999985625,5.16637289999926,
segment,P2_NoBlock,,ablation,clean,0.0,3,0.15,346,0.780952380952381,0.6781642766173022,0.5973115718854792,-0.08631272626973169,1.0,0.06822469343006106,0.03949014783623448,1.0,1.687219899999036,0.255636300000333,7.298383400000603,
segment,P2_NoBlock,,ablation,clean,0.0,3,0.2,462,0.7878787878787878,0.6850821375745783,0.6065007658498467,-0.07915698473042791,1.0,0.06838429789309079,0.0604267372647366,0.9913793103448276,1.3596323999991,0.2085815000009461,9.018919399999504,
segment,P2_NoBlock,,ablation,clean,0.0,3,0.3,693,0.8051948051948052,0.7064144995553054,0.6317979250804361,-0.0771706545317646,1.0,0.0687878538628814,0.08194824074335193,1.0,1.15041470000142,0.14688380000006873,10.56292190000022,
segment,P2_NoBlock,,ablation,clean,0.0,4,0.05,115,0.5974025974025974,0.5709355027105799,0.42734685321682625,-0.0958123356179122,1.0,0.06906176794623317,0.024802453043528683,0.9855072463768116,2.210472699998718,0.29538310000134516,2.7779353999994782,
segment,P2_NoBlock,,ablation,clean,0.0,4,0.1,231,0.7658008658008658,0.6748622304458441,0.5911704551010769,-0.08587231777660594,1.0,0.06865812266522059,0.020631798612233708,1.0,1.8874879999984842,0.2635611000005156,5.081427799999801,
segment,P2_NoBlock,,ablation,clean,0.0,4,0.15,346,0.7735930735930736,0.6772649411816998,0.5971233383538075,-0.08658439182224217,1.0,0.0699241750770597,0.0254312514203241,1.0,1.6376617000005353,0.12763190000077884,7.017653299999438,
segment,P2_NoBlock,,ablation,clean,0.0,4,0.2,462,0.7774891774891775,0.680805370218092,0.6007954347843357,-0.08254862265751767,1.0,0.06992103452789612,0.04916781081229753,0.9913793103448276,1.349612399999387,0.1544119000009232,8.6858529000001,
segment,P2_NoBlock,,ablation,clean,0.0,4,0.3,693,0.7896103896103897,0.6993968677323472,0.6205609791444275,-0.07741684807459882,1.0,0.06986987535028132,0.07559439075112784,1.0,1.154749899998933,0.1916507999994792,10.211541399999987,
segment,P2_NoBlock,,ablation,clean,0.0,5,0.05,115,0.5956709956709957,0.6030356570216178,0.4619968590789134,-0.09174170683221342,1.0,0.07091450391731625,0.028797461727308727,0.9855072463768116,2.1473562000010133,0.09061190000102215,2.625541500001418,
segment,P2_NoBlock,,ablation,clean,0.0,5,0.1,231,0.7744588744588745,0.6929496230883783,0.6106806865654751,-0.08791525960757385,1.0,0.06728346442793462,0.02695243413113146,1.0,1.8528444999992644,0.32100090000130876,5.1918556000000535,
segment,P2_NoBlock,,ablation,clean,0.0,5,0.15,346,0.7922077922077922,0.6918011919943178,0.615466543623728,-0.08464964907484314,1.0,0.06814099140755292,0.025102289457270513,1.0,1.7781303000010666,0.30928190000122413,7.601161000000502,
segment,P2_NoBlock,,ablation,clean,0.0,5,0.2,462,0.8004329004329004,0.6990311124496769,0.6252517014456627,-0.08222994183140254,1.0,0.06825648039014819,0.04989251779261715,0.9913793103448276,1.304686600000423,0.2155932000005123,9.299984000001132,
segment,P2_NoBlock,,ablation,clean,0.0,5,0.3,693,0.8051948051948052,0.7032472342987344,0.6347791471890187,-0.07314358632820189,1.0,0.06858677673614975,0.0778258145043272,1.0,1.152836600000228,0.17366760000004433,10.837413000001106,
segment,P2_NoBlock,,ablation,clean,0.0,6,0.05,115,0.7147186147186148,0.6285101865383061,0.5315247363766207,-0.09464158966119876,1.0,0.07028012958755801,0.018959153704649866,1.0,2.2100565000000643,0.3226228000003175,2.8177274000008765,
segment,P2_NoBlock,,ablation,clean,0.0,6,0.1,231,0.7242424242424242,0.6299351547066295,0.5392197439123352,-0.08221239906172544,1.0,0.06797205917021398,0.021669807148975366,1.0,2.0759197999996104,0.29987769999934244,5.605080299999827,
segment,P2_NoBlock,,ablation,clean,0.0,6,0.15,346,0.7489177489177489,0.647306160072909,0.5654205848872604,-0.08653388471357071,1.0,0.06771769373260138,0.041004027807721034,1.0,1.674065299999711,0.27727039999990666,7.867594299999837,
segment,P2_NoBlock,,ablation,clean,0.0,6,0.2,462,0.7484848484848485,0.6459365613262696,0.5641006109218507,-0.08263719643155648,1.0,0.06781977466692246,0.059697908077775065,1.0,1.3216172000011284,0.3130363000000216,9.723493100000269,
segment,P2_NoBlock,,ablation,clean,0.0,6,0.3,693,0.7835497835497836,0.679506879128148,0.6097131260633172,-0.07433750856598621,1.0,0.0682413841598275,0.081397287761702,1.0,1.1488179000007221,0.24528359999931126,11.33037510000031,
segment,P2_NoBlock,,ablation,clean,0.0,7,0.05,115,0.5969696969696969,0.5778643776784558,0.44882748691432367,-0.08114822279346975,1.0,0.07510260188144931,0.02542584533763269,1.0,2.1635261999999784,0.07391740000093705,2.5336638999997376,
segment,P2_NoBlock,,ablation,clean,0.0,7,0.1,231,0.693939393939394,0.6630379551645952,0.5570108945163175,-0.08766030723131149,1.0,0.06819868647117032,0.021108901272276947,1.0,1.933383199999298,0.2536406999988685,4.987063099999432,
segment,P2_NoBlock,,ablation,clean,0.0,7,0.15,346,0.7783549783549784,0.6753750046258892,0.593303733038843,-0.08934950312841969,1.0,0.06833187366424485,0.028023703655815933,0.991304347826087,1.6567515000006097,0.3051666999999725,7.102748999999676,
segment,P2_NoBlock,,ablation,clean,0.0,7,0.2,462,0.7883116883116883,0.6857196230658755,0.6065734682458481,-0.08422190629470444,1.0,0.06956822821641766,0.041412631974691784,1.0,1.3135965000001306,0.12565809999978228,8.673174099998505,
segment,P2_NoBlock,,ablation,clean,0.0,7,0.3,693,0.8004329004329004,0.7009595468561283,0.6254780312791466,-0.07266480830781799,1.0,0.06957002641039188,0.06791202535717776,1.0,1.1374619999987772,0.12979560000167112,10.063161999998556,
segment,P2_NoBlock,,ablation,clean,0.0,8,0.05,115,0.5233766233766234,0.5717365723944725,0.4087095593427823,-0.0974418339864868,1.0,0.07170800338428626,0.029236274231533604,1.0,2.1688660999989224,0.14723659999981464,2.5235693999984505,
segment,P2_NoBlock,,ablation,clean,0.0,8,0.1,231,0.6670995670995671,0.6150978547426441,0.5120218733846844,-0.08845508465707808,1.0,0.07167484624840974,0.04269098279748897,1.0,1.924366100000043,0.21546789999956673,5.049337899999955,
segment,P2_NoBlock,,ablation,clean,0.0,8,0.15,346,0.6532467532467533,0.6100297258979474,0.49124947912341116,-0.08548744550647323,1.0,0.07012186241549871,0.03265876192330043,1.0,1.6851850999992166,0.3706978000009258,7.392619099999138,
segment,P2_NoBlock,,ablation,clean,0.0,8,0.2,462,0.6528138528138528,0.6088199442558325,0.4847418306873097,-0.08694690058907228,1.0,0.06989908318967766,0.04611004578753071,1.0,1.3408237000003282,0.25563250000050175,9.188090999999986,
segment,P2_NoBlock,,ablation,clean,0.0,8,0.3,693,0.7038961038961039,0.6315642891322784,0.5192414495518916,-0.07897326525830067,1.0,0.06954928084789208,0.07656816201073541,0.987012987012987,1.1733421000008093,0.17101309999998193,10.732361700000183,
segment,P2_NoBlock,,ablation,clean,0.0,9,0.05,115,0.7251082251082251,0.6636489847837552,0.5625937446269068,-0.09365315987283346,1.0,0.07216904139917614,0.019018617472222492,1.0,2.0032563999993727,0.24627919999875303,2.4935053999997763,
segment,P2_NoBlock,,ablation,clean,0.0,9,0.1,231,0.7748917748917749,0.7009730422152831,0.6134029886822198,-0.09298677578803405,1.0,0.06798397127827406,0.02036005759763651,1.0,1.9417026999999507,0.23755999999957567,5.174203999999008,
segment,P2_NoBlock,,ablation,clean,0.0,9,0.15,346,0.7844155844155845,0.7039460737532907,0.6229955643008053,-0.08785265001708782,1.0,0.06790395832462331,0.030351692529837705,1.0,1.6828174000002036,0.3500824000002467,7.5477792999990925,
segment,P2_NoBlock,,ablation,clean,0.0,9,0.2,462,0.7909090909090909,0.6945762976315893,0.620798583266795,-0.08111305226799766,1.0,0.06808877938218784,0.054879372831271325,0.9913793103448276,1.4715194000000338,0.3289872000004834,9.714495399999578,
segment,P2_NoBlock,,ablation,clean,0.0,9,0.3,693,0.796969696969697,0.6947995006771251,0.6228776235991229,-0.07830563866132738,1.0,0.06874308017365166,0.07169171917211431,1.0,1.200122600001123,0.43473790000098234,11.553806899999472,
segment,P2_NoBlock,,ablation,clean,0.0,10,0.05,115,0.5017316017316017,0.5645483137940671,0.3881553451479176,-0.09224566342929212,1.0,0.07274354975171232,0.023290522424200395,1.0,2.131918200000655,0.2361072999992757,2.5886139999984152,
segment,P2_NoBlock,,ablation,clean,0.0,10,0.1,231,0.7354978354978355,0.64054563311484,0.5524266975359752,-0.0963369181842362,1.0,0.0698309040224168,0.015871490144313858,1.0,1.8612154000002192,0.2285637000004499,5.028980299999603,
segment,P2_NoBlock,,ablation,clean,0.0,10,0.15,346,0.7692640692640693,0.6712131993801292,0.5884075838408876,-0.08930043635079095,1.0,0.06838829274886563,0.029057428123641166,1.0,1.6546410999999352,0.351703100001032,7.2316481999987445,
segment,P2_NoBlock,,ablation,clean,0.0,10,0.2,462,0.7770562770562771,0.6744067882497798,0.5962927123594756,-0.09010450534862248,1.0,0.06862310499104596,0.053588083083796305,0.9913793103448276,1.291569499999241,0.18720770000072662,8.871556899999632,
segment,P2_NoBlock,,ablation,clean,0.0,10,0.3,693,0.7714285714285715,0.6758130003329049,0.5942895876506261,-0.08151180691442901,1.0,0.0684354878457803,0.07697442806546032,1.0,1.1271715000002587,0.16973539999889908,10.420350899999903,
segment,P2_NoBlock,,ablation,clean,0.0,11,0.05,115,0.5757575757575758,0.5703882337562696,0.41647354587784274,-0.0953640991646775,1.0,0.07268780877421592,0.021144744179347138,0.9855072463768116,2.0573132000008627,0.16440979999970295,2.5070674999988114,
segment,P2_NoBlock,,ablation,clean,0.0,11,0.1,231,0.7103896103896103,0.6200070272071571,0.5230181739050347,-0.09772705905520981,1.0,0.0696444120681056,0.023384382386218656,1.0,1.8824860000004264,0.32311440000012226,4.993966099998943,
segment,P2_NoBlock,,ablation,clean,0.0,11,0.15,346,0.7411255411255411,0.6489990459890719,0.553483202397153,-0.08733043856025281,1.0,0.06899002413635143,0.03335044754397902,1.0,1.6534319999991567,0.286688399999548,7.152759299999161,
segment,P2_NoBlock,,ablation,clean,0.0,11,0.2,462,0.7610389610389611,0.6601756032591789,0.5705608381671398,-0.0858828831492024,1.0,0.06972546291889598,0.04906133437524902,0.9913793103448276,1.3864465999995446,0.1960947000006854,8.896096700000271,
segment,P2_NoBlock,,ablation,clean,0.0,11,0.3,693,0.7865800865800866,0.6914705774068922,0.6055713715717139,-0.08162224387009155,1.0,0.06976254198637975,0.07274389032326183,1.0,1.1021811999999045,0.13920299999881536,10.303426799999215,
segment,P2_NoBlock,,ablation,clean,0.0,12,0.05,115,0.5341991341991342,0.547227225418395,0.3933655155999232,-0.09100893687109408,1.0,0.07506808726026401,0.028592691761612398,1.0,2.218264099999942,0.07604730000093696,2.5660646999986056,
segment,P2_NoBlock,,ablation,clean,0.0,12,0.1,231,0.670995670995671,0.6273334389130639,0.5220185379185637,-0.08696014964435447,1.0,0.07393239644312181,0.034629007530618545,1.0,1.9419144000003143,0.24410640000132844,5.122077599999102,
segment,P2_NoBlock,,ablation,clean,0.0,12,0.15,346,0.6601731601731602,0.6141737741600826,0.4969398396604564,-0.08600852446913775,1.0,0.07032563561148941,0.031485257941809425,1.0,1.6445698999996239,0.28334650000033434,7.460110399999394,
segment,P2_NoBlock,,ablation,clean,0.0,12,0.2,462,0.6718614718614718,0.6173891033228018,0.4973730912621162,-0.08494380431066471,1.0,0.06951046202284901,0.05587463247750303,1.0,1.286379900000611,0.2604294000011578,9.270300899999711,
segment,P2_NoBlock,,ablation,clean,0.0,12,0.3,693,0.7623376623376623,0.6703199364130766,0.585773596405792,-0.08005560090579197,1.0,0.0689127480594466,0.07981781868497069,0.9913419913419913,1.2661556999992172,0.21692690000054426,11.006265099998927,
segment,P2_NoBlock,,ablation,clean,0.0,13,0.05,115,0.7264069264069264,0.639893660733446,0.5430187244219047,-0.09369643028109755,1.0,0.06788580992660621,0.017328870638044072,1.0,2.131787099999201,0.2660436000005575,2.673942300001727,
segment,P2_NoBlock,,ablation,clean,0.0,13,0.1,231,0.754978354978355,0.6520026165488104,0.564026333013643,-0.09096428509114717,1.0,0.06626788404185659,0.02371293026143979,1.0,1.8747616000000562,0.26954339999974763,5.080808700000489,
segment,P2_NoBlock,,ablation,clean,0.0,13,0.15,346,0.7467532467532467,0.6465019967066228,0.5556167286787733,-0.08953678695976142,1.0,0.0679109944727656,0.028878741799067898,1.0,1.6638917999989644,0.23267149999992398,7.229739000000336,
segment,P2_NoBlock,,ablation,clean,0.0,13,0.2,462,0.7554112554112554,0.6534537104581649,0.5650469824691742,-0.0850062779879607,1.0,0.0681581662713167,0.054289659597960845,0.9913793103448276,1.3245759000001271,0.23755309999978635,8.976426500001253,
segment,P2_NoBlock,,ablation,clean,0.0,13,0.3,693,0.7727272727272727,0.6728961334885641,0.5884653145872816,-0.07828031559051166,1.0,0.06820117727090025,0.07971277582968017,1.0,1.2571346999993693,0.18220999999903142,10.755112300001201,
segment,P2_NoBlock,,ablation,clean,0.0,14,0.05,115,0.6298701298701299,0.5912581820899968,0.4737091837500008,-0.0868851585044756,1.0,0.07181262281449344,0.01927391020824618,1.0,2.197429899999406,0.1141222000005655,2.48520119999921,
segment,P2_NoBlock,,ablation,clean,0.0,14,0.1,231,0.6766233766233766,0.6493829395522689,0.5633757138680519,-0.09152410406518942,1.0,0.0700275121866341,0.021212430106310024,1.0,1.969544899999164,0.1865436000007321,4.843216100000063,
segment,P2_NoBlock,,ablation,clean,0.0,14,0.15,346,0.7337662337662337,0.6523417256381986,0.5561442314162862,-0.0921130842573347,1.0,0.06825056848632118,0.02646766680446485,1.0,1.67491020000125,0.1930991000008362,7.04342749999887,
segment,P2_NoBlock,,ablation,clean,0.0,14,0.2,462,0.7393939393939394,0.6506215258344434,0.5593318556226826,-0.08788127399086525,1.0,0.06874786043647332,0.03720024525347274,1.0,1.3790480999996362,0.26858659999925294,9.088913100000354,
segment,P2_NoBlock,,ablation,clean,0.0,14,0.3,693,0.7476190476190476,0.6550337125081168,0.5697003249288496,-0.07702670086079434,1.0,0.06888454431607625,0.07109794151673182,1.0,1.5965726000013092,0.31927940000059607,11.268901999999798,
segment,P2_NoBlock,,ablation,clean,0.0,15,0.05,115,0.5813852813852813,0.5767831754904664,0.4421474565750998,-0.09447134865248072,1.0,0.06800967331511215,0.015438908305285019,1.0,2.1250519000004715,0.17069140000057814,2.496550300000308,
segment,P2_NoBlock,,ablation,clean,0.0,15,0.1,231,0.78008658008658,0.6975305553615335,0.6194145451407173,-0.08751342858872023,1.0,0.06640808716750798,0.028260706449336263,1.0,2.04405510000106,0.21324230000027455,5.0874323999996705,
segment,P2_NoBlock,,ablation,clean,0.0,15,0.15,346,0.7835497835497836,0.6978805455781546,0.6219715090812127,-0.09047178590676075,1.0,0.0675358115886154,0.02567008188068814,1.0,1.6056813999985025,0.31613170000127866,7.36437769999975,
segment,P2_NoBlock,,ablation,clean,0.0,15,0.2,462,0.7818181818181819,0.6956070163127538,0.6185259596148127,-0.08819027485973426,1.0,0.06774741315538498,0.05143331567756353,0.9913793103448276,1.3133732999995118,0.28984440000022005,9.316134499998952,
segment,P2_NoBlock,,ablation,clean,0.0,15,0.3,693,0.796969696969697,0.6952108042513805,0.6274009351724026,-0.07740896522033315,1.0,0.06828278276766896,0.07940087921614536,1.0,1.1168522000007215,0.3814137000008486,11.074145999999018,
segment,P2_NoBlock,,ablation,clean,0.0,16,0.05,115,0.5043290043290043,0.5680223974891296,0.4155374818606471,-0.08459034315809053,1.0,0.07202594095685154,0.020845480781480526,1.0,2.060113600000477,0.22436949999973876,2.57317779999903,
segment,P2_NoBlock,,ablation,clean,0.0,16,0.1,231,0.770995670995671,0.6689953889725517,0.5904077074053811,-0.08610250879080836,1.0,0.0712656670400641,0.02770558338292979,1.0,1.8874887999991188,0.23991860000023735,4.915793500000291,
segment,P2_NoBlock,,ablation,clean,0.0,16,0.15,346,0.7714285714285715,0.6701073530313932,0.588662849030806,-0.08557402111934945,1.0,0.06915115365719245,0.02960778165610864,1.0,1.6364152999994985,0.24673810000058438,6.982258100000763,
segment,P2_NoBlock,,ablation,clean,0.0,16,0.2,462,0.7770562770562771,0.6732697756018806,0.5914354987610789,-0.07545497799566951,1.0,0.06930368357138943,0.052437275284091076,0.9913793103448276,1.3374258000003465,0.1655387000009796,8.669126900000265,
segment,P2_NoBlock,,ablation,clean,0.0,16,0.3,693,0.7844155844155845,0.6828447380497014,0.6019818429855339,-0.07828055287723136,1.0,0.06934623551307298,0.07648137769956223,1.0,1.1454773999994359,0.1477522000004683,10.132233700000143,
segment,P2_NoBlock,,ablation,clean,0.0,17,0.05,115,0.5463203463203463,0.5553254631259864,0.423708722274177,-0.09572831960593904,1.0,0.07000031519075728,0.023723489142601004,1.0,2.208620500001416,0.26989449999928183,2.60296500000004,
segment,P2_NoBlock,,ablation,clean,0.0,17,0.1,231,0.6493506493506493,0.6039964521710409,0.509182535087296,-0.08971132008793202,1.0,0.07376392510783135,0.022846336688079272,1.0,1.9352866999997786,0.11086690000047383,4.8624209000008705,
segment,P2_NoBlock,,ablation,clean,0.0,17,0.15,346,0.7376623376623377,0.6352776384265403,0.5496872114138336,-0.0842409536055019,1.0,0.07285262730040819,0.04039386301481515,1.0,1.6006789000002755,0.20084459999998217,6.854857300000731,
segment,P2_NoBlock,,ablation,clean,0.0,17,0.2,462,0.7519480519480519,0.6452010700878633,0.563845153691989,-0.08528690659189989,1.0,0.07009150948628733,0.036711318527119,0.9913793103448276,1.3971464999995078,0.15865850000045612,8.565045700001065,
segment,P2_NoBlock,,ablation,clean,0.0,17,0.3,693,0.7645021645021645,0.656809972268405,0.58056420510058,-0.07702280901515494,1.0,0.07000465417073683,0.06635396512125653,1.0,1.2561105000004318,0.12444659999891883,10.08278270000119,
segment,P2_NoBlock,,ablation,clean,0.0,18,0.05,115,0.6584415584415585,0.5962669964909139,0.504477975601197,-0.0992595776812498,1.0,0.06908856518835524,0.02058243889664376,1.0,2.1475439999994705,0.32837859999926877,2.7159530999997514,
segment,P2_NoBlock,,ablation,clean,0.0,18,0.1,231,0.706926406926407,0.6473985141845068,0.564576898335981,-0.08962921044920663,1.0,0.07143082271254345,0.021073511233845446,1.0,1.8772840000001452,0.23683769999843207,5.126902300000438,
segment,P2_NoBlock,,ablation,clean,0.0,18,0.15,346,0.7164502164502164,0.6557268450575923,0.5734183020688746,-0.08736022046352049,1.0,0.0710087860432834,0.0324220000480918,1.0,1.6279718999994657,0.333818600000086,7.305437299999539,
segment,P2_NoBlock,,ablation,clean,0.0,18,0.2,462,0.8008658008658008,0.7092467937344349,0.6438491090401997,-0.07681396974331074,1.0,0.0695395757393041,0.05435843975302391,1.0,1.3585786999992706,0.19992930000080378,9.23393059999944,
segment,P2_NoBlock,,ablation,clean,0.0,18,0.3,693,0.8233766233766234,0.7207684731418873,0.6650005042742698,-0.07772002284881435,1.0,0.06937954455426429,0.07153189836164386,1.0,1.1499958000003971,0.28455010000106995,10.806634500000655,
segment,P2_NoBlock,,ablation,clean,0.0,19,0.05,115,0.7385281385281385,0.6474912015946286,0.5511066049066953,-0.08762688107326597,1.0,0.06848287153952397,0.017488787314041087,0.9855072463768116,2.1132483999990654,0.20312720000038098,2.6002760999999737,
segment,P2_NoBlock,,ablation,clean,0.0,19,0.1,231,0.7480519480519481,0.6650534382378858,0.5686896141755354,-0.09814313697051956,1.0,0.0680004048968255,0.022529378806027855,1.0,2.0483330999995815,0.2826401000002079,5.231863099999828,
segment,P2_NoBlock,,ablation,clean,0.0,19,0.15,346,0.7203463203463204,0.6747363567600247,0.5712141156156676,-0.0911398260440594,1.0,0.06734218327183387,0.0347146684175122,1.0,1.6185292000009213,0.26066760000139766,7.347087199999805,
segment,P2_NoBlock,,ablation,clean,0.0,19,0.2,462,0.7835497835497836,0.6912789331042548,0.6071427466430328,-0.09087101766650477,1.0,0.06746718646402351,0.05064180007771897,0.9913793103448276,1.2910947000000306,0.28983080000034533,9.290657499999725,
segment,P2_NoBlock,,ablation,clean,0.0,19,0.3,693,0.7865800865800866,0.6943662454107301,0.6084506778923351,-0.08003668181755108,1.0,0.06927197466156874,0.06137125166468641,1.0,1.2790385999996943,0.32716919999984384,11.026421799999298,
segment,P2_NoBlock,,ablation,clean,0.0,20,0.05,115,0.6636363636363637,0.6112914519075321,0.5229257748485096,-0.09155472161369706,1.0,0.06986880669016261,0.018638018311921193,1.0,2.2101189000004524,0.22190130000126373,2.765546299999187,
segment,P2_NoBlock,,ablation,clean,0.0,20,0.1,231,0.706060606060606,0.6472145011690522,0.5623286175306228,-0.08741399033925414,1.0,0.06707531668818419,0.035495582249842575,1.0,1.8811498000013671,0.23516050000034738,5.1265770999998495,
segment,P2_NoBlock,,ablation,clean,0.0,20,0.15,346,0.7121212121212122,0.6523135177862102,0.5670298102670759,-0.08814895179175732,1.0,0.0710151480608072,0.027331878797835673,1.0,1.6336444999997184,0.23560159999942698,7.292333899998994,
segment,P2_NoBlock,,ablation,clean,0.0,20,0.2,462,0.8164502164502164,0.716240614802163,0.657686639020838,-0.08781081713052083,1.0,0.07009403625885319,0.05066201304777226,1.0,1.3426643999991938,0.27178810000077647,9.295012399999905,
segment,P2_NoBlock,,ablation,clean,0.0,20,0.3,693,0.8242424242424242,0.7195526094179667,0.6638412621205801,-0.08222951259541209,1.0,0.06992113482628168,0.06102666381695434,1.0,1.2206632000015816,0.3924468999994133,11.034196199998405,
segment,P2_NoBlock,,ablation,clean,0.0,21,0.05,115,0.6398268398268399,0.6117121637705073,0.5111207556150393,-0.08941768575723891,1.0,0.07095766741472803,0.0389119819177609,0.9855072463768116,2.0694132999997237,0.262162700000772,2.4669386000005034,
segment,P2_NoBlock,,ablation,clean,0.0,21,0.1,231,0.7445887445887446,0.7021365303489341,0.6252067447963806,-0.09166543062450178,1.0,0.07143316321295835,0.029094480688406112,1.0,1.9060714000006556,0.12782899999911024,4.757110400001693,
segment,P2_NoBlock,,ablation,clean,0.0,21,0.15,346,0.7554112554112554,0.6976276860149406,0.6207916030638034,-0.08325522608388466,1.0,0.06991659907909223,0.04073481521990433,1.0,1.660133899998982,0.27556559999902674,6.991196700000728,
segment,P2_NoBlock,,ablation,clean,0.0,21,0.2,462,0.7874458874458874,0.7008694081811674,0.6316545579173424,-0.08322933314394863,1.0,0.06881427822457191,0.0593039232201667,0.9827586206896551,1.3269794000007096,0.27551169999969716,8.888081100001727,
segment,P2_NoBlock,,ablation,clean,0.0,21,0.3,693,0.8415584415584415,0.7409826392798846,0.6975712253537341,-0.07884455372874868,1.0,0.06806881014160615,0.09122648822168385,1.0,1.2839825000010023,0.26792270000078133,10.597146900001462,
segment,P2_NoBlock,,ablation,clean,0.0,22,0.05,115,0.6909090909090909,0.634836886101071,0.5283153852248043,-0.09862664892203349,1.0,0.07023734081592106,0.03902009824793137,0.9855072463768116,2.1354959000000235,0.2592114999988553,2.624880800000028,
segment,P2_NoBlock,,ablation,clean,0.0,22,0.1,231,0.7307359307359307,0.6766080827314213,0.5751817944932949,-0.08847519559768312,1.0,0.06751327851657234,0.02451102484898756,1.0,2.1020674999999756,0.2088609999991604,5.298650499998985,
segment,P2_NoBlock,,ablation,clean,0.0,22,0.15,346,0.7259740259740259,0.6737472710351746,0.5752599728340395,-0.08624482532624982,1.0,0.06692550526561546,0.0364258362341928,1.0,1.6376923000007082,0.31177040000147827,7.629097999999431,
segment,P2_NoBlock,,ablation,clean,0.0,22,0.2,462,0.7991341991341991,0.7152669776935358,0.6423547540206466,-0.08200164734179088,1.0,0.06720602213525784,0.060927031639032334,0.9913793103448276,1.3323328000005858,0.3401637999995728,9.639671599999929,
segment,P2_NoBlock,,ablation,clean,0.0,22,0.3,693,0.8004329004329004,0.7144143833219135,0.6398788278695899,-0.0813230168845515,1.0,0.06828759558775475,0.0786641271287075,1.0,1.1251902999993035,0.36437130000012985,11.380685899999662,
segment,P2_NoBlock,,ablation,clean,0.0,23,0.05,115,0.5930735930735931,0.5835534033040691,0.47035610839972547,-0.08825494919810715,1.0,0.07518402014612133,0.02647004847972197,0.9855072463768116,2.1194432000011147,0.08755369999926188,2.5183966999993572,
segment,P2_NoBlock,,ablation,clean,0.0,23,0.1,231,0.5913419913419914,0.5851887922476937,0.4772196692111248,-0.08734914241716783,1.0,0.07441165693917667,0.03697046983551332,1.0,1.9082639000007475,0.2540824000006978,4.859336799998346,
segment,P2_NoBlock,,ablation,clean,0.0,23,0.15,346,0.6757575757575758,0.6187240197402974,0.5158670874801914,-0.08237610342980403,1.0,0.07432402892781455,0.043407877215080284,1.0,1.7617036999999982,0.2237119999990682,6.998386799999935,
segment,P2_NoBlock,,ablation,clean,0.0,23,0.2,462,0.6865800865800866,0.626802943199435,0.5182206307028072,-0.08449151060879263,1.0,0.07059092462622454,0.04823920335583053,1.0,1.3372643000002427,0.14077129999895988,8.627025999998295,
segment,P2_NoBlock,,ablation,clean,0.0,23,0.3,693,0.780952380952381,0.6784203583573691,0.606252220743564,-0.07681115904124701,1.0,0.06973160959018583,0.07407843742364231,0.9956709956709957,1.1762491000008595,0.14444940000066708,10.100661799999216,
segment,P2_NoBlock,,ablation,clean,0.0,24,0.05,115,0.6393939393939394,0.568425047457,0.4831409440429766,-0.08296292617228845,1.0,0.0720939922119505,0.031075551010734878,1.0,2.187799299999824,0.14035359999979846,2.554495799999131,
segment,P2_NoBlock,,ablation,clean,0.0,24,0.1,231,0.7735930735930736,0.6768368600964627,0.5942189523624164,-0.08463816684098066,1.0,0.07078781248224215,0.0367209995312837,1.0,1.9240759999993315,0.19120730000031472,4.900958800000808,
segment,P2_NoBlock,,ablation,clean,0.0,24,0.15,346,0.7848484848484848,0.6836723219385827,0.6042067353308984,-0.08549989102030783,1.0,0.06919387044099767,0.03156943817554002,1.0,1.605767699998978,0.226914000000761,6.926624899999297,
segment,P2_NoBlock,,ablation,clean,0.0,24,0.2,462,0.8038961038961039,0.7030392145396541,0.6301262454255618,-0.08783749246120078,1.0,0.06914848137177183,0.05408755267013341,0.9913793103448276,1.3123028999998496,0.20260030000099505,8.725152099999832,
segment,P2_NoBlock,,ablation,clean,0.0,24,0.3,693,0.8008658008658008,0.7032296405026967,0.6276164908386251,-0.07899595315756491,1.0,0.06922687022130984,0.0792198665519382,1.0,1.2291122000005998,0.21379330000127084,10.365673800000877,
segment,P2_NoBlock,,ablation,clean,0.0,25,0.05,115,0.6766233766233766,0.6230377632624587,0.5210097489002903,-0.09033502617302437,1.0,0.07255208190875732,0.019928391363614874,1.0,2.168693199999325,0.3202787999998691,2.764653800000815,
segment,P2_NoBlock,,ablation,clean,0.0,25,0.1,231,0.7116883116883117,0.6258476543381841,0.5286323307410622,-0.09214205288284258,1.0,0.06884587375314,0.019635471351939257,1.0,1.886731000000509,0.21389090000047872,5.135016700000051,
segment,P2_NoBlock,,ablation,clean,0.0,25,0.15,346,0.7281385281385281,0.6375959439154896,0.5450778264945696,-0.08483593831146759,1.0,0.06861567740622954,0.031440649804644984,1.0,1.6828931000000011,0.1987838000004558,7.27908109999953,
segment,P2_NoBlock,,ablation,clean,0.0,25,0.2,462,0.7311688311688311,0.6345116205914317,0.5439921698459889,-0.07709131395156794,1.0,0.06837358937664886,0.0510295603319455,1.0,1.3443128999988403,0.21540810000078636,9.08829650000007,
segment,P2_NoBlock,,ablation,clean,0.0,25,0.3,693,0.7606060606060606,0.6627981302984558,0.582843922515106,-0.0769903225624189,1.0,0.0685929325953876,0.0757312473925989,1.0,1.1664015999995172,0.21437220000007073,10.639458100000411,
segment,P2_NoBlock,,ablation,clean,0.0,26,0.05,115,0.5424242424242425,0.5717859394104696,0.437296123894681,-0.0910829023321841,1.0,0.07264540197220418,0.011967343563593894,1.0,2.0835931000001437,0.24750959999983024,2.633829300000798,
segment,P2_NoBlock,,ablation,clean,0.0,26,0.1,231,0.7203463203463204,0.6286369059266803,0.534215451738526,-0.08989626181174547,1.0,0.071512474617608,0.029956636796304364,1.0,1.9181386000000202,0.29267049999907613,5.121716600000582,
segment,P2_NoBlock,,ablation,clean,0.0,26,0.15,346,0.7350649350649351,0.6373492041185944,0.5470108897733058,-0.08898383392279287,1.0,0.06874601028577347,0.030118834061966124,0.991304347826087,1.554417999999714,0.29403109999839216,7.208125099999961,
segment,P2_NoBlock,,ablation,clean,0.0,26,0.2,462,0.7588744588744589,0.6525222320066607,0.5719372978143783,-0.07696250894496419,1.0,0.06871387971900313,0.04719981803380348,1.0,1.353926699999647,0.25821800000085204,9.106441699999777,
segment,P2_NoBlock,,ablation,clean,0.0,26,0.3,693,0.7632034632034632,0.6587494631660458,0.5789511253502326,-0.07620767527461944,1.0,0.06879865854796186,0.07476638989720893,1.0,1.1537456999994902,0.22034220000023197,10.6802013000015,
segment,P2_NoBlock,,ablation,clean,0.0,27,0.05,115,0.5874458874458874,0.5860173527053959,0.4541905250261786,-0.08775569971150946,1.0,0.07227827743958205,0.02037999709993908,0.9855072463768116,2.165161899998566,0.1341348999994807,2.6077942000010808,
segment,P2_NoBlock,,ablation,clean,0.0,27,0.1,231,0.6047619047619047,0.6100602672476662,0.4814927712660438,-0.083686668912704,1.0,0.06814793819322584,0.028185225113564603,1.0,1.9140049000016006,0.2880719000004319,5.278018400000292,
segment,P2_NoBlock,,ablation,clean,0.0,27,0.15,346,0.767965367965368,0.6597429473623282,0.5863569816620826,-0.08749624603653422,1.0,0.07078688951856847,0.020451410235863984,1.0,1.7515533000005234,0.4269631000006484,7.758704400001079,
segment,P2_NoBlock,,ablation,clean,0.0,27,0.2,462,0.7818181818181819,0.6688042155964025,0.6029219099171773,-0.08450552475181503,1.0,0.06926604997717004,0.03261255954752466,1.0,1.4195662000001903,0.33328589999837277,9.883925600001021,
segment,P2_NoBlock,,ablation,clean,0.0,27,0.3,693,0.7796536796536796,0.6730814329441108,0.6023533629673532,-0.07797933545140978,1.0,0.06931632895339017,0.0650553048605427,1.0,1.202536400000099,0.23441509999975096,11.486908100001529,
segment,P2_NoBlock,,ablation,clean,0.0,28,0.05,115,0.5385281385281385,0.530489815225671,0.4071113885369577,-0.08405935187059914,1.0,0.0746335015489693,0.021119424507564682,0.9855072463768116,2.0161447999998927,0.09003460000167252,2.2305560000004334,
segment,P2_NoBlock,,ablation,clean,0.0,28,0.1,231,0.6506493506493507,0.6045027138067804,0.509072868567358,-0.08108881300723289,1.0,0.07250278196266591,0.03612712386384392,1.0,1.907143399999768,0.1456979999984469,4.505875599999854,
segment,P2_NoBlock,,ablation,clean,0.0,28,0.15,346,0.7445887445887446,0.6399587973668165,0.5567443233482746,-0.09312667969923835,1.0,0.07296335654983792,0.041031859947396276,1.0,1.6694669999997132,0.137718699999823,6.50301170000057,
segment,P2_NoBlock,,ablation,clean,0.0,28,0.2,462,0.7619047619047619,0.6474938984281049,0.5728333947982097,-0.08521698405490556,1.0,0.06981658133413152,0.03857594401143128,0.9913793103448276,1.3557604999987234,0.22083569999995234,8.271191399999225,
segment,P2_NoBlock,,ablation,clean,0.0,28,0.3,693,0.7731601731601732,0.6647176198977002,0.5902922659975273,-0.08023725218168952,1.0,0.06994705849716461,0.06845651133681945,1.0,1.1176924999999756,0.17659959999946295,9.705702799999926,
segment,P2_NoBlock,,ablation,clean,0.0,29,0.05,115,0.5645021645021645,0.5533119018363172,0.4536364796211345,-0.09554041793199933,1.0,0.07176878378781903,0.018806639772912376,0.9855072463768116,2.0801492000009603,0.12995829999999842,2.351148400000966,
segment,P2_NoBlock,,ablation,clean,0.0,29,0.1,231,0.7376623376623377,0.6457022533878366,0.5573939215680835,-0.08745940668771442,1.0,0.07409163407151942,0.03146908534012087,1.0,2.0132016999996267,0.17262790000131645,4.795763699999952,
segment,P2_NoBlock,,ablation,clean,0.0,29,0.15,346,0.7666666666666667,0.6692302192665294,0.5848826638441572,-0.09177137045439254,1.0,0.0693320665279541,0.033022585813777074,1.0,1.6890719999992143,0.23260239999945043,6.880069200000435,
segment,P2_NoBlock,,ablation,clean,0.0,29,0.2,462,0.7722943722943723,0.6686469534267593,0.5870801926877972,-0.08684847680303595,1.0,0.06967428166439632,0.05188188908506362,0.9913793103448276,1.327584199998455,0.1735912999993161,8.541306400000394,
segment,P2_NoBlock,,ablation,clean,0.0,29,0.3,693,0.7805194805194805,0.6763140002674211,0.5948180825209901,-0.07748076260494433,1.0,0.06995805645781991,0.07308328533302164,1.0,1.2010586999986117,0.1617861000013363,10.07798670000011,
segment,P2_NoBlock,,ablation,clean,0.2,0,0.05,115,0.5818181818181818,0.5810805948386502,0.4477290697406667,-0.09262299337418911,1.0,0.07129965645775782,0.03196103736219639,0.9855072463768116,2.105915599999207,0.24836949999917124,2.636840099999972,
segment,P2_NoBlock,,ablation,clean,0.2,0,0.1,231,0.6571428571428571,0.5879784198718127,0.48309869390388577,-0.0861428163076989,1.0,0.06769298828377929,0.01850820944069454,1.0,2.037079800000356,0.20743539999966742,5.1989379999995435,
segment,P2_NoBlock,,ablation,clean,0.2,0,0.15,346,0.6575757575757576,0.5421153228972937,0.46176405301991225,-0.08931913762918023,1.0,0.06665827396699431,0.032887434508278045,1.0,1.6353211999994528,0.35043769999901997,7.4044403999996575,
segment,P2_NoBlock,,ablation,clean,0.2,0,0.2,462,0.6424242424242425,0.5212212612900502,0.4449034178873653,-0.08291168479843301,1.0,0.06723418605171388,0.05371255981604969,0.9913793103448276,1.355927699998574,0.19691570000031788,9.527949299999818,
segment,P2_NoBlock,,ablation,clean,0.2,0,0.3,693,0.7359307359307359,0.5520316388397547,0.5191049850470074,-0.07274292413654876,1.0,0.06539608995709238,0.10335930138701593,1.0,1.1741605999995954,0.363999999999578,11.255090599999676,
segment,P2_NoBlock,,ablation,clean,0.2,1,0.05,115,0.6904761904761905,0.578269856326196,0.5042809385332335,-0.09130361451849771,1.0,0.0726943501660228,0.017458957818154965,1.0,2.1152127999994264,0.25926739999886195,2.5825602000004437,
segment,P2_NoBlock,,ablation,clean,0.2,1,0.1,231,0.6748917748917749,0.5877008849753914,0.500303189378628,-0.08132099340057633,1.0,0.06707503894086458,0.02737786476954327,1.0,1.9079400999999052,0.24630059999981313,4.995140699998956,
segment,P2_NoBlock,,ablation,clean,0.2,1,0.15,346,0.6857142857142857,0.569343049596856,0.4947962883094415,-0.08853090057175021,1.0,0.0675770664023494,0.032626513944605535,1.0,1.557204200000342,0.2412533999995503,7.067227399998956,
segment,P2_NoBlock,,ablation,clean,0.2,1,0.2,462,0.7493506493506493,0.5869423139854214,0.5451701635759556,-0.08591393067614525,1.0,0.06650022749701258,0.07057384558316701,1.0,1.3876844999995228,0.2589845000002242,8.955209800000375,
segment,P2_NoBlock,,ablation,clean,0.2,1,0.3,693,0.7294372294372294,0.5513986075531431,0.5129144186983866,-0.07587049244571659,1.0,0.06586352898522048,0.10037407811413628,1.0,1.096312300000136,0.24244519999956538,10.435186699998667,
segment,P2_NoBlock,,ablation,clean,0.2,2,0.05,115,0.6619047619047619,0.6119738854207878,0.502191574549796,-0.0942196831981514,1.0,0.07244914577726479,0.019726358023741106,1.0,2.1799212000005355,0.28704039999865927,2.66634779999913,
segment,P2_NoBlock,,ablation,clean,0.2,2,0.1,231,0.6935064935064935,0.6214181776865544,0.539821580879685,-0.09357222207776757,1.0,0.07129891837534383,0.0233441132420784,1.0,1.9103847000005771,0.21870549999948707,5.117902799998774,
segment,P2_NoBlock,,ablation,clean,0.2,2,0.15,346,0.7952380952380952,0.6549855499267747,0.6139124804460182,-0.0838705262690885,1.0,0.0668301953045294,0.0375771663453385,1.0,1.7076360999999451,0.26237310000033176,7.423936799999865,
segment,P2_NoBlock,,ablation,clean,0.2,2,0.2,462,0.7541125541125541,0.6016260697589207,0.5509438909035508,-0.08231516103297402,1.0,0.06716571154002954,0.05665216604826242,1.0,1.2852535000001808,0.33421049999924435,9.239543699999558,
segment,P2_NoBlock,,ablation,clean,0.2,2,0.3,693,0.7571428571428571,0.5863391857457103,0.5536526797460329,-0.07632388200548111,1.0,0.06782868944817204,0.08547420710643538,1.0,1.1193989000003057,0.22581480000008014,10.763284200000271,
segment,P2_NoBlock,,ablation,clean,0.2,3,0.05,115,0.7406926406926407,0.6149939888006402,0.5429673192312034,-0.09592091609879957,1.0,0.07237070967171373,0.02466717439408277,1.0,2.196348499999658,0.17731770000136748,2.65696669999852,
segment,P2_NoBlock,,ablation,clean,0.2,3,0.1,231,0.767965367965368,0.659581076996245,0.5978451300510104,-0.09139095990614471,1.0,0.06620761280915562,0.02766417583762996,1.0,1.958622699999978,0.2691931999997905,5.254440799999429,
segment,P2_NoBlock,,ablation,clean,0.2,3,0.15,346,0.7554112554112554,0.6344624947907435,0.5737592886094923,-0.089692439709042,1.0,0.06772509812609208,0.03569069935344413,1.0,1.626776200000677,0.306726400000116,7.43916949999948,
segment,P2_NoBlock,,ablation,clean,0.2,3,0.2,462,0.7567099567099567,0.6186178966081983,0.5712943544065427,-0.08188993466518679,1.0,0.06743471957053472,0.061751401652793476,0.9913793103448276,1.3722811000006914,0.22982930000034685,9.30391039999995,
segment,P2_NoBlock,,ablation,clean,0.2,3,0.3,693,0.7567099567099567,0.5789604013193488,0.5522589607715684,-0.07434538070037011,1.0,0.06700953574158461,0.10116196434847756,1.0,1.182491999999911,0.19773449999956938,10.923901499998465,
segment,P2_NoBlock,,ablation,clean,0.2,4,0.05,115,0.6121212121212121,0.5422643469085874,0.44329971656459033,-0.09039022318490107,1.0,0.07514416581173848,0.02336731271594531,0.9855072463768116,2.1473131999991892,0.11466660000041884,2.4978286000005028,
segment,P2_NoBlock,,ablation,clean,0.2,4,0.1,231,0.7,0.5816800388609522,0.5035003765914207,-0.09512195887003512,1.0,0.067273080398429,0.022872570806076364,1.0,1.8948132999994414,0.20684579999942798,4.866219600000477,
segment,P2_NoBlock,,ablation,clean,0.2,4,0.15,346,0.7012987012987013,0.5631352848470149,0.4938833290046313,-0.08572897061110202,1.0,0.06781027948195793,0.036038962629573124,1.0,1.6300669000011112,0.28412070000013046,7.1137134000000515,
segment,P2_NoBlock,,ablation,clean,0.2,4,0.2,462,0.7627705627705628,0.6060967472436595,0.5668772386198135,-0.0842082103154977,1.0,0.06723520252360622,0.06888745265679161,1.0,1.3549127999995108,0.36247390000062296,9.111750500000198,
segment,P2_NoBlock,,ablation,clean,0.2,4,0.3,693,0.7532467532467533,0.5739330881413814,0.5437825498809391,-0.07713336701085524,1.0,0.06739491211360016,0.09577522315690859,1.0,1.2207612000001973,0.29846939999879396,11.14092729999902,
segment,P2_NoBlock,,ablation,clean,0.2,5,0.05,115,0.6147186147186147,0.5646224437954163,0.45563998201824324,-0.09495714350294175,1.0,0.07027845960226269,0.028034672598912572,0.9855072463768116,2.506625599999097,0.4171181000001525,3.14622319999944,
segment,P2_NoBlock,,ablation,clean,0.2,5,0.1,231,0.6519480519480519,0.573133458166341,0.4943654855739329,-0.09022766267859789,1.0,0.07155127485516391,0.030889241524965475,1.0,2.853272999998808,0.187148499999239,6.552191499999026,
segment,P2_NoBlock,,ablation,clean,0.2,5,0.15,346,0.7575757575757576,0.6178415870807287,0.5712177397231767,-0.08308192969788171,1.0,0.06899383722757085,0.040438521898624014,1.0,1.617248999998992,0.2720057000005909,8.698438800000076,
segment,P2_NoBlock,,ablation,clean,0.2,5,0.2,462,0.7601731601731602,0.6074374538252346,0.5679680718227331,-0.08364806489682192,1.0,0.06842844189879548,0.05472281558307864,0.9913793103448276,1.7076078000009147,0.24730909999925643,10.871897600000011,
segment,P2_NoBlock,,ablation,clean,0.2,5,0.3,693,0.7909090909090909,0.6116759316740926,0.5961076474020318,-0.07563843447332286,1.0,0.06803837878752987,0.08980149558850191,1.0,1.1761249999999563,0.19474240000090504,12.456994699999996,
segment,P2_NoBlock,,ablation,clean,0.2,6,0.05,115,0.7367965367965368,0.6540216631919096,0.5681608249660336,-0.0932900556088555,1.0,0.06871572877470739,0.023897979115636004,1.0,2.0783090999993874,0.272496499999761,2.6698345999993762,
segment,P2_NoBlock,,ablation,clean,0.2,6,0.1,231,0.7216450216450216,0.6263082727354307,0.551333630059675,-0.09068348659499842,1.0,0.06737037160295485,0.021006199774335512,1.0,1.9072682000005443,0.29074450000007346,5.189607700000124,
segment,P2_NoBlock,,ablation,clean,0.2,6,0.15,346,0.7675324675324675,0.634874448595752,0.5887749562407313,-0.08278971607766528,1.0,0.06732473555486765,0.03477263435254117,1.0,1.6579280000005383,0.39328410000052827,7.518899400000009,
segment,P2_NoBlock,,ablation,clean,0.2,6,0.2,462,0.7722943722943723,0.6226218952196194,0.5863160864565781,-0.07915340466563657,1.0,0.06618587499198246,0.06808822515624133,0.9913793103448276,1.3481173000000126,0.28190209999957005,9.582490900000266,
segment,P2_NoBlock,,ablation,clean,0.2,6,0.3,693,0.7761904761904762,0.5903620566191286,0.5715758424874557,-0.07513593936688191,1.0,0.06607291058632092,0.10495505744121464,1.0,1.1027665000001434,0.3625339000009262,11.228656299999784,
segment,P2_NoBlock,,ablation,clean,0.2,7,0.05,115,0.6965367965367966,0.5939542631342422,0.49934920192417526,-0.08289807048519746,1.0,0.07535354929397191,0.024875369346545204,1.0,2.2369216000006418,0.05902360000072804,2.5677660000001197,
segment,P2_NoBlock,,ablation,clean,0.2,7,0.1,231,0.6904761904761905,0.613293956205714,0.5259547856878323,-0.08642997696146777,1.0,0.06910045485591951,0.019802792113517025,1.0,1.891815899998619,0.2679549999993469,5.031371600000057,
segment,P2_NoBlock,,ablation,clean,0.2,7,0.15,346,0.7134199134199134,0.5771837959095669,0.5066188576010325,-0.08737213116402232,1.0,0.06747921290899635,0.03146460794489155,1.0,1.7018487000004825,0.3258956000008766,7.419030900000507,
segment,P2_NoBlock,,ablation,clean,0.2,7,0.2,462,0.7220779220779221,0.5719362054815403,0.5119322269584278,-0.08415757032268786,1.0,0.06863051716922344,0.048699924944187935,0.9913793103448276,1.403644500000155,0.32415339999897697,9.403408000000127,
segment,P2_NoBlock,,ablation,clean,0.2,7,0.3,693,0.7493506493506493,0.5735632810275642,0.5358858501042165,-0.07312438705372581,1.0,0.0675886385316219,0.09212975008663818,1.0,1.202557100001286,0.20299100000011094,11.012028799999825,
segment,P2_NoBlock,,ablation,clean,0.2,8,0.05,115,0.6190476190476191,0.5842141946738346,0.4663241696030609,-0.09241276283776093,1.0,0.0695087228292369,0.01898675323606037,0.9855072463768116,2.101435999999012,0.20720669999900565,2.6854342000006,
segment,P2_NoBlock,,ablation,clean,0.2,8,0.1,231,0.6658008658008658,0.5711685529855858,0.47380889593159387,-0.08866454619878657,1.0,0.06683965759384919,0.03894949946246356,1.0,1.9045115999997506,0.29977770000004966,5.167855199999394,
segment,P2_NoBlock,,ablation,clean,0.2,8,0.15,346,0.6722943722943723,0.5682277338907786,0.48033025799940904,-0.08825137060256456,1.0,0.06805238557787614,0.03296003921282864,1.0,1.627678200000446,0.30995249999978114,7.370535600000949,
segment,P2_NoBlock,,ablation,clean,0.2,8,0.2,462,0.7238095238095238,0.5750724287604954,0.5167986647363932,-0.08257986505738969,1.0,0.06779963724864753,0.061098812029953556,0.9913793103448276,1.3491248999998788,0.21275089999835473,9.283054800000173,
segment,P2_NoBlock,,ablation,clean,0.2,8,0.3,693,0.7294372294372294,0.5798396468493209,0.5364318611390101,-0.07320666705858492,1.0,0.06717745898472947,0.09433393219508648,1.0,1.2057041999996727,0.34671309999976074,11.433130499999606,
segment,P2_NoBlock,,ablation,clean,0.2,9,0.05,115,0.567965367965368,0.5700292940728258,0.4424484931889204,-0.09285884156293389,1.0,0.07373809514545863,0.023042054106793164,1.0,2.0745262000000366,0.14078100000006089,2.4921388999991905,
segment,P2_NoBlock,,ablation,clean,0.2,9,0.1,231,0.7692640692640693,0.6500807088700892,0.5937217346952727,-0.08095774201192625,1.0,0.0665298703297643,0.03736633022956044,1.0,2.031130299999859,0.2730540000011388,5.114238699999987,
segment,P2_NoBlock,,ablation,clean,0.2,9,0.15,346,0.7696969696969697,0.6321402460524118,0.585730533092323,-0.08750347007123623,1.0,0.06876644269892336,0.032338519115095214,1.0,1.6433988999997382,0.2666716000003362,7.313133599998764,
segment,P2_NoBlock,,ablation,clean,0.2,9,0.2,462,0.7515151515151515,0.6291321785819757,0.5742013752238379,-0.07824681572371792,1.0,0.0680842586575431,0.06168823164079503,1.0,1.3719765000005282,0.30310669999926176,9.555980399998589,
segment,P2_NoBlock,,ablation,clean,0.2,9,0.3,693,0.7692640692640693,0.5898095269861483,0.564194131157248,-0.07808985426264388,1.0,0.06793560734891274,0.07576517123696813,1.0,1.0906058000000485,0.4371286000005057,11.327452099998482,
segment,P2_NoBlock,,ablation,clean,0.2,10,0.05,115,0.6887445887445888,0.5679564220531675,0.4898772819683988,-0.09507790041194228,1.0,0.07267116489296231,0.02217812321269762,1.0,2.2020795999997063,0.2554569000003539,2.7491449999997712,
segment,P2_NoBlock,,ablation,clean,0.2,10,0.1,231,0.7173160173160174,0.5900159977248971,0.5186735377115236,-0.08530811374161529,1.0,0.06475868530481657,0.03830213702801249,1.0,2.020423199999641,0.3176392000004853,5.391043799998442,
segment,P2_NoBlock,,ablation,clean,0.2,10,0.15,346,0.8043290043290043,0.6592741691519448,0.6309521583542378,-0.085125317224424,1.0,0.06668066686458989,0.04214047159237994,1.0,1.6083232000000862,0.3068364000009751,7.644313999999213,
segment,P2_NoBlock,,ablation,clean,0.2,10,0.2,462,0.7852813852813852,0.6353194343764871,0.6063440355975247,-0.08781571737506327,1.0,0.06642869208189629,0.0510817830428928,1.0,1.3542118999994273,0.2910444000008283,9.54985349999879,
segment,P2_NoBlock,,ablation,clean,0.2,10,0.3,693,0.7692640692640693,0.5940323693824713,0.5727993384317646,-0.08142717550905587,1.0,0.06664088122893276,0.09869851659205937,1.0,1.1011536000005435,0.2635566999997536,11.090124799999103,
segment,P2_NoBlock,,ablation,clean,0.2,11,0.05,115,0.5792207792207792,0.5538547997459361,0.43190713799877317,-0.09247528696845195,1.0,0.07619133033564852,0.020876111394092844,0.9855072463768116,2.0671070000007603,0.11047990000042773,2.41310650000014,
segment,P2_NoBlock,,ablation,clean,0.2,11,0.1,231,0.7614718614718615,0.6378371944108149,0.5776528416155572,-0.0965548676142547,1.0,0.06616098033912624,0.021591480810841845,1.0,1.8940301000002364,0.18083539999861387,4.745367499999702,
segment,P2_NoBlock,,ablation,clean,0.2,11,0.15,346,0.7610389610389611,0.6254979534438487,0.5720574739723797,-0.09171900066522895,1.0,0.06911778393644406,0.030494141176623163,1.0,1.6886404999986553,0.23323749999872234,6.866496599999664,
segment,P2_NoBlock,,ablation,clean,0.2,11,0.2,462,0.7562770562770563,0.6084846765314124,0.5608034186701312,-0.07838069381020948,1.0,0.06873896735400792,0.05528993904313932,1.0,1.3366726999993261,0.18284219999986817,8.533873100001074,
segment,P2_NoBlock,,ablation,clean,0.2,11,0.3,693,0.7705627705627706,0.586737020389535,0.5661245594057964,-0.0781789682737673,1.0,0.06842820028990476,0.08780772837980032,1.0,1.118011499998829,0.17954339999960212,10.029496000001018,
segment,P2_NoBlock,,ablation,clean,0.2,12,0.05,115,0.6865800865800866,0.6284889051955457,0.5183144732843219,-0.09279843163210538,1.0,0.07493281097390665,0.02725618322575957,1.0,2.1866258999998536,0.10338880000017525,2.495813300000009,
segment,P2_NoBlock,,ablation,clean,0.2,12,0.1,231,0.6753246753246753,0.6082795498393616,0.524785417289138,-0.08756319616870797,1.0,0.07002094774791945,0.025458383317456593,1.0,1.9893057000008412,0.16863349999948696,4.98764250000022,
segment,P2_NoBlock,,ablation,clean,0.2,12,0.15,346,0.6735930735930736,0.5886276741975927,0.5135114018343204,-0.08934172221817961,1.0,0.06986574948812727,0.03985722817623222,1.0,1.6340199000005668,0.33035039999958826,7.170227100001284,
segment,P2_NoBlock,,ablation,clean,0.2,12,0.2,462,0.6805194805194805,0.5828380225267209,0.5104358685335295,-0.0764866767885133,1.0,0.06904928399205666,0.06399153746790161,0.9913793103448276,1.3947625000000698,0.22049739999965823,9.015591999999742,
segment,P2_NoBlock,,ablation,clean,0.2,12,0.3,693,0.7454545454545455,0.5957993246379885,0.5480270097722862,-0.0730891971322238,1.0,0.06828679386001521,0.0971113376110859,0.9913419913419913,1.1393926000000647,0.18742489999931422,10.73400589999983,
segment,P2_NoBlock,,ablation,clean,0.2,13,0.05,115,0.6142857142857143,0.5784196289999587,0.48574080406613585,-0.09563019538046381,1.0,0.0724285081188215,0.02061453646618398,1.0,2.1301648000007845,0.22712959999989835,2.536319699998785,
segment,P2_NoBlock,,ablation,clean,0.2,13,0.1,231,0.6995670995670996,0.5712032237666179,0.4985793875752922,-0.08162684904540427,1.0,0.07166191050172509,0.03000371461087555,1.0,2.0200067999994644,0.16436810000050173,5.013740599999437,
segment,P2_NoBlock,,ablation,clean,0.2,13,0.15,346,0.6991341991341992,0.5563730470355307,0.4919812232107731,-0.08558523497660026,1.0,0.06801126676669361,0.029493764477651358,1.0,1.6714464999986376,0.2304559000003792,7.125396699999328,
segment,P2_NoBlock,,ablation,clean,0.2,13,0.2,462,0.6930735930735931,0.5360275745971608,0.4798131129529081,-0.0741475859034707,1.0,0.06729490773513012,0.06366366274442535,1.0,1.322406499999488,0.2430079999994632,8.870344499999192,
segment,P2_NoBlock,,ablation,clean,0.2,13,0.3,693,0.6995670995670996,0.526987000412776,0.48425823789223804,-0.0694376571876379,1.0,0.0663945310141467,0.0974282957761894,1.0,1.1463733000000502,0.17290690000118047,10.376643999999942,
segment,P2_NoBlock,,ablation,clean,0.2,14,0.05,115,0.693939393939394,0.6027895272189316,0.5283853322610601,-0.09307807966890481,1.0,0.07250594340321169,0.023397063072541857,1.0,2.1716430999986187,0.28422280000086175,2.638473000000886,
segment,P2_NoBlock,,ablation,clean,0.2,14,0.1,231,0.6502164502164502,0.5845520564479338,0.4878009859644416,-0.08963647304032533,1.0,0.066757322761934,0.024699847301498087,1.0,1.9701934999993682,0.16479579999941052,5.1027133999996295,
segment,P2_NoBlock,,ablation,clean,0.2,14,0.15,346,0.6835497835497836,0.5724004987466011,0.4994043834995954,-0.08778769197404439,1.0,0.06687357348665217,0.03680873950674697,1.0,1.719459400001142,0.345336700000189,7.405028099999981,
segment,P2_NoBlock,,ablation,clean,0.2,14,0.2,462,0.712987012987013,0.5757600378210517,0.5168275921405509,-0.0807211507660246,1.0,0.06567829217358886,0.06315579151130653,1.0,1.6722181999994064,0.21342990000084683,9.662569300000541,
segment,P2_NoBlock,,ablation,clean,0.2,14,0.3,693,0.7303030303030303,0.5606853986057749,0.5224205920264255,-0.07240398476841546,1.0,0.06507485654416044,0.11254927304307685,1.0,1.1539991999998165,0.25642769999831216,11.325085500000569,
segment,P2_NoBlock,,ablation,clean,0.2,15,0.05,115,0.5844155844155844,0.5676053847016237,0.44260000319323783,-0.0867840828714768,1.0,0.06833284610012019,0.027950274569919772,0.9855072463768116,2.2663262999994913,0.33983310000076017,3.3376174999993964,
segment,P2_NoBlock,,ablation,clean,0.2,15,0.1,231,0.7554112554112554,0.6458969066789806,0.5782014996884449,-0.09313462232441914,1.0,0.06635724534461653,0.022603211510209692,1.0,2.0559671000009985,0.2217542999987927,5.967644199999995,
segment,P2_NoBlock,,ablation,clean,0.2,15,0.15,346,0.703030303030303,0.5903035744424171,0.5179393368515567,-0.09594490964669897,1.0,0.06679510217775324,0.028984790995574595,1.0,1.6749431999996887,0.29811850000078266,8.255333499999324,
segment,P2_NoBlock,,ablation,clean,0.2,15,0.2,462,0.7437229437229437,0.6082196884679255,0.5566867930328921,-0.0793659096908493,1.0,0.06778026391074457,0.04837499108599202,0.9913793103448276,1.4083827000013116,0.3055002000000968,10.097204600000623,
segment,P2_NoBlock,,ablation,clean,0.2,15,0.3,693,0.7229437229437229,0.5643138754294826,0.5194001411450306,-0.07539933084530051,1.0,0.06714625186894424,0.08649461488771812,1.0,1.1632105999997293,0.134519299999738,11.526372199999969,
segment,P2_NoBlock,,ablation,clean,0.2,16,0.05,115,0.6826839826839827,0.5856358070628417,0.49505013602978976,-0.08375089026108108,1.0,0.07200130072998265,0.020956594208316907,1.0,2.1456421000002592,0.18320259999927657,2.4812144999996235,
segment,P2_NoBlock,,ablation,clean,0.2,16,0.1,231,0.7112554112554113,0.6169090368731971,0.5520886238285767,-0.08882997074166275,1.0,0.06769112954053579,0.025758666844194242,1.0,1.9648458000010578,0.18095179999909305,4.889677999999549,
segment,P2_NoBlock,,ablation,clean,0.2,16,0.15,346,0.6917748917748918,0.5915416899717747,0.52858861655481,-0.0821055561860116,1.0,0.06671606550806769,0.0350210047454788,1.0,1.6876941999998962,0.25071420000131184,7.262806499998987,
segment,P2_NoBlock,,ablation,clean,0.2,16,0.2,462,0.7238095238095238,0.5902868830992457,0.5388297102629045,-0.08330367606327381,1.0,0.06566914272045142,0.06473200558321231,0.9913793103448276,1.362720299999637,0.35718030000134604,9.313538700000208,
segment,P2_NoBlock,,ablation,clean,0.2,16,0.3,693,0.7515151515151515,0.5767948878439494,0.5468102755634237,-0.07551234903270244,1.0,0.06559376638956933,0.10176986917802706,1.0,1.2370004999993398,0.3760941999989882,11.119796499999211,
segment,P2_NoBlock,,ablation,clean,0.2,17,0.05,115,0.6627705627705628,0.5840537326825351,0.4930867713331466,-0.09297213837573855,1.0,0.0739243396874426,0.023440121516862925,1.0,2.1980192999999417,0.17086789999848406,2.543230000001131,
segment,P2_NoBlock,,ablation,clean,0.2,17,0.1,231,0.7528138528138528,0.6385371567139141,0.575900786713784,-0.08619429123860765,1.0,0.06648633271515955,0.023080023569377113,1.0,1.9866602000001876,0.13867430000027525,4.91240149999976,
segment,P2_NoBlock,,ablation,clean,0.2,17,0.15,346,0.7415584415584415,0.5989697491503215,0.547589541608904,-0.08253703203715383,1.0,0.06715992260136332,0.03619936295142995,1.0,1.7087685000005877,0.23812439999892376,7.197841100000005,
segment,P2_NoBlock,,ablation,clean,0.2,17,0.2,462,0.732034632034632,0.5848946837963931,0.5353245004650421,-0.07694039999444105,1.0,0.06642421553360638,0.06317954088328008,0.9913793103448276,1.339318499998626,0.37735629999951925,9.346395900000061,
segment,P2_NoBlock,,ablation,clean,0.2,17,0.3,693,0.7242424242424242,0.5456339400707652,0.5080621888835581,-0.07422449925715996,1.0,0.06608391261942113,0.1042977432375083,1.0,1.1881783999997424,0.3590564000005543,11.154560799999672,
segment,P2_NoBlock,,ablation,clean,0.2,18,0.05,115,0.6731601731601732,0.5979204768542512,0.5006763841892442,-0.09229422489867113,1.0,0.06949565352053419,0.016801232110536662,0.9855072463768116,2.1624749999991764,0.1798092999997607,2.4845908999996027,
segment,P2_NoBlock,,ablation,clean,0.2,18,0.1,231,0.6783549783549784,0.5846329516912921,0.4918467952486282,-0.09137076637781837,1.0,0.06822570362883178,0.021305561749726094,1.0,1.9813573000010365,0.12427470000147878,4.75824669999929,
segment,P2_NoBlock,,ablation,clean,0.2,18,0.15,346,0.6878787878787879,0.5760616933397474,0.4949674275149091,-0.09177914916814407,1.0,0.06846710600580302,0.03301199735104318,1.0,1.6044237999994948,0.1567412999993394,6.8807985999992525,
segment,P2_NoBlock,,ablation,clean,0.2,18,0.2,462,0.7389610389610389,0.5834173011630611,0.5330700160637173,-0.0786307515548886,1.0,0.06709912046444674,0.06973707450864178,0.9913793103448276,1.3913210000009713,0.31065599999965343,8.904807299999447,
segment,P2_NoBlock,,ablation,clean,0.2,18,0.3,693,0.7411255411255411,0.5816853584339049,0.5382183160369354,-0.07255512187365695,1.0,0.06684937674332517,0.09645442729343796,1.0,1.1895728999988933,0.2363534999985859,10.76040329999887,
segment,P2_NoBlock,,ablation,clean,0.2,19,0.05,115,0.6727272727272727,0.6003038621678153,0.5009908511018273,-0.08703832397140644,1.0,0.06824697363107395,0.018459987403915346,0.9855072463768116,2.185158700000102,0.2635018000000855,2.6534200000005512,
segment,P2_NoBlock,,ablation,clean,0.2,19,0.1,231,0.7554112554112554,0.6527993598892814,0.5848637357473606,-0.08617630248587084,1.0,0.06742691271571236,0.02236916502841521,1.0,1.9710682000004454,0.19055379999917932,5.122755200000029,
segment,P2_NoBlock,,ablation,clean,0.2,19,0.15,346,0.7164502164502164,0.6024776599609071,0.5278203648738812,-0.08263266310525509,1.0,0.06657247851396422,0.03964356865986467,1.0,1.6622315000004164,0.3146961000002193,7.416892999999618,
segment,P2_NoBlock,,ablation,clean,0.2,19,0.2,462,0.7393939393939394,0.6119306160326846,0.5562454173097513,-0.07839511362133336,1.0,0.06570659882057804,0.07119651580355216,0.9913793103448276,1.3473997999990388,0.3621920000005048,9.433745899999849,
segment,P2_NoBlock,,ablation,clean,0.2,19,0.3,693,0.7372294372294372,0.5859261155692554,0.5432390982916696,-0.07390359167741888,1.0,0.06637153594218945,0.10578650348108923,1.0,1.1141927000007854,0.24768869999934395,10.993108399999983,
segment,P2_NoBlock,,ablation,clean,0.2,20,0.05,115,0.7012987012987013,0.6113755251489786,0.5192515390414292,-0.09119362154305555,1.0,0.06993079554479324,0.018653771940193686,1.0,1.9760923999983788,0.2535357999986445,2.4695835999991687,
segment,P2_NoBlock,,ablation,clean,0.2,20,0.1,231,0.7554112554112554,0.6433404194170392,0.5767892658238907,-0.09067777480140102,1.0,0.06804603416223699,0.019230047596620052,1.0,1.8780501000001095,0.1938824000008026,4.877851900000678,
segment,P2_NoBlock,,ablation,clean,0.2,20,0.15,346,0.7883116883116883,0.6390795674438664,0.6071613649408195,-0.09132248317404715,1.0,0.06679427742358937,0.03313625570390375,1.0,1.579477199999019,0.38798709999900893,7.198866400000043,
segment,P2_NoBlock,,ablation,clean,0.2,20,0.2,462,0.7705627705627706,0.6075398209364161,0.5785656678696535,-0.08404352754014068,1.0,0.06750902060346624,0.04952236680110465,1.0,1.3114771999989898,0.3516032000006817,9.112803899999562,
segment,P2_NoBlock,,ablation,clean,0.2,20,0.3,693,0.7541125541125541,0.5713748526044106,0.5490722520726184,-0.07490347402528935,1.0,0.0675949948554238,0.08570520999696025,1.0,1.2194511999987299,0.22291450000011537,10.751515800000561,
segment,P2_NoBlock,,ablation,clean,0.2,21,0.05,115,0.7017316017316018,0.5870261932237248,0.4994255852651497,-0.09579048169171958,1.0,0.07246868654860834,0.01646205780324395,1.0,2.120280200000707,0.31039400000008754,2.856622699999207,
segment,P2_NoBlock,,ablation,clean,0.2,21,0.1,231,0.7523809523809524,0.6228392144887346,0.5575448335335774,-0.08994434752390393,1.0,0.06840187572733508,0.01994001743029102,1.0,1.9357897999998386,0.29283769999892684,5.323434599999018,
segment,P2_NoBlock,,ablation,clean,0.2,21,0.15,346,0.7519480519480519,0.6056844724851537,0.5535870602689303,-0.08653270397356054,1.0,0.06675079176357986,0.04778409356182533,1.0,1.6633715999996639,0.28751240000019607,7.533024000000296,
segment,P2_NoBlock,,ablation,clean,0.2,21,0.2,462,0.7606060606060606,0.619749316258676,0.5718157387945598,-0.07642930967450921,1.0,0.0663347891725656,0.07799206493326682,0.9913793103448276,1.2862241999991966,0.23795760000029986,9.200268399999914,
segment,P2_NoBlock,,ablation,clean,0.2,21,0.3,693,0.7480519480519481,0.5883774571685795,0.5460639705409375,-0.07537212276018579,1.0,0.06793363141697131,0.08417636908879798,1.0,1.1288436000013462,0.1348178000007465,10.585180000000037,
segment,P2_NoBlock,,ablation,clean,0.2,22,0.05,115,0.6948051948051948,0.6201493128259735,0.5248643715052983,-0.0942594033214651,1.0,0.06969477009884713,0.0366918981253758,0.9855072463768116,2.149453599999106,0.2912089000001288,2.568742800000109,
segment,P2_NoBlock,,ablation,clean,0.2,22,0.1,231,0.7220779220779221,0.6507908089610386,0.5881839074519156,-0.09396070692434998,1.0,0.06665584481282699,0.026864639343995626,1.0,1.9465712000001076,0.14021719999982452,4.966190500001176,
segment,P2_NoBlock,,ablation,clean,0.2,22,0.15,346,0.7913419913419913,0.6483663136224049,0.6030204438041852,-0.08450538586788725,1.0,0.06644023020651786,0.04878449666442503,1.0,1.5684363000000303,0.3085561999996571,7.145526500000415,
segment,P2_NoBlock,,ablation,clean,0.2,22,0.2,462,0.7779220779220779,0.6209675841100174,0.5855422302214291,-0.08900448864949527,1.0,0.06670819379647391,0.05478797354352219,0.9913793103448276,1.3558226999994076,0.30696809999972174,8.970800600000075,
segment,P2_NoBlock,,ablation,clean,0.2,22,0.3,693,0.7961038961038961,0.6246830664216552,0.6112760687002612,-0.07214602361935499,1.0,0.0671145122188904,0.09557656140283559,1.0,1.1262178999986645,0.14674469999954454,10.466883500001131,
segment,P2_NoBlock,,ablation,clean,0.2,23,0.05,115,0.6095238095238096,0.5514289907462232,0.4520856888898747,-0.09031133614932627,1.0,0.07545519145714971,0.026237671239938695,0.9855072463768116,2.110883900000772,0.08116730000074313,2.343258299999434,
segment,P2_NoBlock,,ablation,clean,0.2,23,0.1,231,0.719047619047619,0.5957333575136832,0.5242746877487567,-0.08863409494790954,1.0,0.07082126898646653,0.02349769103075856,1.0,1.9195990999996866,0.16756290000012086,4.619520700000066,
segment,P2_NoBlock,,ablation,clean,0.2,23,0.15,346,0.70995670995671,0.5718699697211527,0.5101260382300092,-0.08394819677333994,1.0,0.06861290887795804,0.03630840729769548,1.0,1.6705686999994214,0.21287780000056955,6.85163939999984,
segment,P2_NoBlock,,ablation,clean,0.2,23,0.2,462,0.7454545454545455,0.602642434852259,0.5509797341088298,-0.07537637063877473,1.0,0.06672255770407637,0.07496106964383893,0.9913793103448276,1.3732559999989462,0.3165396000003966,8.806280200000401,
segment,P2_NoBlock,,ablation,clean,0.2,23,0.3,693,0.7714285714285715,0.5797671863194017,0.5614176010560752,-0.07561909609037026,1.0,0.06777286747040301,0.08687268961323016,1.0,1.1638041000005614,0.26470159999917087,10.503888999999617,
segment,P2_NoBlock,,ablation,clean,0.2,24,0.05,115,0.6948051948051948,0.5608855115103782,0.4884045187074937,-0.08204949688494458,1.0,0.07203830515336006,0.033328888740305984,1.0,2.3568083999998635,0.15838960000110092,2.7858280000000377,
segment,P2_NoBlock,,ablation,clean,0.2,24,0.1,231,0.6285714285714286,0.5476283479588893,0.4554790165951182,-0.08595779553108711,1.0,0.0656768467092922,0.03331351346608463,1.0,1.92284970000037,0.26323779999984254,5.2621963000001415,
segment,P2_NoBlock,,ablation,clean,0.2,24,0.15,346,0.7519480519480519,0.599152739816527,0.5532140985404514,-0.07862518084480609,1.0,0.06337940967782144,0.04682736265411611,1.0,1.631245199998375,0.24209940000037022,7.310942199999772,
segment,P2_NoBlock,,ablation,clean,0.2,24,0.2,462,0.7489177489177489,0.5889118750644872,0.5476078186123242,-0.08403718682098237,1.0,0.06718247702116235,0.06065590941468248,1.0,1.376599900000656,0.19579410000005737,9.230050999998639,
segment,P2_NoBlock,,ablation,clean,0.2,24,0.3,693,0.7329004329004329,0.5494313874788775,0.5171970186655022,-0.0748148048936126,1.0,0.06597360481821643,0.09520442755657009,1.0,1.1188235999998142,0.3066106000005675,10.817371899998761,
segment,P2_NoBlock,,ablation,clean,0.2,25,0.05,115,0.7095238095238096,0.6209619711692036,0.5494761415046095,-0.09205223588565252,1.0,0.07153245083277456,0.024169423901060447,1.0,2.1293447999996715,0.3297375000001921,2.7510124999989785,
segment,P2_NoBlock,,ablation,clean,0.2,25,0.1,231,0.7761904761904762,0.6519490321280935,0.6011836479939757,-0.08539039417999807,1.0,0.06664423357156932,0.02487133893903733,1.0,1.993207399998937,0.2690210000000661,5.313571599999705,
segment,P2_NoBlock,,ablation,clean,0.2,25,0.15,346,0.7792207792207793,0.6330103612020277,0.595480420665858,-0.08688358270608007,1.0,0.0688011384050343,0.03859394906123281,0.991304347826087,1.622752599998421,0.3050566000001709,7.449311399999715,
segment,P2_NoBlock,,ablation,clean,0.2,25,0.2,462,0.7722943722943723,0.6072887008180935,0.5778190433144348,-0.07316596841569294,1.0,0.0678746976412603,0.06344693155909553,1.0,1.3904502000004868,0.21150810000108322,9.248192399998516,
segment,P2_NoBlock,,ablation,clean,0.2,25,0.3,693,0.7670995670995671,0.5805895201727618,0.5637682273087135,-0.07561183340079865,1.0,0.06705296367344765,0.09908193249767094,1.0,1.1590964000006352,0.16051259999949252,10.72109669999918,
segment,P2_NoBlock,,ablation,clean,0.2,26,0.05,115,0.6541125541125541,0.5698768077012922,0.48972830028714454,-0.09181468504416009,1.0,0.07265662350298863,0.013747074005264402,1.0,2.16174829999909,0.25274809999973513,2.704537999999957,
segment,P2_NoBlock,,ablation,clean,0.2,26,0.1,231,0.651082251082251,0.5863434631380798,0.49275512810715644,-0.09123196978021113,1.0,0.06904308083795833,0.03531438502371449,1.0,1.8967645000011544,0.23807340000166732,5.053517700000157,
segment,P2_NoBlock,,ablation,clean,0.2,26,0.15,346,0.6480519480519481,0.5692526776525418,0.48441182504056646,-0.08575939138812777,1.0,0.06778331004903389,0.04008780466148317,1.0,1.5780044999992242,0.20320429999992484,7.2639667999992525,
segment,P2_NoBlock,,ablation,clean,0.2,26,0.2,462,0.6813852813852814,0.5727748275009928,0.5028017552129765,-0.08543636687035526,1.0,0.06675623549229522,0.06192114289687378,1.0,1.3122235999999248,0.2825202999993053,9.222738399999798,
segment,P2_NoBlock,,ablation,clean,0.2,26,0.3,693,0.7532467532467533,0.5850047889688847,0.5538650763171221,-0.07353381600370267,1.0,0.0660076924677509,0.10201235416651735,1.0,1.0707855999989988,0.3395892999997159,10.791999999999462,
segment,P2_NoBlock,,ablation,clean,0.2,27,0.05,115,0.6861471861471862,0.5938097128658311,0.5010445008491934,-0.08749010383181702,1.0,0.07217489618579138,0.021298669059459048,0.9855072463768116,2.07342730000164,0.10291719999986526,2.287003499999628,
segment,P2_NoBlock,,ablation,clean,0.2,27,0.1,231,0.7510822510822511,0.6556282082496119,0.6026110504153359,-0.08617740038921719,1.0,0.06831772236507455,0.01898255199073152,1.0,1.922328299999208,0.10219370000049821,4.693766000000323,
segment,P2_NoBlock,,ablation,clean,0.2,27,0.15,346,0.7238095238095238,0.6256165910382168,0.5758542728064007,-0.08158886898018311,1.0,0.06651541039194828,0.04070341982465593,1.0,1.6776615000017046,0.31658619999871007,7.002673000000868,
segment,P2_NoBlock,,ablation,clean,0.2,27,0.2,462,0.7134199134199134,0.5959022627150982,0.5510237147066244,-0.07774434027998015,1.0,0.06603399193032329,0.06761104697417564,0.9913793103448276,1.345391999999265,0.3399537000004784,9.018399700000373,
segment,P2_NoBlock,,ablation,clean,0.2,27,0.3,693,0.7619047619047619,0.593004265535615,0.5681547821556144,-0.07437789014131613,1.0,0.06625374520878768,0.0987926556152202,1.0,1.1415259999994305,0.30423589999918477,10.78713389999939,
segment,P2_NoBlock,,ablation,clean,0.2,28,0.05,115,0.6155844155844156,0.5620789132794901,0.46826531413419376,-0.08874638835772136,1.0,0.07484670735563455,0.021433973849567696,0.9855072463768116,2.1735795000004146,0.12176300000101037,2.5428398000003654,
segment,P2_NoBlock,,ablation,clean,0.2,28,0.1,231,0.6926406926406926,0.5609494430085707,0.49611976792466006,-0.08979734916775961,1.0,0.07182554368379118,0.03032207993043355,1.0,2.0138361000008445,0.2649428999993688,5.008795899999313,
segment,P2_NoBlock,,ablation,clean,0.2,28,0.15,346,0.7294372294372294,0.5866513392401418,0.5329148199419872,-0.08586224853327808,1.0,0.06738081776857838,0.03481164321989721,1.0,1.6108335999997507,0.15859749999981432,7.036621100000048,
segment,P2_NoBlock,,ablation,clean,0.2,28,0.2,462,0.7376623376623377,0.5818194136517056,0.5378395201936103,-0.07952084562060674,1.0,0.06718520344513071,0.06216817010601763,0.9913793103448276,1.3562388999998802,0.26815330000135873,8.928904099999272,
segment,P2_NoBlock,,ablation,clean,0.2,28,0.3,693,0.7532467532467533,0.5784095444676228,0.5522206155357409,-0.07282614359112073,1.0,0.06655780719434244,0.10063128522216476,1.0,1.115677499999947,0.19051860000035958,10.402083699998911,
segment,P2_NoBlock,,ablation,clean,0.2,29,0.05,115,0.6974025974025974,0.5914211412625758,0.5146456906510113,-0.09345727572618787,1.0,0.07228891117966021,0.018977328977766585,1.0,2.1805818999982876,0.365964200000235,2.802501200001643,
segment,P2_NoBlock,,ablation,clean,0.2,29,0.1,231,0.69004329004329,0.5911625605841395,0.503419791406538,-0.09536553323336705,1.0,0.06593810964318818,0.029576208291627902,1.0,1.8861524000003556,0.24673120000079507,5.242336400000568,
segment,P2_NoBlock,,ablation,clean,0.2,29,0.15,346,0.6878787878787879,0.5784033654121423,0.4965264105591129,-0.08772663435400654,1.0,0.06873363763828387,0.030210288877342128,1.0,1.6587080000008427,0.3139874000007694,7.520691100000477,
segment,P2_NoBlock,,ablation,clean,0.2,29,0.2,462,0.7194805194805195,0.5708818009009311,0.5102731728757927,-0.08050377515295207,1.0,0.06789631237704644,0.06091960215664685,0.9913793103448276,1.3804141000000527,0.3141092000005301,9.623530100001517,
segment,P2_NoBlock,,ablation,clean,0.2,29,0.3,693,0.6922077922077922,0.5267003991583357,0.4711142366841518,-0.06870258613522238,1.0,0.06669971292349591,0.09751263833776268,1.0,1.1671575000000303,0.33419209999919985,11.337671000001137,
